# Blender 4.0.2
# www.blender.org
mtllib HipCouplingLeft.mtl
o HipCouplingLeft
v -0.008144 0.041455 -0.008240
v -0.008058 0.055051 0.007708
v -0.008100 0.050901 0.000633
v -0.013916 0.058116 0.019462
v -0.013753 0.056832 0.012423
v -0.013780 0.051592 0.001114
v -0.010024 0.053295 0.004014
v -0.009956 0.049762 -0.001266
v -0.013735 0.042358 -0.007755
v -0.009983 0.035116 -0.011565
v 0.010020 0.055625 0.008693
v 0.009959 0.057624 0.016111
v 0.013811 0.033787 -0.011956
v 0.013779 0.050016 -0.001014
v 0.009947 0.050090 -0.000918
v 0.013767 0.039737 -0.009365
v 0.013882 0.058099 0.019516
v 0.013785 0.056550 0.011082
v 0.015582 0.033104 -0.012363
v 0.015706 0.044341 -0.006120
v 0.015702 0.054128 0.005547
v -0.005034 0.036156 0.005698
v 0.005998 0.045853 0.006392
v 0.004408 0.042879 0.005565
v 0.004449 0.049158 0.007499
v 0.006266 0.055766 0.013023
v 0.008160 0.057467 0.015183
v 0.008062 0.061201 0.028409
v 0.008130 0.060738 0.022582
v 0.004495 0.061463 0.027827
v 0.004939 0.036165 0.005727
v 0.009995 0.060945 0.028910
v 0.013823 0.059752 0.030263
v 0.014015 0.059641 0.023989
v 0.009992 0.060108 0.021364
v 0.017906 0.056652 0.021216
v 0.018007 0.047152 0.010597
v 0.015614 0.059192 0.024764
v 0.015652 0.058076 0.021190
v 0.002543 0.036634 -0.019446
v 0.002519 0.036755 0.005490
v 0.006136 0.035985 -0.009578
v 0.008043 0.035621 -0.011175
v 0.012175 0.034456 -0.019444
v 0.030091 0.020317 0.003136
v 0.022871 0.028755 -0.019455
v 0.020734 0.030036 0.011399
v 0.018571 0.031435 0.009962
v 0.017623 0.032005 -0.011549
v 0.010026 0.035096 -0.011394
v -0.013783 0.033799 -0.011969
v -0.012518 0.034347 -0.019446
v -0.020764 0.030029 0.011466
v -0.022242 0.028569 0.003159
v -0.018529 0.031463 0.009994
v -0.015667 0.032964 -0.012084
v -0.017578 0.032007 -0.011606
v -0.022914 0.028722 -0.019454
v -0.026081 0.025583 0.002177
v -0.030862 0.020613 -0.019450
v -0.008102 0.035590 -0.011131
v -0.006373 0.035966 -0.010272
v -0.002497 0.036874 0.005512
v -0.002567 0.043095 0.005529
v 0.031884 0.015498 0.003616
v 0.033249 0.016388 -0.019450
v -0.032305 0.015744 0.003299
v -0.029691 0.020046 0.003334
v -0.031063 0.020439 0.004199
v 0.034634 0.010270 -0.019450
v 0.024201 -0.005081 0.003455
v 0.019366 -0.005420 0.003648
v 0.023087 -0.000068 0.003547
v 0.024143 0.004966 0.003442
v 0.020014 -0.008527 0.004424
v 0.032565 -0.009421 0.003234
v 0.022596 0.009918 0.003685
v 0.020713 -0.004549 0.003589
v 0.033672 0.010965 0.003351
v 0.022251 0.028672 0.003166
v 0.022517 0.028537 0.014480
v 0.022767 0.015600 0.004934
v -0.022960 0.016601 0.003782
v -0.022698 0.016566 0.004845
v -0.022509 0.028515 0.014501
v -0.022740 0.004075 0.011668
v -0.022673 0.000625 0.003656
v -0.022599 0.009919 0.003676
v -0.034705 0.010411 -0.019450
v -0.033364 0.016521 -0.019450
v 0.031809 -0.015503 -0.013100
v 0.030923 -0.014897 0.003625
v 0.017024 -0.013110 0.004144
v -0.029370 -0.019818 -0.013100
v -0.028124 -0.019106 0.003548
v -0.030607 -0.014805 0.003547
v -0.020822 -0.009016 0.003610
v 0.004558 -0.009984 0.003551
v 0.008049 -0.009682 0.003594
v 0.002484 -0.033909 0.003547
v 0.008112 -0.032919 0.003266
v 0.009826 -0.009505 0.003696
v 0.002414 -0.009995 0.004974
v 0.006022 -0.018065 0.003610
v 0.007803 -0.023401 0.003414
v 0.002423 -0.022258 0.003619
v 0.028125 -0.019104 0.003547
v 0.016469 -0.018209 0.003490
v 0.010972 -0.008699 0.005505
v 0.011368 -0.011196 0.005322
v 0.014143 -0.013132 0.005441
v 0.018460 -0.005765 0.005493
v 0.024194 -0.023543 -0.013100
v 0.029264 -0.019810 -0.013100
v -0.022798 -0.001126 0.003641
v -0.024152 -0.005082 0.003458
v -0.020758 -0.004370 0.003555
v -0.019432 -0.005489 0.003624
v -0.024236 0.005087 0.003436
v -0.034261 0.011198 0.003092
v -0.019854 -0.008538 0.004999
v -0.018187 -0.005858 0.005517
v -0.013968 -0.013101 0.005352
v -0.010916 -0.008576 0.005557
v -0.011344 -0.011122 0.005326
v -0.019631 -0.008257 0.005480
v -0.032487 -0.009181 -0.013100
v -0.031824 -0.015474 -0.013100
v 0.002476 -0.035299 -0.013100
v 0.002185 -0.035634 0.004137
v -0.002484 -0.033909 0.003548
v -0.002831 -0.021355 0.004078
v -0.010003 -0.009445 0.003814
v -0.012565 -0.013703 0.003553
v -0.004571 -0.015781 0.003801
v -0.008090 -0.009574 0.003555
v -0.024452 -0.023484 0.003266
v -0.004336 -0.010183 0.003521
v -0.016411 -0.019364 0.003078
v -0.018144 -0.013567 0.003597
v -0.004572 -0.018178 0.005405
v -0.002407 -0.013624 0.005333
v 0.004318 -0.018965 0.005320
v 0.004007 -0.015462 0.005363
v -0.002377 -0.021502 0.005378
v 0.002354 -0.013654 0.005187
v -0.008292 -0.032724 -0.013100
v -0.002527 -0.035183 -0.013100
v 0.022899 0.016652 0.003667
v -0.002371 -0.009959 0.005179
v -0.002574 0.008792 0.025580
v 0.002594 0.000403 0.022813
v -0.002560 0.002477 0.023686
v 0.002554 -0.006438 0.016023
v 0.002693 -0.009743 0.009034
v 0.002595 0.008657 0.025591
v -0.002630 -0.009119 0.011211
v -0.002609 -0.004245 0.018909
v 0.015700 -0.005280 0.012381
v 0.015635 0.005267 0.021850
v -0.015683 0.005269 0.021697
v -0.015679 -0.005219 0.012731
v -0.015693 -0.000352 0.018828
v 0.013776 0.011991 0.023556
v -0.013566 0.011982 0.023578
v -0.015812 0.012259 0.022848
v -0.019345 0.041596 0.021204
v -0.019079 0.008451 0.020740
v -0.019340 -0.004774 0.008714
v -0.013813 0.005491 0.022529
v -0.011910 -0.007341 0.010450
v -0.013840 -0.005439 0.013545
v -0.011612 0.007760 0.023709
v -0.009995 0.006694 0.024314
v -0.013896 0.000632 0.020278
v -0.009991 -0.007242 0.012774
v -0.009972 -0.001971 0.019950
v 0.019328 -0.000728 0.015656
v 0.018875 0.007178 0.020407
v 0.016144 0.012283 0.022683
v 0.019428 -0.004721 0.009007
v 0.019459 0.041213 0.021130
v 0.015660 0.041078 0.023147
v 0.002579 0.040279 0.025846
v -0.003036 0.019476 0.025876
v -0.002582 0.040675 0.025932
v 0.002290 0.020378 0.025621
v 0.003036 0.015524 0.025876
v -0.002290 0.014623 0.025622
v 0.013962 -0.000059 0.019918
v 0.009994 0.000702 0.021816
v 0.010000 -0.005084 0.016214
v 0.011312 0.008336 0.023943
v 0.013673 -0.005442 0.013723
v 0.009994 -0.008515 0.009364
v 0.015655 -0.001236 0.018187
v 0.013856 0.005482 0.022556
v 0.013958 0.040666 0.023792
v -0.014128 -0.002597 0.017713
v 0.016403 0.010220 0.003550
v 0.016181 0.010262 -0.003250
v 0.013142 0.008924 -0.003250
v 0.013142 0.008576 0.003550
v 0.016403 0.007280 -0.003250
v 0.016181 0.007238 0.003550
v 0.016986 -0.009605 0.005550
v 0.016181 -0.007238 -0.003250
v 0.015023 -0.006928 0.005550
v 0.013142 -0.008576 -0.003250
v 0.013340 -0.009399 0.005550
v 0.016403 -0.010220 -0.003250
v -0.013142 -0.008924 -0.003250
v -0.013142 -0.008576 0.005550
v -0.016403 -0.007280 -0.003250
v -0.016181 -0.007238 0.005550
v -0.016403 -0.010220 0.005550
v -0.016181 -0.010262 -0.003250
v -0.013511 0.009547 -0.003250
v -0.013142 0.008924 0.003550
v -0.016403 0.010220 -0.003250
v -0.016181 0.010262 0.003550
v -0.016403 0.007280 0.003550
v -0.015330 0.006737 -0.003250
v 0.001644 0.018297 -0.003250
v 0.001644 0.016703 0.003550
v 0.000797 0.019144 0.003550
v -0.000797 0.019144 -0.003250
v -0.001644 0.018297 0.003550
v -0.001644 0.016703 -0.003250
v -0.000797 0.015856 0.003550
v 0.000797 0.015856 -0.003250
v -0.027373 -0.007070 -0.013100
v -0.026912 -0.005617 -0.007050
v -0.032568 -0.009421 0.003229
v -0.017086 -0.019840 -0.007050
v -0.018319 -0.020510 -0.013100
v -0.007565 -0.027240 -0.013100
v -0.008524 -0.025207 -0.007050
v -0.008126 -0.032914 0.003230
v 0.008639 -0.024718 -0.007050
v 0.008841 -0.024023 0.002213
v 0.008603 -0.026120 -0.013100
v 0.008205 -0.032775 -0.013100
v 0.019809 -0.020170 -0.013100
v 0.017108 -0.019781 -0.007049
v 0.024447 -0.023490 0.003212
v 0.027709 -0.006396 -0.007050
v 0.025240 -0.004392 0.002238
v 0.026922 -0.005610 -0.013100
v 0.032486 -0.009282 -0.013100
v -0.024282 -0.023493 -0.013100
v 0.000525 -0.027633 -0.007050
v -0.023668 -0.014272 -0.007050
v -0.015671 0.043992 0.025662
v -0.015700 0.044301 0.031087
v -0.013873 0.043552 0.030291
v -0.010031 0.042608 0.028926
v -0.015710 0.058975 0.031091
v -0.015691 0.058985 0.025245
v -0.004423 0.041543 0.027809
v -0.008007 0.042259 0.028402
v -0.013867 0.059789 0.030284
v 0.010027 0.042513 0.028941
v 0.009991 0.042178 0.026103
v 0.014872 0.043545 0.030680
v -0.002566 0.041471 0.027630
v -0.022737 0.050578 0.024854
v -0.020734 0.047114 0.024623
v -0.020282 0.046663 0.033673
v 0.020758 0.047314 0.025906
v 0.008010 0.042231 0.028401
v 0.003317 0.040171 0.027539
v 0.002579 0.041512 0.027452
v 0.004545 0.041688 0.027817
v -0.013320 0.040158 0.029603
v -0.023089 0.051636 0.035770
v -0.031971 0.040158 0.043808
v -0.020306 0.056691 0.033676
v -0.010028 0.060843 0.028907
v 0.015680 0.059122 0.031092
v 0.020471 0.056584 0.033800
v 0.018234 0.061842 0.032413
v 0.019296 0.040146 0.032593
v 0.023087 0.051686 0.035768
v 0.026418 0.061822 0.038857
v 0.020503 0.046720 0.033817
v 0.030294 0.062949 0.044824
v 0.032045 0.040161 0.043843
v -0.020737 0.055623 0.024286
v 0.002501 0.061607 0.027619
v 0.001501 0.061641 0.027567
v -0.002500 0.061604 0.027631
v 0.015641 0.043865 0.025658
v 0.022725 0.051990 0.022806
v 0.020753 0.055807 0.024911
v -0.022722 0.047565 0.019386
v -0.020739 0.042917 0.020176
v -0.022751 0.007169 0.015820
v -0.020767 0.008985 0.019545
v -0.022734 0.001402 0.011084
v -0.020741 0.003919 0.017688
v -0.020723 -0.002518 0.011332
v -0.019139 0.044875 0.023128
v -0.015695 0.041232 0.023089
v -0.020707 0.047454 0.013328
v -0.020733 0.052343 0.017232
v -0.020725 0.042279 0.011523
v -0.022743 0.044959 0.015495
v -0.022693 0.041755 0.014800
v -0.013900 0.040864 0.023784
v -0.009963 0.042096 0.026123
v -0.009974 0.040567 0.024961
v -0.018004 0.045657 0.010137
v -0.019368 0.044670 0.010506
v -0.019451 0.052088 0.015112
v -0.017904 0.056636 0.020801
v -0.019303 0.055238 0.019565
v -0.015714 0.057867 0.021581
v -0.008131 0.040531 0.025230
v -0.004417 0.040852 0.025956
v -0.008131 0.009057 0.024985
v -0.004434 0.009622 0.025586
v 0.009960 0.040759 0.024985
v -0.010001 0.060033 0.021468
v -0.013986 0.059638 0.023976
v 0.008195 0.041841 0.026502
v 0.008131 0.040593 0.025252
v 0.004575 0.007597 0.025257
v 0.008059 0.008185 0.024860
v 0.008177 -0.002663 0.019607
v 0.008068 -0.006533 0.014707
v -0.006223 0.055850 0.013036
v -0.004500 0.057170 0.014027
v -0.008176 0.057376 0.014949
v -0.004461 0.052354 0.009396
v -0.005997 0.046670 0.006884
v -0.008086 0.060676 0.022515
v -0.004495 0.061467 0.027823
v -0.004440 0.001835 0.023363
v -0.008058 0.001466 0.022540
v -0.008223 -0.004752 0.017603
v -0.008192 -0.008993 0.009123
v -0.004442 -0.009005 0.011086
v -0.002547 0.061378 0.022778
v 0.002637 0.061296 0.021930
v 0.002571 0.057755 0.014546
v 0.002573 0.052295 0.009198
v -0.002568 0.050336 0.007934
v -0.002621 0.058400 0.015061
v 0.020730 0.052870 0.017591
v 0.020769 0.044925 0.011789
v 0.020738 0.009500 0.019644
v 0.020721 -0.002255 0.011536
v 0.020720 0.003162 0.017415
v 0.022729 0.009417 0.016245
v 0.022729 0.004629 0.014239
v 0.022719 0.000193 0.009180
v -0.008078 0.061216 0.028413
v 0.001533 0.062914 0.027793
v 0.019589 0.063415 0.073531
v 0.019414 0.063336 0.070711
v 0.014901 0.063330 0.068258
v 0.013715 0.065025 0.068520
v 0.018235 0.065044 0.052154
v 0.015484 0.063298 0.050552
v 0.011096 0.063340 0.053255
v 0.010703 0.065060 0.055091
v -0.001193 0.065036 0.042315
v -0.003947 0.063298 0.043892
v -0.003801 0.063340 0.049041
v -0.002398 0.065072 0.050303
v -0.019631 0.063317 0.054471
v -0.019414 0.063336 0.057389
v -0.019352 0.065101 0.054012
v -0.014901 0.063330 0.059842
v -0.013107 0.065071 0.059254
v -0.018207 0.063441 0.076411
v -0.012131 0.063301 0.076642
v -0.014291 0.065049 0.077192
v -0.011438 0.064984 0.075388
v -0.010497 0.063375 0.073140
v -0.010791 0.065092 0.073008
v 0.001765 0.063438 0.085880
v 0.003474 0.065058 0.084408
v 0.004840 0.063302 0.080852
v 0.004456 0.065045 0.081178
v 0.002624 0.063375 0.077685
v -0.022540 0.056160 0.061625
v -0.022540 0.053160 0.066475
v -0.022594 0.053015 0.057636
v -0.018308 0.056160 0.050679
v -0.013371 0.053160 0.045742
v -0.006689 0.056160 0.042066
v -0.002425 0.053160 0.041510
v 0.008182 0.056160 0.042907
v 0.009170 0.053160 0.043317
v 0.019504 0.056160 0.051900
v 0.018308 0.053160 0.050679
v 0.022540 0.053160 0.061625
v 0.022540 0.056160 0.066475
v 0.020733 0.053160 0.073220
v 0.018308 0.056160 0.077421
v 0.013371 0.053160 0.082358
v 0.006689 0.056160 0.086034
v 0.002425 0.053160 0.086590
v -0.008182 0.056160 0.085193
v -0.009065 0.053160 0.085649
v -0.019504 0.056160 0.076200
v -0.018308 0.053160 0.077421
v 0.032154 0.040301 0.047223
v -0.034472 0.040400 0.053609
v -0.034623 0.061909 0.053620
v -0.032109 0.062575 0.047249
v 0.031464 0.040449 0.055657
v 0.026782 0.040220 0.045107
v -0.031462 0.040449 0.055660
v -0.027188 0.040203 0.045787
v -0.020192 0.040280 0.038437
v -0.009955 0.040243 0.032765
v 0.004502 0.040216 0.031582
v 0.016978 0.040245 0.036066
v 0.024928 0.062709 0.059459
v 0.027289 0.052360 0.058121
v 0.034604 0.061764 0.053708
v 0.030494 0.045214 0.056357
v 0.034493 0.040410 0.053611
v 0.027416 0.046376 0.057840
v -0.025888 0.052363 0.058979
v -0.024931 0.062731 0.059485
v -0.030923 0.044134 0.056122
v -0.027509 0.046378 0.058023
v -0.033787 0.040160 0.046182
v -0.032185 0.040328 0.047206
v -0.032398 0.063763 0.043910
v -0.018191 0.065021 0.052134
v -0.030387 0.062854 0.044775
v 0.019568 0.063573 0.054541
v 0.032037 0.062772 0.047291
v 0.033781 0.040160 0.046176
v 0.033662 0.063769 0.046031
v 0.030454 0.064217 0.080029
v 0.031297 0.046365 0.080413
v 0.032549 0.062802 0.073438
v 0.032489 0.046365 0.073338
v 0.001503 0.063786 0.098965
v 0.001476 0.046365 0.099336
v 0.008145 0.062802 0.096932
v 0.008201 0.046365 0.096830
v -0.030231 0.064216 0.082907
v -0.029858 0.046365 0.082992
v -0.024404 0.062802 0.087544
v -0.024288 0.046365 0.087542
v 0.028651 0.063176 0.082350
v 0.011153 0.063296 0.075146
v 0.018086 0.063466 0.076245
v 0.015483 0.063381 0.077509
v 0.003484 0.063267 0.069944
v 0.033711 0.062947 0.053062
v 0.006847 0.063267 0.063980
v 0.015188 0.063296 0.059938
v 0.019396 0.063381 0.057371
v -0.031324 0.063503 0.080335
v -0.033644 0.062968 0.053236
v -0.015388 0.063274 0.068160
v -0.019430 0.063369 0.070753
v -0.006847 0.063267 0.064120
v -0.001524 0.063174 0.098013
v -0.004033 0.063296 0.079258
v -0.001262 0.065001 0.085772
v -0.003914 0.063381 0.084188
v -0.003363 0.063267 0.070014
v 0.000917 0.065108 0.085848
v -0.031400 0.064331 0.081079
v 0.019514 0.065075 0.073884
v 0.003914 0.063381 0.043912
v 0.004029 0.063306 0.048841
v 0.001269 0.065007 0.042332
v 0.003361 0.063273 0.058088
v -0.015483 0.063381 0.050591
v -0.011156 0.063306 0.052958
v -0.021143 0.062809 0.034626
v -0.013537 0.062832 0.030557
v -0.003482 0.063273 0.058158
v -0.018319 0.046365 0.084560
v -0.023668 0.052360 0.078322
v -0.027373 0.046365 0.071120
v -0.026913 0.052360 0.069667
v 0.008603 0.046365 0.090170
v 0.000525 0.052360 0.091683
v -0.007565 0.046365 0.091290
v -0.008529 0.052360 0.089223
v 0.026922 0.046365 0.069660
v 0.024193 0.052360 0.077413
v 0.019809 0.046365 0.084220
v 0.017536 0.052360 0.084022
v -0.022121 0.052360 0.046928
v -0.018970 0.046369 0.043858
v -0.009448 0.052360 0.038033
v -0.006380 0.046377 0.036986
v 0.006344 0.052360 0.036806
v 0.007997 0.046364 0.037528
v 0.018939 0.046364 0.043830
v 0.019948 0.052360 0.044857
v -0.024289 0.052600 0.066325
v 0.025676 0.052360 0.068897
v 0.023425 0.052703 0.070066
v 0.008639 0.052360 0.088711
v -0.004257 0.052627 0.087894
v 0.007475 0.052703 0.087051
v -0.018534 0.052660 0.079845
v -0.017036 0.052360 0.083862
v 0.017630 0.052760 0.080605
v 0.024278 0.052506 0.061943
v 0.021194 0.052760 0.052400
v 0.011419 0.052703 0.042542
v -0.001521 0.052760 0.039857
v -0.012990 0.052729 0.043584
v -0.020053 0.052960 0.050669
v -0.019422 0.065021 0.073819
v -0.016168 0.065076 0.068312
v 0.019532 0.065040 0.054253
v -0.009151 0.056271 0.064998
v -0.016181 0.056160 0.074312
v 0.013142 0.056160 0.055126
v 0.008905 0.056317 0.061191
v 0.016403 0.056160 0.056770
v 0.016181 0.056160 0.053788
v -0.001644 0.056160 0.047347
v 0.000797 0.056160 0.048194
v 0.001644 0.056160 0.045753
v -0.000797 0.056160 0.044906
v -0.016403 0.056160 0.053830
v -0.000797 0.056160 0.079906
v -0.001644 0.056160 0.082347
v 0.001644 0.056160 0.080753
v 0.000797 0.056160 0.083194
v 0.016403 0.056160 0.074270
v 0.013142 0.056160 0.072626
v 0.016181 0.056160 0.071288
v -0.016403 0.056160 0.071330
v -0.013142 0.056160 0.072974
v -0.013142 0.056160 0.055474
v -0.016181 0.056160 0.056812
v 0.008258 0.056428 0.068127
v 0.003758 0.056400 0.072530
v -0.001307 0.056382 0.073138
v -0.006983 0.056378 0.070237
v -0.003636 0.056296 0.055454
v -0.008280 0.056409 0.059976
v 0.003793 0.056387 0.055549
v -0.013142 0.065160 0.072626
v -0.016181 0.065160 0.071288
v -0.016403 0.065160 0.074270
v -0.013142 0.065160 0.055126
v -0.016181 0.065160 0.053788
v -0.016403 0.065160 0.056770
v 0.001644 0.065160 0.047347
v 0.000797 0.065160 0.044906
v -0.001644 0.065160 0.045753
v -0.000797 0.065160 0.048194
v 0.016403 0.065160 0.053830
v 0.013142 0.065160 0.055474
v 0.016181 0.065160 0.056812
v 0.016403 0.065160 0.071330
v 0.013142 0.065160 0.072974
v 0.016181 0.065160 0.074312
v 0.001644 0.065160 0.082347
v 0.000797 0.065160 0.079906
v -0.001644 0.065160 0.080753
v -0.000797 0.065160 0.083194
v -0.004424 0.065078 0.047589
v 0.002376 0.065100 0.050153
v 0.004409 0.065054 0.047918
v 0.003373 0.065042 0.043502
v -0.003379 0.065042 0.043510
v 0.004333 0.065041 0.058494
v 0.002486 0.065060 0.057012
v 0.012057 0.065091 0.051983
v 0.018323 0.065070 0.058543
v 0.016105 0.065025 0.050848
v 0.004874 0.065051 0.069726
v 0.006969 0.065058 0.065028
v 0.002630 0.065030 0.070601
v 0.018383 0.065047 0.069615
v 0.011273 0.065050 0.075019
v 0.018286 0.065057 0.075997
v 0.014022 0.065039 0.077193
v -0.002420 0.065066 0.077866
v -0.003367 0.065054 0.084595
v -0.004434 0.065079 0.080625
v -0.013170 0.065081 0.068916
v -0.004863 0.065067 0.069715
v -0.018244 0.065078 0.075983
v -0.010833 0.065083 0.055041
v -0.016569 0.065116 0.059610
v -0.011273 0.065050 0.053081
v -0.015082 0.065057 0.050581
v -0.019490 0.065012 0.056683
v -0.002656 0.065047 0.070551
v 0.007345 0.065047 0.062684
v -0.004856 0.065053 0.058375
v -0.007360 0.065039 0.065435
v -0.006969 0.065061 0.063067
v -0.002648 0.065033 0.057516
v 0.024936 0.062718 0.068607
v -0.032489 0.046365 0.073236
v -0.032553 0.062744 0.073415
v -0.024927 0.062702 0.068625
v 0.024200 0.046365 0.087593
v 0.024386 0.062744 0.087559
v 0.016426 0.062702 0.083350
v 0.008521 0.062718 0.087924
v -0.008289 0.046365 0.096779
v -0.008166 0.062744 0.096923
v -0.008501 0.062702 0.087926
v -0.016415 0.062718 0.083366
v -0.001509 0.046365 0.099308
v -0.001189 0.064288 0.099633
v -0.031310 0.046365 0.080386
v -0.001272 0.063865 0.027691
v -0.001496 0.062582 0.027997
v -0.001500 0.061160 0.027581
v 0.032390 0.063764 0.043899
v 0.029781 0.046365 0.082986
v -0.033668 0.063752 0.046035
v 0.000916 0.064386 0.099677
v 0.030265 0.064305 0.082853
v -0.004345 0.061915 0.027923
v -0.004494 0.061459 0.027850
v -0.002658 0.061972 0.027790
v -0.026360 0.062394 0.039017
v 0.004190 0.061981 0.027924
v 0.004490 0.061638 0.027871
v 0.002652 0.061963 0.027783
v 0.015086 0.062991 0.031337
v 0.031418 0.064277 0.081063
v 0.013571 0.065042 0.059515
v 0.010843 0.065093 0.073050
v -0.019390 0.065019 0.071174
v 0.002556 0.065042 0.077855
v -0.008888 0.059403 0.062686
v -0.003600 0.059410 0.055421
v 0.005657 0.059408 0.056996
v 0.009233 0.059413 0.065288
v 0.001727 0.059411 0.073239
v -0.006960 0.059403 0.069743
v 0.020727 0.042065 0.019996
v 0.020732 0.046040 0.022896
v 0.022672 0.043576 0.016930
v -0.027211 0.018246 -0.019387
v 0.031625 0.008326 -0.019100
v 0.026814 0.018920 -0.019384
v -0.031636 0.008329 -0.018948
v -0.015940 0.028508 -0.019412
v 0.016986 0.027993 -0.019388
v 0.004513 0.032476 -0.019376
v -0.007236 0.031847 -0.019315
v 0.030915 0.020613 -0.019450
v -0.002516 0.036642 -0.019447
v 0.022705 0.042378 0.014809
v 0.022731 0.046575 0.016614
v 0.022726 0.050122 0.022687
v 0.022725 0.007309 0.014095
v 0.022736 0.001648 0.007836
v 0.019391 0.042492 0.010255
v 0.019373 0.049578 0.012907
v 0.019365 0.055077 0.019174
v 0.009993 0.009156 0.024657
v 0.008330 0.002832 0.023384
v -0.004495 0.061032 0.021961
v 0.004535 0.040873 0.025820
v 0.004603 -0.008625 0.011893
v 0.004555 -0.001775 0.020915
v 0.002558 0.044978 0.005728
v 0.004443 0.056702 0.013138
v 0.004448 0.061055 0.021768
v 0.019419 0.044408 0.022861
v 0.019390 0.046137 0.026136
v 0.019596 0.006901 0.020517
v -0.022751 0.041749 0.016546
v -0.022714 0.051967 0.022723
v -0.022730 0.009993 0.014511
v -0.004410 -0.003628 0.019349
v 0.014003 0.043278 0.025917
v -0.008195 0.041829 0.026471
v -0.019309 0.056965 0.024825
v -0.013963 0.043289 0.025927
v -0.019348 0.045947 0.025183
v -0.019328 -0.001636 0.014570
v -0.019329 0.003583 0.018926
v 0.019319 0.056962 0.025024
v 0.008357 -0.009065 0.009303
v -0.004489 0.044336 0.005862
v -0.022216 0.023617 -0.015953
v -0.003528 0.022649 -0.003250
v 0.003528 -0.022649 -0.003250
v -0.017850 -0.014382 -0.003250
v -0.023221 -0.000779 -0.003250
v 0.000797 -0.019144 -0.003250
v -0.001644 -0.018297 -0.003250
v -0.008268 -0.021379 -0.003250
v 0.001644 -0.016703 -0.003250
v -0.000797 -0.015856 -0.003250
v 0.021379 -0.008268 -0.003250
v 0.014382 -0.017850 -0.003250
v 0.022649 0.003528 -0.003250
v 0.017850 0.014382 -0.003250
v 0.008268 0.021379 -0.003250
v -0.016970 0.015870 -0.003250
v -0.023477 0.002209 -0.006250
v -0.019470 0.013333 -0.006250
v -0.008268 0.021379 -0.006250
v 0.003528 0.022649 -0.006250
v 0.014382 0.017850 -0.006250
v 0.021754 0.008812 -0.006435
v 0.022649 -0.003528 -0.006250
v 0.017850 -0.014382 -0.006250
v 0.008221 -0.022060 -0.006250
v -0.003528 -0.022649 -0.006250
v -0.011697 -0.020715 -0.006570
v -0.021379 -0.008268 -0.006250
v 0.017630 0.016555 -0.006650
v 0.024281 0.001674 -0.006783
v 0.024790 -0.003156 -0.006850
v 0.017630 -0.016555 -0.006650
v -0.001521 -0.024193 -0.006681
v -0.019565 -0.014215 -0.006681
v -0.014612 0.019176 -0.006750
v -0.004528 0.023757 -0.006650
v 0.007475 0.023001 -0.006650
v -0.024371 -0.002357 -0.006900
v -0.024970 0.003830 -0.007049
v 0.027287 0.005933 -0.007051
v 0.006344 0.027244 -0.007050
v 0.019948 0.019193 -0.007050
v -0.027291 0.005920 -0.007050
v -0.019948 0.019193 -0.007050
v -0.009448 0.026017 -0.007050
v -0.027509 0.006027 -0.013087
v -0.018970 0.020192 -0.013096
v -0.006380 0.027064 -0.013088
v 0.007997 0.026522 -0.013101
v 0.018939 0.020220 -0.013101
v 0.027495 0.006047 -0.013088
v 0.001644 -0.018297 0.005550
v 0.000797 -0.015856 0.005550
v -0.001644 -0.016703 0.005550
v -0.000797 -0.019144 0.005550
v -0.025219 -0.004350 0.002268
v -0.025251 0.004417 0.002228
v -0.034092 0.009866 0.002260
v -0.031073 0.008163 -0.015253
v -0.008532 -0.023898 0.003108
v 0.016412 -0.019641 0.002371
v 0.025228 0.004380 0.002243
v 0.034627 0.010374 0.002152
v 0.029989 0.007464 -0.013969
v -0.002701 0.015094 0.003550
v 0.002586 0.014595 0.003550
v 0.002701 0.019906 0.003550
v -0.002586 0.020405 0.003550
v -0.018977 0.009887 0.003550
v -0.015966 0.005119 0.003549
v -0.011947 0.006834 0.003551
v -0.013306 0.012069 0.003551
v -0.015298 -0.005120 0.005549
v 0.013749 -0.005047 0.005544
v 0.011597 0.009717 0.003548
v 0.013443 0.005520 0.003552
v 0.018272 0.006787 0.003551
v 0.017948 0.011055 0.003549
v 0.014449 0.012251 0.003550
v -0.017241 -0.012764 0.005391
v 0.002347 -0.021430 0.005427
v -0.002201 -0.035650 0.004117
v -0.031995 -0.015989 0.004143
v 0.029812 -0.019711 0.004147
v -0.029801 -0.019714 0.004150
v 0.019593 -0.008998 0.005468
v 0.031938 -0.016175 0.004182
v 0.017408 -0.012762 0.005425
v -0.005959 0.007019 -0.002978
v -0.005922 0.006577 -0.000000
v -0.008929 0.002153 -0.003012
v -0.009288 -0.000709 0.000003
v -0.000446 0.009210 -0.003026
v 0.000633 0.009211 -0.000005
v 0.005780 0.007300 -0.002996
v 0.008155 0.004007 0.000008
v 0.009007 0.001963 -0.003129
v 0.008953 -0.001327 -0.002847
v 0.008289 -0.003509 -0.000007
v 0.007359 -0.005526 -0.003057
v 0.003280 -0.008426 -0.000002
v 0.001628 -0.009230 -0.003074
v -0.004066 -0.008077 -0.000002
v -0.004790 -0.007837 -0.003019
v -0.008634 -0.003406 -0.003085
v -0.002891 0.031231 -0.014335
v -0.025114 0.015967 -0.013453
v 0.010047 0.028605 -0.013746
v 0.020903 0.022258 -0.013843
v 0.012202 0.030214 -0.016154
v 0.027371 0.017736 -0.016316
v -0.013082 0.028421 -0.014227
v -0.002891 0.045130 0.032819
v -0.026342 0.045362 0.047309
v 0.010047 0.045719 0.035445
v 0.020903 0.045622 0.041792
v 0.012202 0.043311 0.033836
v -0.021759 0.044269 0.040757
v 0.026338 0.044335 0.045843
v -0.013082 0.045238 0.035629
v -0.022661 0.010971 0.005095
v -0.033245 0.016705 0.004201
v 0.022691 0.011111 0.005111
v 0.031063 0.020440 0.004199
v 0.033264 0.016745 0.004214
v 0.017797 0.044171 -0.005319
v 0.008082 0.055582 0.009113
v 0.008146 0.048027 -0.002841
v -0.017815 0.044076 -0.005323
v -0.017735 0.056221 0.014150
v -0.006225 0.045413 -0.004068
v -0.015551 0.057952 0.019585
v -0.015641 0.056363 0.011132
v -0.015650 0.053337 0.004222
v -0.015659 0.047073 -0.003997
v -0.015667 0.038771 -0.009761
v 0.015638 0.057341 0.015142
v 0.015512 0.048244 -0.002998
v 0.008248 0.052867 0.003028
v 0.008306 0.042272 -0.007995
v 0.010001 0.041331 -0.008395
v -0.009998 0.057722 0.016568
v -0.009998 0.056168 0.010365
v -0.009889 0.043264 -0.007215
v -0.008250 0.046416 -0.004722
v -0.017409 0.052318 0.003868
v -0.006230 0.051416 0.003061
v 0.017797 0.052570 0.004824
v 0.017467 0.056495 0.014611
v 0.006366 0.044023 -0.005614
v 0.006257 0.052811 0.005138
vn 0.3747 0.7216 -0.5821
vn -0.2038 0.9733 -0.1057
vn 0.5387 0.7824 -0.3126
vn 0.6232 0.7155 -0.3157
vn -0.6007 0.7310 -0.3238
vn -0.5828 0.8095 -0.0708
vn 0.5576 0.6934 -0.4564
vn -0.6602 0.7050 -0.2590
vn 0.4996 0.8616 -0.0892
vn 0.3203 0.9440 0.0795
vn -0.6348 0.5469 -0.5459
vn -0.4137 0.4620 -0.7845
vn 0.6330 0.5579 -0.5367
vn -0.5813 0.6519 -0.4869
vn -0.5620 0.7664 -0.3110
vn 0.5112 0.4706 -0.7192
vn -0.6944 0.5329 -0.4835
vn 0.4616 0.7873 -0.4089
vn 0.7714 0.2034 -0.6029
vn -0.3215 0.2756 -0.9059
vn -0.2633 0.8250 -0.5000
vn 0.4358 0.0061 -0.9000
vn -0.5693 0.6120 -0.5489
vn 0.5665 0.2491 -0.7855
vn -0.4530 0.7756 -0.4396
vn 0.3632 0.8662 -0.3431
vn -0.5581 0.0568 -0.8278
vn -0.5763 0.0833 -0.8130
vn 0.3812 0.8556 -0.3502
vn 0.5962 0.4853 -0.6395
vn 0.6313 0.5650 -0.5313
vn -0.5919 0.7521 -0.2899
vn 0.6362 0.5596 -0.5311
vn 0.5971 0.5534 -0.5807
vn -0.6212 0.5174 -0.5886
vn 0.5764 0.7123 -0.4005
vn 0.6813 0.3887 -0.6202
vn -0.5123 0.3088 -0.8014
vn -0.5613 0.6037 -0.5661
vn 0.2192 0.9701 -0.1041
vn -0.3421 0.7168 -0.6076
vn -0.5487 0.7896 -0.2748
vn 0.0990 0.9363 -0.3370
vn -0.6201 0.6696 -0.4089
vn 0.5866 0.8085 -0.0458
vn 0.6485 0.5183 -0.5575
vn -0.5689 0.7217 -0.3943
vn -0.3986 0.9168 -0.0267
vn -0.3578 -0.4707 -0.8065
vn 0.3013 0.7446 -0.5957
vn 0.5556 0.1505 -0.8177
vn 0.0164 0.9692 -0.2458
vn 0.6654 -0.1859 -0.7230
vn 0.9612 0.1026 -0.2562
vn -0.5946 0.5191 -0.6140
vn 0.7567 0.1631 -0.6331
vn -0.5118 0.7158 -0.4751
vn 0.1305 0.9343 -0.3317
vn -0.4557 0.7966 -0.3972
vn 0.1783 0.8637 -0.4714
vn 0.2532 0.5835 -0.7716
vn 0.7538 0.1611 -0.6370
vn 0.3379 0.6588 -0.6722
vn 0.1144 0.8566 -0.5032
vn 0.6334 0.7682 -0.0932
vn 0.0514 0.9262 -0.3734
vn 0.6786 0.7298 0.0836
vn 0.1044 0.9945 -0.0126
vn 0.6939 0.7096 -0.1221
vn 0.7068 0.7070 0.0237
vn 0.1285 0.9914 -0.0250
vn 0.1378 0.9785 -0.1536
vn -0.0829 -0.6171 -0.7825
vn 0.6086 0.6814 -0.4066
vn 0.6122 0.5627 -0.5555
vn 0.3301 0.8620 -0.3847
vn 0.3077 0.9209 -0.2394
vn 0.3736 0.3616 -0.8542
vn 0.2554 0.9666 0.0199
vn -0.2964 0.9400 -0.1688
vn 0.3300 0.9396 -0.0910
vn 0.8070 0.4518 0.3803
vn 0.1823 0.9818 -0.0535
vn 0.2611 0.9523 -0.1580
vn -0.5619 0.7048 -0.4332
vn 0.3095 0.9242 -0.2235
vn 0.3221 0.8627 -0.3899
vn 0.5538 0.8090 -0.1969
vn 0.6552 0.7537 -0.0515
vn 0.6692 0.7338 0.1169
vn -0.0187 0.9974 -0.0701
vn 0.6513 0.7223 -0.2325
vn -0.0729 0.9665 -0.2460
vn 0.2184 0.4109 -0.8851
vn -0.3214 0.9368 -0.1385
vn -0.6516 0.5692 -0.5015
vn 0.3299 0.6717 -0.6633
vn -0.3231 0.2204 -0.9203
vn 0.1042 0.9533 -0.2835
vn 0.7508 0.5966 -0.2835
vn 0.3089 -0.1051 -0.9453
vn 0.1724 0.2350 -0.9566
vn 0.5129 0.8527 -0.0996
vn 0.5123 0.8261 -0.2346
vn 0.2856 0.9397 -0.1879
vn 0.2958 0.9239 -0.2428
vn 0.2431 0.9276 -0.2835
vn 0.1719 0.9428 -0.2857
vn 0.0491 0.9976 -0.0492
vn 0.2443 0.9692 -0.0313
vn 0.0642 0.9873 -0.1451
vn 0.1140 0.9801 -0.1624
vn 0.2962 0.9535 -0.0558
vn 0.2953 0.9343 -0.1999
vn -0.0243 0.9335 -0.3578
vn 0.1562 0.9221 -0.3539
vn -0.1482 0.8420 -0.5187
vn 0.0380 0.7679 -0.6395
vn 0.1741 0.9336 -0.3132
vn 0.1366 0.8873 -0.4405
vn 0.3093 0.3178 -0.8963
vn -0.2783 0.8616 -0.4244
vn -0.2330 0.8722 -0.4301
vn 0.3747 0.2591 -0.8902
vn 0.0811 0.8277 -0.5552
vn 0.3105 0.6551 -0.6887
vn 0.1668 0.7048 -0.6895
vn 0.2734 0.6847 -0.6756
vn 0.3824 0.2465 -0.8905
vn 0.3356 0.2924 -0.8955
vn 0.3871 0.7175 -0.5791
vn -0.5793 0.8139 -0.0445
vn 0.7218 0.6713 0.1682
vn 0.0451 0.5096 -0.8592
vn 0.4381 0.6228 -0.6482
vn 0.5645 0.8246 -0.0375
vn 0.8106 0.4419 -0.3842
vn 0.8137 0.4641 -0.3501
vn 0.1634 0.6859 -0.7091
vn 0.1871 0.8430 -0.5044
vn 0.4003 0.5573 -0.7274
vn 0.5166 0.5443 -0.6609
vn 0.7892 0.5819 -0.1965
vn 0.5394 0.6845 -0.4904
vn 0.8795 0.4652 -0.1007
vn 0.7642 0.4321 -0.4789
vn 0.6118 0.7910 -0.0046
vn 0.7814 0.6240 -0.0099
vn 0.5995 0.7988 0.0498
vn 0.5186 0.5395 -0.6633
vn 0.4220 0.6293 -0.6526
vn 0.6978 0.7002 0.1509
vn 0.7671 0.6257 0.1417
vn 0.3436 0.7764 -0.5283
vn 0.3858 0.7791 -0.4941
vn 0.4293 0.6294 -0.6477
vn 0.5406 0.7567 -0.3678
vn -0.3239 0.8927 -0.3134
vn 0.0679 0.7606 -0.6457
vn -0.0002 0.7801 -0.6256
vn 0.0129 0.8726 -0.4882
vn 0.0350 0.8775 -0.4783
vn -0.0603 0.8628 -0.5019
vn -0.5599 0.7437 -0.3653
vn -0.1085 0.7446 -0.6586
vn -0.0480 0.8662 -0.4974
vn -0.0612 0.7642 -0.6421
vn -0.0960 0.8639 -0.4945
vn -0.8127 0.4586 -0.3595
vn -0.8110 0.4351 -0.3911
vn -0.5772 0.8152 -0.0470
vn -0.7957 0.5908 -0.1334
vn -0.4947 0.5451 -0.6769
vn -0.5397 0.6801 -0.4961
vn -0.4106 0.5688 -0.7127
vn -0.5521 0.7036 -0.4473
vn -0.1887 0.6903 -0.6984
vn -0.3182 0.6491 -0.6910
vn -0.8920 0.4448 -0.0810
vn -0.6350 0.7725 -0.0073
vn -0.5815 0.8134 0.0141
vn -0.8656 0.4998 0.0315
vn -0.5276 0.5367 -0.6584
vn -0.5766 0.8168 0.0181
vn -0.4216 0.6084 -0.6724
vn -0.6644 0.7339 0.1412
vn -0.7023 0.6993 0.1333
vn -0.4635 0.5616 -0.6854
vn -0.0696 0.4392 -0.8957
vn -0.7809 0.5994 0.1760
vn -0.1932 0.4142 -0.8895
vn -0.2055 0.9787 0.0016
vn -0.4420 0.6250 -0.6435
vn -0.3617 0.7681 -0.5284
vn -0.3107 0.7824 -0.5398
vn -0.3235 0.6508 -0.6869
vn -0.3495 0.7805 -0.5184
vn -0.3781 0.2560 -0.8897
vn -0.0267 0.8680 -0.4958
vn -0.3926 0.3063 -0.8672
vn 0.3588 0.8672 -0.3453
vn 0.5525 0.8277 -0.0986
vn -0.3967 0.8176 0.4172
vn -0.3180 0.2974 -0.9002
vn -0.3885 0.2291 -0.8925
vn -0.2939 0.6724 -0.6793
vn -0.1993 0.6940 -0.6918
vn 0.0079 0.0748 -0.9972
vn 0.4083 0.5718 -0.7116
vn 0.3623 0.6309 -0.6861
vn 0.0635 0.0466 -0.9969
vn 0.4168 0.5969 -0.6856
vn 0.5832 0.2355 -0.7774
vn 0.9297 -0.2189 -0.2961
vn 0.4651 -0.5507 0.6931
vn 0.7412 -0.6667 0.0790
vn -0.3474 0.9084 -0.2327
vn 0.2190 0.6836 0.6962
vn 0.1579 0.9859 0.0562
vn 0.9581 -0.2840 -0.0379
vn 0.9270 0.3417 0.1547
vn 0.4850 -0.0547 -0.8728
vn 0.3987 -0.2042 -0.8940
vn 0.9884 0.1146 0.0999
vn 0.7345 0.0556 -0.6764
vn 0.2122 -0.0129 0.9772
vn 0.7284 -0.0838 0.6800
vn 0.2120 0.0174 0.9771
vn 0.3327 0.3868 0.8600
vn 0.3448 0.7816 0.5197
vn 0.0649 0.3550 0.9326
vn 0.1753 0.2240 0.9587
vn 0.3779 0.7207 0.5813
vn 0.3456 0.6423 0.6841
vn 0.1140 0.1605 0.9804
vn 0.0789 0.6520 0.7541
vn 0.7433 0.0759 0.6646
vn 0.8098 0.0549 0.5841
vn 0.6926 0.5264 0.4932
vn 0.2538 0.0047 0.9672
vn 0.1385 0.0455 0.9893
vn 0.5081 -0.5928 0.6249
vn 0.6786 0.0409 0.7334
vn 0.0792 0.1226 0.9893
vn 0.5012 -0.4589 0.7336
vn 0.3818 0.0785 0.9209
vn 0.1638 -0.1260 0.9784
vn 0.2184 -0.6399 0.7368
vn 0.1081 -0.1446 0.9836
vn 0.0780 -0.1532 0.9851
vn 0.3089 -0.5979 0.7396
vn 0.1852 -0.7351 0.6522
vn 0.9960 -0.0617 0.0639
vn 0.8225 0.1457 -0.5498
vn 0.9947 -0.0928 0.0432
vn 0.9979 -0.0540 0.0364
vn 0.8204 0.1904 -0.5392
vn 0.8191 0.5117 -0.2594
vn 0.9966 -0.0348 0.0742
vn 0.8154 0.5479 -0.1867
vn 0.6168 0.5789 0.5333
vn 0.8157 0.2485 -0.5224
vn 0.9924 -0.0632 0.1054
vn 0.9977 -0.0324 0.0589
vn 0.8217 0.2411 -0.5165
vn 0.9964 0.0013 0.0844
vn 0.8139 0.0574 -0.5781
vn 0.9896 0.1438 0.0054
vn 0.7835 0.0683 0.6176
vn 0.9855 0.1690 -0.0176
vn 0.9911 0.0350 0.1286
vn 0.9934 0.0811 0.0807
vn 0.9897 -0.0011 0.1430
vn 0.7620 0.1678 0.6254
vn 0.9092 0.1784 0.3762
vn 0.9411 -0.3377 0.0153
vn -0.1168 0.1623 0.9798
vn 0.3799 0.5277 0.7598
vn 0.3414 0.6721 0.6570
vn -0.9468 0.1767 0.2690
vn -0.5880 0.1564 0.7936
vn -0.9501 0.1944 0.2438
vn -0.9967 -0.0794 0.0184
vn -0.8211 0.3610 -0.4421
vn -0.9973 -0.0585 0.0449
vn -0.8230 0.1165 -0.5559
vn -0.9970 -0.0572 0.0524
vn -0.8230 0.4179 -0.3847
vn -0.9884 0.1512 -0.0158
vn -0.7848 0.0595 0.6169
vn -0.9900 0.1404 0.0110
vn -0.8101 0.0574 -0.5834
vn -0.9952 0.0300 0.0930
vn -0.8175 0.1435 -0.5577
vn -0.8128 0.1172 -0.5706
vn -0.9964 -0.0190 0.0832
vn -0.9941 -0.0318 0.1035
vn -0.8196 0.3378 -0.4627
vn -0.9979 -0.0332 0.0552
vn -0.8225 0.5657 -0.0581
vn -0.5953 0.6651 0.4509
vn -0.5267 0.2900 0.7990
vn -0.4284 0.3900 0.8151
vn -0.9494 0.2961 0.1052
vn -0.9337 -0.3538 0.0549
vn -0.7255 0.1663 -0.6679
vn -0.7707 0.0513 -0.6351
vn -0.8436 -0.5208 0.1310
vn -0.4455 -0.2060 -0.8713
vn -0.1274 -0.3551 0.9261
vn -0.4287 -0.8178 0.3840
vn 0.1077 -0.5356 0.8376
vn 0.2679 -0.9563 0.1167
vn -0.2107 -0.4607 -0.8622
vn -0.3334 -0.9097 0.2474
vn -0.3378 0.5360 0.7737
vn -0.4939 0.8651 0.0872
vn -0.2637 0.6010 0.7545
vn -0.0470 -0.6411 0.7660
vn 0.3249 -0.2514 0.9117
vn 0.0445 -0.0973 0.9943
vn 0.0312 -0.6687 0.7428
vn 0.0074 -0.1347 0.9909
vn -0.2374 -0.3427 0.9089
vn 0.6683 -0.5768 0.4698
vn 0.8534 0.0668 0.5169
vn 0.6968 -0.3047 0.6493
vn 0.7342 -0.1650 0.6586
vn 0.8034 0.1578 0.5741
vn 0.6807 0.2980 0.6692
vn 0.3452 -0.2221 0.9119
vn 0.2347 0.2638 0.9356
vn 0.0746 -0.0589 0.9955
vn 0.0566 -0.1139 0.9919
vn 0.3329 0.0850 0.9391
vn 0.0660 -0.1417 0.9877
vn 0.1546 -0.0219 0.9877
vn 0.2797 -0.2637 0.9232
vn 0.7227 0.1047 0.6832
vn 0.1558 0.0031 0.9878
vn 0.7121 0.1692 0.6814
vn 0.2298 -0.6864 0.6900
vn 0.4305 -0.5902 0.6829
vn 0.7418 -0.0769 0.6662
vn 0.5962 0.2467 0.7639
vn 0.3293 -0.6682 0.6671
vn -0.5612 -0.4384 0.7020
vn -0.0575 -0.1459 0.9876
vn -0.0720 -0.1961 0.9779
vn -0.4208 -0.6264 0.6562
vn -0.3976 -0.6786 0.6175
vn -0.0716 -0.1937 0.9785
vn -0.2338 -0.4202 0.8768
vn -0.2568 -0.4054 0.8774
vn 0.1020 -0.9420 0.3199
vn -0.0783 -0.9963 -0.0360
vn 0.1116 -0.9690 0.2204
vn -0.6425 -0.7474 0.1691
vn 0.1800 -0.0137 0.9836
vn -0.8552 -0.4631 0.2328
vn -0.6417 -0.4865 -0.5929
vn -0.2184 -0.9727 -0.0781
vn -0.4742 -0.8795 -0.0408
vn -0.2448 -0.1656 -0.9553
vn -0.6567 -0.6098 -0.4438
vn 0.0389 -0.5597 -0.8278
vn 0.8235 0.4902 0.2856
vn 0.7948 0.2788 0.5391
vn 0.8635 0.3102 0.3976
vn 0.3455 -0.6463 -0.6804
vn -0.0192 -0.4403 -0.8976
vn 0.3439 -0.6265 0.6994
vn 0.4172 -0.5083 0.7534
vn 0.1590 -0.4568 -0.8752
vn 0.1651 -0.9857 0.0327
vn -0.0921 0.3331 0.9384
vn -0.0936 -0.6758 0.7311
vn -0.0966 -0.1364 0.9859
vn -0.5531 -0.3772 0.7428
vn -0.1086 0.1101 0.9880
vn -0.4688 -0.4560 0.7565
vn -0.2357 0.2955 0.9258
vn -0.4113 -0.5139 0.7528
vn -0.0875 0.1128 0.9898
vn -0.1935 0.7028 0.6846
vn -0.0515 0.1400 0.9888
vn -0.2810 0.6388 0.7162
vn -0.0978 0.7041 0.7033
vn -0.1079 0.1471 0.9832
vn -0.7399 0.0441 0.6712
vn -0.2499 -0.0393 0.9675
vn -0.7872 0.3991 0.4702
vn -0.8176 0.0169 0.5756
vn -0.2573 0.0185 0.9661
vn -0.7629 -0.0496 0.6446
vn -0.2575 -0.0157 0.9662
vn -0.2526 -0.0351 0.9669
vn -0.7419 -0.1720 0.6481
vn -0.7778 -0.0114 0.6284
vn -0.1096 -0.1399 0.9841
vn -0.2169 -0.7258 0.6528
vn -0.1798 -0.0740 0.9809
vn -0.1729 -0.0801 0.9817
vn -0.4798 -0.5910 0.6485
vn -0.2507 -0.6155 0.7472
vn -0.8653 -0.2668 0.4244
vn -0.8961 0.2762 0.3473
vn -0.8626 0.3571 0.3583
vn -0.9837 -0.1301 0.1238
vn -0.2410 -0.5641 0.7898
vn -0.8332 0.3355 0.4395
vn -0.8899 0.2702 0.3675
vn -0.6154 -0.5324 0.5812
vn -0.5332 0.3059 0.7887
vn -0.7323 0.0285 -0.6803
vn -0.3702 0.2387 -0.8977
vn -0.7145 0.0208 0.6993
vn -0.6465 -0.1075 0.7553
vn -0.4771 0.0889 -0.8744
vn -0.9377 0.3445 0.0444
vn 0.9580 -0.2500 0.1403
vn 0.2947 -0.4103 -0.8630
vn 0.6160 -0.7439 0.2591
vn -0.3478 -0.0707 0.9349
vn -0.9338 -0.0340 0.3561
vn -0.4352 -0.3548 0.8275
vn 0.2729 -0.1810 0.9449
vn 0.2501 -0.2177 0.9434
vn -0.3725 -0.0762 0.9249
vn -0.3528 -0.0040 0.9357
vn 0.2322 -0.1906 0.9538
vn -0.3296 -0.0895 0.9399
vn -0.8267 0.1879 0.5304
vn -0.8921 0.1076 0.4389
vn -0.6045 -0.6071 0.5158
vn -0.0648 -0.3987 0.9148
vn -0.1120 -0.1561 0.9814
vn -0.1117 -0.1563 0.9814
vn 0.1460 -0.3027 0.9418
vn -0.1672 -0.2078 0.9638
vn -0.2920 -0.3823 0.8767
vn -0.3212 0.0453 0.9459
vn -0.1905 -0.5544 0.8101
vn 0.5700 -0.2751 0.7743
vn 0.0621 -0.1881 0.9802
vn 0.1379 -0.4003 0.9059
vn 0.1450 -0.4007 0.9047
vn 0.1285 -0.1709 0.9769
vn 0.5290 -0.5637 0.6344
vn -0.4645 -0.5431 0.6995
vn -0.2978 -0.6665 0.6834
vn 0.2979 -0.6838 0.6661
vn 0.5110 -0.3947 0.7636
vn -0.8059 0.0056 0.5921
vn -0.2668 -0.0325 0.9632
vn -0.7424 -0.0123 0.6698
vn -0.6265 0.2560 0.7362
vn -0.1756 0.0009 0.9845
vn -0.3811 -0.6103 0.6945
vn -0.1986 0.1586 0.9672
vn -0.1089 -0.5154 0.8500
vn 0.4051 -0.0973 0.9091
vn -0.4721 0.7396 0.4797
vn -0.7164 0.2633 0.6461
vn -0.5174 0.5059 0.6901
vn -0.8036 -0.5088 0.3089
vn -0.9121 -0.4099 0.0034
vn -0.8301 -0.5143 0.2155
vn -0.9927 0.0209 -0.1190
vn -0.6400 -0.6481 -0.4128
vn -0.5883 -0.2694 -0.7625
vn -0.3810 -0.6259 -0.6805
vn -0.3892 -0.2070 -0.8976
vn -0.3646 -0.6148 0.6994
vn -0.2304 -0.6186 0.7512
vn -0.3160 -0.3628 -0.8766
vn -0.7757 -0.6307 0.0211
vn 0.1265 0.1542 0.9799
vn -0.3422 0.6544 0.6743
vn -0.3838 0.5063 0.7722
vn 0.0457 -0.3723 0.9270
vn 0.6707 -0.1693 0.7222
vn 0.5929 -0.5080 0.6248
vn 0.0142 -0.8150 0.5793
vn 0.5129 -0.8405 0.1747
vn -0.0937 -0.8828 0.4603
vn -0.6395 -0.1650 0.7509
vn -0.0320 -0.2341 0.9717
vn -0.6431 -0.2837 0.7113
vn -0.4387 -0.8477 0.2984
vn -0.1424 -0.5088 0.8490
vn -0.0720 -0.6465 0.7595
vn -0.3988 -0.8734 0.2797
vn 0.0223 -0.6672 0.7445
vn -0.5038 -0.7629 0.4052
vn -0.5501 -0.6542 0.5190
vn 0.1030 -0.8594 0.5009
vn 0.0035 -0.9283 0.3718
vn -0.6236 -0.6976 0.3529
vn -0.0934 -0.9831 0.1575
vn -0.6871 -0.7251 -0.0447
vn -0.6281 -0.7736 0.0835
vn -0.0319 -0.9746 0.2216
vn -0.0265 -0.9971 0.0711
vn -0.4245 -0.0109 0.9054
vn -0.4177 -0.0695 0.9059
vn 0.1024 -0.0964 0.9901
vn -0.4956 -0.0090 0.8685
vn 0.0292 -0.0342 0.9990
vn -0.0908 0.3362 0.9374
vn -0.1067 -0.5827 0.8057
vn -0.9336 -0.2388 0.2672
vn 0.1749 -0.9411 0.2893
vn 0.0560 -0.7891 0.6117
vn -0.2929 -0.9504 0.1046
vn -0.3225 -0.8999 0.2936
vn -0.0369 -0.7122 0.7010
vn -0.4712 -0.7960 0.3799
vn -0.0322 -0.7140 0.6995
vn -0.4277 -0.3068 0.8503
vn -0.4260 0.6979 0.5757
vn 0.0056 -0.0720 0.9974
vn 0.6860 -0.2213 0.6931
vn -0.4891 -0.6642 0.5654
vn -0.1224 -0.8900 0.4391
vn -0.5744 -0.5970 0.5601
vn 0.5570 -0.0732 0.8273
vn -0.6142 -0.4473 0.6502
vn -0.5119 -0.4064 0.7568
vn -0.6248 0.7808 0.0070
vn -0.4259 -0.3396 0.8386
vn -0.3461 -0.1230 0.9301
vn -0.8409 0.2595 0.4748
vn -0.8593 0.3024 0.4126
vn -0.8821 -0.0670 0.4662
vn -0.3365 0.4936 0.8019
vn -0.8907 -0.0813 0.4472
vn -0.2552 -0.3253 0.9105
vn 0.1830 -0.1698 0.9683
vn -0.3088 -0.4825 0.8197
vn -0.4269 -0.8235 0.3737
vn -0.3098 -0.9102 0.2750
vn -0.7048 -0.4611 -0.5392
vn -0.9438 -0.2892 -0.1599
vn -0.6319 -0.7485 0.2010
vn 0.5748 -0.8183 -0.0032
vn -0.5130 -0.1698 0.8414
vn -0.8908 -0.4139 0.1876
vn -0.5974 -0.1924 0.7785
vn -0.2554 -0.7661 0.5898
vn -0.8865 -0.0033 0.4627
vn -0.2336 -0.6557 0.7179
vn -0.4355 -0.6621 0.6099
vn -0.9962 -0.0147 0.0857
vn -0.9199 0.1036 0.3783
vn -0.5414 -0.8293 0.1387
vn -0.3060 -0.4020 0.8630
vn -0.8497 -0.5095 0.1357
vn 0.9531 -0.2787 0.1183
vn 0.1344 -0.5717 0.8094
vn -0.0789 -0.9818 0.1726
vn 0.5172 -0.6731 0.5286
vn 0.9188 -0.0369 -0.3929
vn 0.2781 -0.9292 0.2434
vn 0.6131 -0.3448 0.7108
vn 0.9004 0.2323 -0.3678
vn 0.5667 -0.4886 0.6634
vn 0.0403 -0.4653 0.8843
vn 0.5379 -0.3505 0.7667
vn 0.4906 -0.4795 0.7276
vn -0.0155 -0.7131 0.7009
vn 0.5211 -0.6750 0.5223
vn 0.4526 -0.7825 0.4275
vn 0.1827 -0.9273 -0.3266
vn 0.2496 -0.9311 0.2661
vn 0.3271 -0.9404 0.0932
vn -0.0884 -0.0733 0.9934
vn -0.0921 -0.1140 0.9892
vn 0.4234 -0.0977 0.9006
vn 0.5967 -0.0715 0.7993
vn 0.6078 0.0061 0.7941
vn 0.2721 0.4261 0.8628
vn 0.0909 -0.1277 0.9876
vn 0.2403 -0.6442 0.7261
vn 0.0802 -0.6545 0.7518
vn 0.0208 -0.1442 0.9893
vn 0.1086 -0.6548 0.7479
vn -0.5851 -0.0830 0.8067
vn -0.0285 -0.0839 0.9961
vn -0.3048 0.5846 0.7519
vn -0.1675 0.6082 0.7759
vn 0.0332 -0.0432 0.9985
vn -0.4486 0.4700 0.7602
vn 0.6221 -0.0522 0.7812
vn -0.1337 -0.7531 0.6442
vn -0.1195 -0.7295 0.6734
vn 0.2552 -0.3862 0.8864
vn -0.1587 -0.9255 0.3439
vn -0.0851 -0.9609 0.2634
vn 0.2578 -0.7155 0.6493
vn 0.7812 0.2442 0.5745
vn 0.7248 -0.4811 0.4932
vn 0.4062 -0.1326 0.9041
vn 0.1778 -0.3550 0.9178
vn 0.6111 0.3381 0.7157
vn 0.6304 0.2846 0.7222
vn -0.3685 -0.8896 0.2700
vn 0.7971 -0.5923 -0.1174
vn 0.8307 -0.5511 0.0788
vn -0.3006 -0.9298 0.2124
vn 0.9994 0.0094 0.0326
vn 0.5589 -0.2524 0.7899
vn 0.6237 -0.0063 0.7816
vn 0.2498 -0.8763 0.4119
vn -0.6397 -0.7063 0.3032
vn 0.1760 -0.7520 0.6352
vn 0.2738 -0.6157 0.7389
vn 0.8452 -0.5243 0.1039
vn 0.9362 0.2786 -0.2141
vn 0.8271 -0.0182 0.5618
vn -0.7400 0.0606 0.6699
vn 0.3235 -0.8904 0.3202
vn 0.3715 -0.8662 0.3341
vn 0.4719 -0.6884 0.5508
vn 0.3422 0.4392 0.8306
vn 0.2897 -0.4741 0.8314
vn 0.3382 0.4789 0.8101
vn 0.0495 -0.8163 0.5755
vn 0.2499 -0.7145 0.6535
vn 0.0124 -0.7240 0.6897
vn 0.3749 -0.5082 0.7754
vn 0.5425 -0.5384 0.6449
vn 0.4918 0.5047 0.7095
vn -0.2400 -0.4635 0.8530
vn -0.3737 0.4657 0.8022
vn -0.3948 0.5155 0.7605
vn -0.4220 -0.8186 0.3895
vn -0.1148 -0.9154 0.3858
vn -0.2561 -0.7637 0.5925
vn -0.6230 -0.6547 0.4281
vn -0.4237 -0.6916 0.5850
vn -0.6431 -0.5649 0.5170
vn -0.4246 -0.5550 0.7154
vn -0.1648 -0.6438 0.7473
vn -0.0504 -0.5244 0.8500
vn -0.5234 -0.5149 0.6789
vn -0.3454 -0.4635 0.8160
vn -0.4649 0.5049 0.7273
vn 0.3175 -0.6291 0.7096
vn 0.7468 -0.4819 0.4583
vn 0.3507 -0.7250 0.5928
vn -0.6446 0.0253 -0.7641
vn -0.6176 0.3056 0.7247
vn -0.6241 -0.2384 -0.7441
vn 0.0854 -0.6195 -0.7803
vn 0.2471 -0.5803 0.7760
vn 0.3236 -0.5145 -0.7941
vn 0.2841 -0.5056 -0.8147
vn 0.2130 -0.6218 0.7536
vn 0.4356 -0.5091 0.7423
vn 0.4356 0.5091 -0.7423
vn 0.2841 0.5056 0.8147
vn 0.2130 0.6218 -0.7536
vn 0.2471 0.5803 -0.7760
vn 0.3236 0.5145 0.7941
vn 0.0854 0.6195 0.7803
vn -0.6176 -0.3056 -0.7247
vn -0.6241 0.2384 0.7441
vn -0.6446 -0.0253 0.7641
vn -0.6788 0.1000 -0.7275
vn -0.5663 0.0750 0.8208
vn -0.6581 -0.1782 -0.7315
vn -0.3632 -0.4314 -0.8258
vn -0.6248 -0.2972 0.7220
vn -0.4648 -0.5156 0.7198
vn 0.1440 -0.6791 -0.7198
vn 0.0982 -0.5552 0.8259
vn 0.3919 -0.5703 -0.7219
vn 0.5280 -0.2179 -0.8208
vn 0.4812 -0.4831 0.7315
vn 0.6380 -0.2524 0.7275
vn 0.4370 0.5311 -0.7259
vn 0.3279 0.4585 0.8260
vn 0.2014 0.6504 -0.7324
vn -0.0550 0.5609 -0.8260
vn 0.1503 0.6641 0.7324
vn -0.1133 0.6785 0.7258
vn -0.4332 -0.5016 -0.7488
vn -0.3126 -0.5007 0.8072
vn -0.1965 -0.6213 -0.7586
vn -0.2166 -0.5900 -0.7778
vn -0.3383 -0.5117 0.7897
vn -0.0880 -0.6220 0.7781
vn 0.6196 0.2674 -0.7380
vn 0.6191 -0.2324 0.7501
vn 0.6404 0.0450 0.7667
vn 0.6404 -0.0450 -0.7667
vn 0.6196 -0.2674 0.7380
vn 0.6191 0.2324 -0.7501
vn -0.0880 0.6220 -0.7781
vn -0.2166 0.5900 0.7778
vn -0.3383 0.5117 -0.7897
vn -0.3126 0.5007 -0.8072
vn -0.1965 0.6213 0.7586
vn -0.4332 0.5016 0.7488
vn -0.3024 -0.5000 -0.8115
vn -0.1463 -0.6585 0.7382
vn -0.0375 -0.5603 -0.8274
vn -0.2471 -0.5803 -0.7760
vn -0.3236 -0.5145 0.7941
vn -0.0854 -0.6195 0.7803
vn 0.6176 0.3056 -0.7247
vn 0.6241 -0.2384 0.7441
vn 0.6446 0.0253 0.7641
vn 0.7014 0.1353 -0.6998
vn 0.5848 -0.1345 0.7999
vn 0.6275 0.3682 -0.6860
vn -0.5083 0.3127 -0.8024
vn -0.1710 0.7181 0.6746
vn -0.3905 0.6099 0.6896
vn -0.5386 0.4335 -0.7225
vn -0.2738 0.5814 0.7662
vn -0.6751 0.2193 -0.7044
vn -0.4649 -0.3548 -0.8112
vn -0.6841 -0.0829 0.7247
vn -0.5939 -0.3436 0.7275
vn -0.3436 -0.5939 -0.7275
vn -0.3548 -0.4649 0.8112
vn -0.0829 -0.6841 -0.7247
vn 0.3548 -0.4649 -0.8112
vn 0.0829 -0.6841 0.7247
vn 0.3436 -0.5939 0.7275
vn 0.5939 -0.3436 -0.7275
vn 0.4649 -0.3548 0.8112
vn 0.6841 -0.0829 -0.7247
vn 0.4649 0.3548 -0.8112
vn 0.6841 0.0829 0.7247
vn 0.5939 0.3436 0.7275
vn 0.3436 0.5939 -0.7275
vn 0.3548 0.4649 0.8112
vn 0.0829 0.6841 -0.7247
vn -0.3548 0.4649 -0.8112
vn -0.0829 0.6841 0.7247
vn -0.3436 0.5939 0.7275
vn -0.5939 0.3436 -0.7275
vn -0.4649 0.3548 0.8112
vn -0.6841 0.0829 -0.7247
vn 0.3987 0.5880 -0.7038
vn -0.3201 0.5001 -0.8047
vn -0.0688 0.8253 -0.5604
vn -0.2455 0.8959 -0.3702
vn -0.5036 0.5463 -0.6693
vn -0.6239 0.7743 0.1062
vn -0.4981 0.4647 -0.7321
vn -0.6398 0.7626 0.0953
vn -0.6191 0.7740 0.1328
vn 0.6853 -0.6432 -0.3417
vn 0.3757 -0.9154 0.1447
vn 0.3597 -0.9271 0.1051
vn 0.6201 -0.6768 -0.3967
vn 0.3512 -0.9313 0.0963
vn 0.7433 -0.2091 -0.6354
vn 0.8188 -0.1722 -0.5476
vn 0.3524 -0.9304 0.1008
vn 0.2539 -0.6892 -0.6786
vn -0.3022 0.5922 -0.7470
vn -0.5888 -0.0414 -0.8072
vn -0.7460 0.2982 -0.5954
vn -0.8947 0.2401 -0.3767
vn -0.7265 -0.1749 -0.6645
vn -0.9846 -0.1402 0.1040
vn -0.6706 -0.1214 -0.7318
vn -0.9843 -0.1447 0.1011
vn -0.9822 -0.1264 0.1390
vn 0.8989 0.2429 -0.3647
vn 0.9800 -0.1554 0.1239
vn 0.9800 -0.1803 0.0837
vn 0.8962 0.1989 -0.3966
vn 0.9822 -0.1613 0.0964
vn 0.5527 0.5393 -0.6354
vn 0.5586 0.6230 -0.5476
vn 0.9819 -0.1600 0.1009
vn 0.7239 -0.1246 -0.6786
vn -0.6340 0.0345 -0.7726
vn -0.2445 -0.5223 -0.8170
vn -0.6006 -0.5029 -0.6216
vn -0.6486 -0.6598 -0.3794
vn -0.1986 -0.7230 -0.6617
vn -0.3634 -0.9264 0.0985
vn -0.2288 -0.6200 -0.7505
vn -0.3365 -0.9386 0.0766
vn -0.3571 -0.9300 0.0875
vn 0.3015 0.8490 -0.4339
vn 0.6178 0.7777 0.1166
vn 0.6388 0.7653 0.0797
vn 0.0709 0.9627 -0.2611
vn 0.5151 0.8426 0.1573
vn -0.4004 0.7979 -0.4506
vn -0.2605 0.7950 -0.5478
vn 0.6296 0.7704 0.1002
vn 0.4697 0.5641 -0.6791
vn -0.6746 0.0977 -0.7317
vn 0.0251 -0.4596 -0.8878
vn 0.4941 -0.5463 -0.6763
vn 0.3492 -0.2998 -0.8878
vn -0.6814 0.0167 -0.7317
vn -0.2563 0.7828 -0.5670
vn 0.0997 -0.4493 -0.8878
vn -0.3536 0.7440 -0.5670
vn 0.4286 0.1679 -0.8878
vn 0.4313 0.1608 -0.8878
vn -0.2960 0.7687 -0.5670
vn 0.4537 0.5735 -0.6821
vn 0.5797 0.5852 -0.5670
vn 0.7295 -0.0507 -0.6821
vn -0.0506 0.6797 -0.7317
vn -0.3533 -0.2950 -0.8878
vn -0.7305 -0.0240 -0.6825
vn -0.4386 0.6972 -0.5670
vn -0.3674 -0.2773 -0.8878
vn -0.4637 0.6808 -0.5670
vn 0.3348 -0.3159 -0.8878
vn 0.4366 -0.1458 -0.8878
vn -0.5289 0.4299 -0.7317
vn 0.4625 -0.5733 -0.6763
vn -0.2621 -0.6884 -0.6763
vn 0.0943 -0.4505 -0.8878
vn 0.1086 0.6729 -0.7317
vn 0.3209 -0.6571 -0.6821
vn 0.5634 0.3836 -0.7317
vn 0.7966 -0.2095 -0.5670
vn -0.4299 0.1644 -0.8878
vn -0.3823 0.6230 -0.6825
vn 0.3861 0.7276 -0.5670
vn -0.4243 0.1785 -0.8878
vn 0.3605 0.7406 -0.5670
vn -0.1032 -0.4485 -0.8878
vn -0.9548 -0.1849 -0.2327
vn -0.3804 0.6707 -0.6368
vn -0.7972 0.1655 -0.5806
vn -0.8594 -0.1400 -0.4918
vn -0.7280 -0.1653 -0.6654
vn -0.6983 -0.7138 -0.0531
vn 0.8406 0.3300 -0.4294
vn 0.4801 0.5851 -0.6536
vn -0.0336 0.5914 -0.8056
vn -0.4706 0.7710 -0.4290
vn 0.6368 0.6376 -0.4334
vn -0.1921 0.7702 -0.6081
vn -0.3875 0.7129 -0.5845
vn -0.3703 0.6276 -0.6848
vn -0.9317 0.3592 -0.0545
vn 0.7061 -0.5630 -0.4295
vn 0.7467 -0.1232 -0.6537
vn 0.4954 0.3249 -0.8056
vn 0.4325 0.7930 -0.4291
vn 0.8706 -0.2327 -0.4335
vn 0.5711 0.5514 -0.6081
vn 0.4160 0.7610 -0.4978
vn 0.3668 0.7086 -0.6028
vn -0.2412 0.9703 -0.0200
vn -0.9105 0.4126 0.0286
vn -0.8662 0.4042 -0.2939
vn -0.5238 -0.8445 0.1113
vn -0.5080 -0.8575 0.0822
vn -0.8764 0.3850 -0.2894
vn -0.4955 -0.8672 -0.0496
vn 0.0118 -0.9965 -0.0828
vn 0.2369 -0.8603 0.4514
vn -0.2905 -0.9503 0.1116
vn 0.1077 0.9871 -0.1183
vn -0.0508 0.8308 -0.5542
vn -0.4317 0.8958 -0.1058
vn -0.5330 0.8451 -0.0425
vn -0.8493 -0.4272 -0.3100
vn -0.8562 -0.4598 -0.2355
vn 0.3463 -0.9335 0.0926
vn 0.7760 -0.6019 0.1883
vn 0.2142 -0.9574 0.1937
vn 0.2475 -0.9679 -0.0435
vn 0.1137 -0.9919 0.0573
vn 0.0191 -0.6839 -0.7293
vn -0.7328 -0.5142 -0.4456
vn -0.5360 -0.8424 0.0550
vn -0.7947 -0.6006 0.0881
vn -0.7813 -0.3411 -0.5228
vn -0.9166 -0.3998 0.0084
vn -0.8129 -0.3424 -0.4711
vn 0.8262 -0.3030 -0.4750
vn 0.8648 -0.5018 0.0190
vn 0.7974 -0.3272 -0.5071
vn 0.7888 -0.4381 -0.4312
vn 0.7732 -0.6207 0.1295
vn 0.5628 -0.7359 0.3764
vn 0.6406 -0.2828 -0.7139
vn 0.7499 -0.2341 -0.6188
vn 0.3814 -0.2970 -0.8754
vn -0.5231 -0.2155 -0.8246
vn -0.5684 0.0195 -0.8225
vn -0.5512 -0.2279 -0.8026
vn -0.3759 -0.2892 -0.8804
vn -0.2598 -0.4923 -0.8307
vn -0.0824 -0.2484 -0.9651
vn -0.1987 -0.8905 -0.4093
vn -0.2175 -0.8995 -0.3789
vn -0.0758 -0.9278 -0.3652
vn -0.1526 -0.8719 -0.4653
vn -0.0347 -0.9026 -0.4291
vn 0.0304 -0.8729 -0.4870
vn -0.7401 -0.0385 -0.6714
vn -0.1524 -0.5750 -0.8039
vn 0.1038 -0.5007 -0.8594
vn -0.8206 0.1822 -0.5417
vn -0.8163 0.1657 -0.5534
vn -0.8120 -0.0911 -0.5764
vn -0.5760 -0.5834 -0.5726
vn -0.7902 -0.4016 -0.4629
vn -0.4827 -0.6495 -0.5875
vn 0.2165 -0.1815 -0.9593
vn 0.0052 -0.3707 -0.9287
vn -0.5565 0.5953 -0.5796
vn -0.1277 -0.5728 -0.8097
vn -0.4704 -0.4889 -0.7347
vn -0.3653 -0.5322 -0.7638
vn -0.8435 0.2665 -0.4664
vn -0.7009 0.1966 -0.6856
vn -0.8701 0.2367 -0.4324
vn -0.7959 0.3523 -0.4924
vn -0.6530 0.2633 -0.7101
vn -0.5937 0.1932 -0.7812
vn -0.8928 -0.1715 -0.4166
vn -0.9051 -0.1934 -0.3788
vn -0.7089 -0.6152 -0.3450
vn -0.4905 -0.7753 -0.3979
vn -0.8423 -0.1101 -0.5276
vn -0.1566 -0.7352 -0.6595
vn -0.0675 0.6295 -0.7741
vn -0.4717 0.3056 -0.8271
vn -0.3507 0.2638 -0.8986
vn -0.8340 0.1919 -0.5172
vn -0.5041 0.6363 -0.5839
vn -0.5354 0.1809 -0.8250
vn -0.3724 0.2285 -0.8995
vn 0.0084 0.6360 -0.7717
vn -0.1243 0.6643 -0.7370
vn -0.3760 0.2210 -0.8999
vn -0.3056 0.1454 -0.9410
vn 0.2189 0.5374 -0.8144
vn 0.4024 0.6933 -0.5979
vn 0.8411 -0.0336 -0.5399
vn 0.5057 0.1211 -0.8541
vn 0.7518 0.4104 -0.5162
vn 0.5670 0.6127 -0.5505
vn 0.4810 0.1563 -0.8627
vn 0.4357 0.2258 -0.8713
vn 0.2985 0.7432 -0.5988
vn 0.3166 0.1974 -0.9278
vn 0.6176 -0.3335 -0.7123
vn 0.0065 -0.4452 -0.8954
vn 0.5400 -0.3827 -0.7496
vn 0.8044 0.3294 -0.4945
vn 0.8424 0.3139 -0.4380
vn 0.7070 0.1496 -0.6912
vn 0.6662 0.1454 -0.7314
vn 0.8726 0.0406 -0.4868
vn 0.5636 0.1827 -0.8056
vn 0.7509 -0.4391 -0.4933
vn 0.8361 0.0022 -0.5485
vn 0.5077 -0.5947 -0.6233
vn 0.0074 -0.8191 -0.5735
vn 0.0536 -0.8247 -0.5630
vn 0.2580 -0.8290 -0.4962
vn 0.3347 -0.7815 -0.5265
vn 0.2896 -0.7907 -0.5393
vn 0.3937 -0.7674 -0.5061
vn 0.7889 -0.1009 -0.6062
vn -0.2350 -0.6388 -0.7326
vn 0.5750 -0.6383 -0.5118
vn 0.2196 0.0107 -0.9755
vn 0.2002 -0.8717 -0.4472
vn 0.7727 0.2056 -0.6006
vn 0.6512 0.1359 -0.7466
vn 0.0275 -0.8937 -0.4478
vn 0.3740 -0.6716 -0.6396
vn 0.8887 -0.4564 -0.0441
vn 0.8965 0.4077 0.1735
vn 0.8347 -0.4187 0.3577
vn -0.6703 0.2085 -0.7122
vn -0.8944 0.1345 -0.4266
vn -0.7176 -0.6112 -0.3338
vn -0.7618 0.2034 -0.6151
vn -0.1799 -0.8722 -0.4548
vn -0.2016 0.0512 -0.9781
vn -0.9381 0.0395 -0.3440
vn -0.8432 0.5356 -0.0461
vn -0.9319 0.3618 -0.0261
vn -0.8912 0.1805 -0.4161
vn -0.8592 0.5080 -0.0617
vn -0.8759 0.1801 -0.4477
vn 0.2272 0.8583 -0.4600
vn -0.5285 -0.1680 -0.8321
vn -0.0310 0.0001 -0.9995
vn -0.0584 -0.9924 -0.1084
vn 0.0789 -0.8460 -0.5273
vn 0.4634 -0.8837 -0.0661
vn 0.5440 -0.8325 0.1053
vn 0.9457 -0.2643 -0.1894
vn 0.8955 -0.4280 0.1220
vn 0.7224 0.6150 0.3160
vn 0.8321 0.3663 -0.4164
vn 0.4414 0.8903 -0.1119
vn 0.5240 0.8490 -0.0686
vn 0.8806 0.3000 -0.3669
vn 0.5272 0.8424 -0.1119
vn 0.8622 0.1507 -0.4837
vn 0.9269 0.3733 -0.0391
vn 0.8845 0.1722 -0.4336
vn 0.9002 0.1358 -0.4138
vn 0.9396 0.3399 -0.0412
vn 0.9448 -0.1580 -0.2871
vn -0.4353 -0.4116 0.8007
vn -0.5025 -0.0719 0.8616
vn -0.7417 -0.1996 0.6403
vn -0.7815 -0.4769 0.4023
vn -0.4705 -0.7074 0.5274
vn -0.5697 -0.4571 0.6830
vn -0.8229 -0.4386 0.3613
vn -0.6049 -0.3795 0.7000
vn -0.8291 -0.3509 0.4354
vn -0.5622 -0.0415 0.8260
vn -0.5922 0.1226 0.7964
vn -0.8007 -0.0106 0.5990
vn -0.5532 0.0623 0.8307
vn -0.7932 -0.0362 0.6079
vn -0.7974 -0.0314 0.6026
vn -0.8984 -0.4385 0.0252
vn -0.6190 0.7375 -0.2701
vn 0.5104 -0.7551 0.4115
vn -0.2806 -0.3180 -0.9056
vn -0.8967 -0.3446 0.2778
vn -0.5395 0.3681 -0.7573
vn -0.5540 0.7427 -0.3762
vn -0.9321 -0.3161 0.1769
vn -0.9326 -0.3546 0.0673
vn -0.9724 -0.1228 0.1982
vn -0.4453 0.2684 -0.8542
vn -0.9543 0.0051 0.2988
vn -0.5600 -0.6000 0.5713
vn -0.5532 -0.4640 0.6919
vn -0.4228 -0.2422 0.8733
vn -0.3176 -0.4941 0.8093
vn 0.0518 -0.1779 0.9827
vn -0.4995 -0.2985 0.8132
vn -0.8812 0.2504 -0.4010
vn -0.5347 -0.8180 0.2121
vn -0.5635 -0.6885 0.4566
vn -0.9702 -0.1970 -0.1411
vn -0.6154 -0.6314 0.4718
vn -0.9981 -0.0521 -0.0341
vn -0.8765 0.4480 -0.1762
vn -0.7598 0.6167 -0.2058
vn -0.7910 0.5071 -0.3422
vn -0.9358 0.3109 -0.1662
vn -0.8641 0.3824 -0.3272
vn -0.9482 0.1934 -0.2519
vn -0.9043 0.2069 -0.3734
vn -0.8171 0.4016 -0.4136
vn -0.8136 0.3175 -0.4871
vn -0.8861 0.1938 -0.4211
vn -0.7715 0.2660 -0.5779
vn -0.8043 0.1046 -0.5849
vn -0.3216 0.3004 -0.8980
vn -0.3199 0.4493 -0.8341
vn -0.3984 0.5965 -0.6967
vn -0.6708 0.0452 -0.7403
vn -0.8965 0.2122 -0.3890
vn -0.8912 0.0788 -0.4467
vn -0.9389 0.0497 -0.3405
vn -0.8556 0.0252 -0.5170
vn -0.8938 0.3881 -0.2248
vn 0.3585 -0.5198 0.7754
vn -0.2102 -0.7410 0.6377
vn 0.3454 -0.7560 0.5560
vn 0.3216 -0.8983 0.2995
vn -0.2537 -0.9024 0.3484
vn -0.2357 -0.9693 0.0705
vn -0.1554 -0.4542 0.8772
vn -0.7063 -0.1035 0.7003
vn -0.4610 -0.5622 0.6866
vn -0.2470 -0.0989 0.9640
vn -0.2411 -0.0132 0.9704
vn -0.5348 0.4886 0.6894
vn -0.3171 -0.1081 0.9422
vn -0.8192 -0.0537 0.5709
vn -0.8003 -0.0380 0.5984
vn -0.8255 0.0540 -0.5618
vn 0.0006 0.6268 -0.7792
vn 0.0595 0.5495 -0.8333
vn 0.0171 0.7057 -0.7083
vn 0.5046 0.8597 -0.0794
vn 0.2704 0.2553 -0.9283
vn -0.2888 0.3805 -0.8785
vn -0.0482 0.9978 -0.0458
vn -0.3594 0.9330 -0.0204
vn -0.0065 0.9526 -0.3042
vn -0.6647 0.7268 -0.1731
vn 0.0219 0.9663 -0.2566
vn 0.7756 0.6111 0.1580
vn -0.4621 0.8868 -0.0028
vn -0.5131 0.8311 -0.2146
vn -0.4581 0.8747 -0.1584
vn -0.6093 0.7826 0.1277
vn -0.5809 0.8137 0.0221
vn -0.5204 0.5321 -0.6678
vn 0.1987 0.3690 -0.9079
vn -0.6393 -0.2427 -0.7296
vn 0.8251 -0.1081 0.5545
vn 0.5431 -0.4418 0.7140
vn 0.8912 -0.2205 0.3965
vn 0.4883 -0.8241 0.2870
vn 0.8340 -0.4744 0.2818
vn 0.4797 -0.6996 0.5295
vn -0.0641 -0.1835 0.9809
vn 0.3052 -0.4864 0.8187
vn 0.5078 -0.2973 0.8085
vn -0.0481 -0.7691 0.6374
vn 0.6093 -0.6695 0.4249
vn 0.5203 -0.5590 0.6456
vn -0.1283 -0.2552 0.9583
vn -0.3014 -0.7913 0.5319
vn 0.1867 -0.7081 0.6809
vn -0.6997 -0.6678 0.2538
vn -0.1626 -0.9611 0.2232
vn -0.6550 -0.5907 0.4713
vn -0.7023 -0.5798 0.4131
vn -0.2463 -0.9634 0.1060
vn -0.2074 -0.8551 0.4752
vn -0.6654 -0.4816 0.5704
vn -0.0942 -0.8523 0.5146
vn -0.1147 -0.4814 0.8690
vn -0.1769 -0.1373 0.9746
vn -0.1743 -0.0524 0.9833
vn -0.7327 -0.1295 0.6681
vn -0.2009 -0.1420 0.9693
vn -0.7635 -0.0645 0.6426
vn -0.7244 -0.1499 0.6729
vn -0.3578 -0.7566 0.5473
vn 0.1977 -0.7537 0.6268
vn -0.3911 -0.4692 0.7918
vn -0.3618 -0.4033 0.8405
vn 0.1867 -0.7444 0.6411
vn 0.1959 -0.4506 0.8710
vn 0.7985 -0.0403 0.6007
vn 0.7224 0.3344 0.6052
vn 0.3103 -0.0183 0.9505
vn 0.7946 -0.0809 0.6017
vn 0.3062 -0.0258 0.9516
vn 0.3109 -0.1044 0.9447
vn -0.0662 0.9542 -0.2918
vn 0.5340 0.8000 -0.2735
vn -0.2094 0.9159 -0.3425
vn 0.8704 0.3203 -0.3740
vn -0.1696 0.9805 -0.0988
vn -0.1339 0.9906 0.0264
vn 0.8529 0.4962 -0.1625
vn -0.3161 0.9472 -0.0545
vn -0.9082 -0.2514 0.3345
vn 0.2477 0.9674 -0.0527
vn -0.3300 0.9167 -0.2254
vn -0.2101 0.9129 -0.3499
vn 0.1482 -0.9854 0.0836
vn 0.2691 -0.9552 0.1233
vn 0.1122 -0.8830 0.4558
vn 0.1042 -0.7972 0.5946
vn 0.3197 -0.9068 0.2749
vn 0.2663 -0.7610 0.5916
vn 0.0717 -0.8647 0.4972
vn 0.2784 -0.7886 0.5483
vn 0.0862 -0.5025 0.8603
vn 0.2361 -0.1366 0.9621
vn 0.2425 -0.0343 0.9696
vn 0.1379 -0.0575 0.9888
vn 0.2673 -0.1387 0.9536
vn 0.1728 -0.0551 0.9834
vn 0.1702 -0.1418 0.9751
vn 0.1836 -0.9717 0.1484
vn 0.7381 -0.6629 0.1255
vn 0.1658 -0.9738 0.1557
vn 0.4143 -0.8805 0.2306
vn 0.2959 -0.9389 0.1759
vn 0.3185 -0.8819 0.3477
vn 0.0773 -0.7274 0.6819
vn 0.0904 -0.8169 0.5697
vn -0.0130 -0.8354 0.5494
vn 0.0483 -0.8338 0.5500
vn 0.0488 -0.7425 0.6681
vn 0.1432 -0.7786 0.6109
vn 0.1897 -0.3514 0.9168
vn 0.2256 -0.3438 0.9116
vn 0.1863 -0.5034 0.8438
vn 0.2129 -0.4891 0.8458
vn 0.2815 -0.3310 0.9007
vn 0.3104 -0.5058 0.8049
vn -0.0743 0.7643 -0.6406
vn 0.1533 0.6946 -0.7028
vn 0.0480 0.6721 -0.7389
vn -0.9120 -0.3951 -0.1101
vn 0.1438 0.9475 -0.2857
vn -0.2395 -0.9018 -0.3596
vn -0.2204 -0.9036 -0.3672
vn -0.1106 0.9743 -0.1962
vn 0.2753 0.5684 -0.7753
vn -0.9874 -0.0711 0.1411
vn 0.4522 0.8803 -0.1432
vn -0.6837 -0.5866 -0.4341
vn 0.0984 -0.5304 -0.8420
vn -0.4964 0.7880 0.3644
vn -0.8297 0.2293 0.5090
vn -0.1856 0.9158 -0.3563
vn -0.9799 -0.1165 0.1617
vn -0.1356 0.8533 -0.5035
vn -0.1004 0.9938 -0.0469
vn -0.9895 -0.0778 0.1218
vn -0.1105 0.9784 -0.1746
vn -0.1411 0.9777 -0.1556
vn -0.9911 -0.1086 0.0776
vn -0.9749 -0.1764 -0.1360
vn 0.5155 0.6864 -0.5129
vn -0.0681 0.9442 -0.3221
vn -0.0240 0.8816 -0.4714
vn -0.2285 0.5752 -0.7855
vn 0.3458 0.4724 -0.8107
vn 0.0567 -0.4279 -0.9021
vn -0.1570 -0.3883 0.9081
vn 0.4770 -0.1817 0.8599
vn 0.4828 -0.2373 0.8430
vn -0.1300 -0.6757 0.7256
vn 0.4771 -0.4365 0.7628
vn 0.4518 -0.3632 0.8148
vn 0.0352 -0.9953 0.0899
vn 0.0709 -0.7097 0.7009
vn 0.3041 -0.7325 0.6090
vn -0.3890 -0.4928 0.7783
vn -0.1449 -0.9617 0.2325
vn 0.1746 -0.6677 0.7236
vn -0.2329 -0.9046 0.3570
vn -0.7202 -0.6938 0.0051
vn -0.2498 -0.8244 0.5079
vn -0.0888 -0.8464 0.5250
vn -0.3482 -0.3470 0.8708
vn 0.0350 -0.7938 0.6071
vn -0.0486 -0.6383 0.7682
vn -0.4522 -0.8145 0.3635
vn -0.1758 -0.5201 0.8358
vn -0.4521 -0.6323 0.6291
vn -0.1641 -0.1940 0.9672
vn -0.0426 -0.3328 0.9420
vn -0.4217 0.7050 -0.5703
vn -0.5637 0.8231 -0.0696
vn -0.0181 0.9879 -0.1539
vn -0.0296 0.9906 -0.1337
vn -0.5735 0.8138 0.0941
vn -0.6043 0.7966 -0.0164
vn -0.0560 0.9605 -0.2726
vn -0.6229 0.7723 -0.1245
vn -0.0705 0.8962 -0.4380
vn -0.0205 0.9072 -0.4203
vn -0.3550 0.5424 -0.7614
vn 0.1285 0.8624 -0.4896
vn -0.0186 0.3855 -0.9225
vn -0.4643 0.6521 -0.5993
vn -0.4149 0.7104 -0.5684
vn -0.1293 0.2406 -0.9620
vn -0.0522 0.3969 -0.9164
vn -0.4145 0.7123 -0.5664
vn 0.4569 0.2953 -0.8391
vn 0.3122 0.2107 -0.9264
vn 0.0139 0.6856 -0.7278
vn -0.0078 0.6337 -0.7736
vn 0.4926 0.3376 -0.8021
vn 0.0547 0.7557 -0.6526
vn 0.5868 0.8096 -0.0167
vn -0.0666 0.7026 -0.7085
vn 0.5650 0.8097 -0.1585
vn 0.5179 0.2472 -0.8190
vn 0.5180 0.4226 -0.7437
vn 0.4446 0.6880 -0.5736
vn 0.6672 0.7053 -0.2395
vn 0.8265 0.4535 -0.3335
vn 0.6495 0.6966 -0.3046
vn 0.9658 -0.2363 0.1068
vn 0.9458 0.1370 -0.2946
vn -0.1444 0.5562 -0.8184
vn 0.9968 -0.0731 0.0311
vn 0.8860 0.4384 -0.1509
vn -0.2699 0.7035 -0.6574
vn 0.8733 0.3915 -0.2900
vn 0.9313 -0.3628 0.0330
vn 0.9115 -0.0058 -0.4114
vn 0.8954 0.3216 -0.3080
vn 0.9347 0.0206 -0.3549
vn 0.8945 0.3124 -0.3199
vn 0.9083 -0.0833 0.4099
vn 0.8035 -0.1393 0.5787
vn 0.8383 -0.2661 0.4759
vn 0.9068 -0.0596 0.4174
vn 0.8218 -0.2293 0.5217
vn 0.9300 -0.1445 0.3381
vn 0.9091 -0.2603 0.3253
vn 0.8129 -0.4004 0.4230
vn 0.8381 -0.4474 0.3120
vn 0.9000 -0.2453 0.3603
vn 0.8074 -0.4448 0.3876
vn 0.9259 -0.2891 0.2433
vn 0.8969 -0.4049 0.1779
vn 0.7905 -0.5696 0.2251
vn 0.8291 -0.5561 0.0582
vn 0.5297 -0.4007 0.7476
vn 0.8262 -0.5241 0.2067
vn 0.7089 0.0079 0.7053
vn -0.6199 0.7040 -0.3467
vn -0.8274 -0.0300 -0.5609
vn -0.1619 0.5175 -0.8402
vn -0.0163 0.5047 -0.8631
vn 0.0874 0.2921 -0.9524
vn 0.9676 -0.0212 -0.2517
vn 0.8381 0.4700 -0.2769
vn 0.8859 0.4376 0.1538
vn 0.9650 0.2620 -0.0054
vn 0.7367 0.0693 -0.6727
vn 0.6466 0.1444 -0.7491
vn 0.4388 -0.0416 -0.8976
vn 0.8591 0.4896 0.1491
vn 0.8251 0.4335 -0.3624
vn 0.9095 0.4099 -0.0684
vn 0.5631 0.3765 -0.7356
vn 0.0793 0.3507 -0.9331
vn 0.3773 0.3112 -0.8722
vn 0.0601 -0.1319 -0.9894
vn 0.4142 0.3937 -0.8206
vn 0.3714 0.0906 -0.9240
vn -0.3258 0.1017 -0.9399
vn -0.4845 0.1449 -0.8627
vn -0.6307 -0.1272 -0.7655
vn -0.0393 0.5750 -0.8172
vn -0.3941 0.2716 -0.8780
vn -0.1070 0.3347 -0.9362
vn -0.6522 0.4375 -0.6190
vn -0.9353 0.2494 -0.2509
vn -0.8092 0.2618 -0.5260
vn -0.8297 -0.1228 -0.5445
vn -0.5062 0.3995 -0.7643
vn -0.6166 0.0976 -0.7812
vn -0.9775 0.0985 -0.1863
vn -0.9899 0.1416 -0.0106
vn -0.9777 -0.1309 0.1644
vn -0.7279 0.5764 -0.3713
vn -0.9577 0.2712 -0.0963
vn -0.8645 0.3361 -0.3736
vn -0.8616 0.4367 0.2587
vn -0.6827 0.2488 0.6871
vn -0.8589 0.2603 0.4410
vn -0.9864 0.1391 0.0877
vn -0.8652 0.1948 0.4620
vn -0.8399 0.1571 0.5195
vn -0.9674 0.1628 0.1941
vn -0.8608 0.1667 0.4808
vn -0.8988 0.4240 0.1112
vn -0.6566 0.0966 0.7480
vn -0.5153 0.1404 0.8455
vn -0.3548 -0.1292 0.9260
vn -0.7013 0.5729 0.4242
vn -0.5747 0.2767 0.7702
vn -0.7671 0.3353 0.5470
vn -0.2231 0.4434 0.8681
vn 0.2408 0.2621 0.9345
vn -0.0613 0.2731 0.9600
vn -0.4586 0.3003 0.8364
vn -0.2900 0.5752 0.7649
vn -0.1540 0.2534 0.9550
vn -0.0242 -0.1817 0.9831
vn -0.1746 0.1693 0.9700
vn 0.0316 0.1661 0.9856
vn 0.3848 0.4349 0.8141
vn 0.6644 0.5789 0.4727
vn 0.5747 0.5638 0.5931
vn 0.6448 0.5515 0.5292
vn 0.5565 0.5229 0.6457
vn 0.6649 0.2573 0.7013
vn 0.7707 -0.0079 0.6372
vn 0.9423 -0.0173 0.3343
vn 0.8349 0.3519 0.4232
vn 0.7679 0.4455 0.4603
vn 0.7149 0.5078 0.4807
vn 0.6139 0.3062 0.7275
vn 0.8152 -0.2165 0.5372
vn 0.6998 0.1003 0.7073
vn 0.8267 0.1363 0.5459
vn 0.8449 0.3122 0.4345
vn 0.7498 0.2139 0.6261
vn 0.9407 0.2625 0.2150
vn 0.8185 0.4740 -0.3245
vn 0.8816 0.4369 -0.1786
vn 0.9560 0.1709 -0.2385
vn 0.8620 0.4909 0.1260
vn 0.5971 0.6985 -0.3944
vn 0.8382 0.4474 -0.3118
vn 0.7203 -0.5493 -0.4236
vn 0.6617 -0.7433 -0.0980
vn 0.6617 -0.7411 -0.1135
vn 0.6314 -0.7045 -0.3241
vn 0.3891 -0.9095 -0.1464
vn 0.2978 -0.9196 0.2564
vn 0.9667 -0.2353 0.1009
vn 0.7151 -0.5266 0.4597
vn 0.7732 -0.5097 0.3774
vn 0.8687 -0.4835 0.1080
vn 0.5346 -0.8353 0.1287
vn 0.1697 -0.8711 0.4609
vn 0.7010 -0.2809 0.6555
vn 0.3836 -0.4848 0.7860
vn 0.4276 -0.4787 0.7668
vn 0.5394 -0.5483 0.6391
vn 0.2265 -0.8468 0.4813
vn -0.2313 -0.8202 0.5232
vn -0.0362 -0.6168 0.7863
vn -0.0613 -0.6824 0.7284
vn -0.1243 -0.6841 0.7187
vn -0.1843 -0.6884 0.7015
vn -0.3211 -0.8022 0.5033
vn -0.5957 -0.7120 0.3719
vn -0.7429 -0.6050 0.2866
vn -0.3557 -0.7847 0.5076
vn -0.5475 -0.7576 0.3555
vn -0.5169 -0.1706 0.8389
vn -0.6826 -0.5505 0.4807
vn -0.6828 -0.5506 0.4802
vn -0.4852 -0.4048 0.7751
vn -0.3496 -0.7661 0.5393
vn -0.4731 -0.8784 0.0674
vn -0.8838 -0.2493 0.3960
vn -0.8337 -0.5518 -0.0220
vn -0.8410 -0.5392 0.0448
vn -0.8308 -0.4236 0.3610
vn -0.6220 -0.7528 0.2156
vn -0.4907 -0.8401 -0.2311
vn -0.9634 -0.2493 -0.0990
vn -0.7110 -0.5517 -0.4359
vn -0.7507 -0.5392 -0.3817
vn -0.8687 -0.4835 -0.1080
vn -0.5346 -0.8353 -0.1287
vn -0.1697 -0.8711 -0.4609
vn -0.7010 -0.2809 -0.6555
vn -0.3836 -0.4848 -0.7860
vn -0.4276 -0.4787 -0.7668
vn -0.5394 -0.5483 -0.6391
vn -0.2265 -0.8468 -0.4813
vn 0.2313 -0.8202 -0.5232
vn 0.0006 -0.7996 -0.6006
vn -0.0087 -0.8458 -0.5334
vn 0.0697 -0.8471 -0.5268
vn 0.1769 -0.8452 -0.5043
vn 0.2600 -0.9049 -0.3370
vn 0.5022 -0.8269 -0.2530
vn 0.7686 -0.5841 -0.2608
vn 0.3960 -0.7673 -0.5044
vn 0.5786 -0.7399 -0.3433
vn 0.5169 -0.1706 -0.8389
vn 0.6826 -0.5505 -0.4807
vn 0.6828 -0.5506 -0.4802
vn 0.4852 -0.4048 -0.7751
vn 0.3496 -0.7661 -0.5393
vn 0.4731 -0.8784 -0.0674
vn 0.9197 -0.1228 -0.3730
vn 0.9193 0.0988 -0.3810
vn 0.9722 -0.1116 -0.2056
vn 0.9635 -0.1245 -0.2370
vn 0.9118 0.0933 -0.3999
vn 0.9604 0.0711 -0.2696
vn -0.9691 -0.1349 -0.2066
vn -0.9711 0.0191 -0.2379
vn -0.9184 -0.1324 -0.3728
vn -0.9061 -0.1212 -0.4052
vn -0.9634 0.0203 -0.2672
vn -0.9119 0.1016 -0.3975
vn 0.5618 0.1361 0.8160
vn 0.4844 -0.7190 0.4985
vn 0.5525 0.1297 0.8233
vn -0.1971 -0.3118 0.9295
vn 0.6432 -0.1378 0.7532
vn 0.5997 0.1180 0.7915
vn 0.6343 -0.1460 0.7591
vn -0.2451 -0.1131 0.9629
vn -0.2622 -0.1510 0.9531
vn 0.2224 -0.3973 0.8903
vn -0.2917 -0.5582 0.7768
vn 0.5803 0.0985 0.8084
vn 0.4740 0.1619 0.8655
vn -0.4257 -0.4304 0.7959
vn 0.1397 -0.6376 0.7576
vn -0.1936 -0.3584 0.9133
vn -0.5895 0.1329 0.7968
vn -0.5755 0.1158 0.8096
vn 0.2710 -0.1112 0.9561
vn 0.2511 -0.1668 0.9535
vn -0.6432 -0.1530 0.7503
vn -0.6535 -0.1385 0.7441
vn 0.2265 -0.2056 0.9521
vn -0.6261 0.1081 0.7722
vn -0.5495 0.1317 0.8250
vn -0.0094 -0.6031 0.7976
vn -0.0574 -0.6318 0.7730
vn -0.2511 -0.6772 0.6917
vn -0.2085 -0.3730 0.9041
vn -0.5782 0.1130 0.8080
vn -0.5893 0.1224 0.7986
vn -0.6790 -0.5914 0.4349
vn -0.9168 0.2677 0.2964
vn -0.9821 -0.0521 0.1811
vn -0.9658 -0.1612 0.2033
vn -0.6815 0.0952 0.7256
vn -0.1345 0.8134 0.5659
vn -0.8850 0.1483 0.4413
vn -0.4592 0.3426 0.8196
vn -0.2614 -0.2133 -0.9414
vn 0.2015 -0.6702 -0.7143
vn 0.2872 0.0691 -0.9554
vn -0.0548 0.1184 -0.9915
vn 0.3303 0.8247 -0.4591
vn 0.4606 0.3448 -0.8179
vn -0.2971 0.0653 -0.9526
vn 0.1779 -0.8669 -0.4657
vn 0.2466 -0.2102 -0.9460
vn -0.3212 0.8402 -0.4369
vn 0.0277 0.1413 -0.9896
vn -0.4571 0.3605 -0.8131
vn 0.8732 0.1768 0.4541
vn 0.1715 0.8346 0.5234
vn 0.4612 0.3734 0.8049
vn 0.6760 0.0987 0.7303
vn 0.9590 -0.1950 0.2054
vn 0.5128 -0.6784 0.5260
vn 0.6759 -0.6010 0.4265
vn 0.9614 0.0587 0.2687
vn 0.9148 0.2633 0.3064
vn -0.6380 -0.6784 -0.3644
vn -0.8534 0.0450 -0.5194
vn -0.5093 -0.6762 -0.5323
vn -0.5532 -0.6841 -0.4754
vn -0.9079 0.0288 -0.4181
vn -0.8043 0.0433 -0.5926
vn 0.8045 0.0492 -0.5919
vn 0.8963 0.0418 -0.4415
vn 0.5560 -0.6830 -0.4737
vn 0.5167 -0.6761 -0.5252
vn 0.8459 0.0548 -0.5305
vn 0.6251 -0.6852 -0.3739
vn 0.6431 0.1220 -0.7560
vn 0.4420 -0.8888 -0.1214
vn 0.6928 0.7207 0.0244
vn 0.7151 0.6988 0.0166
vn 0.3817 -0.8985 -0.2170
vn 0.7353 -0.6776 0.0138
vn 0.9805 0.1617 0.1115
vn 0.3389 -0.9010 0.2709
vn 0.3493 0.7060 0.6161
vn 0.3431 0.6988 0.6276
vn 0.3788 -0.8984 0.2221
vn 0.3557 -0.6776 0.6437
vn 0.4608 0.1117 0.8804
vn -0.0094 -0.9084 0.4179
vn -0.3087 0.6803 0.6648
vn -0.3683 0.6988 0.6132
vn -0.0007 -0.8985 0.4390
vn -0.3761 -0.6776 0.6320
vn 0.4978 0.6962 0.5172
vn -0.2478 0.2119 0.9454
vn -0.0865 0.9823 0.1661
vn 0.9805 0.1395 0.1385
vn 0.3431 0.6802 0.6478
vn 0.7898 0.6027 0.1139
vn 0.7806 0.6237 -0.0411
vn 0.2375 0.6877 0.6861
vn 0.2280 0.9736 -0.0081
vn -0.0142 0.9148 0.4036
vn -0.1252 -0.0197 0.9919
vn 0.3201 0.9130 0.2528
vn -0.2150 0.6634 0.7167
vn 0.0945 0.9227 0.3738
vn -0.1913 0.2167 0.9573
vn -0.2226 0.2405 0.9448
vn -0.0617 0.9314 0.3588
vn 0.3358 0.9419 0.0107
vn 0.3218 0.9463 -0.0317
vn -0.0806 0.9463 0.3129
vn -0.1599 0.9450 0.2853
vn 0.2608 0.9420 -0.2113
vn -0.2382 0.9414 0.2387
vn 0.4133 0.9014 -0.1294
vn 0.4064 0.9008 -0.1527
vn -0.2888 0.9451 0.1533
vn 0.3953 0.9110 0.1178
vn 0.4084 0.9041 0.1262
vn 0.1553 0.9779 0.1397
vn 0.4112 0.9041 0.1162
vn 0.3690 0.9283 0.0451
vn 0.0963 0.9806 0.1707
vn 0.0926 0.9803 0.1744
vn 0.6605 0.0979 -0.7444
vn 0.7232 0.6905 0.0152
vn 0.4859 0.5626 -0.6689
vn 0.3579 0.6282 -0.6908
vn 0.7115 0.6890 0.1384
vn 0.1043 0.9749 -0.1965
vn 0.4372 0.6432 -0.6287
vn 0.1320 0.9797 -0.1508
vn 0.3826 0.9031 -0.1950
vn 0.2921 0.7048 0.6464
vn 0.0134 0.9954 0.0949
vn 0.0570 0.9975 -0.0418
vn 0.3709 0.8991 -0.2326
vn 0.1845 0.9785 -0.0921
vn 0.2710 0.8888 -0.3696
vn 0.2431 0.9294 -0.2778
vn 0.1839 0.9829 0.0024
vn 0.1849 0.9827 0.0117
vn 0.2997 0.9315 -0.2063
vn 0.2295 0.9613 0.1524
vn -0.3551 0.6833 0.6379
vn 0.5562 0.6084 0.5662
vn 0.4247 0.8934 0.1463
vn 0.4892 0.5857 0.6463
vn 0.4117 0.6266 0.6617
vn 0.2985 0.9128 0.2786
vn 0.2555 0.9354 -0.2445
vn 0.1784 0.9458 -0.2713
vn 0.1926 0.9487 0.2509
vn 0.1041 0.9469 0.3042
vn -0.0096 0.9031 -0.4294
vn 0.0559 0.9431 0.3278
vn 0.3007 0.9119 -0.2794
vn -0.1251 0.9717 -0.2002
vn -0.7351 0.6750 0.0634
vn -0.5732 0.1607 -0.8035
vn -0.2887 0.7313 0.6179
vn -0.1152 0.9896 -0.0859
vn -0.4129 0.7360 0.5365
vn -0.3355 0.6387 0.6924
vn -0.1287 0.9894 0.0668
vn -0.0742 0.9775 0.1976
vn -0.4371 0.6597 0.6114
vn -0.1443 0.9823 0.1195
vn -0.3925 0.9050 0.1641
vn -0.3699 0.9001 0.2303
vn -0.1833 0.9790 0.0898
vn -0.2702 0.8899 0.3675
vn -0.2422 0.9291 0.2796
vn -0.1828 0.9832 -0.0004
vn -0.1838 0.9829 -0.0096
vn -0.3855 0.9165 0.1069
vn -0.3167 0.9142 -0.2528
vn -0.7557 -0.0224 -0.6545
vn -0.6919 0.1858 -0.6977
vn -0.6292 0.6324 -0.4519
vn -0.6981 -0.3121 -0.6445
vn -0.6461 0.2808 -0.7098
vn -0.2145 0.9459 -0.2435
vn -0.1706 0.9445 0.2807
vn -0.1736 0.9459 0.2741
vn -0.1878 0.9507 -0.2469
vn -0.0940 0.9484 -0.3027
vn -0.0015 0.9020 0.4318
vn -0.0494 0.9439 -0.3265
vn -0.3044 0.9107 0.2791
vn -0.1869 0.9823 0.0082
vn -0.1988 0.6962 0.6898
vn -0.9425 0.2121 0.2582
vn 0.4380 0.0974 0.8937
vn -0.3267 0.6750 0.6615
vn 0.3320 0.5713 0.7506
vn 0.4383 0.6254 0.6456
vn -0.4723 0.6877 0.5514
vn 0.1209 0.9741 0.1910
vn -0.9513 0.1691 0.2577
vn -0.7072 0.6167 0.3458
vn -0.9008 -0.3285 0.2840
vn -0.9296 0.2403 0.2796
vn -0.3417 0.9313 0.1261
vn 0.1585 0.9418 0.2963
vn 0.1883 0.9463 0.2628
vn -0.3113 0.9463 0.0866
vn -0.3270 0.9450 0.0041
vn 0.3133 0.9420 0.1203
vn -0.3258 0.9414 -0.0869
vn 0.3186 0.9014 0.2933
vn 0.3354 0.9008 0.2756
vn -0.2771 0.9451 -0.1734
vn 0.0957 0.9110 0.4013
vn 0.1008 0.9046 0.4142
vn -0.0434 0.9780 0.2043
vn 0.1030 0.9046 0.4136
vn 0.1454 0.9283 0.3421
vn -0.0997 0.9806 0.1687
vn -0.1048 0.9803 0.1673
vn -0.0586 0.9131 0.4035
vn -0.3563 0.9150 0.1894
vn -0.9216 -0.0193 0.3876
vn -0.1076 0.9599 0.2588
vn -0.1425 0.9898 -0.0005
vn -0.0577 0.9631 0.2629
vn -0.0486 0.9634 0.2636
vn -0.1374 0.9905 -0.0025
vn 0.0371 0.9993 -0.0066
vn -0.2860 0.9560 0.0658
vn -0.0921 0.9883 -0.1214
vn -0.2250 0.9681 0.1103
vn -0.1946 0.9630 0.1866
vn -0.0615 0.9970 -0.0462
vn 0.0468 0.9879 0.1482
vn 0.2124 0.9465 0.2430
vn -0.0481 0.9951 0.0869
vn 0.2172 0.9670 0.1332
vn 0.2703 0.9606 0.0654
vn 0.0053 0.9994 0.0350
vn 0.0743 0.9892 -0.1266
vn 0.3149 0.9481 -0.0432
vn 0.3169 0.9466 0.0600
vn -0.1444 0.9454 -0.2922
vn -0.2490 0.1591 -0.9554
vn -0.4226 0.1420 -0.8951
vn -0.0611 0.6104 -0.7898
vn 0.1648 0.9348 -0.3147
vn 0.1339 0.9872 -0.0862
vn 0.0911 0.9873 -0.1305
vn 0.9859 0.1369 -0.0964
vn 0.9515 0.1681 -0.2576
vn 0.7127 0.6140 -0.3391
vn 0.0628 0.9374 -0.3425
vn 0.0769 0.9891 -0.1254
vn -0.0606 0.9374 -0.3430
vn -0.1601 0.9376 -0.3085
vn 0.0596 0.9890 -0.1353
vn 0.7302 0.6824 0.0336
vn -0.0992 0.9378 -0.3327
vn 0.7679 0.6403 -0.0159
vn 0.3753 0.9206 -0.1080
vn -0.3239 0.9037 -0.2802
vn 0.3894 0.9060 0.1656
vn 0.3592 0.9144 -0.1867
vn 0.3694 0.6749 -0.6388
vn -0.3478 0.9372 -0.0246
vn -0.0911 0.9875 -0.1286
vn -0.0815 0.9884 -0.1285
vn -0.3382 0.9339 -0.1158
vn -0.2768 0.9346 -0.2232
vn 0.2467 0.1684 -0.9543
vn 0.0560 0.6138 -0.7875
vn 0.4056 0.1380 -0.9036
vn 0.3662 0.6344 -0.6808
vn 0.0923 0.9171 -0.3877
vn -0.3390 0.9367 -0.0880
vn -0.3252 0.9454 -0.0210
vn 0.1199 0.9481 -0.2943
vn 0.2103 0.9466 -0.2445
vn -0.9514 0.1470 -0.2707
vn -0.9875 0.1335 -0.0835
vn -0.7186 0.5977 -0.3556
vn -0.2916 0.9389 -0.1828
vn -0.7146 0.6995 -0.0009
vn -0.0428 0.9854 -0.1651
vn -0.2761 0.9331 -0.2305
vn -0.0693 0.9865 -0.1485
vn -0.0914 0.9864 -0.1365
vn -0.4045 0.9037 0.1406
vn 0.3381 0.9061 -0.2545
vn 0.0179 0.9144 -0.4044
vn 0.7051 -0.4332 0.5614
vn 0.7414 -0.6598 0.1226
vn 0.4873 -0.8115 -0.3225
vn 0.4313 -0.4260 -0.7953
vn 0.8711 -0.4328 0.2323
vn 0.5712 -0.6068 -0.5527
vn 0.4151 -0.4964 -0.7624
vn 0.3657 -0.6018 -0.7100
vn -0.2411 -0.0188 -0.9703
vn 0.8388 -0.4331 -0.3299
vn 0.4770 -0.6596 -0.5808
vn -0.0355 -0.8115 -0.5833
vn -0.4732 -0.4260 -0.7711
vn 0.6367 -0.4327 -0.6382
vn -0.1931 -0.6069 -0.7710
vn -0.3871 -0.5867 -0.7113
vn -0.3699 -0.6875 -0.6249
vn -0.9306 -0.0555 -0.3618
vn 0.1337 -0.4333 -0.8913
vn -0.2645 -0.6598 -0.7034
vn -0.5229 -0.8115 -0.2608
vn -0.9044 -0.4260 0.0241
vn -0.2344 -0.4327 -0.8705
vn -0.7643 -0.6068 -0.2183
vn -0.8095 -0.5868 -0.0205
vn -0.7261 -0.6876 0.0078
vn -0.7786 -0.0556 0.6250
vn -0.1852 -0.0801 0.9794
vn 0.4571 -0.7189 0.5237
vn 0.3985 -0.6695 0.6269
vn 0.7201 -0.4947 0.4866
vn 0.7820 -0.4949 0.3789
vn 0.8733 -0.4642 0.1482
vn 0.6096 -0.6968 0.3780
vn 0.3691 -0.7147 0.5942
vn 0.1052 -0.6660 0.7385
vn 0.3563 -0.5746 0.7368
vn 0.4330 -0.5769 0.6926
vn 0.5707 -0.5826 0.5787
vn 0.2287 -0.7441 0.6277
vn -0.0579 -0.7171 0.6945
vn -0.3228 -0.6538 0.6844
vn -0.5875 -0.3231 0.7419
vn -0.2023 -0.5430 0.8150
vn -0.1365 -0.5547 0.8208
vn -0.1294 -0.6638 0.7367
vn -0.2712 -0.6663 0.6947
vn -0.3181 -0.6707 0.6701
vn -0.0220 -0.5950 0.8034
vn -0.2155 -0.6481 0.7304
vn -0.3808 -0.7200 0.5802
vn -0.6985 -0.6410 0.3180
vn -0.6805 -0.6066 0.4111
vn -0.6513 -0.6007 0.4636
vn -0.4363 -0.5826 0.6857
vn -0.5449 -0.6175 0.5672
vn -0.5790 -0.7021 0.4144
vn 0.9215 -0.2165 0.3224
vn 0.9737 -0.1984 0.1118
vn 0.8248 -0.2096 0.5251
vn -0.6655 -0.6898 0.2853
vn -0.3135 -0.6881 0.6544
vn -0.4914 -0.6898 0.5316
vn 0.7100 -0.6926 0.1276
vn -0.6073 -0.7841 0.1281
vn 0.6204 -0.6451 0.4460
vn -0.6795 -0.7289 -0.0834
vn 0.0212 -0.5633 -0.8260
vn -0.1322 -0.5643 -0.8149
vn -0.6793 -0.7286 -0.0877
vn 0.0924 -0.5896 -0.8024
vn 0.5051 -0.8206 0.2672
vn 0.5983 -0.5301 -0.6009
vn 0.3574 -0.7780 0.5167
vn -0.2467 -0.7162 -0.6529
vn -0.5893 -0.7688 -0.2485
vn 0.5942 -0.6914 -0.4110
vn 0.6369 -0.6902 -0.3435
vn -0.6983 -0.5589 -0.4473
vn 0.4204 -0.8125 -0.4038
vn -0.4417 -0.7234 0.5306
vn -0.7729 -0.5393 -0.3343
vn -0.3864 -0.7386 0.5525
vn -0.7233 -0.5389 -0.4317
vn -0.5187 -0.6397 -0.5673
vn 0.2846 -0.8213 0.4945
vn -0.3365 -0.6374 -0.6932
vn -0.4518 -0.6135 -0.6477
vn 0.1819 -0.8381 0.5142
vn 0.3948 -0.8289 0.3963
vn 0.8511 -0.3585 -0.3836
vn -0.0716 -0.6841 -0.7259
vn -0.6758 -0.7355 0.0477
vn 0.2276 -0.6783 -0.6986
vn -0.2930 -0.7896 0.5392
vn 0.4142 -0.6777 -0.6076
vn -0.1521 -0.6807 -0.7166
vn -0.3716 -0.8079 0.4574
vn 0.0578 -0.7883 0.6125
vn 0.7735 -0.3585 0.5227
vn 0.5698 -0.6841 -0.4555
vn -0.4223 -0.7355 -0.5298
vn 0.5535 -0.8183 -0.1549
vn -0.7765 -0.6299 -0.0173
vn 0.5618 -0.8268 -0.0279
vn 0.5138 -0.7999 0.3101
vn -0.7114 -0.6968 0.0911
vn 0.3929 -0.7637 0.5122
vn 0.0747 -0.4757 0.8764
vn -0.7165 0.0417 0.6964
vn -0.4352 0.0473 0.8991
vn 0.0933 -0.3585 -0.9289
vn -0.6644 -0.6841 -0.3009
vn -0.2966 -0.7355 0.6091
vn -0.7384 -0.2075 0.6416
vn -0.5847 -0.2137 0.7826
vn -0.3703 -0.1993 0.9073
vn -0.4136 -0.6306 0.6568
vn -0.2320 -0.6798 0.6957
vn -0.1926 -0.6797 0.7078
vn -0.4795 -0.5982 0.6421
vn -0.0731 -0.6191 0.7819
vn 0.3494 -0.5732 0.7412
vn 0.2445 -0.6192 0.7462
vn 0.1971 -0.6720 0.7138
vn 0.2643 -0.6719 0.6919
vn 0.1361 -0.5879 0.7974
vn 0.4746 -0.6303 0.6144
vn 0.7289 -0.5948 0.3390
vn 0.1469 -0.5937 0.7912
vn 0.4624 -0.6346 0.6193
vn 0.4323 -0.6346 0.6406
vn 0.3355 -0.5951 0.7303
vn 0.5902 -0.6143 0.5237
vn 0.7533 -0.6054 0.2568
vn -0.2150 0.2549 -0.9428
vn 0.0460 0.6567 -0.7527
vn 0.1034 0.2640 -0.9590
vn -0.5770 -0.0020 -0.8168
vn -0.2626 0.2725 -0.9256
vn -0.6900 0.2431 -0.6818
vn -0.6099 0.4502 -0.6522
vn -0.2800 0.5730 -0.7702
vn -0.6078 0.5623 -0.5607
vn -0.9725 0.1486 -0.1794
vn -0.8597 0.4522 -0.2376
vn -0.8717 -0.0539 -0.4871
vn 0.7640 0.2008 -0.6132
vn 0.7651 0.6195 -0.1754
vn 0.9353 0.2149 -0.2810
vn 0.5970 0.2221 -0.7709
vn 0.1872 0.1585 -0.9695
vn 0.4010 0.1380 -0.9056
vn 0.3809 0.0678 -0.9221
vn 0.4865 0.4120 -0.7705
vn 0.0814 0.2400 -0.9674
vn -0.2486 0.1541 -0.9563
vn -0.1288 0.4171 -0.8997
vn 0.0559 0.1375 -0.9889
vn 0.9210 0.2961 0.2533
vn 0.7302 0.6247 0.2766
vn 0.7690 0.3014 0.5638
vn 0.9988 -0.0234 0.0427
vn 0.9312 0.2005 0.3043
vn 0.9471 0.3124 -0.0733
vn 0.9433 0.3200 -0.0887
vn 0.7469 0.5628 -0.3540
vn 0.8725 0.3538 -0.3369
vn 0.6286 0.0669 -0.7749
vn 0.5188 0.3770 -0.7672
vn 0.8538 0.0028 -0.5205
vn 0.0638 0.4745 0.8779
vn 0.5086 0.4824 0.7132
vn 0.3305 0.4341 0.8381
vn 0.5591 -0.0405 0.8281
vn 0.4064 0.2800 0.8697
vn 0.6852 0.2427 0.6867
vn 0.8087 0.4809 0.3388
vn 0.8597 0.4906 -0.1424
vn 0.9065 0.4152 0.0768
vn 0.9697 0.2433 0.0220
vn 0.8961 0.4184 -0.1483
vn 0.8570 0.5098 -0.0748
vn -0.7665 0.1988 0.6107
vn -0.7655 0.6205 0.1701
vn -0.9366 0.2160 0.2760
vn -0.6619 0.2251 0.7150
vn -0.2754 0.1956 0.9412
vn -0.4798 0.1482 0.8648
vn -0.4337 -0.0354 0.9003
vn -0.5424 0.2872 0.7895
vn -0.2440 0.2449 0.9383
vn 0.1291 0.4764 0.8697
vn 0.5675 0.4846 0.6657
vn 0.4012 0.4124 0.8179
vn 0.4482 0.2927 0.8447
vn 0.5605 0.4600 0.6886
vn 0.4681 0.5525 0.6896
vn -0.6812 0.3477 -0.6442
vn -0.8270 0.4991 -0.2587
vn -0.8342 0.3417 -0.4329
vn -0.9993 -0.0312 -0.0189
vn -0.9421 0.2252 -0.2483
vn -0.9501 0.2969 0.0954
vn -0.9411 0.3154 0.1218
vn -0.7389 0.5552 0.3819
vn -0.8637 0.3458 0.3666
vn -0.6299 0.0716 0.7734
vn -0.5198 0.3809 0.7647
vn -0.8548 0.0103 0.5189
vn -0.0234 -0.9997 0.0095
vn 0.5545 -0.7807 0.2881
vn -0.0096 -0.9998 0.0191
vn 0.4245 -0.7832 -0.4543
vn 0.1834 -0.7835 -0.5937
vn -0.0152 -0.9998 0.0096
vn 0.2354 -0.7795 -0.5804
vn -0.6949 -0.6709 -0.2588
vn -0.7281 -0.6789 -0.0946
vn -0.5926 -0.7703 -0.2355
vn -0.2620 -0.6789 0.6860
vn -0.6358 -0.7703 -0.0499
vn -0.5899 -0.7703 0.2424
vn -0.6384 -0.6789 0.3628
vn -0.5491 -0.6789 0.4875
vn -0.3792 -0.7703 0.5128
vn -0.0000 -1.0000 -0.0000
vn 0.6070 -0.7808 -0.1480
vn -0.0139 -0.9998 0.0133
vn 0.2793 -0.6738 0.6841
vn 0.6367 -0.7703 0.0360
vn 0.1962 -0.6789 0.7076
vn 0.5568 -0.7703 0.3110
vn -0.0054 -0.9999 0.0154
vn 0.1882 -0.7806 -0.5961
vn -0.0569 -0.7797 -0.6236
vn -0.3609 -0.6789 0.6395
vn -0.5139 -0.7703 -0.3776
vn -0.6268 -0.7703 -0.1175
vn -0.2406 -0.6789 0.6937
vn -0.0576 -0.7703 0.6351
vn 0.5652 -0.6789 0.4687
vn 0.6614 -0.6789 0.3188
vn -0.2168 -0.7703 0.5997
vn 0.1756 -0.7703 0.6131
vn -0.3468 -0.7703 0.5352
vn -0.0632 -0.7703 0.6346
vn 0.2458 -0.7703 0.5885
vn 0.2547 -0.6789 0.6887
vn 0.2956 -0.7703 -0.5651
vn 0.3609 -0.6789 -0.6395
vn 0.5139 -0.7703 0.3776
vn 0.6268 -0.7703 0.1175
vn -0.5568 -0.7703 -0.3110
vn -0.6367 -0.7703 -0.0360
vn -0.1962 -0.6789 -0.7076
vn 0.2406 -0.6789 -0.6937
vn 0.0576 -0.7703 -0.6351
vn -0.5652 -0.6789 -0.4687
vn -0.6615 -0.6789 -0.3188
vn 0.2168 -0.7703 -0.5997
vn -0.1756 -0.7703 -0.6131
vn -0.3301 -0.7703 0.5456
vn -0.0281 -0.7703 0.6371
vn -0.6340 -0.7703 -0.0688
vn 0.0321 -0.6789 -0.7336
vn 0.5245 -0.7703 -0.3628
vn -0.1421 -0.6789 -0.7204
vn -0.4283 -0.6789 -0.5964
vn -0.1301 -0.6789 -0.7227
vn -0.3799 -0.6789 -0.6284
vn -0.5422 -0.7703 -0.3358
vn -0.7339 -0.6789 -0.0242
vn -0.7342 -0.6789 0.0078
vn -0.6372 -0.7703 -0.0270
vn -0.5701 -0.7703 0.2858
vn -0.6898 -0.6709 -0.2721
vn -0.3414 -0.7731 0.5346
vn -0.0076 -0.9999 -0.0100
vn -0.0052 -0.9999 -0.0118
vn 0.0946 -0.7781 0.6210
vn 0.3740 -0.7782 0.5045
vn 0.6206 -0.7703 0.1469
vn 0.6377 -0.7703 -0.0051
vn 0.5656 -0.7703 -0.2946
vn 0.0056 -0.9999 -0.0111
vn -0.4079 -0.7779 0.4780
vn -0.1564 -0.7779 0.6086
vn 0.3647 -0.7723 -0.5201
vn 0.0062 -0.9999 0.0082
vn 0.0098 -0.9999 -0.0062
vn -0.1161 -0.7753 0.6208
vn 0.5764 -0.7703 0.2729
vn 0.6216 -0.7703 0.1425
vn 0.6238 -0.7703 -0.1325
vn 0.0043 -0.9999 0.0098
vn -0.1096 -0.7769 -0.6201
vn -0.3807 -0.7769 -0.5015
vn -0.0641 -0.9979 0.0101
vn -0.1852 -0.9826 0.0152
vn -0.0436 -0.9416 -0.3338
vn -0.0969 -0.9456 -0.3107
vn -0.0227 -0.9756 -0.2183
vn -0.0252 -0.9992 -0.0321
vn -0.1156 -0.9868 -0.1135
vn -0.1232 -0.9869 -0.1041
vn 0.0456 -0.9872 -0.1526
vn 0.0174 -0.9876 -0.1558
vn 0.0182 -0.9993 -0.0342
vn -0.0165 -0.9994 -0.0316
vn -0.0922 -0.9876 -0.1267
vn 0.0153 -0.9999 -0.0062
vn -0.5825 -0.7778 -0.2359
vn 0.1847 -0.9815 -0.0497
vn 0.1710 -0.9823 -0.0768
vn 0.0706 -0.9975 -0.0089
vn -0.0111 -0.9998 -0.0154
vn 0.0642 -0.9917 -0.1114
vn -0.5995 -0.7792 -0.1828
vn 0.0129 -0.9999 0.0062
vn 0.4389 -0.8970 0.0515
vn 0.5364 -0.8385 0.0960
vn -0.0119 -0.9998 0.0128
vn -0.0187 -0.9907 0.1345
vn 0.0119 -0.9996 0.0260
vn 0.0985 -0.9889 0.1115
vn 0.0060 -0.9999 0.0083
vn -0.0660 -0.9921 0.1067
vn -0.0864 -0.9941 0.0659
vn -0.1820 -0.9734 0.1390
vn -0.1626 -0.9738 0.1591
vn -0.0292 -0.7703 -0.6371
vn -0.3165 -0.7703 -0.5537
vn 0.3165 -0.7703 0.5537
vn 0.0292 -0.7703 0.6371
vn -0.4330 -0.7493 0.5011
vn -0.3149 0.8066 0.5003
vn -0.1952 -0.7589 0.6213
vn -0.2141 -0.7778 0.5908
vn -0.3396 0.7894 0.5115
vn -0.0882 0.7779 0.6222
vn 0.6197 -0.7390 -0.2643
vn 0.6187 0.7506 0.2319
vn 0.6401 0.7669 -0.0465
vn 0.6401 -0.7669 0.0465
vn 0.6197 0.7390 0.2643
vn 0.6187 -0.7506 -0.2319
vn -0.0882 -0.7779 -0.6222
vn -0.2141 0.7778 -0.5908
vn -0.3396 -0.7894 -0.5115
vn -0.3149 -0.8066 -0.5003
vn -0.1953 0.7589 -0.6212
vn -0.4330 0.7493 -0.5011
vn -0.4804 -0.8016 0.3557
vn -0.6726 0.7363 0.0743
vn -0.5781 0.7385 0.3471
vn -0.3471 -0.7385 0.5781
vn -0.3557 0.8016 0.4804
vn -0.0743 -0.7363 0.6726
vn 0.3557 -0.8016 0.4804
vn 0.0743 0.7363 0.6726
vn 0.3471 0.7385 0.5781
vn 0.5781 -0.7385 0.3471
vn 0.4804 0.8016 0.3557
vn 0.6726 -0.7363 0.0743
vn 0.4804 -0.8016 -0.3557
vn 0.6726 0.7363 -0.0743
vn 0.5781 0.7385 -0.3471
vn 0.3471 -0.7385 -0.5781
vn 0.3557 0.8016 -0.4804
vn 0.0742 -0.7363 -0.6726
vn -0.3557 -0.8016 -0.4804
vn -0.0743 0.7363 -0.6726
vn -0.3471 0.7385 -0.5781
vn -0.5781 -0.7385 -0.3471
vn -0.4804 0.8016 -0.3557
vn -0.6726 -0.7363 -0.0743
vn -0.6401 -0.7669 -0.0465
vn -0.6197 0.7390 -0.2643
vn -0.6187 -0.7506 0.2319
vn 0.0882 -0.7779 0.6222
vn 0.2141 0.7778 0.5908
vn 0.3396 -0.7894 0.5115
vn 0.3149 -0.8066 0.5003
vn 0.1952 0.7589 0.6213
vn 0.4330 0.7493 0.5011
vn 0.4330 -0.7493 -0.5011
vn 0.3149 0.8066 -0.5003
vn 0.1953 -0.7589 -0.6212
vn 0.2141 -0.7778 -0.5908
vn 0.3396 0.7894 -0.5115
vn 0.0882 0.7779 -0.6222
vn -0.6197 -0.7390 0.2643
vn -0.6187 0.7506 -0.2319
vn -0.6401 0.7669 0.0465
vn -0.4805 -0.8016 0.3557
vn 0.4805 0.8016 0.3557
vn 0.3557 0.8016 -0.4805
vn -0.3557 -0.8016 -0.4805
vn -0.3022 0.7880 -0.5364
vn 0.1166 0.9873 0.1083
vn 0.1544 0.9843 0.0850
vn -0.2980 0.7831 -0.5459
vn -0.0560 0.7829 -0.6197
vn 0.0077 0.9998 0.0201
vn -0.0366 0.9951 0.0917
vn 0.2179 0.8294 -0.5144
vn -0.1732 0.9773 0.1216
vn -0.1563 0.9863 0.0521
vn 0.5111 0.7856 -0.3488
vn 0.6086 0.7859 -0.1090
vn -0.4512 0.8006 0.3943
vn 0.1125 0.9815 -0.1552
vn 0.0784 0.9831 -0.1655
vn -0.6029 0.7962 0.0515
vn 0.1799 0.9837 -0.0068
vn 0.1612 0.9835 -0.0822
vn -0.5968 0.7952 0.1069
vn 0.1400 0.9842 -0.1085
vn -0.4825 0.7943 0.3691
vn 0.5917 0.7934 -0.1428
vn -0.1670 0.9826 -0.0818
vn -0.1799 0.9837 0.0027
vn 0.1650 0.8023 0.5736
vn 0.0199 0.9932 -0.1146
vn -0.0063 0.9905 -0.1372
vn 0.0495 0.7943 0.6054
vn -0.0538 0.9848 -0.1650
vn 0.2985 0.7947 0.5285
vn 0.2648 0.7967 0.5433
vn -0.0638 0.9844 -0.1641
vn -0.1003 0.9835 -0.1507
vn 0.1095 0.9940 0.0014
vn 0.0036 0.9937 -0.1119
vn -0.1079 0.9941 -0.0137
vn -0.1039 0.9946 -0.0034
vn 0.0550 0.9945 -0.0896
vn 0.0957 0.9940 -0.0528
vn -0.1286 0.9890 0.0736
vn -0.0998 0.9888 0.1110
vn -0.0048 1.0000 0.0074
vn 0.1242 0.9922 0.0042
vn -0.1358 0.9907 0.0074
vn 0.1138 0.9935 -0.0097
vn 0.1145 0.9933 -0.0130
vn -0.1347 0.9909 0.0024
vn -0.1246 0.9922 -0.0087
vn 0.1118 0.9935 -0.0189
vn 0.1073 0.9938 0.0302
vn -0.0752 0.9927 -0.0947
vn -0.0511 0.9927 -0.1095
vn 0.0769 0.9929 0.0912
vn -0.0037 1.0000 -0.0001
vn 0.0012 1.0000 0.0021
vn 0.0723 0.9923 0.1008
vn 0.0021 1.0000 0.0037
vn -0.1429 0.9895 -0.0209
vn -0.0054 0.9999 0.0086
vn -0.1252 0.9900 -0.0645
vn 0.1600 0.9845 0.0725
vn 0.1778 0.9841 -0.0012
vn -0.5796 0.7940 -0.1832
vn -0.5934 0.7936 -0.1343
vn 0.1734 0.9844 -0.0287
vn -0.5957 0.7930 0.1278
vn -0.1920 0.7988 -0.5702
vn -0.0142 0.9826 0.1852
vn 0.0752 0.9831 0.1667
vn 0.3499 0.7908 -0.5022
vn -0.0612 0.9850 0.1616
vn 0.1236 0.7907 -0.5996
vn -0.2321 0.9712 0.0540
vn 0.4323 0.8997 -0.0596
vn -0.3232 0.9450 -0.0503
vn 0.0942 0.9829 -0.1581
vn 0.0540 0.9818 -0.1819
vn -0.0991 0.8012 0.5901
vn -0.5742 0.7991 0.1779
vn 0.1258 0.9910 -0.0452
vn 0.1073 0.9925 -0.0592
vn 0.3577 0.7924 0.4942
vn -0.0187 0.9829 -0.1831
vn -0.0774 0.9842 -0.1590
vn 0.2446 0.7822 0.5730
vn -0.1091 0.9875 -0.1137
vn 0.4429 0.7817 0.4391
vn 0.0013 0.9944 0.1053
vn 0.0799 0.9947 -0.0641
vn 0.0523 0.9949 0.0860
vn 0.1228 0.9923 0.0141
vn -0.1168 0.9931 0.0107
vn 0.1332 0.9911 -0.0008
vn 0.0026 0.9879 -0.1552
vn -0.0018 0.9999 -0.0150
vn 0.0559 0.9881 -0.1432
vn -0.0000 0.9999 -0.0140
vn 0.0009 0.9999 -0.0156
vn -0.0428 0.9943 0.0975
vn -0.0336 0.9925 0.1174
vn 0.0033 1.0000 0.0019
vn 0.0688 0.9928 -0.0977
vn 0.6089 0.7900 -0.0719
vn -0.1511 0.9870 0.0542
vn -0.1548 0.9842 0.0860
vn -0.0326 0.9961 -0.0826
vn 0.1382 0.8234 0.5503
vn 0.0451 0.9790 -0.1990
vn -0.0026 0.9624 -0.2716
vn 0.3245 0.8678 0.3763
vn -0.0053 0.8621 0.5066
vn -0.6047 0.7958 -0.0318
vn 0.1801 0.9836 -0.0008
vn 0.1670 0.9828 -0.0787
vn -0.5799 0.7859 -0.2149
vn 0.1560 0.9872 0.0328
vn -0.6167 0.7863 0.0374
vn -0.5932 0.7916 -0.1466
vn 0.0637 0.9966 0.0514
vn 0.0960 0.9939 0.0549
vn -0.1121 0.9838 0.1399
vn -0.0592 0.9841 0.1677
vn -0.0302 0.7906 -0.6116
vn 0.2978 0.7917 -0.5334
vn -0.0354 0.9849 0.1692
vn 0.0651 0.7908 -0.6086
vn -0.0980 0.8012 -0.5903
vn -0.0014 0.9822 0.1878
vn 0.0815 0.9824 0.1683
vn 0.1409 0.9880 0.0628
vn 0.1539 0.9881 -0.0023
vn -0.5874 0.7960 0.1459
vn -0.6095 0.7927 0.0096
vn 0.1454 0.9893 -0.0142
vn -0.5445 0.7936 0.2715
vn -0.5713 0.7981 0.1914
vn 0.1479 0.9882 -0.0402
vn 0.1218 0.9881 -0.0942
vn -0.1148 0.9933 0.0140
vn -0.1253 0.9921 -0.0008
vn 0.1346 0.9909 -0.0020
vn 0.0056 0.9994 -0.0343
vn 0.0037 0.9994 -0.0345
vn 0.2693 0.7882 0.5534
vn -0.0273 0.9963 -0.0818
vn 0.3263 0.8206 0.4691
vn 0.0393 0.8207 0.5700
vn 0.0899 0.9891 0.1163
vn -0.3228 0.7946 -0.5142
vn -0.0591 0.7946 -0.6043
vn 0.0810 0.9848 0.1536
vn -0.0892 0.8174 -0.5692
vn -0.0863 0.9789 0.1855
vn -0.1362 0.9849 0.1073
vn 0.4855 0.7920 -0.3702
vn 0.5998 0.7928 -0.1081
vn -0.1487 0.9851 0.0867
vn 0.6061 0.7900 -0.0926
vn -0.1690 0.9854 0.0195
vn 0.5672 0.7800 -0.2643
vn -0.1290 0.9866 -0.0998
vn -0.1649 0.9850 -0.0506
vn -0.0978 0.9932 0.0639
vn 0.0388 0.9975 0.0582
vn 0.0708 0.9964 0.0456
vn -0.1148 0.9616 0.2495
vn -0.0224 0.9738 0.2262
vn -0.1357 0.9585 0.2506
vn -0.0960 0.9940 0.0530
vn 0.0505 0.9931 0.1056
vn 0.0969 0.9941 -0.0482
vn -0.0558 0.9933 0.1012
vn 0.1139 0.9934 0.0141
vn -0.0052 0.9929 0.1192
vn -0.0067 0.9941 0.1078
vn 0.1088 0.9940 0.0102
vn -0.1083 0.9941 -0.0105
vn 0.0502 0.9934 0.1026
vn -0.1291 0.9915 0.0183
vn -0.1229 0.9919 -0.0325
vn -0.0117 0.9906 -0.1366
vn 0.4199 0.7819 0.4608
vn -0.0003 0.9995 -0.0324
vn 0.0052 0.9997 -0.0256
vn -0.0745 0.7842 0.6160
vn -0.2844 0.7848 0.5506
vn -0.0712 0.9921 -0.1034
vn -0.0010 0.9999 -0.0128
vn 0.0469 0.9935 0.1038
vn 0.0545 0.9946 0.0879
vn -0.0001 0.9997 -0.0257
vn -0.4988 0.7803 0.3772
vn 0.0709 0.9870 0.1444
vn -0.4919 0.7683 0.4096
vn 0.0243 0.9991 0.0350
vn 0.1282 0.9894 0.0676
vn -0.5390 0.7965 -0.2739
vn 0.1117 0.9874 0.1120
vn -0.0956 0.7955 -0.5983
vn -0.0634 0.9886 0.1369
vn 0.0114 0.9886 0.1503
vn -0.1860 0.7896 -0.5848
vn 0.0489 0.9900 0.1321
vn -0.3937 0.7893 -0.4711
vn 0.0284 0.7921 -0.6098
vn 0.0644 0.9875 0.1437
vn 0.1086 0.9862 0.1250
vn -0.1460 0.9885 -0.0383
vn -0.1730 0.9847 0.0184
vn -0.0801 0.9925 0.0922
vn -0.1160 0.9913 -0.0616
vn -0.0683 0.9942 0.0829
vn -0.1178 0.9833 -0.1391
vn -0.1364 0.9779 -0.1587
vn -0.1273 0.9902 0.0570
vn 0.5376 0.8077 0.2421
vn -0.4088 0.8941 -0.1829
vn 0.3052 0.9510 -0.0489
vn 0.1982 0.9197 0.3388
vn -0.6107 0.7918 -0.0078
vn 0.0339 0.9992 0.0224
vn 0.0349 0.9992 0.0207
vn 0.0008 1.0000 0.0023
vn -0.0002 1.0000 0.0040
vn -0.0749 0.9925 0.0969
vn 0.0058 1.0000 -0.0001
vn -0.0650 0.9930 0.0983
vn 0.0474 0.9925 -0.1124
vn 0.0043 0.9944 -0.1059
vn -0.0984 0.9951 -0.0064
vn -0.0489 0.9949 -0.0886
vn -0.0511 0.9927 -0.1093
vn -0.1146 0.9932 -0.0222
vn 0.0915 0.9941 -0.0581
vn 0.0767 0.9864 0.1451
vn -0.3874 0.7851 -0.4834
vn -0.1756 0.7851 -0.5939
vn -0.1482 0.7826 -0.6047
vn 0.0105 0.9877 0.1560
vn 0.0699 0.9869 0.1453
vn -0.6054 0.7923 0.0761
vn 0.1552 0.9866 -0.0509
vn 0.1588 0.9839 -0.0826
vn 0.0385 0.7988 0.6004
vn -0.0484 0.9822 -0.1815
vn -0.0904 0.9836 -0.1559
vn 0.5552 0.8089 0.1934
vn -0.1242 0.9884 -0.0869
vn 0.5806 0.8092 -0.0901
vn 0.5483 0.8314 -0.0898
vn -0.1603 0.9844 -0.0732
vn -0.1768 0.9724 0.1522
vn 0.1065 0.9838 -0.1443
vn 0.0427 0.9844 -0.1706
vn 0.0869 0.7887 0.6086
vn -0.2680 0.7893 0.5524
vn -0.0019 0.9860 -0.1666
vn -0.0151 0.7880 0.6155
vn -0.0183 0.9941 -0.1065
vn -0.0864 0.9959 -0.0253
vn -0.0498 0.9918 0.1177
vn -0.1359 0.9798 0.1470
vn -0.1986 0.9798 0.0237
vn -0.2001 0.9778 0.0627
vn 0.7743 0.2144 0.5954
vn 0.6529 0.5297 0.5413
vn 0.3485 0.2740 0.8964
vn 0.2009 0.5250 0.8271
vn 0.5215 0.7448 0.4162
vn 0.0430 0.6609 0.7493
vn -0.8666 0.4714 0.1637
vn -0.7305 0.6483 0.2145
vn -0.8185 0.4336 -0.3768
vn -0.6296 0.6233 -0.4638
vn -0.4600 0.8868 0.0441
vn -0.4590 0.7414 -0.4895
vn 0.9186 0.1156 -0.3778
vn 0.8471 0.4348 -0.3057
vn 0.9756 0.1683 0.1410
vn 0.8338 0.4994 0.2354
vn 0.6549 0.7131 -0.2501
vn 0.6858 0.6660 0.2934
vn -0.2843 0.5387 0.7931
vn -0.1254 0.6741 0.7279
vn -0.7263 0.4979 0.4739
vn -0.7128 0.6291 0.3101
vn -0.1881 0.8912 0.4128
vn -0.6436 0.7515 0.1453
vn 0.0181 0.4457 -0.8950
vn -0.0613 0.6343 -0.7706
vn 0.5040 0.5277 -0.6838
vn 0.5146 0.5344 -0.6705
vn -0.0083 0.7274 -0.6862
vn 0.4960 0.7022 -0.5108
vn 0.4960 0.5608 0.6630
vn 0.5198 0.6977 0.4930
vn -0.0162 0.5214 0.8532
vn -0.0510 0.5315 0.8455
vn 0.3353 0.8071 0.4860
vn -0.1472 0.6641 0.7330
vn -0.6631 0.6363 -0.3943
vn -0.5811 0.7841 -0.2178
vn -0.2027 0.7281 -0.6548
vn -0.3231 0.5353 -0.7804
vn -0.5992 0.7271 -0.3351
vn -0.1926 0.7017 -0.6860
vn 0.8313 0.5348 -0.1516
vn 0.6958 0.6717 -0.2544
vn 0.7755 0.4946 0.3924
vn 0.6247 0.6285 0.4635
vn 0.4528 0.8905 -0.0435
vn 0.4487 0.7508 0.4848
vn -0.6737 0.6353 0.3776
vn -0.4789 0.7842 0.3946
vn -0.6683 0.7284 -0.1511
vn -0.8371 0.5358 -0.1104
vn -0.5894 0.7272 0.3517
vn -0.6901 0.7017 -0.1770
vn 0.2843 0.5359 -0.7950
vn 0.1270 0.6721 -0.7295
vn 0.7273 0.4964 -0.4740
vn 0.7131 0.6295 -0.3085
vn 0.1877 0.8909 -0.4135
vn 0.6450 0.7501 -0.1458
vn -0.0106 0.6358 0.7718
vn 0.1006 0.7847 0.6116
vn -0.4668 0.7269 0.5037
vn -0.5143 0.5355 0.6699
vn 0.0087 0.7284 0.6851
vn -0.4956 0.7031 0.5099
vn -0.5453 0.5401 -0.6411
vn -0.5688 0.6743 -0.4711
vn -0.0557 0.4780 -0.8766
vn 0.0857 0.6246 -0.7762
vn -0.2514 0.9004 -0.3552
vn 0.2090 0.7540 -0.6228
vn -0.9658 0.2590 -0.0122
vn -0.9108 -0.0239 -0.4122
vn -0.9960 -0.0119 0.0881
vn -0.4808 0.2565 -0.8384
vn -0.1097 -0.0321 -0.9934
vn -0.5835 -0.0116 -0.8120
vn 0.4857 0.2597 -0.8346
vn 0.8056 -0.0290 -0.5918
vn 0.4115 -0.0087 -0.9114
vn 0.9648 0.2628 0.0100
vn 0.9127 -0.0224 0.4081
vn 0.9957 -0.0082 -0.0927
vn 0.4822 0.2539 0.8385
vn 0.1107 -0.0346 0.9933
vn 0.5842 -0.0139 0.8115
vn -0.2819 0.3015 0.9108
vn -0.5857 -0.0071 0.8105
vn -0.1127 0.0146 0.9935
vn 0.2061 -0.3372 -0.9186
vn 0.5994 0.1470 -0.7869
vn 0.6173 0.1074 -0.7794
vn 0.2757 -0.3991 -0.8745
vn 0.6286 0.0955 -0.7718
vn -0.1893 -0.6398 -0.7449
vn -0.2603 -0.5488 -0.7944
vn 0.6299 0.0990 -0.7703
vn 0.4699 -0.6800 -0.5628
vn 0.9757 0.2004 -0.0888
vn 0.7339 -0.6780 0.0402
vn 0.9772 0.2041 0.0579
vn 0.9858 0.0321 -0.1649
vn 0.5822 -0.8003 -0.1437
vn 0.6006 -0.7996 0.0054
vn -0.9714 0.2200 0.0893
vn -0.7477 -0.6620 -0.0513
vn -0.9728 0.2245 -0.0576
vn -0.9828 0.0323 0.1820
vn -0.5790 -0.8001 0.1567
vn -0.5985 -0.8010 0.0138
vn 0.3984 -0.7049 -0.5869
vn -0.3199 -0.8057 -0.4986
vn -0.0694 -0.5621 -0.8241
vn -0.2431 -0.3722 -0.8957
vn -0.5027 -0.6709 -0.5452
vn -0.6226 0.1038 -0.7756
vn -0.4835 -0.7155 -0.5043
vn -0.6091 0.1149 -0.7848
vn -0.5741 0.1509 -0.8048
vn -0.6603 -0.7502 -0.0348
vn -0.2563 -0.8090 0.5289
vn -0.6273 -0.5993 0.4974
vn -0.6557 -0.3789 0.6530
vn -0.2102 -0.6660 0.7158
vn -0.3721 0.1014 0.9226
vn -0.2389 -0.7304 0.6399
vn -0.3732 0.1027 0.9220
vn -0.4081 0.1403 0.9021
vn 0.8985 -0.3374 -0.2809
vn 0.9811 0.1470 0.1255
vn 0.9836 0.1073 0.1448
vn 0.8951 -0.3989 -0.1990
vn 0.9828 0.0957 0.1580
vn 0.5503 -0.6396 -0.5367
vn 0.5577 -0.5488 -0.6227
vn 0.9821 0.0990 0.1603
vn 0.7224 -0.6800 0.1255
vn 0.5649 0.2004 0.8004
vn 0.3325 -0.6780 0.6556
vn 0.4387 0.2042 0.8751
vn 0.4077 0.2425 0.8804
vn 0.3657 -0.6523 0.6639
vn 0.2855 -0.6610 0.6939
vn -0.3002 -0.7501 -0.5892
vn -0.5864 -0.8089 0.0425
vn -0.7445 -0.5991 -0.2945
vn -0.8934 -0.3789 -0.2414
vn -0.7250 -0.6660 0.1758
vn -0.9851 0.1014 0.1390
vn -0.6737 -0.7303 0.1130
vn -0.9851 0.1027 0.1377
vn -0.9853 0.1403 0.0975
vn 0.6925 -0.3373 0.6377
vn 0.3819 0.1470 0.9124
vn 0.3664 0.1074 0.9242
vn 0.6197 -0.3990 0.6758
vn 0.3544 0.0956 0.9302
vn 0.7399 -0.6397 0.2083
vn 0.8182 -0.5488 0.1716
vn 0.3522 0.0990 0.9307
vn 0.2524 -0.6800 0.6884
vn -0.4108 0.2004 0.8894
vn -0.4016 -0.6780 0.6156
vn -0.5386 0.2041 0.8175
vn -0.5587 0.2425 0.7931
vn -0.3922 -0.6523 0.6486
vn -0.4583 -0.6611 0.5941
vn -0.5110 -0.6813 -0.5242
vn -0.7733 0.2073 -0.5993
vn -0.6029 -0.7267 -0.3292
vn 0.5290 -0.6768 0.5120
vn 0.7682 0.2171 0.6023
vn 0.6148 -0.7181 0.3261
vn -0.8499 0.3359 0.4059
vn -0.7066 -0.6756 0.2102
vn -0.9588 0.1024 0.2651
vn -0.1219 0.9890 0.0840
vn -0.3205 0.9457 -0.0546
vn 0.0125 0.9903 -0.1386
vn 0.0353 0.9841 -0.1742
vn -0.2187 0.9604 -0.1726
vn -0.2028 0.9400 -0.2743
vn 0.0972 0.9771 -0.1895
vn -0.0134 0.9606 -0.2776
vn 0.0400 0.9485 -0.3143
vn -0.6167 0.6914 0.3763
vn -0.8565 0.0603 -0.5126
vn -0.6291 0.5598 -0.5394
vn -0.0152 0.9893 -0.1452
vn 0.2401 0.9543 -0.1780
vn 0.1103 0.9904 0.0828
vn 0.1152 0.9898 0.0838
vn 0.2415 0.9612 -0.1336
vn 0.2754 0.9568 -0.0928
vn -0.0567 0.3364 0.9400
vn -0.1604 -0.6748 0.7204
vn -0.2178 0.1113 0.9696
vn 0.3733 0.6983 0.6108
vn 0.3780 -0.6781 0.6303
vn 0.0023 -0.8988 0.4383
vn 0.4283 0.7505 0.5032
vn 0.1590 -0.8793 0.4489
vn -0.2735 0.2473 0.9295
vn -0.7156 0.6983 0.0156
vn -0.7348 -0.6782 0.0100
vn -0.3800 -0.8989 -0.2182
vn -0.7189 0.6950 -0.0112
vn -0.3782 -0.9078 -0.1815
vn -0.5503 0.1819 -0.8149
vn -0.3421 0.6983 0.6287
vn -0.3567 -0.6782 0.6425
vn -0.3784 -0.8988 0.2212
vn -0.2215 0.7505 0.6226
vn -0.3093 -0.8793 0.3621
vn -0.9417 0.2475 0.2279
vn -0.6572 -0.7014 0.2758
vn -0.5665 -0.6930 0.4460
vn -0.9086 0.0324 0.4164
vn -0.8821 0.0397 0.4694
vn -0.5370 -0.6850 0.4923
vn -0.7858 0.0435 0.6169
vn -0.0825 -0.6981 0.7112
vn 0.1108 -0.6884 0.7168
vn -0.1090 0.1087 0.9881
vn -0.1244 0.1030 0.9869
vn 0.1214 -0.6861 0.7173
vn 0.1035 0.1138 0.9881
vn 0.5738 -0.6992 0.4265
vn 0.6752 -0.6896 0.2619
vn 0.8076 0.0347 0.5887
vn 0.7826 0.0264 0.6220
vn 0.6695 -0.6908 0.2731
vn 0.8923 0.0226 0.4509
vn 0.0027 0.9953 0.0967
vn 0.0959 0.9877 -0.1234
vn 0.0003 0.9915 -0.1300
vn -0.5750 0.5174 0.6338
vn -0.3514 0.8213 0.4494
vn -0.3454 0.8570 0.3826
vn 0.5360 0.4480 0.7155
vn 0.5260 0.5578 0.6420
vn 0.4188 0.7582 0.4997
vn 0.9247 0.3318 -0.1865
vn 0.8854 0.3162 -0.3407
vn 0.7324 0.6658 -0.1427
vn -0.6587 0.7333 -0.1683
vn -0.6726 0.6978 -0.2465
vn -0.8214 0.5545 -0.1334
vn -0.1516 0.7032 -0.6947
vn -0.1149 0.1149 -0.9867
vn -0.5746 -0.1887 -0.7964
vn 0.0581 0.9975 -0.0408
vn -0.4327 -0.4060 -0.8049
vn -0.5114 0.8568 -0.0658
vn -0.3285 0.9268 0.1819
vn -0.3837 -0.1822 -0.9053
vn 0.2839 -0.0332 -0.9583
vn -0.4103 0.8937 0.1815
vn 0.2984 -0.0174 -0.9543
vn -0.7149 0.0922 -0.6931
vn 0.0896 0.9847 0.1495
vn -0.6465 0.4273 -0.6321
vn -0.4609 -0.2260 -0.8582
vn -0.1254 0.5594 -0.8193
vn -0.1473 0.8499 -0.5059
vn -0.2487 0.5602 -0.7901
vn -0.2856 0.4989 -0.8182
vn -0.2070 0.8098 -0.5490
vn -0.3501 0.7355 -0.5800
vn -0.1998 0.9372 -0.2857
vn -0.5511 0.7623 -0.3393
vn 0.1495 0.5528 -0.8198
vn -0.7729 0.2808 -0.5690
vn -0.0449 0.4943 -0.8681
vn -0.2832 0.7891 -0.5451
vn 0.1154 0.2946 -0.9486
vn 0.8382 0.2598 -0.4794
vn 0.3456 0.6487 -0.6781
vn 0.1116 -0.2464 -0.9627
vn 0.1836 0.4013 -0.8974
vn 0.4429 -0.5746 -0.6882
vn 0.7886 -0.0968 -0.6073
vn -0.1997 0.6228 -0.7564
vn 0.8196 0.0373 -0.5717
vn 0.6144 0.7358 0.2848
vn -0.2953 0.2170 -0.9304
vn 0.4100 -0.0482 -0.9108
vn 0.6253 0.7777 -0.0650
vn 0.4133 -0.4186 -0.8087
vn -0.0113 0.9993 -0.0367
vn -0.9500 0.2281 -0.2130
vn 0.5658 -0.1094 -0.8173
vn -0.0921 0.2648 -0.9599
vn 0.1334 0.6146 -0.7775
vn 0.2560 0.6148 -0.7460
vn 0.1570 0.8834 -0.4416
vn 0.1913 0.8655 -0.4630
vn 0.2867 0.5832 -0.7601
vn 0.3696 0.7858 -0.4958
vn 0.4554 0.3887 -0.8009
vn 0.4607 0.3815 -0.8014
vn 0.2587 0.0642 -0.9638
vn 0.1016 0.9311 -0.3505
vn 0.2058 0.9585 -0.1974
vn 0.5476 0.7005 -0.4576
vn 0.2801 0.6108 -0.7406
vn 0.6524 0.5294 -0.5423
vn 0.6291 0.5008 -0.5946
vn 0.6526 0.7570 0.0321
vn 0.7884 0.6148 -0.0186
vn 0.7920 0.3168 0.5218
vn 0.7672 0.3647 0.5277
vn 0.8623 0.5062 -0.0155
vn 0.8035 0.2634 0.5338
vn 0.6944 -0.6457 0.3176
vn 0.9095 0.0229 0.4151
vn 0.5954 0.1851 0.7818
vn -0.8420 0.0150 0.5393
vn -0.9875 0.1538 -0.0337
vn -0.9427 0.3325 0.0285
vn 0.8959 0.1538 -0.4167
vn 0.4570 0.3021 -0.8366
vn 0.8964 0.0385 -0.4416
vn 0.6270 0.1199 -0.7698
vn 0.8212 0.1170 -0.5586
vn 0.6261 -0.6387 -0.4473
vn -0.4437 0.3567 0.8222
vn 0.1037 0.1125 0.9882
vn -0.5203 0.1778 0.8353
vn -0.4724 0.2492 0.8454
vn 0.1227 0.1794 0.9761
vn 0.0361 0.0547 0.9978
vn -0.8882 0.2949 0.3523
vn -0.4944 0.2224 0.8403
vn -0.8790 0.1726 0.4445
vn -0.0535 0.2083 0.9766
vn 0.4845 0.1642 0.8592
vn -0.0575 0.0899 0.9943
vn -0.9784 0.0290 -0.2045
vn -0.7247 -0.6659 -0.1769
vn -0.9912 0.1276 -0.0351
vn -0.8071 0.4540 -0.3774
vn -0.4468 0.3507 -0.8230
vn -0.3665 0.7644 -0.5305
vn 0.9004 0.0005 0.4351
vn 0.4912 0.3044 0.8161
vn 0.9037 0.1306 0.4077
vn 0.0201 0.8496 -0.5270
vn 0.0659 0.8969 -0.4374
vn 0.3359 0.7035 -0.6263
vn 0.4309 -0.8896 -0.1511
vn -0.2960 -0.5670 -0.7687
vn 0.4571 -0.6821 -0.5708
vn 0.1302 -0.8896 0.4377
vn 0.0055 -0.6825 0.7309
vn -0.6814 -0.7317 0.0170
vn 0.4264 -0.8896 -0.1636
vn 0.1026 -0.8896 0.4450
vn -0.3527 -0.5670 -0.7444
vn -0.2565 -0.5670 -0.7827
vn 0.3500 -0.8896 0.2934
vn -0.6809 -0.7317 -0.0305
vn -0.0824 -0.8896 0.4492
vn 0.8138 -0.5670 0.1273
vn 0.2672 -0.6821 0.6807
vn -0.4439 -0.8896 -0.1072
vn -0.6352 -0.6825 -0.3616
vn 0.3262 -0.7317 -0.5984
vn -0.0721 -0.8896 0.4510
vn -0.4363 -0.8896 -0.1350
vn 0.8211 -0.5670 0.0653
vn 0.8062 -0.5670 0.1687
vn -0.4291 -0.8896 0.1564
vn 0.3672 -0.7317 -0.5742
vn 0.3463 -0.8896 0.2977
vn 0.5177 -0.5670 -0.6407
vn 0.7229 -0.6821 0.1105
vn 0.3548 -0.8896 0.2876
vn -0.3342 -0.8896 0.3112
vn 0.4684 -0.5670 -0.6776
vn 0.5496 -0.5670 -0.6135
vn -0.0792 -0.8896 0.4498
vn -0.3140 -0.7317 -0.6049
vn -0.3139 -0.8896 0.3317
vn -0.6301 -0.6825 0.3703
vn -0.3555 -0.7317 -0.5816
vn 0.0909 -0.9874 0.1297
vn -0.5728 -0.7442 0.3437
vn -0.6068 -0.7146 0.3482
vn 0.4166 -0.7650 0.4911
vn 0.4489 -0.7591 0.4714
vn -0.0917 -0.9945 -0.0509
vn -0.1480 -0.9881 -0.0422
vn 0.6395 -0.7387 0.2130
vn -0.1646 -0.9862 -0.0183
vn -0.6587 -0.7246 0.2026
vn 0.1350 -0.9905 -0.0268
vn 0.1502 -0.9886 -0.0076
vn 0.6109 -0.7158 0.3385
vn 0.5745 -0.7410 0.3476
vn -0.0909 -0.9870 0.1325
vn -0.2018 -0.7315 -0.6513
vn 0.0162 -0.9984 0.0535
vn -0.5355 -0.6929 0.4827
vn 0.6304 -0.7352 -0.2493
vn -0.0240 -0.9984 0.0512
vn 0.4199 -0.7288 -0.5409
vn -0.0187 -0.9980 0.0607
vn -0.0504 -0.9130 -0.4048
vn 0.4275 -0.6801 0.5955
vn 0.3441 -0.6948 0.6315
vn -0.5383 -0.7175 -0.4421
vn -0.1974 -0.7171 -0.6684
vn 0.2776 -0.7103 0.6468
vn 0.1066 -0.7016 -0.7045
vn 0.1673 -0.7065 0.6876
vn 0.2910 -0.7007 0.6514
vn -0.4634 -0.7144 -0.5243
vn 0.0499 -0.7105 0.7019
vn 0.2132 -0.7216 0.6587
vn -0.2180 -0.7076 -0.6721
vn -0.0796 -0.7086 -0.7011
vn -0.0860 -0.7096 0.6993
vn -0.0405 -0.7077 -0.7053
vn -0.2543 -0.7175 0.6485
vn -0.3052 -0.7084 0.6364
vn 0.1016 -0.7164 -0.6902
vn 0.3923 -0.7105 -0.5842
vn -0.5043 -0.7011 0.5041
vn 0.4483 -0.7058 -0.5486
vn -0.5272 -0.7012 0.4799
vn -0.2612 -0.7254 0.6368
vn 0.2948 -0.6804 -0.6710
vn 0.0516 -0.9986 -0.0084
vn -0.0013 -0.9989 0.0472
vn 0.3952 -0.7271 -0.5614
vn 0.0109 -0.9079 -0.4190
vn -0.2135 0.2690 -0.9392
vn 0.4094 -0.1697 -0.8964
vn 0.2469 -0.1371 -0.9593
vn -0.8469 -0.3604 0.3909
vn -0.8148 -0.4496 -0.3661
vn -0.8795 -0.4612 -0.1170
vn -0.6910 -0.5220 -0.5001
vn -0.6129 -0.4877 -0.6218
vn -0.8726 -0.3957 -0.2863
vn -0.8079 -0.5832 -0.0841
vn -0.8195 -0.5165 -0.2482
vn -0.7809 -0.5844 -0.2204
vn -0.7798 -0.3444 -0.5228
vn -0.9124 -0.2719 -0.3061
vn -0.6493 -0.2951 -0.7009
vn -0.6371 -0.6062 -0.4761
vn -0.5593 -0.5412 -0.6279
vn -0.5516 -0.6074 -0.5717
vn -0.3953 -0.3435 -0.8519
vn -0.6477 -0.2705 -0.7122
vn -0.1707 -0.3023 -0.9378
vn -0.3026 -0.5886 -0.7497
vn -0.1426 -0.5244 -0.8395
vn -0.1947 -0.5901 -0.7835
vn 0.0993 -0.2975 -0.9496
vn -0.2226 -0.2182 -0.9502
vn 0.3616 -0.2746 -0.8910
vn 0.0918 -0.5213 -0.8484
vn 0.2967 -0.4596 -0.8371
vn 0.1608 -0.5230 -0.8370
vn 0.2380 -0.5713 -0.7855
vn 0.3491 -0.4904 -0.7985
vn -0.0760 -0.5571 -0.8270
vn 0.6724 -0.4221 -0.6080
vn 0.2752 -0.4932 -0.8252
vn 0.8788 -0.3883 -0.2773
vn 0.8371 -0.4672 -0.2845
vn 0.7623 -0.4000 -0.5088
vn 0.9037 -0.4029 -0.1447
vn 0.8658 -0.4990 -0.0380
vn 0.9025 -0.4251 0.0691
vn 0.8628 -0.4982 0.0860
vn 0.3359 -0.7065 0.6230
vn -0.3561 -0.6820 0.6388
vn 0.5026 -0.7013 0.5055
vn 0.2980 -0.5240 0.7979
vn 0.7194 -0.4388 0.5385
vn -0.1139 -0.5387 0.8348
vn 0.0837 -0.5757 0.8133
vn -0.3591 -0.5689 0.7399
vn 0.2138 -0.5691 0.7940
vn -0.0779 -0.5306 0.8441
vn 0.4210 -0.4349 0.7960
vn -0.4362 -0.5430 0.7176
vn -0.3515 -0.5802 0.7347
vn -0.6650 -0.5650 0.4884
vn -0.2124 -0.5722 0.7921
vn -0.5415 -0.5000 0.6758
vn -0.0310 -0.3909 0.9199
vn -0.7723 -0.5475 0.3223
vn -0.7219 -0.5897 0.3620
vn -0.7913 -0.6027 -0.1027
vn -0.5864 -0.5715 0.5740
vn -0.8662 -0.4358 0.2447
vn -0.5442 -0.2936 0.7859
vn -0.7990 -0.5585 -0.2226
vn -0.7534 -0.6290 -0.1918
vn -0.4016 -0.6641 -0.6306
vn -0.7791 -0.5978 0.1888
vn 0.9926 0.0808 0.0911
vn 0.9688 0.0103 0.2475
vn 0.8914 -0.3040 -0.3360
vn 0.7067 -0.7015 -0.0924
vn 0.8189 -0.4572 0.3468
vn 0.2456 -0.8737 0.4199
vn 0.7546 -0.2033 0.6240
vn 0.6119 -0.1303 0.7802
vn 0.4225 -0.6714 0.6089
vn 0.5384 -0.3919 0.7460
vn 0.1094 -0.1249 0.9861
vn -0.0960 -0.1601 0.9824
vn 0.5317 -0.4795 0.6981
vn 0.0837 -0.3467 0.9343
vn 0.0454 -0.8901 0.4535
vn -0.2982 -0.4180 0.8581
vn -0.6668 -0.0176 0.7451
vn -0.7978 -0.0339 0.6020
vn -0.2574 -0.5908 0.7647
vn -0.7035 -0.4474 0.5521
vn -0.3902 -0.9157 0.0962
vn -0.9992 0.0313 0.0229
vn -0.9808 0.0813 -0.1772
vn -0.8754 -0.4114 0.2537
vn -0.6995 -0.7142 0.0249
vn -0.7451 -0.5032 -0.4378
vn -0.1350 -0.8763 -0.4625
vn -0.3067 -0.7785 -0.5476
vn -0.7317 -0.2750 -0.6238
vn -0.6036 -0.3115 -0.7339
vn 0.1536 -0.5183 -0.8413
vn -0.2060 0.0078 -0.9785
vn -0.0185 -0.0009 -0.9998
vn -0.2703 -0.6713 -0.6901
vn 0.1400 -0.4363 -0.8888
vn 0.3768 -0.8546 -0.3573
vn 0.3713 -0.1303 -0.9193
vn 0.5172 -0.1743 -0.8379
vn 0.2400 -0.6968 -0.6759
vn 0.6535 -0.7192 -0.2361
vn 0.8844 -0.2254 -0.4087
vn 0.7362 -0.6729 0.0718
vn 0.5957 -0.8017 -0.0493
vn 0.8409 -0.3201 -0.4364
vn 0.8931 -0.3556 -0.2754
vn 0.0011 -1.0000 -0.0003
vn 0.1802 -0.6698 -0.7204
vn 0.4374 -0.6696 -0.6003
vn -0.1936 -0.6718 -0.7150
vn 0.1703 -0.6698 -0.7228
vn 0.0002 -1.0000 -0.0000
vn -0.5768 -0.6719 -0.4646
vn -0.2103 -0.6786 -0.7037
vn -0.0003 -1.0000 0.0007
vn -0.7280 -0.6716 -0.1378
vn -0.5886 -0.6703 -0.4519
vn 0.0191 0.9093 0.4158
vn -0.5091 0.8569 0.0809
vn 0.8478 0.3865 -0.3632
vn 0.0663 0.9821 0.1762
vn 0.6943 0.3381 -0.6353
vn 0.1640 0.8931 -0.4188
vn 0.1931 -0.8961 0.3997
vn -0.0218 -0.9490 0.3145
vn 0.1767 -0.8753 0.4502
vn 0.9322 -0.1676 0.3207
vn 0.8373 -0.3870 0.3861
vn 0.8341 -0.2612 0.4859
vn 0.7671 -0.6414 0.0130
vn 0.8726 -0.4056 0.2720
vn 0.8456 -0.3849 0.3698
vn 0.8312 -0.0488 0.5538
vn 0.8290 -0.0416 0.5578
vn 0.9220 -0.0290 0.3861
vn 0.8161 -0.0592 0.5749
vn 0.9094 -0.0330 0.4147
vn 0.9142 -0.0229 0.4046
vn -0.9072 0.2085 -0.3653
vn -0.5054 0.3739 0.7776
vn -0.6719 0.7057 0.2250
vn 0.6994 0.2777 0.6586
vn 0.1278 -0.5941 0.7942
vn -0.4936 0.8656 0.0840
vn -0.5109 0.8586 -0.0412
vn 0.1398 -0.4616 0.8760
vn -0.0028 0.8748 0.4846
vn -0.7293 0.0184 -0.6839
vn -0.3744 -0.2518 -0.8924
vn 0.6953 -0.0287 -0.7181
vn 0.4052 -0.6119 -0.6793
vn -0.2918 -0.8194 -0.4933
vn -0.6510 -0.3899 -0.6513
vn -0.7005 -0.0043 -0.7136
vn 0.3707 -0.2570 -0.8925
vn 0.7290 0.0157 -0.6844
vn -0.4019 -0.6193 -0.6744
vn 0.6707 -0.3943 -0.6283
vn 0.2952 -0.8363 -0.4620
vn -0.4350 -0.1354 -0.8902
vn -0.0814 0.4537 -0.8874
vn 0.4205 -0.5492 -0.7222
vn -0.4366 -0.0999 -0.8941
vn 0.4265 -0.5639 -0.7072
vn 0.4784 -0.5290 -0.7009
vn -0.3030 -0.6572 -0.6901
vn -0.1970 -0.7041 -0.6822
vn -0.3545 0.2740 -0.8940
vn -0.3897 0.2355 -0.8903
vn 0.2056 -0.6627 -0.7201
vn -0.2485 0.6711 -0.6985
vn -0.4182 0.5523 -0.7212
vn 0.0129 -0.7249 -0.6888
vn 0.2645 -0.6828 -0.6810
vn 0.0866 0.7096 -0.6992
vn 0.1339 -0.6964 -0.7050
vn 0.1359 -0.6928 -0.7082
vn -0.0705 0.7143 -0.6963
vn 0.0648 -0.6965 -0.7146
vn -0.4058 0.5903 -0.6977
vn -0.4715 0.5419 -0.6958
vn 0.4306 -0.5455 -0.7190
vn -0.0445 0.4552 -0.8893
vn -0.0516 0.4554 -0.8888
vn 0.4303 -0.1270 -0.8937
vn -0.4064 -0.5757 -0.7095
vn 0.0034 0.4528 -0.8916
vn -0.2381 -0.6644 -0.7085
vn 0.3648 0.6129 -0.7010
vn 0.2886 0.6534 -0.6999
vn -0.4500 -0.5439 -0.7083
vn -0.4000 -0.5818 -0.7082
vn -0.5968 -0.3791 -0.7072
vn 0.2662 0.6607 -0.7019
vn 0.6118 0.3656 -0.7014
vn -0.3498 0.2977 -0.8882
vn 0.3490 0.2989 -0.8882
vn -0.2839 -0.6311 -0.7218
vn -0.2818 -0.6357 -0.7187
vn 0.3648 0.2737 -0.8900
vn 0.2135 0.6845 -0.6971
vn 0.9896 -0.1332 0.0541
vn 0.9939 0.0362 -0.1038
vn 0.9933 0.1126 -0.0270
vn 0.9900 -0.1306 0.0537
vn 0.9930 0.1093 -0.0451
vn 0.9900 -0.1108 0.0879
vn 0.9898 0.1365 -0.0415
vn 0.8939 -0.0823 -0.4406
vn 0.9925 -0.1219 -0.0128
vn 0.9902 0.1101 -0.0859
vn 0.9928 -0.0625 0.1025
vn 0.9902 0.0821 -0.1128
vn 0.9931 -0.0085 -0.1170
vn 0.9998 0.0095 -0.0172
vn 0.9919 0.0416 0.1203
vn 0.9986 -0.0054 0.0521
vn 0.9828 0.0198 -0.1836
vn 0.9991 -0.0086 0.0418
vn 0.9888 -0.0063 0.1488
vn 0.9959 -0.0099 -0.0905
vn 0.9934 -0.0279 -0.1108
vn 0.9945 0.0950 -0.0437
vn 0.9906 -0.0414 0.1305
vn 0.9905 -0.1290 0.0482
vn 0.9855 -0.0527 0.1610
vn 0.6243 0.2820 0.7285
vn 0.9922 0.1244 -0.0038
vn 0.9894 -0.1451 0.0078
vn 0.9955 0.0907 -0.0289
vn 0.9956 0.0703 -0.0624
vn 0.9905 -0.1211 0.0650
vn 0.9947 0.0997 0.0251
vn 0.9905 -0.1304 0.0445
vn 0.4834 0.2899 -0.8260
vn 0.1349 0.3167 -0.9389
vn 0.3029 0.4371 -0.8469
vn 0.8349 0.2532 -0.4888
vn 0.7091 0.4377 -0.5528
vn 0.8551 0.3584 -0.3747
vn 0.5080 0.6471 -0.5685
vn 0.2895 0.6611 -0.6922
vn 0.3189 0.7760 -0.5442
vn 0.7741 0.5525 -0.3090
vn 0.6238 0.7233 -0.2963
vn 0.8363 0.5192 -0.1760
vn 0.7280 0.6610 -0.1819
vn 0.4880 0.8117 -0.3210
vn 0.3706 0.9009 -0.2261
vn 0.6792 -0.0407 -0.7328
vn 0.8234 0.0214 -0.5671
vn 0.8149 0.4845 -0.3181
vn 0.6698 0.5361 -0.5137
vn 0.6392 0.0506 -0.7674
vn 0.7248 0.5227 -0.4487
vn 0.2953 -0.6612 0.6896
vn 0.1617 -0.7002 0.6954
vn 0.3833 -0.4639 0.7986
vn 0.1969 -0.6966 0.6899
vn -0.0230 -0.8642 0.5026
vn 0.0176 -0.4918 0.8705
vn 0.2435 -0.1028 0.9644
vn 0.0279 -0.1377 0.9901
vn 0.2408 -0.0508 0.9692
vn 0.2127 -0.0327 0.9766
vn -0.0112 -0.1359 0.9907
vn 0.0221 -0.0737 0.9970
vn 0.2911 -0.0090 0.9567
vn 0.1079 -0.2541 0.9612
vn -0.0038 -0.4198 0.9076
vn 0.6018 -0.1101 0.7910
vn 0.1924 -0.4342 0.8800
vn 0.5245 -0.3246 0.7871
vn 0.1648 -0.5468 0.8209
vn -0.0558 -0.5018 0.8632
vn -0.0041 -0.6500 0.7599
vn 0.5627 -0.4709 0.6794
vn 0.1161 -0.7482 0.6532
vn 0.4692 -0.6583 0.5886
vn 0.2307 -0.7816 0.5795
vn 0.0065 -0.7468 0.6650
vn 0.0484 -0.8517 0.5219
vn 0.3603 -0.7768 0.5166
vn 0.1845 -0.8620 0.4721
vn 0.3991 -0.8450 0.3560
vn 0.3732 -0.8557 0.3585
vn 0.1739 -0.8478 0.5010
vn 0.1857 -0.9140 0.3608
vn 0.3982 -0.8920 0.2142
vn 0.2115 -0.9529 0.2174
vn 0.2684 -0.5525 0.7891
vn 0.0924 -0.6435 0.7598
vn -0.0024 -0.9854 0.1704
vn 0.0264 -0.6358 0.7714
vn -0.1397 0.9855 -0.0967
vn 0.0768 0.9906 -0.1129
vn -0.1282 0.9672 -0.2194
vn -0.1452 0.9655 -0.2162
vn 0.0777 0.9918 -0.1015
vn 0.0526 0.9788 -0.1980
vn -0.1437 0.9399 -0.3096
vn 0.0919 0.9437 -0.3179
vn 0.0393 0.8962 -0.4419
vn -0.3353 0.8790 -0.3392
vn -0.1638 0.8553 -0.4915
vn -0.3844 0.7938 -0.4713
vn -0.3144 0.6407 -0.7005
vn 0.0433 0.7619 -0.6462
vn -0.1422 0.6385 -0.7564
vn -0.0063 0.6324 -0.7746
vn 0.2092 0.7043 -0.6784
vn 0.1944 0.5892 -0.7842
vn -0.3186 0.4864 -0.8136
vn -0.1179 0.4171 -0.9012
vn -0.3438 0.3076 -0.8872
vn -0.2264 0.3085 -0.9239
vn 0.1415 0.3879 -0.9107
vn 0.1530 0.2225 -0.9629
vn -0.2364 0.0936 -0.9671
vn -0.0176 0.0263 -0.9995
vn -0.2011 0.7451 -0.6360
vn -0.1735 0.7229 -0.6688
vn 0.0574 0.0333 -0.9978
vn -0.0585 0.7278 -0.6833
vn 0.1383 -0.6019 0.7865
vn 0.9050 -0.2421 0.3497
vn 0.1389 -0.9153 0.3779
vn -0.0946 -0.9605 0.2617
vn 0.7918 -0.5189 0.3223
vn 0.7534 -0.6237 0.2082
vn 0.7546 -0.0350 0.6552
vn -0.0775 -0.1455 0.9863
vn -0.6245 -0.3141 0.7151
vn -0.5674 0.1465 0.8103
vn 0.0397 -0.0821 0.9958
vn 0.7598 -0.2265 0.6094
vn -0.4496 -0.0167 0.8931
vn 0.8777 -0.0501 0.4765
vn 0.9070 -0.0885 0.4117
vn -0.8410 -0.0473 0.5390
vn 0.5662 -0.0772 0.8207
vn -0.8156 -0.2100 0.5392
vn -0.0030 -0.9914 0.1312
vn 0.5091 -0.6147 0.6025
vn 0.3981 -0.3028 0.8659
vn 0.1554 -0.9721 0.1756
vn 0.3579 -0.2006 0.9119
vn 0.8287 -0.5290 0.1830
vn 0.6859 -0.1922 0.7019
vn -0.2743 -0.2170 0.9368
vn -0.0582 -0.3921 0.9181
vn 0.8497 -0.0652 0.5232
vn 0.2186 -0.4464 0.8677
vn 0.8608 -0.2603 0.4374
vn 0.6150 -0.6280 0.4769
vn -0.3342 -0.5602 0.7580
vn -0.1429 -0.7501 0.6457
vn 0.8332 -0.3279 0.4452
vn 0.1820 -0.7935 0.5808
vn 0.8393 -0.4791 0.2570
vn 0.4087 -0.6417 0.6490
vn -0.3468 -0.8202 0.4550
vn -0.1870 -0.9497 0.2511
vn 0.4616 0.1445 -0.8753
vn -0.0225 0.3307 -0.9435
vn 0.3320 0.3390 -0.8803
vn 0.0285 0.4401 -0.8975
vn -0.2324 0.3631 -0.9023
vn -0.1723 0.5430 -0.8218
vn 0.3040 0.4675 -0.8301
vn 0.1124 0.5909 -0.7989
vn 0.3597 0.6076 -0.7082
vn 0.1237 0.6825 -0.7204
vn -0.2661 0.6209 -0.7374
vn -0.3756 0.7237 -0.5790
vn 0.2195 0.8132 -0.5390
vn 0.0094 0.8757 -0.4828
vn 0.2560 0.8904 -0.3764
vn 0.1810 0.9105 -0.3718
vn -0.0492 0.8591 -0.5095
vn -0.0452 0.9297 -0.3655
vn 0.2123 0.9550 -0.2070
vn -0.0154 0.9794 -0.2015
vn 0.2131 0.9724 -0.0952
vn 0.0945 0.9934 -0.0656
vn -0.1311 0.9755 -0.1768
vn -0.1244 0.9887 -0.0832
vn -0.1611 0.1143 -0.9803
vn 0.0518 0.0320 -0.9981
vn -0.0342 0.7455 -0.6657
vn 0.0745 0.7142 -0.6960
vn 0.1873 0.0315 -0.9818
vn 0.1598 0.7146 -0.6811
vn -0.1811 0.8679 -0.4625
vn -0.2286 0.9252 -0.3028
vn -0.1397 0.7519 -0.6443
vn -0.3013 0.9522 -0.0495
vn -0.1130 0.9913 -0.0681
vn -0.2859 0.9342 -0.2133
vn -0.2875 0.9338 -0.2129
vn -0.1105 0.9923 -0.0566
vn -0.1328 0.9770 -0.1668
vn -0.1943 0.9200 -0.3402
vn -0.0491 0.9415 -0.3335
vn 0.1033 0.8492 -0.5179
vn 0.7053 -0.2842 0.6494
vn 0.7210 -0.2785 0.6345
vn 0.6536 -0.4247 0.6265
vn 0.4841 -0.5900 0.6463
vn 0.5600 -0.4462 0.6981
vn 0.6690 -0.4808 0.5668
vn 0.6445 -0.6418 0.4156
vn 0.7909 -0.4915 0.3645
vn 0.7196 -0.6298 0.2926
vn 0.6357 -0.7277 0.2576
vn 0.7283 -0.6038 0.3240
vn 0.6302 -0.7345 0.2515
vn 0.7435 -0.0512 0.6668
vn 0.5752 -0.0900 0.8131
vn 0.7367 -0.0409 0.6750
vn 0.6994 -0.0006 0.7147
vn 0.5191 -0.0798 0.8510
vn 0.5370 -0.0931 0.8384
vn 0.9014 -0.0617 0.4286
vn 0.7418 -0.2252 0.6317
vn 0.8788 -0.2021 0.4322
vn 0.5400 -0.4779 0.6929
vn 0.3464 -0.4498 0.8232
vn 0.3583 -0.5687 0.7404
vn 0.7988 -0.3639 0.4790
vn 0.6661 -0.5574 0.4955
vn 0.8183 -0.4573 0.3482
vn 0.6607 -0.6225 0.4194
vn 0.4280 -0.7350 0.5260
vn 0.4355 -0.8191 0.3732
vn 0.8283 -0.5099 0.2324
vn 0.6965 -0.6921 0.1897
vn 0.8851 -0.4544 0.1004
vn 0.4734 -0.4316 0.7679
vn 0.4427 -0.8816 0.1639
vn 0.2821 -0.5422 0.7915
vn -0.9927 -0.0513 0.1094
vn -0.9905 0.0249 -0.1351
vn -0.9925 -0.0256 0.1191
vn -0.9960 -0.0307 0.0842
vn -0.9854 0.0314 -0.1672
vn -0.9852 0.0194 -0.1702
vn -0.9893 -0.1446 0.0169
vn -0.8938 0.0194 -0.4481
vn -0.9921 0.0965 -0.0806
vn -0.9939 -0.0680 0.0873
vn -0.9889 0.0921 -0.1169
vn -0.9939 -0.0860 0.0695
vn -0.9917 -0.0916 0.0905
vn -0.9913 0.1160 -0.0625
vn -0.9915 0.0709 -0.1093
vn -0.9857 -0.0029 -0.1682
vn -0.9890 -0.0091 -0.1476
vn -0.9955 -0.0262 0.0912
vn -0.9999 -0.0090 -0.0111
vn -0.9717 0.0202 -0.2351
vn -1.0000 -0.0070 -0.0009
vn -0.9902 -0.0482 0.1312
vn -0.9999 0.0112 0.0039
vn -0.9946 0.0563 -0.0878
vn -0.9910 -0.0048 0.1334
vn -0.9940 0.0261 -0.1062
vn -0.9939 0.0496 -0.0980
vn -0.9917 0.0539 -0.1166
vn -0.9974 -0.0529 0.0484
vn -0.9930 0.0234 0.1157
vn -0.9940 0.0468 -0.0990
vn -0.9913 -0.0204 0.1302
vn -0.9942 0.0770 -0.0752
vn -0.9947 0.0535 -0.0873
vn -0.9901 -0.1055 0.0927
vn -0.9902 -0.0657 0.1232
vn 0.0985 -0.9488 0.3001
vn -0.1102 -0.9423 0.3161
vn 0.1040 -0.7607 0.6407
vn 0.0414 -0.8222 0.5676
vn -0.1872 -0.9571 0.2214
vn -0.1871 -0.8001 0.5700
vn -0.1051 -0.0226 0.9942
vn 0.0871 -0.0698 0.9938
vn 0.6535 0.2623 0.7101
vn 0.6857 -0.1800 0.7053
vn 0.1079 -0.1362 0.9848
vn -0.0837 -0.1342 0.9874
vn 0.6050 -0.0079 0.7962
vn -0.2189 -0.1415 0.9654
vn -0.2199 -0.0530 0.9741
vn 0.7484 0.0290 0.6626
vn -0.0227 -0.0781 0.9967
vn 0.7335 0.1595 0.6607
vn -0.1657 -0.5951 0.7864
vn -0.4395 -0.6859 0.5800
vn 0.1722 -0.9662 0.1918
vn -0.1600 -0.9631 0.2162
vn -0.2382 -0.5424 0.8057
vn 0.0305 -0.9747 0.2215
vn -0.1889 -0.8687 0.4579
vn 0.0011 -0.8838 0.4678
vn -0.1942 -0.7827 0.5913
vn -0.2317 -0.7734 0.5900
vn -0.0549 -0.8891 0.4544
vn -0.0455 -0.8155 0.5770
vn -0.1175 -0.6260 0.7709
vn 0.0726 -0.6550 0.7521
vn -0.1099 -0.5165 0.8492
vn -0.0512 -0.5214 0.8518
vn 0.1593 -0.6250 0.7642
vn 0.1402 -0.4854 0.8630
vn -0.1491 -0.5145 0.8444
vn 0.0518 -0.2927 0.9548
vn 0.1615 -0.1200 0.9796
vn -0.3246 -0.4078 0.8535
vn 0.0792 -0.0734 0.9942
vn -0.2271 -0.2304 0.9462
vn 0.3677 -0.5160 0.7736
vn 0.5478 -0.4637 0.6964
vn 0.2942 -0.7060 0.6442
vn 0.2050 -0.7361 0.6451
vn 0.4694 -0.5043 0.7248
vn 0.4674 -0.6679 0.5791
vn 0.3437 -0.6684 0.6597
vn 0.4888 -0.0643 0.8700
vn 0.2414 -0.1161 0.9635
vn 0.3292 -0.6700 0.6654
vn 0.2232 -0.1066 0.9689
vn 0.2626 -0.5506 0.7924
vn -0.0773 0.9621 -0.2617
vn -0.0613 0.9662 -0.2504
vn -0.0729 0.9645 -0.2538
vn -0.5236 0.8442 -0.1146
vn -0.3333 0.9337 -0.1305
vn -0.4805 0.8587 -0.1782
vn -0.1455 -0.5258 0.8381
vn -0.0102 -0.5068 0.8620
vn -0.2356 -0.6897 0.6847
vn -0.2707 -0.6742 0.6871
vn -0.0684 -0.4842 0.8723
vn -0.0716 -0.8597 0.5057
vn -0.0236 -0.1314 0.9910
vn -0.2400 -0.1035 0.9652
vn -0.0463 -0.0504 0.9977
vn -0.2148 -0.0212 0.9764
vn -0.4092 -0.1119 0.9055
vn -0.3882 -0.0912 0.9170
vn -0.1465 -0.9886 0.0340
vn 0.0111 -0.6366 0.7711
vn -0.0055 -0.9779 0.2089
vn -0.5887 -0.8066 0.0532
vn -0.1576 -0.9310 0.3293
vn -0.5025 -0.8220 0.2678
vn -0.0916 -0.8910 0.4446
vn 0.1378 -0.9108 0.3891
vn 0.0675 -0.8287 0.5557
vn -0.4633 -0.7804 0.4199
vn -0.3156 -0.7625 0.5648
vn -0.5262 -0.6513 0.5467
vn -0.0697 -0.6182 0.7829
vn 0.1592 -0.6606 0.7336
vn 0.0970 -0.5180 0.8499
vn -0.4045 -0.5180 0.7537
vn -0.2472 -0.4480 0.8592
vn -0.4615 -0.3464 0.8167
vn -0.2004 -0.3336 0.9212
vn 0.1394 -0.3690 0.9189
vn 0.2934 -0.1620 0.9422
vn -0.6976 0.6996 -0.1544
vn -0.4951 0.8326 -0.2482
vn -0.5338 0.7623 -0.3660
vn -0.8086 0.5672 -0.1563
vn -0.6545 0.6716 -0.3471
vn -0.8324 0.4852 -0.2678
vn -0.7086 0.5897 -0.3876
vn -0.4942 0.7469 -0.4449
vn -0.5181 0.6487 -0.5574
vn -0.8264 0.4072 -0.3889
vn -0.6617 0.4756 -0.5796
vn -0.8372 0.3017 -0.4562
vn -0.6852 0.3935 -0.6129
vn -0.4701 0.5117 -0.7192
vn -0.4989 0.3568 -0.7898
vn -0.8436 0.2652 -0.4669
vn -0.7006 0.1941 -0.6866
vn -0.8655 0.1429 -0.4801
vn -0.7026 -0.0177 -0.7114
vn -0.5098 0.0786 -0.8567
vn -0.7450 0.5174 -0.4210
vn -0.7139 0.5129 -0.4768
vn -0.4349 0.0317 -0.8999
vn -0.6583 0.5235 -0.5409
vn -0.2454 -0.7371 0.6297
vn -0.5110 -0.6301 0.5847
vn -0.2424 -0.5506 0.7988
vn -0.2512 -0.5782 0.7763
vn -0.5176 -0.6553 0.5502
vn -0.5131 -0.4944 0.7016
vn -0.4851 -0.0569 0.8726
vn -0.3496 -0.6731 0.6517
vn -0.2431 -0.0795 0.9667
vn -0.1845 -0.0743 0.9800
vn -0.3046 -0.6678 0.6792
vn -0.2310 -0.5465 0.8050
vn -0.5592 -0.6213 0.5489
vn -0.7637 -0.4515 0.4613
vn -0.5530 -0.5053 0.6624
vn -0.6697 -0.5039 0.5455
vn -0.8501 -0.4194 0.3184
vn -0.8462 -0.3351 0.4142
vn -0.5019 -0.0791 0.8613
vn -0.7066 -0.0247 0.7072
vn -0.4909 -0.0569 0.8694
vn -0.4703 -0.0682 0.8799
vn -0.6837 -0.0467 0.7283
vn -0.6790 -0.0294 0.7335
vn -0.7394 -0.6732 0.0022
vn -0.3818 -0.4831 0.7879
vn -0.5922 -0.7824 0.1926
vn -0.7988 -0.5959 0.0819
vn -0.6353 -0.7513 0.1787
vn -0.8130 -0.5505 0.1898
vn -0.5894 -0.7221 0.3621
vn -0.3555 -0.8480 0.3931
vn -0.2659 -0.7760 0.5720
vn -0.8228 -0.4626 0.3301
vn -0.6658 -0.5261 0.5291
vn -0.8350 -0.3571 0.4186
vn -0.7462 -0.3672 0.5553
vn -0.5771 -0.5899 0.5648
vn -0.5688 -0.4938 0.6578
vn -0.7582 -0.2734 0.5919
vn -0.5662 -0.3369 0.7523
vn -0.7592 -0.1822 0.6248
vn -0.7029 -0.1689 0.6910
vn -0.5039 -0.3318 0.7975
vn -0.3852 -0.2683 0.8830
vn 0.5133 0.8537 -0.0880
vn 0.7709 0.3623 -0.5239
vn 0.6955 0.7140 -0.0805
vn 0.3074 -0.7779 -0.5480
vn 0.1742 -0.7913 -0.5861
vn 0.2065 -0.9568 0.2047
vn 0.3276 -0.8978 0.2944
vn 0.3314 -0.8051 -0.4920
vn 0.1015 -0.9380 0.3315
vn 0.4515 0.6367 -0.6251
vn 0.5911 0.5400 -0.5992
vn 0.1988 0.9790 -0.0458
vn 0.1484 0.9875 -0.0529
vn 0.5320 0.5907 -0.6066
vn 0.3897 0.9209 0.0019
vn 0.4312 0.9009 0.0494
vn 0.6277 -0.7337 -0.2603
vn -0.0558 0.5107 0.8579
vn 0.4143 -0.7257 0.5492
vn -0.9426 -0.3338 0.0068
vn -0.5643 -0.1370 -0.8141
vn -0.4334 0.8990 0.0622
vn 0.1822 0.9758 0.1208
vn -0.6210 -0.7311 -0.2825
vn 0.9669 -0.2229 0.1245
vn -0.0834 0.9959 -0.0335
vn 0.4207 -0.9065 0.0348
vn 0.7254 -0.6883 0.0090
vn 0.6442 -0.4914 -0.5862
vn 0.5561 -0.8297 0.0487
vn 0.4653 -0.8847 0.0282
vn 0.3380 -0.6604 -0.6705
vn 0.2372 -0.9664 0.0988
vn -0.2824 0.9567 -0.0712
vn -0.4862 0.8738 -0.0009
vn -0.5069 0.6045 -0.6146
vn -0.5341 0.5927 -0.6028
vn -0.5196 0.8542 -0.0204
vn -0.6272 0.5032 -0.5945
vn -0.2500 -0.8281 -0.5018
vn -0.3555 -0.8115 -0.4638
vn 0.0235 -0.9418 0.3354
vn -0.0616 -0.9527 0.2976
vn -0.3677 -0.7677 -0.5249
vn -0.2806 -0.9251 0.2556
vn -0.7575 0.6462 -0.0925
vn -0.6636 0.4531 -0.5952
vn -0.5672 0.8215 -0.0579
vn -0.4732 -0.6591 -0.5845
vn -0.5771 -0.5909 -0.5637
vn -0.2303 -0.9646 0.1288
vn -0.2691 -0.9548 0.1260
vn -0.6141 -0.5547 -0.5614
vn -0.5074 -0.8559 0.1000
vn -0.5412 -0.8397 0.0448
vn -0.7893 -0.3641 -0.4945
vn -0.7393 -0.6730 0.0220
vn -0.9171 -0.1095 0.3834
vn -0.7578 0.3968 0.5179
vn -0.9181 -0.0985 0.3838
vn -0.7209 -0.5126 -0.4664
vn -0.5850 -0.8055 0.0945
vn -0.8781 -0.4757 0.0511
vn 0.9823 -0.1592 -0.0991
vn 0.8589 -0.3530 0.3711
vn 0.8631 -0.2619 0.4317
vn -0.9846 0.1739 -0.0176
vn -0.9487 0.3140 -0.0374
vn -0.9496 0.2898 -0.1196
vn -0.8644 0.5023 -0.0204
vn -0.8624 0.5001 -0.0786
vn -0.8560 -0.5167 -0.0153
vn -0.8076 0.0527 -0.5873
vn -0.8295 -0.5432 0.1300
vn -0.4917 0.0498 -0.8693
vn 0.7782 0.6276 0.0217
vn 0.5210 0.8352 0.1761
vn 0.4888 0.8651 -0.1123
vn -0.5224 0.8348 0.1739
vn -0.7731 0.6343 -0.0068
vn -0.7674 0.6299 -0.1198
vn 0.7759 0.6196 0.1190
vn 0.7775 0.6233 -0.0836
vn 0.9734 0.2289 0.0098
vn 0.8613 0.5069 -0.0346
vn 0.8581 0.5014 -0.1104
vn 0.6027 0.7973 -0.0342
vn 0.8320 0.0701 -0.5503
vn 0.8189 0.2440 0.5196
vn 0.9485 0.3025 0.0944
vn -0.0173 -0.3182 0.9479
vn 0.1158 0.1019 0.9880
vn 0.4810 -0.4260 0.7662
vn -0.1527 -0.2889 0.9451
vn -0.4072 -0.0116 0.9133
vn 0.0931 -0.0842 0.9921
vn 0.6850 -0.4546 -0.5693
vn 0.6890 -0.7232 0.0465
vn 0.6281 -0.5167 -0.5819
vn 0.5110 -0.3815 -0.7703
vn 0.6291 -0.1046 -0.7703
vn -0.1211 -0.7242 -0.6789
vn 0.3195 0.6611 -0.6789
vn 0.7336 0.0309 -0.6789
vn 0.6241 0.1311 -0.7703
vn 0.0107 0.0212 -0.9997
vn -0.4336 -0.4434 -0.7845
vn -0.1940 -0.5884 -0.7850
vn 0.0139 0.0146 -0.9998
vn -0.1821 -0.5965 -0.7817
vn 0.7321 -0.1202 -0.6706
vn 0.6376 0.0115 -0.7703
vn 0.5311 0.3530 -0.7703
vn 0.2757 0.6806 -0.6789
vn 0.1556 0.7176 -0.6789
vn 0.2375 0.5919 -0.7703
vn -0.0000 -0.0000 -1.0000
vn -0.0268 0.6372 -0.7703
vn -0.3143 0.5549 -0.7703
vn -0.0914 0.6312 -0.7703
vn -0.4513 0.5792 -0.6789
vn 0.2564 0.5839 -0.7703
vn 0.1467 0.6206 -0.7703
vn -0.4282 0.5965 -0.6789
vn 0.2494 0.6906 -0.6789
vn 0.1211 0.7242 -0.6789
vn -0.5110 0.3815 -0.7703
vn -0.6291 0.1046 -0.7703
vn -0.0928 0.7362 -0.6704
vn -0.5709 -0.0785 -0.8173
vn 0.0747 0.0237 -0.9969
vn 0.0082 0.0236 -0.9997
vn -0.1363 -0.6032 -0.7858
vn 0.0884 -0.6141 -0.7843
vn 0.3606 0.6396 -0.6789
vn 0.5140 -0.3776 -0.7703
vn 0.6270 -0.1168 -0.7703
vn -0.7292 0.0862 -0.6789
vn -0.7304 -0.0748 -0.6789
vn 0.3714 0.5185 -0.7703
vn 0.0806 0.6326 -0.7703
vn -0.5014 0.3941 -0.7703
vn -0.7266 -0.1057 -0.6789
vn -0.3606 -0.6396 -0.6789
vn -0.5140 0.3776 -0.7703
vn -0.6270 0.1168 -0.7703
vn -0.2494 -0.6906 -0.6789
vn -0.1467 -0.6206 -0.7703
vn 0.4282 -0.5965 -0.6789
vn 0.4513 -0.5792 -0.6789
vn -0.2564 -0.5839 -0.7703
vn 0.0914 -0.6312 -0.7703
vn 0.3432 0.5375 -0.7703
vn 0.0379 0.6366 -0.7703
vn 0.5965 -0.2257 -0.7703
vn -0.2369 -0.6950 -0.6789
vn 0.1531 -0.7181 -0.6789
vn 0.5905 -0.4364 -0.6789
vn -0.5677 -0.2907 -0.7703
vn -0.1629 -0.7160 -0.6789
vn 0.0733 -0.7306 -0.6789
vn 0.5100 -0.3829 -0.7703
vn 0.7313 0.0661 -0.6789
vn 0.7260 0.1098 -0.6789
vn 0.6294 0.1025 -0.7703
vn 0.5020 0.3933 -0.7703
vn 0.7290 -0.1369 -0.6706
vn 0.3261 0.5447 -0.7727
vn 0.0095 -0.0100 -0.9999
vn -0.0067 -0.0133 -0.9999
vn 0.4169 0.4677 -0.7794
vn 0.1710 0.6026 -0.7795
vn -0.6338 -0.0707 -0.7703
vn -0.5022 -0.3931 -0.7703
vn -0.1243 -0.6255 -0.7703
vn 0.0268 -0.6372 -0.7703
vn 0.3143 -0.5549 -0.7703
vn -0.6271 -0.1157 -0.7703
vn -0.2977 -0.5634 -0.7707
vn -0.0095 0.0057 -0.9999
vn -0.0074 -0.0124 -0.9999
vn -0.0001 0.6281 -0.7781
vn -0.6133 -0.1748 -0.7703
vn -0.6289 0.1061 -0.7703
vn -0.5998 -0.2166 -0.7703
vn -0.0043 0.0098 -0.9999
vn 0.1016 -0.6215 -0.7768
vn 0.3774 -0.5041 -0.7768
vn -0.6015 0.1759 -0.7792
vn 0.0124 -0.0080 -0.9999
vn 0.0800 0.0174 -0.9966
vn 0.2009 0.0188 -0.9794
vn 0.0572 -0.1747 -0.9830
vn 0.0973 -0.1505 -0.9838
vn 0.0155 -0.0609 -0.9980
vn 0.0318 -0.0125 -0.9994
vn 0.1284 -0.0864 -0.9880
vn 0.1358 -0.0755 -0.9879
vn -0.0200 -0.1534 -0.9880
vn 0.0028 -0.1541 -0.9881
vn -0.0053 -0.0327 -0.9995
vn 0.0162 -0.0367 -0.9992
vn 0.0765 -0.1422 -0.9869
vn -0.0176 -0.0069 -0.9998
vn 0.5692 -0.2642 -0.7786
vn -0.1639 -0.0616 -0.9846
vn -0.1514 -0.0820 -0.9851
vn -0.0549 -0.0083 -0.9985
vn 0.0153 -0.0207 -0.9997
vn -0.0655 -0.1119 -0.9916
vn 0.5806 -0.2393 -0.7782
vn -0.0106 0.0073 -0.9999
vn -0.9631 0.2136 0.1638
vn -0.9305 0.2375 0.2790
vn 0.0079 0.1488 -0.9888
vn -0.0128 0.1488 -0.9888
vn -0.0025 0.0275 -0.9996
vn -0.0050 0.0124 -0.9999
vn 0.0224 0.1311 -0.9911
vn 0.0247 0.0097 -0.9996
vn -0.5390 0.3160 -0.7808
vn -0.0067 0.0090 -0.9999
vn 0.0657 0.1072 -0.9921
vn 0.1169 0.0867 -0.9894
vn 0.2129 0.1579 -0.9642
vn 0.1908 0.1808 -0.9648
vn 0.6122 0.2803 -0.7393
vn 0.3632 0.0331 -0.9311
vn 0.3051 -0.3674 -0.8786
vn 0.2486 -0.6330 -0.7331
vn 0.2672 -0.0515 -0.9623
vn 0.1843 -0.3411 -0.9218
vn 0.9298 -0.2992 -0.2142
vn 0.5755 -0.5716 -0.5849
vn 0.6293 -0.5291 -0.5692
vn 0.8742 -0.2671 -0.4054
vn 0.6103 -0.1958 -0.7676
vn 0.1860 -0.4369 -0.8801
vn 0.6128 -0.7512 -0.2452
vn 0.1946 -0.8124 -0.5496
vn 0.2619 -0.8020 -0.5368
vn 0.5645 -0.7086 -0.4232
vn 0.3697 -0.5431 -0.7539
vn -0.0962 -0.5315 -0.8416
vn 0.1552 -0.9570 -0.2452
vn -0.2377 -0.8009 -0.5496
vn -0.1742 -0.8255 -0.5368
vn 0.1346 -0.8960 -0.4232
vn 0.0487 -0.6553 -0.7538
vn -0.3491 -0.4122 -0.8415
vn -0.2831 -0.9010 -0.3287
vn -0.5408 -0.5673 -0.6211
vn -0.4986 -0.6160 -0.6099
vn -0.2627 -0.7962 -0.5450
vn -0.1816 -0.5380 -0.8231
vn -0.3870 -0.1399 -0.9114
vn -0.7498 -0.5843 -0.3104
vn -0.7700 -0.1647 -0.6164
vn -0.7625 -0.2377 -0.6017
vn -0.7086 -0.5645 -0.4232
vn -0.5431 -0.3697 -0.7539
vn -0.5315 0.0962 -0.8416
vn -0.9570 -0.1552 -0.2452
vn -0.8009 0.2377 -0.5496
vn -0.8255 0.1742 -0.5368
vn -0.8960 -0.1346 -0.4232
vn -0.6553 -0.0487 -0.7538
vn -0.4122 0.3491 -0.8415
vn -0.9151 0.2840 -0.2864
vn -0.5752 0.5529 -0.6029
vn -0.6325 0.5038 -0.5883
vn -0.8066 0.2525 -0.5344
vn -0.5566 0.1530 -0.8166
vn -0.1501 0.3495 -0.9249
vn -0.5710 0.7458 -0.3431
vn -0.1443 0.7445 -0.6518
vn -0.2142 0.7394 -0.6382
vn -0.5645 0.7086 -0.4232
vn -0.3697 0.5431 -0.7539
vn 0.0962 0.5315 -0.8416
vn -0.2010 0.7690 -0.6068
vn 0.0677 0.6370 -0.7679
vn 0.0722 0.6360 -0.7683
vn -0.1181 0.6654 -0.7371
vn -0.0078 0.4078 -0.9130
vn 0.3402 0.2344 -0.9107
vn 0.3432 0.9138 -0.2174
vn 0.6290 0.5880 -0.5085
vn 0.5635 0.6644 -0.4909
vn 0.3279 0.8116 -0.4834
vn 0.2599 0.4829 -0.8362
vn 0.4862 0.0441 -0.8727
vn 0.7063 0.4934 -0.5076
vn 0.7191 0.2160 -0.6605
vn 0.7152 0.2347 -0.6584
vn -0.8125 -0.1289 -0.5685
vn -0.8650 -0.0391 -0.5002
vn -0.8211 0.0061 -0.5708
vn -0.7090 -0.4255 -0.5624
vn -0.8806 -0.1152 -0.4596
vn -0.5525 -0.6327 -0.5426
vn -0.8557 0.0009 -0.5174
vn -0.7959 -0.3149 -0.5171
vn -0.7790 0.3937 -0.4880
vn -0.8617 0.3687 -0.3486
vn -0.9288 0.2397 -0.2825
vn -0.8150 0.5116 -0.2721
vn -0.6120 0.5683 -0.5500
vn -0.6748 0.5586 -0.4823
vn -0.4781 0.6866 -0.5477
vn -0.5448 0.5830 -0.6028
vn -0.2967 0.8236 -0.4833
vn -0.7395 0.2267 -0.6338
vn -0.1677 0.8887 -0.4266
vn -0.5364 0.6584 -0.5279
vn 0.2874 0.8886 -0.3575
vn 0.6506 0.4108 -0.6387
vn 0.7945 0.1127 -0.5967
vn 0.6605 0.3933 -0.6395
vn 0.9921 0.0691 -0.1047
vn 0.8635 0.5042 0.0111
vn 0.8656 -0.3991 -0.3024
vn 0.8842 0.0164 -0.4668
vn 0.7337 -0.4664 -0.4941
vn 0.8841 0.0549 -0.4641
vn 0.5896 -0.5951 -0.5461
vn 0.6885 -0.5413 -0.4827
vn 0.7417 -0.4548 -0.4930
vn -0.0415 -0.9515 -0.3050
vn 0.5356 -0.8335 -0.1354
vn -0.4683 -0.7197 -0.5126
vn -0.3309 -0.7156 -0.6151
vn -0.7166 -0.1903 -0.6710
vn -0.0186 -0.8074 -0.5897
vn -0.4954 -0.8032 -0.3308
vn 0.0936 -0.9815 -0.1672
vn -0.7553 -0.3991 -0.5199
vn -0.6730 -0.4037 -0.6198
vn -0.7024 0.2192 -0.6772
vn -0.4211 -0.6924 -0.5860
vn -0.8187 -0.4434 -0.3647
vn -0.3870 -0.8998 -0.2018
vn -0.8483 0.0205 -0.5291
vn -0.7839 0.0081 -0.6208
vn -0.5025 0.5425 -0.6732
vn -0.6934 -0.4201 -0.5854
vn -0.1482 0.3884 -0.9095
vn -0.3120 0.0670 -0.9477
vn -0.3123 0.0589 -0.9482
vn -0.1310 0.4257 -0.8953
vn -0.3022 0.3439 -0.8890
vn -0.3563 0.0654 -0.9321
vn 0.9042 0.1437 0.4023
vn 0.8681 -0.4937 0.0526
vn 0.9361 -0.3429 0.0782
vn 0.5670 0.2902 -0.7709
vn 0.5769 -0.2155 -0.7878
vn 0.6497 0.1642 -0.7422
vn -0.8046 0.5935 -0.0210
vn -0.2758 0.7991 -0.5343
vn -0.4484 0.7470 -0.4908
vn -0.4211 0.5678 -0.7073
vn 0.6333 0.0804 -0.7697
vn -0.5820 0.4125 -0.7008
vn -0.7161 0.4272 -0.5520
vn 0.3024 0.6235 -0.7210
vn -0.0878 -0.5146 -0.8529
vn -0.0520 0.7168 -0.6953
vn 0.0020 -0.6335 -0.7737
vn -0.0817 0.7149 -0.6944
vn -0.6589 -0.3003 -0.6897
vn -0.2987 -0.6613 -0.6880
vn -0.5470 -0.4769 -0.6880
vn 0.6138 0.3942 -0.6840
vn -0.4521 0.5041 -0.7358
vn 0.3554 -0.5765 -0.7358
vn -0.4211 -0.5303 -0.7358
vn 0.4675 -0.5528 -0.6898
vn 0.2807 -0.6692 -0.6880
vn 0.8525 0.3806 -0.3584
vn -0.0707 0.7260 -0.6840
vn -0.6754 -0.0486 -0.7358
vn -0.0520 0.9187 -0.3915
vn 0.6685 0.3073 -0.6772
vn -0.5211 -0.0391 -0.8526
vn 0.1192 0.7593 -0.6398
vn -0.1503 -0.5124 -0.8455
vn -0.0680 0.7603 -0.6460
vn 0.5420 0.6158 -0.5718
vn -0.3494 -0.3594 -0.8653
vn -0.2196 -0.4479 -0.8667
vn 0.4693 0.6243 -0.6245
vn -0.3102 -0.4631 -0.8302
vn 0.5879 0.5146 -0.6241
vn 0.3949 0.1974 0.8973
vn 0.8942 -0.3633 0.2615
vn 0.5718 0.8190 -0.0472
vn -0.5568 0.2904 -0.7782
vn 0.3014 -0.6014 -0.7399
vn -0.4434 0.5068 -0.7393
vn 0.2743 -0.6132 -0.7407
vn -0.6656 -0.0574 -0.7441
vn 0.5072 -0.4481 -0.7362
vn 0.6428 -0.6520 -0.4021
vn -0.2245 -0.7063 -0.6714
vn 0.4440 -0.8177 -0.3662
vn 0.4894 -0.2812 -0.8255
vn -0.7297 -0.1569 -0.6655
vn 0.4143 -0.4541 -0.7888
vn 0.3384 -0.5798 -0.7411
vn -0.7263 -0.3652 -0.5823
vn -0.6622 -0.4740 -0.5804
vn 0.1704 -0.7821 0.5995
vn 0.0731 0.0960 0.9927
vn 0.3175 -0.1446 0.9372
vn 0.1756 -0.7646 -0.6201
vn -0.4354 -0.6333 -0.6399
vn -0.1770 -0.7425 -0.6461
vn -0.5107 -0.5826 -0.6323
vn -0.2306 -0.7048 -0.6709
vn -0.1269 -0.7325 -0.6689
vn -0.5095 -0.6068 -0.6101
vn -0.1670 -0.7565 -0.6323
vn 0.2316 -0.7837 -0.5764
vn 0.1579 -0.7654 -0.6239
vn 0.2259 -0.7031 -0.6743
vn 0.3122 -0.6706 -0.6729
vn 0.5703 -0.4320 -0.6987
vn 0.5408 -0.5763 -0.6127
vn 0.4354 -0.6889 -0.5796
vn 0.6505 -0.4628 -0.6022
vn 0.6792 -0.4107 -0.6083
vn 0.6946 -0.3217 -0.6434
vn 0.4073 -0.5716 -0.7123
vn 0.2755 -0.7095 -0.6486
vn 0.1003 -0.7786 -0.6194
vn 0.3560 -0.7364 -0.5753
vn 0.4320 -0.6925 -0.5777
vn 0.5678 -0.5798 -0.5843
vn 0.2283 -0.6284 -0.7436
vn -0.0583 -0.6953 -0.7163
vn -0.3234 -0.6851 -0.6527
vn -0.5859 -0.7419 -0.3261
vn -0.2016 -0.8145 -0.5440
vn -0.1362 -0.8203 -0.5555
vn -0.1304 -0.7363 -0.6640
vn -0.2716 -0.6946 -0.6662
vn -0.3181 -0.6704 -0.6704
vn -0.0214 -0.8040 -0.5942
vn -0.2155 -0.7307 -0.6478
vn -0.3813 -0.5803 -0.7197
vn -0.6974 -0.3194 -0.6416
vn -0.6805 -0.4107 -0.6068
vn -0.6511 -0.4638 -0.6008
vn -0.4358 -0.6889 -0.5792
vn -0.5415 -0.5760 -0.6124
vn -0.5713 -0.4314 -0.6983
vn -0.4794 -0.3556 -0.8023
vn -0.6734 -0.0749 0.7355
vn -0.5792 -0.3469 0.7377
vn -0.3469 -0.5792 -0.7377
vn -0.3556 -0.4794 0.8023
vn -0.0749 -0.6734 -0.7355
vn 0.3556 -0.4794 -0.8023
vn 0.0749 -0.6734 0.7355
vn 0.3469 -0.5792 0.7377
vn 0.5792 -0.3469 -0.7377
vn 0.4794 -0.3556 0.8023
vn 0.6734 -0.0749 -0.7355
vn 0.4794 0.3556 -0.8023
vn 0.6734 0.0749 0.7355
vn 0.5792 0.3469 0.7377
vn 0.3469 0.5792 -0.7377
vn 0.3556 0.4794 0.8023
vn 0.0749 0.6734 -0.7355
vn -0.3556 0.4794 -0.8023
vn -0.0749 0.6734 0.7355
vn -0.3469 0.5792 0.7377
vn -0.5792 0.3469 -0.7377
vn -0.4794 0.3556 0.8023
vn -0.6734 0.0749 -0.7355
vn -0.9908 -0.0886 0.1026
vn -0.6491 -0.0261 -0.7603
vn -0.9914 0.0789 0.1040
vn -0.9987 -0.0392 0.0329
vn -0.5753 -0.1173 -0.8095
vn -0.5938 0.0609 -0.8023
vn -0.2432 -0.8720 -0.4248
vn -0.5866 -0.8021 0.1121
vn -0.5623 -0.8236 0.0744
vn -0.6723 -0.4179 -0.6111
vn 0.1807 -0.9053 -0.3845
vn -0.5954 -0.7981 0.0923
vn -0.4413 -0.8898 0.1164
vn 0.4257 -0.8986 -0.1063
vn 0.3719 -0.8904 -0.2626
vn -0.5500 -0.8301 0.0917
vn -0.0406 -0.7705 -0.6361
vn -0.0859 -0.7456 -0.6608
vn -0.1649 -0.7363 -0.6563
vn -0.1341 -0.9385 -0.3182
vn -0.5386 -0.8368 0.0982
vn -0.4107 -0.8888 0.2032
vn -0.3781 -0.6184 -0.6889
vn -0.5574 -0.8041 0.2069
vn -0.5734 -0.7814 0.2463
vn -0.3628 -0.6551 -0.6627
vn -0.4565 -0.5961 -0.6605
vn 0.5630 -0.8060 0.1827
vn 0.3221 -0.6346 -0.7025
vn 0.4190 -0.8949 0.1537
vn 0.4342 -0.8865 0.1597
vn 0.3856 -0.5946 -0.7055
vn 0.2934 -0.6482 -0.7027
vn 0.9928 0.0846 0.0846
vn 0.6345 0.0597 -0.7706
vn 0.9931 -0.0815 0.0848
vn 0.9988 0.0475 0.0110
vn 0.5562 0.1205 -0.8222
vn 0.5793 -0.0802 -0.8112
vn 0.6000 -0.7919 0.1135
vn 0.4916 -0.4643 -0.7367
vn 0.5742 -0.8120 0.1050
vn -0.1772 -0.9078 -0.3802
vn 0.7138 -0.4242 -0.5573
vn -0.1881 -0.9248 -0.3308
vn -0.2168 -0.9086 -0.3570
vn 0.4761 -0.5634 -0.6752
vn 0.5627 -0.8167 0.1278
vn 0.1922 -0.7147 -0.6725
vn 0.0754 -0.7631 -0.6419
vn 0.5408 -0.8300 0.1364
vn 0.1991 -0.9073 -0.3704
vn -0.3092 -0.7822 -0.5408
vn 0.5532 -0.8232 0.1278
vn -0.6863 -0.7118 0.1493
vn -0.4090 -0.5490 -0.7289
vn -0.5466 -0.3575 -0.7572
vn -0.5001 0.5062 -0.7027
vn -0.8046 0.5664 0.1782
vn -0.5874 0.3145 -0.7457
vn 0.5401 -0.4895 -0.6846
vn 0.8284 -0.5221 0.2029
vn 0.6041 -0.3157 -0.7317
vn 0.7548 0.6318 0.1762
vn 0.4729 0.5229 -0.7092
vn 0.5701 0.3411 -0.7475
vn -0.2157 0.6001 0.7703
vn 0.5206 0.5476 0.6551
vn -0.7084 0.2639 0.6546
vn -0.2530 0.5855 0.7702
vn -0.7083 0.2640 0.6546
vn -0.4473 0.4546 0.7702
vn -0.6122 0.1806 0.7698
vn -0.3104 0.6897 0.6542
vn -0.5921 -0.2387 0.7697
vn -0.6377 0.0024 0.7703
vn -0.5486 0.5205 0.6542
vn -0.7020 -0.2810 0.6544
vn 0.2157 -0.6001 0.7703
vn -0.5206 -0.5476 0.6551
vn 0.7084 -0.2639 0.6546
vn 0.2530 -0.5855 0.7702
vn 0.7083 -0.2640 0.6546
vn 0.4473 -0.4546 0.7702
vn 0.6122 -0.1806 0.7698
vn 0.3104 -0.6897 0.6541
vn 0.5921 0.2387 0.7697
vn 0.6377 -0.0024 0.7703
vn 0.5486 -0.5205 0.6542
vn 0.7020 0.2810 0.6544
vn 0.6595 0.0231 0.7514
vn 0.6560 0.1296 0.7436
vn 0.7209 0.3078 0.6210
vn -0.6595 -0.0231 0.7514
vn -0.6560 -0.1296 0.7436
vn -0.7209 -0.3078 0.6210
vn -0.6076 0.1464 0.7807
vn -0.7239 -0.2413 0.6464
vn -0.7134 0.2323 0.6611
vn -0.2210 0.6655 0.7129
vn -0.0054 0.7751 0.6319
vn -0.0659 0.6666 0.7425
vn 0.0329 0.6553 0.7547
vn -0.2101 0.7435 0.6349
vn 0.2623 0.6982 0.6661
vn 0.6076 -0.1464 0.7807
vn 0.7239 0.2413 0.6464
vn 0.7134 -0.2323 0.6611
vn -0.2623 -0.6982 0.6661
vn -0.0318 -0.6580 0.7524
vn 0.2100 -0.7435 0.6349
vn 0.0056 -0.7751 0.6319
vn 0.0636 -0.6674 0.7419
vn 0.2217 -0.6666 0.7117
vn 0.6253 -0.1259 0.7702
vn 0.7486 0.0997 0.6555
vn 0.6283 0.1094 0.7702
vn 0.4397 0.4608 0.7709
vn 0.7121 -0.2537 0.6546
vn -0.1506 0.7415 0.6539
vn -0.1286 0.6241 0.7707
vn -0.1479 0.7413 0.6547
vn -0.3702 0.5187 0.7707
vn -0.2373 0.5923 0.7700
vn 0.1606 0.7390 0.6543
vn -0.3754 0.6560 0.6548
vn -0.5290 -0.3579 0.7694
vn -0.6213 0.4322 0.6536
vn 0.0385 -0.7546 0.6551
vn -0.2842 -0.5711 0.7701
vn 0.0406 -0.7553 0.6542
vn -0.0871 -0.6319 0.7701
vn 0.3879 -0.5068 0.7699
vn -0.4026 -0.6406 0.6539
vn 0.7488 0.1000 0.6552
vn 0.1685 0.4683 0.8673
vn 0.0997 0.5054 0.8571
vn 0.3527 0.7117 0.6075
vn 0.0422 -0.7301 0.6820
vn 0.0002 -0.6507 0.7593
vn 0.5155 -0.5490 0.6580
vn -0.2211 -0.8176 0.5316
vn -0.4246 -0.6713 0.6075
vn 0.0056 -0.7509 0.6604
vn -0.6864 -0.3484 0.6384
vn -0.5806 -0.5350 0.6137
vn -0.7006 -0.2878 0.6529
vn -0.6963 -0.2402 0.6764
vn -0.6213 -0.4554 0.6376
vn -0.7432 0.0159 0.6689
vn -0.6931 0.1755 0.6991
vn -0.4665 0.6094 0.6412
vn -0.6814 0.2761 0.6778
vn -0.0814 0.7435 0.6638
vn -0.3438 0.6848 0.6426
vn -0.5076 0.5615 0.6535
vn -0.3606 0.4734 0.8037
vn 0.0428 0.7659 0.6415
vn -0.3565 0.5248 0.7730
vn 0.7131 0.1781 0.6781
vn 0.2991 0.2116 0.9305
vn 0.4425 0.6094 0.6579
vn 0.7369 -0.3197 0.5956
vn 0.1517 -0.6437 0.7501
vn 0.2342 -0.5816 0.7790
vn 0.0425 -0.7547 0.6547
vn -0.3079 -0.9311 0.1957
vn -0.3110 -0.9468 -0.0829
vn -0.0964 -0.7483 0.6563
vn -0.1819 -0.9125 0.3665
vn -0.0676 -0.9974 -0.0270
vn -0.4472 -0.8308 0.3313
vn -0.3546 -0.8636 0.3583
vn -0.5847 -0.4197 0.6942
vn -0.7478 -0.2851 0.5996
vn -0.6634 -0.6666 0.3398
vn -0.3021 -0.6234 0.7212
vn 0.4473 -0.6566 0.6073
vn 0.3992 -0.8895 0.2225
vn 0.3907 -0.9177 -0.0715
vn 0.2194 -0.7630 0.6080
vn 0.2477 -0.9520 0.1799
vn 0.2124 -0.9174 0.3365
vn 0.3589 -0.8001 0.4807
vn 0.3966 -0.9139 -0.0860
vn 0.3865 -0.9052 0.1769
vn 0.4166 0.4828 0.7703
vn 0.7387 -0.1568 0.6555
vn -0.0747 0.7523 0.6545
vn 0.2765 0.5752 0.7699
vn -0.0753 0.7528 0.6539
vn 0.0873 0.6322 0.7699
vn -0.3114 0.5574 0.7696
vn 0.4083 0.6372 0.6537
vn -0.7389 0.1601 0.6545
vn -0.6094 0.1887 0.7701
vn -0.7400 0.1591 0.6535
vn -0.6345 -0.0662 0.7701
vn -0.6331 -0.0738 0.7705
vn -0.6075 0.4517 0.6534
vn -0.6657 -0.3598 0.6537
vn 0.1438 -0.6212 0.7703
vn -0.4713 -0.5911 0.6546
vn 0.5243 -0.5443 0.6548
vn 0.2307 -0.5947 0.7701
vn 0.5241 -0.5445 0.6548
vn 0.4070 -0.4911 0.7701
vn 0.4228 -0.4767 0.7707
vn 0.0651 -0.7535 0.6542
vn 0.6077 -0.4491 0.6550
vn 0.2365 0.5935 0.7693
vn -0.3431 0.6772 0.6509
vn 0.1307 0.8008 0.5845
vn 0.0738 0.5519 0.8307
vn -0.0354 0.7702 0.6368
vn 0.2481 0.9203 0.3024
vn 0.0521 0.7518 0.6574
vn 0.3707 0.4789 0.7958
vn 0.3914 0.5146 0.7629
vn 0.6650 0.2565 0.7014
vn 0.4596 0.6286 0.6274
vn 0.6756 0.2027 0.7089
vn 0.7198 0.1156 0.6844
vn 0.6928 0.2420 0.6793
vn 0.5362 0.5362 0.6519
vn 0.3210 -0.6816 0.6576
vn 0.5025 -0.5533 0.6644
vn 0.6527 -0.3867 0.6515
vn 0.7598 -0.2117 0.6147
vn 0.6711 -0.3850 0.6335
vn 0.6921 -0.3318 0.6410
vn 0.0393 -0.6766 0.7353
vn -0.0385 -0.7406 0.6709
vn -0.4591 -0.5976 0.6574
vn -0.0311 -0.7571 0.6526
vn 0.3981 -0.6760 0.6201
vn -0.4319 -0.6875 0.5838
vn -0.7201 0.1523 0.6769
vn -0.4191 -0.1135 0.9008
vn -0.6850 -0.3190 0.6550
vn -0.3046 -0.4795 0.8230
vn -0.2538 -0.5410 0.8018
vn -0.5732 -0.5797 0.5791
vn 0.0950 -0.5163 0.8511
vn -0.0664 -0.0365 0.9971
vn -0.0444 -0.0619 0.9971
vn -0.1304 -0.7208 0.6808
vn -0.6214 0.0845 0.7789
vn 0.0938 -0.1409 0.9856
vn 0.1195 -0.1371 0.9833
vn 0.0114 0.5956 0.8032
vn 0.0761 -0.1593 0.9843
vn -0.1410 -0.1150 0.9833
vn 0.5617 -0.0541 0.8256
vn -0.0530 -0.5353 0.8430
vn 0.0484 -0.5048 0.8619
vn 0.6158 0.1122 0.7799
vn 0.6083 -0.1464 0.7801
vn -0.5038 -0.4001 0.7656
vn -0.7505 -0.0568 0.6584
vn -0.1944 -0.6140 0.7650
vn -0.3250 -0.5484 0.7705
vn -0.7332 -0.1613 0.6606
vn -0.2058 -0.7196 0.6632
vn 0.1722 -0.6068 0.7760
vn -0.1539 -0.7272 0.6690
vn -0.0404 -0.5037 0.8629
vn 0.0665 -0.1498 0.9865
vn -0.3936 0.4482 0.8026
vn -0.1910 0.5641 0.8033
vn 0.0389 -0.1687 0.9849
vn -0.2810 0.5198 0.8068
vn -0.0114 -0.1691 0.9855
vn 0.5173 -0.1936 0.8336
vn 0.2085 -0.3782 0.9019
vn 0.3562 -0.7636 0.5385
vn 0.0646 -0.5003 0.8634
vn -0.4097 -0.4725 0.7803
vn -0.5673 -0.2629 0.7804
vn -0.2048 -0.1283 0.9704
vn -0.1101 -0.1985 0.9739
vn 0.0490 -0.7169 0.6954
vn 0.1067 0.0822 0.9909
vn -0.2079 -0.5919 0.7788
vn 0.1270 0.0418 0.9910
vn 0.1274 -0.0551 0.9903
vn -0.2971 0.5200 0.8008
vn 0.0791 -0.0993 0.9919
vn 0.0185 -0.1378 0.9903
vn 0.1148 0.5986 0.7928
vn -0.0170 -0.1418 0.9897
vn 0.0693 -0.4979 0.8645
vn 0.5557 -0.5023 0.6625
vn 0.4873 -0.4135 0.7692
vn 0.3775 -0.5114 0.7720
vn 0.3449 -0.6611 0.6663
vn 0.5679 -0.2851 0.7721
vn 0.5471 -0.3007 0.7812
vn 0.2253 -0.7039 0.6736
vn 0.2626 -0.4296 0.8640
vn 0.5313 0.2871 0.7970
vn 0.3148 -0.4160 0.8531
vn -0.0441 -0.1448 0.9885
vn 0.2397 0.5673 0.7878
vn -0.0412 -0.1325 0.9903
vn 0.0229 0.6142 0.7888
vn 0.8329 -0.4220 0.3581
vn 0.6378 0.0812 0.7659
vn 0.6112 -0.3476 0.7111
vn 0.1324 0.7189 0.6824
vn -0.0905 0.7155 0.6928
vn 0.0445 0.0578 0.9973
vn 0.0324 0.0425 0.9986
vn -0.1196 0.7007 0.7034
vn 0.0249 0.0412 0.9988
vn 0.0328 0.1259 0.9915
vn 0.0252 0.1251 0.9918
vn 0.1251 0.1798 0.9757
vn -0.3704 0.4835 0.7931
vn -0.1253 0.5947 0.7941
vn 0.0516 -0.0969 0.9940
vn -0.1189 0.5753 0.8093
vn -0.0277 -0.1342 0.9906
vn 0.0167 -0.1335 0.9909
vn -0.5124 0.2561 0.8197
vn 0.1493 -0.1007 0.9836
vn 0.1821 -0.0621 0.9813
vn -0.5619 -0.0069 0.8272
vn 0.1998 0.0049 0.9798
vn -0.4750 -0.2967 0.8284
vn -0.5380 -0.2606 0.8017
vn 0.1670 -0.0279 0.9856
vn 0.1642 0.0256 0.9861
vn -0.2174 -0.4625 0.8595
vn 0.1385 0.1971 0.9706
vn 0.0328 0.1509 0.9880
vn 0.0346 -0.5844 0.8107
vn -0.0286 0.0649 0.9975
vn 0.2834 -0.5110 0.8115
vn 0.4976 -0.2684 0.8248
vn -0.1478 0.1328 0.9801
vn -0.1847 0.0574 0.9811
vn 0.6008 0.0601 0.7971
vn -0.1504 -0.0341 0.9880
vn 0.5137 0.3171 0.7972
vn 0.5995 -0.0195 0.8002
vn -0.1575 -0.0558 0.9859
vn -0.1310 -0.1064 0.9857
vn -0.0891 -0.3502 0.9324
vn -0.3697 0.2871 0.8837
vn -0.3965 -0.5887 0.7044
vn 0.8586 -0.5093 -0.0583
vn 0.8952 -0.1509 0.4193
vn 0.5112 -0.3572 0.7817
vn 0.9182 0.2315 -0.3213
vn 0.9322 0.2941 -0.2111
vn 0.4934 0.8446 0.2080
vn 0.3714 -0.2009 0.9065
vn 0.8889 0.1886 0.4175
vn 0.9231 0.0567 0.3804
vn -0.0024 -0.6908 0.7231
vn 0.0564 -0.9983 -0.0146
vn 0.0172 -0.6952 0.7186
vn 0.0049 -0.6267 0.7793
vn -0.0685 -0.9951 0.0713
vn -0.2355 -0.9032 0.3588
vn 0.7292 -0.3601 0.5819
vn 0.6216 -0.7824 0.0378
vn 0.8383 -0.2042 0.5056
vn 0.1217 -0.5445 0.8299
vn 0.6759 -0.6879 0.2646
vn 0.5800 -0.7596 0.2943
vn -0.1649 -0.9854 0.0424
vn -0.1643 -0.4578 -0.8738
vn -0.4169 -0.5027 0.7573
vn -0.3353 -0.6310 0.6996
vn 0.0223 -0.4404 -0.8975
vn -0.3410 -0.6491 -0.6799
vn 0.7645 -0.6425 0.0528
vn 0.3142 -0.3689 -0.8748
vn 0.2269 -0.6145 0.7556
vn 0.3745 -0.6085 0.6996
vn 0.3913 -0.2034 -0.8975
vn 0.3875 -0.6224 -0.6800
vn 0.9175 0.3971 0.0200
vn 0.4518 0.1161 -0.8845
vn 0.6689 -0.0678 0.7402
vn 0.7143 0.0209 0.6995
vn 0.3717 0.2370 -0.8976
vn 0.7328 0.0243 -0.6800
vn 0.9972 -0.0692 0.0285
vn 0.5790 -0.0471 0.8140
vn 0.6657 -0.0475 0.7447
vn -0.6380 -0.7347 0.2306
vn -0.3013 -0.4007 -0.8653
vn -0.9595 -0.2456 0.1379
vn -0.0297 -0.1255 0.9917
vn -0.0317 -0.1042 0.9941
vn -0.1085 -0.0426 0.9932
vn 0.0665 -0.0501 0.9965
vn -0.0103 -0.1363 0.9906
vn -0.0996 -0.0372 0.9943
vn -0.1171 -0.7071 -0.6973
vn 0.0995 -0.7122 -0.6949
vn -0.1536 -0.9831 0.0992
vn -0.1299 -0.9861 0.1034
vn 0.1330 -0.7143 -0.6870
vn 0.1305 -0.9853 0.1105
vn 0.5266 -0.0301 0.8496
vn 0.8725 -0.1432 0.4672
vn 0.8014 -0.0353 0.5971
vn -0.8776 -0.0316 0.4783
vn -0.8833 -0.1499 0.4443
vn -0.5112 -0.0044 0.8594
vn 0.4141 -0.9002 0.1349
vn 0.1949 -0.4506 0.8712
vn 0.3082 -0.4950 0.8124
vn -0.9558 0.1534 0.2510
vn -0.5028 0.0490 -0.8630
vn -0.6669 0.7321 0.1386
vn -0.0967 -0.0853 0.9917
vn -0.0971 -0.0912 0.9911
vn 0.0218 -0.1178 0.9928
vn 0.0186 -0.0931 0.9955
vn -0.1140 -0.0759 0.9906
vn -0.0923 0.0345 0.9951
vn -0.6543 -0.2818 -0.7018
vn -0.5632 -0.4502 -0.6929
vn -0.9064 -0.4212 0.0315
vn -0.8992 -0.4362 0.0341
vn -0.5506 -0.4744 -0.6869
vn -0.8074 -0.5885 0.0414
vn 0.3354 -0.9090 0.2476
vn 0.2055 -0.4602 -0.8637
vn -0.2645 -0.9568 0.1207
vn 0.1131 -0.0629 0.9916
vn 0.1181 -0.0623 0.9911
vn 0.0652 0.0276 0.9975
vn 0.0545 0.0259 0.9982
vn 0.1162 -0.0691 0.9908
vn 0.0089 -0.1030 0.9946
vn 0.5609 -0.4483 -0.6960
vn 0.6711 -0.2623 -0.6934
vn 0.8070 -0.5898 0.0299
vn 0.8018 -0.5971 0.0247
vn 0.6774 -0.2511 -0.6915
vn 0.9054 -0.4239 0.0235
vn 0.3889 -0.7450 0.5420
vn 0.2371 -0.4739 0.8480
vn 0.3079 -0.8296 0.4658
vn -0.4155 0.8003 -0.4324
vn -0.5408 0.8268 -0.1550
vn -0.5180 0.7995 -0.3040
vn -0.5118 0.6492 0.5628
vn -0.5423 0.6455 0.5377
vn -0.7950 0.2642 0.5460
vn 0.3731 0.7874 0.4907
vn 0.5394 0.6855 0.4890
vn 0.3647 0.4795 0.7982
vn 0.3381 0.5236 0.7820
vn 0.5477 0.6982 0.4610
vn 0.5144 0.6191 0.5934
vn 0.6744 0.7318 0.0983
vn 0.8514 0.5069 0.1344
vn 0.6585 0.3972 -0.6392
vn -0.3141 -0.7734 0.5506
vn -0.2890 -0.8015 0.5236
vn 0.1609 -0.8258 0.5406
vn 0.5497 -0.7129 0.4355
vn 0.5156 -0.6598 0.5467
vn 0.3960 -0.5307 0.7494
vn 0.5608 -0.6843 0.4661
vn 0.4021 -0.5099 0.7605
vn 0.2996 -0.4399 0.8466
vn 0.8842 0.0751 0.4609
vn 0.8786 -0.0984 0.4674
vn 0.5294 -0.0043 0.8484
vn 0.8899 0.1055 0.4439
vn 0.5539 -0.0357 0.8318
vn 0.5518 0.0135 0.8339
vn 0.2671 0.4564 0.8487
vn 0.7853 0.4387 0.4368
vn 0.5190 0.7141 0.4698
vn -0.2282 0.4464 0.8652
vn -0.5180 0.6894 0.5063
vn -0.7324 0.5961 0.3291
vn -0.8859 -0.0750 0.4577
vn -0.8790 0.1039 0.4653
vn -0.5327 -0.0023 0.8463
vn -0.8933 -0.1047 0.4370
vn -0.5603 0.0368 0.8275
vn -0.5581 -0.0128 0.8297
vn -0.4474 -0.5932 0.6693
vn -0.5370 -0.7026 0.4669
vn -0.3056 -0.4302 0.8494
vn -0.4218 -0.6002 0.6797
vn -0.3216 -0.4017 0.8574
vn -0.4029 -0.4214 0.8125
vn 0.5526 0.0010 0.8334
vn 0.7806 -0.4654 0.4173
vn 0.8895 -0.0999 0.4458
vn 0.5156 -0.7304 0.4479
vn 0.3222 -0.6763 0.6625
vn 0.2883 -0.4612 0.8392
vn 0.2742 -0.5327 0.8006
vn 0.3196 -0.4705 0.8225
vn 0.3144 -0.6935 0.6482
vn 0.0166 -0.9036 0.4280
vn -0.2826 -0.5163 0.8084
vn -0.3236 -0.6724 0.6657
vn 0.8043 -0.5828 -0.1161
vn 0.7554 -0.2095 -0.6209
vn 0.8939 -0.4433 -0.0671
vn 0.9051 -0.1874 -0.3817
vn 0.3927 -0.3489 -0.8509
vn 0.7293 0.2196 -0.6480
vn 0.0601 -0.7084 -0.7032
vn 0.3333 -0.9224 -0.1952
vn -0.1121 -0.7944 -0.5970
vn 0.4342 -0.8543 -0.2858
vn 0.2495 -0.9351 -0.2518
vn -0.0434 -0.7085 -0.7044
vn -0.2166 -0.9647 0.1500
vn -0.3655 -0.9282 0.0701
vn 0.3012 -0.9498 -0.0843
vn 0.1982 -0.7849 -0.5870
vn -0.2981 -0.8337 -0.4649
vn -0.2509 -0.2773 -0.9274
vn -0.8844 -0.0523 -0.4637
vn -0.8117 -0.5824 -0.0443
vn -0.9049 -0.4236 -0.0421
vn -0.5603 -0.4151 -0.7168
vn -0.9229 -0.1317 -0.3618
vn -0.9083 0.0751 -0.4115
vn -0.6175 -0.3667 -0.6959
vn -0.9531 -0.0304 -0.3012
vn -0.6027 0.1162 -0.7895
vn -0.6033 0.5539 -0.5738
vn -0.9567 0.2748 -0.0956
vn -0.8869 0.4525 -0.0935
vn -0.7217 0.0970 -0.6854
vn -0.7873 0.5035 -0.3560
vn -0.2744 0.4694 -0.8393
vn -0.6294 0.7664 -0.1284
vn -0.4642 0.8830 -0.0698
vn -0.5950 0.5397 -0.5955
vn -0.3659 0.5626 -0.7413
vn -0.1569 0.9053 -0.3946
vn 0.1921 0.4980 -0.8456
vn 0.0986 0.9799 -0.1734
vn 0.3041 0.9462 -0.1106
vn 0.1246 0.7397 -0.6613
vn 0.3650 0.5666 -0.7388
vn 0.6638 0.6814 -0.3084
vn 0.6673 0.1350 -0.7324
vn 0.6458 0.6712 -0.3640
vn 0.7455 0.5343 -0.3986
vn 0.5554 0.1808 -0.8117
vn 0.7993 0.3888 -0.4582
vn 0.9840 0.1761 -0.0278
vn 0.9993 -0.0311 0.0185
vn 0.2117 0.7097 -0.6719
vn 0.5243 0.5248 -0.6706
vn -0.0009 -0.0000 -1.0000
vn -0.0000 -0.0002 -1.0000
vn -0.0932 0.7348 -0.6719
vn 0.1926 0.7086 -0.6788
vn -0.6006 0.4184 -0.6813
vn -0.3758 0.6294 -0.6801
vn 0.0033 0.0021 -1.0000
vn -0.0007 -0.0003 -1.0000
vn -0.3692 0.6423 -0.6717
vn -0.1095 0.7261 -0.6788
vn 0.5376 0.5090 -0.6722
vn 0.6810 0.2738 -0.6792
vn -0.0008 -0.0001 -1.0000
vn -0.1772 -0.0856 0.9804
vn -0.4605 0.1521 0.8745
vn -0.4726 0.1222 0.8727
vn 0.2866 -0.7398 -0.6087
vn 0.1977 -0.7649 -0.6130
vn 0.0201 -0.3924 -0.9196
vn -0.0684 -0.8103 -0.5821
vn -0.1131 -0.8036 -0.5843
vn -0.1183 -0.4383 -0.8910
vn -0.2712 -0.9430 -0.1928
vn -0.2185 -0.9233 -0.3159
vn -0.8659 -0.3762 -0.3295
vn -0.0935 -0.7465 -0.6588
vn -0.0416 -0.7754 -0.6301
vn 0.3632 -0.1444 -0.9205
vn -0.3936 -0.6708 -0.6286
vn -0.2321 -0.3448 -0.9095
vn -0.3996 -0.6684 -0.6274
vn -0.4148 -0.6860 -0.5977
vn -0.1767 -0.4081 -0.8957
vn -0.2804 -0.3487 -0.8943
vn 0.4535 -0.5358 -0.7122
vn 0.0792 -0.2630 -0.9615
vn 0.5715 -0.4129 -0.7092
vn -0.7660 -0.6130 -0.1937
vn -0.4953 -0.7684 -0.4052
vn -0.5504 -0.8317 -0.0733
vn -0.6872 -0.4166 -0.5952
vn -0.6338 -0.4899 -0.5985
vn -0.3443 -0.2858 -0.8943
vn 0.2850 -0.4965 -0.8199
vn 0.5954 -0.6653 -0.4503
vn 0.4489 -0.3478 -0.8231
vn 0.2291 -0.3251 -0.9175
vn 0.4423 -0.2381 -0.8647
vn 0.3752 -0.5871 -0.7173
vn 0.6708 -0.4561 -0.5848
vn 0.8445 -0.2743 -0.4600
vn 0.7792 -0.5414 -0.3159
vn -0.8265 -0.5536 -0.1024
vn -0.9165 -0.3868 0.1021
vn -0.9630 -0.2667 0.0380
vn -0.6670 -0.4804 -0.5695
vn -0.3674 -0.3007 -0.8801
vn -0.4255 -0.2284 -0.8757
vn -0.4130 -0.1804 -0.8927
vn -0.3641 -0.4315 -0.8254
vn -0.6816 -0.3023 -0.6664
vn -0.4521 -0.7437 -0.4925
vn -0.6118 -0.7461 -0.2628
vn -0.6335 -0.5897 -0.5010
vn -0.7262 -0.6102 -0.3169
vn -0.6324 -0.7702 -0.0834
vn -0.6878 -0.7259 0.0012
vn -0.1498 -0.9666 0.2078
vn -0.3431 -0.9070 0.2443
vn -0.4487 -0.8933 -0.0245
vn -0.1982 -0.5331 -0.8225
vn -0.4022 -0.7217 -0.5634
vn -0.3419 -0.4349 -0.8331
vn 0.0648 -0.7378 -0.6719
vn 0.0720 -0.7714 -0.6323
vn -0.3184 -0.7721 -0.5499
vn -0.2103 -0.7842 -0.5839
vn 0.0091 -0.4719 -0.8816
vn -0.1607 -0.4133 -0.8963
vn -0.1583 -0.8130 -0.5603
vn 0.0746 -0.8782 -0.4725
vn -0.0802 -0.9612 -0.2637
vn 0.1401 -0.9282 -0.3446
vn 0.0205 -0.9998 0.0016
vn -0.0630 -0.9907 -0.1204
vn 0.2554 -0.8239 -0.5059
vn 0.1906 -0.4969 -0.8467
vn 0.0923 -0.5286 -0.8439
vn 0.2449 -0.8184 -0.5198
vn 0.4041 -0.8119 -0.4214
vn 0.2238 -0.9597 -0.1701
vn 0.4263 -0.8219 -0.3778
vn 0.3381 -0.9342 -0.1135
vn 0.2260 -0.9650 -0.1334
vn 0.3392 -0.8368 -0.4297
vn 0.5590 -0.8133 -0.1613
vn 0.5173 -0.8396 -0.1658
vn 0.9226 -0.3834 0.0429
vn 0.8957 -0.4409 -0.0572
vn 0.8695 -0.3544 -0.3440
vn 0.8473 -0.4110 -0.3365
vn 0.6462 -0.6205 -0.4443
vn 0.7313 -0.2882 -0.6182
vn 0.2866 -0.6087 0.7398
vn 0.1977 -0.6131 0.7649
vn 0.0201 -0.9196 0.3924
vn -0.0684 -0.5821 0.8102
vn -0.1131 -0.5843 0.8036
vn -0.1183 -0.8910 0.4383
vn -0.0213 -0.6394 0.7686
vn 0.0389 -0.6031 0.7967
vn 0.4055 -0.9008 0.1552
vn -0.3936 -0.6286 0.6708
vn -0.2321 -0.9095 0.3448
vn -0.3996 -0.6274 0.6684
vn -0.4148 -0.5978 0.6860
vn -0.1767 -0.8957 0.4081
vn -0.2804 -0.8943 0.3487
vn 0.5342 -0.6381 0.5545
vn 0.1863 -0.9310 0.3138
vn 0.6143 -0.6339 0.4700
vn -0.7650 -0.2178 0.6061
vn -0.4846 -0.3981 0.7789
vn -0.5511 -0.0754 0.8311
vn -0.6868 -0.5953 0.4170
vn -0.6335 -0.5986 0.4903
vn -0.3441 -0.8943 0.2859
vn 0.2843 -0.8194 0.4977
vn 0.5522 -0.4490 0.7024
vn 0.4389 -0.8148 0.3787
vn 0.1590 -0.9468 0.2798
vn 0.4216 -0.8826 0.2082
vn 0.2776 -0.7877 0.5499
vn -0.8918 -0.3290 0.3104
vn -0.8674 -0.3496 0.3540
vn -0.8997 -0.0627 0.4319
vn -0.8481 -0.4173 0.3264
vn -0.8859 -0.1478 0.4397
vn -0.9233 -0.1071 0.3688
vn -0.6925 -0.5442 0.4736
vn -0.3917 -0.8659 0.3111
vn -0.4552 -0.8610 0.2269
vn -0.4497 -0.8919 0.0476
vn -0.4233 -0.8088 0.4081
vn -0.3600 -0.8324 0.4214
vn -0.4421 -0.4902 0.7512
vn -0.6092 -0.2637 0.7479
vn -0.6147 -0.5107 0.6011
vn -0.6777 -0.3822 0.6282
vn -0.6343 -0.1218 0.7634
vn -0.7150 -0.0416 0.6979
vn -0.1370 0.2200 0.9658
vn -0.3444 0.2543 0.9037
vn -0.4499 -0.0135 0.8930
vn -0.1982 -0.8225 0.5331
vn -0.4022 -0.5634 0.7217
vn -0.3419 -0.8331 0.4349
vn 0.0648 -0.6719 0.7378
vn 0.0720 -0.6323 0.7714
vn -0.3184 -0.5499 0.7721
vn -0.2102 -0.5839 0.7841
vn 0.0091 -0.8816 0.4719
vn -0.1607 -0.8963 0.4133
vn -0.1611 -0.5672 0.8077
vn 0.0746 -0.4792 0.8745
vn -0.0806 -0.2726 0.9587
vn 0.1554 -0.3126 0.9371
vn 0.0826 0.0538 0.9951
vn -0.0346 -0.0822 0.9960
vn 0.2554 -0.5059 0.8239
vn 0.1906 -0.8467 0.4969
vn 0.0923 -0.8439 0.5286
vn 0.1939 -0.5499 0.8124
vn 0.3716 -0.4853 0.7915
vn 0.2606 -0.1950 0.9456
vn 0.4496 -0.4655 0.7623
vn 0.6055 -0.4071 0.6838
vn 0.4957 -0.1336 0.8582
vn 0.4833 -0.3903 0.7837
vn 0.4923 -0.0497 0.8690
vn 0.3997 -0.1113 0.9099
vn 0.7012 -0.4604 0.5444
vn 0.8094 -0.1807 0.5588
vn 0.6650 -0.4416 0.6023
vn 0.7118 -0.3115 0.6296
vn 0.7493 -0.0280 0.6616
vn 0.5913 0.0567 0.8045
vn 0.9250 -0.0238 0.3793
vn 0.8972 -0.0868 0.4330
vn 0.8713 -0.3657 0.3274
vn 0.8418 -0.4228 0.3356
vn 0.8623 -0.1624 0.4797
vn 0.8159 -0.4427 0.3720
vn 0.7334 -0.4821 0.4792
vn 0.5198 -0.7111 0.4735
vn 0.7984 -0.4960 0.3413
vn 0.7969 0.6017 0.0539
vn 0.6560 0.6926 0.2998
vn 0.8194 0.4535 -0.3507
vn -0.8400 0.4200 -0.3436
vn -0.6470 0.7414 0.1781
vn -0.8036 0.5921 0.0607
vn -0.7653 -0.0173 -0.6434
vn -0.9568 -0.2853 0.0553
vn -0.9946 0.0351 0.0979
vn 0.1014 0.6776 -0.7284
vn 0.1588 0.7212 -0.6743
vn 0.1112 0.7056 -0.6999
vn 0.0676 0.7047 -0.7062
vn 0.1309 0.7215 -0.6799
vn -0.0799 0.7216 -0.6877
vn -0.0170 0.1227 0.9923
vn -0.1085 -0.0496 0.9929
vn -0.1440 0.0745 0.9868
vn -0.1410 0.0881 0.9861
vn -0.1071 -0.0423 0.9934
vn -0.2065 -0.0659 0.9762
vn -0.7752 -0.6251 0.0917
vn -0.4993 -0.5216 0.6918
vn -0.9676 -0.1347 -0.2134
vn -0.9101 0.4116 0.0487
vn -0.8086 0.5860 0.0529
vn -0.6887 0.2648 -0.6749
vn -0.6766 0.2845 -0.6792
vn -0.7974 0.6013 0.0510
vn -0.5775 0.4397 -0.6879
vn 0.1094 -0.0446 0.9930
vn 0.0168 0.1277 0.9917
vn 0.1824 0.0141 0.9831
vn 0.1850 0.0082 0.9827
vn 0.0181 0.1237 0.9922
vn 0.1392 0.0815 0.9869
vn -0.0161 0.9977 0.0662
vn -0.1084 0.7139 0.6918
vn 0.5080 0.8490 -0.1453
vn 0.8036 0.5924 0.0575
vn 0.9071 0.4186 0.0433
vn 0.5638 0.4735 -0.6767
vn 0.5794 0.4452 -0.6827
vn 0.9201 0.3898 0.0393
vn 0.6804 0.2627 -0.6841
vn -0.4688 -0.6572 0.5902
vn -0.4990 -0.8124 0.3015
vn -0.5717 -0.7381 0.3583
vn -0.5586 -0.7417 0.3713
vn -0.4994 -0.7023 0.5073
vn -0.7123 -0.2482 0.6565
vn -0.1694 0.7899 0.5894
vn 0.3307 0.8303 0.4485
vn 0.3276 0.9319 0.1557
vn 0.3472 0.9265 -0.1453
vn 0.4148 0.9078 0.0614
vn 0.2729 0.9333 0.2333
vn -0.3326 0.6346 0.6976
vn -0.4146 0.8338 0.3647
vn -0.3211 0.8060 0.4972
vn 0.0737 0.6968 0.7134
vn -0.3446 0.9262 0.1530
vn -0.3412 0.8210 0.4578
vn 0.5387 -0.7246 0.4298
vn 0.3975 -0.6164 0.6797
vn 0.4231 -0.6627 0.6179
vn 0.4530 -0.5944 0.6644
vn 0.3477 -0.6299 0.6945
vn 0.3931 -0.8421 0.3692
vn -0.9687 0.1445 -0.2019
vn -0.3880 0.6526 -0.6508
vn -0.6434 -0.1524 -0.7502
vn -0.9831 0.0941 -0.1568
vn -0.6539 -0.0483 -0.7550
vn -0.9818 0.1060 -0.1574
vn -0.6650 0.2115 -0.7163
vn -0.9863 0.1175 -0.1157
vn -0.6796 0.0549 -0.7316
vn -0.9842 0.1531 -0.0888
vn -0.9836 0.1140 -0.1396
vn -0.6667 -0.1956 -0.7192
vn 0.8780 0.4175 -0.2339
vn 0.9867 0.1532 -0.0540
vn 0.8782 0.3656 -0.3085
vn 0.8819 0.0782 -0.4648
vn 0.9869 0.1094 -0.1183
vn 0.9869 0.1350 -0.0880
vn 0.9844 0.0610 -0.1652
vn 0.9845 0.0908 -0.1498
vn 0.8144 0.5416 -0.2082
vn 0.8030 0.5092 -0.3097
vn 0.9850 0.1100 -0.1328
vn 0.8758 0.0031 -0.4827
vn -0.9855 0.0882 -0.1450
vn -0.8544 0.5194 -0.0165
vn -0.8227 0.5297 -0.2062
vn -0.8729 0.1895 -0.4497
vn -0.9841 0.1639 -0.0686
vn -0.8704 0.4512 -0.1969
vn -0.8800 0.4500 0.1521
vn -0.9861 0.1657 -0.0084
vn -0.9857 0.1369 -0.0988
vn -0.8795 -0.0431 -0.4739
vn -0.9856 0.1062 -0.1314
vn -0.8104 0.4638 -0.3579
vn 0.6625 0.4504 -0.5986
vn 0.9901 0.1021 -0.0962
vn 0.9902 0.1207 -0.0705
vn 0.6625 0.5358 -0.5235
vn 0.9899 0.1283 -0.0598
vn 0.6553 0.4355 -0.6172
vn 0.6134 0.5745 -0.5419
vn 0.6351 0.7723 -0.0147
vn 0.9821 0.1198 -0.1452
vn 0.6091 0.5942 -0.5253
vn 0.9801 0.1777 -0.0886
vn 0.6370 0.3172 -0.7025
vn -0.1041 0.8974 -0.4288
vn -0.2716 0.9308 -0.2446
vn 0.1153 0.9500 -0.2902
vn 0.1124 0.9755 -0.1893
vn 0.1947 0.9653 -0.1742
vn 0.1918 0.9645 -0.1817
vn 0.0050 0.2747 -0.9615
vn 0.4722 0.0815 -0.8777
vn -0.1434 0.4799 -0.8655
vn 0.3824 0.3466 -0.8565
vn 0.1731 0.5074 -0.8442
vn 0.4260 0.4770 -0.7688
vn -0.0186 0.6370 -0.7706
vn -0.2317 0.5079 -0.8297
vn -0.0294 0.6640 -0.7472
vn -0.0991 0.6269 -0.7727
vn -0.3592 0.5452 -0.7575
vn -0.3316 0.6673 -0.6669
vn 0.2791 0.7286 -0.6254
vn 0.0454 0.8251 -0.5632
vn 0.3103 0.8084 -0.5003
vn -0.1167 0.8620 -0.4932
vn -0.3752 0.7902 -0.4847
vn -0.3348 0.8750 -0.3496
vn 0.3582 0.8460 -0.3949
vn 0.1442 0.9504 -0.2757
vn 0.4005 0.8825 -0.2464
vn 0.9015 0.2260 -0.3691
vn 0.8062 -0.1933 -0.5592
vn 0.6952 0.4735 -0.5409
vn -0.1227 0.9348 -0.3334
vn 0.0286 0.9358 -0.3514
vn 0.0320 0.9192 -0.3924
vn 0.0962 0.9480 -0.3032
vn 0.0838 0.9390 -0.3335
vn 0.0803 0.9389 -0.3347
vn -0.3714 0.8640 -0.3399
vn 0.1145 0.9230 -0.3674
vn -0.1209 0.8743 -0.4700
vn 0.2162 0.8383 -0.5005
vn 0.1755 0.8358 -0.5202
vn 0.0877 0.4698 -0.8784
vn 0.1567 0.4540 -0.8771
vn 0.2263 0.8206 -0.5248
vn -0.0293 0.4788 -0.8774
vn 0.2201 0.5959 -0.7723
vn 0.0458 0.6080 -0.7926
vn 0.2079 0.6655 -0.7169
vn 0.1103 0.7290 -0.6755
vn -0.0198 0.6303 -0.7761
vn -0.1586 0.6042 -0.7809
vn -0.0494 0.7571 -0.6514
vn -0.2091 0.7259 -0.6552
vn -0.2050 0.7884 -0.5800
vn 0.3034 0.7291 -0.6135
vn 0.1174 0.8810 -0.4583
vn 0.4239 0.8063 -0.4126
vn -0.9438 0.3174 -0.0928
vn -0.8314 0.4563 0.3170
vn -0.8109 0.5319 -0.2440
vn -0.9256 0.1286 -0.3559
vn -0.9222 0.1770 -0.3438
vn -0.8459 -0.2446 -0.4740
vn -0.3042 0.9526 0.0034
vn -0.2225 0.9738 0.0470
vn -0.4685 0.8599 -0.2027
vn -0.0068 0.2952 -0.9554
vn -0.3534 0.7948 -0.4933
vn -0.1927 0.4723 -0.8601
vn 0.1990 0.3268 -0.9239
vn -0.0106 0.4752 -0.8798
vn 0.2536 0.4621 -0.8498
vn -0.0687 0.5363 -0.8412
vn -0.3298 0.5030 -0.7989
vn -0.2859 0.6321 -0.7202
vn 0.3626 0.5643 -0.7417
vn 0.1462 0.7047 -0.6943
vn 0.4024 0.6700 -0.6238
vn -0.1197 0.7804 -0.6137
vn -0.3794 0.7046 -0.5996
vn -0.3464 0.8032 -0.4847
vn 0.2386 0.8333 -0.4986
vn 0.0067 0.9117 -0.4108
vn 0.2720 0.8938 -0.3565
vn 0.1540 0.9367 -0.3144
vn -0.0832 0.8904 -0.4476
vn -0.0927 0.9183 -0.3850
vn 0.1338 0.9495 -0.2838
vn -0.0564 0.9370 -0.3447
vn 0.1308 0.9623 -0.2386
vn -0.9440 0.2782 -0.1773
vn -0.7895 0.5672 0.2345
vn -0.7533 0.4241 -0.5027
vn 0.7924 -0.2923 -0.5354
vn 0.6176 0.4863 -0.6181
vn 0.9401 0.1488 -0.3066
vn -0.1135 0.9510 -0.2875
vn -0.0638 0.9452 -0.3203
vn -0.0711 0.9467 -0.3140
vn -0.0544 0.9456 -0.3209
vn 0.1159 0.9276 -0.3552
vn 0.1399 0.9255 -0.3521
vn -0.1447 0.9365 -0.3193
vn 0.2148 0.8444 -0.4907
vn -0.1702 0.8773 -0.4487
vn 0.1351 0.8220 -0.5532
vn 0.3290 0.8311 -0.4485
vn 0.1417 0.7932 -0.5922
vn -0.1069 0.8008 -0.5894
vn 0.0831 0.8872 -0.4538
vn 0.2192 0.8603 -0.4603
vn 0.3277 0.7425 -0.5842
vn 0.2502 0.6399 -0.7266
vn 0.0801 0.7715 -0.6311
vn -0.2606 0.7272 -0.6350
vn 0.0321 0.5972 -0.8014
vn -0.2968 0.6126 -0.7325
vn -0.0166 0.5905 -0.8069
vn 0.2178 0.6017 -0.7684
vn 0.3648 0.4412 -0.8199
vn -0.1338 0.5474 -0.8261
vn 0.2471 0.4207 -0.8729
vn -0.1097 0.4091 -0.9059
vn -0.0438 0.8453 -0.5325
vn 0.1804 0.4898 -0.8530
vn -0.0153 0.8537 -0.5205
vn -0.5705 0.8211 0.0178
vn -0.4026 0.9117 0.0823
vn -0.3426 0.9262 -0.1576
vn -0.9990 0.0428 -0.0107
vn -0.9086 0.3996 -0.1210
vn -0.9961 0.0177 -0.0866
vn -0.6743 0.7225 0.1526
vn -0.4337 0.9010 0.0097
vn -0.7668 0.6317 -0.1137
vn -0.5153 0.8099 -0.2804
vn -0.2317 0.9702 -0.0713
vn -0.1331 0.9695 -0.2061
vn -0.7187 0.6475 -0.2532
vn -0.4088 0.8674 -0.2836
vn -0.6664 0.6124 -0.4253
vn -0.4488 0.6835 -0.5757
vn -0.3413 0.9002 -0.2706
vn -0.2523 0.9029 -0.3480
vn -0.5550 0.6690 -0.4944
vn -0.2141 0.8226 -0.5267
vn -0.1731 0.7551 -0.6323
vn -0.7398 0.5457 -0.3935
vn -0.4078 0.7000 -0.5863
vn -0.7209 0.4405 -0.5350
vn -0.5098 0.4405 -0.7390
vn -0.1872 0.6404 -0.7449
vn -0.1431 0.5285 -0.8368
vn -0.7780 0.3132 -0.5446
vn -0.4720 0.4248 -0.7725
vn -0.7377 0.1594 -0.6560
vn -0.4394 0.0904 -0.8937
vn -0.2962 0.4496 -0.8427
vn -0.8023 0.3473 -0.4856
vn 0.1971 0.8568 -0.4766
vn 0.5619 0.8153 -0.1398
vn 0.3158 0.8762 -0.3639
vn 0.0555 0.8662 -0.4966
vn 0.2832 0.5254 -0.8023
vn 0.4558 0.2590 -0.8516
vn 0.7274 0.3238 -0.6050
vn 0.4589 0.4606 -0.7598
vn 0.6921 0.5006 -0.5200
vn 0.1121 0.6570 -0.7455
vn 0.0801 0.7657 -0.6382
vn 0.3554 0.5812 -0.7320
vn 0.6033 0.5638 -0.5641
vn 0.3871 0.7306 -0.5625
vn 0.6105 0.6411 -0.4650
vn 0.5652 0.7346 -0.3753
vn 0.2802 0.7706 -0.5725
vn 0.5388 0.7811 -0.3154
vn 0.4774 0.8454 -0.2394
vn 0.7056 0.5722 -0.4180
vn 0.4620 0.8410 -0.2815
vn 0.6075 0.7919 0.0619
vn 0.4129 0.8992 -0.1444
vn 0.4472 0.8905 0.0841
vn 0.7181 0.3423 -0.6059
vn 0.4228 0.3140 -0.8501
vn 0.6683 0.4730 -0.5741
vn 0.4231 0.6347 -0.6466
vn 0.2681 0.3648 -0.8916
vn 0.2048 0.4678 -0.8598
vn 0.5283 0.6222 -0.5777
vn 0.1330 0.7270 -0.6736
vn 0.1749 0.7943 -0.5818
vn 0.5600 0.6017 -0.5696
vn 0.2376 0.8067 -0.5411
vn 0.5654 0.6282 -0.5345
vn 0.7042 0.6713 -0.2311
vn 0.3673 0.8161 -0.4463
vn 0.6506 0.7521 -0.1051
vn 0.4651 0.8820 -0.0755
vn 0.1983 0.8810 -0.4295
vn 0.1996 0.9346 -0.2943
vn 0.6099 0.7782 -0.1501
vn 0.1775 0.9748 -0.1351
vn 0.3311 0.9436 -0.0018
vn 0.9898 0.1327 -0.0519
vn 0.8612 0.4578 -0.2209
vn 0.9871 0.1596 0.0154
vn -0.2201 0.8511 -0.4766
vn 0.0351 0.9320 -0.3608
vn -0.3026 0.8400 -0.4503
vn -0.4294 0.4771 -0.7668
vn -0.2235 0.8975 -0.3802
vn -0.3801 0.8728 -0.3062
vn 0.4989 0.4416 -0.7457
vn -0.2121 0.4907 -0.8451
vn 0.4309 0.6553 -0.6204
vn -0.4805 0.6867 -0.5455
vn -0.7503 0.4102 -0.5185
vn -0.7798 0.5075 -0.3666
vn 0.2016 0.8090 -0.5521
vn -0.3613 0.7496 -0.5546
vn 0.3500 0.8913 -0.2881
vn -0.2361 0.9510 -0.1995
vn -0.7153 0.5939 -0.3683
vn -0.7381 0.6334 -0.2326
s 0
f 4//1 835//2 5//3
f 5//4 835//5 836//6
f 5//7 836//8 6//9
f 6//10 836//11 7//12
f 6//13 7//14 8//15
f 6//16 8//17 9//18
f 9//19 8//20 10//21
f 9//22 10//23 51//24
f 13//25 50//26 16//27
f 16//28 50//29 834//30
f 11//31 14//32 15//33
f 15//34 14//35 834//36
f 834//37 14//38 16//39
f 12//40 17//41 18//42
f 12//43 18//44 11//45
f 11//46 18//47 14//48
f 23//49 24//50 25//51
f 23//52 25//53 675//54
f 23//55 675//56 26//57
f 676//58 29//59 27//60
f 26//61 675//62 27//63
f 27//64 675//65 676//66
f 30//67 28//68 676//69
f 676//70 28//71 29//72
f 23//73 31//74 24//75
f 17//76 12//77 35//78
f 32//79 33//80 34//81
f 35//82 32//83 34//84
f 35//85 34//86 17//87
f 691//88 36//89 39//90
f 667//91 36//92 691//93
f 36//94 667//95 666//96
f 36//97 666//98 37//99
f 37//100 666//101 665//102
f 38//103 39//104 34//105
f 34//106 39//107 17//108
f 28//109 32//110 29//111
f 29//112 32//113 35//114
f 29//115 35//116 27//117
f 27//118 35//119 12//120
f 40//121 42//122 43//123
f 40//124 43//125 44//126
f 41//127 31//128 40//129
f 40//130 31//131 42//132
f 45//133 658//134 46//135
f 80//136 48//137 47//138
f 44//139 19//140 46//141
f 46//142 19//143 49//144
f 49//145 48//146 80//147
f 49//148 80//149 46//150
f 46//151 80//152 45//153
f 43//154 50//155 44//156
f 50//157 13//158 44//159
f 44//160 13//161 19//162
f 51//163 10//164 52//165
f 51//166 52//167 56//168
f 53//169 55//170 54//171
f 56//172 58//173 57//174
f 58//175 56//176 52//177
f 55//178 57//179 54//180
f 54//181 57//182 58//183
f 54//184 58//185 59//186
f 59//187 58//188 60//189
f 59//190 60//191 68//192
f 52//193 10//194 61//195
f 52//196 61//197 659//198
f 62//199 659//200 61//201
f 62//202 22//203 659//204
f 659//205 22//206 63//207
f 674//208 41//209 63//210
f 674//211 63//212 64//213
f 65//214 66//215 818//216
f 68//217 60//218 69//219
f 65//220 756//221 66//222
f 66//223 756//224 70//225
f 74//226 73//227 71//228
f 72//229 75//230 71//231
f 71//232 75//233 92//234
f 71//235 92//236 76//237
f 77//238 73//239 74//240
f 71//241 73//242 78//243
f 71//244 78//245 72//246
f 79//247 65//248 74//249
f 74//250 65//251 77//252
f 816//253 663//254 77//255
f 77//256 663//257 664//258
f 77//259 664//260 73//261
f 663//262 816//263 82//264
f 663//265 82//266 81//267
f 149//268 80//269 81//270
f 149//271 81//272 82//273
f 79//274 756//275 65//276
f 54//277 68//278 83//279
f 84//280 54//281 83//282
f 88//283 86//284 814//285
f 682//286 814//287 86//288
f 85//289 54//290 84//291
f 85//292 84//293 682//294
f 682//295 84//296 814//297
f 86//298 88//299 87//300
f 59//301 68//302 54//303
f 120//304 67//305 89//306
f 89//307 67//308 90//309
f 107//310 781//311 93//312
f 778//313 94//314 95//315
f 96//316 121//317 97//318
f 99//319 98//320 108//321
f 99//322 108//323 102//324
f 103//325 146//326 98//327
f 98//328 146//329 104//330
f 98//331 104//332 108//333
f 108//334 104//335 105//336
f 105//337 104//338 106//339
f 105//340 106//341 101//342
f 101//343 106//344 100//345
f 246//346 107//347 108//348
f 108//349 107//350 93//351
f 108//352 93//353 102//354
f 781//355 111//356 93//357
f 109//358 102//359 110//360
f 110//361 102//362 93//363
f 110//364 93//365 111//366
f 112//367 779//368 75//369
f 113//370 114//371 246//372
f 246//373 114//374 107//375
f 117//376 115//377 116//378
f 117//379 116//380 118//381
f 97//382 118//383 116//384
f 97//385 116//386 96//387
f 96//388 116//389 234//390
f 119//391 87//392 88//393
f 116//394 115//395 119//396
f 119//397 115//398 87//399
f 119//400 88//401 120//402
f 120//403 88//404 67//405
f 122//406 121//407 126//408
f 122//409 118//410 121//411
f 121//412 118//413 97//414
f 127//415 128//416 234//417
f 234//418 128//419 96//420
f 130//421 129//422 100//423
f 131//424 145//425 132//426
f 133//427 134//428 135//429
f 135//430 134//431 132//432
f 135//433 142//434 138//435
f 134//436 139//437 753//438
f 134//439 753//440 132//441
f 135//442 138//443 136//444
f 139//445 134//446 140//447
f 139//448 140//449 137//450
f 137//451 140//452 95//453
f 132//454 753//455 131//456
f 131//457 753//458 239//459
f 135//460 136//461 133//462
f 135//463 141//464 142//465
f 145//466 141//467 132//468
f 132//469 141//470 135//471
f 147//472 148//473 239//474
f 239//475 148//476 131//477
f 80//478 149//479 45//480
f 152//481 151//482 153//483
f 154//484 158//485 157//486
f 156//487 151//488 152//489
f 152//490 153//491 158//492
f 152//493 158//494 154//495
f 155//496 154//497 157//498
f 155//499 157//500 103//501
f 103//502 157//503 150//504
f 166//505 304//506 167//507
f 166//508 167//509 168//510
f 118//511 122//512 169//513
f 169//514 122//515 162//516
f 169//517 162//518 689//519
f 161//520 168//521 690//522
f 163//523 689//524 162//525
f 689//526 163//527 690//528
f 690//529 163//530 161//531
f 174//532 173//533 170//534
f 173//535 174//536 165//537
f 174//538 170//539 175//540
f 172//541 171//542 176//543
f 176//544 171//545 133//546
f 133//547 171//548 124//549
f 172//550 176//551 175//552
f 175//553 176//554 177//555
f 174//556 175//557 177//558
f 112//559 72//560 181//561
f 178//562 196//563 159//564
f 179//565 160//566 196//567
f 178//568 179//569 196//570
f 181//571 178//572 159//573
f 181//574 159//575 112//576
f 179//577 182//578 183//579
f 183//580 180//581 179//582
f 186//583 185//584 187//585
f 186//586 187//587 184//588
f 156//589 188//590 189//591
f 156//592 189//593 151//594
f 190//595 197//596 191//597
f 194//598 190//599 192//600
f 668//601 193//602 164//603
f 191//604 197//605 193//606
f 195//607 109//608 194//609
f 109//610 195//611 102//612
f 195//613 194//614 192//615
f 192//616 190//617 191//618
f 191//619 193//620 668//621
f 194//622 159//623 196//624
f 197//625 190//626 160//627
f 194//628 196//629 190//630
f 190//631 196//632 160//633
f 175//634 170//635 161//636
f 162//637 172//638 199//639
f 162//640 199//641 163//642
f 163//643 199//644 175//645
f 163//646 175//647 161//648
f 175//649 199//650 172//651
f 204//652 200//653 201//654
f 201//655 200//656 202//657
f 202//658 200//659 203//660
f 202//661 203//662 204//663
f 204//664 203//665 205//666
f 204//667 205//668 200//669
f 211//670 206//671 207//672
f 207//673 206//674 208//675
f 207//676 208//677 209//678
f 209//679 208//680 210//681
f 209//682 210//683 211//684
f 211//685 210//686 206//687
f 212//688 213//689 214//690
f 214//691 213//692 215//693
f 214//694 215//695 216//696
f 214//697 216//698 217//699
f 217//700 216//701 212//702
f 212//703 216//704 213//705
f 218//706 219//707 220//708
f 220//709 219//710 221//711
f 220//712 221//713 222//714
f 220//715 222//716 223//717
f 223//718 222//719 219//720
f 223//721 219//722 218//723
f 224//724 225//725 226//726
f 224//727 226//728 227//729
f 227//730 226//731 228//732
f 227//733 228//734 229//735
f 229//736 228//737 230//738
f 229//739 230//740 231//741
f 231//742 230//743 225//744
f 231//745 225//746 224//747
f 232//748 127//749 233//750
f 233//751 127//752 234//753
f 233//754 234//755 749//756
f 235//757 139//758 137//759
f 235//760 137//761 236//762
f 236//763 137//764 251//765
f 237//766 147//767 238//768
f 238//769 147//770 239//771
f 238//772 239//773 753//774
f 240//775 241//776 101//777
f 240//778 101//779 242//780
f 242//781 101//782 243//783
f 244//784 113//785 245//786
f 245//787 113//788 246//789
f 245//790 246//791 754//792
f 247//793 248//794 76//795
f 247//796 76//797 249//798
f 249//799 76//800 250//801
f 244//802 114//803 113//804
f 114//805 244//806 249//807
f 114//808 249//809 91//810
f 91//811 249//812 250//813
f 242//814 243//815 237//816
f 148//817 147//818 237//819
f 148//820 237//821 129//822
f 129//823 237//824 243//825
f 251//826 94//827 232//828
f 251//829 232//830 236//831
f 128//832 127//833 232//834
f 128//835 232//836 94//837
f 247//838 249//839 244//840
f 247//841 244//842 245//843
f 240//844 242//845 252//846
f 252//847 242//848 237//849
f 252//850 237//851 238//852
f 235//853 236//854 253//855
f 253//856 236//857 232//858
f 253//859 232//860 233//861
f 254//862 255//863 688//864
f 688//865 255//866 269//867
f 256//868 687//869 257//870
f 686//871 278//872 258//873
f 686//874 258//875 259//876
f 263//877 264//878 684//879
f 263//880 684//881 265//882
f 276//883 267//884 268//885
f 276//886 268//887 269//888
f 286//889 270//890 284//891
f 284//892 270//893 662//894
f 272//895 266//896 273//897
f 271//898 272//899 274//900
f 272//901 273//902 274//903
f 275//904 260//905 266//906
f 275//907 266//908 272//909
f 257//910 275//911 256//912
f 275//913 257//914 261//915
f 261//916 260//917 275//918
f 275//919 269//920 255//921
f 275//922 255//923 256//924
f 276//925 631//926 278//927
f 278//928 631//929 481//930
f 276//931 269//932 277//933
f 277//934 269//935 275//936
f 258//937 481//938 482//939
f 258//940 278//941 481//942
f 482//943 262//944 258//945
f 482//946 279//947 262//948
f 281//949 280//950 282//951
f 280//952 33//953 282//954
f 282//955 33//956 32//957
f 284//958 283//959 286//960
f 284//961 281//962 285//963
f 285//964 281//965 282//966
f 283//967 265//968 286//969
f 272//970 271//971 283//972
f 283//973 271//974 263//975
f 263//976 265//977 283//978
f 287//979 288//980 285//981
f 285//982 288//983 283//984
f 285//985 283//986 284//987
f 631//988 276//989 277//990
f 631//991 277//992 436//993
f 278//994 289//995 681//996
f 278//997 681//998 276//999
f 292//1000 621//1001 291//1002
f 678//1003 286//1004 265//1005
f 678//1006 265//1007 293//1008
f 39//1009 280//1010 691//1011
f 691//1012 280//1013 281//1014
f 284//1015 294//1016 281//1017
f 281//1018 294//1019 295//1020
f 296//1021 680//1022 297//1023
f 268//1024 267//1025 296//1026
f 268//1027 296//1028 297//1029
f 680//1030 298//1031 299//1032
f 680//1033 299//1034 297//1035
f 115//1036 117//1037 302//1038
f 301//1039 300//1040 302//1041
f 302//1042 300//1043 115//1044
f 300//1045 301//1046 299//1047
f 300//1048 299//1049 298//1050
f 303//1051 167//1052 304//1053
f 254//1054 688//1055 303//1056
f 254//1057 303//1058 304//1059
f 681//1060 289//1061 306//1062
f 681//1063 306//1064 308//1065
f 308//1066 306//1067 305//1068
f 308//1069 305//1070 307//1071
f 308//1072 53//1073 309//1074
f 309//1075 53//1076 85//1077
f 308//1078 307//1079 53//1080
f 310//1081 311//1082 687//1083
f 687//1084 311//1085 257//1086
f 310//1087 312//1088 311//1089
f 310//1090 165//1091 174//1092
f 310//1093 174//1094 312//1095
f 313//1096 314//1097 315//1098
f 313//1099 315//1100 316//1101
f 316//1102 315//1103 317//1104
f 686//1105 316//1106 317//1107
f 259//1108 318//1109 686//1110
f 686//1111 318//1112 316//1113
f 55//1114 314//1115 313//1116
f 183//1117 677//1118 293//1119
f 678//1120 293//1121 677//1122
f 182//1123 677//1124 183//1125
f 273//1126 266//1127 186//1128
f 184//1129 273//1130 186//1131
f 260//1132 261//1133 320//1134
f 320//1135 261//1136 685//1137
f 320//1138 685//1139 319//1140
f 319//1141 321//1142 322//1143
f 319//1144 322//1145 320//1146
f 684//1147 264//1148 198//1149
f 198//1150 264//1151 323//1152
f 323//1153 668//1154 164//1155
f 323//1156 164//1157 198//1158
f 835//1159 4//1160 324//1161
f 324//1162 325//1163 262//1164
f 324//1165 262//1166 279//1167
f 4//1168 325//1169 324//1170
f 271//1171 274//1172 326//1173
f 326//1174 274//1175 671//1176
f 326//1177 671//1178 327//1179
f 671//1180 328//1181 329//1182
f 671//1183 329//1184 327//1185
f 672//1186 98//1187 99//1188
f 672//1189 99//1190 331//1191
f 330//1192 673//1193 331//1194
f 331//1195 673//1196 672//1197
f 329//1198 328//1199 330//1200
f 330//1201 328//1202 673//1203
f 333//1204 332//1205 334//1206
f 693//1207 336//1208 335//1209
f 335//1210 336//1211 332//1212
f 335//1213 332//1214 333//1215
f 336//1216 693//1217 22//1218
f 337//1219 670//1220 333//1221
f 358//1222 338//1223 337//1224
f 337//1225 338//1226 670//1227
f 334//1228 337//1229 333//1230
f 665//1231 48//1232 37//1233
f 339//1234 321//1235 340//1236
f 683//1237 340//1238 341//1239
f 343//1240 342//1241 136//1242
f 138//1243 343//1244 136//1245
f 342//1246 343//1247 341//1248
f 341//1249 343//1250 683//1251
f 683//1252 339//1253 340//1254
f 322//1255 321//1256 339//1257
f 291//1258 290//1259 344//1260
f 344//1261 290//1262 345//1263
f 344//1264 345//1265 349//1266
f 349//1267 345//1268 346//1269
f 348//1270 347//1271 674//1272
f 64//1273 348//1274 674//1275
f 348//1276 349//1277 347//1278
f 347//1279 349//1280 346//1281
f 292//1282 291//1283 344//1284
f 660//1285 350//1286 661//1287
f 661//1288 350//1289 294//1290
f 350//1291 660//1292 351//1293
f 295//1294 294//1295 350//1296
f 47//1297 351//1298 660//1299
f 47//1300 660//1301 81//1302
f 355//1303 352//1304 354//1305
f 355//1306 354//1307 356//1308
f 356//1309 354//1310 353//1311
f 356//1312 353//1313 357//1314
f 357//1315 353//1316 78//1317
f 73//1318 357//1319 78//1320
f 621//1321 620//1322 291//1323
f 291//1324 620//1325 359//1326
f 360//1327 361//1328 474//1329
f 361//1330 362//1331 584//1332
f 361//1333 584//1334 474//1335
f 362//1336 363//1337 584//1338
f 364//1339 365//1340 580//1341
f 365//1342 366//1343 578//1344
f 365//1345 578//1346 580//1347
f 366//1348 367//1349 578//1350
f 368//1351 369//1352 575//1353
f 369//1354 370//1355 571//1356
f 369//1357 571//1358 575//1359
f 370//1360 371//1361 571//1362
f 598//1363 374//1364 372//1365
f 598//1366 372//1367 373//1368
f 373//1369 375//1370 595//1371
f 373//1372 595//1373 598//1374
f 375//1375 376//1376 595//1377
f 593//1378 377//1379 379//1380
f 379//1381 377//1382 378//1383
f 379//1384 378//1385 380//1386
f 378//1387 381//1388 382//1389
f 382//1390 380//1391 378//1392
f 472//1393 383//1394 384//1395
f 384//1396 383//1397 385//1398
f 384//1399 385//1400 386//1401
f 385//1402 387//1403 640//1404
f 385//1405 640//1406 386//1407
f 388//1408 389//1409 390//1410
f 388//1411 390//1412 391//1413
f 391//1414 390//1415 392//1416
f 391//1417 392//1418 393//1419
f 393//1420 392//1421 394//1422
f 393//1423 394//1424 395//1425
f 395//1426 394//1427 396//1428
f 395//1429 396//1430 397//1431
f 397//1432 396//1433 398//1434
f 397//1435 398//1436 399//1437
f 397//1438 399//1439 400//1440
f 400//1441 399//1442 401//1443
f 400//1444 401//1445 402//1446
f 402//1447 401//1448 403//1449
f 402//1450 403//1451 404//1452
f 404//1453 403//1454 405//1455
f 404//1456 405//1457 406//1458
f 406//1459 405//1460 407//1461
f 406//1462 407//1463 408//1464
f 408//1465 407//1466 409//1467
f 408//1468 409//1469 389//1470
f 408//1471 389//1472 388//1473
f 410//1474 438//1475 426//1476
f 426//1477 438//1478 424//1479
f 411//1480 412//1481 433//1482
f 433//1483 412//1484 413//1485
f 422//1486 423//1487 424//1488
f 425//1489 426//1490 424//1491
f 426//1492 425//1493 414//1494
f 423//1495 427//1496 424//1497
f 424//1498 427//1499 425//1500
f 428//1501 429//1502 412//1503
f 416//1504 430//1505 411//1506
f 411//1507 430//1508 412//1509
f 412//1510 430//1511 431//1512
f 431//1513 428//1514 412//1515
f 625//1516 432//1517 433//1518
f 433//1519 413//1520 625//1521
f 413//1522 372//1523 625//1524
f 436//1525 277//1526 434//1527
f 435//1528 436//1529 434//1530
f 623//1531 288//1532 287//1533
f 287//1534 364//1535 623//1536
f 437//1537 438//1538 440//1539
f 440//1540 438//1541 439//1542
f 439//1543 438//1544 410//1545
f 432//1546 625//1547 277//1548
f 277//1549 625//1550 434//1551
f 623//1552 440//1553 288//1554
f 288//1555 440//1556 439//1557
f 441//1558 442//1559 443//1560
f 443//1561 442//1562 444//1563
f 445//1564 446//1565 447//1566
f 447//1567 446//1568 448//1569
f 449//1570 450//1571 451//1572
f 451//1573 450//1574 452//1575
f 610//1576 453//1577 611//1578
f 445//1579 447//1580 383//1581
f 383//1582 447//1583 612//1584
f 611//1585 453//1586 385//1587
f 455//1588 456//1589 453//1590
f 453//1591 456//1592 385//1593
f 385//1594 456//1595 454//1596
f 385//1597 454//1598 387//1599
f 387//1600 454//1601 457//1602
f 383//1603 612//1604 385//1605
f 385//1606 612//1607 611//1608
f 441//1609 443//1610 360//1611
f 360//1612 443//1613 605//1614
f 360//1615 605//1616 361//1617
f 438//1618 422//1619 458//1620
f 361//1621 605//1622 362//1623
f 362//1624 605//1625 422//1626
f 362//1627 422//1628 438//1629
f 437//1630 461//1631 438//1632
f 438//1633 461//1634 362//1635
f 362//1636 461//1637 460//1638
f 362//1639 460//1640 459//1641
f 608//1642 607//1643 462//1644
f 413//1645 463//1646 372//1647
f 372//1648 463//1649 429//1650
f 372//1651 429//1652 373//1653
f 373//1654 429//1655 375//1656
f 375//1657 429//1658 608//1659
f 375//1660 608//1661 462//1662
f 519//1663 465//1664 462//1665
f 462//1666 465//1667 375//1668
f 375//1669 465//1670 464//1671
f 375//1672 464//1673 466//1674
f 615//1675 614//1676 467//1677
f 449//1678 451//1679 377//1680
f 377//1681 451//1682 616//1683
f 469//1684 470//1685 467//1686
f 467//1687 470//1688 378//1689
f 378//1690 470//1691 468//1692
f 378//1693 468//1694 381//1695
f 381//1696 468//1697 471//1698
f 377//1699 616//1700 378//1701
f 378//1702 616//1703 615//1704
f 378//1705 615//1706 467//1707
f 469//1708 618//1709 472//1710
f 472//1711 618//1712 626//1713
f 519//1714 473//1715 593//1716
f 593//1717 473//1718 449//1719
f 586//1720 627//1721 474//1722
f 474//1723 627//1724 441//1725
f 475//1726 476//1727 366//1728
f 364//1729 287//1730 365//1731
f 365//1732 287//1733 635//1734
f 359//1735 477//1736 475//1737
f 365//1738 635//1739 366//1740
f 366//1741 635//1742 359//1743
f 366//1744 359//1745 475//1746
f 366//1747 476//1748 478//1749
f 436//1750 370//1751 481//1752
f 481//1753 370//1754 369//1755
f 435//1756 479//1757 436//1758
f 436//1759 479//1760 370//1761
f 370//1762 479//1763 480//1764
f 368//1765 621//1766 369//1767
f 369//1768 621//1769 482//1770
f 369//1771 482//1772 481//1773
f 370//1774 480//1775 483//1776
f 511//1777 484//1778 485//1779
f 485//1780 484//1781 486//1782
f 485//1783 486//1784 487//1785
f 507//1786 488//1787 489//1788
f 489//1789 488//1790 490//1791
f 489//1792 490//1793 491//1794
f 505//1795 492//1796 493//1797
f 493//1798 492//1799 494//1800
f 493//1801 494//1802 495//1803
f 428//1804 431//1805 496//1806
f 431//1807 497//1808 496//1809
f 496//1810 497//1811 498//1812
f 497//1813 499//1814 498//1815
f 498//1816 499//1817 500//1818
f 500//1819 499//1820 501//1821
f 500//1822 501//1823 502//1824
f 500//1825 502//1826 503//1827
f 503//1828 502//1829 427//1830
f 503//1831 427//1832 423//1833
f 390//1834 504//1835 496//1836
f 423//1837 500//1838 503//1839
f 504//1840 428//1841 496//1842
f 491//1843 508//1844 509//1845
f 491//1846 509//1847 507//1848
f 510//1849 511//1850 487//1851
f 487//1852 504//1853 510//1854
f 506//1855 505//1856 495//1857
f 506//1858 495//1859 512//1860
f 512//1861 495//1862 509//1863
f 509//1864 495//1865 507//1866
f 507//1867 489//1868 491//1869
f 508//1870 491//1871 510//1872
f 510//1873 491//1874 511//1875
f 511//1876 485//1877 487//1878
f 505//1879 506//1880 513//1881
f 513//1882 514//1883 423//1884
f 423//1885 514//1886 500//1887
f 505//1888 493//1889 495//1890
f 514//1891 515//1892 500//1893
f 500//1894 515//1895 516//1896
f 500//1897 516//1898 498//1899
f 498//1900 516//1901 517//1902
f 498//1903 517//1904 496//1905
f 496//1906 517//1907 518//1908
f 496//1909 518//1910 390//1911
f 591//1912 464//1913 520//1914
f 520//1915 464//1916 639//1917
f 639//1918 464//1919 465//1920
f 639//1921 465//1922 519//1923
f 594//1924 480//1925 596//1926
f 596//1927 480//1928 597//1929
f 597//1930 480//1931 479//1932
f 597//1933 479//1934 435//1935
f 572//1936 476//1937 573//1938
f 573//1939 476//1940 475//1941
f 573//1942 475//1943 574//1944
f 574//1945 475//1946 477//1947
f 637//1948 460//1949 579//1950
f 579//1951 460//1952 461//1953
f 579//1954 461//1955 521//1956
f 521//1957 461//1958 437//1959
f 638//1960 454//1961 585//1962
f 585//1963 454//1964 587//1965
f 587//1966 454//1967 456//1968
f 587//1969 456//1970 586//1971
f 586//1972 456//1973 455//1974
f 588//1975 468//1976 590//1977
f 590//1978 468//1979 470//1980
f 590//1981 470//1982 589//1983
f 589//1984 470//1985 469//1986
f 395//1987 524//1988 525//1987
f 525//1989 524//1990 526//1991
f 525//1992 526//1993 400//1994
f 400//1995 526//1996 397//1997
f 526//1998 527//1999 397//2000
f 397//2001 527//2002 395//2003
f 528//2004 548//2005 393//2006
f 528//2007 393//2008 531//2009
f 548//2010 528//2011 529//2012
f 395//2013 529//2014 530//2015
f 395//2016 530//2017 393//2018
f 393//2019 530//2020 531//2021
f 542//2022 532//2023 393//2003
f 393//2003 532//2024 391//2025
f 406//2003 408//2003 523//2026
f 406//2027 533//2028 534//2029
f 536//2030 535//2031 404//2032
f 406//2033 534//2034 404//2035
f 404//2036 534//2037 536//2038
f 538//2003 535//2039 533//2040
f 535//2041 538//2003 404//2042
f 537//2043 402//2044 538//2003
f 538//2003 402//2045 404//2046
f 402//2047 537//2048 400//2049
f 400//2050 537//2051 539//2052
f 400//2053 539//2054 525//2055
f 525//2056 539//2057 538//2058
f 388//2003 540//2059 408//2003
f 408//2003 540//2060 523//2061
f 522//2062 541//2063 540//2064
f 543//2065 522//2066 388//2066
f 388//2067 522//2067 540//2068
f 391//2003 532//2069 388//2003
f 388//2003 532//2070 543//2071
f 522//2072 543//2073 542//2074
f 525//2075 538//2075 544//2076
f 546//2077 545//2078 538//2079
f 538//2080 545//2081 544//2082
f 547//2083 546//2084 533//2085
f 533//2086 546//2087 538//2086
f 522//2088 406//2088 541//2089
f 522//2090 547//2091 406//2092
f 406//2093 547//2094 533//2093
f 542//2095 393//2096 522//2096
f 522//2097 393//2097 549//2098
f 548//2099 549//2100 393//2099
f 529//2101 550//2102 548//2101
f 395//2103 525//2104 529//2103
f 529//2105 525//2106 550//2107
f 523//2108 541//2109 406//2003
f 524//2110 395//2003 527//2111
f 541//2112 551//2113 540//2114
f 540//2115 551//2116 552//2117
f 540//2118 552//2119 553//2120
f 540//2121 553//2122 523//2123
f 523//2124 553//2125 541//2126
f 541//2127 553//2128 551//2129
f 542//2112 554//2113 532//2114
f 532//2115 554//2116 555//2117
f 532//2118 555//2119 556//2120
f 532//2121 556//2122 543//2123
f 543//2124 556//2125 542//2126
f 542//2127 556//2128 554//2129
f 530//2130 557//2131 558//2132
f 530//2133 558//2134 531//2135
f 531//2136 558//2137 559//2138
f 531//2139 559//2140 528//2141
f 528//2142 559//2143 560//2144
f 528//2145 560//2146 529//2147
f 529//2148 560//2149 557//2150
f 529//2151 557//2152 530//2153
f 526//2154 561//2155 527//2156
f 527//2157 561//2158 524//2159
f 524//2160 561//2161 562//2162
f 524//2163 562//2164 526//2165
f 526//2166 562//2167 563//2168
f 526//2169 563//2170 561//2171
f 537//2154 564//2155 539//2156
f 539//2157 564//2158 538//2159
f 538//2160 564//2161 565//2162
f 538//2163 565//2164 537//2165
f 537//2166 565//2167 566//2168
f 537//2169 566//2170 564//2171
f 535//2172 567//2131 568//2132
f 535//2133 568//2134 533//2135
f 533//2136 568//2137 569//2138
f 533//2139 569//2173 534//2141
f 534//2142 569//2143 570//2144
f 534//2145 570//2174 536//2147
f 536//2175 570//2149 567//2150
f 536//2151 567//2152 535//2153
f 557//2176 572//2177 573//2178
f 557//2179 560//2180 572//2181
f 572//2182 560//2183 571//2184
f 571//2185 560//2186 559//2187
f 558//2188 574//2189 477//2190
f 557//2191 573//2192 574//2193
f 557//2194 574//2195 558//2196
f 559//2197 575//2198 571//2199
f 558//2200 477//2201 368//2202
f 558//2203 368//2204 559//2205
f 559//2206 368//2207 575//2208
f 582//2209 576//2210 603//2211
f 603//2212 576//2213 577//2214
f 571//2215 371//2216 572//2217
f 572//2218 371//2219 577//2220
f 577//2221 371//2222 604//2223
f 582//2224 600//2225 576//2226
f 576//2227 600//2228 367//2229
f 367//2230 600//2231 637//2232
f 367//2233 637//2234 578//2235
f 579//2236 521//2237 563//2238
f 563//2239 521//2240 561//2241
f 563//2242 637//2243 579//2244
f 562//2245 637//2246 563//2247
f 637//2248 562//2249 578//2250
f 364//2251 580//2252 561//2253
f 561//2254 521//2255 364//2256
f 561//2257 580//2258 578//2259
f 561//2260 578//2261 562//2262
f 581//2263 582//2264 583//2265
f 583//2266 599//2267 640//2268
f 363//2269 638//2270 584//2271
f 638//2272 363//2273 581//2274
f 581//2275 363//2276 582//2277
f 565//2278 638//2279 585//2280
f 638//2281 565//2282 584//2283
f 584//2284 565//2285 564//2286
f 564//2287 474//2288 584//2289
f 566//2290 474//2291 564//2292
f 566//2293 586//2294 474//2295
f 585//2296 587//2297 565//2298
f 565//2299 587//2300 566//2301
f 566//2302 587//2303 586//2304
f 384//2305 386//2306 567//2307
f 567//2308 386//2309 568//2310
f 568//2311 386//2312 640//2313
f 599//2314 588//2315 640//2316
f 640//2317 588//2318 569//2319
f 640//2320 569//2321 568//2322
f 384//2323 567//2324 570//2325
f 384//2326 570//2327 589//2328
f 589//2329 570//2330 569//2331
f 589//2332 569//2333 590//2334
f 569//2335 588//2336 590//2337
f 589//2338 472//2339 384//2340
f 469//2341 472//2342 589//2343
f 599//2344 583//2345 582//2346
f 599//2347 582//2348 592//2349
f 592//2350 582//2351 603//2352
f 592//2353 603//2354 602//2355
f 520//2356 552//2357 591//2358
f 591//2359 552//2360 551//2361
f 602//2362 591//2363 592//2364
f 592//2365 591//2366 551//2367
f 592//2368 551//2369 382//2370
f 382//2371 551//2372 380//2373
f 553//2374 593//2375 379//2376
f 553//2377 379//2378 551//2379
f 551//2380 379//2381 380//2382
f 639//2383 519//2384 593//2385
f 639//2386 593//2387 520//2388
f 520//2389 593//2390 553//2391
f 520//2392 553//2393 552//2394
f 554//2395 376//2396 594//2397
f 594//2398 376//2399 603//2400
f 594//2401 603//2402 601//2403
f 601//2404 603//2405 604//2406
f 604//2407 603//2408 577//2409
f 376//2410 554//2411 556//2412
f 556//2413 595//2414 376//2415
f 554//2416 594//2417 596//2418
f 555//2419 597//2420 435//2421
f 555//2422 435//2423 556//2424
f 556//2425 435//2426 595//2427
f 596//2428 597//2429 554//2430
f 554//2431 597//2432 555//2433
f 435//2434 374//2435 595//2436
f 595//2437 374//2438 598//2439
f 382//2440 381//2441 592//2442
f 592//2443 381//2444 471//2445
f 599//2446 471//2447 588//2448
f 588//2449 471//2450 468//2451
f 640//2452 387//2453 583//2454
f 583//2455 387//2456 457//2457
f 581//2458 457//2459 638//2460
f 638//2461 457//2462 454//2463
f 363//2464 362//2465 582//2466
f 582//2467 362//2468 459//2469
f 600//2470 459//2471 637//2472
f 637//2473 459//2474 460//2475
f 367//2476 366//2477 576//2478
f 576//2479 366//2480 478//2481
f 577//2482 478//2483 572//2484
f 572//2485 478//2486 476//2487
f 371//2488 370//2489 604//2490
f 604//2491 370//2492 483//2493
f 601//2494 483//2495 594//2496
f 594//2497 483//2498 480//2499
f 376//2500 375//2501 603//2502
f 603//2503 375//2504 466//2505
f 602//2506 466//2507 591//2508
f 591//2509 466//2510 464//2511
f 466//2512 602//2513 603//2514
f 483//2515 601//2516 604//2517
f 478//2518 577//2519 576//2520
f 459//2521 600//2522 582//2523
f 457//2524 581//2525 583//2526
f 471//2527 599//2528 592//2529
f 505//2530 605//2531 443//2532
f 505//2533 443//2534 492//2535
f 492//2536 443//2537 444//2538
f 605//2539 505//2540 422//2541
f 422//2542 505//2543 513//2544
f 429//2545 428//2546 608//2547
f 608//2548 428//2549 504//2550
f 486//2551 606//2552 487//2553
f 487//2554 606//2555 607//2556
f 487//2557 607//2558 608//2559
f 494//2560 609//2561 495//2562
f 495//2563 609//2564 610//2565
f 495//2566 610//2567 611//2568
f 507//2569 612//2570 447//2571
f 507//2572 447//2573 488//2574
f 488//2575 447//2576 448//2577
f 612//2578 507//2579 611//2580
f 611//2581 507//2582 495//2583
f 490//2584 613//2585 491//2586
f 491//2587 613//2588 614//2589
f 491//2590 614//2591 615//2592
f 511//2593 616//2594 451//2595
f 511//2596 451//2597 484//2598
f 484//2599 451//2600 452//2601
f 616//2602 511//2603 615//2604
f 615//2605 511//2606 491//2607
f 487//2608 608//2609 504//2610
f 423//2611 422//2612 513//2613
f 467//2614 617//2615 618//2616
f 625//2617 374//2618 434//2619
f 434//2620 374//2621 435//2622
f 620//2623 368//2624 477//2625
f 621//2626 368//2627 620//2628
f 623//2629 364//2630 440//2631
f 440//2632 364//2633 521//2634
f 453//2635 624//2636 627//2637
f 610//2638 609//2639 624//2640
f 610//2641 624//2642 453//2643
f 607//2644 606//2645 619//2646
f 607//2647 619//2648 462//2649
f 614//2650 613//2651 617//2652
f 614//2653 617//2654 467//2655
f 619//2656 450//2657 473//2658
f 473//2659 450//2660 449//2661
f 617//2662 446//2663 618//2664
f 618//2665 446//2666 626//2667
f 624//2668 442//2669 627//2670
f 627//2671 442//2672 636//2673
f 627//2674 636//2675 441//2676
f 412//2677 429//2678 463//2679
f 422//2680 424//2681 458//2682
f 424//2683 438//2684 458//2685
f 463//2686 413//2687 412//2688
f 630//2689 628//2690 621//2691
f 358//2692 629//2693 622//2694
f 622//2695 629//2696 630//2697
f 622//2698 630//2699 621//2700
f 358//2701 628//2702 629//2703
f 628//2704 358//2705 482//2706
f 482//2707 358//2708 279//2709
f 481//2710 631//2711 436//2712
f 621//2713 628//2714 482//2715
f 632//2716 359//2717 635//2718
f 632//2719 634//2720 359//2721
f 359//2722 634//2723 291//2724
f 291//2725 634//2726 633//2727
f 291//2728 633//2729 28//2730
f 28//2731 633//2732 632//2733
f 632//2734 635//2735 28//2736
f 28//2737 635//2738 32//2739
f 635//2740 282//2741 32//2742
f 635//2743 287//2744 285//2745
f 635//2746 285//2747 282//2748
f 626//2749 445//2750 472//2751
f 472//2752 445//2753 383//2754
f 446//2755 445//2756 626//2757
f 469//2758 467//2759 618//2760
f 474//2761 441//2762 360//2763
f 441//2764 636//2765 442//2766
f 627//2767 586//2768 453//2769
f 453//2770 586//2771 455//2772
f 374//2773 625//2774 372//2775
f 593//2776 449//2777 377//2778
f 462//2779 619//2780 473//2781
f 519//2782 462//2783 473//2784
f 437//2785 440//2786 521//2787
f 620//2788 477//2789 359//2790
f 442//2791 492//2792 444//2793
f 624//2794 609//2795 494//2796
f 442//2797 624//2798 492//2799
f 492//2800 624//2801 494//2802
f 450//2803 484//2804 452//2805
f 619//2806 606//2807 486//2808
f 450//2809 619//2810 484//2811
f 484//2812 619//2813 486//2814
f 446//2815 488//2816 448//2817
f 446//2818 617//2819 488//2820
f 488//2821 617//2822 490//2823
f 617//2824 613//2825 490//2826
f 426//2827 414//2828 415//2829
f 418//2830 417//2831 433//2832
f 433//2833 417//2834 411//2835
f 415//2836 410//2837 426//2838
f 417//2839 416//2840 411//2841
f 277//2842 433//2843 432//2844
f 439//2845 410//2846 288//2847
f 433//2848 277//2849 418//2850
f 418//2851 277//2852 275//2853
f 418//2854 275//2855 419//2856
f 419//2857 275//2858 420//2859
f 420//2860 275//2861 272//2862
f 420//2863 272//2864 421//2865
f 421//2866 272//2867 283//2868
f 421//2869 283//2870 415//2871
f 415//2872 283//2873 410//2874
f 410//2875 283//2876 288//2877
f 407//2878 508//2879 510//2880
f 514//2881 513//2882 399//2883
f 399//2884 513//2885 506//2886
f 399//2887 506//2888 401//2889
f 401//2890 506//2891 512//2892
f 401//2893 512//2894 403//2895
f 403//2896 512//2897 509//2898
f 403//2899 509//2900 405//2901
f 405//2902 509//2903 508//2904
f 405//2905 508//2906 407//2907
f 409//2908 407//2909 510//2910
f 409//2911 510//2912 389//2913
f 389//2914 510//2915 504//2916
f 389//2917 504//2918 390//2919
f 390//2920 518//2921 392//2922
f 392//2923 518//2924 517//2925
f 392//2926 517//2927 394//2928
f 394//2929 517//2930 516//2931
f 394//2932 516//2933 396//2934
f 396//2935 516//2936 515//2937
f 396//2938 515//2939 398//2940
f 398//2941 515//2942 514//2943
f 398//2944 514//2945 399//2946
f 522//2947 549//2948 641//2949
f 641//2950 549//2951 642//2952
f 549//2953 548//2954 642//2955
f 642//2956 548//2957 550//2958
f 642//2959 550//2960 643//2961
f 643//2962 550//2963 525//2964
f 643//2965 525//2966 644//2967
f 525//2968 544//2969 644//2970
f 644//2971 544//2972 645//2973
f 645//2974 544//2975 545//2976
f 645//2977 545//2978 546//2979
f 645//2980 546//2981 646//2982
f 546//2983 547//2984 646//2985
f 646//2986 547//2987 641//2988
f 641//2989 547//2990 522//2991
f 642//2992 646//2993 641//2994
f 642//2992 645//2995 646//2996
f 642//2997 644//2998 645//2999
f 642//3000 643//3001 644//3002
f 30//3003 290//3004 291//3005
f 30//3006 291//3007 28//3008
f 270//3009 648//3010 649//3011
f 649//3012 648//3013 647//3014
f 662//3015 270//3016 649//3017
f 647//3018 352//3019 355//3020
f 647//3021 355//3022 649//3023
f 621//3024 292//3025 622//3026
f 292//3027 338//3028 622//3029
f 622//3030 338//3031 358//3032
f 89//3033 90//3034 650//3035
f 70//3036 651//3037 652//3038
f 652//3039 66//3040 70//3041
f 89//3042 650//3043 653//3044
f 90//3045 60//3046 654//3047
f 90//3048 654//3049 650//3050
f 655//3051 656//3052 659//3053
f 659//3054 656//3055 52//3056
f 52//3057 656//3058 657//3059
f 52//3060 657//3061 654//3062
f 52//3063 654//3064 58//3065
f 58//3066 654//3067 60//3068
f 658//3069 66//3070 652//3071
f 658//3072 652//3073 46//3074
f 46//3075 652//3076 655//3077
f 655//3078 44//3079 46//3080
f 659//3081 40//3082 655//3083
f 655//3084 40//3085 44//3086
f 649//3087 660//3088 661//3089
f 649//3090 661//3091 662//3092
f 294//3093 284//3094 662//3095
f 294//3096 662//3097 661//3098
f 663//3099 81//3100 355//3101
f 355//3102 81//3103 649//3104
f 649//3105 81//3106 660//3107
f 663//3108 355//3109 356//3110
f 357//3111 73//3112 664//3113
f 357//3114 664//3115 663//3116
f 357//3117 663//3118 356//3119
f 351//3120 665//3121 666//3122
f 351//3123 666//3124 350//3125
f 350//3126 666//3127 667//3128
f 350//3129 667//3130 295//3131
f 295//3132 667//3133 691//3134
f 665//3135 351//3136 48//3137
f 48//3138 351//3139 47//3140
f 264//3141 326//3142 323//3143
f 323//3144 326//3145 327//3146
f 323//3147 327//3148 668//3149
f 668//3150 327//3151 329//3152
f 668//3153 329//3154 669//3155
f 668//3156 669//3157 191//3158
f 191//3159 669//3160 330//3161
f 191//3162 330//3163 192//3164
f 192//3165 330//3166 331//3167
f 192//3168 331//3169 195//3170
f 195//3171 331//3172 692//3173
f 195//3174 692//3175 102//3176
f 102//3177 692//3178 99//3179
f 628//3180 630//3181 670//3182
f 670//3183 630//3184 344//3185
f 670//3186 344//3187 349//3188
f 670//3189 349//3190 333//3191
f 333//3192 349//3193 335//3194
f 335//3195 349//3196 348//3197
f 335//3198 348//3199 693//3200
f 693//3201 348//3202 64//3203
f 693//3204 64//3205 22//3206
f 22//3207 64//3208 63//3209
f 184//3210 671//3211 273//3212
f 273//3213 671//3214 274//3215
f 671//3216 184//3217 187//3218
f 188//3219 156//3220 328//3221
f 188//3222 328//3223 671//3224
f 188//3225 671//3226 187//3227
f 155//3228 103//3229 98//3230
f 155//3231 98//3232 672//3233
f 328//3234 156//3235 152//3236
f 328//3237 152//3238 673//3239
f 673//3240 152//3241 154//3242
f 673//3243 154//3244 672//3245
f 672//3246 154//3247 155//3248
f 24//3249 674//3250 25//3251
f 25//3252 674//3253 347//3254
f 25//3255 347//3256 675//3257
f 675//3258 347//3259 346//3260
f 675//3261 346//3262 676//3263
f 676//3264 346//3265 345//3266
f 676//3267 345//3268 632//3269
f 632//3270 345//3271 634//3272
f 674//3273 24//3274 41//3275
f 41//3276 24//3277 31//3278
f 835//3279 324//3280 334//3281
f 279//3282 358//3283 324//3284
f 324//3285 358//3286 337//3287
f 324//3288 337//3289 334//3290
f 182//3291 647//3292 677//3293
f 677//3294 647//3295 648//3296
f 677//3297 648//3298 678//3299
f 678//3300 648//3301 270//3302
f 647//3303 182//3304 352//3305
f 352//3306 182//3307 679//3308
f 352//3309 679//3310 354//3311
f 354//3312 679//3313 178//3314
f 354//3315 178//3316 353//3317
f 353//3318 178//3319 181//3320
f 353//3321 181//3322 78//3323
f 78//3324 181//3325 72//3326
f 296//3327 308//3328 680//3329
f 680//3330 308//3331 309//3332
f 267//3333 276//3334 681//3335
f 267//3336 681//3337 296//3338
f 296//3339 681//3340 308//3341
f 309//3342 85//3343 680//3344
f 680//3345 85//3346 298//3347
f 298//3348 85//3349 682//3350
f 298//3351 682//3352 86//3353
f 87//3354 115//3355 300//3356
f 87//3357 300//3358 86//3359
f 86//3360 300//3361 298//3362
f 266//3363 260//3364 186//3365
f 186//3366 260//3367 320//3368
f 322//3369 151//3370 189//3371
f 185//3372 186//3373 320//3374
f 185//3375 320//3376 322//3377
f 185//3378 322//3379 189//3380
f 138//3381 150//3382 157//3383
f 343//3384 138//3385 157//3386
f 343//3387 157//3388 683//3389
f 683//3390 157//3391 158//3392
f 683//3393 158//3394 339//3395
f 339//3396 158//3397 153//3398
f 339//3399 153//3400 151//3401
f 339//3402 151//3403 322//3404
f 198//3405 183//3406 684//3407
f 684//3408 183//3409 293//3410
f 180//3411 183//3412 198//3413
f 180//3414 198//3415 164//3416
f 325//3417 4//3418 825//3419
f 259//3420 325//3421 825//3422
f 312//3423 319//3424 311//3425
f 311//3426 319//3427 685//3428
f 319//3429 312//3430 321//3431
f 321//3432 312//3433 174//3434
f 133//3435 136//3436 342//3437
f 133//3438 342//3439 176//3440
f 176//3441 342//3442 341//3443
f 176//3444 341//3445 177//3446
f 177//3447 341//3448 340//3449
f 177//3450 340//3451 174//3452
f 174//3453 340//3454 321//3455
f 289//3456 686//3457 317//3458
f 289//3459 317//3460 306//3461
f 306//3462 317//3463 315//3464
f 306//3465 315//3466 305//3467
f 305//3468 315//3469 314//3470
f 305//3471 314//3472 307//3473
f 307//3474 314//3475 53//3476
f 53//3477 314//3478 55//3479
f 687//3480 254//3481 310//3482
f 310//3483 254//3484 304//3485
f 304//3486 166//3487 310//3488
f 310//3489 166//3490 165//3491
f 688//3492 268//3493 167//3494
f 167//3495 268//3496 297//3497
f 167//3498 297//3499 168//3500
f 168//3501 297//3502 299//3503
f 117//3504 118//3505 169//3506
f 117//3507 169//3508 302//3509
f 302//3510 169//3511 689//3512
f 302//3513 689//3514 301//3515
f 301//3516 689//3517 690//3518
f 301//3519 690//3520 299//3521
f 299//3522 690//3523 168//3524
f 691//3525 281//3526 295//3527
f 263//3528 271//3529 264//3530
f 264//3531 271//3532 326//3533
f 33//3534 280//3535 34//3536
f 34//3537 280//3538 38//3539
f 292//3540 630//3541 338//3542
f 338//3543 630//3544 629//3545
f 290//3546 30//3547 634//3548
f 634//3549 30//3550 633//3551
f 270//3552 286//3553 678//3554
f 293//3555 265//3556 684//3557
f 325//3558 259//3559 262//3560
f 262//3561 259//3562 258//3563
f 261//3564 257//3565 685//3566
f 685//3567 257//3568 311//3569
f 289//3570 278//3571 686//3572
f 256//3573 255//3574 687//3575
f 687//3576 255//3577 254//3578
f 688//3579 269//3580 268//3581
f 329//3582 330//3583 669//3584
f 331//3585 99//3586 692//3587
f 303//3588 688//3589 167//3590
f 318//3591 259//3592 825//3593
f 628//3594 670//3595 338//3596
f 628//3597 338//3598 629//3599
f 630//3600 292//3601 344//3602
f 290//3603 634//3604 345//3605
f 30//3606 676//3607 633//3608
f 633//3609 676//3610 632//3611
f 280//3612 39//3613 38//3614
f 679//3615 179//3616 178//3617
f 182//3618 179//3619 679//3620
f 654//3621 694//3622 650//3623
f 227//3624 229//3625 695//3626
f 697//3627 698//3628 214//3629
f 798//3630 212//3631 214//3632
f 798//3633 214//3634 698//3635
f 214//3636 217//3637 697//3638
f 697//3639 217//3640 701//3641
f 701//3641 217//3642 212//3643
f 699//3644 696//3645 700//3646
f 700//3647 696//3648 701//3649
f 696//3650 699//3651 702//3652
f 696//3653 702//3654 795//3655
f 795//3656 702//3657 703//3658
f 701//3659 703//3660 700//3661
f 704//3662 705//3663 696//3641
f 209//3664 211//3665 696//3641
f 696//3641 211//3666 704//3667
f 708//3668 231//3669 224//3670
f 708//3671 224//3672 695//3673
f 695//3674 224//3675 227//3676
f 218//3641 229//3677 231//3678
f 229//3679 218//3641 695//3680
f 695//3681 218//3641 709//3682
f 220//3683 709//3684 218//3641
f 709//3685 220//3686 698//3687
f 698//3688 220//3689 223//3690
f 698//3691 223//3692 798//3693
f 790//3694 202//3695 204//3696
f 204//3697 201//3698 707//3641
f 707//3641 201//3699 708//3641
f 708//3641 201//3700 202//3701
f 204//3702 707//3641 706//3641
f 207//3703 790//3704 706//3704
f 706//3705 790//3705 204//3706
f 704//3641 211//3707 706//3641
f 706//3641 211//3708 207//3709
f 790//3710 207//3711 209//3712
f 223//3713 218//3714 798//3714
f 798//3715 218//3715 784//3716
f 786//3717 782//3718 218//3719
f 218//3720 782//3721 784//3722
f 788//3723 786//3724 231//3725
f 231//3726 786//3727 218//3726
f 790//3728 708//3728 202//3729
f 790//3730 788//3731 708//3732
f 708//3733 788//3734 231//3733
f 209//3735 696//3736 790//3736
f 790//3737 696//3737 793//3738
f 797//3739 795//3740 703//3741
f 795//3742 793//3743 696//3742
f 798//3744 701//3744 212//3745
f 701//3746 798//3747 703//3746
f 703//3748 798//3749 797//3750
f 698//3751 710//3752 709//3753
f 709//3754 710//3755 711//3756
f 709//3757 711//3758 712//3759
f 709//3760 712//3761 695//3762
f 695//3763 712//3764 713//3765
f 695//3766 713//3767 708//3768
f 708//3769 713//3770 714//3771
f 708//3772 714//3773 707//3774
f 707//3775 714//3776 715//3777
f 707//3778 715//3779 706//3780
f 706//3781 715//3782 716//3783
f 706//3784 716//3785 704//3786
f 704//3787 716//3788 717//3789
f 704//3790 717//3791 705//3792
f 705//3793 717//3794 718//3795
f 705//3796 718//3797 696//3798
f 696//3799 718//3800 719//3801
f 696//3802 719//3803 701//3804
f 701//3805 719//3806 720//3807
f 701//3808 720//3809 697//3810
f 697//3811 720//3812 721//3813
f 697//3814 721//3815 698//3816
f 698//3817 721//3818 710//3819
f 715//3820 723//3821 716//3822
f 716//3823 723//3824 724//3825
f 716//3826 724//3827 717//3828
f 717//3829 724//3830 725//3831
f 717//3832 725//3833 718//3834
f 719//3835 718//3836 726//3837
f 719//3838 726//3839 720//3840
f 720//3841 727//3842 721//3843
f 721//3844 727//3845 731//3846
f 721//3847 731//3848 710//3849
f 712//3850 711//3851 728//3852
f 712//3853 728//3854 729//3855
f 712//3856 729//3857 713//3858
f 713//3859 729//3860 730//3861
f 713//3862 730//3863 714//3864
f 714//3865 730//3866 722//3867
f 714//3868 722//3869 715//3870
f 710//3871 731//3872 732//3873
f 710//3874 732//3875 711//3876
f 711//3877 732//3878 728//3879
f 718//3880 725//3881 245//3882
f 718//3883 245//3884 726//3885
f 724//3886 247//3887 725//3888
f 725//3889 247//3890 245//3891
f 245//3892 240//3893 726//3894
f 733//3895 734//3896 735//3897
f 253//3898 233//3899 235//3900
f 736//3901 737//3902 738//3903
f 240//3904 252//3905 238//3906
f 726//3907 240//3908 238//3909
f 726//3910 238//3911 720//3912
f 720//3913 238//3914 235//3915
f 720//3916 235//3917 727//3918
f 727//3919 235//3920 731//3921
f 731//3922 235//3923 233//3924
f 732//3925 736//3926 728//3927
f 728//3928 736//3929 738//3930
f 723//3931 715//3932 733//3933
f 733//3934 715//3935 722//3936
f 733//3937 722//3938 734//3939
f 734//3940 722//3941 730//3942
f 734//3943 730//3944 729//3945
f 734//3946 729//3947 738//3948
f 738//3949 729//3950 728//3951
f 736//3952 739//3953 737//3954
f 739//3955 740//3956 737//3957
f 737//3958 740//3959 738//3960
f 740//3961 741//3962 738//3963
f 738//3964 741//3965 734//3966
f 734//3967 741//3968 742//3969
f 734//3970 742//3971 743//3972
f 734//3973 743//3974 735//3975
f 735//3976 743//3977 744//3978
f 735//3979 744//3980 733//3981
f 702//3982 745//3983 746//3984
f 702//3985 746//3986 703//3987
f 703//3988 746//3989 747//3990
f 703//3991 747//3992 700//3993
f 700//3994 747//3995 748//3996
f 700//3997 748//3998 699//3999
f 699//4000 748//4001 745//4002
f 699//4003 745//4004 702//4005
f 750//4006 732//4007 749//4008
f 749//4009 732//4010 731//4011
f 736//4012 750//4013 751//4014
f 89//4015 653//4016 751//4017
f 751//4018 653//4019 752//4020
f 751//4021 752//4022 739//4023
f 739//4024 736//4025 751//4026
f 139//4027 235//4028 753//4029
f 753//4030 235//4031 238//4032
f 241//4033 240//4034 754//4035
f 754//4036 240//4037 245//4038
f 248//4039 724//4040 755//4041
f 755//4042 724//4043 723//4044
f 755//4045 733//4046 756//4047
f 651//4048 70//4049 757//4050
f 757//4051 70//4052 756//4053
f 744//4054 757//4055 756//4056
f 733//4057 744//4058 756//4059
f 750//4060 736//4061 732//4062
f 233//4063 749//4064 731//4065
f 733//4066 755//4067 723//4068
f 248//4069 247//4070 724//4071
f 230//4072 758//4073 759//4074
f 230//4075 759//4076 225//4077
f 225//4078 759//4079 226//4080
f 226//4081 759//4082 760//4083
f 226//4084 760//4085 761//4086
f 226//4087 761//4088 228//4089
f 228//4090 761//4091 230//4092
f 230//4093 761//4094 758//4095
f 185//4096 189//4097 758//4098
f 188//4099 187//4100 760//4101
f 188//4102 760//4103 759//4104
f 188//4105 759//4106 189//4107
f 189//4108 759//4109 758//4110
f 185//4111 758//4112 761//4113
f 760//4114 187//4115 761//4116
f 761//4117 187//4118 185//4119
f 221//4120 762//4121 222//4122
f 222//4123 762//4124 763//4125
f 222//4126 763//4127 219//4128
f 219//4129 763//4130 764//4131
f 219//4132 764//4133 765//4134
f 219//4135 765//4136 221//4137
f 221//4138 765//4139 762//4140
f 168//4141 161//4142 763//4143
f 765//4144 166//4145 762//4146
f 165//4147 166//4148 765//4149
f 165//4150 765//4151 173//4152
f 173//4153 765//4154 764//4155
f 173//4156 764//4157 170//4158
f 763//4159 170//4160 764//4161
f 170//4162 763//4163 161//4164
f 762//4165 168//4166 763//4167
f 762//4168 166//4169 168//4170
f 766//4171 162//4172 122//4173
f 766//4174 172//4175 162//4176
f 171//4177 172//4178 124//4179
f 124//4180 172//4181 766//4182
f 767//4183 194//4184 109//4185
f 767//4186 159//4187 194//4188
f 767//4189 112//4190 159//4191
f 203//4192 768//4193 769//4194
f 203//4195 769//4196 205//4197
f 205//4198 769//4199 770//4200
f 205//4201 770//4202 200//4203
f 200//4204 770//4205 771//4206
f 200//4207 771//4208 772//4209
f 200//4210 772//4211 203//4212
f 203//4213 772//4214 768//4215
f 179//4216 770//4217 769//4218
f 179//4219 769//4220 160//4221
f 769//4222 197//4223 160//4224
f 197//4225 769//4226 193//4227
f 768//4228 193//4229 769//4230
f 772//4231 164//4232 768//4233
f 768//4234 164//4235 193//4236
f 180//4237 772//4238 771//4239
f 772//4240 180//4241 164//4242
f 770//4243 179//4244 771//4245
f 179//4246 180//4247 771//4248
f 122//4249 126//4250 773//4251
f 124//4252 213//4253 125//4254
f 125//4255 213//4256 123//4257
f 773//4258 216//4259 122//4260
f 122//4261 216//4262 215//4263
f 213//4264 124//4265 215//4266
f 215//4267 124//4268 766//4269
f 215//4270 766//4271 122//4272
f 123//4273 213//4274 216//4275
f 123//4276 216//4277 773//4278
f 125//4279 133//4280 124//4281
f 112//4282 208//4283 206//4284
f 110//4285 111//4286 109//4287
f 112//4288 206//4289 779//4290
f 779//4291 206//4292 781//4293
f 781//4294 206//4295 111//4296
f 112//4297 767//4298 208//4299
f 208//4300 767//4301 210//4302
f 210//4303 767//4304 109//4305
f 210//4306 109//4307 111//4308
f 210//4309 111//4310 206//4311
f 112//4312 75//4313 72//4314
f 103//4315 150//4316 146//4317
f 146//4318 150//4319 142//4320
f 146//4321 142//4322 144//4323
f 745//4324 748//4325 774//4326
f 748//4327 145//4328 774//4329
f 745//4330 774//4331 143//4332
f 745//4333 143//4334 746//4335
f 746//4336 143//4337 144//4338
f 746//4339 144//4340 142//4341
f 746//4342 142//4343 747//4344
f 747//4345 142//4346 141//4347
f 747//4348 141//4349 748//4350
f 748//4351 141//4352 145//4353
f 138//4354 142//4355 150//4356
f 143//4357 106//4358 104//4359
f 146//4360 144//4361 104//4362
f 104//4363 144//4364 143//4365
f 134//4366 123//4367 140//4368
f 140//4369 123//4370 773//4371
f 133//4372 125//4373 134//4374
f 134//4375 125//4376 123//4377
f 95//4378 94//4379 137//4380
f 137//4381 94//4382 251//4383
f 100//4384 129//4385 101//4386
f 101//4387 129//4388 243//4389
f 92//4390 91//4391 76//4392
f 76//4393 91//4394 250//4395
f 774//4396 100//4397 106//4398
f 131//4399 148//4400 775//4401
f 774//4402 145//4403 775//4404
f 130//4405 774//4406 775//4407
f 148//4408 129//4409 775//4410
f 775//4411 129//4412 130//4413
f 100//4414 774//4415 130//4416
f 775//4417 145//4418 131//4419
f 773//4420 95//4421 140//4422
f 96//4423 128//4424 776//4425
f 773//4426 126//4427 778//4428
f 778//4429 126//4430 776//4431
f 128//4432 94//4433 776//4434
f 776//4435 94//4436 778//4437
f 107//4438 114//4439 777//4440
f 779//4441 781//4442 780//4443
f 780//4444 781//4445 777//4446
f 114//4447 91//4448 777//4449
f 777//4450 91//4451 780//4452
f 778//4453 95//4454 773//4455
f 776//4456 126//4457 121//4458
f 776//4459 121//4460 96//4461
f 92//4462 75//4463 780//4464
f 780//4465 75//4466 779//4467
f 92//4468 780//4469 91//4470
f 777//4471 781//4472 107//4473
f 755//4474 756//4475 79//4476
f 755//4477 79//4478 74//4479
f 248//4480 755//4481 74//4482
f 248//4483 74//4484 71//4485
f 71//4486 76//4487 248//4488
f 116//4489 749//4490 234//4491
f 750//4492 749//4493 116//4494
f 750//4495 116//4496 119//4497
f 751//4498 750//4499 119//4500
f 751//4501 119//4502 120//4503
f 105//4504 101//4505 241//4506
f 241//4507 754//4508 105//4509
f 108//4510 105//4511 754//4512
f 246//4513 108//4514 754//4515
f 782//4516 783//4517 784//4518
f 784//4519 783//4520 785//4521
f 783//4522 782//4523 787//4524
f 782//4525 786//4526 787//4527
f 786//4528 788//4529 787//4530
f 787//4531 788//4532 789//4533
f 789//4534 788//4535 790//4536
f 789//4537 790//4538 791//4539
f 789//4540 791//4541 792//4542
f 792//4543 791//4544 793//4545
f 792//4546 793//4547 794//4548
f 793//4549 795//4550 794//4551
f 794//4552 795//4553 796//4554
f 795//4555 797//4556 796//4557
f 796//4558 797//4559 785//4560
f 797//4561 798//4562 785//4563
f 785//4564 798//4565 784//4566
f 796//4567 785//4568 787//4569
f 787//4570 794//4571 796//4572
f 789//4573 792//4574 787//4575
f 787//4576 792//4577 794//4578
f 785//4579 783//4580 787//4581
f 791//4582 790//4583 793//4584
f 741//4585 740//4586 805//4587
f 742//4588 741//4589 799//4590
f 651//4591 757//4592 804//4593
f 739//4594 752//4595 800//4596
f 742//4597 801//4598 743//4599
f 743//4600 801//4601 802//4602
f 739//4603 800//4604 740//4605
f 804//4606 802//4607 803//4608
f 744//4609 743//4610 802//4611
f 805//4612 740//4613 800//4614
f 805//4615 800//4616 694//4617
f 694//4618 752//4619 650//4620
f 804//4621 652//4622 651//4623
f 744//4624 802//4625 757//4626
f 757//4627 802//4628 804//4629
f 803//4630 655//4631 804//4632
f 804//4633 655//4634 652//4635
f 656//4636 655//4637 803//4638
f 801//4639 803//4640 802//4641
f 801//4642 799//4643 803//4644
f 742//4645 799//4646 801//4647
f 803//4648 799//4649 656//4650
f 799//4651 657//4652 656//4653
f 741//4654 805//4655 799//4656
f 799//4657 805//4658 657//4659
f 805//4660 654//4661 657//4662
f 805//4663 694//4664 654//4665
f 653//4666 650//4667 752//4668
f 752//4669 694//4670 800//4671
f 499//4672 497//4673 813//4674
f 501//4675 499//4676 806//4677
f 431//4678 430//4679 807//4680
f 501//4681 808//4682 502//4683
f 502//4684 808//4685 809//4686
f 431//4687 807//4688 497//4689
f 812//4690 809//4691 810//4692
f 427//4693 502//4694 809//4695
f 813//4696 497//4697 807//4698
f 813//4699 807//4700 811//4701
f 425//4702 812//4703 415//4704
f 425//4705 415//4706 414//4707
f 427//4708 809//4709 425//4710
f 425//4711 809//4712 812//4713
f 810//4714 421//4715 812//4716
f 812//4717 421//4718 415//4719
f 420//4720 421//4721 810//4722
f 808//4723 810//4724 809//4725
f 808//4726 806//4727 810//4728
f 501//4729 806//4730 808//4731
f 810//4732 806//4733 420//4734
f 806//4735 419//4736 420//4737
f 499//4738 813//4739 806//4740
f 806//4741 813//4742 419//4743
f 813//4744 811//4745 418//4746
f 813//4747 418//4748 419//4749
f 807//4750 417//4751 811//4752
f 811//4753 417//4754 418//4755
f 416//4756 417//4757 430//4758
f 430//4759 417//4760 807//4761
f 106//4762 143//4763 774//4764
f 81//4765 80//4766 47//4767
f 53//4768 54//4769 85//4770
f 89//4771 751//4772 120//4773
f 41//4774 40//4775 63//4776
f 63//4777 40//4778 659//4779
f 69//4780 815//4781 84//4782
f 84//4783 815//4784 814//4785
f 815//4786 90//4787 67//4788
f 815//4789 69//4790 90//4791
f 90//4792 69//4793 60//4794
f 818//4795 817//4796 816//4797
f 816//4798 817//4799 82//4800
f 817//4801 658//4802 45//4803
f 817//4804 818//4805 658//4806
f 658//4807 818//4808 66//4809
f 814//4810 815//4811 88//4812
f 88//4813 815//4814 67//4815
f 68//4816 69//4817 83//4818
f 83//4819 69//4820 84//4821
f 82//4822 817//4823 149//4824
f 45//4825 149//4826 817//4827
f 77//4828 65//4829 816//4830
f 818//4831 816//4832 65//4833
f 42//4834 31//4835 23//4836
f 42//4837 23//4838 843//4839
f 26//4840 844//4841 23//4842
f 844//4843 843//4844 23//4845
f 37//4846 841//4847 36//4848
f 37//4849 819//4850 841//4851
f 49//4852 819//4853 48//4854
f 48//4855 819//4856 37//4857
f 822//4858 57//4859 55//4860
f 316//4861 823//4862 313//4863
f 313//4864 823//4865 822//4866
f 313//4867 822//4868 55//4869
f 336//4870 824//4871 840//4872
f 336//4873 840//4874 332//4875
f 22//4876 62//4877 824//4878
f 22//4879 824//4880 336//4881
f 18//4882 17//4883 830//4884
f 830//4885 17//4886 39//4887
f 19//4888 13//4889 16//4890
f 19//4891 16//4892 20//4893
f 20//4894 16//4895 831//4896
f 831//4897 16//4898 14//4899
f 831//4900 14//4901 21//4902
f 21//4903 14//4904 18//4905
f 21//4906 18//4907 830//4908
f 831//4909 21//4910 20//4911
f 820//4912 27//4913 11//4914
f 11//4915 27//4916 12//4917
f 820//4918 11//4919 832//4920
f 50//4921 43//4922 834//4923
f 834//4924 43//4925 833//4926
f 834//4927 833//4928 15//4929
f 15//4930 833//4931 821//4932
f 15//4933 821//4934 832//4935
f 15//4936 832//4937 11//4938
f 832//4939 821//4940 820//4941
f 833//4942 43//4943 821//4944
f 825//4945 4//4946 826//4947
f 51//4948 56//4949 829//4950
f 51//4951 829//4952 9//4953
f 9//4954 829//4955 828//4956
f 9//4957 828//4958 6//4959
f 6//4960 828//4961 827//4962
f 6//4963 827//4964 5//4965
f 5//4966 827//4967 826//4968
f 5//4969 826//4970 4//4971
f 837//4972 10//4973 8//4974
f 3//4975 1//4976 838//4977
f 836//4978 835//4979 334//4980
f 836//4981 334//4982 2//4983
f 836//4984 2//4985 7//4986
f 7//4987 2//4988 8//4989
f 8//4990 2//4991 3//4992
f 3//4993 838//4994 8//4995
f 8//4996 838//4997 837//4998
f 837//4999 838//5000 1//5001
f 837//5002 1//5003 10//5004
f 10//5005 1//5006 61//5007
f 316//5008 318//5009 823//5010
f 823//5011 839//5012 822//5013
f 318//5014 825//5015 823//5016
f 823//5017 825//5018 826//5019
f 823//5020 826//5021 839//5022
f 839//5023 826//5024 827//5025
f 839//5026 827//5027 828//5028
f 839//5029 828//5030 822//5031
f 822//5032 828//5033 829//5034
f 822//5035 829//5036 57//5037
f 57//5038 829//5039 56//5040
f 334//5041 332//5042 2//5043
f 61//5044 1//5045 62//5046
f 62//5047 1//5048 824//5049
f 1//5050 3//5051 824//5052
f 824//5053 3//5054 840//5055
f 840//5056 3//5057 2//5058
f 332//5059 840//5060 2//5061
f 36//5062 842//5063 39//5064
f 49//5065 19//5066 819//5067
f 819//5068 19//5069 20//5070
f 819//5071 20//5072 21//5073
f 819//5074 21//5075 841//5076
f 841//5077 21//5078 842//5079
f 842//5080 21//5081 830//5082
f 842//5083 830//5084 39//5085
f 841//5086 842//5087 36//5088
f 27//5089 820//5090 26//5091
f 843//5092 43//5093 42//5094
f 43//5095 843//5096 821//5097
f 821//5098 843//5099 844//5100
f 821//5101 844//5102 820//5103
f 820//5104 844//5105 26//5106
