# Blender 4.0.2
# www.blender.org
mtllib KneeRight.mtl
o KneeRight
v -0.020825 0.033799 0.004728
v -0.028763 0.036453 0.001928
v -0.221331 0.173014 0.002487
v -0.225920 0.177604 0.004922
v -0.224051 0.172127 0.000699
v -0.228679 0.173696 0.000014
v -0.220663 0.170458 0.001118
v -0.029435 0.033815 0.000281
v -0.023699 0.029741 0.000274
v -0.026112 0.034518 0.001865
v -0.027358 0.033187 0.015843
v -0.023460 0.030081 0.015938
v -0.029642 0.034608 0.015914
v -0.220672 0.170574 0.015304
v -0.223885 0.171324 0.016082
v -0.231797 0.169311 0.018857
v -0.225129 0.178755 0.011550
v -0.221548 0.173271 0.013973
v -0.026533 0.035386 0.014200
v -0.020695 0.033983 0.010576
v -0.028874 0.036441 0.014633
v -0.033341 0.016042 -0.002177
v -0.238399 0.159945 -0.001861
v -0.041204 0.013376 0.002336
v -0.038207 0.009158 0.003245
v -0.040972 0.015823 0.000301
v -0.044189 0.015152 0.001807
v -0.243040 0.153364 0.004298
v -0.234873 0.150399 0.001389
v -0.235632 0.153139 0.000300
v -0.238083 0.151201 0.002333
v -0.039616 0.007147 0.011086
v -0.243861 0.152196 0.008961
v -0.242830 0.153673 0.012302
v -0.044032 0.015518 0.014967
v -0.235787 0.149959 0.014385
v -0.239919 0.157784 0.016816
v -0.042452 0.016789 0.015357
v -0.035224 0.013387 0.016816
v -0.040447 0.013961 0.015505
v -0.041582 0.013247 0.013774
v -0.238094 0.151817 0.014583
v -0.235234 0.153026 0.016289
v -0.030424 0.020191 0.018783
v -0.029887 0.035601 0.013791
v -0.222304 0.169338 0.014742
v -0.225863 0.177714 0.011101
v -0.224199 0.172466 0.013967
v -0.229721 0.172239 0.015504
v -0.028666 0.032347 0.014889
v -0.027174 0.024786 0.017051
v -0.026902 0.034678 0.013092
v -0.220949 0.171442 0.013181
v -0.234282 0.151211 0.002488
v -0.042901 0.014242 0.003619
v -0.043093 0.016624 0.002336
v -0.040441 0.016493 0.001597
v -0.033641 0.015622 0.000122
v -0.037834 0.009688 0.004436
v -0.237559 0.151666 0.003518
v -0.239261 0.158702 0.000846
v -0.235277 0.153939 0.001598
v -0.024323 0.028874 0.001484
v -0.026874 0.033473 0.002692
v -0.029177 0.032579 0.001581
v -0.220779 0.170383 0.002743
v -0.030088 0.034946 0.002297
v -0.223492 0.169711 0.001611
v -0.231350 0.169938 0.000002
v -0.223532 0.172856 0.003018
v -0.021317 0.033102 0.005626
v -0.028085 0.035786 0.003606
v -0.237464 0.161271 0.016926
v -0.035010 0.013691 0.015254
v -0.038761 0.008363 0.010687
v -0.040486 0.016538 0.014918
v -0.234566 0.150793 0.013734
v -0.234829 0.153593 0.014892
v -0.043096 0.014420 0.012902
v -0.237845 0.152628 0.013481
v -0.015274 -0.019085 0.006804
v 0.008096 -0.023019 0.006821
v 0.012260 -0.021180 0.006849
v 0.024367 -0.006776 -0.003277
v 0.024165 -0.003684 0.006793
v 0.010614 0.022953 -0.003301
v 0.010562 0.026276 0.007050
v 0.020948 0.018975 0.007050
v -0.018073 -0.017703 -0.003282
v -0.021282 -0.018954 0.007050
v -0.010621 -0.022954 -0.003292
v -0.010745 -0.025255 0.007051
v 0.005969 -0.027632 0.007050
v 0.006322 -0.024498 -0.003271
v 0.014568 -0.020676 -0.003292
v 0.016601 -0.022188 0.007050
v 0.026906 -0.008655 0.007050
v 0.025190 0.002278 -0.003292
v 0.027244 0.003322 0.007051
v 0.015274 0.019085 0.006784
v 0.002084 0.023613 0.006512
v -0.007284 0.022547 0.006419
v -0.014477 0.018643 0.006395
v -0.020903 0.012015 0.006570
v -0.024127 -0.000338 0.006570
v -0.022121 -0.008756 0.006424
v -0.002187 -0.024030 0.006681
v 0.019225 -0.013977 0.006450
v 0.021905 0.010118 0.006614
v -0.030975 0.041991 0.008800
v -0.044465 0.014126 0.004614
v -0.048604 0.016959 0.004404
v -0.038451 0.008816 0.005124
v -0.041524 0.012268 0.004376
v -0.044112 0.016627 0.002635
v -0.030739 0.019893 -0.001894
v -0.041362 0.017180 0.001618
v -0.043765 0.023836 -0.000011
v -0.039589 0.014731 0.002049
v -0.042538 0.017308 0.014638
v -0.046367 0.020136 0.015062
v -0.040183 0.016217 0.014834
v -0.032881 0.016707 0.016602
v -0.039734 0.013648 0.013928
v -0.044909 0.015264 0.012615
v -0.042313 0.012455 0.011696
v -0.037916 0.009578 0.012290
v -0.049390 0.015864 0.009740
v -0.034736 0.036621 0.001291
v -0.028203 0.032193 0.001710
v -0.026863 0.025238 -0.000137
v -0.030841 0.035152 0.002131
v -0.026410 0.036134 0.004929
v -0.021791 0.032438 0.004108
v -0.028625 0.037138 0.004371
v -0.025639 0.033656 0.003243
v -0.028237 0.037153 0.011889
v -0.030476 0.035960 0.013869
v -0.036316 0.034391 0.016266
v -0.023862 0.029505 0.015000
v -0.030056 0.033199 0.014883
v -0.025487 0.035002 0.012123
v -0.020862 0.033743 0.009631
v -0.027163 0.032353 0.014454
v -0.003186 -0.021576 -0.005587
v -0.005751 -0.019711 -0.003911
v -0.005149 -0.014600 -0.003920
v -0.003644 -0.013474 -0.005650
v -0.020231 -0.008041 -0.005634
v -0.019959 -0.004871 -0.003878
v -0.015221 -0.002840 -0.003920
v -0.013490 -0.003582 -0.005650
v -0.017021 0.013640 -0.005631
v -0.014196 0.014849 -0.003879
v -0.010070 0.011760 -0.003920
v -0.009812 0.010566 -0.005619
v 0.003158 0.021573 -0.005591
v 0.005751 0.019711 -0.003911
v 0.005149 0.014600 -0.003920
v 0.003611 0.013531 -0.005668
v 0.019386 0.003979 -0.003994
v 0.020270 0.007949 -0.005585
v 0.014458 0.002972 -0.003920
v 0.013135 -0.014800 -0.003994
v 0.009801 -0.011032 -0.003920
v -0.032309 -0.016585 0.019063
v -0.036346 0.003621 0.006896
v -0.036901 -0.000760 0.019259
v -0.035416 0.009715 0.016442
v -0.032087 0.017997 0.019041
v -0.026119 0.025861 0.018664
v -0.016716 0.032473 0.004684
v -0.013626 0.033919 -0.002601
v -0.016750 0.032494 0.012167
v -0.011341 0.035124 0.019254
v -0.022940 0.028616 -0.000718
v -0.033759 -0.013837 -0.003403
v -0.034983 -0.014529 0.019250
v -0.036497 0.000584 -0.002586
v -0.006015 0.035673 -0.003476
v 0.001953 0.037830 0.019249
v 0.004781 0.035931 -0.003158
v 0.011307 0.034203 0.019024
v -0.025137 -0.020725 0.018990
v 0.011126 0.030631 0.018958
v -0.029931 -0.013170 0.019214
v -0.000164 0.032894 0.019185
v -0.014036 0.029538 0.019222
v -0.025399 0.020902 0.019188
v -0.031689 0.008076 0.019215
v -0.032539 -0.002748 0.019212
v -0.024231 -0.020666 0.015343
v -0.028426 -0.022153 0.019005
v -0.020636 -0.018954 0.013224
v 0.011318 0.029496 0.014882
v 0.010880 0.025792 0.013258
v 0.004923 0.036353 0.019008
v 0.002223 0.038084 -0.004355
v 0.001768 0.035975 -0.003456
v 0.000527 0.021731 -0.005656
v -0.019190 -0.010252 -0.005585
v -0.032136 -0.016506 -0.003406
v -0.034077 -0.017301 0.019250
v -0.034129 -0.017119 -0.004357
v -0.028899 0.022325 -0.003073
v -0.030720 0.019776 -0.003657
v -0.004669 -0.035007 0.013250
v -0.011076 -0.032018 -0.003373
v -0.011138 -0.031902 0.013250
v 0.027983 -0.021547 0.013250
v 0.022191 -0.025601 -0.003373
v 0.022059 -0.025597 0.013250
v 0.032835 0.013833 -0.004806
v 0.032690 0.013479 0.013250
v 0.033267 0.006417 -0.003373
v 0.033197 0.006305 0.013250
v -0.001565 -0.034786 -0.004033
v 0.002638 -0.015511 -0.003886
v -0.000755 -0.021745 -0.005611
v 0.002071 -0.020412 -0.003971
v 0.002809 -0.006232 -0.003861
v -0.028358 -0.022124 -0.002997
v -0.003992 -0.005549 -0.003861
v -0.012114 -0.010040 -0.003886
v -0.016639 -0.011999 -0.003971
v 0.018052 0.017714 -0.003277
v 0.012229 0.010234 -0.003905
v 0.019164 0.010362 -0.005604
v 0.016636 0.011988 -0.003998
v 0.003992 0.005549 -0.003861
v 0.029809 -0.019380 -0.004699
v 0.014751 -0.005471 -0.003887
v 0.018473 -0.011502 -0.005584
v 0.018712 -0.008411 -0.003971
v 0.006801 -0.000685 -0.003861
v 0.017080 -0.013535 -0.005610
v -0.034939 0.009493 -0.003422
v -0.018473 0.011499 -0.005591
v -0.018712 0.008411 -0.003971
v -0.014749 0.005475 -0.003897
v -0.006798 0.000685 -0.003867
v -0.002071 0.020412 -0.003971
v -0.002807 0.006229 -0.003867
v -0.002633 0.015511 -0.003897
v 0.027610 0.003353 0.013250
v 0.020948 0.018640 0.013250
v 0.016709 -0.022234 0.013250
v 0.026617 -0.008822 0.013250
v -0.010902 -0.025587 0.013250
v 0.005668 -0.027461 0.013250
v 0.000085 0.028056 0.013081
v -0.010300 0.025940 0.007050
v -0.013130 0.024803 0.013063
v -0.022924 0.016182 0.013256
v -0.022790 0.016077 0.007050
v -0.027893 0.001006 0.007050
v -0.028087 -0.002045 0.013242
v 0.017484 0.008225 0.003250
v 0.021076 0.008889 0.003249
v -0.015877 -0.005319 0.003250
v -0.004621 -0.008054 0.003100
v -0.014535 -0.008716 0.003250
v -0.021376 -0.008718 0.003250
v -0.017484 -0.008225 0.003250
v -0.013357 0.011653 0.003250
v -0.012949 0.008712 0.003250
v -0.021766 0.008561 0.003250
v -0.016321 0.010096 0.003250
v -0.007354 0.022265 0.003254
v -0.000396 0.016901 0.003250
v 0.006407 0.022023 0.003251
v 0.015456 0.016856 0.003250
v 0.022658 0.002040 0.003250
v 0.015877 0.005319 0.003250
v 0.020712 -0.010865 0.003250
v 0.016321 -0.010096 0.003250
v 0.005128 -0.022820 0.003250
v 0.013357 -0.011653 0.003250
v 0.001811 -0.009147 0.003131
v 0.012949 -0.008712 0.003250
v 0.000396 -0.016901 0.003250
v -0.002529 -0.018993 0.003250
v -0.011745 -0.019847 0.003246
v -0.003151 -0.016485 0.003250
v 0.014535 0.008716 0.003250
v 0.000644 0.009345 0.003155
v 0.003151 0.016485 0.003250
v 0.002529 0.018993 0.003250
v 0.008828 -0.002771 0.003011
v 0.006188 -0.006711 0.003049
v 0.008622 0.003298 0.003021
v -0.008827 0.002777 0.003012
v -0.005214 0.007579 0.002998
v -0.008622 -0.003298 0.003021
v 0.014729 0.005927 -0.005750
v 0.015200 0.009241 -0.005750
v 0.017635 0.006529 -0.005750
v -0.000458 0.017260 -0.005750
v 0.002743 0.018841 -0.005750
v 0.002999 0.016271 -0.005750
v -0.015877 0.008978 -0.005750
v -0.013943 0.012077 -0.005750
v -0.012888 0.008929 -0.005750
v -0.017635 -0.006529 -0.005750
v -0.014729 -0.005927 -0.005750
v -0.015200 -0.009241 -0.005750
v -0.002743 -0.018841 -0.005750
v -0.002999 -0.016271 -0.005750
v 0.000458 -0.017260 -0.005750
v 0.012888 -0.008929 -0.005750
v 0.015877 -0.008978 -0.005750
v 0.013943 -0.012077 -0.005750
v 0.015035 0.011816 -0.005637
v -0.012724 0.006069 -0.005690
v -0.012763 0.014353 -0.005636
v -0.015723 0.005696 -0.005644
v -0.018735 0.009088 -0.005632
v -0.005529 -0.005243 -0.005655
v -0.006801 0.001451 -0.005606
v -0.016903 -0.002915 -0.005698
v -0.007553 -0.000779 -0.005639
v -0.017239 -0.011680 -0.005632
v -0.012795 -0.010769 -0.005644
v -0.020084 -0.005582 -0.005607
v 0.003650 -0.005904 -0.005609
v 0.001767 -0.007424 -0.005652
v -0.005897 -0.015991 -0.005668
v 0.002927 -0.016465 -0.005647
v -0.005228 -0.020148 -0.005631
v 0.001486 -0.020778 -0.005636
v 0.013622 -0.014738 -0.005645
v 0.009808 -0.010464 -0.005617
v 0.012685 -0.005987 -0.005656
v 0.018730 -0.009091 -0.005644
v 0.016098 -0.005930 -0.005669
v 0.013971 0.003252 -0.005606
v 0.011524 0.008477 -0.005611
v 0.019594 0.004443 -0.005643
v -0.001159 0.013986 -0.005667
v -0.003093 0.018015 -0.005611
v 0.005874 0.015737 -0.005697
v 0.005216 0.020173 -0.005602
v 0.007561 0.000795 -0.005648
v 0.006799 -0.001452 -0.005609
v -0.004452 0.006145 -0.005655
v -0.002138 0.006615 -0.005614
v 0.005540 0.005245 -0.005649
v 0.003289 0.006114 -0.005625
v -0.003281 -0.006101 -0.005642
v 0.026235 0.021253 0.013250
v 0.026421 0.021198 -0.003323
v 0.005289 -0.033345 0.013250
v 0.005148 -0.033479 -0.003323
v 0.031523 -0.012093 0.013250
v 0.031568 -0.012281 -0.003323
v 0.029681 -0.019091 0.013250
v 0.031397 0.016168 0.013250
v -0.028994 0.020702 -0.004848
v -0.035136 -0.014856 -0.004356
v -0.001693 -0.035250 0.013250
v 0.004686 0.037896 -0.004342
v 0.031792 0.016134 -0.004699
v 0.028223 -0.021507 -0.004820
v -0.002269 -0.035584 -0.004957
v 0.011251 0.034157 -0.003187
v -0.022546 0.028310 -0.003342
v -0.034273 0.013706 -0.001410
v -0.004486 -0.035291 -0.004868
v -0.019449 0.035751 0.008515
v -0.040203 0.006329 0.007986
v -0.037138 0.010696 0.016159
v -0.022430 0.031538 0.000454
v -0.021688 0.032578 0.014807
v -0.037965 0.009503 0.001693
v -0.012853 -0.018874 0.006245
v 0.001562 -0.023337 0.006250
v 0.022930 0.002294 0.006252
v 0.017334 0.015446 0.006255
v -0.011614 -0.007988 -0.005686
v 0.001104 -0.014047 -0.005683
v 0.007853 0.004711 0.000004
v 0.001098 0.008949 -0.000001
v -0.006234 0.006661 0.000009
v -0.008946 -0.000323 0.000004
v -0.005756 -0.007155 -0.000001
v 0.003318 -0.008562 -0.000001
v 0.008551 -0.002764 0.000001
v 0.004652 0.007876 0.002832
v -0.042801 0.016346 0.008245
v -0.041641 0.019967 0.008372
v -0.038199 0.020539 0.008256
v -0.037490 0.017071 0.008083
v -0.040168 0.014831 0.008257
v -0.027182 0.031950 0.008396
v -0.030315 0.028772 0.008194
v -0.033349 0.031148 0.008265
v -0.029755 0.034838 0.008254
v -0.028829 -0.011966 0.014222
v -0.031833 -0.004504 0.015921
v -0.025204 0.020183 0.015908
v -0.014548 0.028798 0.016169
v -0.001667 0.031916 0.014996
v -0.030550 0.007237 0.014351
v -0.024477 0.017902 0.013790
v -0.262640 0.185768 0.013750
v -0.263654 0.189491 0.013275
v -0.256573 0.179199 0.013750
v -0.257821 0.184944 0.013750
v -0.262195 0.177850 0.013750
v -0.257177 0.189040 0.013250
v -0.254375 0.183381 0.013132
v -0.261985 0.181230 0.013750
v -0.267046 0.183047 0.013399
v -0.258448 0.185576 0.012750
v -0.260050 0.180987 0.012750
v -0.259017 0.177799 0.012750
v -0.263237 0.185241 0.012750
v -0.265458 0.179782 0.012750
v -0.264372 0.188890 0.003283
v -0.261543 0.186432 0.003750
v -0.258676 0.190070 0.003750
v -0.261701 0.177645 0.003318
v -0.258590 0.182016 0.003750
v -0.263157 0.182437 0.003750
v -0.258543 0.185370 0.003250
v -0.254569 0.184678 0.003750
v -0.256239 0.179525 0.003369
v -0.266712 0.182129 0.003344
v -0.254356 0.182848 0.002750
v -0.258748 0.181854 0.002750
v -0.263481 0.182956 0.002750
v -0.266391 0.186324 0.002750
v -0.261074 0.186514 0.002750
v -0.257511 0.189337 0.002750
v -0.230238 0.143753 0.010775
v -0.243250 0.153060 0.010897
v -0.237077 0.149697 0.011427
v -0.238861 0.159286 0.015955
v -0.236581 0.154325 0.014658
v -0.234475 0.153561 0.014827
v -0.233678 0.150600 0.013938
v -0.238778 0.152520 0.012965
v -0.213570 0.167381 0.012428
v -0.221034 0.169074 0.014448
v -0.217360 0.162002 0.016128
v -0.229433 0.172645 0.015851
v -0.224744 0.170949 0.014731
v -0.225155 0.178724 0.008299
v -0.221509 0.173549 0.011559
v -0.219807 0.171912 0.012145
v -0.223882 0.173696 0.013058
v -0.219743 0.171787 0.004278
v -0.212417 0.169011 0.006936
v -0.221693 0.173886 0.004981
v -0.216664 0.162994 0.000456
v -0.223856 0.169660 0.001564
v -0.228492 0.173980 0.001660
v -0.220646 0.169444 0.002334
v -0.224779 0.172532 0.002430
v -0.226738 0.148713 0.001087
v -0.233960 0.152835 0.001696
v -0.229893 0.144241 0.005371
v -0.234031 0.149963 0.003056
v -0.242972 0.153457 0.005332
v -0.237282 0.149934 0.004985
v -0.238659 0.151545 0.004303
v -0.236128 0.154315 0.001727
v -0.238146 0.153585 0.002646
v -0.238583 0.159677 -0.000001
v -0.225377 0.150640 0.016291
v -0.256216 0.187599 0.010750
v -0.255958 0.181526 0.012750
v -0.257006 0.180388 0.010750
v -0.263354 0.179591 0.012750
v -0.263808 0.179911 0.010750
v -0.265360 0.185273 0.012750
v -0.266512 0.184511 0.010750
v -0.261944 0.188781 0.010750
v -0.259693 0.189058 0.012750
v -0.246302 0.184477 0.005733
v -0.247724 0.189928 0.003747
v -0.260731 0.169778 0.012752
v -0.251276 0.194833 0.012750
v -0.256115 0.197572 0.003750
v -0.260078 0.197950 0.012750
v -0.268628 0.195916 0.003750
v -0.270838 0.194480 0.012750
v -0.274637 0.186574 0.003750
v -0.274832 0.182551 0.012750
v -0.272592 0.175758 0.003750
v -0.269752 0.172672 0.012750
v -0.256469 0.186389 0.003750
v -0.265356 0.184766 0.003750
v -0.261944 0.188781 0.003750
v -0.263808 0.179911 0.003750
v -0.257006 0.180388 0.003750
v -0.260845 0.169955 0.003883
v -0.254627 0.170311 0.004172
v -0.246616 0.184371 0.012712
v -0.238960 0.177118 0.012899
v -0.246240 0.182287 0.012683
v -0.227588 0.180575 0.011926
v -0.224945 0.179002 0.012006
v -0.228854 0.173468 0.017330
v -0.244909 0.150703 0.008279
v -0.247051 0.152927 0.008210
v -0.246308 0.153561 0.011918
v -0.241848 0.155051 0.015929
v -0.244593 0.156554 0.015162
v -0.235677 0.163800 0.018902
v -0.226833 0.181423 0.008708
v -0.224648 0.179432 0.005200
v -0.231300 0.170001 -0.002531
v -0.241755 0.155179 0.000407
v -0.238332 0.177950 0.012425
v -0.238455 0.177948 0.004161
v -0.246001 0.182595 0.004061
v -0.246783 0.155027 0.005059
v -0.248041 0.165232 0.004241
v -0.248547 0.161090 0.004366
v -0.254531 0.170501 0.012444
v -0.228602 0.180687 0.005320
v -0.246151 0.184130 0.011551
v -0.256482 0.170148 0.005960
v -0.258048 0.188012 0.005750
v -0.255958 0.181526 0.005750
v -0.263354 0.179591 0.005750
v -0.265360 0.185273 0.005750
v -0.258820 0.189988 0.005750
v -0.228737 0.180462 0.011438
v -0.240594 0.162303 0.018129
v -0.233989 0.171226 0.018454
v -0.229110 0.178209 0.014998
v -0.227813 0.180169 0.003564
v -0.246856 0.154781 0.011234
v -0.232154 0.174020 -0.001021
v -0.238817 0.164594 -0.002191
v -0.243447 0.158054 0.000330
v -0.246043 0.154183 0.003643
v -0.239343 0.176726 0.003592
v -0.234222 0.178976 0.004065
v -0.246744 0.166043 0.003590
v -0.246791 0.165731 0.012908
v -0.247962 0.165150 0.012378
v -0.256411 0.170148 0.010767
v -0.262425 0.190454 0.010750
v -0.255047 0.179649 0.010750
v -0.264316 0.178139 0.010750
v -0.254265 0.185530 0.005750
v -0.266543 0.187759 0.005750
v -0.264857 0.178521 0.005750
v -0.256500 0.178507 0.005750
v -0.224736 0.171535 0.008222
v -0.221776 0.170322 0.008227
v -0.222736 0.166166 0.008326
v -0.227389 0.167292 0.008239
v -0.234160 0.151664 0.008305
v -0.236984 0.154170 0.008277
v -0.235247 0.157273 0.008254
v -0.231904 0.157371 0.008231
v -0.231479 0.154213 0.008234
vn 0.9259 0.1272 -0.3557
vn -0.0540 -0.0287 -0.9981
vn 0.0503 -0.1883 -0.9808
vn -0.3824 0.3982 -0.8338
vn -0.3596 0.2771 -0.8910
vn 0.2114 -0.1407 -0.9672
vn 0.2199 -0.1321 -0.9665
vn 0.9082 -0.0379 -0.4168
vn 0.9137 0.1518 -0.3770
vn 0.6420 -0.0646 -0.7639
vn -0.3880 0.7092 -0.5887
vn -0.2099 0.9289 -0.3052
vn 0.5449 -0.0813 -0.8346
vn -0.2238 0.9228 -0.3136
vn 0.5143 -0.0786 -0.8540
vn 0.8360 0.0220 -0.5484
vn 0.8618 0.1460 -0.4858
vn 0.2116 0.9184 -0.3342
vn -0.4649 0.6733 -0.5749
vn -0.3700 0.6627 -0.6511
vn 0.4718 0.8409 -0.2649
vn 0.8128 0.5332 -0.2346
vn 0.4939 0.8410 -0.2208
vn 0.3035 0.9295 -0.2097
vn -0.1512 0.9102 -0.3855
vn 0.8113 0.0468 -0.5827
vn -0.1121 0.9142 -0.3894
vn 0.7151 -0.2068 -0.6677
vn -0.1760 0.8030 -0.5693
vn 0.9239 0.0299 -0.3815
vn -0.3428 0.6762 0.6521
vn -0.3085 0.7132 0.6294
vn 0.6777 -0.1690 0.7157
vn 0.8027 -0.0187 0.5961
vn 0.3813 0.8552 0.3512
vn 0.5772 0.7505 0.3220
vn 0.8593 0.0853 0.5043
vn 0.8239 -0.0110 0.5666
vn -0.3559 0.3657 0.8600
vn -0.3421 0.2786 0.8974
vn -0.3871 0.4140 0.8239
vn 0.6973 0.6305 0.3411
vn 0.5004 0.5779 0.6447
vn -0.5330 0.3640 0.7638
vn -0.5346 0.4315 0.7267
vn 0.7249 -0.1547 0.6713
vn 0.1362 0.9399 0.3131
vn 0.3196 0.9116 0.2586
vn -0.5148 0.5933 0.6189
vn 0.7742 0.1330 0.6188
vn -0.2612 0.8849 0.3857
vn -0.0444 0.9508 0.3067
vn 0.6166 -0.1118 0.7793
vn 0.5849 -0.1434 0.7983
vn 0.1770 0.1079 0.9783
vn 0.9482 0.2356 0.2130
vn 0.3036 -0.0347 0.9522
vn 0.9521 0.0538 0.3011
vn -0.2975 0.3854 0.8735
vn 0.7746 -0.1618 0.6113
vn 0.5225 0.7649 -0.3766
vn -0.4171 0.5958 -0.6863
vn 0.7031 -0.1907 -0.6850
vn -0.4323 0.5640 -0.7036
vn 0.6717 -0.2297 -0.7043
vn 0.5608 -0.3851 -0.7330
vn -0.4493 0.5434 -0.7092
vn 0.5429 -0.4068 -0.7347
vn -0.5617 0.3871 -0.7312
vn 0.1785 -0.8050 -0.5659
vn -0.8156 0.0895 -0.5717
vn 0.3530 -0.5162 -0.7803
vn 0.4751 -0.4416 -0.7611
vn -0.8219 -0.3897 -0.4155
vn -0.8330 -0.4109 -0.3704
vn 0.4375 -0.4923 -0.7525
vn -0.3414 -0.8953 -0.2860
vn 0.3517 -0.6810 -0.6423
vn -0.0698 -0.9363 -0.3443
vn 0.0594 -0.9181 -0.3918
vn -0.7512 0.1144 -0.6501
vn 0.2249 -0.8395 -0.4946
vn -0.2043 0.2306 -0.9514
vn -0.3573 0.2402 -0.9026
vn -0.4513 0.2212 -0.8645
vn 0.1415 -0.0556 -0.9884
vn 0.2056 -0.8617 -0.4639
vn 0.5206 -0.5881 -0.6189
vn 0.4757 0.4825 -0.7354
vn 0.3804 0.5458 -0.7466
vn 0.2253 -0.8210 -0.5246
vn -0.8765 -0.2956 -0.3800
vn -0.8371 -0.4334 -0.3338
vn -0.7583 0.1318 -0.6384
vn -0.7164 -0.6392 -0.2798
vn -0.6277 0.2343 -0.7423
vn 0.0740 -0.8908 -0.4483
vn 0.1067 -0.8633 -0.4934
vn -0.5128 0.2943 -0.8065
vn -0.7034 0.2618 -0.6608
vn 0.0257 -0.8531 -0.5211
vn -0.9055 0.0335 -0.4230
vn -0.3044 -0.0720 -0.9498
vn 0.1529 -0.9399 -0.3052
vn -0.9491 -0.2063 -0.2381
vn -0.9187 -0.1452 -0.3672
vn 0.1708 -0.9146 -0.3665
vn 0.0934 -0.9954 -0.0207
vn -0.9198 -0.1468 -0.3638
vn 0.0914 -0.9957 -0.0123
vn -0.9698 -0.2432 -0.0205
vn -0.9603 -0.2189 0.1730
vn 0.2101 -0.8588 0.4673
vn -0.8792 -0.0757 0.4704
vn -0.7822 0.0423 0.6216
vn -0.8732 -0.1692 0.4570
vn -0.8285 -0.0346 0.5590
vn -0.5994 -0.5412 0.5898
vn 0.3029 -0.6927 0.6546
vn 0.2315 -0.7417 0.6294
vn 0.4077 -0.3995 0.8211
vn -0.6898 -0.5577 0.4616
vn -0.7421 -0.4974 0.4494
vn 0.4063 -0.6788 0.6116
vn -0.7295 0.0333 0.6832
vn 0.1735 -0.9092 0.3784
vn -0.3199 -0.9343 0.1572
vn -0.7068 0.2841 0.6479
vn -0.6784 0.2744 0.6815
vn 0.3425 -0.7425 0.5757
vn 0.1431 -0.8755 0.4616
vn 0.2929 0.0090 0.9561
vn -0.9256 -0.1603 0.3429
vn -0.0986 -0.4332 0.8959
vn 0.0246 -0.5220 0.8526
vn 0.1501 -0.9398 0.3070
vn -0.2179 -0.1920 0.9569
vn -0.9514 -0.1927 0.2403
vn -0.9560 -0.2575 0.1405
vn -0.2050 -0.1527 0.9668
vn -0.1083 -0.2251 0.9683
vn 0.1333 -0.7804 0.6109
vn -0.8073 0.1865 0.5598
vn -0.9374 -0.0173 0.3478
vn 0.1618 -0.8552 0.4923
vn 0.1482 -0.8702 0.4699
vn -0.7330 0.1289 0.6678
vn -0.7109 -0.7013 -0.0525
vn -0.4252 -0.9039 -0.0471
vn 0.2653 -0.8084 0.5255
vn -0.6635 -0.6700 0.3331
vn 0.4052 -0.6073 0.6834
vn -0.7185 0.1644 0.6758
vn -0.7098 0.1745 0.6824
vn 0.4050 -0.6077 0.6832
vn 0.5115 -0.4546 0.7292
vn -0.6759 0.2265 0.7013
vn 0.5434 -0.4072 0.7341
vn -0.5623 0.3857 0.7315
vn -0.5034 0.4617 0.7304
vn 0.6013 -0.3342 0.7258
vn 0.7101 -0.1819 0.6802
vn -0.4797 0.4220 0.7693
vn -0.3911 0.6301 0.6709
vn 0.1499 0.9182 0.3666
vn -0.1670 0.2523 0.9531
vn 0.2986 -0.0755 0.9514
vn 0.9432 0.1913 0.2717
vn -0.2649 0.1011 0.9590
vn -0.2508 0.8184 0.5170
vn -0.1738 0.8962 0.4082
vn -0.1086 0.9818 0.1556
vn 0.9634 0.2226 0.1495
vn 0.9551 0.2089 -0.2103
vn -0.1051 0.9941 0.0269
vn 0.9276 0.1760 -0.3296
vn -0.1516 0.9343 -0.3227
vn -0.1261 0.9734 -0.1910
vn 0.9576 0.2164 -0.1901
vn -0.0389 0.3712 -0.9277
vn -0.9138 0.0641 -0.4011
vn -0.4664 -0.8591 -0.2107
vn -0.3697 -0.8868 -0.2773
vn -0.8162 0.0582 -0.5749
vn 0.3209 -0.8387 -0.4401
vn -0.7388 0.1183 -0.6635
vn -0.8111 0.1060 -0.5753
vn 0.2896 0.0151 -0.9570
vn 0.2660 0.0458 -0.9629
vn 0.1411 0.2267 -0.9637
vn 0.4193 -0.5108 -0.7505
vn -0.7245 0.2481 -0.6431
vn 0.3893 -0.2572 -0.8845
vn 0.3464 -0.1197 -0.9304
vn -0.7492 0.2129 -0.6272
vn 0.3646 -0.6418 -0.6746
vn -0.8257 0.1444 -0.5453
vn 0.3535 -0.7059 -0.6138
vn 0.4494 -0.4618 -0.7648
vn -0.8472 0.1110 -0.5196
vn -0.8850 0.0046 -0.4655
vn -0.8425 -0.0350 -0.5376
vn -0.2903 -0.9321 -0.2164
vn -0.7331 0.1188 -0.6697
vn -0.2859 -0.9245 -0.2521
vn -0.7747 -0.5799 -0.2520
vn -0.4436 -0.8876 -0.1239
vn -0.4401 0.3833 0.8121
vn 0.8843 0.3029 0.3554
vn 0.8782 0.1602 0.4506
vn 0.7812 -0.0635 0.6210
vn -0.3559 0.1068 0.9284
vn -0.3977 0.2459 0.8839
vn -0.3435 -0.0570 0.9374
vn 0.3407 -0.3046 0.8895
vn 0.1900 -0.3049 0.9333
vn 0.1725 0.9620 -0.2119
vn 0.2770 0.9154 -0.2919
vn 0.9997 0.0107 0.0211
vn -0.4784 0.1814 0.8592
vn -0.4642 0.2820 0.8396
vn 0.8706 -0.0201 0.4915
vn 0.7276 0.0082 0.6859
vn -0.6051 0.4909 0.6268
vn 0.8132 0.1174 0.5700
vn 0.5539 0.8261 0.1037
vn -0.1906 0.8615 0.4706
vn 0.9190 -0.0082 0.3942
vn 0.0998 0.9363 0.3368
vn 0.2591 0.9277 0.2689
vn 0.8898 -0.0515 0.4534
vn -0.3914 0.8162 0.4250
vn 0.6976 -0.1107 0.7079
vn -0.4944 0.6706 0.5530
vn 0.6964 -0.1969 0.6901
vn 0.6327 -0.2363 0.7375
vn -0.2641 0.8332 0.4858
vn 0.5916 -0.3387 0.7316
vn -0.6305 0.1923 0.7520
vn -0.5732 0.2217 0.7888
vn -0.6579 0.1960 0.7271
vn 0.3627 -0.0782 0.9286
vn 0.4213 -0.2322 0.8767
vn 0.2726 0.0667 0.9598
vn -0.4676 0.2871 0.8360
vn -0.3319 0.3012 0.8939
vn -0.8069 0.0910 0.5836
vn 0.4447 -0.2377 0.8636
vn 0.4582 -0.3187 0.8298
vn -0.7309 0.1387 0.6682
vn 0.4587 -0.5960 0.6591
vn -0.7804 0.1036 0.6166
vn -0.8667 -0.4092 0.2854
vn 0.1739 -0.8669 0.4672
vn 0.0922 -0.9129 0.3976
vn -0.8660 -0.4124 0.2826
vn -0.3706 -0.9247 0.0875
vn 0.2949 -0.9081 0.2973
vn 0.3277 -0.8875 0.3241
vn -0.8268 -0.5320 0.1827
vn -0.8701 -0.4316 0.2380
vn 0.2570 -0.8617 0.4375
vn -0.8471 0.0818 0.5251
vn 0.3180 -0.7536 0.5753
vn 0.3408 -0.0345 -0.9395
vn 0.3410 -0.7544 -0.5608
vn 0.4521 -0.6351 -0.6263
vn -0.6890 0.2921 -0.6633
vn 0.6129 -0.4055 -0.6782
vn -0.5996 0.4184 -0.6822
vn -0.6034 0.4197 -0.6781
vn 0.6095 -0.4051 -0.6815
vn 0.7009 -0.2766 -0.6574
vn 0.9114 -0.1786 -0.3707
vn 0.5136 0.7931 0.3274
vn 0.4269 0.8657 0.2615
vn 0.8189 0.0656 -0.5702
vn -0.4529 0.7601 -0.4660
vn 0.7220 -0.0282 -0.6913
vn -0.4682 0.4365 -0.7683
vn -0.4843 0.3814 -0.7874
vn 0.7280 -0.2839 -0.6240
vn 0.5423 0.8074 -0.2327
vn 0.3842 0.8798 -0.2800
vn 0.7033 -0.2795 -0.6536
vn 0.7543 -0.2072 -0.6230
vn -0.4257 0.3500 -0.8345
vn -0.3937 0.2189 -0.8928
vn 0.5874 0.7957 -0.1476
vn 0.7310 -0.2384 -0.6394
vn -0.1382 -0.2148 -0.9668
vn 0.4519 0.8158 -0.3609
vn -0.2425 -0.3884 -0.8890
vn -0.4870 0.5820 -0.6512
vn -0.2372 -0.8752 -0.4217
vn -0.0797 -0.8891 -0.4506
vn -0.6782 0.3252 -0.6590
vn -0.3047 0.8789 -0.3671
vn 0.8948 0.0915 -0.4370
vn 0.9291 0.2027 -0.3093
vn 0.3091 -0.3413 -0.8877
vn 0.3692 -0.3340 -0.8673
vn -0.1277 0.8795 -0.4584
vn -0.4451 0.6454 -0.6208
vn -0.2499 -0.0856 -0.9645
vn -0.3392 0.7598 -0.5547
vn -0.4287 0.6907 -0.5824
vn 0.4553 -0.3330 -0.8257
vn -0.3767 0.7798 -0.5000
vn 0.6529 0.7444 -0.1399
vn 0.8101 -0.1400 -0.5693
vn -0.3504 0.8111 -0.4684
vn -0.3232 0.8455 -0.4251
vn 0.9891 0.0616 -0.1335
vn -0.2762 0.9506 -0.1417
vn 0.9883 0.0312 0.1491
vn 0.9970 0.0759 -0.0118
vn 0.9544 0.0450 0.2950
vn -0.2708 0.9625 0.0156
vn -0.2812 0.9400 0.1933
vn -0.2925 0.9008 0.3209
vn -0.4633 0.6622 0.5889
vn 0.8055 -0.1681 0.5682
vn 0.3312 0.8152 0.4752
vn -0.2811 0.0284 0.9593
vn 0.0799 -0.2471 0.9657
vn 0.6844 -0.2901 0.6689
vn -0.2088 -0.0534 0.9765
vn -0.4413 0.6568 0.6115
vn -0.5300 0.4643 0.7096
vn -0.5265 0.5247 0.6689
vn 0.5647 -0.4689 0.6791
vn -0.6117 0.4032 0.6806
vn -0.5775 0.4543 0.6784
vn 0.6018 -0.4147 0.6825
vn 0.5163 -0.5369 0.6673
vn -0.7241 0.2476 0.6437
vn 0.5448 -0.4501 0.7075
vn 0.1798 0.1490 0.9724
vn -0.7477 0.2164 0.6278
vn -0.6386 0.0944 0.7637
vn -0.0626 0.3124 0.9479
vn -0.7803 -0.1293 -0.6119
vn -0.6495 -0.7209 -0.2418
vn -0.9418 -0.0303 -0.3348
vn -0.3932 -0.8721 -0.2913
vn -0.9217 0.0163 -0.3876
vn 0.3595 -0.8306 -0.4253
vn -0.9976 -0.0690 0.0051
vn -0.9872 -0.0798 -0.1379
vn -0.9834 -0.0661 0.1689
vn 0.2506 -0.9680 -0.0094
vn 0.2900 -0.9465 0.1418
vn 0.2942 -0.9109 0.2894
vn 0.3482 -0.8333 0.4295
vn -0.8727 0.1101 0.4756
vn -0.6717 -0.6786 0.2972
vn 0.3272 -0.8648 0.3809
vn -0.5859 -0.7870 0.1932
vn -0.7047 -0.6512 0.2815
vn -0.7704 0.1775 -0.6123
vn -0.2617 0.8120 0.5216
vn -0.7225 0.2474 -0.6456
vn -0.6276 0.3714 -0.6843
vn -0.6044 0.3380 0.7214
vn -0.8692 0.0547 -0.4915
vn -0.9086 0.0146 -0.4174
vn -0.4083 0.6031 0.6853
vn -0.1735 0.9186 0.3550
vn -0.9853 -0.0723 -0.1550
vn -0.1277 0.9591 0.2525
vn -0.9864 -0.0662 0.1503
vn -0.7273 0.2705 0.6308
vn -0.5257 0.4230 -0.7380
vn -0.7145 0.2651 0.6475
vn -0.4531 0.6546 0.6052
vn -0.4181 0.5556 -0.7187
vn -0.7516 0.0897 -0.6535
vn -0.4331 0.6540 0.6202
vn -0.9058 -0.1010 -0.4116
vn -0.4626 0.6152 0.6383
vn -0.5487 0.4937 0.6746
vn -0.5791 0.3681 -0.7274
vn -0.3660 0.7824 0.5039
vn -0.2744 0.8906 -0.3626
vn -0.8977 -0.1142 0.4255
vn -0.9055 -0.1061 0.4109
vn -0.7389 0.2289 -0.6338
vn -0.6917 0.1966 0.6949
vn -0.3734 0.6475 0.6643
vn 0.5835 -0.4426 0.6810
vn 0.5479 -0.4068 -0.7310
vn 0.5321 -0.5182 0.6695
vn 0.4730 -0.5952 0.6496
vn 0.5496 -0.4117 -0.7269
vn 0.7498 -0.1268 -0.6494
vn 0.3830 -0.7484 0.5415
vn 0.8107 -0.0245 -0.5850
vn 0.3245 -0.8626 0.3881
vn 0.3260 -0.8670 0.3769
vn 0.7665 -0.0796 -0.6372
vn 0.9056 0.1389 -0.4007
vn 0.2984 -0.9063 0.2994
vn 0.9067 0.1408 -0.3976
vn 0.2507 -0.9680 0.0067
vn 0.4668 -0.6478 -0.6021
vn 0.6396 -0.2539 0.7256
vn 0.4687 -0.6164 -0.6327
vn 0.7036 -0.3054 -0.6417
vn 0.7177 -0.1267 0.6847
vn 0.4010 -0.5807 0.7085
vn 0.7648 -0.1908 -0.6154
vn 0.3428 -0.6923 0.6350
vn 0.7037 -0.2802 -0.6529
vn 0.7185 -0.2573 -0.6462
vn 0.5191 -0.4444 0.7301
vn 0.4003 -0.6143 0.6800
vn 0.7634 -0.1934 -0.6163
vn 0.4000 -0.6148 0.6797
vn 0.8912 -0.0414 -0.4516
vn 0.9355 0.0232 -0.3526
vn 0.3751 -0.6520 0.6590
vn 0.1583 -0.9409 0.2995
vn 0.9950 0.0705 -0.0702
vn 0.1079 -0.9790 0.1729
vn 0.9590 0.0486 0.2791
vn 0.9526 0.0392 0.3017
vn 0.0962 -0.9952 0.0195
vn 0.1853 -0.8961 -0.4033
vn 0.8888 -0.0525 0.4552
vn 0.2062 -0.8652 -0.4571
vn 0.7535 -0.2134 0.6218
vn 0.7263 -0.2507 0.6401
vn 0.2242 -0.8409 -0.4926
vn 0.4415 -0.5551 -0.7049
vn 0.3028 0.4348 0.8481
vn 0.8005 0.3067 -0.5148
vn 0.7534 0.3860 -0.5323
vn 0.6674 -0.7131 0.2146
vn -0.2992 -0.4004 -0.8661
vn 0.7615 -0.6389 0.1092
vn 0.3103 0.5561 0.7710
vn -0.1736 -0.8417 0.5112
vn -0.1394 -0.8305 0.5394
vn -0.7380 0.1758 0.6515
vn -0.5569 -0.5274 -0.6417
vn -0.7034 0.0489 0.7091
vn 0.0817 0.6814 0.7274
vn -0.8922 0.3206 -0.3182
vn -0.8903 0.3062 -0.3371
vn 0.1442 0.9731 -0.1798
vn -0.0287 -0.2113 -0.9770
vn 0.0465 0.9849 -0.1667
vn 0.3016 -0.8687 0.3929
vn 0.1073 -0.3814 -0.9182
vn 0.3554 -0.8445 0.4006
vn 0.5384 -0.6419 0.5459
vn 0.3478 -0.4156 -0.8404
vn 0.3562 -0.4182 -0.8356
vn -0.8307 0.2269 0.5084
vn -0.4785 0.1344 -0.8677
vn -0.4942 0.1226 -0.8607
vn -0.9533 0.2643 0.1460
vn -0.0514 0.1556 -0.9865
vn -0.9725 0.1934 0.1296
vn 0.0704 -0.4028 0.9126
vn 0.4142 0.8639 0.2867
vn 0.3448 0.8847 0.3136
vn 0.2379 -0.1074 0.9653
vn 0.0761 0.9857 0.1506
vn 0.2716 -0.1291 0.9537
vn 0.6611 -0.6671 -0.3433
vn -0.5321 -0.6354 0.5596
vn 0.5330 -0.7218 -0.4414
vn 0.3801 0.2570 -0.8885
vn 0.8936 -0.1045 0.4366
vn 0.8962 -0.1710 0.4094
vn 0.3442 0.9065 0.2445
vn -0.1834 -0.2699 0.9453
vn 0.4032 0.8684 0.2885
vn 0.3139 0.7858 -0.5329
vn -0.4910 0.5745 0.6549
vn -0.4509 0.5979 0.6627
vn -0.6426 0.2185 -0.7344
vn -0.6361 -0.5173 0.5725
vn -0.6805 0.3036 -0.6669
vn 0.2094 0.6317 -0.7464
vn -0.5142 -0.6916 -0.5073
vn -0.5697 -0.6054 -0.5559
vn 0.2545 -0.8681 -0.4262
vn 0.8817 0.0294 0.4708
vn 0.1773 -0.9077 -0.3802
vn -0.0280 -0.9558 -0.2926
vn 0.8288 -0.1643 0.5349
vn 0.8243 -0.1755 0.5382
vn -0.1498 0.3169 -0.9366
vn 0.0191 0.9351 0.3539
vn -0.1002 0.2858 -0.9530
vn 0.0013 0.1134 -0.9935
vn 0.0819 0.9783 0.1904
vn 0.1014 0.9743 0.2011
vn -0.9109 -0.2816 -0.3017
vn -0.2841 -0.0819 0.9553
vn -0.9156 -0.2387 -0.3236
vn -0.8936 -0.0998 -0.4377
vn -0.4098 0.0195 0.9120
vn -0.4233 0.0440 0.9049
vn -0.2058 -0.3499 -0.9139
vn -0.6471 -0.6578 0.3854
vn -0.2219 -0.4319 -0.8742
vn 0.2928 -0.9466 0.1349
vn 0.1783 -0.9821 0.0601
vn 0.7569 0.1917 -0.6248
vn 0.9917 -0.0645 -0.1110
vn -0.0261 -0.6109 0.7912
vn 0.9681 -0.1569 -0.1955
vn 0.6882 0.3126 -0.6548
vn 0.6152 0.0979 0.7823
vn 0.6229 0.0522 0.7806
vn -0.1723 0.9823 -0.0734
vn -0.5200 -0.1039 0.8478
vn -0.0772 0.9970 0.0042
vn 0.1285 0.9917 0.0031
vn -0.5694 0.0879 0.8173
vn -0.6226 0.0755 0.7789
vn 0.1264 0.0734 -0.9893
vn -0.9386 -0.3396 -0.0612
vn -0.9367 -0.3416 -0.0772
vn 0.2047 -0.9033 -0.3770
vn 0.1399 -0.3287 0.9340
vn 0.1316 -0.3257 0.9363
vn 0.2969 -0.9533 -0.0561
vn 0.2368 0.0790 0.9683
vn 0.1850 -0.9827 0.0043
vn -0.0460 -0.2799 -0.9589
vn 0.9982 0.0555 0.0234
vn 0.9987 -0.0298 0.0415
vn 0.2962 0.5971 -0.7454
vn 0.3661 0.5644 0.7399
vn 0.4645 0.5026 -0.7291
vn -0.4585 0.2498 0.8529
vn -0.4495 0.2987 0.8419
vn -0.8069 0.1054 -0.5812
vn 0.5073 0.3628 0.7817
vn 0.7924 0.0545 -0.6076
vn 0.7489 0.1580 -0.6436
vn 0.8749 -0.2695 0.4024
vn 0.2738 -0.2943 -0.9156
vn 0.9116 -0.1986 0.3598
vn 0.0941 0.0137 0.9955
vn -0.1125 -0.9934 -0.0227
vn 0.0646 0.1061 0.9923
vn 0.0604 0.1950 0.9789
vn -0.2729 -0.9608 0.0480
vn -0.2455 -0.9611 0.1268
vn -0.8609 0.3306 -0.3868
vn -0.0892 0.5627 0.8219
vn -0.8124 0.3805 -0.4418
vn -0.6195 0.3869 -0.6831
vn -0.4587 0.5020 0.7332
vn -0.4549 0.5531 0.6979
vn 0.5165 0.8562 -0.0083
vn -0.0629 -0.0641 -0.9960
vn 0.5115 0.8587 -0.0300
vn 0.6783 0.3312 0.6560
vn 0.3076 0.5782 -0.7556
vn 0.5679 0.4539 0.6866
vn -0.3351 -0.5605 0.7573
vn 0.9176 -0.3976 0.0020
vn 0.9476 -0.3113 0.0721
vn -0.8013 -0.5001 -0.3283
vn 0.3346 0.1932 -0.9224
vn -0.7124 -0.6191 -0.3304
vn -0.2486 -0.2742 0.9290
vn -0.8750 0.4544 -0.1667
vn -0.9221 0.3160 -0.2232
vn -0.5257 -0.8489 -0.0546
vn -0.6270 -0.7773 -0.0509
vn -0.2282 -0.6182 0.7521
vn 0.5256 0.8489 -0.0549
vn 0.6270 0.7774 -0.0511
vn 0.2289 0.6180 0.7521
vn 0.4752 -0.8788 -0.0440
vn 0.3613 -0.9316 -0.0405
vn 0.3564 -0.5402 0.7624
vn 0.2982 -0.5780 0.7596
vn 0.3551 -0.9329 -0.0599
vn 0.1300 -0.6396 0.7576
vn 0.9980 -0.0312 -0.0547
vn 0.9866 -0.1547 -0.0510
vn 0.6496 0.1105 0.7522
vn 0.8002 0.5435 -0.2538
vn 0.6944 0.2811 0.6624
vn 0.6598 0.4155 0.6262
vn -0.0597 0.7532 0.6551
vn 0.0248 0.9768 -0.2128
vn 0.1207 0.7032 0.7007
vn 0.0493 -0.7533 0.6558
vn -0.0252 -0.9767 -0.2130
vn -0.1249 -0.7030 0.7001
vn -0.7740 -0.5923 -0.2238
vn -0.6742 -0.2879 0.6801
vn -0.6230 -0.4361 0.6494
vn 0.6971 -0.2768 0.6614
vn 0.8517 -0.4871 -0.1934
vn 0.6319 -0.3534 0.6898
vn -0.2185 -0.9584 -0.1835
vn -0.2486 -0.6935 0.6762
vn -0.0365 -0.6937 0.7193
vn 0.6227 0.4277 0.6553
vn 0.8583 0.4671 -0.2127
vn 0.6697 0.2463 0.7006
vn 0.8999 -0.3742 -0.2238
vn 0.5861 -0.4407 0.6799
vn 0.6889 -0.3223 0.6493
vn -0.8633 -0.1288 -0.4879
vn 0.3364 -0.6162 -0.7121
vn 0.3183 -0.6009 -0.7332
vn -0.6421 -0.6266 -0.4417
vn -0.5795 -0.6824 -0.4456
vn -0.8677 -0.1203 -0.4823
vn -0.5554 0.3197 -0.7677
vn -0.0881 -0.8571 -0.5075
vn -0.0056 -0.8626 -0.5058
vn -0.7194 0.3002 -0.6264
vn 0.0725 -0.7972 -0.5993
vn -0.8875 0.0204 -0.4604
vn -0.7043 0.0962 -0.7034
vn -0.2288 0.3030 -0.9251
vn -0.6869 0.1110 -0.7182
vn -0.2882 0.3057 -0.9075
vn -0.7290 -0.1565 -0.6664
vn -0.7829 -0.1427 -0.6056
vn -0.8637 -0.1458 0.4825
vn -0.2760 -0.9423 0.1895
vn -0.4627 -0.8657 0.1911
vn -0.7801 -0.2865 0.5562
vn -0.4929 0.2978 0.8176
vn -0.8025 -0.0660 0.5929
vn -0.7880 -0.3544 0.5035
vn -0.7970 0.1156 0.5928
vn -0.7502 -0.4313 0.5012
vn 0.2070 -0.8422 0.4979
vn 0.1881 -0.8565 0.4806
vn -0.6344 0.1473 0.7588
vn -0.0156 -0.2735 0.9618
vn 0.0332 -0.2758 0.9606
vn -0.9414 -0.2698 0.2022
vn -0.9520 -0.1015 0.2889
vn 0.2133 -0.5109 0.8328
vn -0.7497 0.1816 0.6364
vn -0.6359 0.1658 0.7537
vn -0.6851 0.1488 0.7131
vn -0.9205 0.0314 0.3895
vn -0.2621 0.7652 -0.5881
vn 0.7529 0.5922 -0.2871
vn 0.6514 0.6980 -0.2975
vn -0.3466 0.6596 -0.6669
vn -0.1240 0.7921 -0.5976
vn -0.4729 0.2622 -0.8412
vn 0.0203 0.9987 -0.0466
vn 0.2388 0.2109 -0.9479
vn 0.2744 0.1563 -0.9488
vn -0.2998 0.9262 -0.2288
vn 0.6786 0.1012 -0.7275
vn -0.4676 0.6413 -0.6083
vn -0.3711 0.4314 -0.8223
vn 0.7839 0.0001 -0.6209
vn 0.8046 0.0157 -0.5936
vn -0.4640 0.2001 -0.8630
vn -0.1603 0.7749 -0.6114
vn -0.2428 0.6669 -0.7045
vn -0.0910 0.9951 -0.0391
vn -0.3797 0.5469 -0.7462
vn -0.3049 0.4978 -0.8120
vn -0.5616 0.6100 0.5590
vn 0.6728 0.2095 0.7095
vn -0.3337 0.9019 0.2742
vn -0.0071 0.9867 0.1626
vn 0.5861 0.0179 0.8100
vn 0.5315 0.0173 0.8469
vn 0.1329 0.9339 0.3319
vn 0.2847 0.9076 0.3086
vn -0.5366 0.4349 0.7231
vn -0.4586 0.2187 0.8613
vn 0.7660 0.4367 0.4718
vn 0.7864 0.4440 0.4294
vn -0.2159 0.8733 0.4368
vn -0.2318 0.6563 0.7180
vn 0.0453 0.9784 0.2018
vn -0.2809 0.7782 0.5617
vn -0.4348 0.7115 0.5520
vn -0.3017 0.7561 0.5808
vn -0.3207 -0.8257 -0.4640
vn -0.7038 0.2066 -0.6797
vn -0.8381 0.0236 -0.5450
vn -0.7502 0.2147 -0.6254
vn -0.7169 0.2652 -0.6447
vn -0.7491 0.2244 -0.6233
vn -0.7297 -0.0257 -0.6833
vn -0.6753 0.2798 -0.6824
vn -0.5377 0.5287 -0.6568
vn -0.2636 0.7772 -0.5714
vn -0.2477 0.7469 -0.6171
vn 0.7273 0.5210 -0.4467
vn -0.0435 0.3979 -0.9164
vn -0.0357 0.9945 -0.0982
vn -0.1406 0.9896 -0.0307
vn -0.1857 0.9651 -0.1846
vn -0.0033 1.0000 -0.0036
vn -0.1810 0.9804 -0.0774
vn -0.2391 0.9323 0.2713
vn -0.0512 0.9722 0.2284
vn -0.0048 0.2502 0.9682
vn -0.3163 0.8896 0.3295
vn 0.2046 0.2137 0.9552
vn 0.0449 0.2885 0.9564
vn 0.4643 0.8481 0.2554
vn -0.4400 0.6057 0.6629
vn -0.4924 0.5728 0.6553
vn -0.4529 0.5201 0.7241
vn -0.3219 0.5909 0.7398
vn -0.1140 0.7276 0.6765
vn -0.1745 0.7169 0.6750
vn -0.4779 0.5651 0.6725
vn -0.6810 0.3392 0.6489
vn -0.8276 -0.0385 0.5600
vn -0.7972 -0.0539 0.6012
vn -0.2527 -0.8681 0.4272
vn -0.1909 0.0537 0.9801
vn -0.9292 -0.1337 0.3444
vn -0.9665 -0.0629 0.2490
vn -0.9668 -0.1572 0.2017
vn -0.9553 -0.2923 0.0434
vn -0.9707 -0.1457 0.1912
vn -0.9627 -0.1497 0.2253
vn -0.9723 -0.2224 0.0712
vn -0.9483 -0.1230 -0.2926
vn -0.6829 0.2932 -0.6691
vn -0.5988 0.2618 -0.7569
vn 0.3407 0.4284 -0.8369
vn -0.9377 -0.0127 -0.3473
vn -0.0093 0.0035 -1.0000
vn -0.1776 0.1430 -0.9737
vn -0.8864 -0.4486 0.1140
vn -0.5859 -0.7037 -0.4019
vn -0.6984 -0.7085 -0.1011
vn -0.9899 -0.0989 -0.1012
vn -0.9868 0.0763 -0.1429
vn -0.9598 0.2488 0.1302
vn -0.7590 -0.3061 -0.5746
vn -0.9628 -0.0091 -0.2701
vn -0.8952 -0.2943 -0.3347
vn -0.8343 0.3351 -0.4377
vn -0.6182 0.7456 -0.2487
vn -0.8157 0.5162 -0.2610
vn -0.8449 0.5169 0.1379
vn -0.9125 0.1244 -0.3897
vn -0.9709 0.2234 -0.0865
vn -0.5845 0.8057 -0.0960
vn -0.4337 0.8899 -0.1411
vn -0.2655 0.9556 0.1277
vn -0.6560 0.4871 -0.5766
vn -0.5023 0.8186 -0.2786
vn -0.7131 0.6140 -0.3384
vn -0.1429 0.8860 -0.4411
vn 0.3256 0.9092 -0.2594
vn 0.0272 0.9622 -0.2709
vn 0.3028 0.9500 -0.0761
vn 0.4107 0.8988 -0.1530
vn 0.6336 0.7730 0.0319
vn -0.4896 0.7192 -0.4930
vn -0.0139 0.9018 -0.4319
vn -0.3156 0.8568 -0.4078
vn 0.4313 0.8188 -0.3790
vn 0.8137 0.4615 -0.3534
vn 0.6336 0.7070 -0.3142
vn 0.6908 0.7176 -0.0886
vn 0.8673 0.4819 0.1246
vn 0.5739 0.7200 -0.3902
vn 0.9901 0.0930 -0.1056
vn 0.9826 -0.1151 -0.1461
vn 0.9557 -0.2603 0.1376
vn 0.7551 0.3036 -0.5811
vn 0.9599 0.0002 -0.2805
vn 0.8943 0.2872 -0.3433
vn 0.8800 -0.2644 -0.3945
vn 0.8030 -0.5050 -0.3166
vn 0.9907 -0.1048 -0.0872
vn 0.9178 -0.3799 -0.1156
vn 0.7729 -0.6208 0.1315
vn 0.8900 -0.2763 -0.3627
vn 0.3685 -0.8784 -0.3042
vn 0.2225 -0.7838 -0.5798
vn 0.0754 -0.9582 -0.2758
vn 0.0666 -0.9390 -0.3374
vn 0.1328 -0.7355 -0.6644
vn -0.2898 -0.8625 -0.4149
vn 0.1304 -0.9839 -0.1226
vn -0.1486 -0.9809 0.1255
vn 0.2038 -0.9064 -0.3701
vn -0.5802 -0.7566 -0.3016
vn -0.5741 -0.5806 -0.5773
vn -0.7948 -0.5424 -0.2722
vn -0.7794 -0.5256 -0.3411
vn -0.5687 -0.4809 -0.6673
vn -0.8906 -0.1783 -0.4184
vn -0.8335 -0.5393 0.1202
vn -0.8390 -0.5346 -0.1013
vn -0.7265 -0.6783 0.1098
vn -0.7386 -0.6638 0.1177
vn -0.8458 -0.5244 -0.0980
vn -0.7651 -0.6387 -0.0815
vn -0.9128 -0.4031 -0.0658
vn -0.9145 -0.3804 0.1375
vn -0.7770 -0.3535 0.5209
vn -0.9744 0.1354 -0.1797
vn -0.8381 -0.1045 -0.5354
vn -0.9644 0.2292 -0.1315
vn -0.7808 0.1251 -0.6121
vn -0.8772 -0.3891 -0.2813
vn -0.9802 0.1523 -0.1265
vn -0.3186 0.4396 0.8398
vn -0.4237 0.3055 0.8527
vn -0.3979 0.0058 0.9174
vn -0.1638 0.8231 -0.5438
vn -0.4110 0.9044 -0.1148
vn 0.0371 0.9424 -0.3324
vn 0.0836 0.9241 -0.3729
vn -0.4547 0.8618 -0.2249
vn -0.5193 0.8121 -0.2663
vn -0.3542 0.5627 0.7470
vn -0.3334 0.6612 0.6720
vn -0.5592 0.4343 0.7062
vn -0.9746 -0.1530 -0.1633
vn -0.4396 0.2770 0.8544
vn -0.7768 0.0522 0.6276
vn -0.7544 -0.0058 0.6564
vn -0.9811 -0.1469 -0.1261
vn -0.9654 -0.2292 -0.1242
vn -0.9839 0.1026 0.1466
vn -0.6930 0.2001 -0.6927
vn -0.9538 -0.2982 -0.0378
vn 0.0587 0.9967 0.0552
vn 0.0471 0.9931 0.1070
vn -0.4639 0.8798 0.1040
vn -0.4365 0.8928 0.1112
vn 0.0597 0.9929 -0.1032
vn -0.5609 0.5274 -0.6382
vn -0.2507 0.7058 0.6626
vn -0.1836 0.9745 -0.1292
vn -0.2564 0.9576 -0.1314
vn -0.2117 0.9694 -0.1243
vn -0.2351 0.7080 0.6660
vn -0.3297 0.3085 0.8923
vn -0.0883 0.9809 -0.1731
vn -0.2392 0.3964 0.8864
vn -0.7141 0.6933 -0.0966
vn 0.2227 0.9680 -0.1154
vn 0.2205 0.9697 0.1055
vn 0.3628 0.9309 -0.0417
vn 0.4147 0.9095 -0.0290
vn 0.2764 0.9531 0.1232
vn 0.4380 0.8900 0.1264
vn 0.3371 -0.9372 -0.0897
vn 0.0653 -0.6946 0.7164
vn 0.3510 -0.9325 -0.0847
vn 0.6218 -0.4852 0.6147
vn 0.3712 -0.9212 -0.1166
vn 0.5517 -0.5401 0.6355
vn 0.2856 -0.9537 -0.0946
vn 0.8568 -0.3954 0.3311
vn 0.2220 -0.9666 0.1283
vn 0.2987 -0.9277 0.2237
vn 0.9441 -0.2885 0.1596
vn 0.9339 -0.2820 0.2198
vn 0.7093 -0.6367 0.3025
vn 0.8727 -0.1377 0.4685
vn 0.4212 -0.8953 -0.1452
vn 0.8532 -0.2848 0.4369
vn 0.9969 0.0037 -0.0782
vn 0.9970 0.0052 -0.0767
vn 0.5979 -0.7629 0.2458
vn 0.5924 -0.7813 0.1966
vn 0.9779 0.0414 0.2048
vn 0.9851 0.1046 0.1364
vn 0.6495 -0.7425 0.1641
vn 0.9925 0.0724 -0.0986
vn 0.9861 -0.0834 -0.1437
vn 0.7257 -0.1280 0.6760
vn 0.8515 -0.3642 0.3773
vn 0.8617 -0.4155 0.2912
vn 0.7221 -0.3014 0.6227
vn 0.7308 -0.2722 0.6260
vn 0.7167 0.6964 0.0376
vn 0.7261 0.6709 0.1508
vn 0.9856 0.1342 -0.1026
vn 0.5553 -0.1759 -0.8128
vn 0.8837 0.4603 -0.0844
vn 0.9408 -0.0844 -0.3284
vn -0.7719 0.6277 -0.1009
vn -0.5719 0.0028 -0.8203
vn -0.9350 0.1070 -0.3381
vn -0.6079 0.7640 0.2162
vn -0.6970 0.2512 0.6717
vn -0.9447 0.3210 -0.0672
vn -0.4810 0.0783 0.8732
vn -0.9590 0.2384 0.1529
vn -0.6762 0.7332 -0.0720
vn -0.0888 0.4799 -0.8728
vn -0.8246 0.5326 -0.1905
vn -0.3857 0.8138 -0.4347
vn -0.1257 -0.9833 -0.1313
vn 0.2889 -0.4599 -0.8397
vn 0.3791 -0.8470 -0.3727
vn 0.2079 -0.9732 -0.0979
vn -0.3806 -0.9020 0.2037
vn 0.1353 -0.7222 0.6784
vn -0.0335 -0.7952 0.6055
vn -0.3342 -0.9406 -0.0598
vn -0.2806 -0.9259 -0.2530
vn 0.4318 0.5556 0.7105
vn 0.5399 0.8417 0.0067
vn 0.2396 0.6514 0.7199
vn -0.0677 0.7272 0.6831
vn 0.1818 0.9829 -0.0306
vn -0.0205 0.9988 -0.0449
vn -0.9472 -0.3168 -0.0490
vn -0.8771 -0.4785 -0.0415
vn -0.7074 -0.1814 0.6832
vn -0.7270 -0.1191 0.6762
vn -0.9213 -0.3850 -0.0547
vn -0.6658 -0.2951 0.6853
vn -0.7637 0.6262 -0.1566
vn -0.8154 -0.5633 -0.1331
vn -0.3914 0.6141 -0.6854
vn -0.9939 0.0447 -0.1005
vn -0.3746 -0.1854 0.9085
vn -0.4761 -0.5592 -0.6787
vn -0.3978 -0.5944 -0.6989
vn -0.3977 -0.1865 0.8984
vn -0.4129 -0.6085 0.6777
vn -0.5278 -0.8428 -0.1056
vn -0.0195 -0.4193 0.9076
vn 0.2528 -0.6863 -0.6820
vn 0.3159 -0.6417 -0.6989
vn -0.0372 -0.4376 0.8984
vn 0.3205 -0.6618 0.6777
vn 0.4543 -0.8841 -0.1092
vn 0.3473 -0.2338 0.9082
vn 0.7211 -0.1315 -0.6802
vn 0.7134 -0.0514 -0.6988
vn 0.3590 -0.2528 0.8984
vn 0.7331 -0.0573 0.6777
vn 0.2175 -0.6994 -0.6808
vn 0.9561 -0.2400 -0.1684
vn 0.1978 -0.0240 -0.9800
vn -0.4876 -0.8721 -0.0416
vn 0.3155 -0.7449 -0.5879
vn -0.3770 -0.7667 -0.5197
vn -0.5577 -0.6927 -0.4573
vn 0.3398 -0.7109 -0.6158
vn -0.2259 -0.3176 -0.9209
vn -0.6132 -0.6753 -0.4097
vn -0.3794 -0.2500 -0.8908
vn -0.2698 -0.5067 -0.8188
vn 0.3072 -0.1490 -0.9399
vn 0.9082 -0.4182 -0.0164
vn 0.0353 -0.3814 -0.9237
vn -0.1181 -0.4813 -0.8686
vn -0.1433 -0.2334 -0.9618
vn -0.3492 -0.4447 -0.8248
vn -0.1454 -0.3422 -0.9283
vn 0.0659 -0.1370 -0.9884
vn 0.0712 -0.1340 -0.9884
vn 0.9244 -0.3310 -0.1893
vn 0.6700 -0.3849 -0.6348
vn 0.8796 -0.3621 0.3084
vn 0.9210 -0.2799 -0.2709
vn 0.3221 -0.0894 -0.9425
vn -0.1688 -0.2858 -0.9433
vn -0.1588 -0.2859 -0.9450
vn 0.3098 -0.0544 -0.9493
vn 0.3154 0.0577 -0.9472
vn -0.3769 -0.2059 -0.9031
vn 0.3121 0.1147 -0.9431
vn -0.1268 -0.3908 -0.9117
vn -0.9993 -0.0046 -0.0380
vn -0.4942 -0.6401 -0.5883
vn -0.8546 -0.0535 -0.5166
vn -0.8772 0.1379 -0.4598
vn -0.4441 -0.6498 -0.6169
vn -0.3855 0.0368 -0.9220
vn -0.8935 0.2719 -0.3575
vn -0.4112 0.3602 -0.8373
vn -0.6102 0.1684 -0.7741
vn -0.3387 -0.1426 -0.9300
vn -0.0054 -0.2636 -0.9646
vn 0.7279 -0.0896 -0.6798
vn -0.0860 -0.1171 -0.9894
vn 0.0301 -0.1603 -0.9866
vn -0.0331 -0.1960 -0.9800
vn 0.1617 -0.9724 -0.1682
vn -0.0153 -0.7898 -0.6132
vn 0.3220 -0.9367 -0.1375
vn 0.3038 -0.7147 -0.6300
vn 0.0567 -0.3997 -0.9149
vn -0.3459 -0.0628 -0.9361
vn -0.3245 0.0107 -0.9458
vn 0.0941 -0.3019 -0.9487
vn 0.1886 -0.2604 -0.9469
vn -0.3456 0.2549 -0.9031
vn 0.2354 -0.2349 -0.9431
vn -0.4019 -0.0849 -0.9117
vn -0.4038 -0.1704 -0.8988
vn -0.1685 -0.0737 -0.9829
vn -0.4574 -0.0110 -0.8892
vn -0.3681 -0.0399 -0.9289
vn -0.0871 -0.1300 -0.9877
vn -0.0829 -0.1325 -0.9877
vn -0.1121 0.2657 -0.9575
vn 0.4451 0.6247 -0.6416
vn -0.3535 0.9323 -0.0760
vn 0.2850 0.3506 -0.8921
vn -0.0483 0.4757 -0.8783
vn -0.0889 0.9871 0.1334
vn -0.1915 0.9629 -0.1901
vn -0.0227 0.7674 -0.6408
vn -0.0986 0.9480 0.3027
vn -0.2094 0.9170 -0.3396
vn -0.0926 0.2532 -0.9630
vn 0.3100 -0.0871 -0.9467
vn 0.3221 -0.0115 -0.9466
vn -0.0956 0.3031 -0.9482
vn -0.1972 0.2577 -0.9459
vn 0.3499 -0.2456 -0.9040
vn -0.2439 0.2288 -0.9424
vn 0.3987 0.0897 -0.9127
vn 0.4020 0.1708 -0.8996
vn 0.1666 0.0739 -0.9832
vn 0.4557 0.0114 -0.8901
vn 0.3689 0.0387 -0.9287
vn 0.0879 0.1284 -0.9878
vn 0.0837 0.1309 -0.9879
vn 0.7439 0.0178 -0.6680
vn 0.0777 0.2508 -0.9649
vn 0.7368 0.0732 -0.6721
vn 0.8748 -0.1329 -0.4660
vn 0.3404 0.0780 -0.9370
vn 0.3785 -0.0376 -0.9248
vn 0.8931 -0.2709 -0.3591
vn 0.4113 -0.3593 -0.8377
vn 0.6090 -0.1681 -0.7751
vn 0.1747 0.2307 -0.9572
vn 0.7628 -0.0771 -0.6420
vn 0.6380 0.7664 -0.0751
vn 0.4210 -0.0833 -0.9032
vn 0.3559 0.2692 -0.8949
vn 0.8105 0.5776 0.0975
vn 0.5018 -0.8638 -0.0451
vn 0.8028 -0.1023 -0.5874
vn 0.4796 -0.7053 -0.5221
vn 0.3245 -0.8279 -0.4575
vn 0.7852 -0.0590 -0.6165
vn 0.1622 -0.3542 -0.9210
vn 0.2791 -0.8688 -0.4089
vn 0.0263 -0.4547 -0.8903
vn 0.3032 -0.4883 -0.8183
vn 0.7370 0.6405 -0.2158
vn 0.6402 0.3926 -0.6604
vn 0.7747 0.5676 0.2786
vn 0.6729 0.6470 -0.3586
vn 0.1490 0.2000 -0.9684
vn 0.0746 -0.3220 -0.9438
vn 0.1680 -0.2805 -0.9450
vn 0.2021 0.2410 -0.9493
vn 0.1079 0.3020 -0.9472
vn -0.0104 -0.4293 -0.9031
vn 0.0569 0.3276 -0.9431
vn 0.2750 -0.3052 -0.9117
vn 0.3578 -0.3425 -0.8687
vn 0.1306 -0.2402 -0.9619
vn 0.2106 -0.5241 -0.8252
vn 0.2235 -0.2966 -0.9285
vn 0.1517 -0.0109 -0.9884
vn 0.1517 -0.0049 -0.9884
vn 0.2620 -0.0973 -0.9601
vn 0.0678 0.0778 -0.9947
vn 0.2391 -0.1371 -0.9613
vn 0.2452 -0.1191 -0.9621
vn 0.0783 0.1075 -0.9911
vn -0.0248 -0.0314 -0.9992
vn 0.2425 0.1768 -0.9539
vn -0.0210 0.1216 -0.9924
vn 0.2439 0.1035 -0.9643
vn 0.2187 0.1366 -0.9662
vn -0.0523 0.1593 -0.9859
vn 0.0495 -0.0379 -0.9981
vn 0.0580 -0.3059 -0.9503
vn 0.0837 -0.0032 -0.9965
vn -0.0346 -0.2451 -0.9689
vn -0.0745 -0.2463 -0.9663
vn 0.0489 -0.0028 -0.9988
vn -0.1260 0.0179 -0.9919
vn -0.1296 0.0142 -0.9915
vn -0.4160 -0.6243 -0.6612
vn -0.1782 0.2892 -0.9405
vn -0.1150 0.0343 -0.9928
vn -0.1873 0.3000 -0.9354
vn -0.2816 0.2145 -0.9353
vn -0.6360 0.7554 -0.1575
vn -0.4799 0.8658 -0.1414
vn -0.6087 0.5097 -0.6080
vn -0.3626 -0.0424 -0.9310
vn -0.1264 -0.0409 -0.9911
vn -0.1334 0.0082 -0.9910
vn -0.7540 -0.6316 -0.1804
vn -0.6776 -0.3880 -0.6248
vn -0.6438 -0.7510 -0.1469
vn -0.4429 -0.6168 -0.6507
vn -0.2877 -0.2404 -0.9271
vn -0.1985 0.2769 -0.9402
vn -0.1563 0.2853 -0.9456
vn -0.2177 -0.2334 -0.9477
vn -0.1346 -0.2945 -0.9461
vn -0.0431 0.4251 -0.9041
vn -0.0904 -0.4147 -0.9055
vn -0.3610 -0.1864 -0.9138
vn -0.9309 0.3472 -0.1132
vn -0.7095 0.4138 -0.5704
vn -0.9782 0.1912 -0.0811
vn -0.7682 0.0929 -0.6335
vn -0.3705 0.1473 -0.9171
vn 0.1229 0.3271 -0.9370
vn 0.1689 0.2781 -0.9456
vn -0.3110 0.0718 -0.9477
vn -0.3223 -0.0307 -0.9461
vn 0.0851 0.3402 -0.9365
vn -0.0172 0.1171 -0.9930
vn 0.1979 0.2877 -0.9370
vn 0.1891 0.2931 -0.9372
vn -0.0157 0.1179 -0.9929
vn -0.7249 0.1130 -0.6795
vn 0.3389 0.9336 -0.1167
vn 0.5095 0.8542 -0.1041
vn 0.1381 0.8078 -0.5731
vn -0.0325 0.3419 -0.9392
vn 0.4093 0.5760 -0.7076
vn -0.1075 0.0898 -0.9901
vn 0.2114 0.2668 -0.9403
vn -0.0739 0.1129 -0.9908
vn -0.0423 0.1260 -0.9911
vn -0.3418 0.2194 -0.9138
vn 0.3466 0.2499 -0.9041
vn -0.4043 -0.1291 -0.9055
vn -0.6496 -0.2116 0.7302
vn -0.5248 -0.4251 0.7375
vn -0.4874 -0.6347 0.5996
vn -0.6179 -0.4250 0.6615
vn -0.6155 -0.3437 0.7092
vn -0.6169 -0.3406 0.7095
vn -0.5275 0.4777 0.7025
vn -0.6519 0.2550 0.7141
vn -0.8128 0.1070 0.5726
vn -0.6770 0.3227 0.6615
vn -0.6054 0.3612 0.7092
vn -0.6035 0.3638 0.7095
vn 0.1415 0.6684 0.7302
vn -0.1058 0.6671 0.7374
vn -0.3062 0.7395 0.5995
vn -0.0603 0.7479 0.6610
vn 0.0101 0.7051 0.7090
vn 0.0129 0.7048 0.7093
vn -0.3894 -0.7350 0.5551
vn -0.7467 -0.6070 0.2721
vn -0.2963 -0.7556 0.5843
vn 0.0044 -0.5324 0.8465
vn 0.4355 -0.5290 0.7283
vn -0.4252 -0.5447 0.7229
vn 0.7650 -0.5819 0.2760
vn 0.4061 -0.7258 0.5553
vn 0.2437 -0.7672 0.5933
vn 0.1702 -0.6645 0.7276
vn 0.3491 -0.5457 0.7618
vn 0.3603 -0.5297 0.7678
vn 0.1021 -0.8336 0.5429
vn 0.2505 -0.7562 0.6045
vn 0.3668 -0.6186 0.6948
vn 0.7678 -0.3040 0.5639
vn 0.6866 -0.4614 0.5619
vn 0.8117 -0.1379 0.5676
vn 0.7972 0.0182 0.6035
vn 0.8200 0.1832 0.5423
vn 0.7070 -0.1365 0.6939
vn 0.5336 0.4476 0.7175
vn 0.4453 0.7049 0.5521
vn 0.5932 0.1148 0.7968
vn 0.4154 0.9000 0.1317
vn 0.6393 0.5679 0.5185
vn 0.6945 0.4507 0.5609
vn -0.4254 0.6563 -0.6231
vn -0.7241 0.4767 -0.4985
vn -0.9311 0.1342 -0.3393
vn -0.3252 0.9413 0.0904
vn -0.4379 0.8731 -0.2144
vn -0.3789 0.8985 -0.2215
vn 0.2028 0.8635 -0.4617
vn 0.6114 0.6203 -0.4914
vn 0.4344 0.7233 -0.5368
vn -0.7541 -0.4846 -0.4432
vn -0.8691 -0.0297 -0.4938
vn -0.8778 -0.2438 -0.4124
vn -0.9729 0.1180 0.1991
vn -0.9931 -0.0543 -0.1042
vn -0.9606 0.2529 -0.1151
vn -0.6731 0.4804 -0.5623
vn -0.2694 0.7510 -0.6028
vn -0.4884 0.7000 -0.5211
vn -0.3240 -0.8986 -0.2957
vn -0.1949 -0.7564 -0.6244
vn 0.0173 -0.9535 -0.3009
vn -0.5410 -0.8407 0.0236
vn -0.2881 -0.9365 -0.2001
vn -0.6058 -0.7317 -0.3123
vn -0.6165 -0.7191 -0.3205
vn -0.7200 -0.4058 -0.5630
vn -0.7786 -0.5181 -0.3540
vn -0.9957 -0.0654 -0.0663
vn -0.9263 0.0198 -0.3763
vn -0.9182 -0.3961 -0.0033
vn 0.6150 -0.7305 -0.2970
vn 0.5569 -0.5461 -0.6259
vn 0.8336 -0.4626 -0.3019
vn 0.4569 -0.8893 0.0200
vn 0.6665 -0.7173 -0.2031
vn 0.3297 -0.8897 -0.3159
vn 0.3156 -0.8933 -0.3200
vn -0.0081 -0.8265 -0.5629
vn 0.0605 -0.9333 -0.3540
vn -0.4412 -0.8949 -0.0670
vn -0.4806 -0.7918 -0.3768
vn -0.1157 -0.9933 -0.0051
vn 0.9401 0.1672 -0.2972
vn 0.7506 0.2101 -0.6265
vn 0.8167 0.4915 -0.3026
vn 0.9986 -0.0492 0.0193
vn 0.9544 0.2185 -0.2035
vn 0.9351 -0.1596 -0.3165
vn 0.9303 -0.1745 -0.3226
vn 0.7095 -0.4221 -0.5643
vn 0.8370 -0.4154 -0.3562
vn 0.5499 -0.8330 -0.0614
vn 0.4391 -0.8179 -0.3717
vn 0.7976 -0.6032 0.0051
vn -0.1340 0.9281 -0.3474
vn 0.2649 0.8251 -0.4990
vn 0.1268 0.9313 -0.3414
vn 0.5606 0.8275 0.0315
vn 0.3401 0.9132 -0.2247
vn 0.6255 0.7215 -0.2968
vn 0.6422 0.6983 -0.3160
vn 0.7380 0.3832 -0.5554
vn 0.7977 0.4938 -0.3461
vn 0.9952 0.0675 -0.0711
vn 0.9247 -0.0173 -0.3804
vn 0.9173 0.3979 -0.0110
vn 0.0148 0.0063 0.9999
vn -0.2164 -0.5908 0.7773
vn -0.5085 -0.3649 0.7800
vn -0.6189 -0.0926 0.7800
vn 0.0147 0.0058 0.9999
vn 0.0149 0.0034 0.9999
vn -0.5620 0.2814 0.7778
vn 0.3771 0.6455 0.6641
vn 0.4385 0.5764 0.6895
vn 0.3553 0.5293 0.7704
vn 0.7150 -0.1472 0.6835
vn 0.6550 -0.3220 0.6836
vn 0.1564 0.6183 0.7703
vn 0.4537 0.4481 0.7703
vn 0.7298 0.0094 0.6836
vn 0.6351 -0.0579 0.7703
vn -0.0000 -0.0000 1.0000
vn 0.6307 -0.0948 0.7703
vn 0.5349 -0.3472 0.7703
vn 0.6995 0.2084 0.6836
vn 0.3837 -0.5098 0.7700
vn 0.1609 -0.7122 0.6833
vn 0.0942 -0.7242 0.6832
vn 0.3188 -0.5529 0.7699
vn -0.0170 -0.6379 0.7699
vn -0.6065 -0.1792 0.7746
vn -0.6178 0.1366 0.7744
vn 0.0069 0.0010 1.0000
vn 0.1305 0.6242 0.7703
vn 0.4114 0.4873 0.7703
vn 0.6091 -0.4021 0.6836
vn 0.0061 -0.0038 1.0000
vn 0.1612 -0.7154 0.6799
vn -0.5658 -0.2880 0.7726
vn 0.2981 0.5487 0.7810
vn 0.5589 -0.4571 0.6918
vn -0.0102 -0.0139 0.9999
vn 0.2508 -0.5868 0.7699
vn -0.3836 -0.6189 0.6854
vn 0.4124 -0.5925 0.6920
vn 0.0001 0.0002 1.0000
vn -0.5229 -0.4970 0.6925
vn -0.6352 -0.0556 0.7703
vn -0.5578 -0.4575 0.6925
vn -0.6282 0.1086 0.7704
vn -0.5068 0.3867 0.7705
vn -0.3739 -0.5166 0.7703
vn -0.2499 0.6858 0.6836
vn -0.1296 -0.6244 0.7703
vn -0.4396 -0.4621 0.7703
vn -0.5504 0.4793 0.6836
vn -0.7292 -0.0320 0.6836
vn -0.4003 0.4964 0.7703
vn -0.1795 0.7075 0.6836
vn -0.1289 0.7184 0.6836
vn -0.3443 0.5368 0.7703
vn -0.0030 0.6377 0.7703
vn 0.6061 0.1700 0.7770
vn 0.6146 -0.1383 0.7766
vn -0.0106 -0.0015 0.9999
vn -0.0111 0.0100 0.9999
vn 0.2617 -0.5699 0.7789
vn 0.5437 0.3269 0.7730
vn -0.0089 0.0066 0.9999
vn -0.1285 0.7240 0.6777
vn -0.5686 -0.2538 0.7825
vn -0.5746 0.4446 0.6871
vn 0.0156 0.0125 0.9998
vn 0.0654 -0.6205 0.7815
vn -0.2194 -0.5841 0.7814
vn 0.0021 0.0181 0.9998
vn -0.5831 0.4390 0.6836
vn -0.5344 0.3480 0.7703
vn -0.3282 0.5468 0.7703
vn -0.6100 0.4006 0.6836
vn -0.0746 0.6328 0.7707
vn 0.4427 0.5796 0.6841
vn 0.2726 0.6885 0.6720
vn 0.5599 0.3047 0.7705
vn 0.6372 0.0180 0.7705
vn 0.3627 0.6542 0.6636
vn 0.6267 -0.0723 0.7759
vn -0.0069 0.0166 0.9998
vn 0.0001 -0.0000 1.0000
vn -0.3447 -0.5365 0.7703
vn 0.0001 0.0007 1.0000
vn -0.0136 -0.6370 0.7707
vn -0.3581 -0.5271 0.7707
vn -0.0069 -0.0027 1.0000
vn 0.5164 0.3647 0.7749
vn 0.6279 0.0734 0.7748
vn 0.4343 -0.4615 0.7736
vn -0.0068 0.0008 1.0000
vn 0.0004 -0.0134 0.9999
vn -0.5645 0.2858 0.7744
vn 0.4165 -0.4885 0.7667
vn 0.0451 -0.6397 0.7673
vn 0.0032 -0.0045 1.0000
vn -0.0001 -0.0003 1.0000
vn -0.4769 -0.4237 0.7701
vn -0.5585 -0.3079 0.7703
vn -0.6377 -0.0053 0.7703
vn -0.0015 -0.0127 0.9999
vn 0.0346 0.6269 0.7783
vn 0.2753 0.5648 0.7779
vn 0.3316 -0.5315 0.7794
vn -0.0021 0.0157 0.9999
vn -0.0269 0.0276 0.9993
vn -0.1208 0.1070 0.9869
vn -0.1158 0.1126 0.9869
vn -0.3877 0.7163 0.5802
vn -0.4192 0.7735 0.4753
vn 0.0386 0.6138 0.7885
vn -0.0137 -0.0283 0.9995
vn -0.0207 -0.0494 0.9986
vn -0.0508 -0.1685 0.9844
vn -0.0165 -0.0023 0.9999
vn -0.1371 -0.0277 0.9902
vn -0.1392 -0.0133 0.9902
vn 0.0297 -0.0194 0.9994
vn 0.0613 -0.1384 0.9885
vn 0.1005 -0.1201 0.9877
vn 0.0130 -0.1316 0.9912
vn 0.0219 -0.2526 0.9673
vn 0.2085 0.2195 0.9531
vn 0.1319 0.1273 0.9831
vn 0.0194 0.0022 0.9998
vn 0.1425 0.0048 0.9898
vn 0.1411 -0.0170 0.9899
vn 0.0007 -0.0396 0.9992
vn 0.1236 -0.0291 0.9919
vn 0.5861 0.3828 0.7141
vn 0.4572 0.3141 -0.8321
vn 0.6835 0.1370 0.7170
vn 0.5434 -0.1849 0.8188
vn 0.6757 0.0269 -0.7367
vn 0.6370 -0.2423 -0.7318
vn 0.0385 -0.6840 0.7284
vn 0.0241 -0.5723 -0.8197
vn -0.2377 -0.6380 0.7324
vn -0.4942 -0.2356 0.8368
vn -0.4316 -0.5662 -0.7022
vn -0.6084 -0.3698 -0.7022
vn -0.6708 0.2218 0.7077
vn -0.5492 0.1054 -0.8290
vn -0.5393 0.4593 0.7059
vn 0.0420 0.5629 0.8255
vn -0.2754 0.6419 -0.7156
vn -0.0012 0.6987 -0.7155
vn 0.5055 -0.4299 0.7481
vn 0.3891 -0.4434 -0.8075
vn 0.2881 -0.5858 0.7575
vn 0.2127 -0.5593 0.8013
vn 0.3768 -0.5231 -0.7645
vn 0.1361 -0.6416 -0.7549
vn -0.5735 -0.3072 0.7594
vn -0.5581 -0.2466 -0.7923
vn -0.6434 -0.0259 0.7651
vn -0.6084 0.0450 0.7924
vn -0.6148 -0.1915 -0.7651
vn -0.6434 0.0970 -0.7594
vn -0.0868 0.6501 0.7549
vn 0.0129 0.5982 -0.8012
vn 0.1796 0.6191 0.7645
vn 0.2179 0.5481 0.8075
vn 0.0750 0.6485 -0.7575
vn 0.3322 0.5745 -0.7481
vn 0.3039 -0.5212 0.7975
vn 0.6790 -0.2242 -0.6991
vn 0.5405 -0.4488 -0.7117
vn 0.3937 -0.5507 0.7360
vn 0.5283 -0.3574 -0.7701
vn 0.1533 -0.6757 0.7210
vn -0.5407 -0.2541 0.8019
vn -0.6500 -0.1215 -0.7501
vn -0.5789 0.0266 0.8150
vn -0.6078 -0.1598 0.7778
vn -0.5401 -0.2919 -0.7894
vn -0.6276 -0.0315 -0.7779
vn 0.3193 0.5933 0.7390
vn -0.1748 0.6372 -0.7506
vn 0.1044 0.6333 -0.7668
vn 0.1717 0.6734 0.7191
vn -0.0448 0.6048 -0.7951
vn 0.4151 0.5720 0.7075
vn 0.4942 0.2356 0.8368
vn 0.4316 0.5662 -0.7022
vn 0.6084 0.3698 -0.7022
vn 0.6708 -0.2218 0.7077
vn 0.5492 -0.1054 -0.8290
vn 0.5393 -0.4593 0.7059
vn -0.0420 -0.5629 0.8255
vn 0.2754 -0.6419 -0.7156
vn 0.0012 -0.6987 -0.7155
vn -0.5861 -0.3828 0.7141
vn -0.4572 -0.3141 -0.8321
vn -0.6835 -0.1370 0.7170
vn -0.5434 0.1849 0.8188
vn -0.6757 -0.0269 -0.7367
vn -0.6370 0.2423 -0.7318
vn -0.0385 0.6840 0.7284
vn -0.0241 0.5723 -0.8197
vn 0.2377 0.6380 0.7324
vn 0.5735 0.3072 0.7594
vn 0.5581 0.2466 -0.7923
vn 0.6434 0.0259 0.7651
vn 0.6084 -0.0450 0.7924
vn 0.6148 0.1915 -0.7651
vn 0.6434 -0.0970 -0.7594
vn 0.0868 -0.6501 0.7549
vn -0.0129 -0.5982 -0.8012
vn -0.1796 -0.6191 0.7645
vn -0.2179 -0.5481 0.8075
vn -0.0750 -0.6485 -0.7575
vn -0.3322 -0.5745 -0.7481
vn -0.5055 0.4299 0.7481
vn -0.3891 0.4434 -0.8075
vn -0.2881 0.5858 0.7575
vn -0.2127 0.5593 0.8013
vn -0.3768 0.5231 -0.7645
vn -0.1361 0.6416 -0.7549
vn 0.5407 0.2541 0.8019
vn 0.6500 0.1215 -0.7501
vn 0.5789 -0.0266 0.8150
vn 0.6078 0.1598 0.7778
vn 0.5401 0.2919 -0.7894
vn 0.6276 0.0315 -0.7779
vn -0.3193 -0.5933 0.7390
vn 0.1748 -0.6372 -0.7506
vn -0.1044 -0.6333 -0.7668
vn -0.1717 -0.6734 0.7191
vn 0.0448 -0.6048 -0.7951
vn -0.4151 -0.5720 0.7075
vn -0.3039 0.5212 0.7975
vn -0.6790 0.2242 -0.6991
vn -0.5405 0.4488 -0.7117
vn -0.3937 0.5507 0.7360
vn -0.5283 0.3574 -0.7701
vn -0.1533 0.6757 0.7210
vn 0.1397 0.0682 -0.9878
vn 0.0142 0.0054 -0.9999
vn 0.1064 0.1116 -0.9880
vn 0.0200 0.6203 -0.7841
vn -0.0064 -0.1473 -0.9891
vn -0.0357 -0.1592 -0.9866
vn -0.0781 0.6078 -0.7902
vn -0.0442 -0.1646 -0.9854
vn 0.1860 0.5847 -0.7896
vn 0.4623 0.0067 -0.8867
vn -0.2085 -0.0271 -0.9776
vn 0.5187 0.1292 -0.8451
vn 0.1358 0.1351 -0.9815
vn -0.5897 -0.0352 -0.8068
vn -0.5129 -0.2916 -0.8074
vn -0.1618 0.0498 -0.9856
vn 0.4572 -0.3929 -0.7979
vn 0.5757 -0.1809 -0.7974
vn 0.5916 -0.1181 -0.7975
vn -0.1793 0.0227 -0.9835
vn -0.1643 0.0456 -0.9854
vn 0.2312 0.5534 -0.8002
vn -0.0980 -0.1618 -0.9820
vn -0.1657 -0.0985 -0.9812
vn 0.2109 -0.5553 -0.8045
vn -0.0824 0.1744 -0.9812
vn 0.0026 0.1937 -0.9811
vn 0.5992 -0.1110 -0.7929
vn -0.0918 0.0218 -0.9955
vn -0.1055 0.0498 -0.9932
vn -0.0735 0.0900 -0.9932
vn 0.0540 0.0959 -0.9939
vn -0.0449 -0.0814 -0.9957
vn -0.0225 0.1068 -0.9940
vn -0.0212 -0.1064 -0.9941
vn 0.0213 0.1139 -0.9933
vn 0.0225 0.1116 -0.9935
vn -0.0482 -0.1007 -0.9938
vn -0.0066 -0.1132 -0.9935
vn 0.0009 0.1127 -0.9936
vn -0.0287 -0.1109 -0.9934
vn -0.1308 0.0442 -0.9904
vn -0.0585 -0.1010 -0.9932
vn 0.0911 0.1115 -0.9896
vn -0.0656 -0.0855 -0.9942
vn -0.0848 -0.1025 -0.9911
vn 0.0704 0.0965 -0.9928
vn 0.0502 0.1013 -0.9936
vn 0.0236 0.1547 -0.9877
vn 0.0706 0.1448 -0.9869
vn 0.0179 0.0145 -0.9997
vn 0.0023 0.0078 -1.0000
vn 0.0014 0.0101 -0.9999
vn 0.0386 -0.1081 -0.9934
vn 0.0352 -0.1139 -0.9929
vn 0.0002 0.0049 -1.0000
vn -0.0616 0.1088 -0.9922
vn 0.0118 -0.1033 -0.9946
vn -0.0790 0.0739 -0.9941
vn -0.0969 0.0305 -0.9948
vn -0.0035 -0.1939 -0.9810
vn -0.3012 0.5148 -0.8027
vn 0.0877 -0.1699 -0.9816
vn -0.6082 -0.1242 -0.7840
vn 0.1500 -0.0533 -0.9872
vn 0.1518 -0.0887 -0.9844
vn 0.4348 0.4243 -0.7943
vn -0.1130 -0.1338 -0.9846
vn -0.1206 -0.1121 -0.9864
vn 0.3706 0.4754 -0.7979
vn -0.1194 -0.1231 -0.9852
vn 0.5255 0.2958 -0.7977
vn -0.6121 0.1158 -0.7822
vn -0.6154 -0.1009 -0.7817
vn 0.0200 -0.0033 -0.9998
vn 0.0623 0.0607 -0.9962
vn -0.3739 -0.4283 -0.8226
vn 0.0295 0.1970 -0.9800
vn -0.0175 0.1540 -0.9879
vn -0.0486 -0.6243 -0.7796
vn 0.1932 -0.5953 -0.7800
vn 0.5925 -0.0567 -0.8036
vn -0.1859 0.0035 -0.9826
vn -0.1876 0.0476 -0.9811
vn 0.2906 -0.5272 -0.7985
vn -0.1598 0.1083 -0.9812
vn -0.0965 0.1553 -0.9831
vn 0.4059 0.4486 -0.7963
vn -0.0879 -0.0940 -0.9917
vn -0.0873 -0.0753 -0.9933
vn 0.0079 0.1055 -0.9944
vn 0.0287 -0.1208 -0.9923
vn 0.0455 0.0963 -0.9943
vn 0.0544 0.0957 -0.9939
vn 0.0864 -0.0682 -0.9939
vn -0.0450 -0.0814 -0.9957
vn -0.0365 -0.1015 -0.9942
vn 0.1086 -0.0823 -0.9907
vn 0.1242 -0.0436 -0.9913
vn -0.0781 -0.1040 -0.9915
vn -0.0631 -0.1050 -0.9925
vn 0.0787 0.0936 -0.9925
vn 0.1171 0.0118 -0.9930
vn 0.0353 -0.1127 -0.9930
vn -0.0388 -0.0870 -0.9954
vn -0.0390 -0.0605 -0.9974
vn 0.0641 -0.0729 -0.9953
vn 0.0967 -0.0420 -0.9944
vn -0.1219 0.0896 -0.9885
vn -0.0899 0.1243 -0.9882
vn -0.0044 0.0128 -0.9999
vn -0.0053 0.0059 -1.0000
vn -0.0076 0.0062 -1.0000
vn 0.1131 -0.0200 -0.9934
vn 0.1152 -0.0338 -0.9928
vn -0.0030 0.0020 -1.0000
vn -0.1238 0.0037 -0.9923
vn -0.2535 -0.5614 -0.7878
vn 0.1226 0.1058 -0.9868
vn 0.1579 0.0833 -0.9839
vn -0.1293 0.5993 -0.7900
vn 0.0641 -0.1543 -0.9859
vn 0.0325 -0.1226 -0.9919
vn -0.3250 0.5123 -0.7949
vn 0.0439 -0.1276 -0.9909
vn -0.0949 0.6005 -0.7940
vn 0.0065 0.0205 -0.9998
vn -0.0646 -0.6188 -0.7829
vn 0.0535 -0.6206 -0.7823
vn -0.0202 0.0698 -0.9974
vn 0.1363 -0.5640 -0.8145
vn -0.1504 0.1217 -0.9811
vn 0.5348 0.2818 -0.7966
vn -0.1523 -0.0938 -0.9839
vn 0.6021 -0.0129 -0.7983
vn 0.6125 0.0431 -0.7893
vn -0.1552 -0.0738 -0.9851
vn -0.1688 -0.0073 -0.9856
vn 0.4469 0.3961 -0.8021
vn -0.0837 -0.1727 -0.9814
vn -0.1224 -0.1480 -0.9814
vn -0.1436 0.5787 -0.8028
vn -0.0041 -0.0998 -0.9950
vn -0.0142 -0.1307 -0.9913
vn -0.3926 0.4563 -0.7985
vn 0.1859 -0.0349 -0.9820
vn 0.1468 -0.1162 -0.9823
vn 0.0008 0.0332 -0.9994
vn -0.1365 -0.5980 -0.7898
vn 0.1234 -0.6009 -0.7898
vn -0.1050 -0.1236 -0.9868
vn -0.1512 -0.0539 -0.9870
vn 0.5944 0.0726 -0.8009
vn 0.5535 0.2503 -0.7943
vn -0.1438 -0.0153 -0.9895
vn 0.6087 0.0063 -0.7934
vn 0.0730 0.0880 -0.9934
vn 0.0659 0.1034 -0.9925
vn -0.0829 -0.1098 -0.9905
vn -0.0580 0.0271 -0.9979
vn -0.0565 0.0291 -0.9980
vn 0.1935 -0.5697 -0.7988
vn 0.0703 -0.1513 -0.9860
vn -0.4743 0.3414 -0.8115
vn 0.1893 -0.0402 -0.9811
vn 0.1753 -0.0218 -0.9843
vn -0.4333 0.4224 -0.7961
vn -0.5749 0.1893 -0.7960
vn 0.1627 0.0857 -0.9830
vn -0.2643 -0.5472 -0.7942
vn 0.1015 0.1478 -0.9838
vn -0.4506 -0.4335 -0.7804
vn -0.0115 0.1526 -0.9882
vn 0.0291 0.1624 -0.9863
vn 0.1537 -0.0007 -0.9881
vn 0.0625 -0.1041 -0.9926
vn 0.0324 -0.1200 -0.9922
vn 0.1911 -0.0459 -0.9805
vn 0.1166 -0.1078 -0.9873
vn 0.2044 -0.0295 -0.9784
vn -0.0679 0.1369 -0.9883
vn 0.5839 0.1655 -0.7948
vn -0.1118 0.2414 -0.9640
vn -0.0562 0.1155 -0.9917
vn 0.6021 -0.1825 -0.7773
vn 0.6193 0.1127 -0.7770
vn 0.0051 0.0612 -0.9981
vn 0.5845 0.2017 -0.7860
vn -0.0074 -0.0531 -0.9986
vn 0.0233 0.1144 -0.9932
vn 0.0054 0.0009 -1.0000
vn 0.0533 -0.1100 -0.9925
vn 0.2053 -0.5579 -0.8041
vn -0.1461 0.0807 -0.9860
vn -0.0749 0.1449 -0.9866
vn -0.4684 -0.3545 -0.8093
vn 0.0516 0.1544 -0.9867
vn 0.1415 0.0233 -0.9897
vn -0.3299 -0.4944 -0.8042
vn 0.1419 0.0385 -0.9891
vn -0.4960 -0.3261 -0.8048
vn -0.3416 0.5004 -0.7955
vn 0.0930 -0.1107 -0.9895
vn -0.0474 0.6018 -0.7973
vn -0.0551 0.5915 -0.8044
vn 0.0642 -0.1454 -0.9873
vn -0.0065 -0.1624 -0.9867
vn -0.5703 0.1634 -0.8050
vn 0.1959 0.0033 -0.9806
vn 0.1582 -0.0439 -0.9864
vn -0.0093 0.1023 -0.9947
vn 0.0907 0.0911 -0.9917
vn 0.1035 -0.0283 -0.9942
vn 0.3050 0.5398 -0.7846
vn -0.0012 -0.0256 -0.9997
vn -0.0035 -0.0255 -0.9997
vn -0.0018 -0.0063 -1.0000
vn 0.0006 -0.0065 -1.0000
vn 0.1213 0.0001 -0.9926
vn -0.0037 -0.0073 -1.0000
vn 0.1195 -0.0039 -0.9928
vn -0.1221 0.0197 -0.9923
vn -0.0081 -0.0330 -0.9994
vn 0.2481 0.5593 -0.7910
vn -0.0404 0.6118 -0.7900
vn 0.0146 -0.0278 -0.9995
vn -0.3413 0.5109 -0.7890
vn 0.1315 -0.1023 -0.9860
vn 0.4480 0.3949 -0.8021
vn -0.1490 -0.1170 -0.9819
vn -0.1931 -0.0383 -0.9804
vn 0.3367 -0.5176 -0.7866
vn -0.0530 0.1430 -0.9883
vn 0.1086 -0.6085 -0.7861
vn -0.3096 -0.2656 -0.9130
vn 0.1632 0.2807 -0.9458
vn 0.3498 0.1418 -0.9260
vn -0.6071 -0.1412 -0.7820
vn 0.1461 -0.0552 -0.9877
vn -0.6046 0.1544 -0.7814
vn 0.0848 -0.6026 -0.7935
vn -0.1574 0.1109 -0.9813
vn -0.0881 0.1626 -0.9828
vn -0.0092 0.1295 -0.9915
vn 0.0954 0.1306 -0.9868
vn 0.1872 0.0130 -0.9822
vn 0.1474 0.0087 -0.9890
vn 0.0879 0.1326 -0.9873
vn 0.1187 0.1113 -0.9867
vn -0.0588 -0.9523 -0.2995
vn -0.0737 -0.8256 -0.5594
vn 0.4303 -0.8226 -0.3717
vn 0.4601 -0.6731 -0.5790
vn -0.0457 -0.6288 -0.7762
vn 0.5244 -0.4813 -0.7024
vn 0.6284 0.6387 -0.4440
vn 0.5997 0.4897 -0.6329
vn 0.1804 0.8966 -0.4045
vn -0.0159 0.7816 -0.6236
vn 0.2935 0.3503 -0.8895
vn -0.1352 0.6572 -0.7415
vn -0.8343 -0.4581 -0.3067
vn -0.7355 -0.3740 -0.5649
vn -0.4623 -0.7997 -0.3832
vn -0.3924 -0.7737 -0.4975
vn -0.6298 -0.3388 -0.6989
vn -0.2489 -0.6913 -0.6783
vn 0.8073 -0.1964 -0.5565
vn 0.6554 -0.3249 -0.6819
vn 0.7934 0.3257 -0.5142
vn 0.6641 0.4033 -0.6296
vn 0.4415 -0.0777 -0.8939
vn 0.4898 0.4418 -0.7516
vn -0.6382 0.4299 -0.6387
vn -0.4429 0.4306 -0.7864
vn -0.6778 -0.0716 -0.7318
vn -0.8629 -0.0031 -0.5054
vn -0.5852 0.4093 -0.7000
vn -0.7210 -0.0871 -0.6875
vn 0.2339 -0.7989 -0.5541
vn 0.0483 -0.7312 -0.6805
vn 0.6803 -0.5244 -0.5121
vn 0.6828 -0.3735 -0.6279
vn 0.1547 -0.4235 -0.8926
vn 0.6284 -0.2049 -0.7504
vn 0.0754 0.7737 -0.6290
vn 0.1669 0.6029 -0.7802
vn -0.3865 0.5735 -0.7223
vn -0.4186 0.6810 -0.6009
vn 0.0894 0.6138 -0.7844
vn -0.4873 0.4899 -0.7229
vn -0.6308 -0.6367 -0.4435
vn -0.6030 -0.4873 -0.6316
vn -0.1841 -0.8970 -0.4018
vn 0.0185 -0.7773 -0.6288
vn -0.2887 -0.3447 -0.8932
vn 0.1374 -0.6460 -0.7509
vn 0.8188 0.3718 -0.4374
vn 0.7359 0.2517 -0.6286
vn 0.4560 0.7222 -0.5201
vn 0.3810 0.7039 -0.5995
vn 0.5764 0.2308 -0.7839
vn 0.1819 0.6669 -0.7226
vn -0.8665 0.2236 -0.4464
vn -0.7227 0.2739 -0.6346
vn -0.8653 -0.2934 -0.4063
vn -0.6704 -0.4044 -0.6221
vn -0.4521 0.0791 -0.8885
vn -0.5031 -0.4455 -0.7406
vn 0.6354 -0.4289 -0.6421
vn 0.4348 -0.4255 -0.7937
vn 0.6717 0.0725 -0.7372
vn 0.8628 0.0032 -0.5055
vn 0.5852 -0.4099 -0.6997
vn 0.7217 0.0896 -0.6864
vn -0.2753 0.7628 -0.5850
vn -0.0877 0.6979 -0.7108
vn -0.7151 0.4641 -0.5227
vn -0.7261 0.4230 -0.5421
vn -0.1973 0.5100 -0.8372
vn -0.6831 0.2687 -0.6791
vn 0.3292 0.9068 -0.2631
vn 0.2920 0.9532 0.0781
vn 0.4708 0.8820 0.0195
vn -0.1152 0.9927 0.0360
vn -0.1873 0.9419 -0.2790
vn -0.3463 0.9381 0.0117
vn -0.9173 0.3964 0.0380
vn -0.9110 0.3064 -0.2762
vn -0.9855 0.1691 0.0141
vn -0.3243 -0.9064 -0.2706
vn -0.2879 -0.9551 0.0702
vn -0.4671 -0.8841 0.0123
vn 0.6231 -0.7366 -0.2630
vn 0.6804 -0.7286 0.0789
vn 0.5298 -0.8479 0.0190
vn 0.9168 -0.3978 0.0357
vn 0.9100 -0.3070 -0.2785
vn 0.9853 -0.1707 0.0115
vn -0.8635 0.3181 0.3914
vn -0.9945 -0.0131 -0.1037
vn -0.9940 -0.0502 -0.0977
vn -0.8588 0.3662 0.3583
vn -0.9931 -0.0222 -0.1148
vn -0.4682 0.6773 0.5674
vn -0.4868 0.6774 0.5515
vn -0.9929 -0.0632 -0.1004
vn -0.7318 -0.0543 0.6793
vn -0.8008 0.1419 0.5819
vn -0.2221 0.6627 0.7152
vn -0.6621 0.6315 0.4035
vn -0.6123 0.6977 0.3719
vn -0.1912 0.7129 0.6747
vn -0.2920 0.9510 -0.1021
vn -0.0825 0.6974 0.7119
vn -0.2894 0.9518 -0.1014
vn -0.3272 0.9389 -0.1072
vn 0.5221 0.6229 0.5826
vn 0.6836 -0.1388 0.7165
vn 0.8772 0.2580 0.4050
vn 0.9108 0.1796 0.3718
vn 0.7127 -0.1921 0.6747
vn 0.9691 -0.2245 -0.1020
vn 0.6612 -0.2532 0.7062
vn 0.9688 -0.2261 -0.1019
vn 0.9764 -0.1869 -0.1077
vn -0.7044 -0.5977 0.3829
vn -0.4853 -0.8662 -0.1192
vn -0.4531 -0.8842 -0.1135
vn -0.7152 -0.5924 0.3708
vn -0.4253 -0.9003 -0.0923
vn -0.8193 -0.0984 0.5649
vn -0.8301 -0.0830 0.5515
vn -0.4416 -0.8916 -0.1005
vn -0.3188 -0.6609 0.6794
vn -0.2775 0.7645 0.5818
vn 0.4629 0.5237 0.7152
vn 0.2159 0.8892 0.4034
vn 0.2980 0.8791 0.3719
vn 0.5218 0.5221 0.6747
vn 0.6775 0.7284 -0.1020
vn 0.5627 0.4201 0.7120
vn 0.6796 0.7266 -0.1013
vn 0.6494 0.7528 -0.1071
vn 0.1563 -0.9068 0.3915
vn 0.5087 -0.8547 -0.1037
vn 0.5406 -0.8356 -0.0976
vn 0.1125 -0.9268 0.3583
vn 0.5160 -0.8489 -0.1147
vn -0.3523 -0.7442 0.5674
vn -0.3433 -0.7603 0.5515
vn 0.5512 -0.8283 -0.1005
vn 0.4130 -0.6066 0.6794
vn 0.1396 0.0463 -0.9891
vn 0.1378 0.2892 -0.9473
vn -0.1200 0.0626 -0.9908
vn -0.1029 0.0701 -0.9922
vn 0.0418 0.2753 -0.9605
vn -0.0459 0.3221 -0.9456
vn -0.1925 0.0020 -0.9813
vn -0.2129 0.1407 -0.9669
vn -0.2697 0.1179 -0.9557
vn -0.1091 0.0947 -0.9895
vn -0.2831 -0.0950 -0.9544
vn 0.0048 -0.1393 -0.9902
vn 0.0141 -0.1604 -0.9869
vn -0.2368 -0.1384 -0.9617
vn -0.2226 -0.1899 -0.9562
vn 0.2833 -0.6572 -0.6984
vn 0.2973 -0.6721 0.6781
vn 0.3570 -0.2545 0.8988
vn 0.2650 -0.6491 -0.7130
vn 0.3083 -0.3096 0.8995
vn 0.9574 -0.2133 -0.1947
vn 0.4256 0.5754 -0.6984
vn 0.4316 0.5949 0.6781
vn 0.0406 0.4365 0.8988
vn 0.3671 0.6373 -0.6776
vn 0.0420 0.4126 0.9099
vn -0.3841 0.9164 -0.1127
vn 0.7108 -0.0834 -0.6984
vn 0.7307 -0.0789 0.6781
vn 0.3989 0.1819 0.8988
vn 0.7336 -0.0056 -0.6795
vn 0.3824 0.1644 0.9093
vn 0.6093 0.7850 -0.1122
vn 0.6091 0.3747 0.6990
vn 0.6958 0.2024 0.6892
vn 0.8635 0.5031 -0.0349
vn 0.8742 0.4844 -0.0350
vn 0.7082 0.1747 0.6841
vn 0.9453 0.3227 -0.0473
vn 0.6289 -0.3459 0.6963
vn 0.5220 -0.5070 0.6859
vn 0.8703 -0.4798 -0.1107
vn 0.8546 -0.5069 -0.1126
vn 0.4995 -0.5372 0.6796
vn 0.7144 -0.6890 -0.1224
vn 0.0200 -0.7140 0.6999
vn -0.1725 -0.7020 0.6910
vn 0.0146 -0.9993 -0.0344
vn -0.0335 -0.9987 -0.0391
vn -0.2181 -0.6958 0.6844
vn -0.2349 -0.9715 -0.0315
vn -0.0408 0.3468 -0.9370
vn -0.1510 0.2654 -0.9522
vn -0.3251 0.5523 -0.7677
vn -0.5710 0.7312 -0.3732
vn -0.2731 0.4780 -0.8348
vn -0.1584 0.8361 -0.5252
vn -0.8936 -0.3934 -0.2159
vn -0.9253 0.2980 0.2347
vn -0.9022 -0.4311 0.0113
vn -0.6519 -0.4412 -0.6168
vn -0.6869 0.2451 -0.6841
vn -0.8212 0.4202 -0.3860
vn -0.1974 -0.0346 -0.9797
vn -0.5468 -0.0918 -0.8322
vn -0.2341 0.0966 -0.9674
vn 0.8771 -0.4781 -0.0449
vn 0.4699 -0.5869 0.6594
vn 0.6325 -0.7584 -0.1574
vn 0.8851 -0.0611 -0.4614
vn 0.7672 -0.0929 -0.6347
vn 0.7293 -0.4875 -0.4801
vn -0.1287 0.6541 -0.7454
vn -0.1311 0.8285 -0.5444
vn 0.1227 0.7878 -0.6035
vn -0.4478 0.1321 -0.8843
vn -0.4789 0.0125 -0.8778
vn -0.7119 0.0459 -0.7007
vn -0.8756 0.1263 -0.4662
vn -0.1988 0.8473 -0.4925
vn -0.2285 0.6088 -0.7597
vn 0.1398 -0.4348 0.8896
vn 0.2400 0.6451 0.7254
vn 0.1166 0.6784 0.7254
vn -0.3714 -0.2658 0.8896
vn -0.4495 0.6912 0.5659
vn -0.7301 -0.0413 0.6821
vn -0.3777 -0.2567 0.8896
vn 0.3065 -0.3386 0.8896
vn -0.4046 0.7184 0.5659
vn 0.1520 -0.7221 0.6749
vn 0.1739 0.6660 0.7254
vn 0.3598 -0.2812 0.8896
vn 0.3066 0.3385 0.8896
vn -0.6787 -0.1150 0.7254
vn -0.6459 -0.2380 0.7254
vn 0.4150 -0.1907 0.8896
vn -0.3746 -0.7345 0.5659
vn 0.3996 -0.6125 0.6821
vn 0.4114 -0.1983 0.8896
vn 0.1387 0.4351 0.8896
vn -0.4212 -0.7088 0.5659
vn 0.5484 0.4938 0.6749
vn -0.6636 -0.1828 0.7254
vn 0.0623 0.4524 0.8896
vn 0.0445 -0.4545 0.8896
vn -0.8233 -0.0437 0.5659
vn -0.3292 -0.6530 0.6821
vn 0.7013 -0.2296 0.6749
vn -0.4898 0.4837 0.7254
vn 0.4235 0.1709 0.8896
vn 0.4464 -0.0963 0.8896
vn -0.4386 0.5305 0.7254
vn -0.5292 0.4402 0.7254
vn 0.0336 -0.4555 0.8896
vn 0.4464 0.0962 0.8896
vn -0.8244 0.0088 0.5659
vn -0.2546 0.9645 -0.0701
vn -0.1320 0.9912 -0.0038
vn -0.2487 0.9565 -0.1527
vn -0.9741 -0.0621 0.2175
vn -0.9745 -0.2047 0.0916
vn -0.9892 -0.0937 0.1123
vn -0.9618 -0.1772 0.2088
vn -0.6691 0.2466 0.7010
vn -0.3712 0.7573 0.5373
vn -0.7136 0.2574 0.6515
vn -0.7759 0.1114 0.6209
vn -0.8281 0.0903 0.5532
vn -0.6836 0.3368 0.6475
vn -0.7874 0.1443 0.5992
vn -0.6477 0.3423 0.6807
vn -0.1531 0.9660 -0.2086
vn -0.4570 0.5444 -0.7034
vn -0.8372 0.0956 -0.5384
vn -0.4932 0.5679 -0.6589
vn -0.3676 0.6874 -0.6264
vn -0.3695 0.7384 -0.5641
vn -0.6510 0.3292 -0.6840
vn -0.3791 0.6717 -0.6365
vn -0.5616 0.4107 -0.7183
vn -0.5541 0.5127 0.6558
vn -0.4216 0.1791 0.8889
vn -0.6602 0.3626 0.6578
vn -0.8883 -0.0469 0.4569
vn -0.3177 0.0944 0.9435
vn -0.6322 0.1905 0.7510
vn -0.2786 0.8002 0.5311
vn -0.4112 0.5188 0.7495
vn -0.2396 0.7846 0.5718
vn -0.2164 0.9748 0.0540
vn -0.2187 0.8813 0.4189
vn -0.3223 0.8531 0.4103
vn -0.3141 0.8656 -0.3901
vn -0.2679 0.8144 0.5147
vn -0.1382 0.9902 0.0192
vn -0.8358 0.0155 -0.5488
vn -0.8039 0.5936 -0.0367
vn -0.9894 -0.1251 -0.0742
vn -0.8612 -0.2141 -0.4610
vn -0.6957 -0.0915 -0.7125
vn -0.6186 0.1023 -0.7790
vn -0.3789 0.6959 -0.6101
vn -0.6849 0.3035 -0.6624
vn -0.6359 0.3596 -0.6829
vn -0.8226 0.1394 0.5513
vn -0.8604 -0.0288 -0.5089
vn -0.9759 -0.2000 0.0875
vn -0.5735 0.2455 0.7816
vn -0.4545 0.4001 0.7959
vn -0.6186 0.1948 0.7612
vn -0.9379 -0.3262 0.1180
vn -0.6769 -0.7361 0.0002
vn -0.9130 -0.1252 0.3883
vn -0.8995 -0.4196 0.1216
vn -0.8367 -0.3851 0.3895
vn -0.6490 -0.7608 -0.0033
vn -0.8428 0.0559 -0.5352
vn -0.9286 -0.1833 -0.3227
vn -0.9582 -0.0519 -0.2813
vn -0.5826 -0.3454 -0.7357
vn -0.3842 -0.8412 -0.3804
vn -0.3080 -0.1632 -0.9373
vn -0.4480 0.6327 -0.6317
vn -0.5412 0.5582 -0.6288
vn -0.4895 0.6355 -0.5971
vn 0.0201 0.7294 -0.6838
vn 0.0022 0.5821 -0.8131
vn 0.5927 0.7122 -0.3761
vn -0.3395 0.9330 -0.1195
vn -0.0854 0.9933 -0.0780
vn -0.4693 0.7375 -0.4857
vn 0.1276 0.9915 0.0266
vn 0.3262 0.9288 -0.1761
vn 0.3806 0.8646 0.3280
vn -0.4357 0.7813 0.4470
vn -0.0605 0.9959 0.0675
vn -0.3172 0.9388 0.1344
vn 0.5236 0.7314 0.4370
vn -0.1738 0.4202 0.8906
vn -0.0511 0.7053 0.7071
vn -0.9085 -0.1295 -0.3972
vn -0.9453 -0.1797 0.2722
vn -0.8143 0.0306 0.5796
vn -0.1766 0.9293 0.3243
vn -0.4199 0.5833 -0.6953
vn -0.3437 0.7092 0.6156
vn -0.4286 0.5915 0.6829
vn -0.5052 0.4811 -0.7165
vn -0.6547 0.2705 -0.7058
vn -0.4719 0.5297 0.7048
vn -0.6809 0.2340 -0.6940
vn -0.6355 0.2963 0.7130
vn -0.7054 0.1907 0.6827
vn -0.7051 0.1955 -0.6817
vn -0.8285 0.0153 -0.5597
vn 0.0533 -0.1543 0.9866
vn 0.5975 0.3151 0.7373
vn 0.6157 0.3228 0.7189
vn -0.0652 -0.6771 0.7330
vn 0.1569 -0.0158 0.9875
vn -0.1091 -0.6963 0.7094
vn 0.0753 -0.0405 0.9963
vn -0.2811 0.2523 0.9259
vn 0.2968 -0.6967 0.6531
vn -0.3605 0.1264 0.9242
vn 0.3288 -0.6568 0.6786
vn 0.0740 0.0005 0.9973
vn 0.2216 -0.6006 0.7683
vn 0.1785 -0.6120 0.7705
vn 0.0125 0.1187 0.9928
vn 0.0683 0.1542 0.9857
vn -0.3938 -0.5386 0.7448
vn 0.0851 0.1566 0.9840
vn 0.6933 0.1156 0.7113
vn -0.3890 0.2288 0.8924
vn 0.6913 0.1271 0.7113
vn 0.7125 -0.0939 0.6954
vn -0.3532 0.2056 0.9127
vn 0.0041 -0.0897 0.9960
vn 0.4802 0.4632 0.7449
vn -0.1292 -0.1058 0.9860
vn -0.1184 -0.1329 0.9840
vn -0.3568 0.2758 0.8925
vn -0.2768 0.6638 0.6948
vn 0.3285 -0.6176 0.7146
vn 0.2693 -0.6496 0.7110
vn -0.1031 0.7089 0.6977
vn 0.4221 -0.5535 0.7180
vn 0.2841 -0.5221 0.8042
vn -0.3416 0.7237 0.5996
vn -0.4931 0.6327 0.5972
vn -0.6117 0.4920 0.6194
vn -0.7584 0.0235 0.6514
vn 0.6253 0.2392 0.7428
vn 0.5948 -0.3049 0.7438
vn -0.6385 0.3654 0.6773
vn 0.5915 -0.3145 0.7424
vn 0.6755 -0.0960 0.7311
vn -0.6537 0.3414 0.6754
vn -0.7336 -0.0350 0.6787
vn 0.7055 0.0185 0.7085
vn -0.6524 -0.2927 0.6990
vn 0.6957 0.0682 0.7151
vn 0.6938 -0.1289 0.7085
vn -0.6898 0.1922 0.6981
vn -0.3767 0.2419 0.8942
vn 0.7843 0.4060 0.4690
vn 0.5451 0.6952 0.4686
vn 0.5775 0.6295 0.5198
vn 0.6460 0.6812 0.3445
vn 0.8257 0.2836 0.4876
vn 0.2834 0.9200 0.2707
vn 0.7356 0.1589 0.6585
vn 0.5099 0.6771 0.5306
vn 0.7119 -0.1884 0.6766
vn -0.1804 0.9714 -0.1542
vn 0.0992 0.9747 -0.2005
vn -0.4187 0.8934 -0.1626
vn -0.3573 0.7182 0.5971
vn -0.4163 0.7310 0.5407
vn -0.4169 0.6858 0.5965
vn 0.3140 0.6590 0.6835
vn -0.2276 0.7721 0.5934
vn 0.6642 0.2725 0.6961
vn -0.7945 0.1198 0.5953
vn -0.8202 -0.1365 0.5556
vn -0.7973 0.0941 0.5962
vn -0.8933 -0.3984 -0.2079
vn -0.9555 0.0215 -0.2943
vn -0.6599 -0.7510 0.0214
vn -0.6760 -0.4195 0.6058
vn -0.4334 -0.6894 0.5805
vn -0.6956 -0.3893 0.6038
vn -0.5970 -0.7938 0.1162
vn -0.8910 -0.4532 0.0269
vn -0.0965 -0.9369 0.3359
vn -0.2251 -0.7859 0.5760
vn 0.2976 -0.7600 0.5777
vn -0.3237 -0.7522 0.5739
vn 0.6952 -0.1273 0.7074
vn 0.7003 -0.2769 0.6579
vn 0.7132 -0.2421 0.6578
vn -0.8069 -0.1715 0.5653
vn -0.6395 -0.6534 0.4051
vn -0.1742 -0.4307 0.8855
vn 0.1953 -0.8055 0.5595
vn -0.3780 -0.9001 0.2167
vn -0.2307 -0.9529 0.1967
vn 0.3570 -0.5671 0.7423
vn 0.3303 -0.9151 0.2312
vn 0.6086 -0.5116 0.6065
vn 0.1960 -0.9204 0.3382
vn 0.3585 -0.8787 0.3153
vn 0.4884 -0.4782 0.7299
vn 0.7506 -0.6578 -0.0635
vn 0.8298 -0.5579 -0.0169
vn 0.2920 -0.9454 0.1450
vn 0.3249 -0.7584 0.5650
vn 0.7684 -0.5149 0.3800
vn 0.4436 -0.1520 0.8833
vn 0.9980 -0.0403 -0.0484
vn 0.9960 0.0891 -0.0054
vn 0.8259 -0.4895 0.2798
vn 0.7129 -0.2239 0.6646
vn 0.8868 0.2157 0.4087
vn 0.3754 0.3474 0.8593
vn 0.8793 0.2380 0.4126
vn 0.8090 0.5840 -0.0665
vn 0.7253 0.6878 -0.0290
vn 0.4164 0.5160 0.7486
vn 0.2842 0.8834 0.3726
vn -0.1857 0.6011 0.7773
vn 0.2304 0.9319 0.2802
vn 0.0900 0.9471 0.3081
vn 0.0047 0.6123 0.7906
vn -0.5228 0.5946 0.6108
vn -0.4194 0.9053 0.0676
vn -0.5521 0.8302 0.0768
vn -0.0715 0.7811 0.6202
vn -0.5502 0.7436 0.3799
vn -0.4611 0.2392 0.8545
vn -0.5067 0.5659 0.6503
vn -0.7828 0.6137 0.1027
vn -0.8558 0.4983 0.1389
vn -0.6697 0.0474 0.7411
vn -0.9650 0.0398 0.2591
vn -0.6368 -0.3368 0.6936
vn -0.9653 0.0401 0.2579
vn -0.9529 -0.1006 0.2861
vn -0.6192 -0.1347 0.7736
vn -0.9886 -0.0925 0.1192
vn -0.7967 -0.5971 -0.0938
vn -0.7173 -0.6954 -0.0437
vn -0.1063 0.7286 0.6766
vn -0.3931 0.6174 0.6814
vn -0.0003 -0.0001 1.0000
vn -0.0011 -0.0006 1.0000
vn -0.4083 0.6129 0.6765
vn -0.6258 0.3918 0.6745
vn 0.2768 0.6823 0.6766
vn -0.0928 0.7320 0.6750
vn 0.5394 0.5038 0.6747
vn 0.2895 0.6787 0.6749
vn 0.0008 -0.0003 1.0000
vn 0.0018 -0.0015 1.0000
vn 0.7043 0.2230 0.6740
vn 0.5434 0.4995 0.6747
vn -0.2088 -0.2727 -0.9392
vn -0.1276 0.0902 -0.9877
vn -0.1787 -0.2874 -0.9410
vn 0.9843 -0.1541 -0.0863
vn 0.8924 -0.2100 -0.3994
vn 0.8194 -0.5650 -0.0964
vn 0.8160 -0.5778 0.0166
vn 0.9108 -0.2455 -0.3318
vn 0.8840 -0.4302 -0.1829
vn 0.1683 -0.9383 0.3020
vn -0.0449 -0.9986 -0.0284
vn 0.3973 -0.9175 0.0170
vn 0.1895 -0.9246 0.3304
vn 0.4573 -0.8883 0.0424
vn 0.3898 -0.8815 0.2666
vn -0.9362 -0.3513 0.0108
vn -0.6650 -0.5833 0.4664
vn -0.8291 -0.3838 0.4065
vn -0.8536 -0.5197 0.0359
vn -0.7662 -0.5021 0.4011
vn -0.9981 -0.0609 -0.0108
vn -0.8446 0.5342 0.0371
vn -0.7447 0.6639 -0.0677
vn -0.7704 0.6367 -0.0336
vn -0.8373 0.5425 -0.0687
vn -0.6976 0.6778 -0.2322
vn -0.5171 0.8476 -0.1194
vn 0.3112 0.9495 -0.0392
vn 0.3550 0.5861 -0.7283
vn 0.5588 0.8291 -0.0175
vn 0.5522 0.8323 -0.0487
vn 0.2074 0.6285 -0.7497
vn 0.4210 0.5042 -0.7540
vn -0.9809 0.1714 0.0915
vn -0.8778 -0.1113 -0.4659
vn -0.9365 0.1080 -0.3337
vn -0.7942 0.5963 -0.1172
vn -0.7155 0.6985 -0.0164
vn -0.4478 0.8914 -0.0702
vn -0.3569 0.9310 0.0765
vn -0.6575 0.7428 0.1258
vn -0.5193 0.8261 0.2189
vn 0.4646 0.8847 -0.0381
vn 0.5914 0.6915 0.4148
vn 0.8246 0.5657 -0.0026
vn 0.9173 0.3935 0.0601
vn 0.6080 0.6367 0.4742
vn 0.7694 0.4556 0.4477
vn 0.8758 -0.4735 0.0935
vn 0.7959 -0.5932 -0.1215
vn 0.6794 -0.7054 -0.2018
vn 0.8869 -0.4613 -0.0262
vn 0.6585 -0.7007 -0.2746
vn 0.6020 -0.7973 -0.0426
vn -0.5996 -0.7988 -0.0501
vn -0.0093 -0.7639 -0.6453
vn -0.2350 -0.6510 -0.7218
vn -0.6556 -0.7378 -0.1606
vn -0.2870 -0.4721 -0.8335
vn -0.8171 -0.5501 -0.1725
vn 0.6027 -0.7979 -0.0136
vn 0.6481 -0.6979 0.3047
vn 0.8875 -0.4604 -0.0173
vn 0.8405 -0.5413 0.0224
vn 0.5742 -0.7157 0.3975
vn 0.7356 -0.6309 0.2467
vn 0.9094 0.1127 -0.4003
vn 0.9908 -0.0942 -0.0972
vn 0.9402 -0.0914 -0.3281
vn 0.7547 0.6500 0.0890
vn 0.6395 0.6746 -0.3687
vn 0.3621 0.9307 0.0519
vn -0.1031 0.9935 -0.0489
vn 0.3264 0.8281 -0.4556
vn 0.0797 0.9116 -0.4032
vn -0.4572 0.8842 0.0957
vn -0.5104 0.8583 -0.0529
vn -0.8077 0.5848 0.0749
vn -0.7892 0.6130 -0.0382
vn -0.8791 0.4728 0.0601
vn -0.8722 0.4887 0.0194
vn -0.8477 -0.5210 0.0998
vn -0.4931 -0.3886 0.7784
vn -0.6895 -0.7176 0.0986
vn -0.5976 -0.8004 0.0472
vn -0.5225 -0.4080 0.7487
vn -0.3337 -0.5674 0.7528
vn -0.5161 0.8563 -0.0222
vn -0.4684 0.7781 0.4185
vn -0.8378 0.5460 0.0018
vn -0.7905 0.6124 0.0078
vn -0.5295 0.7719 0.3518
vn -0.6717 0.7104 0.2100
vn -0.9827 0.1853 0.0036
vn -0.9677 0.0409 -0.2489
vn -0.9339 -0.1587 -0.3203
vn -0.9996 0.0297 -0.0025
vn -0.9039 -0.2882 -0.3161
vn -0.9043 -0.4267 0.0154
vn -0.2956 -0.9551 -0.0213
vn -0.4514 -0.7541 -0.4771
vn -0.2305 -0.8633 -0.4490
vn -0.1517 -0.9884 0.0034
vn -0.0940 -0.9342 -0.3440
vn 0.3252 -0.9453 0.0250
vn 0.5297 -0.8475 -0.0344
vn 0.6508 -0.7399 -0.1703
vn 0.7689 -0.6354 -0.0707
vn 0.8025 -0.5709 0.1735
vn 0.8794 -0.2350 0.4141
vn 0.9660 -0.1664 0.1977
vn 0.5734 0.8182 -0.0423
vn 0.7535 0.2951 0.5875
vn 0.5845 0.4682 0.6626
vn 0.5536 0.8248 0.1154
vn 0.4660 0.4270 0.7749
vn 0.3155 0.9395 0.1335
vn 0.2007 -0.5789 0.7903
vn 0.2970 -0.6153 0.7302
vn 0.0382 -0.5971 0.8012
vn -0.3346 -0.2849 0.8983
vn 0.1677 -0.3274 0.9299
vn -0.6359 -0.4673 0.6143
vn 0.3614 0.5556 0.7488
vn 0.2726 0.7230 0.6348
vn 0.4809 0.4175 0.7710
vn 0.3255 0.4387 0.8376
vn 0.2852 0.5756 0.7664
vn 0.4375 0.3930 0.8088
vn 0.6243 -0.6882 0.3698
vn 0.6019 -0.4565 0.6553
vn 0.6945 -0.6624 0.2810
vn 0.7849 -0.2889 0.5482
vn 0.7309 -0.6682 0.1392
vn 0.7982 -0.1649 0.5793
vn 0.3627 -0.0154 0.9318
vn 0.6215 0.0616 0.7810
vn 0.1768 -0.1841 0.9669
vn -0.0953 -0.2909 0.9520
vn 0.2950 0.0008 0.9555
vn -0.1652 -0.7319 0.6611
vn 0.1237 -0.6470 0.7523
vn -0.1917 -0.9015 0.3880
vn 0.0787 -0.6728 0.7357
vn -0.7646 -0.3648 0.5313
vn -0.6233 -0.6874 0.3727
vn -0.7297 -0.4392 0.5240
vn -0.5865 -0.1034 0.8033
vn -0.5985 -0.2622 0.7570
vn -0.6590 -0.0313 0.7515
vn -0.5470 0.8012 0.2426
vn -0.6045 0.6035 0.5199
vn -0.6043 0.7723 0.1958
vn -0.7492 0.4109 0.5195
vn -0.6244 0.7698 0.1322
vn -0.7807 0.3012 0.5475
vn 0.1892 0.6319 0.7516
vn -0.1350 0.3414 0.9302
vn 0.1746 0.8813 0.4392
vn -0.2085 0.8935 0.3977
vn 0.1842 0.9829 0.0081
vn -0.3224 0.8460 0.4247
vn 0.5660 0.3499 0.7465
vn 0.1148 0.4241 0.8983
vn 0.7713 0.5019 0.3915
vn 0.4591 0.6965 0.5515
vn 0.8275 0.5460 0.1310
vn 0.4158 0.7127 0.5649
vn -0.5003 -0.6458 0.5767
vn -0.7705 -0.5117 0.3802
vn -0.3895 -0.7083 0.5887
vn -0.1505 -0.7674 0.6233
vn -0.1670 -0.8077 0.5655
vn -0.1037 -0.8401 0.5324
vn -0.7439 0.1120 0.6588
vn -0.5346 -0.1939 0.8226
vn -0.8957 0.1597 0.4151
vn 0.1051 0.5761 0.8106
vn -0.1206 -0.7220 0.6813
vn 0.0662 -0.7213 0.6894
vn 0.0979 0.6230 0.7761
vn -0.6388 -0.3534 0.6834
vn -0.6213 -0.3848 0.6825
vn -0.3398 0.5925 0.7304
vn -0.6511 -0.4609 0.6030
vn 0.4317 -0.3611 0.8266
vn 0.5584 0.1556 0.8149
vn -0.7035 -0.2202 0.6757
vn -0.5947 -0.4215 0.6846
vn -0.4609 0.5769 0.6744
vn -0.0557 -0.5772 0.8147
vn -0.2889 -0.5604 0.7762
vn -0.6612 0.0865 0.7452
vn 0.6886 -0.0292 0.7246
vn -0.0140 0.7832 0.6217
vn -0.1763 0.7038 0.6882
vn 0.6437 -0.1547 0.7495
vn 0.5809 -0.2516 0.7741
vn 0.0601 0.5627 0.8245
vn -0.9188 0.3433 0.1946
vn -0.6343 -0.4637 0.6186
vn 0.5786 0.2284 0.7830
vn -0.3201 -0.5897 0.7415
vn 0.4937 0.4531 0.7423
vn -0.1501 -0.5668 0.8100
vn 0.1566 0.7147 0.6817
vn -0.0723 0.7211 0.6891
vn 0.7808 -0.0109 0.6247
vn 0.7372 -0.3577 0.5733
vn 0.7401 0.2943 0.6047
vn 0.7565 -0.1066 0.6453
vn 0.7220 0.3055 0.6208
vn 0.7619 -0.0050 0.6477
vn 0.6457 0.3389 0.6843
vn 0.6324 0.3653 0.6831
vn -0.1096 -0.6134 0.7822
vn 0.3385 -0.5993 0.7254
vn 0.7888 0.2997 0.5367
vn 0.8671 0.0412 0.4964
vn 0.6927 0.4012 0.5993
vn 0.7197 0.2724 0.6386
vn 0.6774 0.3572 0.6430
vn 0.6176 -0.4960 0.6104
vn 0.5193 -0.5517 0.6526
vn 0.3080 -0.7295 0.6107
vn 0.1574 -0.8673 0.4722
vn 0.6684 -0.6039 0.4343
vn 0.4671 -0.7592 0.4532
vn 0.0267 -0.8044 0.5935
vn 0.3337 -0.7036 0.6273
vn 0.2175 -0.7459 0.6296
vn -0.1363 -0.8185 0.5581
vn -0.1096 -0.7891 0.6044
vn -0.0248 -0.7981 0.6020
vn 0.2548 -0.8065 0.5335
vn -0.0021 -0.8194 0.5732
vn 0.6751 -0.0735 0.7341
vn 0.9684 0.2492 0.0035
vn 0.9306 0.3636 0.0418
vn 0.9721 0.1286 0.1962
vn 0.8591 -0.2625 0.4393
vn 0.4398 0.1706 0.8817
vn 0.3201 0.4547 0.8311
vn 0.8544 0.5005 0.1394
vn 0.8250 0.5524 0.1193
vn 0.7609 0.5399 0.3600
vn 0.6556 -0.2577 0.7098
vn -0.0450 -0.5395 0.8408
vn 0.6578 -0.2114 0.7229
vn -0.1594 -0.9706 0.1805
vn -0.2198 -0.8899 0.3997
vn -0.2090 -0.9660 0.1520
vn 0.1914 -0.9779 0.0844
vn 0.2442 -0.9647 0.0986
vn 0.3070 -0.8929 0.3294
vn 0.5620 -0.7872 0.2540
vn 0.5533 -0.8315 -0.0496
vn 0.6325 -0.7744 0.0164
vn 0.8594 -0.4143 0.2997
vn 0.8990 -0.4371 0.0286
vn 0.9003 -0.3224 0.2924
vn 0.8714 -0.4630 0.1621
vn 0.8917 -0.4120 0.1872
vn 0.8418 -0.3395 0.4197
vn 0.9127 -0.1026 0.3956
vn 0.9879 -0.1249 0.0917
vn 0.9852 -0.0579 0.1613
vn 0.7604 -0.2106 0.6144
vn 0.5760 -0.4525 0.6808
vn 0.7894 -0.3662 0.4926
vn -0.1599 -0.9676 0.1954
vn -0.0914 -0.9060 0.4132
vn -0.2027 -0.8857 0.4177
vn -0.1327 -0.5958 0.7921
vn -0.0005 -0.5943 0.8042
vn -0.0958 -0.3332 0.9380
vn 0.1840 -0.9822 0.0379
vn 0.3146 -0.9072 0.2795
vn 0.2301 -0.9256 0.3005
vn 0.1249 -0.5462 0.8283
vn 0.0904 -0.2635 0.9604
vn 0.0190 -0.2867 0.9578
vn 0.1787 -0.6830 0.7083
vn 0.2865 -0.6528 0.7012
vn 0.2083 -0.4165 0.8850
vn 0.6458 -0.7548 0.1150
vn 0.6194 -0.7036 0.3482
vn 0.5261 -0.7825 0.3329
vn 0.4263 -0.6629 0.6155
vn 0.4967 -0.6220 0.6053
vn 0.4142 -0.4092 0.8130
vn 0.3524 -0.6260 0.6956
vn 0.3232 -0.3610 0.8748
vn 0.2651 -0.3934 0.8803
vn 0.1908 -0.3122 0.9307
vn 0.2693 -0.2678 0.9251
vn 0.4161 -0.6684 0.6165
vn 0.7727 -0.1698 0.6116
vn 0.7823 -0.0039 0.6229
vn 0.3264 0.0500 0.9439
vn 0.3872 -0.0685 0.9195
vn 0.8007 -0.0149 0.5988
vn 0.3863 -0.1002 0.9169
vn 0.9859 -0.0725 0.1510
vn 0.9301 0.0168 0.3668
vn 0.9156 -0.1164 0.3849
vn 0.6583 0.1645 0.7345
vn 0.4422 0.0745 0.8938
vn 0.5575 -0.1099 0.8229
vn 0.6667 0.0075 0.7453
vn 0.5434 0.2032 0.8145
vn 0.8805 0.3349 0.3355
vn 0.8967 0.4038 0.1815
vn 0.9078 0.1717 0.3827
vn 0.9403 0.1432 0.3088
vn 0.2178 0.2395 0.9462
vn 0.6990 0.3473 0.6251
vn 0.6017 0.4895 0.6312
vn 0.8615 0.4601 0.2145
vn 0.7590 0.4868 0.4324
vn 0.8020 0.4070 0.4373
vn 0.5373 -0.1671 0.8266
vn -0.5971 0.5685 0.5660
vn -0.8016 0.1381 0.5816
vn -0.4514 0.5039 0.7364
vn 0.4790 -0.5434 0.6894
vn -0.4536 0.5019 0.7364
vn -0.4010 0.5448 0.7364
vn 0.0799 -0.7199 0.6895
vn 0.4168 -0.5924 0.6894
vn 0.3188 -0.5097 0.7991
vn 0.0925 0.7964 0.5976
vn -0.2165 0.7662 0.6050
vn 0.0684 -0.5711 0.8181
vn -0.4264 0.6614 0.6170
vn 0.1268 -0.5642 0.8158
vn -0.4094 -0.2737 0.8703
vn 0.8470 0.1514 0.5096
vn 0.6231 0.5836 0.5208
vn -0.3373 0.5011 0.7969
vn 0.6317 -0.4918 0.5992
vn 0.7860 -0.2646 0.5587
vn 0.5124 0.3775 0.7713
vn -0.7267 -0.2425 0.6427
vn -0.4104 -0.6231 0.6658
vn 0.6215 0.0966 0.7774
vn -0.7684 -0.0867 0.6341
vn 0.6128 0.0963 0.7843
vn -0.5885 0.1709 -0.7902
vn -0.5953 0.1460 -0.7901
vn 0.7746 -0.0686 -0.6288
vn -0.5289 0.3736 -0.7620
vn 0.7282 -0.2121 -0.6517
vn 0.4640 -0.5745 -0.6743
vn 0.6358 0.5318 -0.5594
vn 0.8127 0.1044 -0.5733
vn -0.5526 -0.0571 -0.8315
vn -0.6865 -0.4190 -0.5943
vn -0.7969 -0.2416 -0.5537
vn 0.3592 0.4925 -0.7927
vn 0.4346 -0.2212 -0.8730
vn -0.8493 0.1517 -0.5057
vn -0.6173 0.5999 -0.5089
vn 0.5407 0.4066 -0.7364
vn -0.5648 -0.4535 -0.6895
vn 0.5463 0.3990 -0.7364
vn 0.1322 -0.5674 -0.8127
vn -0.3402 0.7214 -0.6032
vn 0.0925 -0.5745 -0.8133
vn 0.1083 -0.5583 -0.8226
vn -0.1938 0.7870 -0.5857
vn 0.1629 0.7966 -0.5822
vn 0.3181 0.5970 -0.7364
vn -0.0370 -0.7234 -0.6895
vn -0.4582 -0.5610 -0.6895
vn 0.1162 0.1874 -0.9754
vn 0.8203 -0.5653 -0.0871
vn -0.1613 -0.2133 -0.9636
vn 0.1019 -0.9912 -0.0843
vn 0.3542 -0.1056 0.9292
vn -0.1055 -0.1754 0.9788
vn 0.1058 -0.1277 -0.9862
vn -0.1302 -0.9912 0.0238
vn -0.3669 -0.0345 -0.9296
vn -0.8221 -0.5481 0.1539
vn 0.2275 -0.1871 0.9556
vn -0.0634 0.2092 0.9758
vn -0.5101 0.8468 -0.1506
vn -0.2174 -0.3720 -0.9024
vn -0.6040 0.7846 -0.1396
vn 0.1350 -0.3864 0.9124
vn 0.7551 0.6449 0.1177
vn 0.6731 0.7282 0.1290
vn 0.9730 -0.0687 0.2205
vn 0.1915 0.5600 -0.8060
vn 0.9739 0.0324 0.2248
vn 0.1410 -0.2175 0.9658
vn -0.5106 -0.8372 -0.1959
vn 0.0467 -0.1925 0.9802
vn 0.4371 -0.8860 0.1549
vn -0.0658 -0.1487 -0.9867
vn -0.1739 -0.1675 -0.9704
vn -0.0181 0.5812 0.8135
vn -0.9699 0.1922 -0.1493
vn -0.9830 0.1227 -0.1362
vn 0.0064 -0.6218 0.7832
vn 0.0210 0.7703 0.6374
vn -0.3733 0.7002 0.6086
vn -0.1453 -0.7062 0.6929
vn 0.2984 0.6221 0.7238
vn -0.0866 -0.7249 0.6834
vn 0.0743 0.6007 0.7960
vn -0.1152 -0.7766 0.6194
vn 0.0534 0.6028 0.7961
vn 0.2138 0.5142 0.8306
vn -0.6704 -0.4738 0.5710
vn -0.2910 -0.7647 0.5749
vn -0.6276 -0.0204 0.7783
vn 0.6732 -0.4137 0.6129
vn 0.7652 -0.0362 0.6427
vn -0.0968 0.5710 0.8152
vn 0.0195 -0.8026 0.5962
vn 0.3871 -0.7031 0.5964
vn -0.7454 0.0896 0.6606
vn 0.6393 0.2526 0.7262
vn -0.7428 0.0400 0.6683
vn -0.6205 -0.5011 0.6032
vn 0.5772 0.1553 0.8017
vn 0.2852 0.5272 0.8005
vn 0.4688 -0.3366 0.8167
vn -0.4800 0.6348 0.6055
vn 0.5073 -0.2707 0.8181
vn 0.4383 -0.3821 0.8136
vn -0.6170 0.5136 0.5963
vn -0.7907 0.1482 0.5940
vn -0.6990 0.1358 -0.7021
vn 0.6922 -0.0146 -0.7216
vn -0.6947 0.1846 -0.6952
vn 0.1019 0.5759 -0.8112
vn -0.1147 -0.7922 -0.5994
vn 0.1182 0.5727 -0.8112
vn -0.7454 -0.2916 -0.5995
vn 0.3944 0.4440 -0.8046
vn 0.5973 -0.0055 -0.8020
vn -0.0047 0.5271 -0.8498
vn 0.4089 -0.7392 -0.5352
vn 0.0282 -0.8381 -0.5448
vn -0.6184 0.0093 -0.7858
vn 0.7379 -0.2951 -0.6070
vn 0.6186 -0.5536 -0.5576
vn 0.5884 -0.3339 -0.7364
vn -0.6656 0.2857 -0.6894
vn 0.5954 -0.3380 -0.7289
vn 0.6427 -0.0620 -0.7636
vn -0.6733 0.4168 -0.6107
vn -0.5689 0.5825 -0.5806
vn 0.2468 0.4501 -0.8582
vn -0.3381 -0.7736 -0.5360
vn -0.6856 -0.5010 -0.5282
vn -0.1757 -0.7330 -0.6572
vn 0.4642 0.5079 -0.7256
vn -0.2404 -0.7022 -0.6702
vn 0.5333 -0.2953 -0.7927
vn -0.8162 -0.1283 -0.5634
vn -0.7692 0.1859 -0.6113
vn -0.3076 0.7465 -0.5900
vn 0.1871 0.7527 -0.6312
vn -0.1721 -0.5866 -0.7914
vn -0.2617 0.0804 -0.9618
vn -0.0153 0.9993 0.0339
vn 0.1578 0.1206 -0.9801
vn 0.7415 0.5955 -0.3092
vn 0.1380 0.4327 0.8909
vn 0.3972 0.0733 0.9148
vn 0.1636 0.2796 -0.9461
vn 0.8710 0.4415 0.2155
vn 0.3859 -0.1317 -0.9131
vn 0.9335 -0.3551 -0.0495
vn 0.1925 0.1691 0.9666
vn 0.0267 -0.2496 0.9680
vn -0.8212 0.4674 0.3272
vn 0.0688 -0.3895 0.9185
vn 0.3003 0.0596 0.9520
vn 0.0198 0.7906 0.6120
vn 0.2483 0.5168 -0.8193
vn -0.0029 0.7923 0.6101
vn -0.0408 0.3444 0.9379
vn 0.2767 0.8685 -0.4114
vn 0.2046 0.8867 -0.4147
vn 0.8677 -0.3362 0.3661
vn 0.2100 -0.2201 -0.9526
vn 0.8860 -0.2876 0.3638
vn 0.4243 -0.1087 0.8990
vn 0.6859 -0.5464 -0.4807
vn 0.7339 -0.4894 -0.4711
vn -0.2320 -0.8014 0.5514
vn -0.3083 -0.3873 -0.8689
vn -0.1491 -0.8305 0.5367
vn -0.5656 -0.2024 0.7995
vn -0.7652 0.1938 -0.6140
vn -0.7684 0.1473 -0.6227
vn -0.5732 0.1211 0.8104
vn -0.5477 0.0975 0.8310
vn 0.1166 -0.9166 0.3825
vn 0.1548 -0.8267 0.5409
vn 0.3715 -0.4033 0.8363
vn 0.1422 -0.7315 0.6668
vn 0.1760 -0.7918 0.5848
vn 0.0679 -0.8270 0.5581
vn 0.3405 -0.7471 0.5709
vn 0.4789 -0.3741 0.7942
vn -0.7096 -0.5253 0.4696
vn -0.7713 -0.4572 0.4428
vn 0.4674 -0.6274 0.6228
vn -0.7673 -0.0841 0.6357
vn 0.2832 -0.8532 0.4381
vn 0.2707 -0.9350 0.2290
vn 0.2155 -0.3370 0.9165
vn 0.2540 -0.3516 0.9010
vn 0.8573 0.0006 0.5148
vn -0.2381 0.7425 0.6261
vn 0.7388 -0.2016 0.6431
vn 0.9099 0.1301 0.3939
vn 0.3759 0.9266 -0.0111
vn 0.5393 0.8403 -0.0557
vn -0.3419 0.6287 0.6985
vn -0.3535 0.5970 0.7202
vn 0.8584 0.0857 0.5057
vn 0.8315 -0.0588 0.5525
vn 0.4245 0.0302 0.9049
vn 0.4011 0.0583 0.9142
vn 0.9061 0.0371 0.4214
vn 0.8688 0.1157 0.4815
vn 0.8736 0.1634 0.4583
vn 0.8294 0.5238 0.1941
vn 0.6211 0.0813 0.7795
vn 0.6880 0.0264 0.7252
vn 0.9394 0.2121 -0.2692
vn 0.0118 0.2380 -0.9712
vn 0.1069 0.2122 -0.9714
vn 0.6357 0.0467 -0.7705
vn 0.9224 0.2857 -0.2599
vn 0.8310 0.0238 -0.5557
vn -0.1866 0.7745 -0.6044
vn -0.2139 0.7413 -0.6362
vn 0.5807 -0.2349 -0.7795
vn 0.7168 -0.2038 -0.6669
vn -0.2541 0.6776 -0.6901
vn 0.9129 0.0203 -0.4076
vn 0.8497 0.3402 -0.4029
vn 0.8193 0.4176 -0.3929
vn 0.6028 -0.3631 -0.7105
vn 0.6637 -0.1819 -0.7255
vn 0.2700 0.8694 -0.4138
vn 0.1357 0.9083 -0.3958
vn 0.8870 0.4389 -0.1432
vn 0.7567 -0.0033 -0.6537
vn 0.7720 0.0017 -0.6356
vn 0.4115 -0.5497 -0.7269
vn -0.8513 -0.2644 -0.4531
vn -0.8432 -0.2846 -0.4561
vn 0.1605 -0.9081 -0.3869
vn -0.4345 0.0578 -0.8988
vn -0.4637 0.0850 -0.8819
vn 0.2601 -0.8560 -0.4469
vn -0.6895 0.0423 -0.7230
vn 0.4111 -0.6410 -0.6482
vn 0.3284 -0.8306 -0.4497
vn 0.1435 -0.3639 -0.9203
vn 0.0489 -0.3357 -0.9407
vn -0.0636 -0.8934 -0.4447
vn -0.0206 -0.8931 -0.4494
vn 0.1868 -0.8812 -0.4343
vn -0.6037 -0.7196 -0.3431
vn -0.4830 -0.8198 -0.3076
vn 0.4049 -0.6910 -0.5989
vn -0.1747 -0.9382 -0.2987
vn 0.1335 -0.7611 -0.6347
vn 0.3027 -0.6840 -0.6638
vn 0.2381 -0.9169 -0.3202
vn 0.3234 -0.6501 -0.6876
vn 0.2897 -0.6781 -0.6754
vn -0.6107 -0.7328 -0.3000
vn 0.3392 -0.7558 -0.5601
vn 0.3089 -0.7451 -0.5911
vn 0.5719 -0.4695 -0.6727
vn 0.7287 0.0988 -0.6777
vn 0.6884 -0.2428 -0.6835
vn 0.6730 -0.1013 -0.7327
vn 0.7223 0.1377 -0.6777
vn 0.6407 -0.2613 -0.7219
vn 0.9981 0.0578 -0.0225
vn 0.9983 0.0145 -0.0560
vn 0.5666 0.4670 0.6789
vn 0.0832 0.3177 -0.9445
vn 0.9219 0.0357 -0.3858
vn 0.9263 0.1631 -0.3395
vn 0.9818 0.1512 0.1152
vn 0.8646 -0.0330 0.5014
vn 0.9089 0.0693 0.4112
vn 0.8602 0.0740 0.5046
vn 0.8552 -0.0362 0.5170
vn -0.0646 0.3557 0.9324
vn 0.8997 0.1124 0.4218
vn 0.0618 0.3244 0.9439
vn -0.0483 0.4045 0.9133
vn 0.6248 0.6847 0.3753
vn 0.7442 -0.2344 0.6255
vn 0.6529 -0.2673 0.7087
vn 0.5466 -0.4095 0.7304
vn 0.0886 -0.7029 0.7058
vn 0.4028 -0.5497 0.7319
vn 0.3567 -0.5780 0.7340
vn 0.1686 -0.6875 0.7063
vn 0.4805 -0.5190 0.7069
vn -0.8018 0.0500 0.5955
vn 0.4416 -0.6391 0.6297
vn -0.5841 -0.7558 0.2960
vn -0.8940 -0.3944 0.2125
vn -0.2516 -0.9363 -0.2450
vn -0.3627 -0.8978 -0.2497
vn 0.1014 0.1027 0.9895
vn 0.3548 -0.7939 0.4937
vn 0.2715 -0.7839 0.5583
vn 0.1171 -0.9894 0.0856
vn 0.2006 -0.9796 0.0112
vn 0.2340 -0.9720 -0.0210
vn 0.1280 -0.9904 0.0515
vn 0.2455 -0.9524 -0.1808
vn 0.1379 -0.9684 -0.2079
vn 0.2379 -0.8375 -0.4920
vn 0.3139 -0.8546 -0.4137
vn 0.0088 0.0419 -0.9991
vn -0.9147 -0.4034 -0.0261
vn 0.2315 -0.1010 -0.9676
vn -0.9186 -0.3942 -0.0264
vn -0.2662 0.0822 0.9604
vn -0.9041 0.0775 -0.4203
vn -0.9014 0.1035 -0.4205
vn -0.2246 0.8635 0.4515
vn -0.1268 0.2835 -0.9506
vn -0.2092 0.8675 0.4513
vn -0.0970 0.5027 0.8590
vn -0.0669 0.7681 -0.6368
vn 0.0201 0.7737 -0.6333
vn 0.6940 0.3206 0.6446
vn 0.5041 0.1354 -0.8530
vn 0.7253 0.2333 0.6477
vn 0.7883 0.5605 0.2537
vn 0.0709 0.0825 -0.9941
vn 0.1587 -0.0558 -0.9858
vn 0.1230 -0.8579 0.4988
vn 0.4877 -0.3102 -0.8160
vn 0.4891 -0.3091 -0.8156
vn 0.3974 -0.8389 0.3720
vn 0.5253 -0.0039 -0.8509
vn 0.4132 -0.8299 0.3748
vn -0.4620 -0.3005 0.8344
vn -0.0711 -0.8709 -0.4864
vn -0.0608 -0.8725 -0.4848
vn 0.9574 0.2887 0.0062
vn 0.9574 0.2885 0.0059
vn 0.5953 0.5692 -0.5671
vn 0.6492 0.2883 -0.7038
vn 0.9606 0.2645 -0.0858
vn 0.9618 0.2504 -0.1103
vn -0.0288 -0.7073 0.7064
vn 0.0792 -0.9930 0.0871
vn 0.0923 -0.9898 0.1084
vn 0.7977 0.5552 0.2356
vn 0.5256 0.7377 -0.4237
vn 0.5691 0.1452 0.8093
vn 0.6168 0.1448 0.7737
vn 0.7595 0.2950 -0.5798
vn 0.4858 0.4567 0.7452
vn 0.5156 0.6295 0.5813
vn 0.5886 0.3175 -0.7435
vn 0.3281 0.5503 -0.7678
vn 0.3388 0.5695 0.7489
vn 0.2481 0.7559 -0.6058
vn 0.0475 0.6739 0.7373
vn -0.0086 0.7957 0.6057
vn 0.0929 0.6750 -0.7319
vn -0.2643 0.6277 -0.7322
vn -0.0351 0.6962 0.7170
vn -0.3712 0.6951 -0.6157
vn -0.3486 0.5945 0.7246
vn -0.5964 0.5539 0.5810
vn -0.4602 0.4691 -0.7538
vn -0.6366 0.1966 -0.7457
vn -0.5509 0.3733 0.7465
vn -0.7915 0.1649 -0.5884
vn -0.6650 0.0325 0.7461
vn -0.7904 -0.0896 0.6060
vn -0.6758 0.0568 -0.7349
vn -0.6124 -0.2751 -0.7412
vn -0.6390 -0.1531 0.7538
vn -0.6911 -0.4161 -0.5909
vn -0.4844 -0.4558 0.7467
vn -0.4606 -0.6972 0.5493
vn -0.4252 -0.4659 -0.7760
vn -0.0965 -0.6283 -0.7720
vn -0.4048 -0.6432 0.6500
vn 0.0064 -0.7543 -0.6565
vn -0.1421 -0.7278 0.6709
vn -0.1140 -0.7450 0.6573
vn -0.2233 -0.7237 -0.6530
vn 0.0098 -0.9999 -0.0141
vn -0.2870 -0.7518 0.5937
vn 0.0421 -0.9990 -0.0138
vn 0.0424 -0.9990 -0.0138
vn -0.3313 -0.5713 -0.7509
vn -0.1714 -0.6378 -0.7509
vn 0.2307 0.6935 -0.6825
vn 0.6088 -0.2559 -0.7509
vn -0.7289 0.0526 -0.6825
vn 0.4941 -0.4382 -0.7509
vn -0.2848 -0.5960 -0.7508
vn 0.2949 0.6686 -0.6826
vn 0.5837 0.4394 -0.6828
vn -0.0057 -0.0651 -0.9979
vn 0.0645 0.6260 -0.7771
vn -0.0992 0.6211 -0.7774
vn 0.0230 -0.6600 -0.7509
vn -0.2799 0.6751 -0.6825
vn 0.1294 0.7193 -0.6825
vn 0.5708 0.3321 -0.7509
vn -0.5888 -0.4330 -0.6825
vn 0.6427 0.1518 -0.7509
vn 0.6519 0.1060 -0.7509
vn -0.6552 -0.3238 -0.6825
vn -0.7306 0.0185 -0.6825
vn -0.6460 -0.0894 -0.7581
vn 0.6909 0.2276 -0.6862
vn 0.6749 0.0533 -0.7360
vn -0.6382 -0.0232 -0.7695
vn 0.6894 0.0129 -0.7242
vn -0.6208 0.1503 -0.7695
vn -0.6989 0.2139 -0.6825
vn -0.5357 0.4972 -0.6825
vn 0.5470 -0.3700 -0.7509
vn -0.0605 0.1200 -0.9909
vn -0.2278 0.6829 -0.6941
vn 0.0108 0.0919 -0.9957
vn -0.2115 0.6318 -0.7458
vn -0.0785 0.0347 -0.9963
vn -0.0534 0.0658 -0.9964
vn -0.0511 0.6073 -0.7928
vn -0.1547 -0.0068 -0.9879
vn -0.1244 -0.0879 -0.9883
vn -0.1405 -0.7244 -0.6749
vn -0.5233 -0.5143 -0.6795
vn 0.4757 0.4536 -0.7536
vn 0.5591 0.4012 -0.7255
vn 0.1235 -0.4211 -0.8986
vn -0.0227 -0.4651 -0.8850
vn 0.0261 0.0197 0.9995
vn -0.5305 -0.3840 0.7557
vn -0.6038 -0.2535 0.7558
vn 0.3206 -0.5774 0.7509
vn -0.5266 0.5067 0.6825
vn 0.4563 -0.4774 0.7509
vn 0.5932 -0.2903 0.7509
vn -0.5884 0.4335 0.6825
vn -0.7289 0.0526 0.6825
vn 0.6501 0.1166 0.7509
vn -0.7284 -0.0598 0.6825
vn 0.5955 0.2855 0.7509
vn 0.6342 0.1844 0.7509
vn -0.7204 -0.1229 0.6825
vn -0.5820 -0.4420 0.6825
vn -0.2601 -0.6070 0.7509
vn 0.4148 0.6017 0.6825
vn 0.1060 0.7231 0.6825
vn 0.3334 -0.5701 0.7509
vn -0.1149 0.7218 0.6825
vn -0.4347 0.5875 0.6825
vn -0.3386 -0.6476 0.6826
vn -0.0148 -0.7306 0.6826
vn -0.0148 0.6604 0.7508
vn -0.0435 0.6591 0.7508
vn -0.0424 -0.7250 0.6875
vn -0.1975 0.6303 0.7508
vn -0.0017 0.6432 0.7657
vn -0.0370 -0.7370 0.6749
vn 0.0867 -0.6821 0.7261
vn -0.0874 0.0486 0.9950
vn -0.0961 0.0151 0.9953
vn -0.0223 0.1273 0.9916
vn -0.4266 -0.5050 0.7503
vn 0.7127 0.1447 0.6864
vn 0.5897 0.4316 0.6826
vn 0.0010 0.1161 0.9932
vn -0.1127 -0.0778 0.9906
vn -0.0552 0.0075 0.9984
vn 0.0086 -0.0279 0.9996
vn 0.0267 -0.0083 0.9996
vn -0.6226 -0.2202 0.7509
vn -0.3922 -0.5431 0.7424
vn 0.4267 0.0134 0.9043
vn 0.4530 0.1052 0.8853
vn -0.1926 -0.9718 0.1358
vn -0.7536 -0.5960 -0.2775
vn -0.7148 -0.5844 -0.3840
vn -0.1060 -0.9935 -0.0407
vn -0.7406 -0.6015 0.2995
vn -0.7742 -0.5942 0.2179
vn 0.5026 -0.6671 0.5498
vn -0.3332 -0.7468 0.5756
vn 0.4214 -0.8862 0.1925
vn -0.5834 -0.5199 0.6239
vn 0.1256 -0.2183 0.9678
vn -0.5960 -0.4309 0.6775
vn -0.4836 -0.1790 0.8568
vn 0.2451 -0.5858 0.7725
vn -0.4450 -0.1067 0.8891
vn 0.6219 -0.3806 0.6844
vn -0.1615 -0.2118 0.9639
vn 0.4791 -0.6429 0.5976
vn 0.4667 -0.2522 0.8477
vn -0.2305 0.1850 0.9553
vn -0.2908 0.1167 0.9496
vn 0.7284 -0.3404 0.5946
vn 0.1200 0.1009 0.9876
vn 0.5495 -0.5436 0.6345
vn -0.1266 0.4876 0.8638
vn 0.3722 -0.1797 0.9106
vn -0.0198 0.5607 0.8278
vn 0.9322 0.0125 0.3617
vn 0.3797 0.4949 0.7816
vn 0.8056 -0.2085 0.5545
vn 0.8941 0.2180 0.3912
vn 0.2922 0.7021 0.6493
vn 0.2686 0.6644 0.6974
vn 0.8022 0.1972 0.5635
vn 0.4284 0.8599 0.2776
vn 0.4114 0.8467 0.3376
vn 0.9662 0.0521 -0.2525
vn 0.6204 0.7840 -0.0197
vn 0.9885 -0.0217 0.1499
vn 0.8125 0.3510 -0.4653
vn 0.2513 0.9198 -0.3013
vn 0.2822 0.9389 -0.1970
vn 0.7155 -0.3463 -0.6068
vn 0.4256 0.4278 -0.7974
vn 0.8872 -0.1592 -0.4330
vn 0.0545 -0.2905 -0.9553
vn 0.2629 0.4578 -0.8493
vn 0.3077 0.4936 -0.8134
vn 0.3887 -0.1051 -0.9153
vn -0.3509 0.3003 -0.8870
vn -0.3069 0.3808 -0.8722
vn 0.4891 -0.7598 -0.4283
vn 0.0914 -0.2402 -0.9664
vn 0.7313 -0.4968 -0.4673
vn 0.2319 -0.6502 -0.7235
vn -0.3877 -0.1253 -0.9132
vn -0.3523 -0.0693 -0.9333
vn 0.1995 -0.3311 -0.9223
vn -0.6223 -0.3254 -0.7120
vn -0.6004 -0.2302 -0.7659
vn 0.3241 -0.9414 -0.0934
vn -0.3264 -0.7645 -0.5559
vn 0.4878 -0.7708 -0.4097
vn 0.2563 -0.9096 -0.3270
vn 0.1551 -0.9764 -0.1504
vn 0.2351 -0.9663 -0.1046
vn 0.7725 -0.2003 0.6026
vn 0.8892 0.0591 0.4537
vn 0.9485 0.0678 0.3094
vn 0.9445 0.0215 -0.3277
vn 0.9460 0.1434 -0.2907
vn 0.9387 0.1243 0.3217
vn 0.8916 0.0629 0.4484
vn 0.7757 -0.1062 0.6221
vn 0.7432 -0.2060 0.6366
vn 0.3876 -0.7012 0.5983
vn 0.6029 -0.3554 0.7143
vn 0.4985 -0.5052 0.7045
vn 0.3898 -0.6976 0.6011
vn 0.5081 -0.4873 0.7102
vn 0.6843 -0.2813 0.6727
vn 0.4514 -0.6145 0.6470
vn 0.5575 -0.4175 0.7175
vn 0.3561 -0.7034 0.6152
vn 0.2529 -0.8989 0.3579
vn 0.3114 -0.7644 0.5645
vn 0.4359 -0.6462 0.6264
vn 0.3821 -0.7544 -0.5337
vn 0.2980 -0.7724 0.5609
vn 0.1453 -0.9890 -0.0269
vn 0.3019 -0.8561 -0.4194
vn 0.1595 -0.9724 -0.1703
vn 0.3388 -0.7211 -0.6043
vn 0.5429 -0.5119 -0.6657
vn 0.3533 -0.6981 -0.6227
vn 0.3035 -0.8364 -0.4564
vn 0.7958 -0.1241 -0.5927
vn 0.4134 -0.6218 -0.6652
vn 0.6774 -0.2515 -0.6913
vn 0.8640 -0.0259 -0.5029
vn 0.7257 -0.1831 -0.6632
vn 0.6109 -0.3866 -0.6909
vn 0.9449 0.0728 0.3192
vn 0.6956 -0.2167 -0.6850
vn 0.9470 0.1468 -0.2857
vn 0.9441 0.0718 0.3217
vn 0.9796 0.1906 -0.0634
vn 0.9749 0.0947 -0.2014
vn 0.1397 -0.9876 0.0722
vn 0.2057 -0.8872 -0.4130
vn 0.3335 -0.7182 -0.6108
vn 0.2573 -0.8248 0.5035
vn 0.4532 -0.5535 -0.6987
vn 0.3887 -0.6460 0.6570
vn 0.4172 -0.6115 0.6724
vn 0.4986 -0.4955 -0.7113
vn 0.6498 -0.2824 -0.7057
vn 0.4699 -0.5378 0.7000
vn 0.7428 -0.1502 -0.6525
vn 0.5864 -0.3722 0.7195
vn 0.7431 -0.1444 0.6534
vn 0.6713 -0.2439 -0.6999
vn 0.8431 0.0023 0.5378
vn 0.8599 0.0344 0.5093
vn 0.7701 -0.0934 -0.6311
vn 0.9128 0.1235 -0.3893
vn -0.0056 0.0418 -0.9991
vn -0.0284 0.0057 -0.9996
vn 0.2199 0.2599 -0.9403
vn 0.2789 0.9557 0.0935
vn -0.1257 0.9920 0.0136
vn 0.2870 0.9575 0.0297
vn 0.2833 0.9590 -0.0015
vn -0.1187 0.9928 -0.0186
vn -0.1192 0.9907 0.0656
vn -0.7991 -0.6004 -0.0324
vn -0.9701 -0.2353 0.0600
vn -0.7929 -0.6083 0.0350
vn -0.8066 -0.5910 0.0112
vn -0.9741 -0.2242 0.0283
vn -0.9730 -0.2235 -0.0573
vn -0.2318 -0.3342 -0.9136
vn -0.0624 -0.0263 -0.9977
vn -0.0991 -0.0512 -0.9938
vn 0.0897 0.4121 -0.9067
vn 0.0871 0.3384 -0.9370
vn 0.2824 0.3067 -0.9089
vn -0.0913 0.9414 -0.3248
vn 0.2081 0.6444 -0.7358
vn 0.2281 0.7202 -0.6552
vn 0.0438 0.2259 0.9732
vn 0.0491 0.3207 0.9459
vn 0.0182 0.1239 0.9921
vn -0.8186 -0.1291 -0.5597
vn -0.6222 -0.4546 -0.6374
vn -0.5650 -0.4196 -0.7104
vn -0.2672 -0.1929 -0.9441
vn -0.0958 -0.4191 -0.9029
vn -0.2673 -0.1882 -0.9451
vn -0.1631 -0.1330 0.9776
vn -0.0945 -0.1024 0.9902
vn 0.0109 -0.2697 0.9629
vn -0.9171 -0.2318 0.3243
vn -0.5369 -0.4119 0.7363
vn -0.6014 -0.4566 0.6556
vn -0.8907 -0.2386 0.3869
vn -0.1855 -0.2267 -0.9561
vn -0.8886 -0.2456 0.3873
vn -0.2564 0.1096 0.9603
vn -0.9108 0.0440 -0.4105
vn -0.9073 0.0878 -0.4113
vn 0.6144 0.3858 0.6883
vn 0.5566 0.1983 -0.8067
vn 0.6170 0.0134 -0.7868
vn 0.0320 -0.8397 0.5421
vn 0.7229 -0.3220 -0.6114
vn 0.6754 -0.3829 -0.6303
vn 0.4076 -0.8027 0.4353
vn 0.4735 -0.0693 -0.8781
vn 0.4664 -0.7649 0.4443
vn 0.3346 -0.0000 0.9424
vn -0.8163 -0.5480 0.1830
vn 0.2249 0.2625 0.9383
vn -0.3071 -0.2024 0.9299
vn -0.3094 -0.8417 -0.4424
vn -0.3098 -0.8416 -0.4423
vn -0.3210 0.9284 0.1873
vn -0.0953 0.9428 0.3193
vn -0.1986 0.9730 0.1178
vn -0.1268 0.9543 -0.2707
vn 0.2733 0.9486 -0.1594
vn 0.3040 0.9000 -0.3123
vn -0.2355 0.9389 -0.2509
vn -0.2400 0.9658 -0.0980
vn -0.2676 0.9548 -0.1297
vn -0.1131 0.8132 0.5709
vn -0.1978 0.6678 0.7176
vn -0.1409 0.7561 0.6392
vn -0.8484 0.0874 0.5221
vn -0.8821 0.0126 0.4709
vn -0.8266 -0.1931 0.5287
vn -0.2985 0.8091 -0.5062
vn -0.3403 0.7869 -0.5148
vn -0.3002 0.7997 -0.5200
vn -0.8604 -0.1006 -0.4996
vn -0.7624 -0.1765 -0.6225
vn -0.9309 -0.1007 -0.3510
vn -0.9934 -0.0825 0.0793
vn -0.8460 -0.3602 0.3931
vn -0.9830 -0.0987 0.1549
vn -0.9750 -0.2147 0.0568
vn -0.9929 -0.1049 -0.0569
vn -0.9532 -0.0609 -0.2962
vn -0.9065 -0.3695 -0.2044
vn -0.9529 -0.1903 -0.2360
vn -0.8367 -0.3975 -0.3766
vn 0.1148 0.3104 0.9437
vn 0.2371 0.2378 0.9419
vn 0.1954 0.3238 0.9257
vn 0.2434 0.3699 0.8966
vn 0.0301 0.1203 0.9923
vn 0.1858 0.3428 0.9208
vn -0.2593 -0.3189 0.9116
vn -0.3176 -0.2842 0.9046
vn -0.2879 -0.2368 0.9279
vn -0.2863 -0.2535 -0.9240
vn -0.3112 -0.3030 -0.9007
vn -0.2583 -0.3305 -0.9078
vn 0.1880 0.2982 -0.9358
vn 0.1371 0.3430 -0.9293
vn 0.1006 0.3057 -0.9468
vn -0.4170 0.6669 -0.6176
vn -0.2664 0.5184 -0.8126
vn -0.2321 0.5390 -0.8097
vn -0.3242 0.6234 -0.7115
vn -0.0597 0.7037 -0.7080
vn -0.2892 0.7560 -0.5873
vn -0.2999 0.7703 -0.5627
vn -0.1946 0.6093 -0.7687
vn -0.1732 0.6425 -0.7465
vn -0.3840 0.4000 -0.8322
vn -0.5634 0.4479 -0.6942
vn -0.5469 0.5028 -0.6694
vn -0.5493 0.5233 -0.6515
vn -0.4597 0.3161 -0.8299
vn -0.4714 0.2967 -0.8305
vn -0.5652 0.0425 -0.8238
vn -0.7162 0.2139 -0.6643
vn -0.6957 0.2414 -0.6765
vn -0.7418 0.1786 0.6464
vn -0.5790 0.0218 0.8150
vn -0.7401 0.2079 0.6396
vn -0.7044 0.0452 0.7084
vn -0.8265 -0.1447 0.5440
vn -0.9209 0.0458 0.3871
vn -0.4939 0.3210 0.8081
vn -0.3907 0.0827 0.9168
vn -0.4383 0.0795 0.8953
vn -0.5518 0.5011 0.6667
vn -0.4900 0.2686 0.8293
vn -0.5561 0.5100 0.6563
vn -0.4463 0.5379 0.7152
vn -0.4850 0.2648 0.8335
vn -0.4561 0.2736 0.8468
vn -0.4335 0.6119 0.6616
vn -0.1850 0.5701 0.8005
vn -0.4089 0.6364 0.6541
vn -0.3543 0.6696 0.6527
vn -0.1303 0.5770 0.8063
vn -0.1524 0.5428 0.8259
vn -0.3932 0.7323 0.5560
vn -0.1484 0.8372 0.5263
vn -0.1417 0.8242 0.5484
vn 0.1753 0.0623 -0.9825
vn 0.1444 -0.1567 -0.9770
vn 0.2280 -0.0222 -0.9734
vn -0.4210 0.1640 -0.8921
vn -0.5520 0.1220 -0.8249
vn -0.5929 0.1081 -0.7980
vn -0.6694 -0.1287 -0.7317
vn -0.7786 -0.1115 -0.6175
vn -0.7241 -0.1051 -0.6816
vn 0.8759 0.2527 0.4109
vn 0.6423 0.2993 0.7056
vn 0.8655 0.2196 0.4502
vn -0.1034 -0.9911 -0.0839
vn 0.2305 -0.9719 -0.0483
vn 0.2307 -0.9691 -0.0872
vn 0.0746 -0.6562 -0.7509
vn 0.2879 -0.6825 -0.6719
vn -0.1658 -0.6393 -0.7509
vn -0.6566 0.0711 -0.7509
vn -0.5878 -0.4506 -0.6719
vn -0.6311 0.3877 -0.6719
vn -0.3875 0.5348 -0.7509
vn -0.7157 0.1906 -0.6719
vn -0.0581 0.6579 -0.7509
vn -0.2281 0.6198 -0.7509
vn -0.5707 0.4722 -0.6719
vn 0.0855 0.7357 -0.6719
vn 0.4451 0.4879 -0.7509
vn 0.3136 0.6710 -0.6719
vn 0.5975 0.2813 -0.7509
vn 0.6320 -0.1915 -0.7509
vn 0.7163 0.1885 -0.6719
vn 0.4672 -0.5748 -0.6719
vn -0.6483 0.1260 0.7509
vn -0.2882 0.6823 0.6719
vn -0.5131 -0.5341 0.6719
vn -0.6217 -0.2229 0.7509
vn -0.5535 -0.4922 0.6719
vn -0.5936 -0.2895 0.7509
vn -0.3376 -0.5676 0.7509
vn -0.7326 -0.1090 0.6719
vn 0.2697 -0.6898 0.6719
vn 0.5758 -0.3234 0.7509
vn 0.6362 0.3794 0.6719
vn 0.5640 -0.3435 0.7509
vn 0.6289 -0.2017 0.7509
vn 0.3036 -0.6756 0.6719
vn 0.6303 0.1973 0.7509
vn 0.6604 -0.0076 0.7509
vn 0.6361 -0.3794 0.6719
vn 0.6649 0.3263 0.6719
vn 0.1233 0.6488 0.7509
vn 0.5232 0.5242 0.6719
vn -0.2050 0.6278 0.7509
vn -0.0114 0.6603 0.7509
vn 0.3273 0.6644 0.6719
vn -0.0698 0.7374 0.6719
vn -0.5177 -0.5371 -0.6659
vn -0.3167 -0.6918 0.6490
vn -0.7923 -0.2290 0.5655
vn -0.4569 -0.4273 -0.7802
vn -0.8804 -0.2269 0.4164
vn -0.5684 0.2996 -0.7663
vn -0.7648 0.4020 -0.5034
vn -0.6926 -0.1922 0.6952
vn -0.4741 0.4542 0.7543
vn -0.3930 0.5552 -0.7330
vn -0.3185 0.7939 0.5180
vn 0.3565 0.6974 -0.6217
vn 0.2614 0.7760 -0.5740
vn -0.4669 0.6915 0.5512
vn 0.1864 0.6783 0.7108
vn 0.5803 0.3957 -0.7118
vn 0.6606 0.4708 0.5848
vn 0.7837 -0.1670 -0.5983
vn 0.7986 0.0854 -0.5958
vn 0.5814 0.5253 0.6213
vn 0.7342 -0.3031 0.6075
vn 0.6154 0.0373 -0.7873
vn 0.7853 -0.4864 0.3831
vn 0.2125 -0.5241 -0.8247
vn 0.2361 -0.8599 -0.4526
vn 0.4636 -0.4232 0.7784
vn -0.2607 -0.6525 0.7116
vn 0.1505 -0.7343 -0.6619
vn -0.3998 -0.7607 0.5113
vn -0.4573 -0.4264 -0.7804
vn 0.8122 -0.5831 -0.0177
vn 0.9165 -0.3997 -0.0161
vn 0.9003 -0.4250 -0.0939
vn -0.7032 -0.3422 -0.6233
vn -0.9457 -0.3166 -0.0733
vn -0.6321 -0.4110 -0.6569
vn -0.8650 0.3454 -0.3639
vn -0.9396 0.3409 -0.0303
vn -0.9908 0.1284 -0.0425
vn -0.8473 0.5278 -0.0600
vn -0.9379 0.3459 -0.0263
vn -0.9050 0.3831 -0.1847
vn -0.3221 0.9439 0.0731
vn -0.1348 0.9315 0.3378
vn 0.0458 0.9213 0.3861
vn -0.0621 0.9966 -0.0542
vn 0.2434 0.9200 0.3072
vn 0.4170 0.9024 -0.1082
vn 0.8798 0.2030 0.4297
vn 0.9150 0.0791 0.3956
vn 0.9894 -0.0857 0.1171
vn 0.4213 -0.9050 0.0594
vn 0.5987 -0.7865 -0.1512
vn 0.4729 -0.8419 -0.2599
vn -0.2295 -0.9567 -0.1788
vn -0.2000 -0.5187 -0.8313
vn -0.4748 -0.8620 -0.1772
vn -0.6360 0.7535 -0.1666
vn -0.7817 0.6023 -0.1617
vn -0.7665 0.5995 -0.2302
vn 0.5652 0.8065 -0.1736
vn 0.3530 0.4189 -0.8366
vn 0.7500 0.6385 -0.1727
vn 0.8588 0.5118 0.0231
vn 0.6291 0.3003 -0.7170
vn 0.7152 0.2072 -0.6675
vn 0.8881 -0.4596 0.0094
vn 0.9076 -0.3446 -0.2398
vn 0.8736 -0.4628 -0.1507
vn 0.9007 -0.4315 -0.0506
vn 0.7836 -0.6104 -0.1154
vn 0.7887 -0.6122 -0.0556
vn 0.3970 -0.8747 0.2779
vn 0.5789 -0.8093 0.0991
vn 0.5209 -0.8265 0.2136
vn 0.1905 -0.9812 -0.0318
vn -0.0377 -0.9445 0.3263
vn -0.1849 -0.9823 -0.0290
vn -0.7215 -0.6888 0.0701
vn -0.3678 -0.7958 0.4811
vn -0.5793 -0.6599 0.4785
vn -0.9493 -0.3126 0.0317
vn -0.8804 -0.3402 0.3304
vn -0.9992 -0.0022 0.0387
vn -0.9587 0.0772 0.2737
vn -0.9567 0.1781 0.2301
vn -0.9610 0.2765 -0.0041
vn -0.2188 0.9717 0.0888
vn -0.3415 0.8702 -0.3553
vn -0.1430 0.8821 -0.4489
vn 0.9008 -0.4258 0.0847
vn 0.7890 -0.6094 0.0777
vn 0.8044 -0.5791 0.1324
vn -0.4701 0.8535 0.2248
vn -0.5852 0.8101 -0.0349
vn -0.3466 0.8907 0.2941
vn -0.7549 0.6222 0.2073
vn -0.7828 0.6104 0.1205
vn -0.6385 0.7616 0.1111
vn -0.9943 -0.0779 -0.0731
vn -0.8577 -0.2922 -0.4231
vn -0.9146 -0.3817 -0.1335
vn -0.9932 -0.1038 0.0521
vn -0.9578 -0.0601 -0.2811
vn -0.9076 -0.2295 -0.3516
vn -0.3294 -0.8321 -0.4462
vn -0.2214 -0.8706 -0.4394
vn -0.1804 -0.9831 -0.0302
vn -0.2258 -0.9742 0.0076
vn -0.1047 -0.9304 -0.3513
vn 0.1563 -0.9871 0.0359
vn 0.7918 -0.6082 -0.0563
vn 0.6207 -0.7621 -0.1844
vn 0.7386 -0.6679 -0.0915
vn 0.9428 0.3317 0.0340
vn 0.8686 0.1284 0.4787
vn 0.7793 0.2717 0.5647
vn 0.7353 0.6460 0.2049
vn 0.3731 0.3814 0.8458
vn 0.5464 0.8116 0.2069
vn -0.4830 -0.8662 0.1277
vn -0.2415 -0.5347 0.8098
vn -0.2389 -0.9624 0.1291
vn 0.1716 -0.9851 -0.0131
vn 0.1523 -0.8386 0.5231
vn 0.3348 -0.8473 0.4123
vn 0.8097 -0.5867 0.0123
vn 0.9135 -0.4053 0.0361
vn 0.9162 -0.4004 0.0116
vn 0.9515 -0.2643 -0.1572
vn 0.9573 -0.2848 -0.0507
vn 0.9044 -0.4224 -0.0598
vn 0.3840 0.9233 0.0103
vn 0.4996 0.7366 -0.4558
vn 0.2886 0.8591 -0.4226
vn 0.5702 0.8212 -0.0221
vn 0.3581 0.8503 -0.3856
vn 0.1040 0.9926 0.0625
vn -0.8925 0.4373 -0.1108
vn -0.8500 0.5253 0.0407
vn -0.9040 0.4031 0.1422
vn -0.9394 0.3428 0.0042
vn -0.8657 0.3879 0.3165
vn -0.9910 0.1318 0.0226
vn -0.6637 -0.7474 0.0300
vn -0.6933 -0.3304 0.6405
vn -0.5453 -0.4600 0.7007
s 0
f 1//1 10//2 2//3
f 7//4 3//5 2//6
f 2//7 3//8 1//9
f 5//10 6//11 4//12
f 5//13 4//14 3//15
f 2//16 8//17 7//18
f 8//19 6//20 5//21
f 8//22 5//23 7//24
f 10//25 9//26 8//27
f 9//28 10//29 1//30
f 19//31 11//32 12//33
f 12//34 11//35 13//36
f 13//37 21//38 18//39
f 18//40 14//41 13//42
f 13//43 14//44 12//45
f 12//46 14//47 15//48
f 16//49 15//50 17//51
f 17//52 15//53 18//54
f 19//55 20//56 21//57
f 20//58 19//59 12//60
f 8//61 9//62 6//63
f 6//64 9//65 22//66
f 6//67 22//68 23//69
f 25//70 24//71 22//72
f 22//73 24//74 26//75
f 22//76 26//77 23//78
f 26//79 27//80 23//81
f 25//82 31//83 29//84
f 29//85 27//86 25//87
f 25//88 27//89 24//90
f 27//91 29//92 30//93
f 27//94 30//95 23//96
f 30//97 31//98 23//99
f 23//100 31//101 28//102
f 31//103 25//104 28//105
f 28//106 25//107 32//108
f 28//109 32//110 33//111
f 33//112 32//113 34//114
f 35//115 43//116 36//117
f 43//118 35//119 38//120
f 39//121 38//122 40//123
f 39//124 40//125 32//126
f 32//127 40//128 41//129
f 36//130 32//131 41//132
f 36//133 41//134 35//135
f 32//136 36//137 34//138
f 34//139 36//140 42//141
f 42//142 37//143 34//144
f 42//145 43//146 37//147
f 43//148 38//149 39//150
f 43//151 39//152 37//153
f 37//154 39//155 44//156
f 37//157 44//158 16//159
f 16//160 44//161 12//162
f 16//163 12//164 15//165
f 18//166 21//167 20//168
f 18//169 20//170 17//171
f 17//172 20//173 1//174
f 17//175 1//176 4//177
f 4//178 1//179 3//180
f 47//181 53//182 48//183
f 47//184 48//185 49//186
f 49//187 48//188 46//189
f 46//190 45//191 49//192
f 45//193 50//194 49//195
f 51//196 50//197 20//198
f 20//199 50//200 52//201
f 53//202 45//203 46//204
f 45//205 53//206 52//207
f 54//208 55//209 56//210
f 56//211 62//212 54//213
f 62//214 56//215 57//216
f 24//217 55//218 59//219
f 57//220 24//221 58//222
f 58//223 24//224 59//225
f 55//226 54//227 59//228
f 54//229 60//230 59//231
f 28//232 60//233 61//234
f 60//235 62//236 61//237
f 63//238 64//239 65//240
f 66//241 65//242 67//243
f 65//244 66//245 68//246
f 69//247 68//248 70//249
f 69//250 70//251 4//252
f 66//253 67//254 72//255
f 66//256 72//257 71//258
f 71//259 72//260 64//261
f 71//262 64//263 63//264
f 50//265 51//266 49//267
f 49//268 51//269 73//270
f 73//271 51//272 74//273
f 75//274 79//275 41//276
f 75//277 41//278 74//279
f 41//280 76//281 74//282
f 80//283 77//284 74//285
f 74//286 77//287 78//288
f 80//289 74//290 76//291
f 80//292 76//293 34//294
f 76//295 38//296 34//297
f 34//298 38//299 79//300
f 78//301 80//302 73//303
f 74//304 78//305 73//306
f 73//307 80//308 34//309
f 79//310 75//311 34//312
f 34//313 75//314 33//315
f 33//316 75//317 59//318
f 33//319 59//320 28//321
f 28//322 59//323 60//324
f 62//325 57//326 58//327
f 62//328 58//329 61//330
f 61//331 58//332 69//333
f 69//334 58//335 63//336
f 69//337 63//338 65//339
f 69//340 65//341 68//342
f 52//343 53//344 47//345
f 52//346 47//347 20//348
f 20//349 47//350 4//351
f 20//352 4//353 71//354
f 71//355 4//356 70//357
f 71//358 70//359 66//360
f 73//361 16//362 49//363
f 49//364 16//365 47//366
f 47//367 16//368 17//369
f 47//370 17//371 4//372
f 4//373 6//374 69//375
f 69//376 6//377 23//378
f 69//379 23//380 61//381
f 61//382 23//383 28//384
f 73//385 34//386 37//387
f 73//388 37//389 16//390
f 58//391 22//392 63//393
f 63//394 22//395 9//396
f 63//397 9//398 71//399
f 71//400 9//401 1//402
f 71//403 1//404 20//405
f 20//406 12//407 51//408
f 51//409 12//410 44//411
f 51//412 44//413 74//414
f 74//415 44//416 39//417
f 74//418 39//419 75//420
f 75//421 39//422 32//423
f 75//424 32//425 59//426
f 59//427 32//428 25//429
f 59//430 25//431 58//432
f 58//433 25//434 22//435
f 15//436 46//437 48//438
f 15//439 48//440 18//441
f 18//442 48//443 53//444
f 18//445 53//446 14//447
f 14//448 53//449 46//450
f 14//451 46//452 15//453
f 42//454 80//455 43//456
f 43//457 80//458 78//459
f 43//460 78//461 77//462
f 43//463 77//464 36//465
f 36//466 77//467 80//468
f 36//469 80//470 42//471
f 3//472 70//473 5//474
f 5//475 70//476 68//477
f 5//478 68//479 7//480
f 7//481 68//482 66//483
f 7//484 66//485 3//486
f 3//487 66//488 70//489
f 30//490 62//491 31//492
f 31//493 62//494 60//495
f 31//496 60//497 29//498
f 29//499 60//500 54//501
f 29//502 54//503 30//504
f 30//505 54//506 62//507
f 10//508 72//509 2//510
f 72//511 67//512 2//513
f 2//514 67//515 8//516
f 8//517 67//518 65//519
f 8//520 65//521 10//522
f 10//523 65//524 64//525
f 10//526 64//527 72//528
f 26//529 57//530 56//531
f 26//532 56//533 27//534
f 27//535 56//536 55//537
f 27//538 55//539 24//540
f 24//541 57//542 26//543
f 13//544 50//545 45//546
f 13//547 45//548 21//549
f 21//550 52//551 19//552
f 21//553 45//554 52//555
f 50//556 11//557 52//558
f 52//559 11//560 19//561
f 11//562 50//563 13//564
f 41//565 79//566 35//567
f 35//568 79//569 38//570
f 38//571 76//572 40//573
f 40//574 76//575 41//576
f 89//577 91//578 81//579
f 226//580 86//581 100//582
f 94//583 95//584 82//585
f 82//586 95//587 83//588
f 84//589 98//590 85//591
f 86//592 87//593 100//594
f 88//595 226//596 100//597
f 90//598 89//599 81//600
f 91//601 92//602 81//603
f 93//604 94//605 82//606
f 95//607 96//608 83//609
f 97//610 84//611 85//612
f 98//613 99//614 85//615
f 112//616 115//617 111//618
f 119//619 117//620 116//621
f 118//622 117//623 115//624
f 118//625 115//626 112//627
f 119//628 113//629 114//630
f 113//631 119//632 116//633
f 121//634 120//635 122//636
f 124//637 127//638 123//639
f 124//640 123//641 122//642
f 125//643 120//644 121//645
f 126//646 125//647 128//648
f 128//649 125//650 121//651
f 124//652 126//653 127//654
f 129//655 132//656 130//657
f 131//658 130//659 134//660
f 110//661 133//662 135//663
f 110//664 135//665 129//666
f 129//667 135//668 132//669
f 134//670 130//671 136//672
f 134//673 136//674 133//675
f 139//676 138//677 110//678
f 110//679 138//680 137//681
f 144//682 141//683 140//684
f 139//685 141//686 138//687
f 143//688 142//689 140//690
f 144//691 140//692 142//693
f 117//694 118//695 116//696
f 116//697 118//698 131//699
f 131//700 118//701 129//702
f 131//703 129//704 130//705
f 133//706 110//707 134//708
f 134//709 110//710 143//711
f 143//712 110//713 137//714
f 143//715 137//716 142//717
f 141//718 139//719 140//720
f 140//721 139//722 123//723
f 123//724 139//725 121//726
f 123//727 121//728 122//729
f 126//730 128//731 127//732
f 127//733 128//734 113//735
f 113//736 128//737 112//738
f 113//739 112//740 111//741
f 113//742 111//743 114//744
f 145//745 146//746 329//747
f 146//748 147//749 327//750
f 146//751 327//752 329//753
f 147//754 148//755 327//756
f 149//757 150//758 324//759
f 150//760 151//761 320//762
f 150//763 320//764 324//765
f 151//766 152//767 320//768
f 154//769 155//770 315//771
f 154//772 315//773 153//774
f 155//775 156//776 315//777
f 342//778 157//779 158//780
f 158//781 159//782 341//783
f 158//784 341//785 342//786
f 160//787 341//788 159//789
f 338//790 162//791 161//792
f 338//793 161//794 336//795
f 336//796 161//797 163//798
f 331//799 236//800 164//801
f 331//802 164//803 332//804
f 332//805 164//806 165//807
f 166//808 202//809 193//810
f 193//811 202//812 222//813
f 169//814 167//815 168//816
f 179//817 167//818 237//819
f 167//820 367//821 237//822
f 170//823 169//824 168//825
f 172//826 173//827 176//828
f 176//829 173//830 366//831
f 175//832 174//833 171//834
f 177//835 178//836 168//837
f 168//838 179//839 177//840
f 179//841 168//842 167//843
f 172//844 174//845 173//846
f 173//847 174//848 175//849
f 175//850 180//851 173//852
f 180//853 175//854 181//855
f 180//856 181//857 199//858
f 182//859 197//860 365//861
f 365//862 197//863 183//864
f 89//865 90//866 222//867
f 192//868 222//869 194//870
f 222//871 192//872 193//873
f 193//874 192//875 184//876
f 90//877 194//878 222//879
f 87//880 86//881 365//882
f 185//883 195//884 183//885
f 183//886 195//887 365//888
f 365//889 195//890 87//891
f 87//892 195//893 196//894
f 197//895 182//896 361//897
f 182//898 157//899 361//900
f 200//901 199//902 198//903
f 199//904 181//905 198//906
f 178//907 177//908 359//909
f 177//910 149//911 359//912
f 201//913 202//914 204//915
f 204//916 202//917 203//918
f 203//919 202//920 166//921
f 197//922 361//923 181//924
f 181//925 361//926 198//927
f 359//928 204//929 178//930
f 178//931 204//932 203//933
f 205//934 206//935 116//936
f 368//937 207//938 208//939
f 208//940 207//941 209//942
f 363//943 210//944 211//945
f 211//946 210//947 212//948
f 213//949 214//950 215//951
f 215//952 214//953 216//954
f 353//955 217//956 94//957
f 363//958 211//959 236//960
f 236//961 211//962 95//963
f 236//964 95//965 164//966
f 94//967 217//968 165//969
f 164//970 95//971 165//972
f 165//973 95//974 94//975
f 219//976 220//977 217//978
f 217//979 220//980 165//981
f 165//982 220//983 218//984
f 165//985 218//986 221//987
f 368//988 208//989 145//990
f 145//991 208//992 91//993
f 145//994 91//995 146//996
f 147//997 89//998 202//999
f 202//1000 89//1001 222//1002
f 201//1003 225//1004 202//1005
f 202//1006 225//1007 147//1008
f 147//1009 225//1010 224//1011
f 147//1012 224//1013 223//1014
f 146//1015 91//1016 147//1017
f 147//1018 91//1019 89//1020
f 226//1021 351//1022 362//1023
f 159//1024 226//1025 362//1026
f 228//1027 229//1028 362//1029
f 362//1030 229//1031 159//1032
f 159//1033 229//1034 227//1035
f 159//1036 227//1037 230//1038
f 158//1039 86//1040 159//1041
f 159//1042 86//1043 226//1044
f 182//1045 365//1046 157//1047
f 157//1048 365//1049 86//1050
f 157//1051 86//1052 158//1053
f 84//1054 355//1055 231//1056
f 163//1057 84//1058 231//1059
f 213//1060 215//1061 162//1062
f 162//1063 215//1064 98//1065
f 162//1066 98//1067 161//1068
f 233//1069 234//1070 231//1071
f 231//1072 234//1073 163//1074
f 163//1075 234//1076 232//1077
f 163//1078 232//1079 235//1080
f 161//1081 98//1082 163//1083
f 163//1084 98//1085 84//1086
f 233//1087 231//1088 236//1089
f 236//1090 231//1091 363//1092
f 228//1093 362//1094 162//1095
f 162//1096 362//1097 213//1098
f 219//1099 364//1100 145//1101
f 145//1102 364//1103 368//1104
f 237//1105 206//1106 151//1107
f 237//1108 151//1109 150//1110
f 149//1111 177//1112 150//1113
f 150//1114 177//1115 237//1116
f 238//1117 239//1118 206//1119
f 206//1120 239//1121 151//1122
f 151//1123 239//1124 240//1125
f 151//1126 240//1127 241//1128
f 200//1129 242//1130 199//1131
f 199//1132 242//1133 155//1134
f 155//1135 242//1136 244//1137
f 154//1138 180//1139 155//1140
f 155//1141 180//1142 199//1143
f 153//1144 205//1145 154//1146
f 154//1147 205//1148 366//1149
f 154//1150 366//1151 180//1152
f 243//1153 155//1154 244//1155
f 99//1156 245//1157 88//1158
f 88//1159 245//1160 246//1161
f 96//1162 247//1163 97//1164
f 97//1165 247//1166 248//1167
f 92//1168 249//1169 93//1170
f 93//1171 249//1172 250//1173
f 251//1174 87//1175 196//1176
f 251//1177 252//1178 87//1179
f 252//1180 251//1181 253//1182
f 252//1183 253//1184 254//1185
f 252//1186 254//1187 255//1188
f 257//1189 256//1190 254//1191
f 254//1192 256//1193 255//1194
f 257//1195 90//1196 256//1197
f 90//1198 257//1199 194//1200
f 313//1201 337//1202 227//1203
f 313//1204 227//1205 229//1206
f 313//1207 229//1208 228//1209
f 339//1210 244//1211 340//1212
f 340//1213 244//1214 242//1215
f 340//1216 242//1217 200//1218
f 314//1219 240//1220 316//1221
f 316//1222 240//1223 239//1224
f 316//1225 239//1226 317//1227
f 317//1228 239//1229 238//1230
f 379//1231 224//1232 323//1233
f 323//1234 224//1235 225//1236
f 323//1237 225//1238 322//1239
f 322//1240 225//1241 201//1242
f 380//1243 218//1244 328//1245
f 328//1246 218//1247 220//1248
f 328//1249 220//1250 330//1251
f 330//1252 220//1253 219//1254
f 333//1255 232//1256 335//1257
f 335//1258 232//1259 234//1260
f 335//1261 234//1262 334//1263
f 334//1264 234//1265 233//1266
f 267//1267 260//1268 261//1267
f 260//1269 262//1270 261//1271
f 261//1272 262//1273 283//1274
f 283//1275 262//1276 263//1277
f 263//1278 262//1279 264//1280
f 263//1281 264//1282 267//1283
f 267//1283 264//1284 260//1285
f 267//1286 268//1287 269//1288
f 269//1289 268//1290 265//1291
f 265//1292 266//1293 286//1294
f 266//1295 268//1296 267//1297
f 286//1298 269//1299 265//1300
f 270//1301 269//1302 286//1303
f 270//1304 271//1305 269//1306
f 273//1307 259//1308 274//1309
f 259//1310 258//1311 274//1312
f 280//1313 275//1314 273//1283
f 280//1315 276//1316 275//1317
f 275//1318 276//1319 277//1320
f 277//1321 276//1322 278//1323
f 278//1324 280//1325 279//1326
f 279//1327 280//1328 273//1327
f 278//1329 279//1330 277//1331
f 281//1332 277//1333 279//1334
f 284//1335 281//1336 261//1337
f 277//1338 281//1339 282//1340
f 277//1341 282//1342 283//1343
f 283//1344 282//1345 284//1346
f 283//1347 284//1348 261//1349
f 272//1350 285//1351 259//1350
f 259//1352 285//1353 258//1354
f 286//1355 274//1356 285//1357
f 285//1358 272//1359 286//1359
f 286//1360 272//1360 287//1361
f 270//1362 288//1363 271//1364
f 271//1365 288//1366 272//1365
f 272//1283 288//1367 287//1368
f 286//1369 287//1370 270//1371
f 281//1372 279//1373 261//1373
f 273//1374 289//1375 290//1376
f 273//1377 290//1378 279//1377
f 274//1379 286//1380 273//1380
f 273//1381 286//1381 291//1382
f 273//1383 291//1384 289//1385
f 266//1386 292//1387 293//1388
f 266//1389 293//1390 286//1389
f 294//1391 267//1392 261//1392
f 267//1393 294//1394 292//1395
f 267//1396 292//1397 266//1396
f 274//1398 295//1399 285//1400
f 285//1401 295//1402 296//1403
f 285//1404 296//1405 258//1406
f 258//1407 296//1408 297//1409
f 258//1410 297//1411 274//1412
f 274//1413 297//1414 295//1415
f 270//1416 298//1417 288//1418
f 288//1419 298//1420 299//1421
f 288//1422 299//1423 287//1424
f 287//1425 299//1426 300//1427
f 287//1428 300//1429 270//1430
f 270//1431 300//1432 298//1433
f 268//1434 301//1435 302//1436
f 268//1437 302//1438 265//1439
f 265//1440 302//1441 266//1442
f 266//1443 302//1444 303//1445
f 266//1446 303//1447 301//1448
f 266//1449 301//1450 268//1451
f 264//1452 306//1453 304//1454
f 264//1455 304//1456 260//1457
f 260//1458 304//1459 305//1460
f 260//1461 305//1462 262//1463
f 262//1464 305//1465 306//1466
f 262//1467 306//1468 264//1469
f 282//1470 307//1471 284//1472
f 284//1473 307//1474 308//1475
f 284//1476 308//1477 281//1478
f 281//1479 308//1480 309//1481
f 281//1482 309//1483 282//1484
f 282//1485 309//1486 307//1487
f 278//1488 312//1489 280//1490
f 280//1491 312//1492 310//1493
f 280//1494 310//1495 311//1496
f 280//1497 311//1498 276//1499
f 276//1500 311//1501 312//1502
f 276//1503 312//1504 278//1505
f 156//1506 314//1507 315//1508
f 303//1509 314//1510 316//1511
f 303//1512 316//1513 301//1514
f 314//1515 303//1516 315//1517
f 315//1518 303//1519 302//1520
f 238//1521 302//1522 301//1523
f 301//1524 317//1525 238//1526
f 301//1527 316//1528 317//1529
f 302//1530 153//1531 315//1532
f 302//1533 238//1534 153//1535
f 346//1536 348//1537 349//1538
f 346//1539 349//1540 345//1541
f 345//1542 349//1543 318//1544
f 345//1545 318//1546 319//1547
f 314//1548 156//1549 319//1550
f 319//1551 156//1552 345//1553
f 320//1554 152//1555 379//1556
f 379//1557 152//1558 318//1559
f 318//1560 152//1561 321//1562
f 318//1563 321//1564 319//1565
f 322//1566 306//1567 323//1568
f 306//1569 379//1570 323//1571
f 306//1572 322//1573 201//1574
f 306//1575 201//1576 304//1577
f 306//1578 305//1579 379//1580
f 379//1581 305//1582 320//1583
f 320//1584 305//1585 304//1586
f 304//1587 149//1588 324//1589
f 304//1590 324//1591 320//1592
f 304//1593 201//1594 149//1595
f 347//1596 343//1597 348//1598
f 348//1599 343//1600 349//1601
f 349//1602 343//1603 344//1604
f 332//1605 325//1606 344//1607
f 344//1608 325//1609 349//1610
f 349//1611 325//1612 326//1613
f 327//1614 148//1615 380//1616
f 380//1617 148//1618 326//1619
f 326//1620 148//1621 349//1622
f 309//1623 380//1624 328//1625
f 309//1626 330//1627 219//1628
f 309//1629 219//1630 307//1631
f 380//1632 309//1633 308//1634
f 380//1635 308//1636 327//1637
f 307//1638 329//1639 308//1640
f 308//1641 329//1642 327//1643
f 307//1644 145//1645 329//1646
f 307//1647 219//1648 145//1649
f 309//1650 328//1651 330//1652
f 333//1653 311//1654 310//1655
f 331//1656 332//1657 312//1658
f 312//1659 332//1660 310//1661
f 344//1662 333//1663 332//1664
f 332//1665 333//1666 310//1667
f 331//1668 312//1669 334//1670
f 334//1671 312//1672 311//1673
f 334//1674 311//1675 335//1676
f 311//1677 333//1678 335//1679
f 334//1680 236//1681 331//1682
f 233//1683 236//1684 334//1685
f 337//1686 296//1687 347//1688
f 347//1689 296//1690 295//1691
f 347//1692 295//1693 336//1694
f 347//1695 336//1696 343//1697
f 296//1698 337//1699 313//1700
f 296//1701 313//1702 162//1703
f 296//1704 162//1705 297//1706
f 297//1707 338//1708 295//1709
f 295//1710 338//1711 336//1712
f 297//1713 162//1714 338//1715
f 313//1716 228//1717 162//1718
f 298//1719 160//1720 339//1721
f 339//1722 160//1723 348//1724
f 339//1725 348//1726 346//1727
f 160//1728 298//1729 300//1730
f 160//1731 300//1732 341//1733
f 298//1734 339//1735 340//1736
f 298//1737 200//1738 299//1739
f 299//1740 200//1741 341//1742
f 299//1743 341//1744 300//1745
f 298//1746 340//1747 200//1748
f 200//1749 157//1750 341//1751
f 341//1752 157//1753 342//1754
f 336//1755 163//1756 343//1757
f 343//1758 163//1759 235//1760
f 344//1761 235//1762 333//1763
f 333//1764 235//1765 232//1766
f 332//1767 165//1768 325//1769
f 325//1770 165//1771 221//1772
f 326//1773 221//1774 380//1775
f 380//1776 221//1777 218//1778
f 148//1779 147//1780 349//1781
f 349//1782 147//1783 223//1784
f 318//1785 223//1786 379//1787
f 379//1788 223//1789 224//1790
f 152//1791 151//1792 321//1793
f 321//1794 151//1795 241//1796
f 319//1797 241//1798 314//1799
f 314//1800 241//1801 240//1802
f 156//1803 155//1804 345//1805
f 345//1806 155//1807 243//1808
f 346//1809 243//1810 339//1811
f 339//1812 243//1813 244//1814
f 160//1815 159//1816 348//1817
f 348//1818 159//1819 230//1820
f 347//1821 230//1822 337//1823
f 337//1824 230//1825 227//1826
f 230//1827 347//1828 348//1829
f 345//1830 243//1831 346//1832
f 321//1833 241//1834 319//1835
f 223//1836 318//1837 349//1838
f 221//1839 326//1840 325//1841
f 343//1842 235//1843 344//1844
f 92//1845 91//1846 208//1847
f 92//1848 208//1849 249//1850
f 249//1851 208//1852 209//1853
f 246//1854 350//1855 88//1856
f 88//1857 350//1858 351//1859
f 88//1860 351//1861 226//1862
f 250//1863 352//1864 93//1865
f 93//1866 352//1867 353//1868
f 93//1869 353//1870 94//1871
f 96//1872 95//1873 211//1874
f 96//1875 211//1876 247//1877
f 247//1878 211//1879 212//1880
f 248//1881 354//1882 97//1883
f 97//1884 354//1885 355//1886
f 97//1887 355//1888 84//1889
f 99//1890 98//1891 215//1892
f 99//1893 215//1894 245//1895
f 245//1896 215//1897 216//1898
f 361//1899 157//1900 198//1901
f 198//1902 157//1903 200//1904
f 358//1905 153//1906 238//1907
f 359//1908 149//1909 204//1910
f 204//1911 149//1912 201//1913
f 353//1914 352//1915 360//1916
f 353//1917 360//1918 217//1919
f 351//1920 350//1921 357//1922
f 351//1923 357//1924 362//1925
f 355//1926 354//1927 356//1928
f 355//1929 356//1930 231//1931
f 357//1932 214//1933 362//1934
f 362//1935 214//1936 213//1937
f 356//1938 210//1939 231//1940
f 231//1941 210//1942 363//1943
f 360//1944 207//1945 364//1946
f 364//1947 207//1948 368//1949
f 180//1950 366//1951 173//1952
f 366//1953 205//1954 176//1955
f 206//1956 237//1957 116//1958
f 116//1959 237//1960 367//1961
f 177//1962 179//1963 237//1964
f 217//1965 360//1966 364//1967
f 217//1968 364//1969 219//1970
f 358//1971 205//1972 153//1973
f 358//1974 238//1975 206//1976
f 206//1977 205//1978 358//1979
f 360//1980 250//1981 249//1982
f 207//1983 249//1984 209//1985
f 207//1986 360//1987 249//1988
f 352//1989 250//1990 360//1991
f 357//1992 246//1993 245//1994
f 214//1995 245//1996 216//1997
f 214//1998 357//1999 245//2000
f 350//2001 246//2002 357//2003
f 210//2004 247//2005 212//2006
f 354//2007 248//2008 356//2009
f 356//2010 248//2011 247//2012
f 210//2013 356//2014 247//2015
f 143//2016 369//2017 134//2018
f 113//2019 370//2020 127//2021
f 370//2022 371//2023 127//2024
f 127//2025 371//2026 123//2027
f 123//2028 371//2029 170//2030
f 369//2031 372//2032 134//2033
f 134//2034 372//2035 131//2036
f 131//2037 372//2038 205//2039
f 123//2040 170//2041 140//2042
f 140//2043 170//2044 171//2045
f 140//2046 171//2047 373//2048
f 140//2049 373//2050 143//2051
f 143//2052 373//2053 369//2054
f 205//2055 116//2056 131//2057
f 116//2058 367//2059 113//2060
f 113//2061 367//2062 374//2063
f 113//2064 374//2065 370//2066
f 371//2067 169//2068 170//2069
f 370//2070 169//2071 371//2072
f 370//2073 167//2074 169//2075
f 374//2076 167//2077 370//2078
f 374//2079 367//2080 167//2081
f 176//2082 205//2083 372//2084
f 372//2085 172//2086 176//2087
f 369//2088 172//2089 372//2090
f 369//2091 174//2092 172//2093
f 373//2094 174//2095 369//2096
f 171//2097 174//2098 373//2099
f 112//2100 128//2101 121//2102
f 110//2103 129//2104 139//2105
f 139//2106 129//2107 118//2108
f 139//2109 118//2110 121//2111
f 121//2112 118//2113 112//2114
f 193//2115 184//2116 186//2117
f 185//2118 183//2119 187//2120
f 197//2121 181//2122 188//2123
f 178//2124 203//2125 166//2126
f 188//2127 187//2128 197//2129
f 197//2130 187//2131 183//2132
f 191//2133 178//2134 186//2135
f 186//2136 178//2137 166//2138
f 186//2139 166//2140 193//2141
f 181//2142 175//2143 188//2144
f 188//2145 175//2146 189//2147
f 189//2148 175//2149 171//2150
f 171//2151 170//2152 189//2153
f 189//2154 170//2155 190//2156
f 190//2157 170//2158 168//2159
f 190//2160 168//2161 191//2162
f 191//2163 168//2164 178//2165
f 106//2166 81//2167 375//2168
f 375//2169 81//2170 376//2171
f 376//2172 81//2173 107//2174
f 376//2175 107//2176 82//2177
f 376//2178 82//2179 108//2180
f 108//2181 82//2182 83//2183
f 108//2184 85//2185 377//2186
f 377//2187 85//2188 109//2189
f 377//2190 109//2191 378//2192
f 378//2193 109//2194 100//2195
f 378//2196 100//2197 101//2198
f 106//2199 104//2200 105//2201
f 381//2202 388//2203 382//2204
f 382//2205 388//2206 286//2207
f 382//2208 286//2209 383//2210
f 286//2211 293//2212 383//2213
f 293//2214 292//2215 383//2216
f 383//2217 292//2218 384//2219
f 292//2220 294//2221 384//2222
f 384//2223 294//2224 385//2225
f 385//2226 294//2227 261//2228
f 385//2229 261//2230 386//2231
f 261//2232 279//2233 386//2234
f 386//2235 279//2236 290//2237
f 386//2238 290//2239 387//2240
f 387//2241 290//2242 289//2243
f 387//2244 289//2245 381//2246
f 289//2247 291//2248 381//2249
f 381//2250 291//2251 388//2252
f 386//2253 387//2254 382//2255
f 382//2256 387//2257 381//2258
f 385//2259 386//2260 382//1283
f 384//2261 385//2262 382//2263
f 382//2264 383//2265 384//2266
f 286//2267 388//2268 291//2269
f 389//2270 111//2271 390//2272
f 390//2273 111//2274 115//2275
f 117//2276 391//2277 390//2278
f 117//2279 390//2280 115//2281
f 391//2282 117//2283 119//2284
f 391//2285 119//2286 392//2287
f 119//2288 114//2289 392//2290
f 392//2291 114//2292 393//2293
f 393//2294 114//2295 389//2296
f 389//2297 114//2298 111//2299
f 394//2300 133//2301 136//2302
f 394//2303 136//2304 395//2305
f 395//2306 136//2307 130//2308
f 395//2309 130//2310 396//2311
f 396//2312 130//2313 132//2314
f 396//2315 132//2316 135//2317
f 396//2318 135//2319 397//2320
f 397//2321 135//2322 133//2323
f 397//2324 133//2325 394//2326
f 397//2327 137//2328 396//2329
f 396//2330 137//2331 138//2332
f 141//2333 396//2334 138//2335
f 396//2336 141//2337 395//2338
f 395//2339 141//2340 144//2341
f 395//2342 144//2343 394//2344
f 144//2345 142//2346 394//2347
f 394//2348 142//2349 397//2350
f 397//2351 142//2352 137//2353
f 393//2354 126//2355 392//2356
f 392//2357 126//2358 124//2359
f 392//2360 124//2361 122//2362
f 392//2363 122//2364 391//2365
f 391//2366 122//2367 120//2368
f 391//2369 120//2370 390//2371
f 390//2372 120//2373 125//2374
f 390//2375 125//2376 389//2377
f 389//2378 125//2379 126//2380
f 389//2381 126//2382 393//2383
f 102//2384 269//2385 101//2386
f 101//2387 269//2388 271//2389
f 375//2390 283//2391 106//2392
f 106//2393 283//2394 263//2395
f 106//2396 263//2397 267//2398
f 106//2399 267//2400 104//2401
f 104//2402 267//2403 103//2404
f 103//2405 267//2406 269//2407
f 103//2408 269//2409 102//2410
f 378//2411 259//2412 377//2413
f 377//2414 259//2415 273//2416
f 377//2417 273//2418 275//2419
f 377//2420 275//2421 108//2422
f 108//2423 275//2424 277//2425
f 108//2426 277//2427 376//2428
f 376//2429 277//2430 283//2431
f 376//2432 283//2433 375//2434
f 101//2435 271//2436 378//2437
f 378//2438 271//2439 272//2440
f 378//2441 272//2442 259//2443
f 87//2444 101//2445 100//2446
f 88//2447 100//2448 109//2449
f 88//2450 109//2451 99//2452
f 99//2453 109//2454 85//2455
f 108//2456 83//2457 96//2458
f 92//2459 93//2460 107//2461
f 107//2462 93//2463 82//2464
f 85//2465 108//2466 96//2467
f 85//2468 96//2469 97//2470
f 92//2471 107//2472 81//2473
f 104//2474 255//2475 256//2476
f 104//2477 256//2478 105//2479
f 81//2480 106//2481 90//2482
f 90//2483 106//2484 256//2485
f 256//2486 106//2487 105//2488
f 255//2489 104//2490 252//2491
f 252//2492 104//2493 103//2494
f 252//2495 103//2496 102//2497
f 252//2498 102//2499 101//2500
f 252//2501 101//2502 87//2503
f 191//2504 186//2505 399//2506
f 194//2507 398//2508 192//2509
f 186//2510 184//2511 192//2512
f 195//2513 251//2514 196//2515
f 187//2516 195//2517 185//2518
f 187//2519 188//2520 401//2521
f 401//2522 188//2523 189//2524
f 400//2525 189//2526 403//2527
f 189//2528 190//2529 403//2530
f 403//2531 190//2532 191//2533
f 403//2534 404//2535 400//2536
f 187//2537 402//2538 195//2539
f 195//2540 402//2541 251//2542
f 187//2543 401//2544 402//2545
f 402//2546 253//2547 251//2548
f 402//2549 401//2550 253//2551
f 189//2552 400//2553 401//2554
f 401//2555 400//2556 404//2557
f 401//2558 404//2559 253//2560
f 253//2561 404//2562 254//2563
f 257//2564 254//2565 403//2566
f 403//2567 254//2568 404//2569
f 191//2570 399//2571 403//2572
f 399//2573 398//2574 403//2575
f 403//2576 398//2577 257//2578
f 186//2579 398//2580 399//2581
f 398//2582 194//2583 257//2584
f 186//2585 192//2586 398//2587
f 405//2588 406//2589 413//2590
f 412//2591 407//2592 408//2593
f 412//2594 409//2595 407//2596
f 408//2597 410//2598 406//2599
f 408//2600 406//2601 405//2602
f 408//2603 411//2604 410//2605
f 408//2606 407//2607 411//2608
f 412//2609 413//2610 409//2611
f 405//2612 413//2613 412//2614
f 415//2615 414//2616 411//2617
f 415//2618 411//2619 416//2620
f 410//2621 411//2622 414//2623
f 418//2624 413//2625 417//2626
f 417//2627 413//2628 406//2629
f 415//2630 418//2631 417//2632
f 417//2633 406//2634 414//2635
f 414//2636 406//2637 410//2638
f 415//2639 416//2640 418//2641
f 411//2642 407//2643 416//2644
f 416//2645 407//2646 409//2647
f 416//2648 409//2649 418//2650
f 418//2651 409//2652 413//2653
f 408//2654 415//2655 412//2656
f 412//2657 415//2658 417//2659
f 412//2660 417//2661 405//2662
f 405//2663 417//2664 408//2665
f 408//2666 417//2667 414//2668
f 408//2669 414//2670 415//2671
f 420//2672 421//2673 419//2674
f 425//2675 421//2676 420//2677
f 424//2678 422//2679 423//2680
f 424//2681 428//2682 422//2683
f 423//2684 427//2685 426//2686
f 423//2687 422//2688 427//2689
f 423//2690 426//2691 425//2692
f 425//2693 426//2694 421//2695
f 420//2696 419//2697 424//2698
f 424//2699 419//2700 428//2701
f 425//2702 429//2703 430//2704
f 430//2705 422//2706 431//2707
f 425//2708 434//2709 429//2710
f 430//2711 427//2712 422//2713
f 430//2714 429//2715 427//2716
f 431//2717 432//2718 433//2719
f 433//2720 432//2721 419//2722
f 431//2723 422//2724 428//2725
f 433//2726 434//2727 425//2728
f 431//2729 428//2730 432//2731
f 419//2732 434//2733 433//2734
f 419//2735 421//2736 434//2737
f 434//2738 421//2739 426//2740
f 434//2741 426//2742 429//2743
f 429//2744 426//2745 427//2746
f 432//2747 428//2748 419//2749
f 423//2750 430//2751 424//2752
f 424//2753 430//2754 431//2755
f 424//2756 431//2757 420//2758
f 420//2759 431//2760 433//2761
f 420//2762 433//2763 425//2764
f 423//2765 425//2766 430//2767
f 441//2768 437//2769 435//2770
f 438//2771 436//2772 442//2773
f 442//2774 439//2775 438//2776
f 470//2777 440//2778 441//2779
f 470//2780 441//2781 435//2782
f 436//2783 437//2784 442//2785
f 443//2786 444//2787 445//2788
f 446//2789 444//2790 447//2791
f 450//2792 444//2793 443//2794
f 448//2795 451//2796 449//2797
f 446//2798 447//2799 451//2800
f 446//2801 451//2802 448//2803
f 453//2804 452//2805 454//2806
f 454//2807 457//2808 448//2809
f 458//2810 452//2811 455//2812
f 455//2813 452//2814 453//2815
f 459//2816 456//2817 457//2818
f 455//2819 456//2820 458//2821
f 457//2822 454//2823 459//2824
f 460//2825 463//2826 461//2827
f 462//2828 465//2829 463//2830
f 462//2831 463//2832 460//2833
f 464//2834 466//2835 465//2836
f 467//2837 468//2838 469//2839
f 461//2840 467//2841 469//2842
f 469//2843 468//2844 464//2845
f 464//2846 468//2847 466//2848
f 461//2849 469//2850 460//2851
f 460//2852 469//2853 455//2854
f 455//2855 469//2856 457//2857
f 455//2858 457//2859 456//2860
f 454//2861 448//2862 453//2863
f 453//2864 448//2865 443//2866
f 443//2867 448//2868 449//2869
f 443//2870 449//2871 450//2872
f 444//2873 446//2874 445//2875
f 445//2876 446//2877 470//2878
f 470//2879 446//2880 438//2881
f 470//2882 438//2883 439//2884
f 470//2885 439//2886 440//2887
f 437//2888 436//2889 435//2890
f 435//2891 436//2892 464//2893
f 435//2894 464//2895 462//2896
f 462//2897 464//2898 465//2899
f 479//2900 471//2901 472//2902
f 472//2903 471//2904 473//2905
f 472//2906 473//2907 474//2908
f 474//2909 473//2910 475//2911
f 474//2912 475//2913 476//2914
f 476//2915 475//2916 477//2917
f 476//2918 477//2919 478//2920
f 476//2921 478//2922 479//2923
f 479//2924 478//2925 471//2926
f 523//2927 480//2928 481//2929
f 481//2930 480//2931 517//2932
f 482//2933 545//2934 521//2935
f 523//2936 481//2937 499//2938
f 499//2939 481//2940 483//2941
f 483//2942 481//2943 484//2944
f 483//2945 484//2946 485//2947
f 485//2948 484//2949 486//2950
f 485//2951 486//2952 487//2953
f 487//2954 486//2955 488//2956
f 487//2957 488//2958 489//2959
f 489//2960 488//2961 490//2962
f 489//2963 490//2964 491//2965
f 491//2966 490//2967 497//2968
f 491//2969 497//2970 482//2971
f 482//2972 497//2973 524//2974
f 482//2975 524//2976 545//2977
f 492//2978 494//2979 484//2980
f 493//2981 488//2982 494//2983
f 492//2984 484//2985 481//2986
f 498//2987 495//2988 496//2989
f 494//2990 486//2991 484//2992
f 495//2993 490//2994 493//2995
f 493//2996 490//2997 488//2998
f 492//2999 481//3000 517//3001
f 492//3002 517//3003 496//3004
f 488//3005 486//3006 494//3007
f 540//3008 496//3009 517//3010
f 496//3011 540//3012 542//3013
f 496//3014 542//3015 498//3016
f 497//3017 490//3018 495//3019
f 495//3020 498//3021 497//3022
f 501//3023 479//3024 472//3025
f 479//3026 487//3027 476//3028
f 476//3029 487//3030 489//3031
f 476//3032 489//3033 474//3034
f 474//3035 489//3036 491//3037
f 479//3038 483//3039 485//3040
f 479//3041 485//3042 487//3043
f 491//3044 482//3045 474//3046
f 474//3047 482//3048 472//3049
f 472//3050 482//3051 521//3052
f 543//3053 500//3054 501//3055
f 479//3056 499//3057 483//3058
f 501//3059 521//3060 543//3061
f 521//3062 501//3063 472//3064
f 479//3065 501//3066 499//3067
f 505//3068 506//3069 539//3070
f 505//3071 507//3072 506//3073
f 508//3074 507//3075 505//3076
f 507//3077 508//3078 509//3079
f 509//3080 508//3081 531//3082
f 510//3083 531//3084 508//3085
f 510//3086 532//3087 531//3088
f 504//3089 532//3090 510//3091
f 532//3092 504//3093 533//3094
f 503//3095 533//3096 504//3097
f 503//3098 502//3099 533//3100
f 503//3101 511//3102 502//3103
f 512//3104 511//3105 503//3106
f 512//3107 534//3108 511//3109
f 513//3110 534//3111 512//3112
f 513//3113 536//3114 534//3115
f 513//3116 537//3117 536//3118
f 514//3119 537//3120 513//3121
f 514//3122 538//3123 537//3124
f 514//3125 539//3126 538//3127
f 505//3128 539//3129 514//3130
f 436//3131 505//3132 464//3133
f 448//3134 503//3135 446//3136
f 448//3137 512//3138 503//3139
f 503//3140 504//3141 446//3142
f 446//3143 504//3144 510//3145
f 446//3146 510//3147 438//3148
f 438//3149 510//3150 508//3151
f 438//3152 508//3153 436//3154
f 436//3155 508//3156 505//3157
f 464//3158 505//3159 514//3160
f 464//3161 514//3162 469//3163
f 469//3164 514//3165 513//3166
f 469//3167 513//3168 457//3169
f 457//3170 513//3171 512//3172
f 457//3173 512//3174 448//3175
f 435//3176 462//3177 460//3178
f 435//3179 460//3180 470//3181
f 470//3182 460//3183 455//3184
f 470//3185 455//3186 445//3187
f 445//3188 455//3189 443//3190
f 443//3191 455//3192 453//3193
f 541//3194 516//3195 517//3196
f 523//3197 530//3198 480//3199
f 480//3200 530//3201 522//3202
f 524//3203 518//3204 545//3205
f 545//3206 518//3207 535//3208
f 498//3209 519//3210 520//3211
f 522//3212 541//3213 517//3214
f 522//3215 517//3216 480//3217
f 515//3218 530//3219 523//3220
f 518//3221 524//3222 498//3223
f 518//3224 498//3225 520//3226
f 535//3227 544//3228 521//3229
f 535//3230 521//3231 545//3232
f 525//3233 492//3234 526//3235
f 526//3236 492//3237 496//3238
f 526//2906 496//2907 527//2908
f 527//2909 496//2910 495//2911
f 527//2912 495//2913 528//2914
f 528//3239 495//3240 493//3241
f 528//3242 493//3243 494//3244
f 528//3245 494//3246 529//3247
f 529//3248 494//3249 525//3250
f 525//3251 494//3252 492//3253
f 530//3254 502//3255 511//3256
f 522//3257 511//3258 534//3259
f 530//3260 511//3261 522//3262
f 502//3263 530//3264 533//3265
f 509//3266 535//3267 507//3268
f 522//3269 534//3270 536//3271
f 539//3272 518//3273 538//3274
f 506//3275 507//3276 535//3277
f 518//3278 506//3279 535//3280
f 506//3281 518//3282 539//3283
f 515//3284 523//3285 501//3286
f 515//3287 501//3288 500//3289
f 521//3290 544//3291 543//3292
f 542//3293 519//3294 498//3295
f 517//3296 516//3297 540//3298
f 536//3299 540//3300 516//3301
f 536//3302 541//3303 522//3304
f 536//3305 516//3306 541//3307
f 540//3308 536//3309 537//3310
f 537//3311 542//3312 540//3313
f 542//3314 537//3315 538//3316
f 531//3317 543//3318 509//3319
f 509//3320 544//3321 535//3322
f 509//3323 543//3324 544//3325
f 532//3326 500//3327 531//3328
f 531//3329 500//3330 543//3331
f 533//3332 515//3333 532//3334
f 532//3335 515//3336 500//3337
f 533//3338 530//3339 515//3340
f 520//3341 519//3342 518//3343
f 519//3344 542//3345 538//3346
f 519//3347 538//3348 518//3349
f 523//3350 499//3351 501//3352
f 498//3353 524//3354 497//3355
f 478//3356 546//3357 471//3358
f 473//3359 471//3360 547//3361
f 473//3362 547//3363 475//3364
f 475//3365 547//3366 548//3367
f 475//3368 548//3369 477//3370
f 478//3371 477//3372 546//3373
f 526//3374 552//3375 549//3376
f 526//3377 549//3378 525//3379
f 525//3380 549//3381 529//3382
f 529//3383 550//3384 528//3385
f 528//3386 550//3387 527//3388
f 527//3389 550//3390 551//3391
f 527//3392 551//3393 526//3394
f 526//3395 551//3396 552//3397
f 471//3398 529//3399 549//3400
f 471//3401 549//3402 547//3403
f 547//3404 549//3405 552//3406
f 547//3407 552//3408 548//3409
f 548//3410 552//3411 551//3412
f 548//3413 551//3414 477//3415
f 477//3416 551//3417 550//3418
f 477//3419 550//3420 546//3421
f 546//3422 550//3423 529//3424
f 546//3425 529//3426 471//3427
f 553//3428 556//3429 459//3430
f 452//3431 554//3432 454//3433
f 452//3434 555//3435 554//3436
f 458//3437 555//3438 452//3439
f 555//3440 458//3441 456//3442
f 555//3443 456//3444 556//3445
f 456//3446 459//3447 556//3448
f 553//3449 459//3450 454//3451
f 553//3452 454//3453 554//3454
f 557//3455 561//3456 463//3457
f 557//3458 465//3459 558//3460
f 558//3461 465//3462 466//3463
f 558//3464 466//3465 468//3466
f 558//3467 468//3468 559//3469
f 467//3470 559//3471 468//3472
f 559//3473 467//3474 560//3475
f 560//3476 467//3477 461//3478
f 560//3479 461//3480 561//3481
f 461//3482 463//3483 561//3484
f 557//3485 463//3486 465//3487
f 558//3488 559//3489 442//3490
f 441//3491 557//3492 437//3493
f 441//3494 561//3495 557//3496
f 561//3497 441//3498 560//3499
f 560//3500 441//3501 440//3502
f 440//3503 439//3504 560//3505
f 560//3506 439//3507 559//3508
f 559//3509 439//3510 442//3511
f 558//3512 442//3513 437//3514
f 558//3515 437//3516 557//3517
f 554//3518 449//3519 553//3520
f 553//3521 449//3522 451//3523
f 553//3524 451//3525 556//3526
f 447//3527 556//3528 451//3529
f 556//3530 447//3531 444//3532
f 556//3533 444//3534 555//3535
f 555//3536 444//3537 450//3538
f 555//3539 450//3540 554//3541
f 554//3542 450//3543 449//3544
