# Blender 4.0.2
# www.blender.org
mtllib KneeLeft.mtl
o KneeLeft
v 0.008280 0.038827 -0.004728
v 0.014874 0.043990 -0.001926
v 0.150467 0.237234 -0.002487
v 0.153246 0.243101 -0.004929
v 0.153328 0.237312 -0.000699
v 0.157170 0.240336 -0.000010
v 0.150696 0.234603 -0.001118
v 0.016386 0.041729 -0.000280
v 0.012345 0.035971 -0.000277
v 0.013020 0.041275 -0.001864
v 0.014643 0.040442 -0.015844
v 0.012006 0.036210 -0.015936
v 0.016315 0.042545 -0.015914
v 0.150666 0.234716 -0.015304
v 0.153441 0.236500 -0.016081
v 0.161571 0.237258 -0.018857
v 0.152120 0.243917 -0.011548
v 0.150588 0.237550 -0.013972
v 0.013128 0.042240 -0.014198
v 0.008097 0.038956 -0.010583
v 0.014979 0.044016 -0.014633
v 0.026027 0.026298 0.002176
v 0.170930 0.230651 0.001862
v 0.034334 0.026423 -0.002338
v 0.032921 0.021444 -0.003245
v 0.033290 0.028651 -0.000300
v 0.036545 0.029100 -0.001804
v 0.177505 0.226012 -0.004288
v 0.172687 0.220799 -0.002489
v 0.170173 0.220958 -0.002070
v 0.170608 0.223307 -0.000300
v 0.173051 0.223349 -0.001529
v 0.034924 0.020022 -0.011087
v 0.178677 0.225181 -0.008962
v 0.177198 0.226236 -0.012312
v 0.036274 0.029390 -0.014967
v 0.171819 0.220365 -0.014386
v 0.173088 0.229122 -0.016816
v 0.034363 0.030058 -0.015356
v 0.028692 0.024428 -0.016816
v 0.033421 0.026716 -0.015504
v 0.034729 0.026428 -0.013774
v 0.173371 0.222888 -0.014582
v 0.170270 0.223067 -0.016289
v 0.021889 0.029227 -0.018783
v 0.016215 0.043563 -0.013791
v 0.152621 0.234098 -0.014742
v 0.153160 0.243184 -0.011094
v 0.153351 0.237681 -0.013967
v 0.158633 0.239320 -0.015504
v 0.016158 0.040091 -0.014890
v 0.017282 0.032467 -0.017051
v 0.013713 0.041697 -0.013092
v 0.150636 0.235627 -0.013180
v 0.035639 0.027810 -0.003619
v 0.035021 0.030117 -0.002336
v 0.032565 0.029106 -0.001598
v 0.026377 0.026053 -0.000103
v 0.032392 0.021818 -0.004436
v 0.172916 0.222568 -0.003518
v 0.172193 0.229749 -0.000855
v 0.170002 0.223942 -0.001599
v 0.013226 0.035361 -0.001485
v 0.014088 0.040549 -0.002692
v 0.016559 0.040479 -0.001580
v 0.150833 0.234569 -0.002742
v 0.016620 0.043016 -0.002298
v 0.153612 0.234847 -0.001611
v 0.160940 0.237698 -0.000002
v 0.152598 0.237824 -0.003019
v 0.008978 0.038335 -0.005626
v 0.014455 0.043134 -0.003606
v 0.169608 0.231583 -0.016926
v 0.028388 0.024642 -0.015254
v 0.033710 0.020881 -0.010689
v 0.032593 0.029158 -0.014917
v 0.170393 0.220742 -0.013733
v 0.169701 0.223469 -0.014892
v 0.035762 0.028040 -0.012902
v 0.172861 0.223573 -0.013477
v 0.021137 -0.012505 -0.006822
v -0.021288 0.012507 -0.007051
v 0.000096 -0.024401 -0.006821
v -0.020682 -0.014558 0.003277
v -0.021530 -0.011577 -0.006793
v -0.017700 0.018063 0.003301
v -0.018764 0.021211 -0.007050
v -0.025577 0.010919 -0.007050
v 0.022964 -0.010614 0.003283
v 0.026407 -0.010717 -0.007050
v 0.017706 -0.018061 0.003291
v 0.018659 -0.020715 -0.007051
v 0.003329 -0.027613 -0.007050
v 0.002261 -0.025199 0.003271
v -0.006788 -0.024364 0.003292
v -0.008527 -0.026149 -0.007051
v -0.022243 -0.016692 -0.007050
v -0.024495 -0.006303 0.003292
v -0.027270 -0.005801 -0.007051
v -0.020788 0.011764 -0.006410
v -0.012236 0.021037 -0.006570
v 0.003447 0.024098 -0.006479
v 0.015584 0.018428 -0.006614
v 0.022392 0.007726 -0.006418
v 0.023706 -0.001074 -0.006410
v 0.010273 -0.021502 -0.006545
v -0.006567 -0.022584 -0.006450
v -0.013626 -0.019403 -0.006517
v -0.023572 0.002610 -0.006480
v 0.015095 0.049947 -0.008799
v 0.037150 0.028225 -0.004614
v 0.040095 0.032285 -0.004397
v 0.033266 0.021204 -0.005124
v 0.035003 0.025486 -0.004374
v 0.035980 0.030460 -0.002636
v 0.022283 0.029054 0.001900
v 0.033201 0.030058 -0.001618
v 0.033232 0.037136 0.000011
v 0.032353 0.027160 -0.002048
v 0.034265 0.030573 -0.014639
v 0.036921 0.034527 -0.015064
v 0.032414 0.028757 -0.014834
v 0.025370 0.026770 -0.016602
v 0.032852 0.026187 -0.013928
v 0.037187 0.029443 -0.012614
v 0.035683 0.025926 -0.011697
v 0.032505 0.021743 -0.012291
v 0.041206 0.031512 -0.009741
v 0.020451 0.046143 -0.001286
v 0.015766 0.039785 -0.001710
v 0.016840 0.032787 0.000137
v 0.017262 0.043457 -0.002130
v 0.012758 0.042898 -0.004929
v 0.009647 0.037868 -0.004110
v 0.014507 0.044589 -0.004371
v 0.012864 0.040305 -0.003242
v 0.014137 0.044473 -0.011889
v 0.016647 0.044100 -0.013869
v 0.022679 0.044578 -0.016267
v 0.014734 0.039590 -0.014453
v 0.015557 0.033692 -0.016154
v 0.017179 0.041359 -0.014883
v 0.012270 0.041523 -0.012122
v 0.008816 0.038452 -0.011368
v 0.010242 -0.019255 0.005586
v 0.012029 -0.016637 0.003911
v 0.009750 -0.012028 0.003920
v 0.007952 -0.011471 0.005650
v 0.021757 -0.000790 0.005634
v 0.020438 0.002105 0.003879
v 0.015291 0.002430 0.003920
v 0.013939 0.001160 0.005673
v 0.011554 0.018448 0.005626
v 0.008394 0.018751 0.003879
v 0.005542 0.014457 0.003920
v 0.005965 0.012616 0.005662
v -0.010213 0.019264 0.005591
v -0.012029 0.016637 0.003911
v -0.009750 0.012028 0.003920
v -0.007946 0.011475 0.005661
v -0.021996 0.000350 0.004091
v -0.021745 0.000987 0.005696
v -0.017332 -0.003320 0.003936
v -0.013817 -0.001377 0.003965
v -0.014254 -0.001624 0.005605
v -0.011018 -0.018868 0.004084
v -0.011813 -0.018337 0.005699
v -0.005789 -0.016661 0.003936
v -0.005716 -0.012655 0.003965
v 0.036000 -0.004786 -0.019063
v 0.027605 0.024411 0.001473
v 0.032633 0.016373 -0.005366
v 0.035058 0.011623 -0.019258
v 0.032397 0.016906 -0.012238
v 0.025555 0.026573 -0.018925
v 0.015931 0.033124 -0.018664
v 0.004855 0.036198 -0.004682
v 0.001337 0.036540 0.002535
v 0.004879 0.036234 -0.012165
v -0.001088 0.036862 -0.019254
v 0.012013 0.034652 0.000718
v 0.035926 -0.001761 0.003390
v 0.037830 -0.001953 -0.019250
v 0.033915 0.013718 0.002399
v -0.008564 0.035382 0.002710
v -0.014529 0.034983 -0.019249
v -0.016556 0.032243 0.003159
v -0.022126 0.028428 -0.019023
v 0.030633 -0.011092 -0.018991
v -0.020757 0.025123 -0.018957
v 0.032615 -0.002370 -0.019213
v -0.010877 0.031042 -0.019185
v 0.003315 0.032535 -0.019222
v 0.016921 0.028207 -0.019188
v 0.027146 0.018232 -0.019215
v 0.031574 0.008330 -0.019212
v 0.029760 -0.011339 -0.015342
v 0.034210 -0.011333 -0.019005
v 0.025798 -0.010934 -0.013224
v -0.020557 0.023989 -0.014882
v -0.018900 0.020649 -0.013258
v -0.016832 0.032594 -0.019009
v -0.014869 0.035132 0.004354
v -0.013669 0.033219 0.003718
v -0.007929 0.020319 0.005600
v 0.021518 -0.003220 0.005585
v 0.035811 -0.004770 0.003405
v 0.037907 -0.004867 -0.019250
v 0.019736 0.030725 0.003072
v 0.022306 0.028935 0.003657
v 0.016142 -0.031412 -0.013250
v 0.021174 -0.026448 0.003373
v 0.021194 -0.026318 -0.013250
v -0.019134 -0.029685 -0.013250
v -0.012316 -0.031562 0.003372
v -0.012194 -0.031513 -0.013250
v -0.035572 0.002016 0.004806
v -0.035317 0.001732 -0.013250
v -0.033491 -0.005114 0.003372
v -0.033388 -0.005197 -0.013250
v 0.012865 -0.031472 0.003762
v 0.002718 -0.015497 0.003886
v 0.008006 -0.020232 0.005611
v 0.004894 -0.019923 0.003971
v -0.000556 -0.006813 0.003861
v 0.034135 -0.011329 0.002997
v 0.005623 -0.003886 0.003861
v 0.014779 -0.005394 0.003887
v 0.019702 -0.005722 0.003971
v -0.022948 0.010631 0.003278
v -0.014930 0.005520 0.003906
v -0.021525 0.003204 0.005595
v -0.019694 0.005715 0.003998
v -0.005623 0.003886 0.003861
v -0.021580 -0.028257 0.004699
v -0.012061 -0.010102 0.003886
v -0.013544 -0.017033 0.005583
v -0.014806 -0.014197 0.003971
v -0.006178 -0.002926 0.003861
v 0.028806 0.021042 0.003630
v 0.035961 0.004089 0.003386
v 0.013651 0.017025 0.005584
v 0.014806 0.014197 0.003971
v 0.012058 0.010105 0.003896
v 0.006175 0.002925 0.003867
v -0.004894 0.019923 0.003971
v 0.000556 0.006810 0.003867
v -0.002722 0.015496 0.003896
v -0.027634 -0.005760 -0.013250
v -0.025488 0.010876 -0.013250
v -0.008828 -0.026812 -0.013250
v -0.022162 -0.016636 -0.013250
v 0.018806 -0.021051 -0.013250
v 0.003326 -0.027511 -0.013250
v -0.002069 0.028085 -0.013241
v 0.001006 0.027893 -0.007050
v 0.016167 0.022934 -0.013256
v 0.016077 0.022790 -0.007050
v 0.025940 0.010300 -0.007050
v 0.027146 0.007489 -0.013242
v -0.015323 0.005612 0.005651
v -0.018841 0.002743 -0.003250
v -0.017260 -0.000458 -0.003250
v -0.022837 0.001306 -0.003249
v 0.017260 0.000458 -0.003250
v 0.008152 -0.004871 -0.003070
v 0.016271 -0.002999 -0.003250
v 0.021797 -0.008549 -0.003253
v 0.018841 -0.002743 -0.003250
v 0.011724 0.019887 -0.003250
v 0.008978 0.015877 -0.003250
v 0.008929 0.012888 -0.003250
v 0.012077 0.013943 -0.003250
v 0.021369 0.008735 -0.003250
v -0.005429 0.022716 -0.003248
v -0.006529 0.017635 -0.003250
v -0.019225 0.012780 -0.003250
v -0.021238 -0.008484 -0.003250
v -0.012077 -0.013943 -0.003250
v -0.011802 -0.020193 -0.003250
v -0.008978 -0.015877 -0.003250
v 0.005351 -0.015530 -0.003250
v -0.008929 -0.012888 -0.003250
v 0.002494 -0.022733 -0.003250
v 0.011808 -0.019586 -0.003250
v 0.008450 -0.017463 -0.003250
v 0.008499 -0.014473 -0.003250
v -0.016271 0.002999 -0.003250
v -0.008185 0.004785 -0.003065
v -0.009241 0.015200 -0.003250
v -0.005927 0.014729 -0.003250
v -0.008265 -0.004619 -0.003017
v -0.000123 -0.009462 -0.003014
v 0.000109 0.009467 -0.003017
v 0.008265 0.004622 -0.003019
v -0.016485 0.003151 0.005750
v -0.018993 0.002529 0.005750
v -0.016901 -0.000396 0.005750
v -0.005319 0.015877 0.005750
v -0.008225 0.017484 0.005750
v -0.008716 0.014535 0.005750
v 0.011653 0.013357 0.005750
v 0.010096 0.016321 0.005750
v 0.008712 0.012949 0.005750
v 0.018993 -0.002529 0.005750
v 0.016901 0.000396 0.005750
v 0.016485 -0.003151 0.005750
v 0.008225 -0.017484 0.005750
v 0.008716 -0.014535 0.005750
v 0.005319 -0.015877 0.005750
v -0.008712 -0.012949 0.005750
v -0.011653 -0.013357 0.005750
v -0.010096 -0.016321 0.005750
v 0.005873 0.015999 0.005668
v 0.010591 0.009874 0.005685
v 0.014369 0.012794 0.005626
v 0.009078 0.018732 0.005632
v 0.006968 -0.003084 0.005654
v 0.005919 0.003649 0.005606
v 0.017030 0.002938 0.005608
v 0.007376 0.001800 0.005639
v 0.020156 -0.005223 0.005632
v 0.015666 -0.005853 0.005644
v 0.020658 0.001616 0.005663
v -0.001457 -0.006787 0.005609
v 0.000825 -0.007586 0.005652
v 0.010920 -0.013086 0.005668
v 0.002775 -0.016510 0.005664
v 0.011682 -0.017230 0.005632
v 0.005572 -0.020078 0.005626
v -0.007889 -0.018454 0.005645
v -0.005729 -0.013147 0.005617
v -0.009952 -0.009980 0.005683
v -0.014599 -0.014850 0.005633
v -0.012913 -0.010657 0.005660
v -0.013566 0.003620 0.005664
v -0.019779 0.005545 0.005615
v -0.019949 -0.002388 0.005643
v -0.003253 0.014112 0.005685
v -0.010981 0.013181 0.005705
v -0.003894 0.018839 0.005626
v -0.011679 0.017257 0.005602
v -0.007389 -0.001788 0.005648
v -0.005918 -0.003649 0.005610
v 0.002135 0.007284 0.005654
v -0.000207 0.006949 0.005615
v -0.006979 0.003082 0.005648
v -0.005151 0.004657 0.005625
v 0.005138 -0.004648 0.005642
v -0.031843 0.011221 -0.013250
v -0.032000 0.011107 0.003323
v 0.006204 -0.033188 -0.013250
v 0.006382 -0.033267 0.003323
v -0.025640 -0.021966 -0.013250
v -0.025619 -0.022160 0.003323
v -0.021557 -0.027940 -0.013250
v -0.035001 0.004700 -0.013250
v 0.020364 0.029226 0.004848
v 0.038083 -0.002210 0.004357
v 0.013419 -0.032640 -0.013250
v -0.017127 0.034128 0.004342
v -0.035362 0.004535 0.004698
v -0.019372 -0.029729 0.004820
v 0.013889 -0.032809 0.004896
v -0.022057 0.028391 0.003188
v 0.010835 0.034538 0.003401
v 0.016069 -0.031739 0.004865
v 0.037894 -0.004678 0.004356
v 0.006330 0.040203 -0.008514
v 0.035751 0.019449 -0.007986
v 0.031398 0.022535 -0.016159
v 0.010549 0.037236 -0.000456
v 0.009503 0.037965 -0.014807
v 0.032577 0.021688 -0.001693
v 0.016868 -0.015722 -0.006245
v -0.021960 -0.007914 -0.006252
v -0.004133 0.023048 -0.006248
v 0.013622 -0.003630 0.005686
v 0.003673 -0.013605 0.005684
v -0.008979 0.001801 -0.000005
v -0.004040 0.008060 0.000001
v 0.003638 0.008366 -0.000009
v 0.008536 0.002695 -0.000004
v 0.007821 -0.004811 0.000001
v -0.000254 -0.009179 0.000001
v -0.007127 -0.005473 -0.000001
v 0.034838 0.029755 -0.008246
v 0.032527 0.032779 -0.008374
v 0.029095 0.032163 -0.008256
v 0.029589 0.028660 -0.008083
v 0.032863 0.027445 -0.008257
v 0.014890 0.039217 -0.008397
v 0.018908 0.037274 -0.008194
v 0.020968 0.040532 -0.008264
v 0.016346 0.042801 -0.008255
v 0.027397 0.012062 -0.013603
v -0.010405 0.028132 -0.013655
v 0.031337 -0.001653 -0.014417
v 0.029579 0.012507 -0.015437
v 0.002721 0.031395 -0.014529
v -0.010719 0.030524 -0.016111
v 0.020737 0.024581 -0.015741
v 0.015982 0.027050 -0.014314
v 0.187895 0.265302 -0.013283
v 0.184842 0.263316 -0.013750
v 0.182727 0.266783 -0.013750
v 0.182169 0.258647 -0.013750
v 0.184578 0.254090 -0.013750
v 0.181663 0.262191 -0.013264
v 0.177932 0.262754 -0.013750
v 0.179024 0.256935 -0.013250
v 0.186184 0.258945 -0.013750
v 0.190194 0.259951 -0.013225
v 0.181594 0.259203 -0.012750
v 0.184887 0.254351 -0.012750
v 0.185534 0.258416 -0.012750
v 0.177618 0.261970 -0.012750
v 0.185746 0.262702 -0.012750
v 0.182896 0.266895 -0.012750
v 0.183778 0.263263 -0.003250
v 0.187380 0.266261 -0.003750
v 0.181214 0.261280 -0.003331
v 0.178888 0.264667 -0.003750
v 0.183894 0.257876 -0.003750
v 0.183941 0.254272 -0.003750
v 0.189884 0.258771 -0.003405
v 0.178288 0.257946 -0.003750
v 0.186624 0.261205 -0.003750
v 0.180362 0.255327 -0.002750
v 0.183397 0.257749 -0.002750
v 0.187570 0.255557 -0.002750
v 0.177722 0.261541 -0.002750
v 0.186571 0.261426 -0.002750
v 0.188453 0.264890 -0.002750
v 0.182112 0.266860 -0.002750
v 0.168678 0.212655 -0.010771
v 0.177815 0.225787 -0.010892
v 0.173126 0.220552 -0.011426
v 0.171581 0.230187 -0.015959
v 0.171102 0.224743 -0.014661
v 0.169374 0.223312 -0.014827
v 0.169621 0.220260 -0.013937
v 0.173779 0.223782 -0.012965
v 0.145045 0.229326 -0.012425
v 0.150887 0.233670 -0.014085
v 0.150428 0.225525 -0.016132
v 0.154022 0.234822 -0.014999
v 0.158219 0.239611 -0.015849
v 0.152157 0.243896 -0.008299
v 0.149400 0.236443 -0.011618
v 0.153603 0.238205 -0.013856
v 0.151469 0.238565 -0.012089
v 0.149384 0.235546 -0.004278
v 0.143415 0.230473 -0.006935
v 0.150519 0.238179 -0.004981
v 0.149433 0.226230 -0.000456
v 0.153973 0.234922 -0.001563
v 0.156892 0.240546 -0.001659
v 0.151025 0.233641 -0.002332
v 0.153880 0.237937 -0.002430
v 0.163713 0.216156 -0.001085
v 0.169135 0.222460 -0.001696
v 0.168186 0.213002 -0.005368
v 0.170153 0.219783 -0.003048
v 0.177414 0.226072 -0.005328
v 0.173238 0.220843 -0.004985
v 0.170675 0.224580 -0.001726
v 0.173931 0.223787 -0.003709
v 0.171187 0.230463 0.000003
v 0.161779 0.217519 -0.016287
v 0.179762 0.263951 -0.012750
v 0.179083 0.261622 -0.010750
v 0.181122 0.256426 -0.012750
v 0.181603 0.256150 -0.010750
v 0.188534 0.258199 -0.012750
v 0.188789 0.258756 -0.010750
v 0.186525 0.264786 -0.012750
v 0.184376 0.265913 -0.010750
v 0.170148 0.256411 -0.005733
v 0.169778 0.260731 -0.003748
v 0.189928 0.247724 -0.012753
v 0.172672 0.269752 -0.003750
v 0.175758 0.272592 -0.012750
v 0.182551 0.274832 -0.003750
v 0.186574 0.274637 -0.012750
v 0.194480 0.270838 -0.003750
v 0.195916 0.268628 -0.012750
v 0.197950 0.260078 -0.003750
v 0.197572 0.256115 -0.012750
v 0.194833 0.251276 -0.003750
v 0.179083 0.261622 -0.003750
v 0.184376 0.265913 -0.003750
v 0.188789 0.258756 -0.003750
v 0.181603 0.256150 -0.003750
v 0.184127 0.246362 -0.004125
v 0.182750 0.245869 -0.004169
v 0.169955 0.260845 -0.012617
v 0.165742 0.246963 -0.012905
v 0.170825 0.254325 -0.012683
v 0.151879 0.244078 -0.012031
v 0.157402 0.240186 -0.017330
v 0.180165 0.224126 -0.008275
v 0.181437 0.226940 -0.008210
v 0.180522 0.227287 -0.011920
v 0.175825 0.227193 -0.015927
v 0.177900 0.229537 -0.015167
v 0.167074 0.233367 -0.018902
v 0.155781 0.244541 -0.015061
v 0.152822 0.246998 -0.008736
v 0.151440 0.244394 -0.005200
v 0.160871 0.237741 0.002531
v 0.175700 0.227279 -0.000411
v 0.164943 0.247567 -0.012386
v 0.158716 0.247242 -0.012270
v 0.164951 0.247635 -0.004163
v 0.170498 0.254535 -0.004059
v 0.153976 0.246897 -0.010996
v 0.180529 0.228816 -0.005160
v 0.177901 0.238516 -0.004141
v 0.179627 0.233727 -0.004210
v 0.182591 0.246003 -0.012443
v 0.154746 0.246905 -0.005320
v 0.170122 0.256032 -0.011553
v 0.179762 0.263951 -0.005750
v 0.181122 0.256426 -0.005750
v 0.188534 0.258199 -0.005750
v 0.186525 0.264786 -0.005750
v 0.172210 0.233607 -0.018128
v 0.162990 0.239798 -0.018454
v 0.157707 0.244922 -0.014163
v 0.154174 0.246150 -0.003565
v 0.180631 0.228620 -0.011235
v 0.160331 0.241811 0.001023
v 0.169765 0.235170 0.002191
v 0.176323 0.230560 -0.000332
v 0.180091 0.227838 -0.003657
v 0.166189 0.246769 -0.003591
v 0.160618 0.247177 -0.004065
v 0.176990 0.239412 -0.003634
v 0.176895 0.238911 -0.012909
v 0.178195 0.238760 -0.012378
v 0.184477 0.246302 -0.010767
v 0.188341 0.265552 -0.010750
v 0.182230 0.267073 -0.010750
v 0.177174 0.261799 -0.010750
v 0.181140 0.254444 -0.010750
v 0.190056 0.257292 -0.010750
v 0.177096 0.261141 -0.005750
v 0.181687 0.266907 -0.005750
v 0.189711 0.264613 -0.005750
v 0.188782 0.256228 -0.005750
v 0.181758 0.254207 -0.005750
v 0.154170 0.236984 -0.008223
v 0.151664 0.234160 -0.008195
v 0.154213 0.231479 -0.008266
v 0.157371 0.231904 -0.008269
v 0.157273 0.235247 -0.008246
v 0.171535 0.224736 -0.008278
v 0.167292 0.227389 -0.008261
v 0.166166 0.222736 -0.008174
v 0.170322 0.221776 -0.008273
vn -0.9164 -0.1866 0.3540
vn 0.0564 -0.0052 0.9984
vn 0.0106 -0.1909 0.9816
vn 0.2280 0.5026 0.8339
vn 0.2472 0.3809 0.8910
vn -0.1506 -0.2045 0.9672
vn -0.1623 -0.1986 0.9665
vn -0.8426 -0.3406 0.4171
vn -0.9115 -0.1636 0.3774
vn -0.5833 -0.2758 0.7640
vn 0.1284 0.7981 0.5887
vn -0.1134 0.9456 0.3049
vn -0.4863 -0.2592 0.8345
vn -0.0996 0.9446 0.3129
vn -0.4582 -0.2462 0.8541
vn -0.7959 -0.2586 0.5474
vn -0.8617 -0.1501 0.4848
vn -0.5075 0.7942 0.3341
vn 0.2123 0.7900 0.5751
vn 0.1270 0.7478 0.6516
vn -0.7260 0.6344 0.2655
vn -0.9451 0.2299 0.2323
vn -0.7483 0.6265 0.2182
vn -0.5985 0.7739 0.2072
vn -0.1623 0.9083 0.3856
vn -0.7803 -0.2276 0.5825
vn -0.2004 0.8989 0.3897
vn -0.6046 -0.4345 0.6676
vn -0.1033 0.8156 0.5694
vn -0.8805 -0.2815 0.3815
vn 0.0956 0.7524 -0.6518
vn 0.0511 0.7756 -0.6291
vn -0.5828 -0.3861 -0.7150
vn -0.7485 -0.2875 -0.5975
vn -0.6445 0.6775 -0.3544
vn -0.7941 0.5134 -0.3253
vn -0.8389 -0.2068 -0.5035
vn -0.7734 -0.2859 -0.5658
vn 0.2126 0.4639 -0.8600
vn 0.2285 0.3768 -0.8977
vn 0.2256 0.5196 -0.8241
vn -0.8685 0.3601 -0.3408
vn -0.6535 0.3687 -0.6610
vn 0.3935 0.5123 -0.7634
vn 0.3721 0.5765 -0.7274
vn -0.6309 -0.3889 -0.6714
vn -0.4439 0.8396 -0.3131
vn -0.6073 0.7512 -0.2586
vn 0.2861 0.7316 -0.6187
vn -0.7740 -0.1342 -0.6188
vn -0.0507 0.9213 -0.3855
vn -0.2775 0.9106 -0.3063
vn -0.5434 -0.3120 -0.7793
vn -0.5029 -0.3310 -0.7984
vn -0.2025 0.0416 -0.9784
vn -0.9720 -0.0968 -0.2141
vn -0.2742 -0.1353 -0.9521
vn -0.9148 -0.2684 -0.3018
vn 0.1517 0.4629 -0.8733
vn -0.6754 -0.4119 -0.6116
vn -0.7393 0.5389 0.4038
vn 0.2097 0.6894 0.6933
vn -0.5818 -0.4273 0.6921
vn 0.2181 0.6763 0.7036
vn -0.5558 -0.4417 0.7043
vn -0.3992 -0.5509 0.7329
vn 0.2410 0.6626 0.7092
vn -0.3749 -0.5654 0.7347
vn 0.3993 0.5530 0.7312
vn 0.1014 -0.8181 0.5661
vn 0.7385 0.3576 0.5716
vn -0.1595 -0.6047 0.7803
vn -0.2995 -0.5745 0.7617
vn 0.9048 -0.0911 0.4161
vn 0.9224 -0.1075 0.3710
vn -0.2472 -0.6104 0.7525
vn 0.6219 -0.7289 0.2863
vn -0.1029 -0.7594 0.6424
vn 0.3797 -0.8584 0.3448
vn 0.2518 -0.8847 0.3923
vn 0.6689 0.3599 0.6504
vn -0.1717 -0.6809 0.7119
vn 0.1595 0.6013 0.7830
vn 0.2932 0.5772 0.7621
vn 0.3537 0.3623 0.8624
vn -0.1158 -0.0966 0.9886
vn 0.0923 -0.8796 0.4667
vn -0.2979 -0.7268 0.6189
vn -0.6144 0.2967 0.7311
vn -0.5456 0.3887 0.7425
vn 0.2225 -0.9562 0.1902
vn 0.9984 -0.0345 -0.0448
vn 0.9789 -0.1587 -0.1289
vn 0.6701 0.3784 0.6386
vn 0.8892 -0.3617 0.2803
vn 0.5124 0.4313 0.7426
vn 0.3297 -0.8579 0.3942
vn 0.2756 -0.8550 0.4394
vn 0.3600 0.4466 0.8191
vn 0.5804 0.4992 0.6434
vn 0.2079 -0.7811 0.5888
vn 0.8695 0.3165 0.3791
vn 0.9287 0.1863 0.3206
vn -0.0952 -0.3886 0.9165
vn -0.0954 -0.3056 0.9474
vn 0.3013 -0.0144 0.9534
vn 0.1777 -0.9414 0.2867
vn 0.9575 0.1369 0.2538
vn 0.9142 0.1715 0.3672
vn 0.1459 -0.9189 0.3666
vn 0.2459 -0.9691 0.0209
vn 0.9154 0.1705 0.3645
vn 0.2479 -0.9687 0.0131
vn 0.9951 0.0962 0.0214
vn 0.9777 0.1161 -0.1748
vn 0.0892 -0.8788 -0.4687
vn 0.8527 0.2244 -0.4718
vn 0.7228 0.3021 -0.6215
vn 0.8789 0.1343 -0.4578
vn 0.7915 0.2461 -0.5595
vn 0.7464 -0.3089 -0.5895
vn -0.0528 -0.7543 -0.6543
vn 0.0307 -0.7767 -0.6292
vn -0.2501 -0.5132 -0.8210
vn 0.8370 -0.2945 -0.4612
vn 0.8659 -0.2204 -0.4490
vn -0.1554 -0.7757 -0.6117
vn 0.6760 0.2759 -0.6833
vn 0.1414 -0.9148 -0.3784
vn 0.6155 -0.7724 -0.1566
vn 0.5708 0.5051 -0.6474
vn 0.5472 0.4863 -0.6813
vn -0.0750 -0.8148 -0.5749
vn 0.1565 -0.8723 -0.4633
vn -0.2831 -0.0881 -0.9550
vn 0.9256 0.1597 -0.3433
vn 0.2378 -0.3750 -0.8960
vn 0.1515 -0.4999 -0.8527
vn 0.1740 -0.9358 -0.3065
vn 0.2700 -0.1084 -0.9567
vn 0.9609 0.1380 -0.2401
vn 0.9878 0.0763 -0.1358
vn 0.2517 -0.0798 -0.9645
vn 0.1840 -0.1815 -0.9660
vn 0.1374 -0.7803 -0.6101
vn 0.6981 0.4467 -0.5595
vn 0.8886 0.2988 -0.3479
vn 0.1356 -0.8599 -0.4921
vn 0.1534 -0.8695 -0.4694
vn 0.6478 0.3675 -0.6673
vn 0.9050 -0.4222 0.0520
vn 0.7038 -0.7089 0.0466
vn 0.0210 -0.8503 -0.5259
vn 0.8497 -0.4085 -0.3335
vn -0.1782 -0.7079 -0.6835
vn 0.6215 0.3961 -0.6759
vn 0.6101 0.4025 -0.6824
vn -0.1776 -0.7083 -0.6832
vn -0.3294 -0.5998 -0.7292
vn 0.5608 0.4401 -0.7013
vn -0.3753 -0.5659 -0.7341
vn 0.4003 0.5520 -0.7315
vn 0.3193 0.6039 -0.7304
vn -0.4544 -0.5165 -0.7258
vn -0.6080 -0.4094 -0.6802
vn 0.3102 0.5586 -0.7693
vn 0.1571 0.7247 -0.6709
vn -0.4492 0.8148 -0.3665
vn 0.0733 0.2933 -0.9532
vn -0.2552 -0.1716 -0.9515
vn -0.9525 -0.1363 -0.2724
vn 0.2155 0.1844 -0.9589
vn -0.0383 0.8551 -0.5170
vn -0.1370 0.9027 -0.4079
vn -0.2270 0.9614 -0.1558
vn -0.9822 -0.1135 -0.1497
vn -0.9698 -0.1236 0.2101
vn -0.2344 0.9718 -0.0271
vn -0.9329 -0.1453 0.3294
vn -0.1708 0.9310 0.3225
vn -0.2079 0.9593 0.1911
vn -0.9746 -0.1175 0.1907
vn -0.0871 0.3628 0.9278
vn 0.8395 0.3665 0.4012
vn 0.7276 -0.6531 0.2098
vn 0.6457 -0.7118 0.2764
vn 0.7496 0.3275 0.5752
vn -0.0215 -0.8982 0.4391
vn 0.6566 0.3582 0.6638
vn 0.7287 0.3712 0.5755
vn -0.2777 -0.0853 0.9569
vn -0.2658 -0.0484 0.9628
vn -0.2086 0.1659 0.9638
vn -0.2233 -0.6221 0.7504
vn 0.5994 0.4766 0.6431
vn -0.2798 -0.3732 0.8846
vn -0.2853 -0.2293 0.9306
vn 0.6349 0.4515 0.6270
vn -0.1290 -0.7271 0.6744
vn 0.7292 0.4125 0.5459
vn -0.0969 -0.7838 0.6134
vn -0.2690 -0.5863 0.7641
vn 0.7599 0.3887 0.5209
vn 0.8316 0.3011 0.4667
vn 0.8046 0.2502 0.5385
vn 0.5860 -0.7805 0.2176
vn 0.6498 0.3584 0.6703
vn 0.5787 -0.7750 0.2538
vn 0.9240 -0.2863 0.2535
vn 0.7151 -0.6877 0.1255
vn 0.2874 0.5095 -0.8111
vn -0.9342 -0.0099 -0.3566
vn -0.8807 -0.1422 -0.4519
vn -0.5805 -0.4151 -0.7006
vn 0.4831 0.1016 -0.8697
vn 0.4674 0.2496 -0.8481
vn 0.3441 0.0606 -0.9370
vn -0.2183 -0.4022 -0.8891
vn -0.0763 -0.3522 -0.9328
vn -0.4850 0.8480 0.2136
vn -0.5678 0.7690 0.2937
vn -0.9454 -0.3253 -0.0194
vn 0.3912 0.3298 -0.8592
vn 0.3439 0.4206 -0.8395
vn -0.8161 -0.3054 -0.4907
vn -0.6871 -0.2360 -0.6871
vn 0.4089 0.6624 -0.6277
vn -0.8039 -0.1620 -0.5722
vn -0.7972 0.5928 -0.1145
vn -0.1039 0.8734 -0.4759
vn -0.8595 -0.3169 -0.4010
vn -0.4422 0.8853 -0.1441
vn -0.5723 0.8181 -0.0569
vn -0.8965 -0.2948 -0.3308
vn 0.0951 0.9007 -0.4239
vn -0.6207 -0.3369 -0.7079
vn 0.2418 0.7976 -0.5525
vn -0.5905 -0.4172 -0.6908
vn -0.5175 -0.4329 -0.7380
vn -0.0263 0.8734 -0.4864
vn -0.4435 -0.5175 -0.7318
vn 0.5296 0.3927 -0.7519
vn 0.4659 0.4012 -0.7887
vn 0.5540 0.4054 -0.7272
vn -0.3157 -0.1962 -0.9284
vn -0.3190 -0.3607 -0.8764
vn -0.2798 -0.0282 -0.9597
vn 0.3440 0.4277 -0.8359
vn 0.2114 0.3955 -0.8938
vn 0.7296 0.3565 -0.5835
vn -0.3393 -0.3734 -0.8634
vn -0.3246 -0.4543 -0.8296
vn 0.6422 0.3756 -0.6682
vn -0.2318 -0.7158 -0.6587
vn 0.7003 0.3593 -0.6169
vn 0.9540 -0.0949 -0.2843
vn 0.1271 -0.8752 -0.4668
vn 0.2194 -0.8912 -0.3971
vn 0.9541 -0.0980 -0.2830
vn 0.6593 -0.7467 -0.0879
vn 0.0268 -0.9544 -0.2975
vn -0.0109 -0.9460 -0.3239
vn 0.9573 -0.2240 -0.1826
vn 0.9645 -0.1149 -0.2379
vn 0.0468 -0.8980 -0.4375
vn 0.7707 0.3611 -0.5250
vn -0.0469 -0.8166 -0.5753
vn -0.3095 -0.1466 0.9395
vn -0.0685 -0.8250 0.5610
vn -0.2128 -0.7500 0.6263
vn 0.5510 0.5063 0.6634
vn -0.4414 -0.5876 0.6782
vn 0.4245 0.5953 0.6822
vn 0.4277 0.5977 0.6781
vn -0.4382 -0.5861 0.6815
vn -0.5674 -0.4958 0.6575
vn -0.7988 -0.4740 0.3704
vn -0.7498 0.5751 -0.3272
vn -0.6925 0.6724 -0.2614
vn -0.7935 -0.2130 0.5701
vn 0.1717 0.8679 0.4662
vn -0.6706 -0.2689 0.6914
vn 0.2946 0.5682 0.7684
vn 0.3284 0.5217 0.7874
vn -0.5905 -0.5119 0.6239
vn -0.7831 0.5805 0.2230
vn -0.6593 0.7018 0.2698
vn -0.5745 -0.4951 0.6518
vn -0.6414 -0.4480 0.6228
vn 0.2833 0.4723 0.8347
vn 0.2969 0.3381 0.8930
vn -0.8203 0.5525 0.1478
vn -0.6087 -0.4698 0.6393
vn 0.2023 -0.1562 0.9668
vn -0.6988 0.6152 0.3650
vn 0.3619 -0.2868 0.8870
vn 0.2649 0.7106 0.6519
vn 0.5175 -0.7443 0.4221
vn 0.3737 -0.8106 0.4509
vn 0.5295 0.5341 0.6591
vn -0.0079 0.9302 0.3670
vn -0.8742 -0.2134 0.4361
vn -0.9437 -0.1199 0.3084
vn -0.1776 -0.4248 0.8877
vn -0.2365 -0.4383 0.8672
vn -0.1760 0.8713 0.4581
vn 0.2027 0.7573 0.6208
vn 0.2640 0.0033 0.9645
vn 0.0647 0.8296 0.5546
vn 0.1731 0.7950 0.5814
vn -0.3160 -0.4654 0.8268
vn 0.0937 0.8617 0.4988
vn -0.8648 0.4822 0.1396
vn -0.7164 -0.4036 0.5691
vn 0.0579 0.8817 0.4682
vn 0.0216 0.9044 0.4262
vn -0.9522 -0.2739 0.1349
vn -0.0585 0.9880 0.1430
vn -0.9416 -0.3021 -0.1490
vn -0.9647 -0.2629 0.0118
vn -0.9142 -0.2778 -0.2950
vn -0.0678 0.9976 -0.0163
vn -0.0503 0.9797 -0.1940
vn -0.0264 0.9465 -0.3215
vn 0.2151 0.7786 -0.5895
vn -0.7011 -0.4295 -0.5692
vn -0.5848 0.6557 -0.4777
vn 0.2595 0.1181 -0.9585
vn 0.0091 -0.2644 -0.9644
vn -0.5485 -0.5031 -0.6678
vn 0.2105 0.0204 -0.9774
vn 0.1936 0.7681 -0.6103
vn 0.3425 0.6149 -0.7103
vn 0.3197 0.6711 -0.6689
vn -0.3753 -0.6309 -0.6791
vn 0.4406 0.5852 -0.6807
vn 0.3927 0.6209 -0.6785
vn -0.4270 -0.5932 -0.6825
vn -0.3055 -0.6795 -0.6670
vn 0.5996 0.4758 -0.6435
vn -0.3617 -0.6071 -0.7075
vn -0.2185 0.0795 -0.9726
vn 0.6318 0.4546 -0.6278
vn 0.5699 0.3032 -0.7637
vn -0.0458 0.3153 -0.9479
vn 0.7792 0.1395 0.6110
vn 0.8541 -0.4613 0.2402
vn 0.8977 0.2873 0.3340
vn 0.6628 -0.6893 0.2924
vn 0.8624 0.3249 0.3883
vn -0.0602 -0.9029 0.4255
vn 0.9630 0.2696 -0.0046
vn 0.9567 0.2561 0.1384
vn 0.9487 0.2675 -0.1684
vn 0.0886 -0.9960 0.0094
vn 0.0443 -0.9889 -0.1415
vn 0.0284 -0.9568 -0.2894
vn -0.0485 -0.9018 -0.4295
vn 0.7847 0.3969 -0.4761
vn 0.8606 -0.4135 -0.2974
vn -0.0166 -0.9256 -0.3782
vn 0.8163 -0.5461 -0.1881
vn 0.8834 -0.3784 -0.2766
vn 0.6662 0.4257 0.6123
vn -0.0259 0.8528 -0.5216
vn 0.5977 0.4755 0.6455
vn 0.4668 0.5606 0.6839
vn 0.4556 0.5211 -0.7217
vn 0.8008 0.3433 0.4907
vn 0.8507 0.3189 0.4179
vn 0.1821 0.7051 -0.6853
vn -0.1443 0.9232 -0.3562
vn 0.9521 0.2628 0.1562
vn -0.2014 0.9461 -0.2538
vn 0.9515 0.2689 -0.1498
vn 0.5946 0.4990 -0.6304
vn 0.3537 0.5742 0.7383
vn 0.5842 0.4899 -0.6471
vn 0.2069 0.7691 -0.6047
vn 0.2075 0.6633 0.7190
vn 0.6779 0.3365 0.6536
vn 0.1883 0.7620 -0.6196
vn 0.8849 0.2104 0.4156
vn 0.2304 0.7344 -0.6384
vn 0.3541 0.6485 -0.6739
vn 0.4199 0.5413 0.7285
vn 0.0835 0.8604 -0.5027
vn -0.0410 0.9310 0.3626
vn 0.8841 0.1940 -0.4251
vn 0.8885 0.2045 -0.4107
vn 0.6198 0.4640 0.6329
vn 0.5852 0.4165 -0.6958
vn 0.1343 0.7346 -0.6651
vn -0.4071 -0.6087 -0.6810
vn -0.3713 -0.5726 0.7309
vn -0.3269 -0.6673 -0.6691
vn -0.2454 -0.7198 -0.6493
vn -0.3797 -0.5722 0.7269
vn -0.6644 -0.3706 0.6491
vn -0.1097 -0.8338 -0.5410
vn -0.7561 -0.2943 0.5846
vn -0.0166 -0.9215 -0.3880
vn -0.0162 -0.9261 -0.3768
vn -0.6956 -0.3320 0.6371
vn -0.8998 -0.1729 0.4006
vn 0.0227 -0.9538 -0.2995
vn -0.9015 -0.1713 0.3974
vn 0.0883 -0.9961 -0.0068
vn -0.2227 -0.7665 0.6024
vn -0.5172 -0.4539 -0.7256
vn -0.2348 -0.7378 0.6328
vn -0.5605 -0.5239 0.6414
vn -0.6336 -0.3597 -0.6849
vn -0.1829 -0.6813 -0.7087
vn -0.6565 -0.4363 0.6153
vn -0.0905 -0.7671 -0.6351
vn -0.5689 -0.5001 0.6529
vn -0.5905 -0.4834 0.6462
vn -0.3400 -0.5928 -0.7301
vn -0.1711 -0.7129 -0.6801
vn -0.6543 -0.4383 0.6163
vn -0.1707 -0.7133 -0.6798
vn -0.8256 -0.3380 0.4517
vn -0.8891 -0.2922 0.3522
vn -0.1346 -0.7398 -0.6592
vn 0.1669 -0.9395 -0.2992
vn -0.9610 -0.2677 0.0701
vn 0.2272 -0.9585 -0.1725
vn -0.9196 -0.2763 -0.2792
vn -0.9105 -0.2828 -0.3018
vn 0.2433 -0.9697 -0.0195
vn 0.1261 -0.9063 0.4033
vn -0.8188 -0.3482 -0.4564
vn 0.0956 -0.8839 0.4577
vn -0.6368 -0.4549 -0.6226
vn -0.6062 -0.4757 -0.6373
vn 0.0707 -0.8671 0.4931
vn -0.2228 -0.6757 0.7027
vn -0.4313 0.3061 -0.8487
vn -0.8580 0.0170 0.5134
vn -0.8401 0.1073 0.5316
vn -0.3887 -0.8962 -0.2139
vn 0.4167 -0.2759 0.8662
vn -0.5023 -0.8579 -0.1085
vn -0.4789 0.4200 -0.7709
vn 0.4454 -0.7349 -0.5114
vn 0.4092 -0.7358 -0.5395
vn 0.6366 0.4121 -0.6518
vn 0.7011 -0.3113 0.6415
vn 0.6467 0.2811 -0.7091
vn -0.3061 0.6146 -0.7270
vn 0.7322 0.6020 0.3186
vn 0.7354 0.5876 0.3375
vn -0.4629 0.8678 0.1807
vn 0.0983 -0.1901 0.9768
vn -0.3750 0.9118 0.1674
vn 0.0079 -0.9204 -0.3910
vn 0.0263 -0.3934 0.9190
vn -0.0504 -0.9157 -0.3986
vn -0.2916 -0.7866 -0.5443
vn -0.1887 -0.5060 0.8416
vn -0.1956 -0.5109 0.8371
vn 0.7066 0.4903 -0.5102
vn 0.4073 0.2870 0.8670
vn 0.4265 0.2807 0.8598
vn 0.8088 0.5693 -0.1478
vn -0.0026 0.1648 0.9863
vn 0.8509 0.5086 -0.1316
vn 0.0684 -0.4020 -0.9131
vn -0.6801 0.6753 -0.2853
vn -0.6217 0.7186 -0.3116
vn -0.1858 -0.1811 -0.9658
vn -0.4005 0.9035 -0.1526
vn -0.2107 -0.2130 -0.9541
vn -0.3990 -0.8503 0.3433
vn 0.7150 -0.4201 -0.5588
vn -0.2602 -0.8588 0.4414
vn -0.4445 0.1143 0.8884
vn -0.8063 -0.3988 -0.4370
vn -0.7868 -0.4620 -0.4094
vn -0.6290 0.7379 -0.2448
vn 0.2632 -0.1934 -0.9452
vn -0.6715 0.6823 -0.2890
vn -0.5593 0.6358 0.5319
vn 0.2702 0.7052 -0.6555
vn 0.2250 0.7136 -0.6634
vn 0.5309 0.4213 0.7353
vn 0.7737 -0.2739 -0.5713
vn 0.5380 0.5141 0.6680
vn -0.4099 0.5248 0.7460
vn 0.7156 -0.4794 0.5081
vn 0.7389 -0.3800 0.5565
vn 0.2421 -0.9109 0.3343
vn -0.6538 -0.3949 -0.6455
vn 0.3089 -0.8965 0.3176
vn 0.4350 -0.5356 0.7238
vn -0.6241 -0.7319 -0.2735
vn -0.5594 -0.7669 -0.3145
vn -0.6433 -0.1792 0.7444
vn -0.6806 0.3809 -0.6259
vn -0.6658 -0.2588 0.6998
vn 0.6849 -0.1532 0.7124
vn -0.2918 0.8833 0.3670
vn -0.3931 0.8243 0.4075
vn 0.8655 0.2555 0.4310
vn 0.3885 0.0563 -0.9197
vn 0.3889 0.1116 -0.9145
vn 0.3122 -0.2620 0.9132
vn 0.8286 -0.4044 -0.3872
vn 0.3544 -0.3336 0.8736
vn 0.0407 -0.9901 -0.1342
vn 0.1602 -0.9853 -0.0600
vn -0.7770 -0.0719 0.6254
vn -0.9141 -0.3900 0.1113
vn 0.2261 -0.5662 -0.7927
vn -0.8610 -0.4692 0.1962
vn -0.7528 0.0617 0.6554
vn -0.6127 -0.1159 -0.7817
vn -0.6048 -0.1612 -0.7799
vn -0.1674 0.9830 0.0747
vn 0.5252 0.0782 -0.8474
vn -0.2620 0.9651 -0.0028
vn -0.4540 0.8910 -0.0024
vn 0.5069 0.2747 -0.8171
vn 0.5610 0.2808 -0.7787
vn -0.1433 0.0263 0.9893
vn 0.9981 -0.0053 0.0607
vn 0.9970 -0.0079 0.0768
vn 0.1088 -0.9199 0.3768
vn -0.0224 -0.3568 -0.9339
vn -0.0158 -0.3510 -0.9362
vn 0.0407 -0.9975 0.0577
vn -0.2489 -0.0068 -0.9685
vn 0.1560 -0.9878 -0.0025
vn 0.1360 -0.2478 0.9592
vn -0.9591 -0.2822 -0.0241
vn -0.9311 -0.3623 -0.0421
vn -0.4808 0.4615 0.7456
vn -0.5344 0.4088 -0.7398
vn -0.6072 0.3159 0.7291
vn 0.3485 0.3896 -0.8525
vn 0.3235 0.4330 -0.8414
vn 0.7239 0.3705 0.5820
vn -0.6009 0.1715 -0.7807
vn -0.7635 -0.2151 0.6089
vn -0.7575 -0.1026 0.6447
vn -0.7355 -0.5457 -0.4014
vn -0.1607 -0.3671 0.9162
vn -0.7935 -0.4917 -0.3585
vn -0.0941 -0.0187 -0.9954
vn 0.4383 -0.8985 0.0226
vn -0.0973 0.0782 -0.9922
vn -0.1223 0.1631 -0.9790
vn 0.5783 -0.8145 -0.0476
vn 0.5525 -0.8238 -0.1264
vn 0.6990 0.6015 0.3869
vn -0.1064 0.5594 -0.8220
vn 0.6364 0.6326 0.4414
vn 0.4538 0.5722 0.6831
vn 0.2636 0.6275 -0.7327
vn 0.2432 0.6742 -0.6973
vn -0.7736 0.6337 0.0089
vn 0.0819 -0.0392 0.9959
vn -0.7696 0.6378 0.0309
vn -0.7507 0.0847 -0.6552
vn -0.4835 0.4406 0.7564
vn -0.6880 0.2371 -0.6859
vn 0.5030 -0.4149 -0.7582
vn -0.7320 -0.6813 -0.0029
vn -0.7890 -0.6100 -0.0736
vn 0.9225 -0.2025 0.3286
vn -0.3806 0.0691 0.9222
vn 0.8786 -0.3444 0.3308
vn 0.3269 -0.1748 -0.9288
vn 0.6714 0.7220 0.1670
vn 0.7621 0.6076 0.2235
vn 0.7793 -0.6236 0.0620
vn 0.8509 -0.5219 0.0594
vn 0.4435 -0.4861 -0.7530
vn -0.7783 0.6233 0.0751
vn -0.8502 0.5214 0.0725
vn -0.4533 0.4894 -0.7450
vn -0.1528 -0.9873 0.0440
vn -0.0278 -0.9988 0.0405
vn -0.1545 -0.6285 -0.7623
vn 0.1207 -0.7672 -0.6299
vn 0.2558 -0.9390 0.2300
vn 0.2031 -0.7403 -0.6409
vn -0.9297 -0.3642 0.0547
vn -0.8775 -0.4768 0.0510
vn -0.6490 -0.1138 -0.7522
vn -0.9230 0.2807 0.2633
vn -0.7490 0.0787 -0.6578
vn -0.7568 0.2117 -0.6184
vn -0.1978 0.7180 -0.6674
vn -0.3401 0.9192 0.1985
vn -0.3757 0.6019 -0.7046
vn 0.1778 -0.7259 -0.6644
vn 0.3163 -0.9270 0.2018
vn 0.3372 -0.6220 -0.7067
vn 0.9227 -0.2983 0.2440
vn 0.7417 -0.0629 -0.6677
vn 0.7466 -0.2037 -0.6333
vn -0.5642 -0.4923 -0.6628
vn -0.6257 -0.7571 0.1878
vn -0.4688 -0.5485 -0.6923
vn -0.7283 0.1890 -0.6586
vn -0.9702 0.1270 0.2063
vn -0.7086 -0.0072 -0.7056
vn -0.7013 -0.6718 0.2385
vn -0.4041 -0.6208 -0.6718
vn -0.5351 -0.5535 -0.6381
vn 0.0506 0.2072 -0.9770
vn -0.0894 0.1807 -0.9795
vn -0.1739 -0.0125 -0.9847
vn 0.8560 0.1686 0.4887
vn -0.1101 -0.6940 0.7115
vn -0.0983 -0.6735 0.7327
vn 0.8153 -0.3748 0.4414
vn 0.7750 -0.4484 0.4454
vn 0.8580 0.1776 0.4819
vn 0.4154 0.4872 0.7682
vn 0.3698 -0.7781 0.5078
vn 0.2938 -0.8110 0.5060
vn 0.5769 0.5239 0.6267
vn 0.1994 -0.7756 0.5989
vn 0.8288 0.3171 0.4611
vn 0.6310 0.3267 0.7036
vn 0.1132 0.3621 0.9252
vn 0.6098 0.3349 0.7183
vn 0.1692 0.3848 0.9073
vn 0.7395 0.0974 0.6661
vn 0.7857 0.1285 0.6052
vn 0.8611 0.1538 -0.4846
vn 0.5758 -0.7946 -0.1924
vn 0.7258 -0.6600 -0.1942
vn 0.8310 -0.0080 -0.5562
vn 0.3644 0.4460 -0.8175
vn 0.7782 0.2071 -0.5929
vn 0.8612 -0.0699 -0.5034
vn 0.7121 0.3763 -0.5927
vn 0.8514 -0.1550 -0.5011
vn 0.0875 -0.8626 -0.4982
vn 0.1103 -0.8698 -0.4809
vn 0.5477 0.3519 -0.7591
vn 0.1060 -0.2518 -0.9620
vn 0.0609 -0.2703 -0.9608
vn 0.9773 0.0620 -0.2027
vn 0.9307 0.2241 -0.2891
vn -0.0295 -0.5528 -0.8328
vn 0.6449 0.4229 -0.6366
vn 0.5439 0.3696 -0.7534
vn 0.5960 0.3699 -0.7127
vn 0.8567 0.3382 -0.3894
vn -0.0078 0.8081 0.5890
vn -0.9072 0.3069 0.2877
vn -0.8468 0.4404 0.2982
vn 0.1050 0.7376 0.6670
vn -0.1490 0.7878 0.5977
vn 0.3574 0.4054 0.8414
vn -0.3549 0.9338 0.0456
vn -0.2972 0.1189 0.9474
vn -0.3124 0.0555 0.9483
vn -0.0273 0.9731 0.2287
vn -0.6731 -0.1316 0.7277
vn 0.2265 0.7608 0.6082
vn 0.2061 0.5298 0.8227
vn -0.7384 -0.2621 0.6214
vn -0.7633 -0.2541 0.5940
vn 0.3699 0.3436 0.8632
vn -0.1083 0.7833 0.6121
vn 0.0054 0.7091 0.7051
vn -0.2479 0.9680 0.0390
vn 0.1741 0.6426 0.7461
vn 0.1201 0.5715 0.8118
vn 0.3248 0.7631 -0.5587
vn -0.7040 -0.0279 -0.7097
vn 0.0121 0.9617 -0.2739
vn -0.3243 0.9319 -0.1624
vn -0.5580 -0.1796 -0.8102
vn -0.5064 -0.1618 -0.8470
vn -0.5501 0.7008 -0.4542
vn -0.6204 0.6407 -0.4524
vn 0.1993 0.7595 -0.6192
vn 0.3589 0.3600 -0.8612
vn -0.8682 0.1546 -0.4715
vn -0.8898 0.1548 -0.4292
vn 0.1023 0.6986 -0.7081
vn 0.2979 0.1936 -0.9347
vn 0.1172 0.6830 -0.7209
vn 0.3035 0.3344 -0.8922
vn -0.0620 0.7457 -0.6634
vn 0.0510 0.7402 -0.6705
vn 0.5792 -0.6705 0.4637
vn 0.5941 0.4306 0.6794
vn 0.7820 0.3032 0.5446
vn 0.6345 0.4547 0.6251
vn 0.5862 0.4911 0.6443
vn 0.6301 0.4635 0.6230
vn 0.6961 0.2204 0.6833
vn 0.5423 0.4900 0.6825
vn 0.3293 0.6781 0.6571
vn -0.0114 0.8203 0.5718
vn -0.0161 0.7864 0.6175
vn -0.8597 0.2474 0.4469
vn -0.0928 0.3895 0.9163
vn -0.2999 0.9489 0.0980
vn -0.1995 0.9794 0.0306
vn -0.2173 0.9708 0.1021
vn -0.3635 0.9298 -0.0576
vn -0.2000 0.9764 0.0813
vn -0.0849 0.9724 -0.2174
vn -0.2452 0.9411 -0.2328
vn 0.0414 0.2837 -0.9580
vn 0.0023 0.9336 -0.3584
vn -0.0010 0.0053 -1.0000
vn 0.1384 0.1731 -0.9751
vn -0.8114 0.4213 -0.4051
vn 0.1890 0.6856 -0.7030
vn 0.1753 0.7468 -0.6416
vn 0.1403 0.7167 -0.6831
vn 0.0738 0.6954 -0.7148
vn -0.0753 0.7329 -0.6761
vn -0.0760 0.7338 -0.6750
vn 0.2607 0.6926 -0.6726
vn 0.5276 0.5480 -0.6490
vn 0.7924 0.2415 -0.5601
vn 0.7688 0.2170 -0.6015
vn 0.5295 -0.7329 -0.4273
vn 0.1615 0.1149 -0.9802
vn 0.9201 0.1861 -0.3448
vn 0.9314 0.2652 -0.2493
vn 0.9635 0.1762 -0.2017
vn 0.9980 0.0452 -0.0434
vn 0.9633 0.1884 -0.1912
vn 0.9572 0.1821 -0.2250
vn 0.9906 0.1170 -0.0706
vn 0.9343 0.2026 0.2933
vn 0.5387 0.5088 0.6715
vn 0.4691 0.4515 0.7590
vn -0.4726 0.2936 0.8309
vn 0.8880 0.3025 0.3463
vn 0.0089 0.0058 0.9999
vn 0.1206 0.1937 0.9736
vn 0.9855 -0.1253 -0.1141
vn 0.7873 -0.4678 0.4017
vn 0.8954 -0.4336 0.1010
vn 0.9658 0.2391 0.1002
vn 0.9036 0.4040 0.1425
vn 0.8203 0.5568 -0.1308
vn 0.8176 -0.0339 0.5749
vn 0.9098 0.3150 0.2703
vn 0.9418 0.0236 0.3352
vn 0.6739 0.5956 0.4373
vn 0.3332 0.9095 0.2486
vn 0.5960 0.7596 0.2604
vn 0.6059 0.7906 -0.0887
vn 0.7714 0.4726 0.4261
vn 0.8171 0.5624 0.1265
vn 0.2799 0.9575 0.0694
vn 0.1333 0.9849 0.1107
vn -0.0642 0.9865 -0.1508
vn 0.4199 0.7191 0.5536
vn 0.1884 0.9549 0.2294
vn 0.4520 0.8389 0.3033
vn -0.1287 0.8885 0.4404
vn -0.5912 0.7550 0.2838
vn -0.3246 0.9023 0.2838
vn -0.3640 0.9235 -0.1212
vn 0.0260 0.9155 0.4015
vn -0.0537 0.9936 0.0996
vn -0.6905 0.7161 0.1020
vn -0.8026 0.5785 0.1451
vn -0.8938 0.4298 -0.1277
vn -0.3809 0.7222 0.5774
vn -0.7266 0.6309 0.2722
vn -0.4905 0.8037 0.3369
vn -0.8527 0.2839 0.4385
vn -0.9536 -0.1682 0.2497
vn -0.9559 0.1343 0.2613
vn -0.8912 0.4450 0.0883
vn -0.9787 0.1633 -0.1248
vn -0.7814 0.4873 0.3899
vn -0.9676 -0.2332 0.0967
vn -0.9079 -0.3947 0.1412
vn -0.8231 -0.5533 -0.1281
vn -0.8171 0.0556 0.5739
vn -0.9133 -0.2989 0.2766
vn -0.9419 -0.0060 0.3359
vn -0.6829 -0.5808 0.4430
vn -0.3422 -0.9024 0.2619
vn -0.6036 -0.7492 0.2726
vn -0.4430 -0.7572 0.4800
vn -0.4657 -0.7485 0.4721
vn -0.7780 -0.5989 0.1901
vn -0.6002 -0.7687 -0.2209
vn -0.7744 -0.6266 -0.0871
vn -0.7883 -0.5980 -0.1445
vn -0.0825 -0.8060 0.5861
vn -0.1888 -0.6243 0.7580
vn 0.2211 -0.7379 0.6377
vn 0.0689 -0.9475 0.3121
vn 0.1515 -0.9863 0.0648
vn 0.2692 -0.8859 0.3778
vn 0.4322 -0.7639 0.4793
vn 0.4113 -0.7755 0.4790
vn 0.1376 -0.9736 0.1821
vn 0.3811 -0.9034 -0.1964
vn 0.1670 -0.9836 -0.0676
vn 0.1428 -0.9822 -0.1216
vn 0.6594 -0.4728 0.5845
vn 0.4490 -0.4738 0.7576
vn 0.7516 -0.1755 0.6359
vn 0.8535 -0.4127 0.3181
vn 0.9297 -0.3618 0.0693
vn 0.8999 -0.2103 0.3821
vn 0.9660 -0.2287 -0.1202
vn 0.9697 -0.2225 0.1013
vn 0.9118 -0.3956 -0.1098
vn 0.9183 -0.3779 -0.1177
vn 0.9727 -0.2105 0.0981
vn 0.9349 -0.3453 0.0814
vn 0.9932 -0.0368 0.1108
vn 0.9882 -0.0235 0.1516
vn 0.4866 0.6356 0.5993
vn 0.9052 0.0399 0.4232
vn 0.9928 -0.0969 0.0701
vn 0.8891 0.4478 0.0952
vn 0.7256 0.1579 -0.6698
vn 0.9037 -0.0001 -0.4283
vn 0.8007 0.1541 -0.5788
vn -0.1309 0.8315 0.5398
vn 0.0824 0.9900 0.1147
vn -0.3537 0.8753 0.3297
vn -0.4068 0.8628 0.3001
vn 0.1307 0.9757 0.1760
vn 0.1964 0.9554 0.2204
vn 0.1438 0.6465 -0.7492
vn 0.0914 0.7325 -0.6746
vn 0.3797 0.5949 -0.7084
vn 0.7138 0.6908 0.1153
vn 0.4085 0.2639 -0.8738
vn 0.9823 0.0440 0.1821
vn 0.9694 0.2054 0.1346
vn 0.3085 0.3476 -0.8854
vn 0.7062 0.2563 -0.6600
vn 0.7180 0.1994 -0.6668
vn 0.9601 0.2496 0.1259
vn 0.9761 0.1738 0.1305
vn 0.8799 0.4581 -0.1266
vn 0.5704 0.4663 0.6762
vn 0.9983 -0.0538 0.0236
vn -0.4017 0.9136 -0.0628
vn -0.3895 0.9141 -0.1124
vn 0.1467 0.9836 -0.1047
vn 0.1027 0.9832 -0.1506
vn -0.2829 0.9562 0.0750
vn 0.3398 0.6840 0.6455
vn 0.0331 0.7515 -0.6589
vn -0.1670 0.9784 0.1222
vn -0.0895 0.9874 0.1308
vn -0.1328 0.9836 0.1217
vn 0.0101 0.7468 -0.6650
vn 0.2273 0.4001 -0.8878
vn -0.3169 0.9325 0.1731
vn 0.0978 0.4797 -0.8719
vn 0.3577 0.9335 -0.0243
vn -0.5353 0.8367 0.1155
vn -0.5339 0.8390 -0.1054
vn -0.6548 0.7546 0.0418
vn -0.6954 0.7180 0.0295
vn -0.5798 0.8055 -0.1227
vn -0.7109 0.6919 -0.1259
vn -0.0032 -0.9960 0.0898
vn 0.1715 -0.6763 -0.7164
vn -0.0179 -0.9962 0.0847
vn -0.4236 -0.6656 -0.6145
vn -0.0413 -0.9923 0.1168
vn -0.3391 -0.6938 -0.6353
vn 0.0511 -0.9942 0.0946
vn -0.6744 -0.6600 -0.3310
vn 0.1153 -0.9850 -0.1283
vn 0.0298 -0.9740 -0.2245
vn -0.7925 -0.5884 -0.1604
vn -0.7850 -0.5790 -0.2205
vn -0.4546 -0.8378 -0.3024
vn -0.7758 -0.4226 -0.4685
vn -0.0964 -0.9847 0.1452
vn -0.7079 -0.5546 -0.4373
vn -0.9403 -0.3314 0.0780
vn -0.9409 -0.3300 0.0765
vn -0.3074 -0.9194 -0.2453
vn -0.2962 -0.9348 -0.1961
vn -0.9352 -0.2890 -0.2045
vn -0.9630 -0.2323 -0.1365
vn -0.3624 -0.9174 -0.1644
vn -0.9591 -0.2652 0.0985
vn -0.9007 -0.4101 0.1437
vn -0.6405 -0.3643 -0.6761
vn -0.6794 -0.6292 -0.3774
vn -0.6721 -0.6808 -0.2912
vn -0.5788 -0.5265 -0.6227
vn -0.5969 -0.5019 -0.6259
vn -0.9091 0.4149 -0.0377
vn -0.9094 0.3876 -0.1510
vn -0.9734 -0.2048 0.1027
vn -0.4578 -0.3501 0.8172
vn -0.9868 0.1384 0.0842
vn -0.8553 -0.3945 0.3358
vn 0.4971 0.8439 0.2015
vn 0.4320 0.1801 0.8837
vn 0.8015 0.3978 0.4465
vn 0.3199 0.9110 -0.2602
vn 0.5685 0.4752 -0.6715
vn 0.7768 0.6268 0.0614
vn 0.4132 0.2716 -0.8692
vn 0.7627 0.6201 -0.1838
vn 0.3095 0.9484 0.0690
vn -0.0328 0.5584 0.8289
vn 0.5927 0.7976 0.1121
vn 0.0913 0.9342 0.3449
vn 0.4472 -0.8846 0.1320
vn -0.1175 -0.5363 0.8358
vn -0.0728 -0.9278 0.3659
vn 0.1314 -0.9865 0.0978
vn 0.6617 -0.7215 -0.2038
vn 0.1154 -0.7256 -0.6784
vn 0.2986 -0.7377 -0.6054
vn 0.6310 -0.7735 0.0597
vn 0.5757 -0.7776 0.2530
vn -0.5935 0.3782 -0.7105
vn -0.7914 0.6112 -0.0066
vn -0.4446 0.5330 -0.7199
vn -0.1808 0.7075 -0.6832
vn -0.5018 0.8644 0.0306
vn -0.3167 0.9475 0.0449
vn 0.9986 0.0202 0.0491
vn 0.9869 -0.1556 0.0415
vn 0.7272 0.0671 -0.6831
vn 0.7248 0.1323 -0.6761
vn 0.9971 -0.0528 0.0547
vn 0.7263 -0.0540 -0.6853
vn 0.5089 0.8464 0.1567
vn 0.9574 -0.2567 0.1324
vn 0.1624 0.7098 0.6854
vn 0.9213 0.3756 0.1007
vn 0.4149 -0.0491 -0.9085
vn 0.6361 -0.3671 0.6787
vn 0.5742 -0.4266 0.6989
vn 0.4371 -0.0424 -0.8984
vn 0.5931 -0.4347 -0.6777
vn 0.7798 -0.6170 0.1056
vn 0.1589 -0.3886 -0.9076
vn -0.0080 -0.7313 0.6821
vn -0.0824 -0.7105 0.6989
vn 0.1818 -0.3998 -0.8984
vn -0.0802 -0.7310 -0.6777
vn -0.1312 -0.9853 0.1092
vn -0.2487 -0.3367 -0.9082
vn -0.6352 -0.3660 0.6801
vn -0.6548 -0.2878 0.6989
vn -0.2534 -0.3586 -0.8985
vn -0.6714 -0.3000 -0.6776
vn 0.1083 -0.7093 0.6965
vn -0.7477 -0.6296 0.2111
vn -0.1411 -0.0710 0.9874
vn 0.7629 -0.6405 0.0872
vn -0.0291 -0.7421 0.6696
vn 0.6067 -0.5609 0.5633
vn 0.6653 -0.4252 0.6137
vn -0.1977 -0.7018 0.6844
vn 0.1779 -0.1156 0.9772
vn -0.2458 -0.3279 0.9122
vn -0.6723 -0.7382 -0.0558
vn 0.1020 -0.4173 0.9030
vn 0.2669 -0.3514 0.8974
vn 0.0545 -0.1844 0.9813
vn 0.2788 -0.3411 0.8977
vn 0.2799 -0.2553 0.9255
vn -0.0187 -0.1752 0.9844
vn -0.0203 -0.1749 0.9844
vn -0.7543 -0.6337 0.1713
vn -0.4954 -0.6100 0.6185
vn -0.7000 -0.6352 -0.3264
vn -0.7221 -0.6463 0.2469
vn -0.2501 -0.2562 0.9337
vn 0.2780 -0.1964 0.9403
vn 0.2908 -0.1535 0.9444
vn -0.2394 -0.2097 0.9480
vn -0.2888 -0.1423 0.9468
vn 0.3379 0.0384 0.9404
vn -0.3278 -0.0520 0.9433
vn 0.4158 -0.1220 0.9012
vn 0.4200 -0.1100 0.9009
vn -0.3245 0.0407 0.9450
vn 0.2550 -0.3246 0.9108
vn 0.9429 0.3308 0.0382
vn 0.6802 -0.4374 0.5882
vn 0.8229 0.2360 0.5168
vn 0.7803 0.4240 0.4598
vn 0.6363 -0.4632 0.6169
vn 0.3509 0.1640 0.9219
vn 0.7505 0.5559 0.3574
vn 0.2667 0.4772 0.8373
vn 0.5185 0.3633 0.7741
vn 0.3669 -0.0206 0.9300
vn 0.0935 -0.2464 0.9646
vn -0.6557 -0.3285 0.6798
vn 0.1203 -0.0814 0.9894
vn 0.0254 -0.1611 0.9866
vn 0.0970 -0.1736 0.9800
vn 0.1739 -0.9703 0.1683
vn 0.2793 -0.7388 0.6133
vn 0.0109 -0.9904 0.1376
vn -0.0465 -0.7752 0.6300
vn 0.0807 -0.3956 0.9149
vn 0.3470 0.0569 0.9362
vn 0.3022 0.1187 0.9458
vn 0.0128 -0.3161 0.9486
vn -0.0901 -0.3088 0.9469
vn 0.2399 0.3561 0.9031
vn -0.1429 -0.3003 0.9431
vn 0.4070 0.0548 0.9118
vn 0.4376 -0.0250 0.8988
vn 0.1835 -0.0128 0.9829
vn 0.4346 0.1431 0.8892
vn 0.3601 0.0859 0.9289
vn 0.1256 -0.0933 0.9877
vn 0.1225 -0.0971 0.9877
vn 0.0164 0.2879 0.9575
vn -0.6289 0.4392 0.6415
vn 0.0205 0.9969 0.0760
vn -0.3861 0.2347 0.8921
vn -0.1141 0.4643 0.8783
vn -0.2473 0.9597 -0.1334
vn -0.1463 0.9647 0.2188
vn -0.2345 0.7116 0.6623
vn -0.2226 0.9351 -0.2757
vn -0.1104 0.9341 0.3396
vn 0.0023 0.2696 0.9630
vn -0.2628 -0.1860 0.9467
vn -0.2999 -0.1184 0.9466
vn -0.0116 0.3181 0.9480
vn 0.0983 0.3096 0.9458
vn -0.2458 -0.3496 0.9041
vn 0.1520 0.2980 0.9424
vn -0.4055 -0.0497 0.9127
vn -0.4361 0.0260 0.8995
vn -0.1818 0.0137 0.9832
vn -0.4332 -0.1422 0.8900
vn -0.3605 -0.0872 0.9287
vn -0.1259 0.0915 0.9878
vn -0.1227 0.0953 0.9879
vn -0.7065 -0.2337 0.6680
vn -0.1576 0.2100 0.9649
vn -0.7187 -0.1787 0.6720
vn -0.7794 -0.4188 0.4659
vn -0.3468 -0.0410 0.9370
vn -0.3439 -0.1627 0.9248
vn -0.7505 -0.5547 0.3591
vn -0.2670 -0.4762 0.8378
vn -0.5174 -0.3624 0.7752
vn -0.2420 0.1587 0.9572
vn -0.6927 -0.3285 0.6420
vn -0.8581 0.5080 0.0751
vn -0.5540 -0.2187 0.8033
vn -0.6391 0.1280 0.7584
vn -0.9132 0.2273 -0.3382
vn -0.1594 -0.9829 0.0920
vn -0.6527 -0.3536 0.6700
vn -0.1678 -0.8066 0.5668
vn -0.0132 -0.7875 0.6161
vn -0.7052 -0.1854 0.6844
vn -0.0097 -0.2090 0.9779
vn -0.9091 0.3561 0.2161
vn -0.7346 0.1549 0.6606
vn -0.9204 0.2746 -0.2782
vn -0.8874 0.3256 0.3264
vn -0.2559 0.1104 0.9604
vn 0.0547 -0.3179 0.9466
vn 0.0128 -0.3286 0.9444
vn -0.3014 0.1023 0.9480
vn -0.2678 0.1787 0.9467
vn 0.2025 -0.2732 0.9404
vn -0.2092 0.2577 0.9433
vn 0.1023 -0.4211 0.9012
vn 0.1148 -0.4186 0.9009
vn -0.1270 0.3014 0.9450
vn -0.1536 -0.3831 0.9109
vn -0.1618 -0.4089 0.8981
vn -0.1327 -0.1389 0.9814
vn -0.1579 -0.4098 0.8984
vn -0.0809 -0.3696 0.9257
vn -0.1613 -0.0709 0.9843
vn -0.1619 -0.0695 0.9844
vn -0.2484 -0.1546 0.9562
vn -0.1251 0.0757 0.9893
vn -0.2103 -0.1872 0.9595
vn -0.1911 -0.2034 0.9603
vn -0.1152 0.0679 0.9910
vn 0.0300 -0.0260 0.9992
vn -0.2812 0.1383 0.9496
vn -0.0145 0.1736 0.9847
vn -0.2592 0.0635 0.9637
vn -0.2606 0.0518 0.9640
vn -0.0148 0.1689 0.9855
vn -0.0413 -0.0513 0.9978
vn 0.0466 -0.3118 0.9490
vn -0.0756 -0.0338 0.9966
vn 0.1144 -0.2244 0.9678
vn 0.1285 -0.2186 0.9673
vn -0.0698 -0.0292 0.9971
vn 0.0884 0.0470 0.9950
vn 0.0974 0.0614 0.9933
vn 0.5686 -0.4683 0.6763
vn 0.0511 0.3374 0.9400
vn 0.0937 0.0643 0.9935
vn 0.0627 0.3378 0.9391
vn 0.1795 0.2949 0.9385
vn 0.3513 0.9238 0.1521
vn 0.1711 0.9757 0.1367
vn 0.4111 0.6831 0.6036
vn 0.2753 0.2272 0.9341
vn 0.1342 0.7144 0.6868
vn 0.1304 0.0114 0.9914
vn 0.3269 0.1524 0.9327
vn 0.1318 0.0145 0.9912
vn 0.1188 0.0509 0.9916
vn 0.9216 -0.3523 0.1627
vn 0.7781 -0.1445 0.6113
vn 0.8608 -0.4921 0.1297
vn 0.6241 -0.4324 0.6507
vn 0.3517 -0.1299 0.9270
vn 0.0941 0.3274 0.9402
vn 0.0515 0.3212 0.9456
vn 0.2834 -0.1469 0.9477
vn 0.2255 -0.2323 0.9461
vn -0.1020 0.4150 0.9041
vn 0.2243 -0.3603 0.9055
vn 0.4026 -0.0544 0.9138
vn 0.7643 0.6246 0.1603
vn 0.5126 0.6044 0.6099
vn 0.8544 0.5038 0.1270
vn 0.6823 0.3266 0.6541
vn 0.2852 0.2357 0.9290
vn -0.2402 0.2389 0.9409
vn -0.2525 0.2052 0.9456
vn 0.2689 0.1719 0.9477
vn 0.3139 0.0791 0.9461
vn -0.2526 0.2280 0.9403
vn -0.0417 0.1027 0.9938
vn -0.3147 0.1218 0.9414
vn -0.6231 0.7683 0.1465
vn -0.7638 0.6314 0.1339
vn -0.3864 0.7035 0.5965
vn -0.0984 0.3241 0.9409
vn -0.5806 0.3987 0.7099
vn 0.0707 0.1194 0.9903
vn -0.3156 0.0956 0.9441
vn 0.0227 0.1290 0.9914
vn -0.0184 0.1252 0.9920
vn 0.2484 0.3214 0.9138
vn -0.4104 0.1192 0.9041
vn 0.4241 0.0139 0.9055
vn 0.6823 -0.0109 -0.7310
vn 0.6210 -0.2555 -0.7410
vn 0.6432 -0.4725 -0.6025
vn 0.7111 -0.2091 -0.6713
vn 0.6825 -0.1571 -0.7138
vn 0.6841 -0.1444 -0.7149
vn 0.3259 0.5499 -0.7690
vn 0.5038 0.3829 -0.7743
vn 0.7035 0.3076 -0.6407
vn 0.5367 0.5113 -0.6712
vn 0.4774 0.5125 -0.7138
vn 0.4672 0.5203 -0.7149
vn -0.3317 0.5963 -0.7310
vn -0.0893 0.6655 -0.7410
vn 0.0876 0.7933 -0.6025
vn -0.1740 0.7208 -0.6709
vn -0.2052 0.6699 -0.7135
vn -0.2169 0.6650 -0.7146
vn 0.5641 -0.6282 -0.5359
vn 0.8988 -0.4122 -0.1493
vn 0.4446 -0.6835 -0.5789
vn 0.4495 -0.5286 -0.7201
vn 0.1163 -0.5901 -0.7989
vn 0.7057 -0.4392 -0.5560
vn -0.4628 -0.6869 -0.5604
vn -0.3042 -0.7684 -0.5631
vn -0.1375 -0.8123 -0.5668
vn 0.1832 -0.8195 -0.5430
vn 0.0175 -0.7964 -0.6046
vn -0.1381 -0.7058 -0.6948
vn -0.6215 -0.5439 -0.5638
vn -0.4923 -0.6649 -0.5618
vn -0.7185 -0.4021 -0.5674
vn -0.7572 -0.2501 -0.6034
vn -0.8340 -0.1023 -0.5421
vn -0.6203 -0.3657 -0.6939
vn -0.6529 0.2425 -0.7176
vn -0.6560 0.5145 -0.5523
vn -0.5973 -0.0911 -0.7968
vn -0.6932 0.7086 -0.1317
vn -0.7927 0.3207 -0.5184
vn -0.8054 0.1917 -0.5609
vn 0.3908 0.8926 0.2249
vn 0.5018 0.5772 0.6442
vn 0.6602 0.7096 0.2463
vn 0.1507 0.9868 0.0586
vn -0.0066 0.9392 0.3432
vn -0.1281 0.9915 0.0232
vn -0.0704 0.9713 0.2270
vn 0.0642 0.8324 0.5505
vn -0.2360 0.8552 0.4614
vn -0.6066 0.7671 0.2090
vn -0.6078 0.6766 0.4156
vn -0.4005 0.9139 0.0659
vn 0.8851 0.0174 0.4651
vn 0.7532 0.4715 0.4586
vn 0.8642 0.2832 0.4159
vn 0.8736 0.4854 -0.0352
vn 0.8978 0.3331 0.2881
vn 0.7399 0.6270 0.2440
vn 0.4012 0.7871 0.4685
vn -0.0730 0.8757 0.4774
vn 0.1501 0.9029 0.4027
vn 0.4564 -0.7580 0.4660
vn 0.7842 -0.4165 0.4599
vn 0.6763 -0.6071 0.4173
vn 0.8572 -0.5138 -0.0351
vn 0.7373 -0.6110 0.2883
vn 0.9131 -0.3268 0.2439
vn 0.8831 0.0443 0.4672
vn 0.7243 0.5005 0.4743
vn 0.8588 0.3216 0.3988
vn -0.3346 -0.8944 0.2968
vn -0.3415 -0.7013 0.6257
vn -0.6303 -0.7153 0.3017
vn -0.1318 -0.9911 -0.0206
vn -0.3869 -0.8996 0.2026
vn -0.0118 -0.9489 0.3152
vn 0.0030 -0.9475 0.3198
vn 0.2849 -0.7761 0.5626
vn 0.2567 -0.8995 0.3535
vn 0.7152 -0.6957 0.0671
vn 0.7170 -0.5863 0.3771
vn 0.4418 -0.8971 0.0049
vn -0.9392 -0.1617 0.3030
vn -0.7749 -0.0587 0.6294
vn -0.9336 0.1850 0.3070
vn -0.9239 -0.3823 -0.0166
vn -0.9715 -0.1156 0.2070
vn -0.8257 -0.4656 0.3185
vn -0.8165 -0.4783 0.3233
vn -0.5247 -0.6382 0.5634
vn -0.6477 -0.6740 0.3554
vn -0.2357 -0.9702 0.0568
vn -0.1350 -0.9202 0.3675
vn -0.5470 -0.8371 -0.0110
vn -0.6089 0.7332 0.3028
vn -0.4397 0.6422 0.6279
vn -0.3072 0.9012 0.3058
vn -0.7930 0.6089 -0.0182
vn -0.5864 0.7835 0.2056
vn -0.8165 0.4826 0.3169
vn -0.8229 0.4683 0.3217
vn -0.8149 0.1377 0.5630
vn -0.9078 0.2246 0.3543
vn -0.9598 -0.2725 0.0666
vn -0.8655 -0.3305 0.3764
vn -0.9978 0.0655 0.0048
vn 0.5975 0.2226 -0.7704
vn 0.4752 0.4251 -0.7704
vn -0.0002 -0.0001 -1.0000
vn -0.0278 0.0138 -0.9995
vn 0.2898 -0.5458 -0.7862
vn 0.5495 -0.2848 -0.7854
vn 0.6193 0.0079 -0.7851
vn -0.0237 0.0068 -0.9997
vn -0.0181 -0.0175 -0.9997
vn 0.2521 0.5659 -0.7850
vn -0.7240 0.1927 -0.6623
vn -0.7237 0.0349 -0.6892
vn 0.0131 0.6380 -0.7700
vn -0.2784 0.5741 -0.7700
vn 0.5816 -0.4214 -0.6958
vn -0.6481 0.1198 -0.7521
vn 0.2625 -0.5816 -0.7699
vn -0.4148 0.6008 -0.6833
vn -0.5817 0.2620 -0.7700
vn -0.0003 0.0002 -1.0000
vn 0.2850 0.5705 -0.7703
vn -0.6884 0.2427 -0.6836
vn -0.0000 -0.0000 -1.0000
vn -0.6873 -0.2458 -0.6836
vn -0.5856 -0.2526 -0.7703
vn 0.1308 -0.7181 -0.6836
vn -0.4387 -0.5833 -0.6836
vn -0.3968 -0.4993 -0.7703
vn -0.1667 -0.6156 -0.7703
vn -0.0001 0.0001 -1.0000
vn 0.6833 -0.2564 -0.6836
vn 0.1161 -0.7206 -0.6836
vn -0.6370 0.0301 -0.7703
vn -0.1203 -0.7112 -0.6926
vn -0.0000 0.0003 -1.0000
vn 0.6488 -0.3154 -0.6925
vn 0.5895 0.2431 -0.7703
vn 0.6377 0.0069 -0.7703
vn -0.3239 0.6541 -0.6836
vn 0.6371 0.3562 -0.6836
vn 0.4644 0.4371 -0.7703
vn 0.2665 0.5794 -0.7703
vn -0.6198 0.1503 -0.7703
vn -0.6148 -0.1694 -0.7703
vn -0.1659 -0.6158 -0.7703
vn 0.1474 -0.6205 -0.7703
vn 0.4387 -0.4629 -0.7703
vn -0.2326 0.5938 -0.7703
vn 0.6921 0.2318 -0.6836
vn 0.3546 0.6380 -0.6836
vn -0.0038 0.7299 -0.6836
vn -0.2230 0.6950 -0.6836
vn 0.3608 0.6345 -0.6836
vn 0.0633 -0.6197 -0.7823
vn 0.3413 -0.5213 -0.7822
vn -0.0062 0.0185 -0.9998
vn 0.5411 -0.3376 -0.7703
vn 0.0433 0.6363 -0.7703
vn -0.6181 0.3882 -0.6836
vn -0.3383 0.6467 -0.6836
vn -0.5618 0.3018 -0.7702
vn -0.6709 0.2867 -0.6839
vn -0.6774 0.2998 -0.6717
vn -0.6309 0.0940 -0.7701
vn -0.5976 -0.2230 -0.7701
vn -0.7159 0.2223 -0.6619
vn -0.5381 -0.3381 -0.7721
vn -0.0084 0.0184 -0.9998
vn -0.0094 -0.6377 -0.7703
vn 0.2765 -0.5747 -0.7703
vn -0.0002 -0.0000 -1.0000
vn 0.4315 -0.4694 -0.7703
vn 0.0244 -0.0070 -0.9997
vn -0.5486 0.2855 -0.7859
vn -0.6188 -0.0062 -0.7855
vn -0.3350 -0.5271 -0.7810
vn 0.0214 0.0065 -0.9997
vn 0.0042 -0.0173 -0.9998
vn 0.5787 0.2615 -0.7725
vn -0.0003 0.0004 -1.0000
vn 0.1190 -0.6262 -0.7705
vn 0.4210 -0.4785 -0.7706
vn -0.0001 0.0002 -1.0000
vn 0.2005 -0.6052 -0.7704
vn -0.0026 -0.0180 -0.9998
vn 0.1221 0.6116 -0.7817
vn -0.1493 0.6065 -0.7809
vn 0.0015 -0.0189 -0.9998
vn -0.2534 0.5701 -0.7815
vn -0.0189 0.0218 -0.9996
vn -0.0820 0.1276 -0.9884
vn -0.0774 0.1302 -0.9885
vn 0.0084 0.0319 -0.9995
vn 0.0320 0.1526 -0.9878
vn 0.0506 0.0844 -0.9951
vn 0.1220 0.1834 -0.9754
vn 0.1086 0.1918 -0.9754
vn -0.2876 0.5464 -0.7866
vn 0.0285 -0.0141 -0.9995
vn 0.1422 -0.0168 -0.9897
vn 0.1427 -0.0088 -0.9897
vn 0.0195 -0.0053 -0.9998
vn 0.1173 -0.1977 -0.9732
vn 0.1148 -0.3171 -0.9414
vn 0.1496 -0.3117 -0.9383
vn -0.4012 0.0066 -0.9160
vn -0.4070 -0.1165 -0.9060
vn -0.0120 -0.0198 -0.9997
vn -0.1049 -0.1006 -0.9894
vn -0.1286 -0.0596 -0.9899
vn -0.1421 0.0173 -0.9897
vn -0.1426 0.0088 -0.9897
vn -0.0194 0.0057 -0.9998
vn -0.0091 -0.0273 -0.9996
vn -0.1297 -0.0526 -0.9902
vn -0.6364 -0.0416 -0.7703
vn -0.5323 -0.3512 -0.7703
vn -0.5745 0.3322 -0.7481
vn -0.5481 0.2179 0.8075
vn -0.6485 0.0750 -0.7575
vn -0.5982 0.0129 -0.8012
vn -0.6191 0.1796 0.7645
vn -0.6501 -0.0868 0.7549
vn -0.0970 -0.6434 -0.7594
vn -0.0450 -0.6084 0.7924
vn 0.1915 -0.6148 -0.7651
vn 0.2466 -0.5581 -0.7923
vn 0.0259 -0.6434 0.7651
vn 0.3072 -0.5735 0.7594
vn 0.6416 0.1361 -0.7549
vn 0.5593 0.2127 0.8013
vn 0.5231 0.3768 -0.7645
vn 0.4434 0.3891 -0.8075
vn 0.5858 0.2881 0.7575
vn 0.4299 0.5055 0.7481
vn -0.6987 -0.0012 -0.7155
vn -0.5629 0.0420 0.8255
vn -0.6419 -0.2754 -0.7156
vn -0.1054 -0.5492 -0.8290
vn -0.4593 -0.5393 0.7059
vn -0.2218 -0.6708 0.7077
vn 0.3698 -0.6084 -0.7022
vn 0.2356 -0.4942 0.8368
vn 0.5662 -0.4316 -0.7022
vn 0.5723 0.0241 -0.8197
vn 0.6380 -0.2377 0.7324
vn 0.6840 0.0385 0.7284
vn 0.2423 0.6370 -0.7318
vn 0.1849 0.5434 0.8188
vn -0.0269 0.6757 -0.7367
vn -0.3141 0.4572 -0.8321
vn -0.1370 0.6835 0.7170
vn -0.3828 0.5861 0.7141
vn -0.3574 -0.5283 -0.7701
vn -0.6757 -0.1533 0.7210
vn -0.5507 -0.3937 0.7360
vn -0.4488 -0.5405 -0.7117
vn -0.5212 -0.3039 0.7975
vn -0.2242 -0.6790 -0.6991
vn 0.6048 0.0448 -0.7951
vn 0.5720 -0.4151 0.7075
vn 0.6734 -0.1717 0.7191
vn 0.6333 -0.1044 -0.7668
vn 0.5933 -0.3193 0.7390
vn 0.6372 0.1748 -0.7506
vn -0.0315 0.6276 -0.7779
vn -0.1598 0.6078 0.7778
vn -0.2919 0.5401 -0.7894
vn -0.1215 0.6500 -0.7501
vn 0.0266 0.5789 0.8150
vn -0.2541 0.5407 0.8019
vn -0.6416 -0.1361 -0.7549
vn -0.5593 -0.2127 0.8013
vn -0.5231 -0.3768 -0.7645
vn -0.4434 -0.3891 -0.8075
vn -0.5858 -0.2881 0.7575
vn -0.4299 -0.5055 0.7481
vn 0.5745 -0.3322 -0.7481
vn 0.5481 -0.2179 0.8075
vn 0.6485 -0.0750 -0.7575
vn 0.5982 -0.0129 -0.8012
vn 0.6191 -0.1796 0.7645
vn 0.6501 0.0868 0.7549
vn 0.0970 0.6434 -0.7594
vn 0.0450 0.6084 0.7924
vn -0.1915 0.6148 -0.7651
vn -0.2466 0.5581 -0.7923
vn -0.0259 0.6434 0.7651
vn -0.3072 0.5735 0.7594
vn -0.6411 -0.2071 -0.7390
vn -0.5952 0.2870 0.7506
vn -0.6417 0.0117 0.7668
vn -0.6333 0.1043 -0.7668
vn -0.5933 0.3193 0.7390
vn -0.6372 -0.1749 -0.7506
vn 0.0314 -0.6276 -0.7779
vn 0.1597 -0.6078 0.7779
vn 0.2918 -0.5402 -0.7894
vn 0.2683 -0.5267 -0.8066
vn 0.1382 -0.6364 0.7589
vn 0.3858 -0.5382 0.7493
vn 0.4767 0.4597 -0.7493
vn 0.3591 0.4696 0.8066
vn 0.2508 0.6010 -0.7589
vn 0.2669 0.5689 -0.7779
vn 0.3846 0.4785 0.7894
vn 0.1443 0.6116 0.7779
vn -0.6048 -0.0448 -0.7951
vn -0.5720 0.4151 0.7075
vn -0.6734 0.1717 0.7191
vn -0.6333 0.1044 -0.7668
vn -0.6372 -0.1748 -0.7506
vn 0.0315 -0.6276 -0.7779
vn 0.1598 -0.6078 0.7778
vn 0.2919 -0.5401 -0.7894
vn 0.1215 -0.6500 -0.7501
vn -0.0266 -0.5789 0.8150
vn 0.2541 -0.5407 0.8019
vn 0.3574 0.5283 -0.7701
vn 0.6757 0.1533 0.7210
vn 0.5507 0.3937 0.7360
vn 0.4488 0.5405 -0.7117
vn 0.5212 0.3039 0.7975
vn 0.2242 0.6790 -0.6991
vn 0.0514 0.6208 0.7823
vn 0.0178 -0.1581 0.9873
vn -0.1977 0.5906 0.7824
vn -0.1462 -0.1115 0.9829
vn 0.4005 0.2742 0.8743
vn -0.2749 -0.0584 0.9597
vn -0.1546 0.0447 0.9870
vn 0.6179 -0.0677 0.7833
vn 0.5500 -0.2884 0.7838
vn -0.5748 -0.1750 0.7993
vn 0.1568 0.1011 0.9825
vn -0.4567 -0.3908 0.7991
vn 0.0765 -0.1647 0.9834
vn 0.1514 -0.1131 0.9820
vn -0.2640 0.5415 0.7982
vn -0.5918 -0.0794 0.8021
vn 0.1884 0.0098 0.9820
vn 0.1733 0.0814 0.9815
vn 0.6118 -0.0729 0.7876
vn -0.1025 0.1534 0.9828
vn -0.1500 0.0955 0.9841
vn -0.4971 -0.3323 0.8015
vn 0.0873 0.0648 0.9941
vn 0.0862 0.0987 0.9914
vn 0.0581 -0.5944 0.8021
vn 0.0374 0.1827 0.9825
vn -0.0112 0.1900 0.9817
vn 0.0389 0.1094 0.9932
vn -0.0831 0.0721 0.9939
vn 0.0696 -0.0617 0.9957
vn -0.0144 0.1082 0.9940
vn 0.0559 -0.0930 0.9941
vn -0.0581 0.1002 0.9933
vn -0.0585 0.0976 0.9935
vn 0.0792 -0.0787 0.9937
vn 0.0441 -0.1045 0.9935
vn -0.0388 0.1057 0.9936
vn 0.0641 -0.0949 0.9934
vn 0.1083 0.0854 0.9904
vn -0.1454 0.0117 0.9893
vn -0.1425 -0.0358 0.9891
vn -0.0057 -0.0032 1.0000
vn 0.0974 -0.0811 0.9919
vn -0.1163 0.0667 0.9910
vn 0.0960 -0.0698 0.9929
vn 0.1081 -0.0750 0.9913
vn -0.0988 0.0696 0.9927
vn -0.0815 0.0787 0.9936
vn 0.0195 0.0002 0.9998
vn -0.0272 0.1330 0.9907
vn -0.0671 0.1108 0.9916
vn -0.0052 0.0019 1.0000
vn -0.0051 0.0043 1.0000
vn -0.0006 -0.1194 0.9928
vn 0.0016 -0.1188 0.9929
vn -0.0054 0.0049 1.0000
vn 0.0179 0.1235 0.9922
vn 0.0239 -0.1013 0.9946
vn 0.0499 0.0961 0.9941
vn 0.0813 0.0612 0.9948
vn 0.0954 -0.1494 0.9842
vn -0.3237 0.5140 0.7944
vn -0.0523 0.6040 0.7953
vn 0.0673 -0.1679 0.9835
vn 0.0037 0.6050 0.7962
vn -0.0094 -0.1798 0.9837
vn 0.5602 0.2530 0.7888
vn -0.1199 -0.1060 0.9871
vn -0.1002 -0.1456 0.9843
vn -0.3487 0.4859 0.8015
vn 0.1497 -0.1239 0.9809
vn 0.1632 -0.0906 0.9824
vn 0.6127 0.0980 0.7842
vn 0.5960 -0.1713 0.7845
vn -0.0237 0.0016 0.9997
vn -0.0940 0.0590 0.9938
vn 0.5099 -0.2054 0.8353
vn -0.1209 0.1959 0.9731
vn -0.5903 -0.1604 0.7911
vn 0.1598 0.0482 0.9860
vn -0.4712 -0.3874 0.7924
vn -0.6019 -0.1492 0.7845
vn 0.1528 0.0336 0.9877
vn 0.1482 0.0610 0.9871
vn -0.3528 -0.4850 0.8002
vn 0.0947 0.1619 0.9822
vn 0.0316 0.1919 0.9809
vn -0.5842 -0.1198 0.8027
vn 0.1430 -0.0449 0.9887
vn 0.1329 -0.0266 0.9908
vn -0.0428 0.0967 0.9944
vn 0.0135 -0.1234 0.9923
vn -0.0751 0.0755 0.9943
vn -0.0833 0.0719 0.9939
vn -0.0585 -0.0932 0.9939
vn 0.0697 -0.0616 0.9957
vn 0.0685 -0.0831 0.9942
vn -0.0746 -0.1137 0.9907
vn -0.1023 -0.0825 0.9913
vn 0.1086 -0.0719 0.9915
vn 0.0948 -0.0778 0.9925
vn -0.1054 0.0618 0.9925
vn -0.1143 -0.0284 0.9930
vn 0.0046 -0.1182 0.9930
vn 0.0658 -0.0691 0.9954
vn 0.0568 -0.0436 0.9974
vn -0.0360 -0.0899 0.9953
vn -0.0771 -0.0718 0.9944
vn 0.0848 0.1252 0.9885
vn 0.0430 0.1472 0.9882
vn -0.0002 0.0134 0.9999
vn 0.0028 0.0073 1.0000
vn 0.0051 0.0084 1.0000
vn -0.0998 -0.0568 0.9934
vn -0.0971 -0.0704 0.9928
vn 0.0022 0.0029 1.0000
vn 0.1154 0.0450 0.9923
vn 0.4944 -0.3640 0.7894
vn -0.1477 0.0593 0.9872
vn -0.1733 0.0194 0.9847
vn -0.6106 -0.0143 0.7918
vn -0.5627 0.2381 0.7916
vn 0.1676 -0.0471 0.9847
vn 0.3778 0.4758 0.7943
vn -0.0535 -0.1753 0.9831
vn -0.0148 -0.1445 0.9894
vn -0.0710 -0.1588 0.9848
vn 0.1722 0.5864 0.7915
vn 0.3919 0.4687 0.7916
vn -0.0102 0.0232 0.9997
vn 0.1971 -0.5866 0.7856
vn 0.0363 -0.6186 0.7848
vn -0.0035 0.0596 0.9982
vn 0.0967 -0.5831 0.8066
vn 0.0960 0.1583 0.9827
vn -0.5792 -0.1904 0.7926
vn 0.1766 -0.0176 0.9841
vn 0.1643 0.0575 0.9847
vn -0.6023 0.0470 0.7969
vn 0.1480 -0.1244 0.9811
vn 0.1705 -0.0901 0.9812
vn -0.2182 0.5467 0.8084
vn 0.0420 -0.0960 0.9945
vn 0.0666 -0.1190 0.9907
vn 0.3356 0.5048 0.7953
vn -0.1496 -0.0955 0.9841
vn -0.0952 -0.1519 0.9838
vn -0.0037 0.0223 0.9997
vn 0.2432 -0.5721 0.7833
vn 0.0162 -0.6210 0.7837
vn -0.4549 0.4073 0.7919
vn 0.0945 -0.1035 0.9901
vn -0.5893 0.1544 0.7930
vn 0.1229 -0.0859 0.9887
vn 0.1507 -0.0264 0.9882
vn -0.5709 0.1914 0.7984
vn -0.0921 0.0581 0.9941
vn -0.0909 0.0745 0.9931
vn 0.1218 -0.0749 0.9897
vn 0.0486 0.0419 0.9979
vn 0.0464 0.0432 0.9980
vn 0.0606 -0.6043 0.7945
vn -0.0316 -0.2165 0.9758
vn 0.2451 0.4725 0.8466
vn -0.1964 -0.1494 0.9691
vn -0.1684 -0.0413 0.9849
vn 0.4793 0.3783 0.7919
vn 0.5935 0.1451 0.7917
vn -0.1847 0.0169 0.9827
vn 0.5747 -0.1749 0.7995
vn -0.1538 0.0996 0.9831
vn 0.5667 -0.2497 0.7852
vn -0.0406 0.1497 0.9879
vn -0.0841 0.1472 0.9855
vn -0.1213 -0.0028 0.9926
vn -0.0031 -0.0710 0.9975
vn 0.0310 -0.0768 0.9966
vn -0.2421 -0.1390 0.9602
vn -0.1531 -0.1729 0.9730
vn -0.2599 -0.1279 0.9571
vn 0.0122 0.1182 0.9929
vn -0.6046 -0.0868 0.7918
vn 0.0111 0.2323 0.9726
vn 0.0088 0.1213 0.9926
vn -0.6157 -0.1326 0.7767
vn -0.6101 0.1551 0.7770
vn -0.0255 0.0451 0.9987
vn -0.5915 -0.2139 0.7774
vn 0.0301 -0.0555 0.9980
vn -0.0603 0.0999 0.9932
vn -0.0055 -0.0009 1.0000
vn -0.0134 -0.1215 0.9925
vn 0.0240 0.0352 0.9991
vn 0.0705 0.1261 0.9895
vn 0.1725 -0.5970 0.7835
vn -0.0818 -0.5979 0.7974
vn 0.0373 0.1420 0.9892
vn 0.2375 -0.5525 0.7989
vn 0.1797 -0.5765 0.7971
vn 0.0207 0.1464 0.9890
vn -0.0381 0.1465 0.9885
vn 0.5639 -0.2036 0.8004
vn -0.0919 0.1287 0.9874
vn -0.1192 -0.0251 0.9926
vn -0.2515 0.5163 0.8187
vn -0.0102 -0.1840 0.9829
vn 0.0816 -0.1663 0.9827
vn 0.6043 0.1605 0.7804
vn -0.1481 -0.0361 0.9883
vn 0.4872 0.3906 0.7811
vn 0.6035 0.1381 0.7853
vn -0.1496 -0.0635 0.9867
vn -0.1109 -0.0851 0.9902
vn -0.1269 0.1517 0.9802
vn -0.2003 0.1009 0.9745
vn -0.1625 -0.0068 0.9867
vn -0.4993 0.3672 0.7848
vn 0.0087 -0.0270 0.9996
vn 0.0108 -0.0260 0.9996
vn -0.0003 -0.0062 1.0000
vn -0.0026 -0.0072 1.0000
vn -0.1186 -0.0410 0.9921
vn 0.0068 -0.0076 0.9999
vn -0.1112 -0.0437 0.9928
vn 0.1123 0.0525 0.9923
vn 0.0097 -0.0276 0.9996
vn -0.3290 0.5208 0.7877
vn -0.0891 0.6097 0.7876
vn 0.3391 0.5161 0.7865
vn -0.0991 -0.1297 0.9866
vn -0.0340 -0.1658 0.9856
vn 0.0724 0.1616 0.9842
vn 0.0154 0.1771 0.9841
vn -0.1590 -0.5861 0.7945
vn -0.3195 -0.4995 0.8052
vn 0.0021 0.1866 0.9824
vn -0.0464 -0.5949 0.8025
vn 0.5070 -0.1587 0.8472
vn -0.1284 0.1685 0.9773
vn -0.2563 -0.0150 0.9665
vn 0.5779 -0.2269 0.7839
vn -0.1608 -0.0791 0.9838
vn 0.6174 0.0679 0.7837
vn -0.5926 -0.0836 0.8012
vn 0.1837 -0.0108 0.9829
vn 0.1692 0.0865 0.9818
vn -0.0147 0.1258 0.9920
vn -0.1122 0.0918 0.9894
vn -0.1612 -0.0458 0.9858
vn -0.1475 -0.0345 0.9885
vn -0.1309 0.0996 0.9864
vn -0.1528 0.0698 0.9858
vn 0.3746 -0.9250 -0.0631
vn 0.2572 -0.9223 0.2885
vn -0.1291 -0.9913 -0.0256
vn -0.2894 -0.7970 0.5301
vn 0.1855 -0.6377 0.7476
vn -0.4079 -0.6354 0.6557
vn -0.8075 0.3882 0.4442
vn -0.7305 0.2573 0.6326
vn -0.4738 0.7830 0.4030
vn -0.2437 0.7387 0.6284
vn -0.3882 0.2280 0.8929
vn -0.0877 0.6549 0.7506
vn 0.9810 -0.1816 -0.0689
vn 0.9209 -0.2719 0.2794
vn 0.7667 -0.6414 -0.0276
vn 0.5788 -0.6639 0.4735
vn 0.7028 -0.1879 0.6861
vn 0.4190 -0.6287 0.6551
vn -0.6946 -0.4556 0.5567
vn -0.5083 -0.5257 0.6821
vn -0.8566 0.0409 0.5144
vn -0.7608 0.1574 0.6297
vn -0.3898 -0.2211 0.8940
vn -0.6094 0.2521 0.7517
vn 0.4566 0.6190 0.6390
vn 0.2724 0.5541 0.7867
vn 0.6621 0.1599 0.7322
vn 0.8136 0.2865 0.5059
vn 0.4135 0.5818 0.7004
vn 0.7081 0.1595 0.6878
vn 0.0477 -0.8313 0.5537
vn 0.1998 -0.7053 0.6802
vn -0.4649 -0.7224 0.5118
vn -0.5180 -0.5811 0.6277
vn -0.0036 -0.4512 0.8924
vn -0.5232 -0.4041 0.7503
vn -0.3330 0.7108 0.6195
vn -0.3600 0.5193 0.7750
vn 0.1692 0.6793 0.7141
vn 0.1660 0.7822 0.6006
vn -0.2900 0.5486 0.7842
vn 0.2948 0.6253 0.7226
vn 0.7685 -0.4446 0.4601
vn 0.6952 -0.3100 0.6485
vn 0.4066 -0.8128 0.4172
vn 0.3280 -0.8036 0.4966
vn 0.5344 -0.3279 0.7791
vn 0.2000 -0.7389 0.6434
vn -0.7742 0.0661 0.6295
vn -0.6219 -0.0545 0.7812
vn -0.4936 0.4843 0.7224
vn -0.5951 0.5353 0.5994
vn -0.6204 0.0241 0.7839
vn -0.3951 0.5674 0.7224
vn 0.7687 0.4422 0.4622
vn 0.6151 0.4456 0.6504
vn 0.9060 -0.0554 0.4196
vn 0.8603 -0.1176 0.4960
vn 0.5518 0.2991 0.7785
vn 0.7405 -0.1960 0.6429
vn -0.4577 -0.6206 0.6367
vn -0.2728 -0.5549 0.7859
vn -0.6623 -0.1615 0.7316
vn -0.8136 -0.2864 0.5060
vn -0.4132 -0.5824 0.7001
vn -0.7097 -0.1574 0.6867
vn -0.0496 0.8306 0.5547
vn -0.2024 0.7045 0.6802
vn 0.4735 0.7311 0.4912
vn 0.5298 0.5694 0.6286
vn 0.0063 0.4178 0.9085
vn 0.5333 0.3788 0.7563
vn -0.6134 0.7448 0.2626
vn -0.5945 0.8002 -0.0789
vn -0.7391 0.6733 -0.0202
vn -0.2248 0.9737 -0.0363
vn -0.1397 0.9502 0.2785
vn 0.0112 0.9999 -0.0120
vn 0.7299 0.6825 -0.0381
vn 0.7531 0.5969 0.2766
vn 0.8708 0.4914 -0.0143
vn 0.6085 -0.7461 0.2701
vn 0.5912 -0.8034 -0.0709
vn 0.7363 -0.6765 -0.0130
vn -0.3365 -0.9043 0.2628
vn -0.3947 -0.9154 -0.0789
vn -0.2129 -0.9769 -0.0188
vn -0.7289 -0.6836 -0.0358
vn -0.7520 -0.5972 0.2790
vn -0.8701 -0.4928 -0.0117
vn 0.7081 0.5716 -0.4146
vn 0.9423 0.3224 0.0906
vn 0.9539 0.2877 0.0856
vn 0.6868 0.6199 -0.3795
vn 0.9469 0.3066 0.0972
vn 0.2137 0.7812 -0.5865
vn 0.1974 0.8044 -0.5604
vn 0.9425 0.3184 0.1019
vn 0.6981 0.2267 -0.6791
vn 0.6790 0.4700 -0.5640
vn -0.0646 0.7267 -0.6839
vn 0.3559 0.8577 -0.3710
vn 0.3225 0.8682 -0.3771
vn -0.0862 0.7353 -0.6723
vn -0.0609 0.9931 0.1004
vn -0.1263 0.6900 -0.7127
vn -0.0481 0.9929 0.1091
vn -0.0075 0.9932 0.1160
vn -0.7461 0.3533 -0.5644
vn -0.5964 -0.4191 -0.6846
vn -0.9205 -0.1204 -0.3717
vn -0.9130 -0.1557 -0.3770
vn -0.5933 -0.4429 -0.6722
vn -0.8290 -0.5501 0.1004
vn -0.5569 -0.4370 -0.7063
vn -0.8352 -0.5390 0.1090
vn -0.8559 -0.5040 0.1159
vn 0.8509 -0.3148 -0.4206
vn 0.7509 -0.6562 0.0750
vn 0.7264 -0.6838 0.0693
vn 0.8910 -0.2558 -0.3750
vn 0.7705 -0.6271 0.1144
vn 0.7695 0.2225 -0.5986
vn 0.7953 0.2312 -0.5603
vn 0.7470 -0.6570 0.1019
vn 0.5454 -0.4911 -0.6792
vn -0.0677 0.8230 -0.5640
vn -0.6617 0.3073 -0.6839
vn -0.5649 0.7370 -0.3710
vn -0.5907 0.7134 -0.3770
vn -0.6799 0.2930 -0.6722
vn -0.8906 0.4436 0.1004
vn -0.6607 0.2355 -0.7128
vn -0.8840 0.4546 0.1090
vn -0.8640 0.4899 0.1159
vn 0.1410 -0.8990 -0.4146
vn -0.1919 -0.9772 0.0907
vn -0.2277 -0.9700 0.0856
vn 0.1934 -0.9047 -0.3795
vn -0.2079 -0.9733 0.0972
vn 0.5697 -0.5757 -0.5865
vn 0.5980 -0.5731 -0.5603
vn -0.1954 -0.9754 0.1019
vn -0.1525 -0.7180 -0.6791
vn -0.1467 -0.0032 0.9892
vn -0.2266 0.2263 0.9473
vn 0.0923 0.0993 0.9908
vn 0.0915 0.1049 0.9903
vn -0.1142 0.2504 0.9614
vn -0.0463 0.3239 0.9449
vn 0.1796 0.0679 0.9814
vn 0.1506 0.2054 0.9670
vn 0.2123 0.2033 0.9558
vn 0.0710 0.1256 0.9895
vn 0.2985 0.0052 0.9544
vn 0.0421 -0.1331 0.9902
vn 0.0406 -0.1556 0.9870
vn 0.2695 -0.0508 0.9617
vn 0.2734 -0.1041 0.9563
vn -0.5896 -0.7340 0.3370
vn -0.5467 -0.4955 -0.6750
vn -0.7377 -0.6659 0.1113
vn -0.0462 -0.7142 0.6984
vn -0.0544 -0.7329 -0.6782
vn -0.2509 -0.3595 -0.8988
vn 0.0600 -0.6589 0.7498
vn -0.1298 -0.4577 -0.8796
vn -0.7594 -0.6024 0.2459
vn -0.5940 0.3993 0.6984
vn -0.6061 0.4156 -0.6781
vn -0.1846 0.3977 -0.8988
vn -0.5596 0.4772 0.6776
vn -0.1779 0.3748 -0.9099
vn 0.0546 0.9921 0.1127
vn -0.6417 -0.3170 0.6984
vn -0.6620 -0.3192 -0.6782
vn -0.4368 0.0376 -0.8988
vn -0.6893 -0.2514 0.6795
vn -0.4154 0.0267 -0.9093
vn -0.8372 0.5352 0.1122
vn -0.6992 0.1495 -0.6991
vn -0.7234 -0.0421 -0.6892
vn -0.9821 0.1853 0.0349
vn -0.9858 0.1642 0.0349
vn -0.7258 -0.0722 -0.6841
vn -0.9988 -0.0119 0.0473
vn -0.4770 -0.5364 -0.6963
vn -0.3223 -0.6523 -0.6860
vn -0.6596 -0.7434 0.1107
vn -0.6355 -0.7639 0.1126
vn -0.2908 -0.6734 -0.6797
vn -0.4423 -0.8885 0.1224
vn 0.2224 -0.6798 -0.6989
vn 0.3999 -0.6040 -0.6894
vn 0.3195 -0.9470 0.0351
vn 0.3486 -0.9365 0.0372
vn 0.4309 -0.5886 -0.6840
vn 0.5314 -0.8465 0.0325
vn -0.1117 0.2091 0.9715
vn 0.0197 0.1826 0.9830
vn 0.0657 0.5334 0.8433
vn 0.0458 0.6524 0.7565
vn -0.2223 0.5498 0.8052
vn 0.0715 0.6399 0.7651
vn 0.2591 0.8867 0.3828
vn 0.0856 0.5218 0.8488
vn -0.2111 0.8889 0.4065
vn 0.9679 -0.1089 0.2264
vn 0.7999 0.5523 -0.2348
vn 0.9892 -0.1461 0.0088
vn 0.7142 -0.2315 0.6606
vn 0.5267 0.4360 0.7298
vn 0.6318 0.6399 0.4374
vn 0.8303 0.5395 0.1399
vn 0.6780 0.5541 0.4830
vn 0.8965 0.3940 0.2026
vn 0.3270 0.1029 0.9394
vn 0.6446 0.1835 0.7421
vn 0.3028 0.2329 0.9242
vn 0.2794 -0.8629 0.4210
vn 0.6867 -0.4654 0.5584
vn 0.2994 -0.8954 0.3295
vn -0.4542 -0.8663 0.2080
vn -0.8971 -0.3924 0.2031
vn -0.8393 -0.4204 0.3447
vn -0.6123 -0.7201 0.3263
vn -0.0907 -0.9441 0.3169
vn -0.6316 -0.7419 0.2250
vn -0.1079 0.6582 0.7451
vn -0.1639 0.8228 0.5442
vn -0.3892 0.6981 0.6010
vn 0.3752 0.2781 0.8842
vn 0.4444 0.1760 0.8784
vn 0.6535 0.2864 0.7007
vn 0.7817 0.4124 0.4679
vn -0.0980 0.8645 0.4931
vn 0.0093 0.6494 0.7604
vn -0.2559 0.6390 -0.7254
vn -0.1810 0.6641 -0.7254
vn -0.1988 -0.4111 -0.8896
vn 0.4388 -0.1266 -0.8896
vn 0.1743 0.8059 -0.5659
vn 0.6956 0.2257 -0.6821
vn 0.4413 -0.1177 -0.8896
vn -0.1781 -0.4205 -0.8896
vn 0.1505 0.8106 -0.5659
vn 0.1150 -0.7289 -0.6749
vn -0.4043 0.5571 -0.7254
vn -0.2445 -0.3857 -0.8896
vn 0.6813 -0.0981 -0.7254
vn 0.6657 -0.1750 -0.7254
vn -0.2565 0.3778 -0.8896
vn -0.3274 -0.3184 -0.8896
vn 0.6114 -0.5532 -0.5659
vn -0.1507 -0.7156 -0.6821
vn -0.3228 -0.3230 -0.8896
vn -0.2741 0.3652 -0.8896
vn 0.6279 -0.5344 -0.5659
vn -0.6882 0.2663 -0.6749
vn 0.6846 0.0713 -0.7254
vn -0.2105 0.4052 -0.8896
vn 0.1098 -0.4433 -0.8896
vn 0.7851 0.2519 -0.5659
vn 0.5433 -0.4896 -0.6821
vn -0.5738 -0.4640 -0.6749
vn 0.2802 0.6287 -0.7254
vn -0.4563 0.0190 -0.8896
vn -0.4555 -0.0333 -0.8896
vn 0.4254 0.5411 -0.7254
vn 0.4846 0.4888 -0.7254
vn 0.1187 -0.4410 -0.8896
vn -0.4532 -0.0561 -0.8896
vn 0.7773 0.2749 -0.5659
vn -0.0452 0.9658 0.2552
vn -0.2020 0.9727 0.1141
vn -0.0909 0.9864 0.1368
vn 0.9384 0.2684 -0.2176
vn 0.9867 0.1341 -0.0918
vn 0.9634 0.2435 -0.1125
vn 0.9655 0.1559 -0.2086
vn 0.5479 0.4567 -0.7009
vn 0.0957 0.8380 -0.5373
vn 0.5858 0.4819 -0.6516
vn 0.6935 0.3652 -0.6211
vn 0.7498 0.3628 -0.5534
vn 0.7381 0.3502 -0.5767
vn 0.6925 0.3501 -0.6307
vn 0.6123 0.4022 -0.6807
vn -0.1797 0.9613 0.2088
vn 0.2482 0.6658 0.7036
vn 0.7566 0.3705 0.5387
vn 0.2740 0.7005 0.6589
vn 0.1156 0.7710 0.6263
vn 0.1004 0.8195 0.5642
vn 0.5029 0.5280 0.6843
vn 0.1316 0.7597 0.6368
vn 0.3912 0.5749 0.7187
vn 0.6647 0.3994 -0.6314
vn 0.5387 0.1057 -0.8359
vn 0.5067 0.5099 -0.6952
vn 0.6884 0.3330 -0.6444
vn 0.2985 0.1856 -0.9362
vn 0.4382 0.4560 -0.7746
vn 0.7101 0.3401 -0.6165
vn 0.5354 0.3867 -0.7508
vn 0.2305 0.6184 -0.7513
vn 0.6827 0.4039 -0.6089
vn 0.2791 0.6626 -0.6950
vn 0.3265 0.6282 -0.7062
vn 0.1216 0.8385 0.5311
vn -0.0276 0.8588 -0.5116
vn -0.2025 0.9770 0.0670
vn 0.7814 0.2954 0.5497
vn 0.5578 0.8291 0.0372
vn 0.9738 0.2144 0.0754
vn 0.8776 0.0776 0.4730
vn 0.6797 0.1367 0.7206
vn 0.5448 0.2922 0.7860
vn 0.1176 0.7849 0.6084
vn 0.5409 0.5208 0.6605
vn 0.4758 0.5566 0.6811
vn 0.7280 0.4070 -0.5517
vn 0.8203 0.2612 0.5088
vn 0.9864 0.1387 -0.0879
vn 0.5257 -0.0511 -0.8491
vn 0.1846 0.0492 -0.9816
vn 0.5993 -0.5585 -0.5736
vn 0.9278 0.3600 -0.0978
vn 0.9947 0.0876 -0.0539
vn 0.7269 0.5004 -0.4703
vn 0.9939 -0.1007 0.0460
vn 0.9496 -0.2689 -0.1610
vn 0.8798 -0.3820 0.2829
vn 0.7826 0.3756 0.4965
vn 0.9849 0.0730 0.1572
vn 0.9404 0.2776 0.1964
vn 0.7214 -0.0298 0.6918
vn 0.7079 -0.5810 0.4016
vn 0.4300 0.0531 0.9013
vn 0.2102 0.7467 0.6311
vn 0.3232 0.7078 0.6282
vn 0.2484 0.7632 0.5965
vn -0.2640 0.6803 0.6837
vn -0.1977 0.5479 0.8129
vn -0.7974 0.4718 0.3763
vn 0.0069 0.9928 0.1197
vn -0.2522 0.9645 0.0784
vn 0.1947 0.8520 0.4860
vn -0.4527 0.8913 -0.0269
vn -0.6183 0.7660 0.1757
vn -0.6488 0.6863 -0.3286
vn 0.1487 0.8819 -0.4473
vn -0.2767 0.9586 -0.0676
vn -0.0156 0.9908 -0.1346
vn -0.7388 0.5131 -0.4370
vn 0.0227 0.4535 -0.8910
vn -0.1886 0.6811 -0.7075
vn 0.8991 0.1832 0.3975
vn 0.9508 0.1482 -0.2720
vn 0.7568 0.3024 -0.5795
vn -0.1456 0.9347 -0.3241
vn 0.2004 0.6901 0.6954
vn 0.0857 0.7834 -0.6156
vn 0.2052 0.7011 -0.6829
vn 0.3147 0.6226 0.7165
vn 0.5260 0.4745 0.7058
vn 0.2668 0.6573 -0.7048
vn 0.5630 0.4488 0.6940
vn 0.4992 0.4924 -0.7130
vn 0.6006 0.4162 -0.6826
vn 0.5986 0.4207 0.6817
vn 0.7752 0.2925 0.5599
vn 0.0016 -0.1632 -0.9866
vn -0.6686 0.0963 -0.7374
vn -0.6882 0.0977 -0.7189
vn 0.2885 -0.6161 -0.7329
vn -0.1425 -0.0678 -0.9875
vn 0.3363 -0.6196 -0.7092
vn -0.0573 -0.0632 -0.9964
vn 0.1802 0.3323 -0.9258
vn -0.0458 -0.7557 -0.6533
vn 0.2973 0.2400 -0.9241
vn -0.0892 -0.7290 -0.6786
vn -0.0699 -0.0243 -0.9973
vn -0.0072 -0.6404 -0.7680
vn 0.0372 -0.6366 -0.7703
vn -0.0516 0.1073 -0.9929
vn -0.1160 0.1220 -0.9857
vn 0.5516 -0.3756 -0.7447
vn -0.1327 0.1187 -0.9840
vn -0.6919 -0.1237 -0.7113
vn 0.2897 0.3460 -0.8924
vn -0.6938 -0.1125 -0.7113
vn -0.6395 -0.3279 -0.6954
vn 0.2637 0.3123 -0.9127
vn 0.0262 -0.0859 -0.9960
vn -0.6077 0.2754 -0.7449
vn 0.1572 -0.0563 -0.9860
vn 0.1561 -0.0855 -0.9840
vn 0.2444 0.3788 -0.8926
vn 0.0384 0.7180 -0.6950
vn -0.1018 -0.6922 -0.7145
vn -0.0353 -0.7026 -0.7107
vn -0.1418 0.7020 -0.6979
vn -0.2119 -0.6633 -0.7177
vn -0.0920 -0.5873 -0.8041
vn 0.0779 0.7965 -0.5996
vn 0.2513 0.7617 -0.5972
vn 0.4346 0.6662 -0.6061
vn 0.7332 0.2393 -0.6366
vn -0.6530 0.0471 -0.7559
vn -0.4622 -0.4580 -0.7593
vn 0.5497 0.5122 -0.6600
vn -0.4554 -0.4670 -0.7580
vn -0.6121 -0.2667 -0.7444
vn 0.5385 0.5256 -0.6586
vn 0.7164 0.2116 -0.6649
vn -0.6707 -0.2192 -0.7086
vn 0.7125 -0.0618 -0.6989
vn -0.6787 -0.1667 -0.7152
vn -0.6118 -0.3514 -0.7087
vn 0.5880 0.4088 -0.6979
vn 0.2746 0.3537 -0.8941
vn -0.8413 0.1301 -0.5247
vn -0.7969 0.3089 -0.5191
vn -0.7455 0.3418 -0.5722
vn -0.5798 0.7707 0.2642
vn -0.7721 0.5609 0.2987
vn -0.3413 0.9019 0.2646
vn -0.0485 0.7802 -0.6237
vn 0.0748 0.8171 -0.5716
vn 0.0071 0.7811 -0.6244
vn 0.1818 0.7904 -0.5850
vn 0.5142 0.7101 -0.4810
vn -0.2558 0.7283 -0.6358
vn 0.8730 -0.1546 0.4625
vn 0.7863 0.2589 0.5610
vn 0.8249 -0.5342 0.1846
vn 0.1646 -0.7186 -0.6757
vn -0.5034 -0.5350 -0.6784
vn 0.3474 -0.6612 -0.6650
vn -0.3990 -0.0053 0.9170
vn 0.1246 0.2496 0.9603
vn -0.6526 -0.4761 0.5895
vn 0.6996 0.0804 -0.7100
vn 0.7865 -0.3948 -0.4748
vn 0.2331 -0.3823 -0.8942
vn 0.0339 -0.9457 -0.3233
vn 0.5360 -0.8365 0.1140
vn 0.4196 -0.9008 0.1118
vn 0.3217 -0.4696 -0.8222
vn 0.0384 -0.8888 -0.4567
vn -0.2354 -0.4825 -0.8437
vn -0.4301 -0.8680 0.2481
vn -0.5442 -0.8138 0.2039
vn 0.0979 -0.9942 0.0438
vn -0.0408 -0.8551 -0.5168
vn -0.5524 -0.7587 -0.3454
vn -0.2566 -0.4108 -0.8749
vn -0.7929 0.2869 -0.5376
vn -0.9990 0.0001 -0.0449
vn -0.7754 0.3880 -0.4982
vn -0.9892 -0.0601 -0.1339
vn -0.9830 0.0767 -0.1668
vn -0.7193 -0.1399 -0.6805
vn -0.3794 0.5664 -0.7316
vn -0.5610 0.7905 -0.2457
vn -0.0504 0.7482 -0.6616
vn -0.5440 0.8292 -0.1287
vn -0.4224 0.8916 -0.1630
vn -0.4749 0.5603 -0.6787
vn 0.2666 0.6328 -0.7270
vn 0.3492 0.9070 -0.2354
vn 0.5668 0.4684 -0.6777
vn 0.0835 0.8902 -0.4478
vn 0.4470 0.8942 0.0232
vn 0.5613 0.8275 -0.0151
vn 0.4308 0.4313 -0.7927
vn 0.8288 0.3682 -0.4213
vn 0.5543 -0.1009 -0.8262
vn 0.9737 0.0656 0.2181
vn 0.9819 -0.0640 0.1781
vn 0.8532 0.4986 -0.1532
vn -0.1444 0.7220 -0.6766
vn 0.1630 0.7136 -0.6814
vn 0.0003 0.0001 -1.0000
vn 0.0013 -0.0002 -1.0000
vn 0.1789 0.7144 -0.6765
vn 0.4579 0.5791 -0.6745
vn -0.4897 0.5498 -0.6766
vn -0.1582 0.7207 -0.6750
vn -0.6772 0.2936 -0.6747
vn -0.5004 0.5422 -0.6750
vn -0.0006 -0.0006 -1.0000
vn -0.0012 -0.0020 -1.0000
vn -0.7383 -0.0262 -0.6740
vn -0.6795 0.2882 -0.6747
vn -0.8757 -0.4750 0.0867
vn -0.7703 -0.4967 0.3998
vn -0.5827 -0.8069 0.0969
vn -0.5748 -0.8181 -0.0166
vn -0.7757 -0.5369 0.3318
vn -0.6885 -0.7019 0.1827
vn 0.1565 -0.9403 -0.3023
vn 0.3776 -0.9255 0.0282
vn -0.0661 -0.9977 -0.0173
vn 0.1310 -0.9347 -0.3303
vn -0.1334 -0.9901 -0.0425
vn -0.0723 -0.9611 -0.2666
vn 0.9998 -0.0182 -0.0111
vn 0.8216 -0.3278 -0.4665
vn 0.9096 -0.0849 -0.4067
vn 0.9784 -0.2035 -0.0358
vn 0.8902 -0.2162 -0.4010
vn 0.9607 0.2773 0.0108
vn 0.6161 0.7868 -0.0369
vn 0.4785 0.8755 0.0679
vn 0.5119 0.8584 0.0337
vn 0.6069 0.7918 0.0683
vn 0.4300 0.8725 0.2319
vn 0.2030 0.9719 0.1190
vn -0.6120 0.7898 0.0394
vn -0.5311 0.4331 0.7282
vn -0.8049 0.5931 0.0176
vn -0.7992 0.5992 0.0484
vn -0.4060 0.5232 0.7492
vn -0.5657 0.3345 0.7537
vn 0.8663 0.4909 -0.0920
vn 0.8644 0.1901 0.4655
vn 0.8459 0.4164 0.3333
vn 0.5485 0.8278 0.1177
vn 0.4401 0.8978 0.0169
vn 0.1233 0.9899 0.0706
vn 0.0246 0.9968 -0.0755
vn 0.3710 0.9202 -0.1247
vn 0.2129 0.9525 -0.2179
vn -0.7344 0.6776 0.0379
vn -0.7889 0.4533 -0.4150
vn -0.9666 0.2562 0.0022
vn -0.9961 0.0635 -0.0604
vn -0.7860 0.3968 -0.4741
vn -0.8774 0.1721 -0.4478
vn -0.6668 -0.7392 -0.0949
vn -0.5516 -0.8254 0.1203
vn -0.4044 -0.8923 0.2006
vn -0.6812 -0.7316 0.0253
vn -0.3859 -0.8810 0.2737
vn -0.3003 -0.9529 0.0418
vn 0.8328 -0.5512 0.0504
vn 0.2650 -0.7162 0.6456
vn 0.4398 -0.5343 0.7219
vn 0.8657 -0.4741 0.1607
vn 0.4291 -0.3479 0.8336
vn 0.9545 -0.2432 0.1725
vn -0.3006 -0.9536 0.0143
vn -0.3769 -0.8749 -0.3040
vn -0.6821 -0.7310 0.0178
vn -0.6101 -0.7920 -0.0227
vn -0.3007 -0.8668 -0.3978
vn -0.4811 -0.8412 -0.2469
vn -0.8946 -0.1988 0.4003
vn -0.9019 -0.4210 0.0971
vn -0.8551 -0.4015 0.3280
vn -0.9289 0.3594 -0.0891
vn -0.8286 0.4211 0.3688
vn -0.6532 0.7554 -0.0517
vn -0.2348 0.9708 0.0488
vn -0.5842 0.6716 0.4557
vn -0.3795 0.8327 0.4032
vn 0.1345 0.9862 -0.0962
vn 0.1936 0.9797 0.0526
vn 0.5651 0.8215 -0.0754
vn 0.5375 0.8424 0.0384
vn 0.6693 0.7406 -0.0598
vn 0.6574 0.7533 -0.0195
vn 0.9736 -0.2054 -0.0999
vn 0.5948 -0.1998 -0.7786
vn 0.8907 -0.4437 -0.0989
vn 0.8313 -0.5538 -0.0475
vn 0.6285 -0.2094 -0.7491
vn 0.5040 -0.4228 -0.7531
vn 0.1992 0.9797 0.0226
vn 0.1806 0.8902 -0.4183
vn 0.6063 0.7953 -0.0014
vn 0.5394 0.8420 -0.0077
vn 0.2400 0.9048 -0.3517
vn 0.3947 0.8945 -0.2099
vn 0.8641 0.5033 -0.0035
vn 0.8982 0.3622 0.2492
vn 0.9331 0.1627 0.3205
vn 0.9317 0.3631 0.0024
vn 0.9482 0.0316 0.3162
vn 0.9950 -0.0987 -0.0155
vn 0.5991 -0.8004 0.0213
vn 0.6785 -0.5586 0.4771
vn 0.5070 -0.7357 0.4491
vn 0.4750 -0.8800 -0.0030
vn 0.4026 -0.8481 0.3444
vn 0.0114 -0.9996 -0.0244
vn -0.2146 -0.9761 0.0349
vn -0.3649 -0.9153 0.1707
vn -0.5113 -0.8565 0.0711
vn -0.5647 -0.8067 -0.1739
vn -0.7496 -0.5161 -0.4145
vn -0.8543 -0.4805 -0.1981
vn -0.8144 0.5788 0.0423
vn -0.8090 0.0256 -0.5873
vn -0.7075 0.2452 -0.6628
vn -0.7986 0.5907 -0.1153
vn -0.5827 0.2455 -0.7748
vn -0.6127 0.7789 -0.1337
vn -0.9150 0.2015 -0.3496
vn -0.9826 -0.1832 -0.0298
vn -0.8594 0.3421 -0.3800
vn -0.0718 0.2913 -0.9539
vn -0.3772 0.5479 -0.7467
vn 0.0187 -0.0189 -0.9996
vn -0.4246 -0.0124 -0.9053
vn -0.5089 0.2595 -0.8208
vn -0.4947 -0.2768 -0.8238
vn -0.4899 -0.3474 -0.7996
vn -0.4695 -0.4812 -0.7403
vn -0.4874 -0.3513 -0.7994
vn -0.0477 -0.2897 -0.9559
vn -0.3520 -0.0425 -0.9350
vn 0.0332 -0.6302 -0.7757
vn -0.1454 -0.6012 -0.7857
vn 0.0901 -0.7831 -0.6153
vn -0.2311 -0.5601 -0.7956
vn -0.3210 0.1625 -0.9330
vn -0.5554 -0.1172 -0.8233
vn -0.0181 0.2459 -0.9691
vn -0.0698 -0.5320 -0.8439
vn -0.3745 -0.5494 -0.7469
vn 0.2083 -0.6482 -0.7324
vn 0.5603 -0.1135 -0.8205
vn 0.6913 -0.4364 -0.5759
vn 0.5517 -0.0733 -0.8308
vn 0.5021 0.1147 -0.8571
vn 0.5888 -0.0807 -0.8042
vn 0.5360 0.3048 -0.7872
vn 0.0630 0.9879 -0.1416
vn 0.1827 0.8860 -0.4261
vn 0.1321 0.9770 -0.1676
vn 0.2115 0.4620 -0.8613
vn 0.1222 0.9059 -0.4055
vn 0.1613 0.5532 -0.8173
vn 0.2322 0.6307 -0.7405
vn 0.0715 0.7574 -0.6491
vn 0.2195 0.6365 -0.7394
vn -0.3264 0.4269 -0.8433
vn 0.1364 0.3630 -0.9217
vn -0.5382 0.6706 -0.5105
vn -0.2580 0.8006 -0.5408
vn -0.6103 0.7583 -0.2292
vn -0.1018 0.8166 -0.5681
vn -0.2741 0.2883 -0.9175
vn 0.0037 0.4472 -0.8944
vn -0.5179 0.3126 -0.7963
vn -0.4162 0.3984 -0.8174
vn -0.6344 0.2918 -0.7158
vn -0.4028 0.4099 -0.8184
vn -0.5429 -0.0026 -0.8398
vn -0.2391 0.3797 -0.8937
vn -0.8781 -0.0821 -0.4714
vn 0.4602 -0.6342 -0.6213
vn 0.6133 -0.5635 -0.5534
vn 0.4414 -0.6417 -0.6272
vn 0.1854 -0.6764 -0.7128
vn 0.1993 -0.7200 -0.6648
vn 0.2070 -0.7226 -0.6596
vn 0.3149 -0.2619 -0.9123
vn 0.3486 -0.4469 -0.8239
vn 0.3645 -0.0761 -0.9281
vn 0.4049 -0.0867 -0.9102
vn 0.3906 -0.3520 -0.8506
vn 0.5200 0.0817 -0.8502
vn -0.2538 0.5460 -0.7984
vn 0.3918 -0.6062 -0.6921
vn 0.2116 -0.6782 -0.7038
vn -0.1340 0.0076 -0.9910
vn 0.8001 -0.4580 -0.3875
vn -0.0176 0.1098 -0.9938
vn -0.1742 0.5904 -0.7881
vn 0.7628 -0.1589 -0.6268
vn 0.7641 -0.1526 -0.6268
vn 0.1541 0.6627 -0.7328
vn 0.7678 -0.2569 -0.5870
vn -0.3035 -0.4626 -0.8330
vn -0.5796 -0.0130 -0.8148
vn 0.7366 -0.0012 -0.6763
vn 0.6989 -0.2024 -0.6860
vn 0.1097 0.7871 -0.6069
vn -0.4199 -0.4037 -0.8128
vn 0.4417 0.6322 -0.6366
vn 0.4276 0.6535 -0.6245
vn 0.0068 -0.5361 -0.8441
vn 0.4245 0.6556 -0.6245
vn 0.6049 0.2732 -0.7480
vn -0.6586 -0.2063 -0.7237
vn -0.2026 0.7762 -0.5970
vn -0.0741 0.7314 -0.6779
vn -0.5498 -0.3500 -0.7584
vn -0.4479 -0.4295 -0.7842
vn -0.2906 0.4699 -0.8335
vn 0.7380 0.6201 -0.2661
vn 0.7184 -0.2551 -0.6471
vn -0.6178 0.0136 -0.7862
vn 0.4959 -0.4516 -0.7417
vn -0.6154 0.2596 -0.7442
vn 0.2921 -0.5060 -0.8115
vn -0.3742 0.6310 -0.6796
vn -0.1759 0.7031 -0.6890
vn -0.7273 -0.2595 -0.6353
vn -0.5767 -0.5711 -0.5842
vn -0.7891 0.0361 -0.6132
vn -0.6919 -0.3542 -0.6291
vn -0.7883 0.0486 -0.6133
vn -0.7319 -0.2497 -0.6340
vn 0.5204 -0.3347 -0.7856
vn -0.6621 -0.2506 -0.7062
vn -0.7240 0.0624 -0.6870
vn -0.1118 -0.6776 -0.7269
vn -0.8425 0.0142 -0.5385
vn -0.8300 -0.2508 -0.4982
vn -0.7955 0.1849 -0.5770
vn -0.7887 -0.0013 -0.6147
vn -0.7761 0.1166 -0.6197
vn -0.4224 -0.6639 -0.6171
vn -0.3055 -0.6874 -0.6589
vn -0.0425 -0.7857 -0.6171
vn -0.0078 -0.8548 -0.5189
vn -0.3842 -0.7480 -0.5412
vn -0.2125 -0.8095 -0.5473
vn 0.7219 -0.2634 -0.6399
vn 0.5649 -0.5022 -0.6548
vn 0.2546 -0.7295 -0.6348
vn -0.0003 -0.8443 -0.5358
vn 0.2392 -0.7836 -0.5734
vn -0.6158 -0.2740 -0.7388
vn -0.9761 -0.1268 -0.1763
vn -0.9912 -0.0341 -0.1281
vn -0.9164 -0.0608 -0.3956
vn -0.7241 -0.5381 -0.4313
vn -0.4756 0.0046 -0.8797
vn -0.4531 0.3129 -0.8348
vn -0.9727 0.1853 -0.1395
vn -0.9624 0.2440 -0.1194
vn -0.8978 0.2537 -0.3601
vn -0.5004 -0.4998 -0.7070
vn 0.2741 -0.4770 -0.8351
vn -0.5227 -0.4512 -0.7234
vn 0.4754 -0.8610 -0.1806
vn 0.5052 -0.7648 -0.3998
vn 0.5206 -0.8401 -0.1521
vn 0.1352 -0.9846 -0.1108
vn 0.0663 -0.9885 -0.1361
vn 0.0536 -0.9246 -0.3771
vn -0.2174 -0.8874 -0.4066
vn -0.2807 -0.9535 -0.1101
vn -0.3247 -0.9277 -0.1844
vn -0.4981 -0.7582 -0.4207
vn -0.4855 -0.8515 -0.1979
vn -0.5302 -0.7428 -0.4089
vn -0.6857 -0.7143 0.1401
vn -0.7586 -0.6498 0.0478
vn -0.6276 -0.7688 -0.1226
vn -0.6355 -0.6565 -0.4063
vn -0.7907 -0.5435 -0.2817
vn -0.7128 -0.4919 -0.5000
vn -0.9293 -0.3250 -0.1752
vn -0.8467 -0.5304 0.0427
vn -0.9133 -0.4041 0.0515
vn -0.5622 -0.3477 -0.7504
vn -0.3809 -0.1947 -0.9039
vn -0.2886 -0.4075 -0.8664
vn -0.6491 -0.4355 -0.6237
vn -0.4261 -0.3694 -0.8258
vn -0.5454 -0.5582 -0.6252
vn 0.5045 -0.8594 -0.0837
vn 0.4819 -0.8169 -0.3168
vn 0.5444 -0.7806 -0.3071
vn 0.4439 -0.6984 -0.5614
vn 0.3248 -0.7629 -0.5590
vn 0.2741 -0.5581 -0.7832
vn -0.0588 -0.2284 -0.9718
vn 0.2656 -0.6719 -0.6913
vn 0.0532 -0.7142 -0.6979
vn 0.0305 -0.7956 -0.6050
vn -0.0348 -0.7272 -0.6855
vn 0.2591 -0.6233 -0.7378
vn 0.1170 -0.9915 -0.0571
vn 0.0219 -0.9466 -0.3216
vn 0.1376 -0.9365 -0.3227
vn 0.1175 -0.5390 -0.8341
vn -0.0895 -0.4979 -0.8626
vn -0.0567 -0.8939 -0.4446
vn -0.3405 -0.9208 -0.1904
vn -0.2954 -0.8581 -0.4200
vn -0.2159 -0.8880 -0.4060
vn -0.0749 -0.4043 -0.9116
vn -0.0714 -0.4047 -0.9117
vn -0.1185 -0.8035 -0.5833
vn -0.1935 -0.3645 -0.9109
vn -0.2377 -0.7875 -0.5687
vn -0.3444 -0.7473 -0.5683
vn -0.6309 -0.3642 -0.6851
vn -0.6966 -0.1781 -0.6950
vn -0.2292 0.0258 -0.9730
vn -0.4190 -0.2432 -0.8748
vn -0.7741 -0.3900 -0.4986
vn -0.3712 -0.3508 -0.8597
vn -0.9602 -0.1453 -0.2387
vn -0.8902 -0.0694 -0.4502
vn -0.8715 -0.2199 -0.4382
vn -0.7191 -0.2094 -0.6626
vn -0.5239 -0.0378 -0.8509
vn -0.4909 -0.1472 -0.8587
vn -0.5036 -0.1223 -0.8552
vn -0.4358 0.0947 -0.8950
vn -0.8597 0.1275 -0.4947
vn -0.3169 0.1536 -0.9359
vn -0.7939 0.0972 -0.6002
vn -0.7517 0.2578 -0.6070
vn -0.9685 0.1538 -0.1961
vn -0.8843 0.2132 -0.4153
vn -0.8990 0.1237 -0.4201
vn -0.0807 -0.6055 -0.7917
vn 0.0471 0.7680 -0.6387
vn 0.4534 0.6577 -0.6015
vn -0.0405 0.6753 -0.7364
vn 0.0215 -0.7240 -0.6894
vn -0.0007 0.6765 -0.7364
vn 0.1155 -0.6995 -0.7053
vn -0.1917 0.6630 -0.7236
vn 0.0711 -0.7118 -0.6987
vn 0.4615 0.3331 -0.8222
vn -0.6639 -0.4311 -0.6111
vn 0.4863 0.2543 -0.8360
vn 0.7233 0.1779 -0.6672
vn -0.5469 -0.3978 -0.7366
vn -0.6367 -0.0564 -0.7690
vn 0.0930 0.6004 -0.7943
vn -0.1583 -0.7629 -0.6268
vn -0.5481 -0.5931 -0.5898
vn -0.2922 0.5078 -0.8104
vn 0.7522 -0.3226 -0.5746
vn 0.3474 -0.7086 -0.6141
vn 0.4704 -0.6360 -0.6117
vn -0.5213 0.3048 -0.7971
vn -0.1733 0.5813 -0.7950
vn -0.5885 0.0096 -0.8084
vn 0.7170 0.3637 -0.5946
vn 0.8030 0.0670 -0.5922
vn -0.5839 -0.0736 -0.8085
vn 0.7931 -0.0925 -0.6020
vn -0.5774 -0.0551 -0.8146
vn 0.7536 0.0425 0.6559
vn -0.6246 0.2748 0.7310
vn 0.7570 0.1109 0.6439
vn 0.0814 0.6716 0.7364
vn 0.1504 -0.7086 0.6894
vn 0.0280 0.6759 0.7364
vn 0.5310 -0.6071 0.5912
vn -0.1715 0.5642 0.8076
vn -0.5407 0.2301 0.8091
vn -0.5931 0.0683 0.8022
vn 0.7849 -0.1011 0.6113
vn -0.5956 0.0395 0.8023
vn -0.0990 0.6140 0.7830
vn -0.4674 -0.6626 0.5852
vn -0.0831 -0.7782 0.6225
vn 0.6107 -0.0629 0.7893
vn -0.7788 -0.0320 0.6264
vn -0.7054 -0.3961 0.5878
vn -0.5530 -0.0676 0.8305
vn 0.8195 0.0895 0.5660
vn 0.6963 0.4466 0.5619
vn -0.0189 -0.7293 0.6839
vn -0.1844 0.6614 0.7270
vn 0.0118 -0.7258 0.6878
vn -0.4664 0.3828 0.7975
vn 0.3961 -0.6588 0.6397
vn 0.7521 -0.2537 0.6083
vn 0.3909 0.7153 0.5793
vn 0.0316 0.7824 0.6220
vn 0.2069 -0.5989 0.7736
vn -0.3050 0.9041 0.2994
vn 0.5854 0.4802 -0.6533
vn 0.2872 0.5483 -0.7854
vn -0.1871 0.7680 0.6125
vn -0.4676 0.5706 -0.6751
vn -0.6214 0.4404 -0.6480
vn -0.1726 0.4615 0.8702
vn -0.7025 0.5891 -0.3993
vn -0.4635 0.1925 0.8649
vn -0.9535 -0.0633 0.2947
vn -0.3820 0.0665 -0.9218
vn -0.3053 -0.3208 -0.8966
vn -0.4144 -0.3046 0.8576
vn -0.1345 -0.9291 -0.3445
vn -0.1355 -0.4212 0.8968
vn 0.6868 -0.3666 0.6277
vn 0.0658 -0.9618 -0.2657
vn 0.8295 -0.2099 0.5176
vn -0.3701 0.4649 -0.8043
vn 0.2628 0.8737 0.4093
vn 0.3730 0.8426 0.3884
vn -0.2668 0.8967 -0.3533
vn 0.4246 0.3836 0.8201
vn -0.1545 0.9146 -0.3737
vn -0.3005 -0.4779 -0.8254
vn -0.9510 0.1553 0.2674
vn -0.9357 0.2484 0.2504
vn -0.8564 -0.4715 -0.2104
vn -0.3328 0.3525 0.8746
vn -0.9163 -0.3365 -0.2174
vn 0.5221 -0.0648 -0.8504
vn 0.0449 -0.9887 0.1432
vn -0.0878 -0.9903 0.1079
vn 0.8886 0.3628 -0.2806
vn 0.3704 -0.4818 0.7941
vn 0.9161 0.2454 -0.3170
vn 0.5466 -0.5141 -0.6610
vn -0.5351 0.3646 -0.7621
vn 0.4994 -0.5589 -0.6619
vn 0.0825 -0.8137 -0.5754
vn -0.3562 0.4524 -0.8176
vn 0.2007 0.5439 -0.8148
vn -0.5374 0.2946 -0.7902
vn 0.7459 -0.2115 -0.6316
vn -0.5135 0.3333 -0.7907
vn -0.3904 0.5200 -0.7597
vn 0.6520 -0.3847 -0.6534
vn 0.2955 -0.6769 -0.6741
vn 0.5509 0.4818 -0.6814
vn -0.6571 -0.2151 -0.7225
vn 0.5680 0.4571 -0.6844
vn 0.5372 0.4112 -0.7364
vn -0.2598 -0.6762 -0.6894
vn -0.6021 -0.4027 -0.6895
vn -0.5539 -0.2666 -0.7888
vn 0.6026 0.4740 -0.6420
vn 0.7858 -0.0371 -0.6173
vn 0.7655 -0.1665 -0.6215
vn -0.5889 -0.1729 -0.7895
vn -0.5325 0.3106 -0.7874
vn -0.4887 -0.5542 -0.6739
vn 0.2498 0.6446 -0.7226
vn -0.5135 -0.5274 -0.6769
vn 0.7795 0.3108 0.5439
vn -0.5590 0.4211 0.7143
vn 0.7517 0.4006 0.5239
vn 0.6730 0.0688 0.7364
vn -0.7237 -0.0304 0.6895
vn -0.6221 -0.3711 0.6894
vn -0.0720 0.6727 0.7364
vn -0.2251 -0.6885 0.6894
vn 0.2999 -0.6593 0.6895
vn -0.5373 -0.4602 0.7068
vn 0.4637 0.5142 0.7215
vn -0.5181 -0.4864 0.7036
vn -0.2865 -0.7435 0.6042
vn 0.3962 0.4608 0.7941
vn -0.0135 0.5994 0.8004
vn -0.4742 0.4825 0.7364
vn 0.4266 -0.5854 0.6895
vn -0.4877 0.4688 0.7364
vn 0.5241 -0.6143 0.5898
vn -0.2290 0.5407 0.8094
vn -0.5357 0.2182 0.8157
vn 0.5976 -0.5407 0.5920
vn 0.7466 -0.3723 0.5513
vn -0.2898 0.5222 0.8021
vn -0.5578 -0.1891 0.8082
vn 0.8068 -0.1256 0.5773
vn 0.7063 0.3318 0.6253
vn 0.3345 -0.6862 0.6460
vn -0.0732 0.6331 0.7706
vn 0.4108 -0.6427 0.6466
vn -0.3626 0.8981 -0.2490
vn 0.3560 -0.0530 -0.9330
vn -0.0888 -0.2032 -0.9751
vn 0.1011 0.1060 0.9892
vn -0.6826 0.7272 0.0723
vn -0.2322 -0.2245 0.9464
vn -0.9985 -0.0462 0.0305
vn -0.1086 0.3412 -0.9337
vn -0.1067 -0.1407 -0.9843
vn -0.1444 0.1016 0.9843
vn -0.9643 -0.2630 -0.0298
vn 0.0021 -0.3576 0.9339
vn -0.4275 -0.9019 -0.0620
vn -0.2954 0.1355 -0.9457
vn 0.1208 -0.0792 -0.9895
vn -0.1416 0.0409 0.9891
vn -0.1205 -0.9866 0.1097
vn 0.3291 0.0034 0.9443
vn 0.7069 -0.6815 -0.1892
vn -0.2777 -0.1167 -0.9535
vn 0.0750 0.2225 -0.9721
vn 0.9875 0.0205 0.1565
vn 0.2117 0.6399 -0.7387
vn 0.9830 0.0670 0.1712
vn 0.0695 0.0076 0.9976
vn 0.5974 0.7986 0.0728
vn -0.3016 0.1825 0.9358
vn -0.2266 0.4052 -0.8857
vn -0.8680 0.2528 0.4274
vn -0.2817 0.3309 -0.9006
vn -0.2663 0.5045 -0.8213
vn -0.6520 0.4591 0.6034
vn -0.6370 0.4770 0.6055
vn -0.5382 -0.5681 -0.6226
vn -0.1345 -0.5845 0.8001
vn -0.5963 -0.5362 -0.5975
vn 0.5656 0.7571 -0.3269
vn 0.6914 -0.2463 0.6792
vn 0.6131 0.7087 -0.3491
vn 0.4991 0.3061 -0.8107
vn 0.4831 0.2753 -0.8312
vn 0.1977 -0.9026 -0.3823
vn 0.1321 -0.8307 -0.5408
vn -0.2148 -0.5036 -0.8368
vn 0.1116 -0.7366 -0.6670
vn 0.1007 -0.8050 -0.5847
vn 0.2143 -0.8017 -0.5579
vn -0.0694 -0.8181 -0.5709
vn -0.3268 -0.5125 -0.7941
vn 0.8445 -0.2564 -0.4703
vn 0.8796 -0.1718 -0.4436
vn -0.2307 -0.7478 -0.6226
vn 0.7507 0.1778 -0.6363
vn 0.0188 -0.8988 -0.4380
vn 0.0584 -0.9714 -0.2303
vn -0.0905 -0.3890 -0.9168
vn -0.1217 -0.4154 -0.9014
vn -0.7973 -0.3017 -0.5227
vn -0.0707 0.7970 -0.5998
vn -0.6132 -0.4464 -0.6517
vn -0.4717 0.7599 -0.4472
vn -0.5141 0.7358 -0.4407
vn -0.4512 -0.4739 -0.7562
vn -0.8253 -0.2197 -0.5201
vn 0.0946 0.7086 -0.6993
vn 0.1086 0.7031 -0.7027
vn -0.8243 -0.3183 -0.4682
vn -0.2954 -0.0033 -0.9554
vn -0.2451 0.0786 -0.9663
vn -0.9154 0.0145 -0.4022
vn -0.9151 -0.0075 -0.4031
vn -0.5744 -0.5252 -0.6278
vn -0.9477 0.3047 -0.0949
vn -0.7779 -0.0690 -0.6246
vn -0.7251 -0.0444 -0.6873
vn -0.9675 0.1903 -0.1664
vn -0.6793 -0.1666 -0.7147
vn -0.7626 -0.2173 -0.6093
vn -0.9555 -0.1166 0.2709
vn -0.0888 0.2182 0.9719
vn -0.1694 0.1623 0.9721
vn -0.6146 -0.1691 0.7705
vn -0.9649 -0.0399 0.2597
vn -0.7909 -0.2562 0.5558
vn -0.0842 0.7924 0.6042
vn -0.0474 0.7702 0.6360
vn -0.4687 -0.4161 0.7792
vn -0.6068 -0.4325 0.6669
vn 0.0120 0.7236 0.6902
vn -0.8668 -0.2873 0.4076
vn -0.9143 0.0344 0.4036
vn -0.9117 0.1176 0.3936
vn -0.4457 -0.5445 0.7106
vn -0.5645 -0.3940 0.7253
vn -0.5463 0.7283 0.4137
vn -0.4327 0.8101 0.3956
vn -0.9829 0.1160 0.1432
vn -0.7114 -0.2571 0.6540
vn -0.7276 -0.2576 0.6358
vn -0.2027 -0.6567 0.7264
vn 0.8914 0.0349 0.4520
vn 0.8905 0.0129 0.4547
vn 0.1527 -0.9089 0.3880
vn 0.3889 0.2020 0.8989
vn 0.4067 0.2370 0.8823
vn 0.0429 -0.8937 0.4467
vn 0.6348 0.2715 0.7234
vn -0.1717 -0.7420 0.6480
vn -0.0483 -0.8765 0.4789
vn -0.0529 -0.3611 0.9310
vn 0.0058 -0.3601 0.9329
vn 0.3137 -0.8335 0.4549
vn 0.3053 -0.8398 0.4489
vn 0.1732 -0.8923 0.4170
vn 0.8103 -0.4746 0.3436
vn 0.7303 -0.6097 0.3081
vn -0.1493 -0.7869 0.5988
vn 0.5390 -0.8038 0.2518
vn 0.2145 -0.8096 0.5464
vn 0.0487 -0.8349 0.5482
vn 0.8212 -0.4851 0.3006
vn -0.0660 -0.8256 0.5603
vn -0.0412 -0.8053 0.5914
vn -0.3813 -0.6342 0.6727
vn -0.7196 -0.1515 0.6776
vn -0.5671 -0.4596 0.6835
vn -0.6001 -0.3214 0.7326
vn -0.7267 -0.1128 0.6777
vn -0.5160 -0.4612 0.7218
vn -0.9597 -0.2801 0.0235
vn -0.9453 -0.3211 0.0571
vn -0.6913 0.2506 -0.6777
vn -0.1861 0.2721 0.9441
vn -0.8808 -0.2754 0.3851
vn -0.9277 -0.1567 0.3387
vn -0.9756 -0.1870 -0.1154
vn -0.8035 -0.3211 -0.5014
vn -0.8794 -0.2396 -0.4114
vn -0.8531 -0.2198 -0.4731
vn -0.8145 -0.3200 -0.4840
vn -0.1220 0.3507 -0.9285
vn -0.8304 0.4928 -0.2599
vn -0.6849 -0.4369 -0.5832
vn -0.6636 -0.4081 -0.6270
vn -0.3769 -0.5693 -0.7307
vn 0.1528 -0.6918 -0.7057
vn -0.1946 -0.6529 -0.7320
vn -0.1424 -0.6643 -0.7338
vn 0.0715 -0.7043 -0.7063
vn -0.2788 -0.6503 -0.7067
vn 0.7379 0.3158 -0.5964
vn -0.2022 -0.7496 -0.6303
vn 0.8017 -0.5155 -0.3025
vn 0.9717 -0.0646 -0.2271
vn 0.5435 -0.7946 0.2708
vn 0.6351 -0.7216 0.2758
vn -0.1287 0.0620 -0.9897
vn -0.0672 -0.8674 -0.4930
vn 0.0081 -0.8302 -0.5575
vn 0.2217 -0.9714 -0.0849
vn 0.1396 -0.9902 -0.0105
vn 0.1056 -0.9942 0.0216
vn 0.2118 -0.9760 -0.0506
vn 0.0881 -0.9795 0.1813
vn 0.1948 -0.9584 0.2087
vn 0.0558 -0.8681 0.4933
vn -0.0097 -0.9099 0.4148
vn -0.0244 0.0378 0.9990
vn 0.9081 0.2163 -0.3586
vn 0.2386 -0.1071 0.9652
vn 0.9125 0.1951 -0.3595
vn 0.4895 0.1814 -0.8529
vn 0.7007 0.2991 0.6478
vn 0.6615 0.3832 0.6446
vn -0.1063 0.7760 -0.6217
vn -0.1936 0.4637 0.8646
vn -0.1879 0.7572 -0.6256
vn -0.0896 0.4703 -0.8779
vn -0.2654 0.7511 0.6045
vn -0.3416 0.7226 0.6010
vn -0.7736 -0.1616 -0.6127
vn -0.4470 -0.1972 0.8725
vn -0.7495 -0.2425 -0.6159
vn -0.0704 -0.1846 -0.9803
vn -0.8220 -0.4809 0.3050
vn -0.8325 -0.4629 0.3044
vn 0.1526 -0.9545 -0.2560
vn -0.1424 -0.1294 0.9813
vn 0.1625 -0.9530 -0.2556
vn 0.1920 0.0127 -0.9813
vn 0.5736 -0.7782 0.2557
vn 0.5814 -0.7722 0.2561
vn -0.9989 -0.0474 -0.0025
vn -0.9988 -0.0480 -0.0035
vn -0.7460 0.2790 0.6047
vn -0.7078 0.0286 0.7059
vn -0.9931 -0.0789 0.0863
vn -0.9899 -0.0920 0.1076
vn 0.2882 -0.6485 -0.7045
vn 0.2641 -0.9606 -0.0869
vn 0.2501 -0.9618 -0.1113
vn -1.0000 0.0036 -0.0078
vn -0.7429 0.1189 0.6588
vn -0.7242 0.3091 -0.6165
vn -0.7543 -0.0064 -0.6565
vn -0.7278 0.1421 0.6709
vn -0.6432 0.4048 0.6500
vn -0.6283 0.0965 -0.7720
vn -0.6972 0.4606 0.5493
vn -0.4659 0.4252 -0.7760
vn -0.4161 0.6911 -0.5909
vn -0.4558 0.4844 0.7467
vn -0.1531 0.6390 0.7538
vn -0.2751 0.6124 -0.7412
vn -0.0896 0.7904 0.6060
vn 0.0568 0.6758 -0.7349
vn 0.1649 0.7915 -0.5884
vn 0.0326 0.6650 0.7461
vn 0.3733 0.5509 0.7465
vn 0.1966 0.6366 -0.7457
vn 0.5539 0.5964 0.5810
vn 0.4690 0.4602 -0.7538
vn 0.6951 0.3712 -0.6157
vn 0.5945 0.3486 0.7246
vn 0.6962 0.0351 0.7170
vn 0.6277 0.2643 -0.7322
vn 0.7957 0.0086 0.6057
vn 0.6750 -0.0929 -0.7319
vn 0.7559 -0.2481 -0.6058
vn 0.6739 -0.0475 0.7373
vn 0.5695 -0.3388 0.7489
vn 0.5503 -0.3281 -0.7678
vn 0.6295 -0.5156 0.5813
vn 0.3175 -0.5886 -0.7435
vn 0.3129 -0.7487 -0.5844
vn 0.4508 -0.4901 0.7460
vn 0.1304 -0.6290 0.7664
vn 0.5682 -0.6098 -0.5525
vn 0.3002 -0.9532 0.0371
vn 0.2995 -0.9533 0.0384
vn 0.5173 -0.4105 0.7509
vn 0.3987 -0.5265 0.7509
vn -0.6042 0.4112 0.6825
vn -0.5782 -0.3190 0.7509
vn 0.5154 0.5181 0.6825
vn -0.4914 -0.4412 0.7509
vn 0.6128 -0.2464 0.7508
vn -0.6166 0.3923 0.6826
vn -0.7261 0.0824 0.6827
vn 0.0301 -0.0590 0.9978
vn -0.2990 0.5533 0.7775
vn -0.1458 0.6116 0.7776
vn 0.5435 -0.3752 0.7509
vn -0.2547 0.6850 0.6825
vn -0.5415 0.4909 0.6825
vn -0.4456 -0.4874 0.7509
vn 0.7128 0.1615 0.6825
vn 0.5693 0.4583 0.6825
vn 0.6309 0.1695 0.7571
vn -0.7225 -0.0595 0.6888
vn -0.6484 -0.1838 0.7387
vn 0.6091 0.1922 0.7694
vn -0.6537 -0.2192 0.7243
vn 0.5345 0.3499 0.7694
vn -0.1985 -0.6299 0.7509
vn 0.4300 0.5910 0.6825
vn 0.0471 0.7293 0.6825
vn 0.0169 0.1332 0.9909
vn -0.0145 0.7197 0.6942
vn -0.0409 0.0828 0.9957
vn -0.6027 0.2937 0.7420
vn 0.1399 -0.7232 0.6763
vn 0.4500 -0.5759 0.6825
vn -0.0138 0.6638 0.7478
vn 0.0642 0.0561 0.9964
vn 0.0293 0.0771 0.9966
vn -0.1621 0.5876 0.7927
vn 0.1437 0.0456 0.9886
vn 0.1431 -0.0411 0.9889
vn -0.5598 0.3505 0.7509
vn 0.5984 -0.4195 0.6825
vn 0.7233 -0.1044 0.6825
vn -0.6195 0.2574 0.7416
vn 0.0574 -0.4410 0.8957
vn 0.1403 -0.4597 0.8769
vn -0.4073 0.5201 -0.7508
vn 0.6350 -0.3617 -0.6826
vn 0.3663 -0.6322 -0.6827
vn -0.3840 -0.5373 -0.7509
vn 0.2337 0.6925 -0.6825
vn 0.5445 0.4874 -0.6825
vn -0.5697 -0.3341 -0.7509
vn 0.5740 0.4524 -0.6825
vn -0.6363 -0.1767 -0.7509
vn -0.6584 -0.0522 -0.7509
vn 0.6643 0.3047 -0.6825
vn 0.7280 -0.0641 -0.6825
vn 0.0785 -0.6557 -0.7509
vn 0.2166 0.6980 -0.6825
vn -0.0911 -0.6541 -0.7509
vn -0.0097 -0.6603 -0.7509
vn -0.2392 0.6906 -0.6825
vn 0.0878 0.7255 -0.6825
vn -0.2551 0.6094 -0.7507
vn 0.3210 -0.6514 -0.6875
vn -0.1072 0.6519 -0.7507
vn -0.2080 0.6088 -0.7655
vn 0.3032 -0.6722 -0.6755
vn 0.1393 -0.6731 -0.7263
vn 0.0666 0.0754 -0.9949
vn 0.0859 0.0471 -0.9952
vn -0.0215 0.1275 -0.9916
vn -0.0397 0.1091 -0.9932
vn 0.1324 -0.0355 -0.9906
vn 0.0496 0.0256 -0.9984
vn 0.5474 -0.3601 -0.7555
vn -0.7291 0.1152 -0.6746
vn -0.5318 0.5060 -0.6791
vn 0.0101 -0.0168 -0.9998
vn -0.0158 -0.0118 -0.9998
vn 0.6593 0.0915 -0.7463
vn -0.5917 -0.1082 -0.7989
vn 0.0864 -0.0916 -0.9920
vn 0.0338 0.1592 -0.9867
vn 0.4960 -0.4158 -0.7623
vn -0.4290 -0.1046 -0.8972
vn -0.4825 0.0444 -0.8748
vn 0.5062 -0.8521 -0.1327
vn 0.9099 -0.3088 0.2771
vn 0.8701 -0.3098 0.3834
vn 0.4331 -0.9004 0.0414
vn 0.8994 -0.3185 -0.2994
vn 0.9286 -0.3004 -0.2178
vn -0.2498 -0.7972 -0.5495
vn 0.5642 -0.5922 -0.5753
vn -0.0998 -0.9763 -0.1919
vn 0.7241 -0.2929 -0.6244
vn -0.0453 -0.2484 -0.9676
vn 0.7060 -0.2050 -0.6779
vn 0.5152 -0.0067 -0.8570
vn -0.0340 -0.6348 -0.7719
vn 0.4547 0.0485 -0.8893
vn -0.4581 -0.5672 -0.6844
vn 0.2233 -0.1454 -0.9639
vn -0.2355 -0.7664 -0.5976
vn -0.3548 -0.3942 -0.8478
vn 0.1551 0.2517 -0.9553
vn 0.2349 0.2077 -0.9496
vn -0.5720 -0.5651 -0.5945
vn -0.1470 0.0548 -0.9876
vn -0.3355 -0.6964 -0.6344
vn -0.0474 0.5010 -0.8642
vn -0.2750 -0.3004 -0.9133
vn -0.1764 0.5304 -0.8292
vn -0.8837 -0.3409 -0.3209
vn -0.5565 0.2884 -0.7792
vn -0.6774 -0.5164 -0.5238
vn -0.9112 0.0046 -0.4120
vn -0.4759 0.6816 -0.5558
vn -0.4438 0.6499 -0.6170
vn -0.7391 -0.0339 -0.6727
vn -0.6496 0.6913 -0.3166
vn -0.6238 0.6900 -0.3671
vn -0.9265 -0.2792 0.2524
vn -0.8502 0.5262 0.0176
vn -0.9217 -0.3573 -0.1511
vn -0.8825 0.0587 0.4666
vn -0.5454 0.7824 0.3008
vn -0.5807 0.7900 0.1965
vn -0.5576 -0.5662 0.6070
vn -0.5444 0.2603 0.7974
vn -0.7822 -0.4478 0.4332
vn 0.0461 -0.2919 0.9553
vn -0.4009 0.3434 0.8493
vn -0.4552 0.3620 0.8135
vn -0.3312 -0.2295 0.9152
vn 0.2298 0.4004 0.8871
vn 0.1613 0.4615 0.8724
vn -0.2060 -0.8800 0.4280
vn -0.0057 -0.2573 0.9663
vn -0.5223 -0.7136 0.4669
vn 0.0002 -0.6907 0.7231
vn 0.4070 0.0119 0.9133
vn 0.3550 0.0526 0.9334
vn -0.0747 -0.3822 0.9211
vn 0.6961 -0.0963 0.7115
vn 0.6431 -0.0146 0.7656
vn 0.0186 -0.9949 0.0992
vn 0.5717 -0.6030 0.5564
vn -0.1909 -0.8904 0.4132
vn 0.0640 -0.9426 0.3277
vn 0.1820 -0.9717 0.1508
vn 0.1033 -0.9891 0.1050
vn -0.6584 -0.4492 -0.6040
vn -0.8564 -0.2432 -0.4554
vn -0.9161 -0.2544 -0.3099
vn -0.8978 -0.2953 0.3266
vn -0.9399 -0.1808 0.2895
vn -0.9253 -0.1972 -0.3239
vn -0.8607 -0.2405 -0.4487
vn -0.6943 -0.3615 -0.6223
vn -0.6292 -0.4452 -0.6371
vn -0.1290 -0.7913 -0.5977
vn -0.4481 -0.5376 -0.7143
vn -0.3002 -0.6432 -0.7044
vn -0.1333 -0.7881 -0.6010
vn -0.3152 -0.6296 -0.7101
vn -0.5503 -0.4947 -0.6727
vn -0.2185 -0.7307 -0.6468
vn -0.3849 -0.5804 -0.7176
vn -0.0993 -0.7822 -0.6151
vn 0.0634 -0.9319 -0.3572
vn -0.0367 -0.8249 -0.5641
vn -0.1938 -0.7551 -0.6263
vn -0.1069 -0.8386 0.5341
vn -0.0209 -0.8275 -0.5610
vn 0.1954 -0.9803 0.0272
vn 0.0032 -0.9082 0.4186
vn 0.1759 -0.9696 0.1699
vn -0.0768 -0.7934 0.6038
vn -0.3387 -0.6650 0.6656
vn -0.0979 -0.7767 0.6222
vn -0.0049 -0.8900 0.4559
vn -0.7077 -0.3839 0.5931
vn -0.1804 -0.7244 0.6654
vn -0.5535 -0.4640 0.6916
vn -0.8051 -0.3145 0.5029
vn -0.6221 -0.4161 0.6632
vn -0.4458 -0.5692 0.6908
vn -0.9151 -0.2485 -0.3175
vn -0.5824 -0.4372 0.6853
vn -0.9412 -0.1792 0.2865
vn -0.9135 -0.2497 -0.3213
vn -0.9867 -0.1497 0.0637
vn -0.9500 -0.2386 0.2014
vn 0.2003 -0.9771 -0.0714
vn 0.1043 -0.9045 0.4134
vn -0.0727 -0.7882 0.6111
vn 0.0344 -0.8633 -0.5035
vn -0.2411 -0.6735 0.6988
vn -0.1496 -0.7388 -0.6571
vn -0.1881 -0.7158 -0.6725
vn -0.3036 -0.6340 0.7112
vn -0.5177 -0.4839 0.7056
vn -0.2621 -0.6644 -0.6999
vn -0.6495 -0.3906 0.6524
vn -0.4272 -0.5475 -0.7195
vn -0.6516 -0.3852 -0.6534
vn -0.5505 -0.4550 0.6999
vn -0.7951 -0.2806 -0.5377
vn -0.8218 -0.2561 -0.5090
vn -0.6939 -0.3465 0.6312
vn -0.9012 -0.1902 0.3896
vn -0.3110 0.3476 -0.8846
vn -0.0180 0.1369 -0.9904
vn -0.0107 0.1579 -0.9874
vn -0.0080 0.0401 0.9992
vn 0.0256 0.0137 0.9996
vn -0.2936 0.1700 0.9407
vn -0.5568 0.8254 -0.0932
vn -0.1805 0.9833 -0.0237
vn -0.5637 0.8255 -0.0286
vn -0.5832 0.8046 0.1116
vn -0.2135 0.9706 0.1113
vn -0.2185 0.9751 0.0372
vn 0.9562 -0.2782 0.0907
vn 0.9913 0.1294 0.0249
vn 0.9582 -0.2845 0.0302
vn 0.9581 -0.2860 -0.0191
vn 0.9927 0.1161 -0.0341
vn 0.9920 0.1160 0.0499
vn 0.3253 -0.2264 0.9181
vn 0.0654 0.0095 0.9978
vn 0.1078 -0.0029 0.9942
vn -0.2229 0.3585 0.9065
vn -0.1959 0.2898 0.9368
vn -0.3685 0.1943 0.9091
vn -0.2298 0.9174 0.3249
vn -0.4121 0.5373 0.7359
vn -0.4565 0.6019 0.6552
vn -0.1816 0.1559 -0.9709
vn -0.2290 0.3839 -0.8945
vn -0.0798 0.6881 -0.7212
vn 0.1538 0.2230 0.9626
vn 0.0430 -0.1457 0.9884
vn -0.0603 -0.1301 0.9897
vn 0.4173 -0.1068 0.9025
vn 0.3319 -0.3837 0.8617
vn 0.4159 -0.1018 0.9037
vn 0.1979 -0.0705 -0.9777
vn 0.1231 -0.0645 -0.9903
vn 0.0801 -0.2581 -0.9628
vn 0.9418 0.0892 -0.3240
vn 0.6442 -0.2080 -0.7361
vn 0.7199 -0.2285 -0.6554
vn 0.6615 0.3833 0.6446
vn -0.7495 -0.2425 -0.6160
vn -0.2019 0.9415 0.2698
vn -0.5767 0.8016 0.1578
vn -0.5897 0.7456 0.3104
vn -0.0647 0.9540 0.2928
vn -0.1155 0.9856 0.1237
vn -0.0857 0.9847 0.1518
vn 0.7701 0.3690 -0.5204
vn 0.8271 0.3094 -0.4692
vn 0.8438 0.0974 -0.5278
vn 0.0426 0.7478 -0.6625
vn 0.0878 0.9611 -0.2618
vn 0.1912 0.9229 -0.3343
vn -0.0502 0.6968 -0.7155
vn 0.2883 0.7870 -0.5455
vn 0.3191 0.7555 -0.5721
vn 0.0096 0.8622 0.5065
vn 0.0565 0.8552 0.5152
vn 0.0144 0.8538 0.5205
vn 0.8431 0.2227 0.4895
vn 0.7739 0.1238 0.6210
vn 0.9097 0.2478 0.3333
vn 0.9628 0.2579 -0.0811
vn 0.9171 -0.0534 -0.3950
vn 0.9582 0.2389 -0.1572
vn 0.9915 0.1155 -0.0605
vn 0.9728 0.2259 0.0519
vn 0.9223 0.2549 0.2904
vn 0.9782 -0.0484 0.2017
vn 0.9639 0.1355 0.2291
vn 0.9217 -0.0941 0.3763
vn -0.2201 0.2504 -0.9428
vn -0.3114 0.1387 -0.9401
vn -0.3007 0.2345 -0.9244
vn -0.3916 0.2902 -0.8732
vn -0.1102 0.1314 -0.9852
vn -0.3297 0.2841 -0.9003
vn 0.3506 -0.2130 -0.9120
vn 0.3939 -0.1608 -0.9050
vn 0.3500 -0.1259 -0.9283
vn 0.3282 -0.1149 0.9376
vn 0.3654 -0.1555 0.9178
vn 0.3230 -0.1971 0.9257
vn -0.2797 0.2195 0.9346
vn -0.2468 0.2789 0.9281
vn -0.2000 0.2556 0.9459
vn 0.1719 0.7664 0.6189
vn 0.0800 0.5758 0.8137
vn 0.0408 0.5837 0.8109
vn 0.0963 0.6959 0.7117
vn -0.1798 0.6829 0.7081
vn 0.0189 0.8091 0.5874
vn 0.0235 0.8262 0.5628
vn -0.0217 0.6391 0.7688
vn -0.0530 0.6632 0.7465
vn 0.2278 0.5058 0.8320
vn 0.3807 0.6112 0.6939
vn 0.3467 0.6573 0.6691
vn 0.3266 0.6768 0.6597
vn 0.3111 0.4505 0.8368
vn 0.3287 0.4363 0.8376
vn 0.7222 0.2015 0.6617
vn 0.6034 0.0655 0.7948
vn 0.5258 0.1074 0.8438
vn 0.5134 0.2347 0.8254
vn 0.6209 0.4299 0.6555
vn 0.6016 0.4452 0.6632
vn 0.6389 0.4174 -0.6463
vn 0.5381 0.2150 -0.8150
vn 0.6276 0.4443 -0.6393
vn 0.6483 0.2790 -0.7084
vn 0.8271 0.1409 -0.5441
vn 0.8521 0.3521 -0.3872
vn 0.3570 0.4685 -0.8081
vn 0.3397 0.2094 -0.9169
vn 0.3856 0.2224 -0.8955
vn 0.3532 0.6571 -0.6659
vn 0.3716 0.4177 -0.8291
vn 0.3533 0.6671 -0.6558
vn 0.2401 0.6567 -0.7149
vn 0.3678 0.4123 -0.8335
vn 0.3377 0.4110 -0.8468
vn 0.1368 0.7395 -0.6592
vn -0.0872 0.6111 -0.7867
vn 0.1082 0.7516 -0.6506
vn 0.0955 0.7551 -0.6486
vn -0.0867 0.5936 -0.8001
vn -0.0541 0.5685 -0.8209
vn 0.1904 0.6533 -0.7328
vn -0.0573 0.6200 -0.7825
vn -0.0464 0.5823 -0.8116
vn -0.1996 0.6223 -0.7569
vn -0.0713 0.9043 -0.4209
vn -0.2415 0.6422 -0.7275
vn 0.5870 0.3061 0.7495
vn 0.6701 0.1808 0.7199
vn 0.7147 0.1735 0.6776
vn 0.6634 0.0559 0.7462
vn 0.7749 0.0369 0.6310
vn 0.7076 0.0358 0.7057
vn -0.9342 0.0042 -0.3567
vn -0.7303 0.2621 -0.6309
vn -0.8662 -0.0404 -0.4981
vn -0.1254 -0.6484 0.7509
vn -0.6557 -0.3445 0.6719
vn 0.4881 -0.5571 0.6719
vn 0.3863 -0.5356 0.7509
vn 0.5582 -0.4868 0.6719
vn 0.4581 -0.4758 0.7509
vn 0.5088 -0.4210 0.7509
vn 0.1466 -0.7260 0.6719
vn 0.7375 -0.0684 0.6719
vn 0.6431 0.1503 0.7509
vn 0.7364 0.0795 0.6719
vn 0.5669 0.3387 0.7509
vn 0.7390 -0.0505 0.6719
vn 0.0733 0.7370 0.6719
vn 0.4303 0.5010 0.7509
vn 0.0392 0.6593 0.7509
vn 0.3590 0.6479 0.6719
vn -0.2245 0.6211 0.7509
vn -0.0720 0.6565 0.7509
vn 0.2870 0.6828 0.6719
vn -0.3881 0.6309 0.6719
vn -0.6583 -0.0523 0.7509
vn -0.6188 0.4070 0.6719
vn -0.5379 -0.3832 0.7509
vn -0.6316 -0.1929 0.7509
vn -0.7277 0.1379 0.6719
vn -0.7114 -0.2060 0.6719
vn 0.6107 0.2513 -0.7509
vn 0.2050 0.7117 -0.6719
vn 0.6501 -0.3550 -0.6719
vn 0.6542 0.0908 -0.7509
vn 0.7126 -0.2020 -0.6719
vn 0.6604 -0.0044 -0.7509
vn 0.3315 -0.5712 -0.7509
vn 0.7402 0.0254 -0.6719
vn -0.4083 -0.6180 -0.6719
vn -0.0499 -0.6585 -0.7509
vn -0.5014 -0.5452 -0.6719
vn -0.0380 -0.6593 -0.7509
vn 0.2295 -0.7042 -0.6719
vn -0.7367 0.0764 -0.6719
vn -0.4748 -0.4590 -0.7509
vn -0.5895 -0.2978 -0.7509
vn -0.6442 -0.3655 -0.6719
vn -0.6408 -0.1599 -0.7509
vn -0.6275 0.2058 -0.7509
vn -0.5820 -0.4581 -0.6719
vn -0.1404 0.7272 -0.6719
vn -0.1666 0.6391 -0.7509
vn 0.0080 0.7406 -0.6719
vn -0.0850 0.6549 -0.7509
vn -0.1386 0.6457 -0.7509
vn -0.5075 0.5394 -0.6719
vn -0.0257 0.7402 -0.6719
vn 0.6852 0.1590 0.7108
vn 0.8069 0.1394 -0.5740
vn 0.3858 0.7398 0.5512
vn 0.4992 0.6491 0.5740
vn 0.8343 -0.0030 -0.5513
vn 0.4598 0.5324 -0.7108
vn -0.0311 0.6974 0.7161
vn 0.0276 0.8272 -0.5613
vn -0.6795 0.5064 0.5309
vn -0.5687 0.5139 0.6423
vn 0.2552 0.8923 -0.3723
vn -0.1729 0.7978 -0.5777
vn -0.8156 0.3722 0.4431
vn -0.5542 0.0735 -0.8291
vn -0.6929 -0.5102 -0.5095
vn -0.7379 0.4427 0.5095
vn -0.7770 -0.4470 -0.4433
vn -0.5447 -0.1253 0.8292
vn -0.1374 -0.7946 0.5914
vn -0.5425 -0.5465 -0.6380
vn 0.2652 -0.8730 0.4094
vn 0.0439 -0.8113 0.5830
vn -0.6439 -0.5425 -0.5395
vn -0.0185 -0.7110 -0.7029
vn 0.3754 -0.6096 0.6982
vn 0.3819 -0.7067 -0.5956
vn 0.8078 -0.1694 0.5646
vn 0.7543 -0.2940 0.5870
vn 0.2695 -0.7730 -0.5744
vn 0.6513 -0.2788 -0.7057
vn -0.4320 -0.9010 0.0382
vn -0.6122 -0.7897 0.0392
vn -0.5836 -0.8029 0.1215
vn 0.7730 -0.0796 0.6294
vn 0.9974 -0.0375 0.0609
vn 0.7274 -0.1671 0.6656
vn 0.6283 0.7617 0.1585
vn 0.6130 0.7872 0.0674
vn 0.7636 0.6432 0.0563
vn 0.5848 0.8024 0.1192
vn 0.7153 0.6972 0.0483
vn 0.6925 0.6818 0.2357
vn -0.0626 0.9969 -0.0476
vn -0.2943 0.8731 -0.3887
vn -0.3695 0.9243 -0.0959
vn -0.1855 0.9818 -0.0406
vn -0.1820 0.9128 -0.3656
vn -0.3452 0.8368 -0.4250
vn -0.9900 0.1405 0.0130
vn -0.9296 0.0880 -0.3578
vn -0.9735 -0.2276 -0.0216
vn -0.9247 -0.0924 -0.3693
vn -0.9145 -0.2199 -0.3395
vn -0.8834 -0.4572 -0.1026
vn -0.0941 -0.9938 -0.0594
vn -0.3008 -0.9416 0.1513
vn -0.1639 -0.9516 0.2599
vn 0.6165 -0.7582 0.2121
vn 0.4098 -0.3372 0.8476
vn 0.7889 -0.5800 0.2030
vn -0.8530 0.5048 0.1328
vn -0.5441 0.2152 0.8109
vn -0.9580 0.2574 0.1267
vn -0.9893 0.0498 -0.1369
vn -0.7750 -0.0373 0.6309
vn -0.8033 -0.1485 0.5768
vn -0.5872 -0.8090 0.0276
vn -0.4080 -0.9120 0.0425
vn -0.4005 -0.9160 0.0254
vn -0.2877 -0.9408 -0.1794
vn -0.4178 -0.9078 0.0365
vn -0.4045 -0.9095 -0.0953
vn 0.8483 -0.5294 0.0124
vn 0.6288 -0.6418 -0.4390
vn 0.7858 -0.4472 -0.4273
vn 0.8548 -0.5136 0.0744
vn 0.8849 -0.3478 -0.3098
vn 0.9951 -0.0242 0.0959
vn 0.8641 0.3997 -0.3058
vn 0.8286 0.4944 -0.2628
vn 0.8037 0.5943 -0.0296
vn 0.3643 0.9313 -0.0014
vn 0.3884 0.8462 0.3648
vn 0.1725 0.9850 0.0002
vn -0.0457 0.9982 -0.0375
vn 0.0639 0.9142 0.4001
vn -0.1291 0.8618 0.4906
vn -0.5872 -0.8095 -0.0058
vn -0.4012 -0.9160 0.0029
vn -0.4320 -0.9006 -0.0482
vn 0.2388 0.9148 -0.3258
vn 0.2673 0.9634 -0.0189
vn 0.1114 0.9076 -0.4047
vn 0.3422 0.9330 -0.1115
vn 0.3270 0.9253 0.1918
vn 0.0951 0.9818 0.1645
vn 0.9065 0.4218 0.0158
vn 0.9100 0.2793 0.3064
vn 0.9251 0.1020 0.3658
vn 0.9961 0.0360 -0.0803
vn 0.9207 -0.2531 0.2971
vn 0.8854 -0.4527 -0.1054
vn 0.5823 -0.6734 0.4555
vn 0.4917 -0.7427 0.4546
vn 0.3789 -0.9216 0.0842
vn -0.5022 -0.8647 -0.0035
vn -0.3073 -0.9406 0.1447
vn -0.4488 -0.8922 0.0495
vn -0.9994 -0.0046 -0.0339
vn -0.8611 -0.1715 -0.4786
vn -0.8253 -0.0064 -0.5646
vn -0.9525 0.2676 -0.1453
vn -0.5639 0.1675 -0.8087
vn -0.8424 0.5153 -0.1573
vn 0.7612 0.6445 -0.0713
vn 0.6107 0.7887 -0.0712
vn 0.6111 0.7751 -0.1606
vn 0.8289 -0.5417 -0.1397
vn 0.4209 -0.4002 -0.8141
vn 0.6605 -0.7395 -0.1301
vn 0.6563 -0.7541 -0.0256
vn 0.4105 -0.5156 -0.7521
vn 0.3282 -0.6111 -0.7203
vn -0.4066 -0.9136 -0.0099
vn -0.2915 -0.9208 -0.2592
vn -0.4107 -0.8964 -0.1666
vn -0.4312 -0.9002 -0.0610
vn -0.6098 -0.7826 -0.1254
vn -0.6119 -0.7882 -0.0660
vn -0.8361 -0.5433 0.0761
vn -0.8912 -0.3199 0.3215
vn -0.9120 -0.1812 0.3680
vn -0.9696 -0.2440 0.0175
vn -0.9383 0.0226 0.3451
vn -0.9930 0.1146 -0.0271
vn -0.2553 0.9633 0.0833
vn -0.3360 0.8645 0.3737
vn 0.0404 0.9906 0.1310
vn 0.1090 0.9851 0.1329
vn -0.3009 0.8721 0.3860
vn -0.1473 0.9289 0.3396
vn 0.7770 0.6294 -0.0113
vn 0.7402 0.6553 -0.1507
vn 0.8063 0.5372 -0.2477
s 0
f 1//1 10//2 2//3
f 7//4 3//5 2//6
f 2//7 3//8 1//9
f 5//10 6//11 4//12
f 5//13 4//14 3//15
f 2//16 8//17 7//18
f 8//19 6//20 5//21
f 8//22 5//23 7//24
f 10//25 9//26 8//27
f 9//28 10//29 1//30
f 19//31 11//32 12//33
f 12//34 11//35 13//36
f 13//37 21//38 18//39
f 18//40 14//41 13//42
f 13//43 14//44 12//45
f 12//46 14//47 15//48
f 16//49 15//50 17//51
f 17//52 15//53 18//54
f 19//55 20//56 21//57
f 20//58 19//59 12//60
f 8//61 9//62 6//63
f 6//64 9//65 22//66
f 6//67 22//68 23//69
f 25//70 24//71 22//72
f 22//73 24//74 26//75
f 22//76 26//77 23//78
f 26//79 27//80 23//81
f 27//82 29//83 30//84
f 29//85 27//86 25//87
f 25//88 27//89 24//90
f 27//91 30//92 31//93
f 27//94 31//95 23//96
f 31//97 32//98 23//99
f 23//100 32//101 28//102
f 28//103 32//104 29//105
f 29//106 25//107 28//108
f 28//109 25//110 33//111
f 28//112 33//113 34//114
f 34//115 33//116 35//117
f 36//118 44//119 37//120
f 44//121 36//122 39//123
f 40//124 39//125 41//126
f 40//127 41//128 33//129
f 33//130 41//131 42//132
f 37//133 33//134 42//135
f 37//136 42//137 36//138
f 33//139 37//140 35//141
f 35//142 37//143 43//144
f 43//145 38//146 35//147
f 43//148 44//149 38//150
f 44//151 39//152 40//153
f 44//154 40//155 38//156
f 38//157 40//158 45//159
f 38//160 45//161 16//162
f 16//163 45//164 12//165
f 16//166 12//167 15//168
f 18//169 21//170 20//171
f 18//172 20//173 17//174
f 17//175 20//176 1//177
f 17//178 1//179 4//180
f 4//181 1//182 3//183
f 48//184 54//185 49//186
f 48//187 49//188 50//189
f 50//190 49//191 47//192
f 47//193 46//194 50//195
f 46//196 51//197 50//198
f 52//199 51//200 20//201
f 20//202 51//203 53//204
f 54//205 46//206 47//207
f 46//208 54//209 53//210
f 30//211 55//212 56//213
f 56//214 62//215 30//216
f 62//217 56//218 57//219
f 24//220 55//221 59//222
f 57//223 24//224 58//225
f 58//226 24//227 59//228
f 55//229 30//230 59//231
f 30//232 60//233 59//234
f 28//235 60//236 61//237
f 60//238 62//239 61//240
f 63//241 64//242 65//243
f 66//244 65//245 67//246
f 65//247 66//248 68//249
f 69//250 68//251 70//252
f 69//253 70//254 4//255
f 66//256 67//257 72//258
f 66//259 72//260 71//261
f 71//262 72//263 64//264
f 71//265 64//266 63//267
f 51//268 52//269 50//270
f 50//271 52//272 73//273
f 73//274 52//275 74//276
f 75//277 79//278 42//279
f 75//280 42//281 74//282
f 42//283 76//284 74//285
f 80//286 77//287 74//288
f 74//289 77//290 78//291
f 80//292 74//293 76//294
f 80//295 76//296 35//297
f 76//298 39//299 35//300
f 35//301 39//302 79//303
f 78//304 80//305 73//306
f 74//307 78//308 73//309
f 73//310 80//311 35//312
f 79//313 75//314 35//315
f 35//316 75//317 34//318
f 34//319 75//320 59//321
f 34//322 59//323 28//324
f 28//325 59//326 60//327
f 62//328 57//329 58//330
f 62//331 58//332 61//333
f 61//334 58//335 69//336
f 69//337 58//338 63//339
f 69//340 63//341 65//342
f 69//343 65//344 68//345
f 53//346 54//347 48//348
f 53//349 48//350 20//351
f 20//352 48//353 4//354
f 20//355 4//356 71//357
f 71//358 4//359 70//360
f 71//361 70//362 66//363
f 73//364 16//365 50//366
f 50//367 16//368 48//369
f 48//370 16//371 17//372
f 48//373 17//374 4//375
f 4//376 6//377 69//378
f 69//379 6//380 23//381
f 69//382 23//383 61//384
f 61//385 23//386 28//387
f 73//388 35//389 38//390
f 73//391 38//392 16//393
f 58//394 22//395 63//396
f 63//397 22//398 9//399
f 63//400 9//401 71//402
f 71//403 9//404 1//405
f 71//406 1//407 20//408
f 20//409 12//410 52//411
f 52//412 12//413 45//414
f 52//415 45//416 74//417
f 74//418 45//419 40//420
f 74//421 40//422 75//423
f 75//424 40//425 33//426
f 75//427 33//428 59//429
f 59//430 33//431 25//432
f 59//433 25//434 58//435
f 58//436 25//437 22//438
f 15//439 47//440 49//441
f 15//442 49//443 18//444
f 18//445 49//446 54//447
f 18//448 54//449 14//450
f 14//451 54//452 47//453
f 14//454 47//455 15//456
f 43//457 80//458 44//459
f 44//460 80//461 78//462
f 44//463 78//464 77//465
f 44//466 77//467 37//468
f 37//469 77//470 80//471
f 37//472 80//473 43//474
f 3//475 70//476 5//477
f 5//478 70//479 68//480
f 5//481 68//482 7//483
f 7//484 68//485 66//486
f 7//487 66//488 3//489
f 3//490 66//491 70//492
f 31//493 62//494 32//495
f 32//496 62//497 60//498
f 32//499 60//500 29//501
f 29//502 60//503 30//504
f 31//505 30//506 62//507
f 10//508 72//509 2//510
f 72//511 67//512 2//513
f 2//514 67//515 8//516
f 8//517 67//518 65//519
f 8//520 65//521 10//522
f 10//523 65//524 64//525
f 10//526 64//527 72//528
f 26//529 57//530 56//531
f 26//532 56//533 27//534
f 27//535 56//536 55//537
f 27//538 55//539 24//540
f 24//541 57//542 26//543
f 13//544 51//545 46//546
f 13//547 46//548 21//549
f 21//550 53//551 19//552
f 21//553 46//554 53//555
f 51//556 11//557 53//558
f 53//559 11//560 19//561
f 11//562 51//563 13//564
f 42//565 79//566 36//567
f 36//568 79//569 39//570
f 39//571 76//572 41//573
f 41//574 76//575 42//576
f 89//577 91//578 81//579
f 230//580 86//581 82//582
f 94//583 95//584 83//585
f 83//586 95//587 96//588
f 84//589 98//590 85//591
f 86//592 87//593 82//594
f 88//595 230//596 82//597
f 90//598 89//599 81//600
f 91//601 92//602 81//603
f 93//604 94//605 83//606
f 97//607 84//608 85//609
f 98//610 99//611 85//612
f 100//613 82//614 101//615
f 112//616 115//617 111//618
f 119//619 117//620 116//621
f 118//622 117//623 115//624
f 118//625 115//626 112//627
f 119//628 113//629 114//630
f 113//631 119//632 116//633
f 121//634 120//635 122//636
f 124//637 127//638 123//639
f 124//640 123//641 122//642
f 125//643 120//644 121//645
f 126//646 125//647 128//648
f 128//649 125//650 121//651
f 124//652 126//653 127//654
f 129//655 132//656 130//657
f 131//658 130//659 134//660
f 110//661 133//662 135//663
f 110//664 135//665 129//666
f 129//667 135//668 132//669
f 134//670 130//671 136//672
f 134//673 136//674 133//675
f 139//676 138//677 110//678
f 110//679 138//680 137//681
f 140//682 142//683 141//684
f 139//685 142//686 138//687
f 140//688 144//689 143//690
f 144//691 140//692 141//693
f 117//694 118//695 116//696
f 116//697 118//698 131//699
f 131//700 118//701 129//702
f 131//703 129//704 130//705
f 133//706 110//707 134//708
f 134//709 110//710 144//711
f 144//712 110//713 137//714
f 144//715 137//716 143//717
f 142//718 139//719 141//720
f 141//721 139//722 123//723
f 123//724 139//725 121//726
f 123//727 121//728 122//729
f 126//730 128//731 127//732
f 127//733 128//734 113//735
f 113//736 128//737 112//738
f 113//739 112//740 111//741
f 113//742 111//743 114//744
f 145//745 146//746 329//747
f 146//748 147//749 327//750
f 146//751 327//752 329//753
f 147//754 148//755 327//756
f 149//757 150//758 324//759
f 150//760 151//761 320//762
f 150//763 320//764 324//765
f 151//766 152//767 320//768
f 153//769 154//770 317//771
f 154//772 155//773 314//774
f 154//775 314//776 317//777
f 155//778 156//779 314//780
f 342//781 157//782 158//783
f 158//784 159//785 340//786
f 158//787 340//788 342//789
f 159//790 160//791 340//792
f 162//793 161//794 338//795
f 338//796 161//797 163//798
f 338//799 163//800 165//801
f 164//802 165//803 163//804
f 167//805 166//806 331//807
f 331//808 166//809 168//810
f 331//811 168//812 332//813
f 169//814 332//815 168//816
f 170//817 207//818 198//819
f 198//820 207//821 226//822
f 174//823 172//824 173//825
f 172//826 171//827 184//828
f 173//829 175//830 174//831
f 177//832 178//833 181//834
f 181//835 178//836 366//837
f 180//838 179//839 176//840
f 182//841 183//842 241//843
f 241//844 183//845 173//846
f 173//847 184//848 241//849
f 184//850 173//851 172//852
f 177//853 179//854 178//855
f 178//856 179//857 180//858
f 180//859 185//860 178//861
f 185//862 180//863 186//864
f 185//865 186//866 204//867
f 187//868 202//869 365//870
f 365//871 202//872 188//873
f 89//874 90//875 226//876
f 197//877 226//878 199//879
f 226//880 197//881 198//882
f 198//883 197//884 189//885
f 90//886 199//887 226//888
f 87//889 86//890 365//891
f 190//892 200//893 188//894
f 188//895 200//896 365//897
f 365//898 200//899 87//900
f 87//901 200//902 201//903
f 202//904 187//905 361//906
f 187//907 157//908 361//909
f 205//910 204//911 203//912
f 204//913 186//914 203//915
f 183//916 182//917 359//918
f 182//919 149//920 359//921
f 206//922 207//923 368//924
f 368//925 207//926 208//927
f 208//928 207//929 170//930
f 202//931 361//932 186//933
f 186//934 361//935 203//936
f 359//937 368//938 183//939
f 183//940 368//941 208//942
f 209//943 210//944 116//945
f 367//946 211//947 212//948
f 212//949 211//950 213//951
f 363//952 214//953 215//954
f 215//955 214//956 216//957
f 217//958 218//959 219//960
f 219//961 218//962 220//963
f 353//964 221//965 94//966
f 363//967 215//968 166//969
f 166//970 215//971 95//972
f 94//973 221//974 168//975
f 166//976 95//977 168//978
f 168//979 95//980 94//981
f 223//982 224//983 221//984
f 221//985 224//986 168//987
f 168//988 224//989 222//990
f 168//991 222//992 169//993
f 169//994 222//995 225//996
f 367//997 212//998 145//999
f 145//1000 212//1001 91//1002
f 145//1003 91//1004 146//1005
f 147//1006 89//1007 207//1008
f 207//1009 89//1010 226//1011
f 206//1012 229//1013 207//1014
f 207//1015 229//1016 147//1017
f 147//1018 229//1019 228//1020
f 147//1021 228//1022 227//1023
f 146//1024 91//1025 147//1026
f 147//1027 91//1028 89//1029
f 230//1030 351//1031 362//1032
f 159//1033 230//1034 362//1035
f 232//1036 233//1037 362//1038
f 362//1039 233//1040 159//1041
f 159//1042 233//1043 231//1044
f 159//1045 231//1046 234//1047
f 158//1048 86//1049 159//1050
f 159//1051 86//1052 230//1053
f 187//1054 365//1055 157//1056
f 157//1057 365//1058 86//1059
f 157//1060 86//1061 158//1062
f 84//1063 355//1064 235//1065
f 163//1066 84//1067 235//1068
f 217//1069 219//1070 161//1071
f 161//1072 219//1073 98//1074
f 237//1075 238//1076 235//1077
f 235//1078 238//1079 163//1080
f 163//1081 238//1082 236//1083
f 163//1084 236//1085 164//1086
f 164//1087 236//1088 239//1089
f 161//1090 98//1091 163//1092
f 163//1093 98//1094 84//1095
f 237//1096 235//1097 167//1098
f 167//1099 235//1100 363//1101
f 232//1102 362//1103 162//1104
f 162//1105 362//1106 217//1107
f 223//1108 364//1109 145//1110
f 145//1111 364//1112 367//1113
f 240//1114 210//1115 151//1116
f 240//1117 151//1118 150//1119
f 149//1120 182//1121 150//1122
f 150//1123 182//1124 241//1125
f 150//1126 241//1127 240//1128
f 242//1129 243//1130 210//1131
f 210//1132 243//1133 151//1134
f 151//1135 243//1136 244//1137
f 151//1138 244//1139 245//1140
f 205//1141 246//1142 204//1143
f 204//1144 246//1145 155//1146
f 155//1147 246//1148 248//1149
f 154//1150 204//1151 155//1152
f 153//1153 209//1154 154//1155
f 154//1156 209//1157 366//1158
f 154//1159 366//1160 204//1161
f 247//1162 155//1163 248//1164
f 99//1165 249//1166 88//1167
f 88//1168 249//1169 250//1170
f 96//1171 251//1172 97//1173
f 97//1174 251//1175 252//1176
f 92//1177 253//1178 93//1179
f 93//1180 253//1181 254//1182
f 255//1183 87//1184 201//1185
f 255//1186 256//1187 87//1188
f 256//1189 255//1190 257//1191
f 256//1192 257//1193 258//1194
f 260//1195 259//1196 257//1197
f 257//1198 259//1199 258//1200
f 260//1201 90//1202 259//1203
f 90//1204 260//1205 199//1206
f 336//1207 231//1208 261//1209
f 261//1210 231//1211 337//1212
f 337//1213 231//1214 233//1215
f 337//1216 233//1217 232//1218
f 339//1219 248//1220 341//1221
f 341//1222 248//1223 246//1224
f 341//1225 246//1226 205//1227
f 315//1228 244//1229 316//1230
f 316//1231 244//1232 243//1233
f 316//1234 243//1235 242//1236
f 378//1237 228//1238 323//1239
f 323//1240 228//1241 229//1242
f 323//1243 229//1244 322//1245
f 322//1246 229//1247 206//1248
f 379//1249 222//1250 328//1251
f 328//1252 222//1253 224//1254
f 328//1255 224//1256 330//1257
f 330//1258 224//1259 223//1260
f 333//1261 236//1262 335//1263
f 335//1264 236//1265 238//1266
f 335//1267 238//1268 334//1269
f 334//1270 238//1271 237//1272
f 262//1273 263//1274 264//1275
f 274//1276 265//1277 266//1276
f 265//1278 267//1279 266//1280
f 266//1281 267//1282 268//1283
f 268//1284 267//1285 269//1286
f 268//1287 269//1288 265//1289
f 268//1290 265//1291 274//1292
f 273//1293 274//1294 272//1295
f 274//1296 273//1297 270//1298
f 270//1299 273//1300 271//1301
f 271//1302 275//1303 270//1304
f 276//1305 275//1306 271//1307
f 278//1302 264//1308 263//1309
f 279//1310 280//1311 278//1295
f 280//1312 279//1313 281//1314
f 281//1315 283//1316 282//1295
f 282//1295 283//1317 278//1295
f 278//1295 283//1318 279//1319
f 281//1320 282//1295 280//1321
f 280//1322 282//1295 284//1323
f 282//1295 285//1324 284//1325
f 287//1326 282//1327 266//1328
f 282//1329 286//1330 285//1331
f 285//1332 286//1333 268//1334
f 268//1335 286//1336 287//1337
f 268//1338 287//1339 266//1340
f 277//1295 288//1341 262//1342
f 277//1343 262//1344 264//1343
f 289//1345 263//1346 288//1347
f 288//1348 277//1349 289//1349
f 289//1350 277//1350 290//1351
f 275//1352 276//1353 290//1354
f 275//1355 290//1356 277//1355
f 289//1357 290//1358 291//1359
f 289//1360 291//1361 271//1360
f 282//1362 293//1363 266//1364
f 278//1365 292//1366 282//1365
f 282//1367 292//1368 293//1369
f 263//1370 289//1371 278//1371
f 289//1372 292//1373 278//1374
f 271//1375 294//1376 289//1377
f 272//1378 295//1379 271//1378
f 271//1380 295//1381 294//1382
f 266//1383 295//1384 274//1385
f 274//1386 295//1387 272//1386
f 291//1388 276//1389 271//1295
f 263//1390 298//1391 288//1392
f 288//1393 298//1394 296//1395
f 288//1396 296//1397 262//1398
f 262//1399 296//1400 297//1401
f 262//1402 297//1403 263//1404
f 263//1405 297//1406 298//1407
f 291//1408 299//1409 276//1410
f 276//1411 299//1412 300//1413
f 276//1414 300//1415 290//1416
f 290//1417 300//1418 301//1419
f 290//1420 301//1421 291//1422
f 291//1423 301//1424 299//1425
f 273//1426 302//1427 303//1428
f 273//1429 303//1430 271//1431
f 271//1432 303//1433 304//1434
f 271//1435 304//1436 272//1437
f 272//1438 304//1439 273//1440
f 273//1441 304//1442 302//1443
f 269//1444 305//1445 265//1446
f 265//1447 305//1448 306//1449
f 265//1450 306//1451 267//1452
f 267//1453 306//1454 307//1455
f 267//1456 307//1457 269//1458
f 269//1459 307//1460 305//1461
f 286//1462 308//1463 309//1464
f 286//1465 309//1466 287//1467
f 287//1468 309//1469 282//1470
f 282//1471 309//1472 310//1473
f 282//1474 310//1475 286//1476
f 286//1477 310//1478 308//1479
f 281//1480 313//1481 311//1482
f 281//1483 311//1466 283//1484
f 283//1485 311//1486 279//1487
f 279//1488 311//1489 312//1490
f 279//1491 312//1492 313//1493
f 279//1494 313//1495 281//1496
f 304//1497 315//1498 302//1499
f 315//1500 304//1501 314//1502
f 314//1503 304//1504 303//1505
f 302//1506 242//1507 303//1508
f 315//1509 316//1510 302//1511
f 302//1512 316//1513 242//1514
f 303//1515 317//1516 314//1517
f 303//1518 242//1519 153//1520
f 303//1521 153//1522 317//1523
f 346//1524 348//1525 349//1526
f 346//1527 349//1528 345//1529
f 345//1530 349//1531 318//1532
f 345//1533 318//1534 319//1535
f 314//1536 156//1537 315//1538
f 315//1539 156//1540 319//1541
f 319//1542 156//1543 345//1544
f 378//1545 320//1546 152//1547
f 378//1548 152//1549 318//1550
f 318//1551 152//1552 321//1553
f 318//1554 321//1555 319//1556
f 322//1557 305//1558 307//1559
f 322//1560 307//1561 323//1562
f 307//1563 378//1564 323//1565
f 305//1566 322//1567 206//1568
f 307//1569 306//1570 378//1571
f 378//1572 306//1573 320//1574
f 305//1575 149//1576 306//1577
f 306//1578 149//1579 324//1580
f 306//1581 324//1582 320//1583
f 305//1584 206//1585 149//1586
f 347//1587 343//1588 348//1589
f 348//1590 343//1591 349//1592
f 349//1593 343//1594 344//1595
f 332//1596 325//1597 344//1598
f 344//1599 325//1600 349//1601
f 349//1602 325//1603 326//1604
f 327//1605 148//1606 379//1607
f 379//1608 148//1609 326//1610
f 326//1611 148//1612 349//1613
f 310//1614 379//1615 328//1616
f 309//1617 308//1618 329//1619
f 308//1620 330//1621 223//1622
f 330//1623 308//1624 310//1625
f 379//1626 310//1627 309//1628
f 379//1629 309//1630 327//1631
f 309//1632 329//1633 327//1634
f 308//1635 145//1636 329//1637
f 308//1638 223//1639 145//1640
f 310//1641 328//1642 330//1643
f 333//1644 312//1645 311//1646
f 313//1647 331//1648 311//1649
f 331//1650 332//1651 311//1652
f 344//1653 333//1654 332//1655
f 332//1656 333//1657 311//1658
f 331//1659 313//1660 334//1661
f 334//1662 313//1663 312//1664
f 334//1665 312//1666 335//1667
f 312//1668 333//1669 335//1670
f 334//1671 167//1672 331//1673
f 237//1674 167//1675 334//1676
f 336//1677 296//1678 347//1679
f 347//1680 296//1681 298//1682
f 347//1683 298//1684 165//1685
f 347//1686 165//1687 343//1688
f 336//1689 261//1690 296//1691
f 296//1692 261//1693 297//1694
f 297//1695 261//1696 337//1697
f 297//1698 337//1699 162//1700
f 298//1701 338//1702 165//1703
f 297//1704 162//1705 298//1706
f 298//1707 162//1708 338//1709
f 337//1710 232//1711 162//1712
f 299//1713 160//1714 339//1715
f 339//1716 160//1717 348//1718
f 339//1719 348//1720 346//1721
f 160//1722 299//1723 301//1724
f 301//1725 340//1726 160//1727
f 341//1728 205//1729 299//1730
f 299//1731 205//1732 300//1733
f 300//1734 205//1735 340//1736
f 300//1737 340//1738 301//1739
f 299//1740 339//1741 341//1742
f 205//1743 157//1744 340//1745
f 340//1746 157//1747 342//1748
f 165//1749 164//1750 343//1751
f 343//1752 164//1753 239//1754
f 344//1755 239//1756 333//1757
f 333//1758 239//1759 236//1760
f 332//1761 169//1762 325//1763
f 325//1764 169//1765 225//1766
f 326//1767 225//1768 379//1769
f 379//1770 225//1771 222//1772
f 148//1773 147//1774 349//1775
f 349//1776 147//1777 227//1778
f 318//1779 227//1780 378//1781
f 378//1782 227//1783 228//1784
f 152//1785 151//1786 321//1787
f 321//1788 151//1789 245//1790
f 319//1791 245//1792 315//1793
f 315//1794 245//1795 244//1796
f 156//1797 155//1798 345//1799
f 345//1800 155//1801 247//1802
f 346//1803 247//1804 339//1805
f 339//1806 247//1807 248//1808
f 160//1809 159//1810 348//1811
f 348//1812 159//1813 234//1814
f 347//1815 234//1816 336//1817
f 336//1818 234//1819 231//1820
f 234//1821 347//1822 348//1823
f 345//1824 247//1825 346//1826
f 321//1827 245//1828 319//1829
f 227//1830 318//1831 349//1832
f 225//1833 326//1834 325//1835
f 343//1836 239//1837 344//1838
f 92//1839 91//1840 212//1841
f 92//1842 212//1843 253//1844
f 253//1845 212//1846 213//1847
f 250//1848 350//1849 88//1850
f 88//1851 350//1852 351//1853
f 88//1854 351//1855 230//1856
f 254//1857 352//1858 93//1859
f 93//1860 352//1861 353//1862
f 93//1863 353//1864 94//1865
f 96//1866 95//1867 215//1868
f 96//1869 215//1870 251//1871
f 251//1872 215//1873 216//1874
f 252//1875 354//1876 97//1877
f 97//1878 354//1879 355//1880
f 97//1881 355//1882 84//1883
f 99//1884 98//1885 219//1886
f 99//1887 219//1888 249//1889
f 249//1890 219//1891 220//1892
f 361//1893 157//1894 203//1895
f 203//1896 157//1897 205//1898
f 358//1899 153//1900 242//1901
f 359//1902 149//1903 368//1904
f 368//1905 149//1906 206//1907
f 221//1908 360//1909 364//1910
f 353//1911 352//1912 360//1913
f 353//1914 360//1915 221//1916
f 351//1917 350//1918 357//1919
f 351//1920 357//1921 362//1922
f 355//1923 354//1924 356//1925
f 355//1926 356//1927 235//1928
f 357//1929 218//1930 362//1931
f 362//1932 218//1933 217//1934
f 356//1935 214//1936 235//1937
f 235//1938 214//1939 363//1940
f 360//1941 211//1942 364//1943
f 364//1944 211//1945 367//1946
f 204//1947 366//1948 178//1949
f 185//1950 204//1951 178//1952
f 366//1953 209//1954 181//1955
f 210//1956 240//1957 116//1958
f 116//1959 240//1960 171//1961
f 171//1962 240//1963 184//1964
f 241//1965 184//1966 240//1967
f 167//1968 363//1969 166//1970
f 223//1971 221//1972 364//1973
f 162//1974 217//1975 161//1976
f 358//1977 209//1978 153//1979
f 358//1980 242//1981 210//1982
f 210//1983 209//1984 358//1985
f 254//1986 253//1987 360//1988
f 211//1989 253//1990 213//1991
f 211//1992 360//1993 253//1994
f 352//1995 254//1996 360//1997
f 250//1998 249//1999 357//2000
f 218//2001 249//2002 220//2003
f 218//2004 357//2005 249//2006
f 350//2007 250//2008 357//2009
f 214//2010 251//2011 216//2012
f 354//2013 252//2014 356//2015
f 356//2016 252//2017 251//2018
f 214//2019 356//2020 251//2021
f 144//2022 369//2023 134//2024
f 113//2025 370//2026 127//2027
f 370//2028 371//2029 127//2030
f 127//2031 371//2032 123//2033
f 123//2034 371//2035 175//2036
f 369//2037 372//2038 134//2039
f 134//2040 372//2041 131//2042
f 131//2043 372//2044 209//2045
f 123//2046 175//2047 141//2048
f 141//2049 175//2050 176//2051
f 141//2052 176//2053 144//2054
f 144//2055 176//2056 373//2057
f 144//2058 373//2059 369//2060
f 209//2061 116//2062 131//2063
f 116//2064 171//2065 113//2066
f 113//2067 171//2068 374//2069
f 113//2070 374//2071 370//2072
f 371//2073 174//2074 175//2075
f 370//2076 174//2077 371//2078
f 370//2079 172//2080 174//2081
f 374//2082 172//2083 370//2084
f 374//2085 171//2086 172//2087
f 181//2088 209//2089 372//2090
f 372//2091 177//2092 181//2093
f 369//2094 177//2095 372//2096
f 369//2097 179//2098 177//2099
f 373//2100 179//2101 369//2102
f 176//2103 179//2104 373//2105
f 112//2106 128//2107 121//2108
f 110//2109 129//2110 139//2111
f 139//2112 129//2113 118//2114
f 139//2115 118//2116 121//2117
f 121//2118 118//2119 112//2120
f 198//2121 189//2122 191//2123
f 190//2124 188//2125 192//2126
f 202//2127 186//2128 193//2129
f 183//2130 208//2131 170//2132
f 193//2133 192//2134 202//2135
f 202//2136 192//2137 188//2138
f 196//2139 183//2140 191//2141
f 191//2142 183//2143 170//2144
f 191//2145 170//2146 198//2147
f 186//2148 180//2149 193//2150
f 193//2151 180//2152 194//2153
f 194//2154 180//2155 176//2156
f 176//2157 175//2158 194//2159
f 194//2160 175//2161 195//2162
f 195//2163 175//2164 173//2165
f 195//2166 173//2167 196//2168
f 196//2169 173//2170 183//2171
f 105//2172 81//2173 375//2174
f 375//2175 81//2176 106//2177
f 106//2178 83//2179 107//2180
f 376//2181 108//2182 85//2183
f 376//2184 85//2185 109//2186
f 100//2187 101//2188 377//2189
f 377//2190 101//2191 102//2192
f 380//2193 289//2194 381//2195
f 381//2196 289//2197 294//2198
f 381//2199 294//2200 382//2201
f 294//2202 295//2203 382//2204
f 382//2205 295//2206 383//2207
f 383//2208 295//2209 384//2210
f 295//2211 266//2212 384//2213
f 384//2214 266//2215 385//2216
f 266//2217 293//2218 385//2219
f 385//2220 293//2221 386//2222
f 386//2223 293//2224 292//2225
f 386//2226 292//2227 380//2228
f 292//2229 289//2230 380//2231
f 385//2232 386//2233 381//2234
f 381//2235 386//2236 380//2237
f 384//2238 385//2239 381//1295
f 383//2240 384//2241 381//2242
f 381//2243 382//2244 383//2245
f 387//2246 111//2247 388//2248
f 388//2249 111//2250 115//2251
f 117//2252 389//2253 388//2254
f 117//2255 388//2256 115//2257
f 389//2258 117//2259 119//2260
f 389//2261 119//2262 390//2263
f 119//2264 114//2265 390//2266
f 390//2267 114//2268 391//2269
f 391//2270 114//2271 387//2272
f 387//2273 114//2274 111//2275
f 392//2276 133//2277 136//2278
f 392//2279 136//2280 393//2281
f 393//2282 136//2283 130//2284
f 393//2285 130//2286 394//2287
f 394//2288 130//2289 132//2290
f 394//2291 132//2292 135//2293
f 394//2294 135//2295 395//2296
f 395//2297 135//2298 133//2299
f 395//2300 133//2301 392//2302
f 395//2303 137//2304 394//2305
f 394//2306 137//2307 138//2308
f 142//2309 394//2310 138//2311
f 394//2312 142//2313 393//2314
f 393//2315 142//2316 140//2317
f 393//2318 140//2319 392//2320
f 140//2321 143//2322 392//2323
f 392//2324 143//2325 395//2326
f 395//2327 143//2328 137//2329
f 391//2330 126//2331 390//2332
f 390//2333 126//2334 124//2335
f 390//2336 124//2337 122//2338
f 390//2339 122//2340 389//2341
f 389//2342 122//2343 120//2344
f 389//2345 120//2346 388//2347
f 388//2348 120//2349 125//2350
f 388//2351 125//2352 387//2353
f 387//2354 125//2355 126//2356
f 387//2357 126//2358 391//2359
f 375//2360 268//2361 105//2362
f 105//2363 268//2364 104//2365
f 104//2366 268//2367 274//2368
f 104//2369 274//2370 103//2371
f 103//2372 274//2373 270//2374
f 103//2375 270//2376 102//2377
f 102//2378 270//2379 377//2380
f 377//2381 270//2382 275//2383
f 109//2384 264//2385 376//2386
f 376//2387 264//2388 278//2389
f 376//2390 278//2391 280//2392
f 376//2393 280//2394 108//2395
f 108//2396 280//2397 107//2398
f 107//2399 280//2400 284//2401
f 107//2402 284//2403 106//2404
f 106//2405 284//2406 285//2407
f 106//2408 285//2409 375//2410
f 375//2411 285//2412 268//2413
f 377//2414 275//2415 100//2416
f 100//2417 275//2418 277//2419
f 100//2420 277//2421 109//2422
f 109//2423 277//2424 264//2425
f 87//2426 101//2427 82//2428
f 82//2429 100//2430 88//2431
f 88//2432 100//2433 109//2434
f 88//2435 109//2436 99//2437
f 99//2438 109//2439 85//2440
f 83//2441 96//2442 107//2443
f 107//2444 96//2445 108//2446
f 92//2447 93//2448 106//2449
f 106//2450 93//2451 83//2452
f 85//2453 108//2454 96//2455
f 85//2456 96//2457 97//2458
f 92//2459 106//2460 81//2461
f 103//2462 258//2463 259//2464
f 103//2465 259//2466 104//2467
f 90//2468 81//2469 105//2470
f 90//2471 105//2472 259//2473
f 259//2474 105//2475 104//2476
f 258//2477 103//2478 256//2479
f 256//2480 103//2481 102//2482
f 256//2483 102//2484 101//2485
f 256//2486 101//2487 87//2488
f 196//2489 191//2490 398//2491
f 199//2492 398//2493 197//2494
f 191//2495 189//2496 197//2497
f 200//2498 397//2499 201//2500
f 192//2501 200//2502 190//2503
f 192//2504 193//2505 400//2506
f 400//2507 193//2508 194//2509
f 403//2510 194//2511 402//2512
f 194//2513 195//2514 402//2515
f 402//2516 195//2517 399//2518
f 399//2519 195//2520 196//2521
f 402//2522 399//2523 403//2524
f 399//2525 396//2526 403//2527
f 192//2528 401//2529 200//2530
f 200//2531 401//2532 397//2533
f 397//2534 255//2535 201//2536
f 401//2537 400//2538 397//2539
f 192//2540 400//2541 401//2542
f 397//2543 400//2544 255//2545
f 194//2546 403//2547 400//2548
f 400//2549 403//2550 257//2551
f 400//2552 257//2553 255//2554
f 260//2555 257//2556 396//2557
f 396//2558 257//2559 403//2560
f 196//2561 398//2562 399//2563
f 399//2564 398//2565 396//2566
f 396//2567 398//2568 260//2569
f 398//2570 199//2571 260//2572
f 191//2573 197//2574 398//2575
f 405//2576 406//2577 404//2578
f 412//2579 408//2580 407//2581
f 409//2582 406//2583 405//2584
f 407//2585 411//2586 409//2587
f 409//2588 411//2589 410//2590
f 407//2591 408//2592 411//2593
f 412//2594 413//2595 408//2596
f 409//2597 410//2598 406//2599
f 405//2600 404//2601 413//2602
f 405//2603 413//2604 412//2605
f 409//2606 417//2607 414//2608
f 414//2609 415//2610 416//2611
f 409//2612 419//2613 417//2614
f 416//2615 413//2616 418//2617
f 414//2618 411//2619 415//2620
f 414//2621 417//2622 411//2623
f 418//2624 413//2625 404//2626
f 418//2627 419//2628 409//2629
f 416//2630 415//2631 413//2632
f 404//2633 419//2634 418//2635
f 419//2636 404//2637 406//2638
f 419//2639 406//2640 410//2641
f 419//2642 410//2643 417//2644
f 417//2645 410//2646 411//2647
f 411//2648 408//2649 415//2650
f 415//2651 408//2652 413//2653
f 407//2654 414//2655 416//2656
f 407//2657 416//2658 412//2659
f 412//2660 416//2661 418//2662
f 412//2663 418//2664 405//2665
f 405//2666 418//2667 409//2668
f 409//2669 414//2670 407//2671
f 422//2672 423//2673 420//2674
f 420//2675 423//2676 421//2677
f 428//2678 426//2679 424//2680
f 424//2681 426//2682 425//2683
f 424//2684 427//2685 422//2686
f 424//2687 425//2688 427//2689
f 428//2690 421//2691 426//2692
f 422//2693 427//2694 423//2695
f 420//2696 421//2697 428//2698
f 422//2699 432//2700 430//2701
f 430//2702 432//2703 429//2704
f 430//2705 429//2706 431//2707
f 433//2708 434//2709 420//2710
f 420//2711 434//2712 435//2713
f 430//2714 431//2715 433//2716
f 422//2717 435//2718 432//2719
f 431//2720 426//2721 433//2722
f 433//2723 426//2724 434//2725
f 420//2726 435//2727 422//2728
f 435//2729 421//2730 423//2731
f 435//2732 423//2733 432//2734
f 432//2735 423//2736 427//2737
f 432//2738 427//2739 429//2740
f 429//2741 427//2742 425//2743
f 429//2744 425//2745 431//2746
f 431//2747 425//2748 426//2749
f 426//2750 421//2751 434//2752
f 434//2753 421//2754 435//2755
f 424//2756 430//2757 428//2758
f 428//2759 430//2760 433//2761
f 428//2762 433//2763 420//2764
f 422//2765 430//2766 424//2767
f 442//2768 438//2769 436//2770
f 439//2771 437//2772 443//2773
f 443//2774 440//2775 439//2776
f 470//2777 441//2778 442//2779
f 470//2780 442//2781 436//2782
f 437//2783 438//2784 443//2785
f 444//2786 445//2787 446//2788
f 445//2789 447//2790 446//2791
f 444//2792 450//2793 445//2794
f 449//2795 452//2796 450//2797
f 447//2798 451//2799 448//2800
f 448//2801 451//2802 452//2803
f 448//2804 452//2805 449//2806
f 454//2807 453//2808 455//2809
f 455//2810 458//2811 449//2812
f 459//2813 453//2814 456//2815
f 456//2816 453//2817 454//2818
f 460//2819 457//2820 458//2821
f 456//2822 457//2823 459//2824
f 458//2825 455//2826 460//2827
f 461//2828 464//2829 462//2830
f 463//2831 466//2832 464//2833
f 463//2834 464//2835 461//2836
f 465//2837 468//2838 466//2839
f 467//2840 468//2841 469//2842
f 462//2843 467//2844 469//2845
f 469//2846 468//2847 465//2848
f 462//2849 469//2850 461//2851
f 461//2852 469//2853 456//2854
f 456//2855 469//2856 458//2857
f 456//2858 458//2859 457//2860
f 455//2861 449//2862 454//2863
f 454//2864 449//2865 444//2866
f 444//2867 449//2868 450//2869
f 447//2870 448//2871 446//2872
f 446//2873 448//2874 470//2875
f 470//2876 448//2877 439//2878
f 470//2879 439//2880 440//2881
f 470//2882 440//2883 441//2884
f 438//2885 437//2886 436//2887
f 436//2888 437//2889 465//2890
f 436//2891 465//2892 463//2893
f 463//2894 465//2895 466//2896
f 471//2897 472//2898 473//2899
f 473//2900 472//2901 474//2902
f 473//2903 474//2904 475//2905
f 475//2906 474//2907 476//2908
f 475//2909 476//2910 477//2911
f 477//2912 476//2913 478//2914
f 477//2915 478//2916 471//2917
f 471//2918 478//2919 472//2920
f 523//2921 479//2922 480//2923
f 480//2924 479//2925 516//2926
f 481//2927 542//2928 521//2929
f 523//2930 480//2931 497//2932
f 497//2933 480//2934 482//2935
f 497//2936 482//2937 483//2938
f 483//2939 482//2940 484//2941
f 483//2942 484//2943 485//2944
f 485//2945 484//2946 486//2947
f 485//2948 486//2949 487//2950
f 487//2951 486//2952 488//2953
f 487//2954 488//2955 489//2956
f 489//2957 488//2958 490//2959
f 489//2960 490//2961 481//2962
f 481//2963 490//2964 495//2965
f 481//2966 495//2967 542//2968
f 491//2969 492//2970 482//2971
f 493//2972 486//2973 492//2974
f 491//2975 482//2976 480//2977
f 496//2978 493//2979 494//2980
f 492//2981 484//2982 482//2983
f 493//2984 488//2985 486//2986
f 491//2987 480//2988 516//2989
f 491//2990 516//2991 494//2992
f 492//2993 486//2994 484//2995
f 537//2996 494//2997 516//2998
f 493//2999 495//3000 490//3001
f 494//3002 537//3003 539//3004
f 494//3005 539//3006 496//3007
f 493//3008 490//3009 488//3010
f 493//3011 496//3012 495//3013
f 475//3014 489//3015 481//3016
f 477//3017 485//3018 487//3019
f 477//3020 487//3021 475//3022
f 475//3023 487//3024 489//3025
f 471//3026 485//3027 477//3028
f 471//3029 483//3030 485//3031
f 475//3032 481//3033 473//3034
f 473//3035 481//3036 521//3037
f 540//3038 498//3039 499//3040
f 499//3041 521//3042 540//3043
f 471//3044 497//3045 483//3046
f 521//3047 499//3048 471//3049
f 521//3050 471//3051 473//3052
f 471//3053 499//3054 497//3055
f 502//3056 503//3057 536//3058
f 502//3059 504//3060 503//3061
f 505//3062 504//3063 502//3064
f 504//3065 505//3066 506//3067
f 506//3068 505//3069 528//3070
f 507//3071 528//3072 505//3073
f 507//3074 529//3075 528//3076
f 501//3077 529//3078 507//3079
f 529//3080 501//3081 508//3082
f 500//3083 508//3084 501//3085
f 500//3086 517//3087 508//3088
f 500//3089 509//3090 517//3091
f 510//3092 509//3093 500//3094
f 510//3095 531//3096 509//3097
f 511//3098 531//3099 510//3100
f 511//3101 533//3102 531//3103
f 511//3104 534//3105 533//3106
f 512//3107 534//3108 511//3109
f 512//3110 535//3111 534//3112
f 512//3113 536//3114 535//3115
f 502//3116 536//3117 512//3118
f 437//3119 502//3120 465//3121
f 449//3122 500//3123 448//3124
f 449//3125 510//3126 500//3127
f 500//3128 501//3129 448//3130
f 448//3131 501//3132 507//3133
f 448//3134 507//3135 439//3136
f 439//3137 507//3138 505//3139
f 439//3140 505//3141 437//3142
f 437//3143 505//3144 502//3145
f 465//3146 502//3147 512//3148
f 465//3149 512//3150 469//3151
f 469//3152 512//3153 511//3154
f 469//3155 511//3156 458//3157
f 458//3158 511//3159 510//3160
f 458//3161 510//3162 449//3163
f 436//3164 463//3165 461//3166
f 436//3167 461//3168 470//3169
f 470//3170 461//3171 456//3172
f 470//3173 456//3174 446//3175
f 446//3176 456//3177 444//3178
f 444//3179 456//3180 454//3181
f 523//3182 513//3183 514//3184
f 538//3185 515//3186 516//3187
f 523//3188 517//3189 479//3190
f 479//3191 517//3192 522//3193
f 495//3194 518//3195 542//3196
f 542//3197 518//3198 532//3199
f 496//3200 519//3201 520//3202
f 522//3203 538//3204 516//3205
f 522//3206 516//3207 479//3208
f 523//3209 514//3210 517//3211
f 518//3212 495//3213 496//3214
f 518//3215 496//3216 520//3217
f 532//3218 541//3219 521//3220
f 532//3221 521//3222 542//3223
f 524//2897 491//2898 525//2899
f 525//2900 491//2901 494//3224
f 525//2903 494//2904 526//2905
f 526//2906 494//2907 493//2908
f 526//2909 493//2910 527//3225
f 527//2912 493//2913 492//2914
f 527//2915 492//2916 524//2917
f 524//2918 492//2919 491//2920
f 522//3226 509//3227 531//3228
f 517//3229 509//3230 522//3231
f 506//3232 532//3233 504//3234
f 508//3235 517//3236 530//3237
f 508//3238 530//3239 529//3240
f 522//3241 531//3242 533//3243
f 536//3244 518//3245 535//3246
f 503//3247 504//3248 532//3249
f 518//3250 503//3251 532//3252
f 503//3253 518//3254 536//3255
f 513//3256 523//3257 499//3258
f 513//3259 499//3260 498//3261
f 521//3262 541//3263 540//3264
f 539//3265 519//3266 496//3267
f 516//3268 515//3269 537//3270
f 533//3271 537//3272 515//3273
f 533//3274 538//3275 522//3276
f 533//3277 515//3278 538//3279
f 537//3280 533//3281 534//3282
f 534//3283 539//3284 537//3285
f 534//3286 519//3287 539//3288
f 519//3289 534//3290 535//3291
f 528//3292 540//3293 506//3294
f 506//3295 541//3296 532//3297
f 506//3298 540//3299 541//3300
f 529//3301 498//3302 528//3303
f 528//3304 498//3305 540//3306
f 530//3307 513//3308 529//3309
f 529//3310 513//3311 498//3312
f 530//3313 514//3314 513//3315
f 514//3316 530//3317 517//3318
f 520//3319 519//3320 535//3321
f 520//3322 535//3323 518//3324
f 523//3325 497//3326 499//3327
f 478//3328 543//3329 544//3330
f 478//3331 544//3332 472//3333
f 472//3334 544//3335 545//3336
f 472//3337 545//3338 474//3339
f 545//3340 546//3341 474//3342
f 474//3343 546//3344 476//3345
f 476//3346 546//3347 547//3348
f 476//3349 547//3350 478//3351
f 478//3352 547//3353 543//3354
f 525//3355 552//3356 548//3357
f 525//3358 548//3359 524//3360
f 524//3361 548//3362 549//3363
f 524//3364 549//3365 527//3366
f 549//3367 550//3368 527//3369
f 527//3370 550//3371 526//3372
f 526//3373 550//3374 551//3375
f 526//3376 551//3377 525//3378
f 525//3379 551//3380 552//3381
f 545//3382 548//3383 546//3384
f 546//3385 548//3386 552//3387
f 546//3388 552//3389 547//3390
f 547//3391 552//3392 551//3393
f 547//3394 551//3395 550//3396
f 547//3397 550//3398 543//3399
f 543//3400 550//3401 544//3402
f 544//3403 550//3404 549//3405
f 544//3406 549//3407 545//3408
f 545//3409 549//3410 548//3411
f 553//3412 557//3413 460//3414
f 453//3415 554//3416 455//3417
f 459//3418 555//3419 554//3420
f 459//3421 554//3422 453//3423
f 555//3424 459//3425 556//3426
f 556//3427 459//3428 457//3429
f 556//3430 457//3431 557//3432
f 457//3433 460//3434 557//3435
f 553//3436 460//3437 455//3438
f 553//3439 455//3440 554//3441
f 561//3442 466//3443 558//3444
f 558//3445 466//3446 468//3447
f 558//3448 468//3449 559//3450
f 467//3451 559//3452 468//3453
f 559//3454 467//3455 462//3456
f 559//3457 462//3458 560//3459
f 462//3460 464//3461 560//3462
f 560//3463 464//3464 561//3465
f 561//3466 464//3467 466//3468
f 558//3469 559//3470 443//3471
f 442//3472 560//3473 438//3474
f 438//3475 560//3476 561//3477
f 560//3478 442//3479 441//3480
f 560//3481 441//3482 559//3483
f 441//3484 440//3485 559//3486
f 559//3487 440//3488 443//3489
f 558//3490 443//3491 438//3492
f 558//3493 438//3494 561//3495
f 554//3496 555//3497 445//3498
f 554//3499 450//3500 553//3501
f 553//3502 450//3503 452//3504
f 553//3505 452//3506 451//3507
f 553//3508 451//3509 557//3510
f 557//3511 451//3512 447//3513
f 557//3514 447//3515 556//3516
f 556//3517 447//3518 555//3519
f 555//3520 447//3521 445//3522
f 554//3523 445//3524 450//3525
