# Blender 4.0.2
# www.blender.org
mtllib ThrusterLeft.mtl
o ThrusterLeft
v 0.009903 -0.040393 0.024504
v 0.025902 -0.032403 0.024503
v -0.005395 0.041181 0.024504
v -0.025891 0.033876 0.024500
v -0.026333 0.031518 0.024499
v 0.037176 -0.019610 0.024508
v 0.041560 0.001757 0.024504
v -0.036634 0.019364 0.024505
v -0.041297 0.005350 0.024504
v 0.016879 0.038346 0.024506
v 0.036258 0.022418 0.024500
v 0.036283 0.019307 0.024499
v -0.038704 -0.015853 0.024504
v -0.030638 -0.028500 0.024503
v -0.019954 -0.036814 0.024503
v -0.004989 -0.042220 0.024500
v 0.037664 -0.017040 0.024005
v 0.028451 -0.029764 0.024002
v 0.015978 -0.038298 0.024004
v -0.008242 -0.041398 0.023999
v -0.007058 -0.039962 0.023996
v -0.019093 -0.035529 0.024000
v -0.029009 -0.030198 0.024000
v -0.031375 -0.025024 0.024000
v -0.039630 -0.008551 0.024000
v -0.041650 -0.008166 0.024000
v -0.037735 0.016333 0.024005
v -0.024197 0.033528 0.024007
v -0.003395 0.040923 0.024004
v 0.015949 0.038255 0.024006
v 0.035832 0.021131 0.024005
v 0.041014 0.004553 0.024003
v 0.042071 0.000492 0.014000
v 0.038733 -0.016509 0.014000
v 0.025228 -0.034118 0.014000
v 0.002513 -0.042145 0.014000
v -0.013387 -0.039767 0.014000
v -0.029772 -0.030248 0.014000
v -0.040652 -0.010895 0.014000
v -0.040934 0.010547 0.014000
v 0.050165 0.022880 0.037696
v 0.040165 0.037731 0.037741
v 0.001329 0.054992 0.037741
v 0.011982 0.053917 0.037614
v -0.002501 0.054734 0.037676
v 0.000000 0.054783 0.037678
v -0.018740 0.051887 0.037700
v -0.050357 0.022486 0.037713
v -0.054978 0.004765 0.037700
v -0.054552 0.000000 0.037580
v -0.038843 0.039311 0.037694
v 0.027043 0.047977 0.037730
v 0.054787 0.000000 0.037665
v 0.054552 0.000000 0.037580
v 0.054676 0.005942 0.037734
v -0.055116 -0.000002 0.037824
v 0.055116 0.000002 0.037824
v -0.052904 -0.016229 0.037746
v -0.045760 -0.030453 0.037691
v -0.034888 -0.042994 0.037715
v -0.001364 -0.054989 0.037740
v -0.012039 -0.053926 0.037612
v 0.008391 -0.054738 0.037730
v -0.000000 -0.054783 0.037678
v 0.002788 -0.054518 0.037587
v 0.024051 -0.049468 0.037698
v 0.053301 -0.015092 0.037709
v 0.040013 -0.038142 0.037701
v -0.054787 0.000000 0.037665
v 0.032599 0.026671 0.014000
v 0.038903 0.015560 0.014000
v -0.015047 0.039359 0.014000
v -0.031278 0.028553 0.014000
v 0.020155 0.036734 0.014000
v 0.005747 0.041774 0.014000
v 0.049475 0.003893 0.043513
v -0.049990 0.000108 0.043480
v 0.040737 -0.002446 0.034925
v 0.001819 -0.040825 0.035075
v 0.014491 -0.038121 0.035185
v 0.037408 -0.016398 0.034904
v -0.040848 0.001861 0.035189
v -0.039613 -0.009508 0.035215
v -0.035334 -0.020766 0.035314
v -0.025602 -0.031826 0.035256
v -0.013309 -0.038678 0.035109
v 0.044246 0.000235 0.042063
v 0.041104 -0.016411 0.042037
v 0.029803 -0.028508 0.037392
v 0.020972 -0.035429 0.037277
v 0.000128 -0.044221 0.042044
v -0.016411 -0.041104 0.042037
v -0.031287 -0.031333 0.042032
v -0.040949 -0.016444 0.041875
v -0.044227 -0.000068 0.042047
v -0.015329 -0.051121 0.040874
v 0.033985 -0.030731 0.043011
v 0.020178 -0.041421 0.043322
v 0.037894 -0.032052 0.043480
v -0.012416 -0.048009 0.043527
v -0.041689 -0.027138 0.043622
v 0.050875 -0.009761 0.042401
v 0.027744 -0.043917 0.042299
v 0.007420 -0.050468 0.042806
v 0.044016 -0.029556 0.041432
v -0.032664 -0.041052 0.041742
v -0.051159 -0.011617 0.041546
v -0.037880 0.015898 0.037057
v -0.020822 0.035583 0.037164
v -0.032585 0.024638 0.034887
v -0.008235 0.039958 0.035304
v 0.017616 0.036862 0.034941
v 0.003903 0.040716 0.035034
v 0.033683 0.023052 0.035328
v 0.029913 0.028385 0.037314
v 0.039262 0.011572 0.035062
v 0.040981 0.016457 0.041899
v 0.016417 0.041136 0.042058
v -0.000173 0.044252 0.042065
v -0.012044 0.041870 0.041404
v -0.035051 0.026920 0.042143
v 0.030507 0.033617 0.042703
v -0.027067 0.036898 0.042964
v -0.042864 0.014871 0.042705
v 0.041927 0.026514 0.043628
v -0.016911 0.046624 0.043648
v 0.003846 0.049797 0.043508
v -0.037894 0.032052 0.043480
v 0.021021 0.046519 0.042809
v -0.049255 0.016505 0.042186
v 0.051024 0.012305 0.041524
v -0.028014 0.044377 0.041615
v -0.042611 0.031047 0.041570
v 0.037772 0.037516 0.041107
v -0.002654 0.053570 0.040099
v -0.040211 -0.004740 0.036260
v 0.039455 -0.008677 0.036087
v 0.040344 0.000000 0.036340
v 0.036206 -0.017838 0.036064
v 0.030444 -0.026533 0.036007
v 0.022123 -0.033706 0.036094
v 0.009675 -0.039450 0.036177
v -0.008302 -0.039763 0.036458
v -0.020222 -0.034930 0.036022
v -0.031386 -0.025477 0.036208
v -0.037017 -0.015973 0.036087
v -0.026592 -0.032589 0.040471
v 0.045795 -0.000002 0.043818
v 0.042101 -0.014873 0.043002
v 0.033146 -0.030086 0.042906
v 0.015557 -0.041955 0.042973
v -0.005217 -0.043424 0.041875
v -0.017929 -0.040800 0.043019
v -0.037260 -0.024888 0.042846
v -0.044505 -0.002642 0.042807
v -0.000980 -0.048057 0.044257
v -0.049277 -0.000008 0.044122
v 0.043065 -0.025480 0.044036
v 0.018211 -0.047754 0.043720
v -0.027442 -0.041148 0.044002
v -0.041393 -0.031541 0.043067
v -0.052423 -0.000003 0.042344
v 0.052148 -0.000017 0.042894
v 0.046631 -0.024745 0.042105
v 0.035529 -0.039862 0.041727
v -0.004564 -0.052763 0.042339
v -0.028131 -0.044630 0.042278
v -0.051445 -0.011538 0.042129
v -0.039696 0.008315 0.037407
v -0.036206 0.017838 0.036064
v -0.030444 0.026533 0.036007
v -0.022123 0.033706 0.036094
v -0.010112 0.039275 0.036053
v 0.003134 0.040297 0.036204
v 0.017428 0.036618 0.036233
v 0.031386 0.025477 0.036208
v 0.038830 0.011737 0.035990
v 0.026592 0.032589 0.040471
v 0.045817 -0.000001 0.044005
v -0.042101 0.014873 0.043002
v -0.033146 0.030086 0.042906
v -0.015557 0.041955 0.042973
v 0.005217 0.043424 0.041875
v 0.017929 0.040800 0.043019
v 0.033172 0.030110 0.043040
v 0.042585 0.013775 0.042908
v 0.000980 0.048057 0.044257
v -0.043065 0.025480 0.044036
v -0.020818 0.045892 0.043867
v 0.027442 0.041148 0.044002
v 0.041935 0.028969 0.043717
v 0.051551 0.000002 0.043253
v -0.050427 0.018035 0.041836
v -0.035529 0.039862 0.041727
v 0.002740 0.052325 0.042712
v 0.028131 0.044631 0.042278
v 0.051445 0.011538 0.042129
v -0.004664 0.018755 -0.071000
v 0.035973 -0.020089 -0.023895
v 0.036953 -0.018192 -0.012454
v 0.038080 -0.015632 -0.016633
v 0.037976 -0.016044 -0.021284
v 0.036942 -0.018153 -0.021038
v 0.035464 -0.020926 -0.009557
v -0.004813 0.001927 0.033493
v -0.009642 0.002744 0.033497
v -0.006186 0.007888 0.033498
v -0.002762 0.004387 0.033491
v 0.000343 0.005173 0.033491
v -0.000367 0.010018 0.033498
v 0.005589 0.008322 0.033497
v 0.003321 0.003982 0.033492
v 0.005027 0.001270 0.033492
v 0.009414 0.003448 0.033497
v -0.005828 0.004181 0.037473
v -0.005436 0.000018 0.038375
v -0.008674 -0.000242 0.036674
v -0.009538 0.003265 0.035824
v -0.003048 0.004424 0.038364
v -0.006246 0.007632 0.035895
v 0.002597 0.007994 0.036920
v -0.002430 0.007408 0.037126
v -0.000826 0.009776 0.035829
v 0.007066 0.005491 0.036606
v 0.003239 0.004273 0.038368
v 0.007798 0.000021 0.037115
v 0.005216 0.001008 0.038407
v 0.008908 0.003925 0.035811
v 0.011886 0.010027 0.028527
v 0.000458 0.005294 0.038380
v -0.001418 0.015481 0.028563
v -0.008949 0.012861 0.028530
v -0.015069 0.004588 0.028643
v -0.016101 0.000000 0.026930
v -0.012677 0.010512 0.026916
v -0.005595 0.015222 0.026920
v 0.001004 0.016258 0.026926
v 0.014879 0.004581 0.028455
v 0.016101 0.000000 0.026930
v 0.016101 0.000038 0.026930
v 0.015465 -0.000049 0.028440
v 0.005934 0.014442 0.028575
v 0.013792 0.002665 0.031294
v 0.015442 0.000000 0.028500
v 0.015379 0.001389 0.028500
v 0.015442 0.000000 0.028502
v -0.004178 -0.004424 0.034009
v -0.002422 0.005230 0.034001
v 0.006036 -0.000295 0.033991
v -0.005027 -0.001270 0.033491
v -0.009414 -0.003448 0.033498
v 0.004813 -0.001927 0.033492
v 0.009642 -0.002744 0.033497
v 0.006186 -0.007888 0.033498
v 0.002762 -0.004387 0.033491
v 0.000367 -0.010018 0.033498
v -0.000343 -0.005173 0.033491
v -0.006452 -0.004661 0.037009
v 0.004633 -0.003251 0.038371
v 0.009515 -0.002973 0.035776
v 0.003032 -0.004432 0.038364
v 0.006246 -0.007632 0.035895
v -0.002632 -0.007801 0.036899
v 0.002430 -0.007408 0.037126
v 0.000826 -0.009776 0.035829
v -0.014917 -0.004379 0.028657
v -0.011886 -0.010027 0.028527
v -0.000461 -0.005295 0.038383
v 0.001418 -0.015481 0.028563
v 0.008949 -0.012861 0.028530
v 0.015379 -0.001389 0.028500
v -0.003272 -0.004238 0.038376
v -0.016101 -0.000038 0.026930
v 0.012677 -0.010512 0.026916
v 0.005595 -0.015222 0.026920
v -0.001004 -0.016258 0.026926
v -0.009008 -0.013581 0.026931
v -0.015425 -0.005684 0.026919
v 0.011009 -0.006203 0.033238
v 0.014588 -0.005620 0.028533
v -0.005768 -0.014507 0.028545
v -0.005977 -0.008699 0.035619
v -0.003259 -0.003952 0.033494
v -0.005522 -0.008398 0.033497
v -0.005535 0.006942 -0.071763
v 0.005209 0.005689 -0.073094
v -0.005254 -0.005737 -0.073035
v 0.005501 -0.006900 -0.071813
v -0.008203 -0.005737 -0.071102
v 0.008285 0.005794 -0.071013
v 0.004664 -0.018755 -0.071000
v -0.018379 -0.004709 -0.071000
v -0.010371 -0.015523 -0.071000
v -0.016744 0.008255 -0.071000
v 0.018379 0.004709 -0.071000
v 0.016744 -0.008255 -0.071000
v 0.010371 0.015523 -0.071000
v 0.000199 -0.018947 -0.039204
v -0.005575 -0.019555 -0.039554
v -0.015974 -0.012363 -0.039476
v -0.018752 0.003377 -0.039230
v -0.016733 0.011267 -0.039526
v -0.003477 0.018796 -0.039242
v 0.006116 0.019264 -0.039570
v 0.016167 0.010083 -0.039227
v 0.017764 -0.008003 -0.039271
v 0.004183 -0.020011 -0.039445
v 0.020090 -0.005234 -0.039389
v 0.016101 0.000082 0.026930
v 0.016101 -0.000026 0.026930
v 0.016101 0.000215 0.026930
v 0.016051 -0.002337 0.026919
v 0.016101 0.000149 0.026930
v 0.010240 0.012875 0.026921
v -0.016101 -0.000082 0.026930
v -0.016101 0.000026 0.026930
v -0.016101 -0.000215 0.026930
v -0.016052 0.002336 0.026919
v 0.015709 0.004331 0.026919
v -0.016101 -0.000149 0.026930
v -0.006726 0.019752 -0.039359
v -0.020847 -0.001977 -0.039349
v 0.018348 0.010448 -0.039312
v 0.013951 -0.015234 -0.039393
v 0.030521 0.027499 -0.020522
v -0.009314 0.018633 -0.035638
v -0.001113 -0.020793 -0.035638
v -0.013587 -0.015386 -0.035692
v -0.020177 -0.004580 -0.035821
v -0.018816 0.007985 -0.035693
v 0.004227 0.020055 -0.035694
v 0.012165 -0.016463 -0.035691
v 0.013587 0.015386 -0.035692
v 0.020177 0.004581 -0.035821
v 0.018816 -0.007985 -0.035693
v 0.030544 0.027658 -0.021060
v 0.031086 0.026966 -0.021038
v -0.011986 -0.014925 0.024922
v 0.017866 0.006014 0.025048
v 0.018494 -0.003230 0.025065
v 0.013760 -0.012932 0.025076
v 0.001184 -0.018755 0.025250
v -0.017866 -0.006014 0.025048
v 0.011986 0.014925 0.024922
v -0.018494 0.003230 0.025065
v -0.013760 0.012932 0.025076
v -0.001184 0.018755 0.025250
v 0.039651 0.010991 -0.017039
v 0.039778 0.010619 -0.018046
v 0.040447 0.007360 -0.017989
v 0.040624 0.006351 -0.015476
v 0.039733 0.010654 -0.015842
v 0.040562 0.006876 -0.020620
v 0.040583 0.006683 -0.022081
v 0.039052 0.012923 -0.021833
v 0.038716 0.014011 -0.022108
v 0.038812 0.013744 -0.020582
v 0.038833 0.013792 -0.021359
v 0.033566 0.023785 -0.020528
v 0.033181 0.024296 -0.021926
v 0.037660 0.016438 -0.020286
v 0.037847 0.016152 -0.021922
v 0.028834 -0.028798 -0.035600
v 0.007148 -0.040066 -0.035625
v 0.039855 0.008633 -0.035574
v 0.027493 0.030331 -0.035601
v -0.039356 -0.009797 -0.035667
v -0.039954 0.007607 -0.035652
v -0.010857 -0.039037 -0.035706
v -0.022849 -0.033285 -0.035500
v -0.031923 -0.025375 -0.035882
v 0.012504 0.038994 -0.035600
v -0.034297 0.021736 -0.035600
v -0.027915 0.029690 -0.035857
v 0.026838 -0.030234 0.021704
v 0.006329 -0.040030 0.021918
v -0.009250 -0.039068 0.021780
v -0.025925 -0.030867 0.021928
v -0.038142 -0.013392 0.021800
v 0.039182 -0.009928 0.021665
v -0.039182 0.009928 0.021665
v -0.026838 0.030234 0.021704
v -0.006329 0.040030 0.021918
v 0.009249 0.039068 0.021780
v 0.025925 0.030867 0.021928
v 0.038142 0.013392 0.021800
v 0.038084 -0.014519 -0.035711
v -0.007854 0.039937 -0.035667
v 0.025817 -0.031875 0.023984
v 0.038408 -0.014011 0.023988
v 0.040424 0.007607 0.023986
v 0.028131 0.029674 0.023987
v 0.007232 0.040248 0.023987
v -0.011652 0.038929 0.023987
v -0.026036 0.031308 0.023989
v -0.035485 0.019950 0.023989
v -0.040395 0.004485 0.023982
v -0.039111 -0.012023 0.023985
v -0.026470 -0.031167 0.023985
v 0.007856 -0.040030 0.023993
v 0.028333 -0.029889 -0.022172
v 0.028704 -0.029410 -0.018738
v 0.032010 -0.025905 -0.011326
v 0.031242 -0.026689 -0.014914
v 0.035689 -0.020641 -0.014119
v 0.033673 -0.023698 -0.011648
v 0.038984 -0.012943 -0.018357
v 0.040300 -0.008686 -0.016526
v 0.040088 -0.009209 -0.017451
v 0.040281 -0.008239 -0.018419
v 0.039186 -0.012563 -0.015872
v 0.038998 -0.013128 -0.016742
v 0.039148 -0.012817 -0.014828
v 0.040302 -0.008185 -0.014845
v 0.040460 -0.007514 -0.017756
v 0.040455 -0.007526 -0.015517
v 0.037864 0.016011 -0.017564
v 0.039201 0.012439 -0.017566
v 0.039457 0.011730 -0.014952
v 0.041074 0.001931 -0.015120
v 0.033265 0.024137 -0.018080
v 0.035586 0.020671 -0.017557
v 0.033431 0.024009 -0.015106
v 0.035534 0.020685 -0.015545
v 0.035891 0.020121 -0.014873
v 0.037368 0.017206 -0.017770
v 0.037625 0.016696 -0.018454
v 0.037717 0.016433 -0.014995
v 0.039196 0.012473 -0.015548
v 0.040759 0.005535 -0.017778
v 0.040715 0.006215 -0.018428
v 0.041061 0.002544 -0.017749
v 0.041120 0.001977 -0.018446
v 0.041008 -0.003013 -0.017948
v 0.040984 -0.003346 -0.014856
v 0.041165 0.000734 -0.017444
v 0.032663 0.024973 -0.016508
v 0.030501 0.027602 -0.017480
v 0.030724 0.027348 -0.015832
v 0.030511 0.027654 -0.014882
v 0.040337 0.007958 -0.021877
v 0.040025 0.009558 -0.020920
v 0.040306 0.008340 -0.020682
v 0.040098 0.009373 -0.022017
v 0.039202 0.012508 -0.020631
v 0.034421 0.022447 -0.022424
v 0.034770 0.022067 -0.021084
v 0.032677 0.024991 -0.022074
v 0.032360 0.025421 -0.020660
v 0.031985 0.025914 -0.021921
v 0.031336 0.026730 -0.021850
v 0.031456 0.026576 -0.027817
v 0.030451 0.027673 -0.029283
v 0.030465 0.027642 -0.027114
v 0.032633 0.025078 -0.028998
v 0.032448 0.025350 -0.026834
v 0.039536 0.011433 -0.022140
v 0.039470 0.011490 -0.020599
v 0.039378 0.012035 -0.021212
v 0.036510 0.018973 -0.022238
v 0.036431 0.019049 -0.020583
v 0.036340 -0.019243 -0.012420
v 0.037143 -0.017568 -0.018738
v 0.033399 -0.024072 -0.024429
v 0.035138 -0.021407 -0.026273
v 0.031917 -0.026012 -0.022555
v 0.038421 -0.014733 -0.019426
v 0.030655 -0.027416 -0.024619
v 0.032484 -0.025307 -0.024113
v 0.031167 -0.026926 -0.019462
v 0.021374 -0.035378 -0.036007
v -0.018175 0.036957 -0.036000
v 0.004881 0.040894 -0.036000
v 0.036265 0.019373 -0.035991
v 0.041158 -0.001521 -0.036001
v 0.034770 -0.021727 -0.036000
v 0.035915 0.020099 -0.018326
v 0.039405 0.011816 -0.018362
v 0.030436 0.027474 -0.021541
v 0.036729 -0.018651 -0.025335
v 0.038277 -0.014693 -0.006000
v 0.028991 0.028991 -0.006000
vn -0.1686 0.7012 0.6927
vn -0.4119 0.5920 0.6927
vn -0.5047 0.4739 0.7215
vn -0.4665 0.5099 0.7227
vn -0.4420 0.5686 0.6938
vn -0.5342 0.4385 0.7228
vn 0.6338 0.3435 0.6930
vn 0.5637 0.4016 0.7218
vn 0.6033 0.3403 0.7213
vn 0.6665 0.2729 0.6938
vn 0.6721 0.1617 0.7226
vn 0.7171 0.0654 0.6939
vn 0.2722 -0.6368 0.7214
vn 0.0806 -0.7165 0.6929
vn -0.0636 -0.6944 0.7168
vn -0.0102 0.6920 -0.7218
vn 0.6294 0.3483 -0.6947
vn 0.4497 0.8932 -0.0056
vn 0.2052 0.6589 -0.7237
vn 0.2429 0.6779 -0.6939
vn 0.2752 0.6335 -0.7231
vn 0.6173 0.3339 -0.7124
vn -0.6296 0.3535 -0.6918
vn -0.4094 -0.5788 -0.7052
vn 0.6765 0.1413 -0.7228
vn 0.4656 -0.5510 -0.6925
vn 0.5194 0.4581 -0.7213
vn 0.4942 0.4833 -0.7226
vn 0.3224 0.6441 -0.6937
vn 0.3100 -0.6185 -0.7220
vn 0.6896 0.0559 -0.7220
vn 0.5480 0.4673 -0.6937
vn 0.6372 -0.3404 -0.6915
vn 0.6900 -0.0418 -0.7226
vn 0.7084 -0.1256 -0.6946
vn 0.6871 -0.0835 -0.7217
vn 0.6125 -0.3852 0.6903
vn 0.8097 0.2152 -0.5460
vn 0.6564 -0.1481 0.7397
vn 0.5760 -0.5327 0.6200
vn 0.7675 -0.0938 -0.6342
vn 0.8002 0.0739 -0.5952
vn 0.5308 -0.4072 -0.7432
vn 0.8089 -0.1895 0.5565
vn 0.3630 -0.6285 -0.6879
vn 0.5381 -0.4244 0.7282
vn 0.3055 -0.7763 -0.5513
vn 0.6548 -0.2952 0.6958
vn 0.6250 -0.5564 -0.5476
vn 0.2979 -0.5694 0.7662
vn 0.0937 -0.6762 0.7307
vn 0.3406 -0.5723 -0.7460
vn 0.2515 -0.7345 0.6303
vn 0.0226 -0.6870 -0.7263
vn -0.0195 -0.6777 0.7351
vn 0.0499 -0.7617 -0.6460
vn 0.2276 -0.6488 0.7261
vn -0.0239 -0.7975 0.6028
vn -0.2878 -0.6011 -0.7455
vn -0.0045 -0.6397 -0.7687
vn -0.3326 -0.6131 0.7166
vn -0.3254 -0.6737 -0.6635
vn -0.0795 -0.7047 0.7051
vn -0.3827 -0.6649 0.6414
vn -0.4431 -0.5120 -0.7358
vn -0.1820 -0.6665 -0.7229
vn -0.4142 -0.5249 0.7436
vn -0.6887 -0.4250 -0.5874
vn -0.2543 -0.6519 0.7144
vn -0.7073 -0.2183 0.6724
vn -0.4133 -0.6914 -0.5925
vn -0.6217 -0.3504 0.7005
vn -0.7942 -0.1444 0.5902
vn -0.6030 -0.2865 -0.7445
vn -0.4514 -0.5661 -0.6898
vn -0.7628 -0.2608 -0.5917
vn -0.6186 -0.1784 0.7652
vn -0.6545 0.1095 0.7481
vn -0.6853 -0.1800 -0.7057
vn -0.7473 0.0975 0.6573
vn -0.6892 0.1315 -0.7125
vn 0.3425 0.0173 -0.9393
vn -0.3733 0.0129 -0.9276
vn 0.3396 0.0310 -0.9401
vn -0.3937 0.0016 -0.9192
vn -0.3956 -0.0123 -0.9183
vn -0.9474 -0.0475 -0.3166
vn 0.0203 0.2383 -0.9710
vn 0.3070 -0.4163 -0.8558
vn -0.0058 0.2214 -0.9752
vn 0.9608 0.0161 -0.2769
vn 0.4333 0.0185 -0.9010
vn 0.9566 0.0893 -0.2773
vn -0.3422 -0.0443 -0.9386
vn 0.3718 0.0201 -0.9281
vn -0.3378 -0.0577 -0.9395
vn 0.3918 -0.0540 -0.9185
vn 0.3955 -0.0406 -0.9176
vn 0.9484 -0.0247 -0.3161
vn -0.3628 0.2136 -0.9071
vn 0.0166 -0.3829 -0.9236
vn -0.0090 -0.4000 -0.9165
vn -0.0199 -0.2368 -0.9713
vn -0.3039 0.4163 -0.8569
vn 0.0062 -0.2200 -0.9755
vn -0.9592 -0.0652 -0.2752
vn -0.4325 -0.0547 -0.9000
vn -0.9484 -0.1584 -0.2746
vn 0.9336 -0.1111 -0.3406
vn 0.8764 -0.1494 -0.4579
vn 0.8694 -0.2120 -0.4463
vn 0.9033 -0.1645 -0.3963
vn 0.8236 -0.2492 -0.5095
vn 0.8864 -0.2507 -0.3892
vn 0.7924 -0.5083 -0.3372
vn 0.7336 -0.5006 -0.4596
vn 0.6987 -0.5471 -0.4610
vn 0.5167 -0.6027 -0.6081
vn 0.3975 -0.6522 -0.6455
vn 0.4037 -0.7150 -0.5709
vn 0.2597 -0.8320 -0.4903
vn 0.1052 -0.8768 -0.4691
vn 0.2195 -0.8835 -0.4138
vn 0.2262 -0.8839 -0.4093
vn 0.1106 -0.8748 -0.4717
vn 0.0749 -0.8965 -0.4366
vn -0.0541 -0.8968 -0.4392
vn -0.2092 -0.8651 -0.4560
vn -0.1055 -0.9135 -0.3930
vn -0.0937 -0.9129 -0.3973
vn -0.1981 -0.8643 -0.4622
vn -0.2418 -0.8718 -0.4261
vn -0.3718 -0.8136 -0.4469
vn -0.5097 -0.7259 -0.4618
vn -0.4349 -0.8089 -0.3957
vn -0.4413 -0.8154 -0.3746
vn -0.5164 -0.7314 -0.4455
vn -0.5570 -0.7186 -0.4164
vn -0.6129 -0.6323 -0.4739
vn -0.7017 -0.4989 -0.5086
vn -0.6689 -0.6028 -0.4350
vn -0.7432 -0.5798 -0.3340
vn -0.7768 -0.4761 -0.4123
vn -0.8041 -0.4492 -0.3894
vn -0.8080 -0.3805 -0.4499
vn -0.8246 -0.2327 -0.5156
vn -0.8475 -0.3235 -0.4208
vn -0.9032 -0.2521 -0.3473
vn -0.8803 -0.1619 -0.4459
vn -0.8943 -0.1237 -0.4301
vn -0.8984 -0.1526 -0.4117
vn -0.8556 -0.0378 -0.5162
vn -0.9145 -0.0694 -0.3987
vn 0.5512 -0.4304 -0.7148
vn 0.9470 0.0028 -0.3214
vn 0.5973 0.7667 -0.2355
vn 0.7515 -0.6091 -0.2532
vn 0.8705 0.0083 -0.4922
vn 0.8555 0.0131 -0.5176
vn 0.1320 0.0996 -0.9862
vn 0.5457 0.5324 -0.6472
vn 0.1101 0.1245 -0.9861
vn 0.0852 0.1541 -0.9844
vn 0.4080 0.6580 -0.6329
vn 0.3191 0.7094 -0.6284
vn 0.1994 0.4236 -0.8836
vn 0.3620 0.8492 -0.3845
vn 0.4789 0.3143 -0.8197
vn 0.1102 0.0985 -0.9890
vn 0.1011 0.7323 -0.6734
vn -0.0349 0.7289 -0.6837
vn -0.1142 0.2982 -0.9476
vn -0.4682 0.7034 -0.5347
vn -0.0196 0.3796 -0.9249
vn 0.1667 0.3223 -0.9319
vn -0.4354 0.5696 -0.6971
vn -0.4940 0.4696 -0.7317
vn -0.4696 0.3143 -0.8250
vn -0.8334 0.4712 -0.2889
vn -0.3175 0.6266 -0.7117
vn 0.1492 -0.3698 -0.9171
vn 0.2574 -0.0632 -0.9642
vn -0.4882 -0.0513 -0.8712
vn -0.8262 -0.0097 -0.5633
vn -0.2861 -0.2253 -0.9314
vn -0.8095 0.0543 -0.5846
vn 0.6587 -0.4527 -0.6011
vn 0.7277 -0.2954 -0.6190
vn 0.6260 -0.4541 -0.6339
vn 0.5618 -0.6139 -0.5545
vn 0.4641 -0.5565 -0.6892
vn 0.4789 -0.6833 -0.5511
vn 0.4495 -0.7154 -0.5350
vn 0.4918 -0.5762 -0.6528
vn 0.4597 -0.5931 -0.6610
vn -0.2371 -0.2399 -0.9414
vn -0.1238 -0.0627 -0.9903
vn -0.2175 -0.0271 -0.9757
vn 0.3835 0.0130 -0.9235
vn 0.2010 -0.1104 -0.9734
vn 0.4003 -0.0869 -0.9122
vn 0.5795 -0.3005 -0.7575
vn 0.5188 -0.1745 -0.8369
vn 0.6188 -0.0794 -0.7815
vn 0.0754 -0.2159 -0.9735
vn 0.1167 0.0049 -0.9932
vn 0.0862 -0.2159 -0.9726
vn 0.0386 -0.7602 -0.6485
vn 0.1197 -0.6587 -0.7428
vn 0.2513 -0.6904 -0.6784
vn -0.1427 -0.2770 -0.9502
vn 0.0709 -0.2087 -0.9754
vn -0.1215 -0.3070 -0.9439
vn -0.1478 -0.4075 -0.9012
vn -0.2546 -0.2130 -0.9433
vn -0.2731 -0.3969 -0.8763
vn -0.3946 -0.3651 -0.8432
vn -0.2417 -0.3272 -0.9135
vn -0.1853 -0.4429 -0.8772
vn -0.4292 -0.0226 -0.9029
vn -0.3626 -0.2377 -0.9011
vn -0.3471 -0.0235 -0.9375
vn -0.3049 0.0495 -0.9511
vn -0.1948 -0.1463 -0.9699
vn -0.2878 0.0603 -0.9558
vn 0.1790 -0.1610 -0.9706
vn -0.0349 -0.0878 -0.9955
vn 0.1400 -0.2136 -0.9668
vn -0.1762 -0.0494 -0.9831
vn -0.2155 0.1719 -0.9613
vn -0.0800 0.0334 -0.9962
vn 0.0280 0.1356 -0.9904
vn -0.1674 0.2358 -0.9573
vn -0.1824 0.2125 -0.9600
vn -0.1573 0.0889 -0.9835
vn -0.0913 0.2789 -0.9560
vn 0.0185 0.2306 -0.9729
vn -0.1163 0.0292 -0.9928
vn 0.0580 0.1725 -0.9833
vn -0.0048 -0.0173 -0.9998
vn -0.2787 0.2236 -0.9340
vn -0.4753 0.1765 -0.8619
vn -0.4759 0.1641 -0.8641
vn -0.4843 0.3567 -0.7989
vn -0.5036 0.5123 -0.6956
vn -0.3683 0.5365 -0.7593
vn 0.0611 0.2751 -0.9595
vn 0.2732 0.2394 -0.9317
vn 0.1055 0.1468 -0.9835
vn 0.3780 0.0017 -0.9258
vn 0.4527 0.1878 -0.8717
vn 0.4230 0.2100 -0.8814
vn 0.0264 0.5366 -0.8434
vn 0.0028 0.6895 -0.7242
vn 0.1190 0.6720 -0.7309
vn 0.1627 0.4342 -0.8860
vn 0.2630 0.5686 -0.7795
vn 0.2443 0.3927 -0.8866
vn -0.6696 -0.0317 -0.7421
vn -0.7880 -0.0686 -0.6119
vn -0.6727 0.0085 -0.7399
vn -0.3064 0.6433 -0.7017
vn -0.2562 0.7676 -0.5875
vn -0.2008 0.6544 -0.7290
vn -0.1958 0.6656 -0.7202
vn -0.2909 0.7593 -0.5821
vn -0.2208 0.7801 -0.5853
vn 0.0072 0.7085 -0.7056
vn 0.0933 0.8144 -0.5728
vn 0.1150 0.8017 -0.5865
vn -0.0397 0.7307 -0.6816
vn 0.0328 0.8303 -0.5564
vn 0.0686 0.7137 -0.6971
vn 0.5599 0.3962 -0.7277
vn 0.5874 0.5402 -0.6026
vn 0.6467 0.4786 -0.5939
vn 0.5980 0.3773 -0.7072
vn 0.7402 0.3217 -0.5904
vn 0.7300 0.2717 -0.6271
vn 0.5938 0.3809 -0.7087
vn 0.7276 0.2921 -0.6207
vn 0.5886 0.3021 -0.7499
vn 0.7012 0.0308 -0.7123
vn 0.8133 0.0785 -0.5765
vn 0.8103 -0.0317 -0.5852
vn -0.6813 0.1906 -0.7067
vn -0.7483 0.2901 -0.5966
vn -0.7100 0.3419 -0.6157
vn -0.9982 -0.0604 -0.0065
vn -0.6635 -0.2772 0.6949
vn -0.9907 -0.1322 -0.0321
vn -0.9918 -0.1258 -0.0232
vn -0.6494 -0.3742 0.6620
vn -0.6919 -0.0104 0.7219
vn -0.9451 -0.3155 0.0856
vn -0.7077 0.1547 0.6894
vn -0.9140 -0.3921 0.1042
vn -0.7683 -0.6360 -0.0728
vn -0.3357 -0.7285 0.5972
vn -0.7332 -0.6711 -0.1101
vn -0.8288 -0.5150 0.2186
vn -0.2228 -0.6273 0.7463
vn -0.1611 -0.7869 0.5957
vn -0.5126 -0.8573 -0.0478
vn -0.0566 -0.7910 0.6091
vn -0.4691 -0.8788 -0.0874
vn -0.6095 -0.7556 0.2401
vn 0.0291 -0.6794 0.7332
vn 0.1440 -0.8277 0.5424
vn -0.1967 -0.9766 -0.0864
vn 0.2493 -0.7850 0.5671
vn -0.1068 -0.9861 -0.1272
vn -0.0940 -0.9863 -0.1357
vn 0.2067 -0.7905 0.5765
vn -0.3079 -0.7379 0.6005
vn 0.1749 -0.9820 0.0715
vn -0.3222 -0.7034 0.6335
vn 0.2478 -0.9643 0.0936
vn 0.4388 -0.8985 -0.0127
vn 0.3330 -0.5948 0.7316
vn 0.1146 -0.7031 0.7018
vn 0.3779 -0.9185 -0.1164
vn -0.2410 -0.8882 0.3912
vn 0.4433 -0.8947 -0.0549
vn 0.5835 -0.8117 0.0263
vn 0.6507 -0.3242 0.6867
vn 0.6549 -0.7557 0.0093
vn 0.7442 -0.6670 -0.0350
vn 0.5047 -0.4814 0.7166
vn 0.4415 -0.5526 0.7069
vn 0.8336 -0.5419 0.1067
vn 0.6193 -0.1131 0.7770
vn 0.8749 -0.4737 0.1011
vn 0.9754 -0.2186 0.0274
vn 0.6325 -0.1473 0.7604
vn 0.5866 -0.3791 0.7157
vn 0.9639 -0.2603 -0.0564
vn 0.6278 -0.3948 0.6709
vn 0.9841 -0.1763 -0.0215
vn 0.8361 0.1062 -0.5382
vn 0.8947 0.1466 -0.4219
vn 0.8117 0.1998 -0.5488
vn 0.9153 0.1002 -0.3902
vn 0.9665 0.0640 -0.2485
vn 0.9455 0.1716 -0.2768
vn 0.7310 0.3936 -0.5574
vn 0.7599 0.4702 -0.4488
vn 0.6665 0.4621 -0.5851
vn 0.8347 0.3429 0.4308
vn 0.7665 0.3216 0.5559
vn 0.7538 0.4417 0.4865
vn 0.5451 0.7219 -0.4262
vn 0.6205 0.7318 -0.2816
vn 0.5296 0.7900 -0.3089
vn 0.2122 0.8140 -0.5407
vn 0.1968 0.8838 -0.4245
vn 0.1132 0.8267 -0.5512
vn 0.2464 0.8865 -0.3917
vn 0.3017 0.9199 -0.2504
vn 0.1909 0.9412 -0.2788
vn -0.0728 0.8295 -0.5537
vn -0.1303 0.8863 -0.4443
vn -0.1758 0.8015 -0.5715
vn -0.0697 0.9076 -0.4140
vn -0.0252 0.9612 -0.2748
vn -0.1332 0.9451 -0.2984
vn -0.2772 0.8106 -0.5159
vn -0.3462 0.8463 -0.4049
vn -0.3519 0.7613 -0.5445
vn -0.5855 0.6499 -0.4846
vn -0.5577 0.7503 -0.3550
vn -0.6288 0.6883 -0.3617
vn -0.7735 0.4222 -0.4728
vn -0.8190 0.4547 -0.3501
vn -0.8006 0.3591 -0.4797
vn -0.8673 0.2137 -0.4496
vn -0.9082 0.2814 -0.3099
vn -0.9259 0.1835 -0.3301
vn 0.6389 0.4977 -0.5866
vn 0.7570 0.3825 -0.5298
vn 0.6384 0.5042 -0.5816
vn 0.2961 0.7075 -0.6416
vn 0.4555 0.6150 -0.6436
vn 0.4529 0.6353 -0.6255
vn -0.3593 0.7261 -0.5862
vn -0.2339 0.8250 -0.5145
vn -0.3687 0.7264 -0.5800
vn -0.6146 0.4215 -0.6668
vn -0.4952 0.5615 -0.6630
vn -0.5147 0.5626 -0.6470
vn -0.6991 0.3598 -0.6179
vn -0.6669 0.5126 -0.5409
vn -0.7217 0.3463 -0.5993
vn -0.7806 0.0015 -0.6251
vn -0.7578 0.1834 -0.6261
vn -0.7735 0.1745 -0.6093
vn 0.1811 0.0341 -0.9829
vn 0.2067 0.2461 -0.9469
vn 0.0848 0.0755 -0.9935
vn 0.0308 0.3077 -0.9510
vn -0.0185 0.4943 -0.8691
vn -0.1131 0.4551 -0.8832
vn -0.0893 0.1964 -0.9764
vn -0.2358 0.3415 -0.9098
vn -0.1328 0.1581 -0.9784
vn 0.1834 0.1414 -0.9728
vn 0.3254 -0.0274 -0.9452
vn 0.3121 -0.0423 -0.9491
vn 0.3336 0.2395 -0.9118
vn 0.3270 0.0231 -0.9448
vn 0.4058 0.0262 -0.9136
vn 0.4171 0.9043 0.0908
vn 0.6080 0.7857 0.1141
vn 0.5325 0.8464 -0.0019
vn 0.4710 0.5866 -0.6588
vn 0.4161 0.7215 -0.5534
vn 0.2890 0.7179 -0.6333
vn -0.0345 0.1349 -0.9903
vn 0.0894 0.3171 -0.9442
vn 0.0940 0.3148 -0.9445
vn -0.1064 0.1836 -0.9772
vn 0.0205 0.3645 -0.9310
vn -0.0436 0.1706 -0.9844
vn -0.1892 0.0814 -0.9786
vn -0.0503 0.2584 -0.9647
vn -0.1943 0.0846 -0.9773
vn -0.2891 0.0046 -0.9573
vn -0.1902 0.2084 -0.9594
vn -0.2289 0.2215 -0.9479
vn -0.4609 0.0516 -0.8859
vn -0.4048 0.2701 -0.8736
vn -0.3418 0.1381 -0.9296
vn -0.1243 0.0493 -0.9910
vn -0.3381 0.0973 -0.9361
vn -0.3435 0.0565 -0.9374
vn -0.0352 0.2635 -0.9640
vn -0.2159 0.2937 -0.9312
vn -0.2430 0.1716 -0.9547
vn -0.1760 -0.1022 -0.9791
vn -0.0078 -0.0064 -0.9999
vn 0.0482 -0.1259 -0.9909
vn 0.2420 -0.2010 -0.9492
vn 0.1273 -0.0497 -0.9906
vn 0.2348 0.0237 -0.9717
vn -0.4624 -0.2275 -0.8570
vn -0.4041 -0.0257 -0.9143
vn -0.4824 -0.2115 -0.8500
vn -0.2507 -0.4106 -0.8767
vn -0.3019 -0.2060 -0.9308
vn -0.2813 -0.4053 -0.8698
vn 0.1981 -0.4254 -0.8830
vn 0.1754 -0.2394 -0.9549
vn 0.3046 -0.2401 -0.9217
vn 0.3429 -0.5344 -0.7725
vn 0.4547 -0.3525 -0.8179
vn 0.4652 -0.5204 -0.7161
vn 0.5033 -0.2298 -0.8330
vn 0.3046 -0.2548 -0.9178
vn 0.5023 -0.2346 -0.8322
vn -0.7976 -0.0209 -0.6029
vn -0.6790 0.0274 -0.7336
vn -0.7883 -0.0700 -0.6113
vn -0.7016 -0.3244 -0.6344
vn -0.5848 -0.2582 -0.7690
vn -0.5644 -0.3530 -0.7462
vn -0.7124 -0.3486 -0.6090
vn -0.5785 -0.3717 -0.7261
vn -0.6654 -0.4576 -0.5898
vn -0.4827 -0.5770 -0.6588
vn -0.3124 -0.6564 -0.6867
vn -0.4891 -0.6002 -0.6329
vn -0.3766 -0.7642 -0.5236
vn -0.2584 -0.7152 -0.6494
vn -0.2941 -0.8171 -0.4958
vn -0.1896 -0.7466 -0.6377
vn -0.1522 -0.6175 -0.7717
vn -0.0748 -0.6617 -0.7460
vn -0.1695 -0.7751 -0.6087
vn -0.0577 -0.6888 -0.7227
vn -0.0805 -0.8082 -0.5834
vn 0.0445 -0.6512 -0.7576
vn 0.0790 -0.5017 -0.8614
vn 0.1743 -0.5450 -0.8201
vn 0.0902 -0.7390 -0.6676
vn 0.2405 -0.6466 -0.7240
vn 0.1346 -0.7691 -0.6248
vn 0.2565 -0.7447 -0.6161
vn 0.2054 -0.6312 -0.7480
vn 0.3266 -0.7112 -0.6225
vn 0.5688 -0.5484 -0.6130
vn 0.4122 -0.5905 -0.6938
vn 0.5753 -0.5304 -0.6226
vn 0.7787 -0.0909 -0.6207
vn 0.6458 -0.0994 -0.7570
vn 0.6702 -0.0170 -0.7420
vn -0.2856 -0.4037 -0.8692
vn -0.8346 -0.2070 -0.5104
vn -0.3219 -0.1297 -0.9378
vn -0.0508 -0.4650 -0.8838
vn -0.6460 -0.5022 -0.5749
vn -0.0755 -0.3938 -0.9161
vn -0.1741 -0.2846 -0.9427
vn -0.5513 -0.6588 -0.5119
vn -0.2055 -0.2598 -0.9435
vn 0.1992 -0.3594 -0.9116
vn 0.0126 -0.8714 -0.4905
vn -0.0056 -0.8970 -0.4421
vn 0.1305 -0.3505 -0.9274
vn 0.1074 -0.8720 -0.4775
vn 0.0598 -0.3586 -0.9316
vn 0.5591 -0.2158 -0.8005
vn 0.4704 -0.7780 -0.4165
vn 0.2614 -0.3619 -0.8948
vn 0.4424 -0.0739 -0.8938
vn 0.7399 -0.4963 -0.4541
vn 0.3366 -0.2117 -0.9176
vn 0.1694 0.0327 -0.9850
vn 0.6433 -0.3635 -0.6738
vn 0.6929 -0.2802 -0.6644
vn 0.2610 -0.0113 -0.9653
vn 0.7876 -0.2140 -0.5779
vn 0.2509 -0.0488 -0.9668
vn 0.9890 0.1289 0.0720
vn 0.9938 0.0530 0.0973
vn 0.5715 0.5814 0.5790
vn 0.9529 0.2960 -0.0667
vn 0.6418 0.3750 0.6689
vn 0.7347 0.0581 0.6759
vn 0.9039 0.4262 0.0360
vn 0.7905 -0.1307 0.5983
vn 0.8809 0.4717 0.0389
vn 0.8319 0.5547 -0.0152
vn 0.4181 0.6120 0.6713
vn 0.7942 0.6064 -0.0380
vn 0.6963 0.6989 -0.1634
vn 0.4204 0.6816 0.5989
vn 0.7099 0.3935 0.5842
vn 0.5817 0.8129 0.0267
vn 0.8564 0.2155 0.4692
vn 0.5154 0.8540 0.0712
vn 0.3137 0.9455 0.0874
vn 0.2643 0.5519 0.7909
vn 0.2383 0.9680 0.0791
vn 0.1040 0.9921 -0.0695
vn -0.0682 0.7400 0.6692
vn 0.3587 0.6888 0.6300
vn -0.0475 0.9971 0.0596
vn 0.4414 0.6702 0.5967
vn -0.1014 0.9920 0.0750
vn -0.2997 0.9540 0.0079
vn -0.3890 0.5827 0.7136
vn -0.3495 0.9368 -0.0187
vn -0.4053 0.9070 -0.1144
vn -0.6145 0.5389 0.5762
vn -0.3538 0.6678 0.6548
vn -0.6573 0.7525 0.0410
vn -0.8158 0.1289 0.5638
vn -0.7108 0.7033 0.0115
vn -0.7575 0.6517 -0.0384
vn -0.6557 0.3072 0.6897
vn -0.5229 0.4650 0.7144
vn -0.8288 0.5588 0.0299
vn -0.6699 0.1495 0.7273
vn -0.8700 0.4922 0.0305
vn -0.9419 0.3352 -0.0209
vn -0.6412 0.2405 0.7287
vn -0.6361 0.2553 0.7282
vn -0.9697 0.2335 0.0721
vn -0.6532 -0.1249 0.7468
vn -0.9864 0.1504 0.0661
vn -0.8191 0.0353 -0.5726
vn -0.6099 0.1641 0.7753
vn -0.5337 0.4086 0.7405
vn -0.6976 0.1544 -0.6997
vn -0.6303 0.4011 0.6647
vn -0.5499 0.4358 -0.7126
vn -0.5523 0.5670 -0.6112
vn -0.6383 0.2267 0.7356
vn -0.4614 0.4623 0.7572
vn -0.4745 0.4202 -0.7735
vn -0.4612 0.6645 0.5880
vn -0.2226 0.5922 -0.7744
vn -0.1471 0.7992 -0.5828
vn -0.4238 0.5105 0.7482
vn -0.1031 0.6202 0.7776
vn -0.1930 0.7460 0.6374
vn 0.1495 0.6944 -0.7039
vn -0.1850 0.6521 -0.7352
vn 0.2368 0.5629 0.7918
vn 0.1157 0.8196 -0.5611
vn -0.0965 0.6050 0.7904
vn 0.4509 0.6336 0.6286
vn 0.2785 0.6292 -0.7257
vn 0.0248 0.7157 -0.6980
vn 0.4777 0.4628 0.7467
vn 0.6799 0.4326 -0.5921
vn 0.2281 0.6726 0.7040
vn 0.1062 0.7827 0.6133
vn 0.6541 0.4540 -0.6049
vn 0.5264 0.5568 -0.6426
vn 0.7064 0.3508 0.6148
vn 0.5953 0.2501 -0.7636
vn 0.4855 0.4484 -0.7505
vn 0.7239 -0.0018 0.6899
vn 0.7264 0.0738 -0.6833
vn 0.6854 0.2722 -0.6754
vn 0.6871 0.0121 0.7264
vn 0.7300 0.2286 -0.6441
vn 0.6076 0.3225 0.7258
vn 0.4928 0.6917 0.5278
vn 0.5551 0.7259 0.4061
vn 0.6345 0.6566 0.4077
vn -0.8577 0.0431 0.5124
vn -0.8569 0.1076 0.5042
vn -0.7802 0.1852 0.5975
vn -0.8291 0.2842 0.4815
vn -0.9219 0.2527 0.2936
vn -0.8859 0.3680 0.2823
vn -0.7246 0.0963 0.6824
vn -0.8304 0.2116 0.5154
vn -0.7036 0.2004 0.6818
vn -0.7179 0.4462 0.5344
vn -0.8158 0.4606 0.3497
vn -0.7542 0.5600 0.3429
vn -0.7090 0.3597 0.6065
vn -0.7471 0.5037 0.4338
vn -0.6637 0.4348 0.6086
vn -0.5512 0.5501 0.6273
vn -0.6142 0.6400 0.4617
vn -0.5324 0.7086 0.4632
vn -0.5171 0.6809 0.5186
vn -0.4523 0.8180 0.3553
vn -0.4577 0.7166 0.5263
vn -0.4241 0.6669 0.6126
vn -0.3938 0.7810 0.4847
vn -0.3029 0.8135 0.4965
vn -0.1425 0.8525 0.5029
vn 0.0110 0.9289 0.3702
vn -0.0737 0.8523 0.5179
vn -0.1204 0.7959 0.5933
vn -0.0341 0.8796 0.4744
vn 0.0561 0.8712 0.4878
vn 0.2993 0.8131 0.4992
vn 0.2863 0.9072 0.3084
vn 0.3946 0.8673 0.3034
vn 0.1605 0.7186 0.6766
vn 0.2634 0.8241 0.5015
vn 0.2612 0.7001 0.6646
vn 0.5164 0.6746 0.5274
vn 0.4879 0.7870 0.3776
vn 0.5760 0.7520 0.3207
vn 0.5227 0.6419 0.5610
vn 0.6585 0.6467 0.3849
vn 0.5826 0.5934 0.5554
vn 0.6047 0.4653 0.6464
vn 0.7205 0.4835 0.4970
vn 0.7683 0.3936 0.5048
vn 0.8473 0.2404 0.4735
vn 0.9022 0.3235 0.2853
vn 0.9390 0.2103 0.2721
vn 0.7715 0.2982 0.5620
vn 0.8945 0.2330 0.3815
vn 0.7946 0.2229 0.5648
vn -0.1620 0.3486 0.9232
vn -0.0733 0.5123 0.8557
vn -0.0296 0.5056 0.8623
vn 0.1299 0.5221 0.8429
vn 0.3044 0.6024 0.7379
vn 0.1477 0.5109 0.8468
vn 0.5592 0.7204 0.4102
vn 0.6747 0.7040 0.2216
vn 0.5690 0.7114 0.4125
vn 0.3351 0.2009 0.9205
vn 0.4323 0.1277 0.8926
vn 0.4261 0.0518 0.9032
vn -0.2630 0.0407 0.9639
vn -0.4755 0.1049 0.8734
vn -0.2820 -0.0244 0.9591
vn -0.0811 -0.0567 0.9951
vn -0.2221 0.1385 0.9651
vn -0.2150 0.1466 0.9655
vn -0.1729 0.4226 0.8897
vn -0.3869 0.4883 0.7822
vn -0.3429 0.5320 0.7742
vn 0.0156 -0.0277 0.9995
vn -0.1374 0.1651 0.9767
vn 0.0055 -0.0363 0.9993
vn 0.0746 -0.0084 0.9972
vn -0.0219 0.2180 0.9757
vn 0.0089 0.2293 0.9733
vn -0.0159 0.4642 0.8856
vn 0.1407 0.4182 0.8974
vn 0.1667 0.3867 0.9070
vn -0.0382 0.0526 0.9979
vn 0.1619 0.1929 0.9678
vn 0.1672 0.1871 0.9680
vn 0.7507 0.3921 -0.5317
vn 0.6380 0.2874 -0.7144
vn 0.7052 0.4548 -0.5439
vn -0.1852 -0.1865 0.9648
vn -0.0501 0.0725 0.9961
vn -0.1626 -0.1982 0.9666
vn 0.0085 -0.0423 0.9991
vn 0.0196 -0.0750 0.9970
vn 0.2094 0.1128 0.9713
vn 0.6081 -0.1239 0.7841
vn 0.3659 -0.1620 0.9164
vn 0.6021 -0.1687 0.7804
vn 0.2795 -0.3872 0.8786
vn 0.2093 -0.1350 0.9685
vn 0.1300 -0.1800 0.9750
vn 0.0930 -0.5059 0.8576
vn 0.0228 -0.2642 0.9642
vn -0.0081 -0.5151 0.8571
vn -0.1121 -0.4402 0.8909
vn -0.0224 -0.1964 0.9803
vn -0.0747 -0.1790 0.9810
vn -0.1495 -0.5360 0.8309
vn -0.1390 -0.2834 0.9489
vn -0.2041 -0.5200 0.8294
vn -0.3974 -0.4508 0.7993
vn -0.1763 -0.3863 0.9054
vn -0.4402 -0.3671 0.8194
vn -0.4273 -0.0760 0.9009
vn -0.1718 -0.1592 0.9722
vn -0.1704 -0.0661 0.9832
vn -0.6004 -0.0953 0.7940
vn -0.3652 -0.0351 0.9302
vn -0.6053 -0.0354 0.7952
vn 0.5863 -0.4244 0.6900
vn 0.4774 -0.2708 0.8359
vn 0.4904 -0.4984 0.7150
vn 0.8981 -0.1603 0.4096
vn 0.9073 -0.1083 0.4064
vn 0.7943 -0.1016 0.5990
vn 0.8298 -0.4547 0.3236
vn 0.5277 -0.6774 -0.5124
vn 0.7349 -0.3671 -0.5703
vn 0.8230 -0.5030 -0.2639
vn 0.6586 -0.4338 0.6148
vn 0.5913 -0.5335 0.6048
vn 0.5479 -0.7500 0.3705
vn 0.4363 -0.6869 -0.5812
vn 0.8489 -0.3682 -0.3793
vn 0.2981 -0.7496 0.5909
vn 0.0196 -0.9682 -0.2492
vn 0.2295 -0.9277 -0.2945
vn 0.3044 -0.6864 0.6604
vn 0.5567 -0.8016 -0.2180
vn 0.4148 -0.6233 0.6629
vn -0.0272 -0.8394 0.5429
vn -0.0262 -0.9240 -0.3814
vn 0.1092 -0.8450 0.5234
vn -0.0847 -0.8805 0.4663
vn -0.0546 -0.8741 -0.4827
vn 0.2940 -0.8882 -0.3531
vn 0.0675 -0.9922 -0.1051
vn -0.2038 -0.7066 0.6776
vn -0.3260 -0.6830 0.6536
vn -0.0581 -0.8953 -0.4417
vn -0.4284 -0.8089 0.4027
vn -0.3821 -0.7805 -0.4948
vn -0.5731 -0.4890 0.6576
vn -0.2943 -0.9499 -0.1057
vn -0.4656 -0.5584 0.6865
vn -0.6483 -0.5440 0.5328
vn -0.8204 -0.4509 -0.3516
vn -0.6855 -0.6246 -0.3742
vn -0.4946 -0.8661 -0.0717
vn -0.6981 -0.3609 0.6184
vn -0.7708 -0.2838 0.5704
vn -0.9554 -0.0716 -0.2863
vn -0.9411 -0.1808 -0.2858
vn -0.7940 -0.1085 0.5982
vn -0.8754 -0.0756 0.4774
vn -0.8173 -0.4866 -0.3085
vn -0.8666 -0.0877 0.4912
vn -0.6616 -0.2828 0.6945
vn -0.7969 -0.3130 0.5168
vn -0.6348 -0.3951 0.6641
vn 0.0057 -0.7154 0.6987
vn 0.1768 -0.7959 0.5791
vn 0.2257 -0.7589 0.6109
vn 0.6163 -0.1974 0.7624
vn 0.7741 -0.2141 0.5958
vn 0.6673 -0.0786 0.7406
vn 0.6431 0.1648 -0.7478
vn 0.9664 0.2537 -0.0418
vn 0.9522 0.3052 -0.0154
vn 0.6400 0.3775 -0.6693
vn 0.9019 0.4205 0.0987
vn 0.6502 0.3558 -0.6713
vn 0.8783 0.4759 0.0466
vn 0.8250 0.5636 0.0409
vn 0.6048 0.3599 -0.7104
vn 0.5382 0.4614 -0.7053
vn 0.6545 0.7547 0.0447
vn 0.4813 0.5083 -0.7141
vn 0.6748 0.7363 0.0511
vn 0.6032 0.7962 0.0481
vn 0.5844 0.4301 -0.6881
vn 0.1864 0.6619 -0.7260
vn 0.3968 0.9179 -0.0004
vn 0.3408 0.9400 0.0143
vn 0.1706 0.6781 -0.7149
vn 0.3723 0.9279 0.0209
vn 0.0949 0.7051 -0.7027
vn 0.0072 0.9994 -0.0350
vn 0.0032 0.9997 -0.0223
vn -0.0429 0.9991 0.0069
vn -0.0051 0.9992 0.0403
vn -0.0605 0.9960 0.0663
vn -0.0751 0.7209 -0.6889
vn -0.0870 0.5746 -0.8138
vn -0.5727 0.7903 -0.2177
vn -0.1761 0.5069 -0.8438
vn 0.2613 0.9114 -0.3179
vn -0.3966 0.9137 0.0885
vn -0.4511 0.8872 0.0972
vn -0.6212 0.7806 -0.0684
vn -0.6945 0.7163 -0.0678
vn -0.5018 0.3852 -0.7745
vn -0.7218 0.1508 -0.6755
vn -0.8213 0.5704 -0.0069
vn -0.8524 0.5227 0.0154
vn -0.9504 0.3033 -0.0695
vn -0.7442 -0.2187 -0.6312
vn -0.9276 0.3662 -0.0736
vn -0.7857 0.6157 -0.0603
vn -0.6079 0.2506 -0.7535
vn -0.5830 0.2845 -0.7610
vn -0.9992 0.0386 0.0055
vn -0.6550 0.2659 -0.7073
vn -0.9900 0.1404 0.0128
vn -0.9840 0.1695 0.0557
vn -0.6989 0.1193 -0.7052
vn -0.7064 0.0759 -0.7038
vn -0.6396 -0.1729 -0.7490
vn -0.5692 -0.0047 -0.8222
vn -0.5782 -0.0362 -0.8151
vn -0.7469 -0.3984 -0.5323
vn -0.6873 -0.2396 -0.6858
vn -0.6616 0.0208 -0.7496
vn -0.5650 0.3847 -0.7299
vn -0.5268 0.3904 -0.7550
vn -0.5895 0.3140 -0.7442
vn -0.8429 0.0764 -0.5326
vn -0.8123 0.0826 -0.5774
vn -0.7966 0.1401 -0.5880
vn -0.3587 0.4724 -0.8051
vn -0.1195 0.6148 -0.7795
vn 0.0357 0.7813 -0.6232
vn -0.3264 0.6852 -0.6511
vn 0.0923 0.8468 -0.5239
vn -0.1113 0.7587 -0.6419
vn -0.3751 0.5371 -0.7555
vn 0.0287 0.5502 -0.8345
vn 0.4034 0.6620 -0.6317
vn -0.0228 0.7735 -0.6334
vn -0.2441 0.8184 -0.5201
vn 0.1589 0.7497 -0.6424
vn -0.1730 0.8670 -0.4673
vn 0.0425 0.7664 -0.6409
vn -0.2305 0.9309 -0.2834
vn 0.0926 0.6616 -0.7441
vn -0.1875 0.8929 -0.4095
vn 0.1261 0.6349 -0.7622
vn 0.6331 0.2599 -0.7292
vn 0.7470 0.0283 -0.6642
vn 0.8592 -0.0994 -0.5019
vn 0.6222 0.2547 -0.7403
vn 0.7372 0.0985 -0.6684
vn 0.6490 0.1981 -0.7345
vn 0.7548 0.2240 -0.6165
vn 0.7474 0.5718 -0.3383
vn 0.7612 0.0570 -0.6460
vn -0.4471 -0.6914 0.5675
vn -0.5172 -0.7266 0.4522
vn -0.5963 -0.6603 0.4565
vn -0.8508 -0.1504 0.5034
vn -0.8610 -0.0938 0.5000
vn -0.7428 -0.0670 0.6661
vn 0.7475 -0.0621 0.6614
vn 0.7777 0.0140 0.6285
vn 0.8770 -0.0667 0.4758
vn 0.7058 -0.2315 0.6695
vn 0.8376 -0.2371 0.4922
vn 0.7257 -0.3074 0.6155
vn 0.7179 -0.4462 0.5344
vn 0.8158 -0.4606 0.3497
vn 0.7542 -0.5600 0.3429
vn 0.7090 -0.3597 0.6065
vn 0.7471 -0.5037 0.4338
vn 0.6637 -0.4348 0.6086
vn 0.5512 -0.5501 0.6273
vn 0.6142 -0.6400 0.4617
vn 0.5324 -0.7086 0.4632
vn 0.5171 -0.6809 0.5186
vn 0.4523 -0.8180 0.3553
vn 0.4577 -0.7166 0.5263
vn 0.4344 -0.6689 0.6032
vn 0.4009 -0.7817 0.4778
vn 0.3093 -0.8144 0.4910
vn 0.1437 -0.8477 0.5107
vn -0.0122 -0.9239 0.3824
vn 0.0738 -0.8472 0.5262
vn 0.1834 -0.8790 0.4401
vn 0.0928 -0.9242 0.3705
vn -0.0086 -0.9191 0.3940
vn -0.1442 -0.7711 0.6202
vn -0.1770 -0.8767 0.4473
vn -0.2739 -0.8504 0.4492
vn -0.1645 -0.7675 0.6196
vn -0.2761 -0.8542 0.4406
vn -0.2569 -0.7479 0.6121
vn -0.4747 -0.6651 0.5764
vn -0.4760 -0.7757 0.4143
vn -0.5643 -0.7342 0.3775
vn -0.4243 -0.6075 0.6715
vn -0.5478 -0.6722 0.4981
vn -0.5103 -0.5695 0.6444
vn -0.6948 -0.4160 0.5867
vn -0.7702 -0.4920 0.4060
vn -0.8255 -0.3953 0.4028
vn -0.6552 -0.4345 0.6181
vn -0.7988 -0.4080 0.4421
vn -0.7014 -0.3550 0.6181
vn -0.7762 -0.1804 0.6042
vn -0.8719 -0.2304 0.4320
vn -0.7889 -0.1350 0.5994
vn 0.7827 -0.0738 0.6180
vn 0.8794 -0.2020 0.4311
vn 0.7731 -0.1227 0.6223
vn 0.1620 -0.3486 0.9232
vn 0.0733 -0.5123 0.8557
vn 0.0296 -0.5056 0.8623
vn -0.1299 -0.5221 0.8429
vn -0.3044 -0.6024 0.7379
vn -0.1477 -0.5109 0.8468
vn -0.4214 -0.6417 0.6408
vn -0.5625 -0.6788 0.4722
vn -0.4372 -0.6286 0.6432
vn 0.0968 0.0038 0.9953
vn 0.3314 -0.0517 0.9421
vn 0.3274 -0.0720 0.9421
vn 0.1400 -0.0323 0.9896
vn 0.3505 -0.1301 0.9275
vn 0.1636 0.0216 0.9863
vn 0.0811 0.0567 0.9951
vn 0.2221 -0.1385 0.9651
vn 0.2150 -0.1466 0.9655
vn 0.1729 -0.4226 0.8897
vn 0.3869 -0.4883 0.7822
vn 0.3429 -0.5320 0.7742
vn -0.0105 0.0167 0.9998
vn 0.1559 -0.1657 0.9738
vn -0.0189 0.0083 0.9998
vn -0.0779 -0.0849 0.9933
vn 0.0626 -0.2858 0.9562
vn 0.0223 -0.3044 0.9523
vn 0.0159 -0.4642 0.8856
vn -0.1407 -0.4182 0.8974
vn -0.1667 -0.3867 0.9070
vn 0.0416 -0.0656 0.9970
vn -0.1579 -0.2036 0.9662
vn -0.1641 -0.1975 0.9665
vn -0.7172 -0.3056 0.6263
vn -0.7391 -0.4903 0.4619
vn -0.7777 -0.4400 0.4490
vn 0.0776 0.0621 0.9950
vn -0.0816 -0.1282 0.9884
vn 0.0387 0.0875 0.9954
vn -0.4356 -0.0435 0.8991
vn -0.6368 -0.0305 0.7704
vn -0.4382 -0.1174 0.8912
vn 0.2628 0.0916 0.9605
vn -0.0094 -0.0105 0.9999
vn 0.2763 0.0457 0.9600
vn -0.2411 0.0634 0.9684
vn -0.2389 0.1296 0.9624
vn -0.4947 0.0911 0.8643
vn -0.2938 0.3965 0.8697
vn -0.2272 0.1441 0.9631
vn -0.1495 0.1886 0.9706
vn -0.1198 0.4653 0.8770
vn -0.0224 0.2264 0.9738
vn -0.0280 0.4820 0.8757
vn 0.0923 0.4338 0.8963
vn 0.0313 0.1814 0.9829
vn 0.0742 0.1695 0.9827
vn 0.1396 0.5373 0.8318
vn 0.1389 0.2841 0.9487
vn 0.1969 0.5226 0.8296
vn 0.4136 0.4417 0.7962
vn 0.1887 0.3887 0.9019
vn 0.4522 0.3521 0.8195
vn 0.4564 0.0819 0.8860
vn 0.1985 0.1378 0.9704
vn 0.2057 0.0381 0.9779
vn -0.7136 0.4389 0.5460
vn -0.5828 0.3501 0.7333
vn -0.6147 0.5404 0.5745
vn -0.7828 0.1158 0.6115
vn -0.7994 0.0605 0.5978
vn -0.6504 0.0210 0.7593
vn -0.9959 -0.0129 -0.0900
vn -0.6722 0.0034 0.7403
vn -0.6652 0.0995 0.7400
vn -0.8585 -0.1205 -0.4985
vn -0.8938 0.2814 0.3491
vn -0.8143 0.2145 -0.5393
vn -0.7489 0.3801 0.5428
vn -0.5574 0.7995 -0.2241
vn -0.5815 0.7834 -0.2196
vn -0.7635 0.5770 -0.2899
vn -0.6937 0.4077 0.5938
vn -0.6286 0.5036 0.5927
vn -0.5099 0.7676 0.3882
vn -0.3891 0.7296 -0.5624
vn -0.7936 0.4602 -0.3980
vn -0.0584 0.8770 0.4769
vn -0.1591 0.8493 0.5034
vn -0.0847 0.8199 0.5663
vn 0.0710 0.8437 0.5321
vn 0.0697 0.9079 -0.4134
vn -0.2063 0.9237 -0.3228
vn 0.0298 0.9706 -0.2386
vn 0.3933 0.7293 0.5599
vn 0.0976 0.9665 -0.2375
vn 0.5229 0.7048 0.4794
vn 0.5623 0.6768 -0.4751
vn 0.2203 0.9154 -0.3369
vn 0.6574 0.4697 0.5893
vn 0.9274 0.2712 -0.2575
vn 0.8057 0.5059 -0.3081
vn 0.8494 0.2523 0.4635
vn 0.9162 -0.2250 -0.3316
vn 0.8431 0.3166 0.4348
vn 0.9701 0.0207 -0.2417
vn 0.9707 0.0148 -0.2400
vn 0.7700 0.0970 0.6306
vn 0.7862 0.0711 0.6138
vn 0.9485 -0.2345 -0.2130
vn 0.7882 0.1322 0.6011
vn 0.6504 0.2519 0.7166
vn 0.7651 0.3510 0.5398
vn 0.6094 0.3649 0.7039
vn 0.5026 0.4720 0.7243
vn 0.6226 0.5629 0.5436
vn 0.4429 0.5721 0.6903
vn 0.2494 0.6360 0.7303
vn 0.2495 0.7945 0.5536
vn 0.1339 0.6873 0.7139
vn -0.0541 0.7825 0.6203
vn -0.1369 0.8837 0.4476
vn -0.2050 0.8668 0.4547
vn -0.1027 0.6662 0.7387
vn -0.2145 0.7942 0.5685
vn -0.2063 0.6451 0.7357
vn -0.3210 0.6689 0.6705
vn -0.3559 0.7966 0.4887
vn -0.4674 0.7309 0.4974
vn -0.6318 0.0901 -0.7699
vn -0.9948 -0.0680 -0.0763
vn -0.9780 -0.1931 -0.0784
vn -0.6423 -0.2508 -0.7243
vn -0.9624 -0.2709 0.0217
vn -0.6461 -0.2364 -0.7257
vn -0.8911 -0.4367 -0.1233
vn -0.8412 -0.5256 -0.1270
vn -0.4348 -0.4068 -0.8034
vn -0.4673 -0.5255 -0.7110
vn -0.6580 -0.7516 0.0475
vn -0.5019 -0.4935 -0.7103
vn -0.6532 -0.7572 0.0003
vn -0.5800 -0.8146 -0.0048
vn -0.5993 -0.3788 -0.7053
vn -0.2035 -0.5710 -0.7953
vn -0.1519 -0.9841 -0.0916
vn -0.1204 -0.5808 -0.8051
vn -0.2864 -0.9516 0.1118
vn -0.1856 -0.9772 0.1035
vn -0.4668 -0.6467 -0.6032
vn 0.0450 -0.9968 -0.0660
vn 0.1049 -0.9916 -0.0752
vn 0.1993 -0.6112 -0.7660
vn 0.1872 -0.7010 -0.6882
vn 0.3581 -0.9312 0.0686
vn 0.1376 -0.7190 -0.6812
vn -0.1705 -0.8061 -0.5667
vn 0.3997 -0.9155 -0.0470
vn 0.4540 -0.8903 -0.0367
vn 0.6200 -0.7809 -0.0760
vn 0.6937 -0.7167 -0.0717
vn 0.7026 -0.2194 -0.6769
vn 0.5453 -0.4622 -0.6994
vn 0.7955 -0.6029 0.0604
vn 0.5156 -0.5012 -0.6949
vn 0.3066 -0.7518 -0.5838
vn 0.8209 -0.5701 -0.0325
vn 0.8538 -0.5205 -0.0153
vn 0.9456 -0.3204 -0.0564
vn 0.7443 0.1679 -0.6464
vn 0.9223 -0.3830 -0.0524
vn 0.9958 0.0165 0.0896
vn 0.7215 -0.2366 -0.6508
vn 0.9926 -0.0854 0.0862
vn 0.9890 -0.0910 0.1163
vn 0.7458 -0.0805 -0.6613
vn 0.7496 -0.0395 -0.6607
vn 0.6683 0.3801 -0.6395
vn 0.5575 0.0798 -0.8263
vn 0.5238 -0.3157 -0.7911
vn 0.5069 -0.5663 -0.6499
vn 0.5594 -0.4132 -0.7186
vn 0.6425 -0.2639 -0.7194
vn 0.6369 -0.0903 -0.7656
vn 0.3829 -0.3398 -0.8590
vn 0.1969 -0.6675 -0.7181
vn 0.1208 -0.7997 -0.5881
vn 0.2858 -0.6619 -0.6929
vn 0.4279 -0.5708 -0.7008
vn 0.4482 -0.4328 -0.7821
vn 0.0838 -0.5212 -0.8493
vn -0.2288 -0.7006 -0.6759
vn 0.2587 -0.6920 -0.6740
vn 0.5630 -0.6715 -0.4818
vn 0.0170 -0.7184 -0.6954
vn 0.2432 -0.6243 -0.7424
vn -0.0875 -0.5390 -0.8378
vn -0.4292 -0.5368 -0.7264
vn -0.1565 -0.6916 -0.7051
vn -0.0738 -0.7402 -0.6683
vn -0.2961 -0.6384 -0.7105
vn -0.1407 -0.6887 -0.7113
vn -0.2864 -0.5294 -0.7985
vn -0.2384 -0.5642 -0.7905
vn 0.0113 -0.8389 -0.5442
vn -0.1681 -0.5883 -0.7910
vn -0.4787 -0.3448 -0.8074
vn -0.5901 -0.3825 -0.7110
vn -0.7755 -0.1019 -0.6230
vn -0.6711 -0.2488 -0.6984
vn -0.5221 -0.4838 -0.7024
vn -0.5806 -0.1850 -0.7929
vn -0.6967 0.0786 -0.7131
vn -0.6542 -0.1983 -0.7299
vn -0.6580 -0.3039 -0.6890
vn -0.6779 -0.0902 -0.7296
vn 0.3674 -0.8955 0.2510
vn 0.4225 -0.7767 0.4671
vn 0.9006 -0.4346 0.0009
vn 0.3943 -0.9189 -0.0051
vn 0.3661 -0.9263 -0.0887
vn 0.9175 -0.3977 -0.0008
vn 0.9038 -0.4275 0.0188
vn 0.3311 -0.9374 -0.1076
vn 0.9038 -0.4275 0.0185
vn -0.2405 -0.4136 0.8781
vn 0.5210 -0.5449 0.6570
vn -0.2789 -0.3660 0.8878
vn -0.3277 -0.0921 0.9403
vn 0.3700 -0.4929 0.7875
vn -0.3556 -0.3225 0.8772
vn -0.8879 0.0952 0.4502
vn -0.8667 0.2548 0.4287
vn -0.8342 0.1031 0.5418
vn -0.4747 0.4576 0.7518
vn -0.4872 0.4341 0.7578
vn -0.6804 0.3925 0.6188
vn 0.3795 0.1048 0.9192
vn -0.2659 0.1103 0.9577
vn -0.3895 0.2691 0.8808
vn 0.7339 0.3339 0.5915
vn 0.5491 0.3354 0.7655
vn 0.5279 0.2844 0.8002
vn -0.3582 -0.3870 0.8496
vn -0.2115 -0.4973 0.8414
vn 0.3405 -0.7941 0.5035
vn -0.3187 0.2137 0.9234
vn 0.0543 -0.5289 0.8470
vn -0.4716 0.0407 0.8809
vn -0.6623 0.5078 0.5509
vn -0.6809 0.5678 0.4625
vn -0.6379 0.4744 0.6067
vn -0.2943 0.7612 0.5780
vn -0.3145 0.7635 0.5640
vn -0.4987 0.6939 0.5194
vn 0.5899 -0.0668 0.8047
vn 0.0812 0.2260 0.9707
vn 0.0361 0.4102 0.9113
vn 0.7023 0.0591 0.7094
vn 0.4719 0.3013 0.8286
vn 0.4213 0.3379 0.8416
vn -0.4795 -0.2811 0.8313
vn -0.4381 -0.4136 0.7981
vn -0.0339 -0.8866 0.4613
vn -0.0896 0.4409 0.8931
vn -0.1838 -0.4007 0.8976
vn -0.3123 0.3658 0.8767
vn -0.2990 0.7616 0.5749
vn -0.2748 0.8470 0.4552
vn -0.3011 0.7076 0.6392
vn 0.2671 0.7828 0.5620
vn 0.2611 0.7711 0.5807
vn 0.0472 0.8923 0.4489
vn 0.3711 -0.3763 0.8489
vn 0.1435 0.2045 0.9683
vn 0.2293 0.3854 0.8938
vn 0.5058 -0.4187 0.7542
vn 0.4888 -0.0524 0.8708
vn 0.4865 0.0340 0.8730
vn 0.2236 0.4654 0.8564
vn -0.3101 -0.2001 0.9294
vn -0.0051 0.5274 0.8496
vn 0.0727 0.8741 0.4802
vn 0.2713 0.8994 0.3428
vn 0.1160 0.8213 0.5586
vn 0.0510 -0.4536 0.8898
vn 0.2077 0.1947 0.9586
vn 0.4281 0.2390 0.8716
vn 0.6408 0.6324 0.4352
vn 0.5908 0.5315 0.6070
vn 0.5003 0.5358 0.6801
vn -0.1610 -0.7361 0.6575
vn -0.6223 -0.7463 0.2362
vn -0.2223 -0.7515 0.6211
vn -0.4366 0.4521 0.7778
vn -0.5588 0.3644 0.7449
vn -0.9010 -0.1552 0.4052
vn 0.3015 0.2377 0.9234
vn -0.5198 0.1102 0.8472
vn 0.1850 0.4350 0.8812
vn 0.6471 0.4577 0.6098
vn 0.6765 0.5097 0.5316
vn 0.6036 0.4683 0.6453
vn 0.8566 -0.0549 0.5130
vn 0.8337 -0.0855 0.5456
vn 0.9176 0.2372 0.3191
vn -0.2369 -0.2638 0.9350
vn 0.2975 0.1131 0.9480
vn 0.4831 0.0314 0.8750
vn -0.6209 -0.4437 0.6462
vn -0.2502 -0.5503 0.7966
vn -0.1779 -0.5213 0.8346
vn -0.5687 0.5445 0.6165
vn -0.8489 0.0306 0.5277
vn -0.8569 -0.3752 -0.3535
vn -0.9179 0.3914 0.0647
vn -0.9606 -0.1832 0.2092
vn -0.7873 0.3949 0.4735
vn -0.5603 0.3186 0.7646
vn -0.5269 0.5231 0.6699
vn -0.0495 0.8590 0.5096
vn -0.5676 0.6760 -0.4700
vn -0.4966 0.8573 0.1356
vn -0.8214 0.5181 0.2386
vn 0.1916 0.7698 0.6089
vn -0.5355 0.6352 0.5567
vn 0.0310 0.8425 0.5378
vn -0.0384 0.9510 0.3068
vn -0.5982 0.6665 0.4448
vn -0.2413 0.9160 -0.3205
vn 0.3238 0.9444 0.0580
vn 0.2188 0.7607 0.6112
vn 0.5176 0.7163 0.4679
vn 0.3574 0.6117 0.7058
vn 0.5542 0.5707 0.6059
vn 0.2482 0.9608 -0.1233
vn 0.9851 0.0934 0.1443
vn 0.8421 0.5388 0.0229
vn 0.9156 0.3963 -0.0684
vn 0.5950 0.3482 0.7244
vn 0.8296 0.4241 0.3632
vn 0.3747 0.5008 0.7803
vn 0.5109 -0.0369 0.8588
vn 0.5476 0.0210 0.8365
vn 0.9145 0.0014 0.4047
vn 0.9121 0.0683 0.4042
vn 0.5413 0.0777 0.8372
vn 0.8253 0.1824 -0.5344
vn 0.8670 0.0264 0.4976
vn 0.5158 0.4121 0.7510
vn 0.8644 0.1954 0.4633
vn -0.5329 0.2970 0.7924
vn 0.3912 0.6012 0.6968
vn 0.4033 0.6558 0.6382
vn 0.6724 0.3191 0.6679
vn -0.3103 0.5816 0.7520
vn 0.6352 0.3292 0.6986
vn 0.1169 0.8236 0.5550
vn -0.1716 0.4001 0.9002
vn 0.1741 0.7866 0.5925
vn -0.3586 0.7152 0.6000
vn 0.6254 -0.0522 0.7785
vn -0.4128 0.6971 0.5862
vn 0.3234 0.2683 0.9074
vn 0.7965 0.0843 0.5988
vn 0.8102 0.1729 0.5600
vn 0.6843 0.1313 0.7172
vn -0.2594 0.1060 0.9599
vn 0.7103 -0.0090 0.7038
vn 0.9078 0.0106 0.4192
vn 0.8867 0.0712 0.4568
vn 0.9990 0.0453 -0.0000
vn -0.9990 -0.0453 -0.0000
vn 0.8868 0.0712 0.4567
vn 0.9318 0.0283 0.3619
vn 0.9078 0.0884 0.4099
vn 0.8564 0.1608 0.4906
vn 0.6368 -0.0002 0.7711
vn 0.7195 0.1441 0.6794
vn 0.6395 0.1368 0.7565
vn 0.6821 0.4050 0.6089
vn 0.7270 0.4439 0.5238
vn 0.5869 0.5386 0.6045
vn 0.8609 -0.2859 0.4209
vn 0.4002 0.1017 0.9108
vn 0.3787 -0.6232 0.6843
vn 0.8228 -0.5665 0.0456
vn 0.9347 -0.3526 0.0448
vn 0.4248 -0.6889 0.5873
vn -0.3258 0.2018 0.9237
vn -0.6826 -0.1447 0.7163
vn -0.2762 0.1970 0.9407
vn -0.6571 -0.1039 0.7466
vn -0.5906 -0.6653 0.4568
vn 0.0185 -0.4732 0.8807
vn 0.1916 -0.6842 0.7036
vn -0.4731 -0.8464 0.2446
vn -0.1611 -0.9576 0.2390
vn 0.3403 -0.7437 0.5754
vn 0.0443 -0.9943 -0.0965
vn 0.3937 -0.9139 -0.0987
vn 0.7178 0.4741 0.5099
vn 0.7482 0.3169 0.5828
vn -0.6209 0.3139 0.7183
vn -0.6476 0.4890 0.5843
vn -0.3510 0.7737 0.5274
vn -0.1788 0.7922 0.5835
vn -0.2884 -0.5309 0.7969
vn 0.8566 0.1550 0.4921
vn 0.8982 0.0967 0.4289
vn -0.3878 0.2816 -0.8776
vn 0.2207 -0.0167 -0.9752
vn 0.1192 0.0663 -0.9907
vn 0.9029 0.1572 -0.4000
vn 0.9624 0.0781 0.2602
vn 0.9697 0.0657 0.2353
vn -0.7146 0.4491 0.5362
vn -0.5806 0.4733 0.6625
vn -0.5898 0.5620 0.5799
vn -0.7071 0.4949 0.5051
vn -0.6980 0.3938 0.5981
vn -0.5846 0.4809 0.6534
vn -0.3653 0.7248 0.5842
vn -0.3369 0.6640 0.6675
vn -0.2025 0.7140 0.6702
vn -0.3462 0.7455 0.5695
vn -0.1871 0.7274 0.6602
vn -0.1947 0.7931 0.5772
vn 0.1466 0.8167 0.5582
vn 0.1338 0.7617 0.6340
vn 0.2518 0.7146 0.6527
vn 0.0428 0.8049 0.5918
vn 0.1565 0.7074 0.6892
vn 0.1900 0.7727 0.6057
vn 0.3537 0.7049 0.6149
vn 0.3167 0.6400 0.7001
vn 0.4388 0.5600 0.7028
vn 0.4208 0.6920 0.5866
vn 0.4946 0.5411 0.6801
vn 0.5486 0.5869 0.5955
vn 0.6298 0.4901 0.6026
vn 0.5921 0.4143 0.6912
vn 0.7104 0.3204 0.6267
vn -0.7945 -0.6070 0.0162
vn -0.8327 -0.0547 0.5510
vn -0.9201 -0.3914 0.0134
vn -0.6892 -0.2975 0.6607
vn 0.5700 -0.4601 0.6807
vn 0.7002 0.2030 0.6845
vn -0.4183 -0.2419 0.8755
vn 0.4093 -0.0377 0.9116
vn -0.2840 -0.4311 0.8564
vn -0.4046 -0.6002 0.6900
vn -0.5579 -0.5775 0.5960
vn -0.4421 -0.4978 0.7461
vn -0.8843 -0.0061 0.4668
vn -0.8679 0.0315 0.4958
vn -0.8892 -0.2925 0.3517
vn 0.2410 0.4524 0.8586
vn -0.2450 0.0398 0.9687
vn -0.4564 0.0859 0.8856
vn 0.5834 0.5441 0.6030
vn 0.9458 0.2761 0.1707
vn 0.6531 0.4998 0.5688
vn 0.3394 0.4714 0.8140
vn -0.4454 0.6846 0.5770
vn 0.3665 0.4201 0.8302
vn 0.2222 0.2934 0.9298
vn -0.3864 0.6637 0.6405
vn 0.2226 0.5064 0.8331
vn 0.7558 -0.4781 0.4475
vn 0.7234 -0.4941 0.4821
vn 0.9043 -0.2444 0.3499
vn -0.4723 -0.2360 0.8492
vn 0.1472 -0.1964 0.9694
vn 0.2972 -0.3362 0.8937
vn -0.6685 -0.4319 0.6055
vn -0.4431 -0.5049 0.7408
vn -0.4034 -0.4876 0.7743
vn 0.3582 0.3870 0.8496
vn 0.2115 0.4973 0.8414
vn -0.3405 0.7941 0.5035
vn 0.3187 -0.2137 0.9234
vn -0.0543 0.5289 0.8470
vn 0.4716 -0.0407 0.8809
vn 0.6624 -0.5058 0.5527
vn 0.6815 -0.5655 0.4645
vn 0.6376 -0.4729 0.6081
vn 0.5183 -0.6125 0.5969
vn 0.5702 -0.5787 0.5831
vn 0.6901 -0.4238 0.5866
vn -0.7068 0.0239 0.7070
vn -0.2708 -0.1913 0.9434
vn -0.2419 -0.3212 0.9156
vn -0.6473 -0.2310 0.7264
vn -0.3520 -0.4344 0.8291
vn -0.2966 -0.4502 0.8422
vn 0.4804 0.2725 0.8337
vn 0.4477 0.4042 0.7976
vn 0.0605 0.8904 0.4512
vn 0.0744 -0.4193 0.9048
vn 0.1849 0.4193 0.8888
vn 0.2991 -0.3516 0.8871
vn 0.2641 -0.7778 0.5703
vn 0.2424 -0.8534 0.4614
vn 0.2649 -0.7275 0.6329
vn -0.2666 -0.7834 0.5615
vn -0.2607 -0.7717 0.5802
vn -0.0468 -0.8926 0.4484
vn -0.3711 0.3763 0.8489
vn -0.1435 -0.2046 0.9683
vn -0.2293 -0.3855 0.8938
vn -0.5058 0.4187 0.7542
vn -0.4888 0.0524 0.8708
vn -0.4865 -0.0340 0.8730
vn 0.9078 0.0106 0.4193
vn 0.9990 -0.0453 -0.0000
vn 0.8886 -0.0743 0.4527
vn -0.8113 -0.1168 0.5728
vn -0.8198 -0.1720 0.5463
vn -0.3478 -0.2350 0.9076
vn -0.5738 0.5498 0.6071
vn -0.5803 0.4973 0.6449
vn -0.8597 -0.0142 0.5107
vn -0.7358 -0.0672 0.6739
vn -0.4741 0.4274 0.7698
vn -0.9190 -0.3362 -0.2061
vn -0.9716 0.0461 0.2320
vn -0.7293 0.4975 0.4696
vn -0.9343 -0.0900 0.3449
vn 0.5106 -0.0033 0.8598
vn 0.9093 0.0387 0.4143
vn 0.8523 0.0257 -0.5224
vn 0.8977 0.2453 -0.3659
vn 0.8571 -0.0455 0.5131
vn 0.8710 -0.2020 0.4479
vn 0.9143 -0.3935 0.0964
vn 0.9501 0.1802 0.2547
vn 0.7461 -0.4552 0.4860
vn 0.5666 -0.3362 0.7523
vn 0.5295 -0.5386 0.6554
vn 0.0500 -0.8693 0.4918
vn 0.5676 -0.6760 -0.4700
vn 0.4966 -0.8573 0.1356
vn 0.8214 -0.5181 0.2386
vn -0.1895 -0.7721 0.6065
vn 0.5374 -0.6359 0.5540
vn -0.0286 -0.8441 0.5354
vn 0.0384 -0.9510 0.3068
vn 0.5982 -0.6665 0.4448
vn 0.2413 -0.9160 -0.3205
vn -0.2959 -0.9443 0.1443
vn -0.2271 -0.6978 0.6794
vn -0.4809 -0.6903 0.5406
vn -0.7721 -0.3208 0.5486
vn -0.3967 -0.6700 0.6275
vn -0.7388 -0.4849 0.4681
vn -0.7959 -0.6021 0.0636
vn -0.4698 -0.8210 0.3244
vn -0.3981 -0.4543 -0.7970
vn -0.5671 -0.6057 0.5581
vn -0.1440 -0.9821 -0.1216
vn -0.3741 -0.6382 0.6729
vn 0.1347 0.0772 0.9879
vn -0.7294 -0.2261 0.6457
vn -0.6864 -0.3792 0.6205
vn 0.4148 -0.0142 0.9098
vn 0.7305 -0.3799 0.5675
vn 0.7575 -0.3689 0.5386
vn 0.4687 -0.3648 0.8045
vn -0.4106 -0.2816 0.8673
vn 0.5180 -0.4383 0.7345
vn 0.5963 -0.2938 0.7470
vn -0.3065 -0.5795 0.7551
vn -0.3559 -0.5586 0.7492
vn -0.1904 -0.6267 0.7556
vn 0.5407 0.1383 0.8298
vn 0.6211 -0.0741 0.7802
vn -0.6724 -0.3191 0.6679
vn 0.3103 -0.5816 0.7520
vn -0.6352 -0.3292 0.6986
vn -0.1155 -0.8242 0.5545
vn 0.1721 -0.4004 0.9000
vn -0.1736 -0.7869 0.5922
vn 0.5212 -0.3142 0.7935
vn -0.7004 -0.4318 0.5684
vn -0.7327 -0.4468 0.5134
vn -0.7387 0.0146 0.6739
vn -0.8277 0.0476 0.5591
vn -0.8133 -0.1120 0.5709
vn -0.7611 0.0508 0.6466
vn -0.8046 -0.0992 0.5855
vn -0.7333 -0.0743 0.6759
vn -0.6893 -0.2160 0.6916
vn -0.7383 -0.2863 0.6107
vn -0.6205 -0.3788 0.6867
vn -0.9990 0.0453 -0.0000
vn 0.8885 -0.0743 0.4528
vn 0.8258 -0.0864 0.5573
vn 0.8540 0.0109 0.5201
vn 0.8226 0.0232 0.5681
vn 0.8137 -0.1116 0.5705
vn 0.7847 -0.0373 0.6187
vn 0.8018 -0.2045 0.5615
vn 0.8391 -0.0780 0.5383
vn 0.7255 -0.1765 0.6652
vn 0.7785 -0.2238 0.5863
vn -0.9410 -0.0315 -0.3370
vn -0.8891 -0.1818 0.4201
vn -0.9508 0.2582 -0.1712
vn -0.6519 0.1658 0.7399
vn -0.4668 0.8122 0.3500
vn -0.6654 0.6610 0.3470
vn 0.9133 -0.1106 0.3920
vn 0.9102 -0.1027 0.4012
vn 0.9554 -0.1992 -0.2179
vn -0.5464 -0.2607 -0.7959
vn -0.0623 -0.0712 -0.9955
vn 0.0403 0.0201 -0.9990
vn -0.6586 -0.3867 0.6455
vn 0.7002 -0.4940 0.5155
vn -0.3358 0.2709 0.9021
vn 0.6134 0.6092 0.5027
vn 0.4902 0.8659 -0.0991
vn 0.1789 0.9791 -0.0968
vn 0.3692 0.5868 0.7207
vn -0.0202 0.9199 0.3916
vn -0.3689 0.8341 0.4102
vn 0.2959 0.5551 0.7773
vn -0.2357 0.8286 0.5079
vn -0.3902 0.1907 0.9008
vn 0.6476 -0.4890 0.5843
vn 0.3510 -0.7737 0.5274
vn 0.1788 -0.7922 0.5835
vn -0.3388 0.6881 0.6417
vn -0.4508 -0.6658 0.5946
vn -0.0102 0.5955 0.8033
vn 0.8269 -0.0305 0.5615
vn 0.7609 -0.2092 0.6143
vn 0.8270 -0.1859 0.5306
vn 0.5731 -0.6185 0.5375
vn 0.5970 -0.5296 0.6026
vn 0.4693 -0.5544 0.6874
vn 0.3653 -0.7248 0.5842
vn 0.3369 -0.6640 0.6675
vn 0.2025 -0.7140 0.6702
vn 0.3462 -0.7455 0.5695
vn 0.1871 -0.7274 0.6602
vn 0.1947 -0.7931 0.5772
vn -0.0678 -0.8159 0.5742
vn -0.0706 -0.7532 0.6540
vn -0.2084 -0.7330 0.6476
vn -0.0335 -0.8031 0.5949
vn -0.1775 -0.7231 0.6676
vn -0.1823 -0.7872 0.5891
vn -0.6460 -0.4615 0.6081
vn -0.6000 -0.4024 0.6914
vn -0.7266 -0.2945 0.6207
vn 0.8216 0.5409 -0.1803
vn 0.5688 0.7012 0.4298
vn 0.9301 0.3176 -0.1847
vn -0.6140 -0.5052 0.6064
vn -0.7413 -0.1534 0.6535
vn -0.6530 -0.5529 0.5176
vn -0.0816 0.4891 0.8684
vn -0.2815 -0.1644 0.9454
vn -0.4522 -0.2308 0.8615
vn -0.4368 0.1128 0.8925
vn 0.0426 0.7317 0.6803
vn -0.2801 0.2110 0.9365
vn 0.3719 -0.2931 0.8808
vn 0.5939 0.4525 0.6652
vn 0.3233 -0.2737 0.9059
vn -0.1444 -0.3605 0.9215
vn 0.4442 0.2367 0.8641
vn 0.0724 -0.4535 0.8883
vn -0.1869 -0.8409 0.5078
vn -0.3362 -0.8303 0.4445
vn -0.2523 -0.7938 0.5533
vn -0.1185 0.4993 -0.8583
vn 0.0616 0.4595 -0.8861
vn -0.1112 0.0967 -0.9891
vn 0.1018 -0.0984 -0.9899
vn 0.4725 0.0909 -0.8767
vn 0.5066 -0.1478 -0.8494
vn -0.4912 0.5032 -0.7109
vn -0.2968 0.3423 -0.8915
vn -0.2024 0.1017 -0.9740
vn 0.0182 -0.8452 -0.5342
vn -0.1945 -0.8587 -0.4741
vn -0.4685 -0.8433 -0.2632
vn 0.4997 -0.5029 -0.7053
vn 0.3111 -0.3411 -0.8871
vn 0.2188 -0.1051 -0.9701
vn -0.0125 0.8185 -0.5744
vn 0.1951 0.8354 -0.5138
vn 0.4667 0.8290 -0.3081
vn 0.0369 -0.3982 -0.9166
vn -0.0786 -0.4169 -0.9055
vn 0.1480 -0.7401 -0.6560
vn -0.7145 -0.2117 -0.6668
vn -0.3498 0.0268 -0.9364
vn -0.4720 -0.5770 -0.6665
vn -0.1829 -0.7207 -0.6687
vn 0.1272 -0.3348 -0.9337
vn 0.1071 -0.7278 -0.6774
vn -0.7250 0.1311 -0.6762
vn -0.0000 -0.0000 -1.0000
vn -0.7327 -0.0775 -0.6762
vn -0.7826 -0.1752 -0.5973
vn -0.1252 0.0732 -0.9894
vn -0.4370 0.1793 -0.8814
vn -0.7458 -0.0692 -0.6625
vn -0.3417 0.0499 -0.9385
vn -0.3298 0.0837 -0.9403
vn 0.1021 0.4025 -0.9097
vn 0.0815 0.4129 -0.9071
vn 0.0591 0.0600 -0.9964
vn 0.2581 -0.2250 -0.9396
vn 0.7350 -0.0620 -0.6752
vn 0.6469 -0.3542 -0.6753
vn 0.3079 -0.2045 -0.9292
vn 0.6392 -0.4139 -0.6482
vn 0.3478 -0.1591 -0.9240
vn -0.0164 -0.4007 -0.9161
vn 0.6391 -0.4762 -0.6039
vn 0.2647 -0.7487 -0.6078
vn 0.6253 0.3917 -0.6749
vn 0.0014 0.0010 -1.0000
vn 0.2475 0.6949 -0.6751
vn 0.1431 0.7236 -0.6752
vn 0.0003 0.0013 -1.0000
vn 0.0631 0.7273 -0.6834
vn 0.2492 -0.7088 -0.6599
vn 0.2413 -0.6628 -0.7088
vn 0.0813 -0.6663 -0.7413
vn -0.0325 -0.6669 -0.7444
vn -0.3384 -0.5363 -0.7732
vn -0.2847 -0.6179 -0.7329
vn -0.3669 -0.6171 -0.6961
vn -0.4077 -0.5091 -0.7580
vn -0.4295 -0.4941 -0.7559
vn -0.4734 -0.4876 -0.7336
vn -0.6420 -0.1487 -0.7522
vn -0.6369 -0.2683 -0.7227
vn -0.7314 -0.1771 -0.6585
vn -0.6926 -0.0382 -0.7203
vn -0.6852 -0.0809 -0.7239
vn -0.7093 -0.0365 -0.7040
vn -0.6018 0.2862 -0.7456
vn -0.6757 0.2311 -0.7000
vn -0.6970 0.1523 -0.7008
vn -0.6218 0.1803 -0.7621
vn -0.5914 0.3007 -0.7482
vn -0.5062 0.4589 -0.7302
vn -0.1144 0.7180 -0.6866
vn -0.2896 0.6498 -0.7028
vn -0.2911 0.6866 -0.6662
vn -0.1531 0.6918 -0.7057
vn -0.1709 0.6817 -0.7114
vn -0.1798 0.7176 -0.6728
vn -0.1314 0.6730 -0.7279
vn -0.0534 0.6633 -0.7465
vn 0.0294 0.6717 -0.7402
vn 0.3266 0.5427 -0.7738
vn 0.2812 0.6225 -0.7304
vn 0.4413 0.5875 -0.6783
vn 0.4746 0.4702 -0.7441
vn 0.4807 0.4646 -0.7437
vn 0.4875 0.5152 -0.7050
vn 0.6391 0.1992 -0.7429
vn 0.6499 0.2961 -0.6999
vn 0.7516 0.1827 -0.6338
vn 0.7041 0.0332 -0.7093
vn 0.6969 0.1141 -0.7080
vn 0.7222 0.0670 -0.6884
vn 0.6238 -0.1811 -0.7603
vn 0.6887 -0.1963 -0.6979
vn 0.5159 -0.5039 -0.6928
vn 0.1053 -0.7768 -0.6208
vn 0.3021 -0.6904 -0.6573
vn 0.3934 -0.6075 -0.6901
vn 0.2407 -0.6558 -0.7155
vn 0.2931 -0.6089 -0.7371
vn -0.0889 -0.7008 -0.7078
vn -0.0697 -0.6365 -0.7681
vn -0.2610 -0.5995 -0.7567
vn 0.6336 0.0408 -0.7726
vn -0.4327 0.1021 -0.8957
vn 0.5495 -0.3295 -0.7678
vn 0.0014 -0.0000 1.0000
vn 0.5554 0.0047 0.8316
vn -0.9948 0.1018 -0.0033
vn 0.5554 0.0046 0.8316
vn 0.5188 -0.0192 0.8547
vn -0.9741 0.0793 -0.2118
vn 0.3288 -0.0132 0.9443
vn 0.9374 -0.0674 -0.3418
vn -0.0258 0.0002 0.9997
vn 0.5336 0.0151 0.8456
vn -0.0243 0.0001 0.9997
vn -0.0652 0.1334 0.9889
vn -0.0613 -0.0031 0.9981
vn -0.8749 -0.0296 -0.4834
vn -0.8893 -0.0089 -0.4573
vn -0.0336 -0.0003 0.9994
vn -0.0416 -0.0006 0.9991
vn -0.0390 -0.0003 0.9992
vn -0.0310 -0.0001 0.9995
vn -0.0279 -0.0000 0.9996
vn -0.0096 0.0001 1.0000
vn -0.9032 0.0222 -0.4286
vn -0.9032 0.0223 -0.4286
vn 0.0886 -0.9011 -0.4245
vn -0.9690 0.1078 -0.2221
vn 0.9765 -0.0324 0.2133
vn -0.0014 -0.0000 1.0000
vn -0.5542 -0.0045 0.8324
vn 0.9948 -0.1018 -0.0033
vn -0.5175 0.0191 0.8555
vn 0.9712 -0.0792 -0.2246
vn -0.3148 0.0132 0.9491
vn -0.9408 0.0702 -0.3317
vn 0.0135 -0.0002 0.9999
vn -0.5427 -0.0188 0.8397
vn 0.0121 -0.0002 0.9999
vn 0.0522 -0.1328 0.9898
vn 0.0455 0.0036 0.9990
vn 0.8819 0.0422 -0.4695
vn 0.8946 0.0219 -0.4463
vn 0.0185 0.0001 0.9998
vn 0.0293 0.0009 0.9996
vn 0.0263 0.0004 0.9997
vn 0.0156 -0.0002 0.9999
vn 0.0153 -0.0000 0.9999
vn 0.0096 -0.0001 1.0000
vn 0.9032 -0.0222 -0.4286
vn 0.9032 -0.0223 -0.4286
vn -0.0937 0.9011 -0.4234
vn 0.9664 -0.1077 -0.2335
vn -0.9739 0.0323 0.2247
vn 0.1220 -0.3647 -0.9231
vn 0.1082 0.3869 -0.9158
vn 0.1298 -0.3636 -0.9225
vn 0.3693 -0.0264 -0.9289
vn -0.3447 0.1758 -0.9221
vn 0.3729 0.0165 -0.9277
vn 0.5758 -0.3958 -0.7154
vn -0.0097 -0.0726 -0.9973
vn 0.1933 0.2081 -0.9588
vn 0.1455 -0.5076 -0.8493
vn -0.2614 0.1168 -0.9582
vn -0.0245 -0.5418 -0.8401
vn -0.3060 -0.2911 -0.9064
vn 0.1639 0.2895 -0.9431
vn 0.3049 0.1539 -0.9399
vn -0.3773 -0.1180 -0.9185
vn 0.3258 0.1439 -0.9344
vn -0.3927 -0.0629 -0.9175
vn -0.3570 0.4106 -0.8390
vn 0.1848 -0.0572 -0.9811
vn 0.0249 -0.2414 -0.9701
vn -0.1653 0.3406 -0.9256
vn 0.1211 -0.3670 -0.9223
vn -0.2135 0.3129 -0.9255
vn 0.2264 0.5728 -0.7878
vn 0.0440 -0.0835 -0.9955
vn -0.1951 -0.0189 -0.9806
vn -0.1587 -0.8679 0.4707
vn -0.1348 -0.7657 -0.6290
vn 0.1121 -0.8087 -0.5775
vn -0.4413 -0.5095 0.7387
vn -0.3179 -0.9117 -0.2605
vn -0.1521 -0.6313 0.7605
vn -0.7091 -0.5733 0.4106
vn -0.5249 -0.5805 -0.6225
vn -0.2756 -0.7413 -0.6120
vn -0.7872 -0.3099 -0.5332
vn -0.6810 -0.5242 -0.5113
vn -0.8458 -0.0898 0.5259
vn -0.7132 -0.0989 0.6939
vn -0.7445 -0.6122 -0.2664
vn -0.5286 -0.3894 0.7543
vn -0.7452 0.2971 -0.5970
vn -0.7958 0.0271 -0.6049
vn -0.7502 0.5030 0.4291
vn -0.5221 0.3607 0.7729
vn -0.9873 -0.0968 -0.1256
vn -0.5360 0.0360 0.8435
vn -0.4704 0.6629 -0.5825
vn -0.6882 0.5163 -0.5097
vn -0.2867 0.8499 0.4420
vn -0.3275 0.5992 0.7306
vn -0.8003 0.5062 -0.3214
vn -0.5331 0.3590 0.7661
vn 0.2432 0.6159 0.7493
vn -0.3201 0.9326 -0.1668
vn -0.0766 0.5645 0.8219
vn 0.2732 -0.8341 -0.4792
vn 0.4625 -0.7324 -0.4997
vn 0.4559 -0.6432 0.6152
vn 0.3765 0.8081 0.4530
vn 0.0755 0.8120 -0.5787
vn -0.1562 0.8536 -0.4970
vn 0.5017 0.5675 0.6529
vn 0.2831 0.8882 -0.3618
vn 0.2925 0.6708 0.6816
vn 0.6385 0.6452 0.4196
vn 0.5631 0.5331 -0.6314
vn 0.2876 0.7154 -0.6368
vn 0.5078 0.0138 0.8614
vn 0.8280 0.5605 -0.0163
vn 0.3096 0.3139 0.8976
vn 0.8691 0.2851 0.4042
vn 0.7868 -0.0926 -0.6103
vn 0.7173 0.1823 -0.6725
vn 0.5242 -0.2366 0.8180
vn 0.9771 -0.1435 -0.1570
vn 0.5540 0.0846 0.8282
vn 0.4444 -0.4528 0.7730
vn 0.6755 -0.6772 -0.2918
vn 0.5967 -0.2623 0.7584
vn 0.6444 -0.4699 0.6032
vn 0.6790 -0.5249 -0.5133
vn 0.8413 -0.3076 -0.4445
vn -0.0106 -0.6145 0.7888
vn 0.2962 -0.9250 -0.2380
vn 0.3197 -0.5024 0.8033
vn 0.3865 0.1398 0.9116
vn 0.8888 -0.2966 0.3492
vn 0.7891 0.5732 -0.2207
vn 0.1209 -0.5530 0.8244
vn 0.0336 -0.4297 0.9023
vn 0.0616 -0.4933 0.8677
vn 0.5857 0.0903 0.8054
vn 0.6352 0.0867 0.7674
vn 0.5922 -0.0046 0.8058
vn 0.5900 0.0146 0.8073
vn 0.6458 0.0929 0.7579
vn 0.6233 -0.0384 0.7810
vn 0.5355 -0.2412 0.8094
vn 0.5675 -0.1435 0.8108
vn 0.5833 -0.2658 0.7675
vn 0.5540 -0.2467 0.7951
vn 0.6021 -0.2709 0.7511
vn 0.5382 -0.3414 0.7706
vn 0.2973 -0.4957 0.8161
vn 0.3788 -0.4634 0.8012
vn 0.2380 -0.4573 0.8569
vn 0.2792 -0.7043 0.6527
vn 0.3266 -0.6701 0.6666
vn 0.2892 -0.6479 0.7047
vn -0.1695 -0.6315 0.7566
vn -0.1808 -0.5832 0.7920
vn -0.2446 -0.6142 0.7502
vn -0.4759 -0.3838 0.7913
vn -0.5652 -0.3127 0.7634
vn -0.4986 -0.3362 0.7989
vn -0.4536 -0.3601 0.8152
vn -0.4764 -0.3147 0.8210
vn -0.3608 -0.3790 0.8522
vn -0.2329 -0.6366 0.7352
vn -0.2406 -0.5791 0.7790
vn -0.1638 -0.5555 0.8153
vn -0.1209 0.5530 0.8244
vn -0.0336 0.4297 0.9023
vn -0.0616 0.4933 0.8677
vn -0.5680 -0.1049 0.8163
vn -0.6164 -0.0811 0.7833
vn -0.5596 0.0054 0.8288
vn -0.5936 -0.0314 0.8041
vn -0.6492 -0.1086 0.7528
vn -0.6277 0.0217 0.7782
vn -0.5354 0.2411 0.8094
vn -0.5675 0.1434 0.8108
vn -0.5833 0.2658 0.7675
vn -0.5540 0.2467 0.7951
vn -0.6021 0.2709 0.7511
vn -0.5382 0.3414 0.7706
vn -0.2973 0.4957 0.8161
vn -0.3788 0.4634 0.8012
vn -0.2380 0.4573 0.8569
vn -0.2792 0.7043 0.6527
vn -0.3266 0.6701 0.6666
vn -0.2892 0.6479 0.7047
vn 0.1695 0.6315 0.7566
vn 0.1808 0.5832 0.7920
vn 0.2446 0.6142 0.7502
vn 0.5232 0.2778 0.8056
vn 0.4818 0.2502 0.8398
vn 0.4617 0.3713 0.8056
vn 0.4764 0.4054 0.7802
vn 0.5069 0.2878 0.8125
vn 0.4526 0.3591 0.8162
vn 0.2321 0.5880 0.7748
vn 0.2586 0.5283 0.8087
vn 0.1618 0.4978 0.8521
vn 0.6183 0.3267 0.7148
vn 0.7654 -0.0561 -0.6411
vn 0.5664 0.6043 0.5604
vn 0.4404 -0.5142 -0.7360
vn -0.6550 0.3176 -0.6857
vn -0.3634 0.6278 -0.6883
vn 0.3795 -0.5621 -0.7349
vn -0.3923 0.6097 -0.6887
vn 0.3634 -0.5726 -0.7349
vn 0.3556 -0.5777 -0.7347
vn -0.5516 0.4703 -0.6889
vn 0.0509 0.7239 -0.6880
vn 0.0467 -0.6749 -0.7364
vn -0.0733 0.7230 -0.6870
vn 0.0959 -0.6695 -0.7366
vn 0.6810 0.0435 -0.7310
vn -0.7215 0.0296 -0.6918
vn 0.6814 -0.0089 -0.7319
vn 0.6722 0.1274 -0.7293
vn -0.7026 -0.1549 -0.6945
vn 0.6813 0.0716 -0.7285
vn 0.6103 -0.2861 -0.7387
vn -0.6693 -0.2804 -0.6880
vn -0.6743 0.2763 -0.6848
vn 0.5331 0.4193 -0.7349
vn -0.3721 -0.6219 -0.6890
vn -0.6414 -0.3385 -0.6885
vn 0.5713 0.3653 -0.7350
vn -0.6302 -0.3588 -0.6885
vn 0.6016 0.3125 -0.7351
vn 0.6079 0.3022 -0.7343
vn -0.5274 -0.4971 -0.6891
vn -0.7204 0.0790 -0.6891
vn -0.6759 -0.0656 -0.7341
vn 0.7248 0.0090 -0.6889
vn -0.6779 -0.0288 -0.7346
vn -0.5808 0.3546 -0.7328
vn 0.7201 0.0561 -0.6916
vn 0.6140 -0.3815 -0.6910
vn -0.5763 0.3619 -0.7327
vn 0.6182 -0.3747 -0.6910
vn -0.6046 0.3112 -0.7332
vn -0.1068 0.7204 -0.6853
vn 0.3769 0.6255 -0.6832
vn -0.3836 -0.5523 -0.7402
vn -0.5216 -0.4318 -0.7358
vn 0.4107 0.6022 -0.6846
vn 0.5951 0.4140 -0.6888
vn -0.5291 -0.4274 -0.7331
vn 0.5712 0.4437 -0.6906
vn -0.5028 -0.4586 -0.7328
vn -0.6122 -0.2621 -0.7460
vn 0.4953 0.5319 -0.6868
vn 0.6719 0.2991 -0.6776
vn -0.6507 -0.1628 -0.7417
vn 0.6618 0.3166 -0.6796
vn 0.7275 -0.0422 -0.6848
vn 0.4959 0.4595 -0.7369
vn -0.1762 -0.7068 -0.6851
vn -0.5300 -0.4977 -0.6866
vn 0.4900 0.4658 -0.7368
vn -0.5355 -0.4918 -0.6866
vn 0.4954 0.4599 -0.7369
vn -0.6012 0.3134 -0.7351
vn 0.7216 -0.0817 -0.6875
vn 0.5745 -0.4421 -0.6888
vn -0.5596 0.3828 -0.7350
vn 0.6116 -0.3898 -0.6885
vn -0.5803 0.3504 -0.7352
vn -0.5341 0.3967 -0.7466
vn 0.6722 -0.2902 -0.6811
vn 0.5933 -0.4361 -0.6766
vn -0.4089 0.5296 -0.7432
vn 0.6049 -0.4169 -0.6785
vn 0.0581 -0.7275 -0.6836
vn 0.0101 0.0083 0.9999
vn 0.3025 0.7030 0.6436
vn -0.0261 0.0101 0.9996
vn 0.7075 -0.2875 0.6456
vn -0.0117 0.0273 0.9996
vn 0.0050 -0.0075 1.0000
vn 0.1336 -0.0159 0.9909
vn 0.1651 0.0190 0.9861
vn 0.1326 -0.0141 0.9911
vn 0.0255 -0.1310 0.9911
vn 0.0585 -0.1650 0.9846
vn 0.0359 -0.1274 0.9912
vn -0.1137 -0.1550 0.9813
vn -0.1024 -0.1174 0.9878
vn -0.1240 -0.1080 0.9864
vn -0.1571 -0.0249 0.9873
vn -0.1389 -0.0176 0.9901
vn -0.1391 -0.0184 0.9901
vn 0.1679 -0.1173 0.9788
vn 0.1444 -0.0788 0.9864
vn 0.1967 -0.0906 0.9763
vn 0.1701 -0.0831 0.9819
vn 0.1258 -0.0850 0.9884
vn 0.1364 -0.0701 0.9882
vn 0.1390 -0.2126 0.9672
vn 0.1072 -0.2239 0.9687
vn 0.1131 -0.2167 0.9697
vn -0.1682 -0.0962 0.9810
vn -0.1238 -0.0849 0.9887
vn -0.1520 -0.1286 0.9800
vn -0.1018 -0.1500 0.9834
vn -0.0583 -0.1256 0.9904
vn -0.0539 -0.1409 0.9886
vn -0.0101 -0.0083 0.9999
vn -0.3025 -0.7030 0.6436
vn 0.0261 -0.0101 0.9996
vn -0.7075 0.2875 0.6456
vn 0.0117 -0.0273 0.9996
vn -0.0050 0.0075 1.0000
vn -0.1336 0.0159 0.9909
vn -0.1651 -0.0190 0.9861
vn -0.1326 0.0141 0.9911
vn -0.0255 0.1310 0.9911
vn -0.0585 0.1650 0.9846
vn -0.0359 0.1274 0.9912
vn 0.1137 0.1550 0.9813
vn 0.1024 0.1174 0.9878
vn 0.1240 0.1080 0.9864
vn 0.1571 0.0249 0.9873
vn 0.1389 0.0176 0.9901
vn 0.1391 0.0184 0.9901
vn -0.1679 0.1173 0.9788
vn -0.1444 0.0788 0.9864
vn -0.1967 0.0906 0.9763
vn -0.1701 0.0831 0.9819
vn -0.1258 0.0850 0.9884
vn -0.1364 0.0701 0.9882
vn -0.1390 0.2126 0.9672
vn -0.1072 0.2239 0.9687
vn -0.1131 0.2167 0.9697
vn 0.1682 0.0962 0.9810
vn 0.1238 0.0849 0.9887
vn 0.1520 0.1286 0.9800
vn 0.1018 0.1500 0.9834
vn 0.0583 0.1256 0.9904
vn 0.0539 0.1409 0.9886
vn 0.7785 0.0815 0.6223
vn 0.5868 0.5657 0.5793
vn 0.5390 0.8063 0.2437
vn -0.1609 0.9642 0.2106
vn -0.4346 0.5212 0.7345
vn -0.3767 0.5959 0.7093
vn -0.0914 0.8889 0.4489
vn 0.0055 0.5779 0.8161
vn -0.1441 0.2073 0.9676
vn -0.6529 0.7528 0.0830
vn -0.7866 0.1874 0.5884
vn -0.7603 0.3389 0.5541
vn -0.4680 0.6848 0.5586
vn -0.1321 0.4218 0.8970
vn -0.0542 0.0010 0.9985
vn -0.9659 0.2521 -0.0597
vn -0.8280 -0.3636 0.4269
vn -0.8999 -0.1925 0.3913
vn -0.8759 0.2546 0.4098
vn -0.6199 0.2305 0.7500
vn -0.3538 -0.0260 0.9350
vn -0.3308 -0.5814 0.7433
vn -0.2883 -0.5557 0.7798
vn -0.1650 -0.6235 0.7642
vn -0.7009 -0.3834 0.6014
vn -0.3263 -0.5582 0.7628
vn -0.4044 -0.5116 0.7581
vn -0.2761 -0.2802 0.9194
vn 0.1074 -0.3064 0.9458
vn -0.6123 -0.3729 0.6971
vn -0.5638 -0.8182 0.1130
vn 0.0139 -0.8937 0.4485
vn -0.1519 -0.8910 0.4278
vn -0.4106 -0.6775 0.6103
vn -0.1236 -0.3163 0.9406
vn 0.2358 -0.1586 0.9588
vn 0.7562 -0.1829 0.6283
vn 0.1815 -0.3831 0.9057
vn 0.5017 -0.2389 0.8314
vn 0.0904 -0.9699 0.2260
vn 0.3830 -0.5854 0.7146
vn 0.3449 -0.6231 0.7020
vn -0.0066 -0.8169 0.5767
vn -0.1074 -0.3511 0.9302
vn 0.1015 0.0347 0.9942
vn 0.7394 -0.3067 0.5993
vn 0.6711 -0.5118 0.5364
vn 0.7465 -0.2903 0.5988
vn 0.5608 -0.6682 0.4889
vn 0.2771 -0.4345 0.8570
vn 0.1909 -0.2536 0.9483
vn 0.6466 -0.6838 0.3381
vn 0.5140 -0.5922 0.6206
vn 0.4326 -0.2943 0.8522
vn 0.9627 -0.2026 0.1796
vn 0.6633 0.2203 0.7152
vn 0.7092 0.1399 0.6910
vn 0.9387 -0.2137 0.2706
vn 0.8987 -0.2286 0.3743
vn 0.7557 -0.1178 0.6442
vn 0.5299 0.2385 0.8138
vn 0.3384 0.2579 0.9050
vn 0.0658 0.3982 0.9149
vn 0.7111 0.4659 0.5266
vn 0.3351 0.6405 0.6910
vn 0.4141 0.5972 0.6869
vn 0.2936 0.3855 0.8748
vn -0.1037 0.4148 0.9040
vn 0.6369 0.4579 0.6202
vn 0.0931 0.6887 0.7191
vn 0.3601 0.6959 0.6214
vn 0.1034 0.9946 -0.0056
vn -0.4333 0.1120 0.8943
vn -0.7216 0.1122 0.6831
vn -0.0848 0.2263 0.9704
vn -0.1180 0.4347 0.8928
vn -0.3538 0.3535 0.8659
vn 0.1622 0.6102 0.7755
vn 0.8330 -0.0610 -0.5500
vn 0.3164 -0.7790 0.5414
vn 0.1653 -0.9615 0.2195
vn 0.6761 -0.2618 -0.6888
vn 0.4968 -0.5885 0.6378
vn 0.5796 -0.3573 -0.7324
vn 0.4805 -0.5113 -0.7125
vn 0.6859 -0.3139 0.6565
vn 0.5942 -0.3782 0.7099
vn 0.8152 0.4384 0.3783
vn 0.5232 -0.7909 -0.3174
vn 0.8319 0.5337 -0.1522
vn 0.7513 -0.1204 0.6489
vn 0.6059 -0.2819 -0.7439
vn 0.6517 -0.1124 -0.7501
vn 0.7642 0.0199 0.6446
vn 0.5644 -0.5383 -0.6258
vn 0.7436 0.0191 0.6684
vn 0.7764 0.0277 0.6296
vn 0.5856 -0.3411 -0.7353
vn 0.6109 -0.2592 -0.7481
vn 0.8773 0.4638 -0.1234
vn 0.5105 -0.7777 0.3667
vn 0.4683 -0.8617 -0.1951
vn 0.7450 -0.0951 0.6603
vn 0.6133 -0.3523 -0.7069
vn 0.7230 0.4425 0.5305
vn 0.7556 -0.2961 0.5844
vn 0.6114 -0.0887 -0.7863
vn 0.6557 0.1364 -0.7426
vn 0.8363 0.4939 -0.2381
vn 0.5621 -0.6953 0.4480
vn 0.8447 0.5312 -0.0651
vn 0.8503 0.5163 -0.1019
vn 0.5196 -0.8426 0.1414
vn 0.5172 -0.8504 -0.0965
vn 0.6379 -0.1228 0.7603
vn 0.7245 -0.3164 -0.6124
vn 0.6693 0.0735 0.7393
vn 0.7954 -0.1527 -0.5866
vn 0.5522 0.6810 0.4810
vn 0.8592 0.4307 -0.2762
vn 0.4925 0.8701 0.0196
vn 0.8508 -0.4900 0.1898
vn 0.5375 0.7461 -0.3929
vn 0.7048 0.6783 -0.2078
vn 0.6144 0.4044 0.6775
vn 0.6798 -0.3463 -0.6465
vn 0.6543 -0.2822 -0.7016
vn 0.6956 0.1817 0.6951
vn 0.6898 -0.5343 0.4885
vn 0.3408 0.4869 -0.8043
vn 0.2591 0.9091 0.3262
vn 0.7494 0.1325 -0.6488
vn 0.2126 0.9771 0.0057
vn 0.9623 -0.2015 0.1824
vn 0.9702 -0.2126 -0.1163
vn 0.2815 0.9511 0.1269
vn 0.8909 -0.1468 -0.4298
vn 0.2867 0.9391 0.1895
vn 0.4896 0.5598 -0.6685
vn 0.9130 -0.1218 0.3894
vn 0.4345 0.6435 -0.6302
vn 0.4105 0.6050 -0.6822
vn 0.8341 0.0757 0.5464
vn 0.5325 0.4157 -0.7373
vn 0.5958 0.3840 -0.7054
vn 0.3692 0.8295 -0.4192
vn 0.9012 -0.1896 0.3898
vn 0.3208 0.9466 0.0310
vn 0.9410 -0.3235 0.0998
vn 0.9280 -0.2897 -0.2345
vn 0.4364 0.8864 -0.1545
vn 0.8584 -0.3209 0.4002
vn 0.4350 0.8906 -0.1323
vn 0.8834 -0.4239 -0.1997
vn 0.4419 0.8970 0.0112
vn 0.8913 -0.4414 0.1033
vn 0.6170 0.4364 -0.6549
vn 0.6160 0.3129 0.7229
vn 0.7782 -0.1126 0.6178
vn 0.5212 0.5768 -0.6290
vn 0.8324 -0.1525 0.5328
vn 0.6019 0.3538 -0.7159
vn 0.6574 0.6552 -0.3722
vn 0.5742 -0.1941 0.7954
vn 0.7539 -0.5951 0.2784
vn 0.6806 0.3074 0.6650
vn 0.7639 -0.5223 -0.3789
vn 0.6849 0.2718 0.6761
vn 0.6707 0.1853 0.7182
vn 0.7450 -0.1211 -0.6560
vn 0.7125 0.2224 -0.6655
vn 0.6425 0.7658 -0.0272
vn 0.7583 -0.6387 0.1305
vn 0.7618 -0.6339 -0.1334
vn 0.1615 0.9452 0.2837
vn 0.9895 -0.1421 0.0264
vn 0.1626 0.9469 -0.2774
vn 0.3913 0.8615 -0.3236
vn 0.3645 0.7004 0.6137
vn 0.7398 0.2337 -0.6310
vn 0.7831 -0.0565 0.6194
vn 0.2595 0.5849 -0.7685
vn 0.6269 0.6561 -0.4202
vn 0.9826 -0.0922 0.1611
vn 0.4711 0.8714 -0.1371
vn 0.3694 0.6869 -0.6259
vn 0.7339 0.2475 0.6325
vn 0.3189 0.7053 -0.6331
vn 0.5720 0.4500 0.6857
vn 0.7741 -0.2469 -0.5829
vn 0.5501 0.7364 0.3937
vn 0.6004 0.5104 0.6156
vn 0.6747 0.1256 0.7273
vn 0.6675 0.3784 -0.6413
vn 0.6302 0.2451 0.7367
vn 0.8629 -0.4519 -0.2263
vn 0.5262 0.7281 0.4394
vn 0.5550 0.0935 0.8266
vn 0.4933 0.8696 0.0209
vn 0.8497 -0.4902 0.1941
vn 0.4909 0.8702 0.0415
vn 0.5285 0.8455 0.0760
vn 0.8417 -0.5398 -0.0122
vn 0.8162 -0.4593 -0.3506
vn 0.8470 -0.2427 -0.4729
vn 0.5122 0.6695 0.5380
vn 0.6990 -0.1223 0.7045
vn -0.0103 0.9999 0.0005
vn 0.9661 0.1923 -0.1722
vn 0.3121 0.4875 -0.8154
vn 0.5683 0.7839 0.2503
vn 0.6632 0.0792 0.7443
vn 0.9221 -0.3403 -0.1845
vn 0.7197 0.3132 0.6196
vn 0.7854 -0.2062 -0.5837
vn 0.3379 0.6189 -0.7091
vn 0.9462 -0.0520 -0.3194
vn 0.1421 0.9713 -0.1909
vn 0.1078 0.9937 0.0293
vn 0.9460 -0.0488 -0.3203
vn 0.1437 0.9391 0.3120
vn 0.9506 -0.0619 -0.3042
vn 0.4082 0.6068 0.6820
vn 0.7642 0.2002 -0.6131
vn 0.1958 0.8521 0.4853
vn -0.0285 0.5791 -0.8147
vn 0.8190 0.4909 0.2971
vn 0.3814 0.0559 -0.9227
vn 0.5469 0.6068 0.5768
vn 0.8453 -0.2660 -0.4634
vn 0.4755 0.7934 0.3800
vn 0.4885 0.6306 0.6031
vn 0.8729 -0.2582 -0.4139
vn 0.8729 -0.2828 -0.3976
vn 0.9099 0.0739 -0.4081
vn 0.9408 0.3201 -0.1117
vn 0.5314 0.4113 0.7406
vn -0.5850 0.6769 0.4466
vn -0.7817 0.3570 0.5114
vn 0.3942 -0.2350 0.8885
vn 0.9211 0.2391 0.3073
vn 0.3814 -0.8332 -0.4003
vn 0.4090 -0.8272 -0.3853
vn 0.4447 -0.7276 -0.5223
vn 0.7498 -0.0023 0.6617
vn 0.4574 -0.7417 -0.4906
vn 0.8423 -0.5388 0.0120
vn 0.2851 -0.8653 0.4123
vn 0.8382 -0.5454 0.0017
vn 0.7857 -0.5988 -0.1552
vn 0.7749 -0.6142 -0.1494
vn 0.0805 -0.9534 -0.2909
vn 0.3725 -0.6840 -0.6272
vn 0.8102 -0.5858 0.0209
vn 0.8011 -0.5981 0.0219
vn 0.5528 0.6145 -0.5628
vn 0.5621 0.6053 -0.5636
vn -0.2066 0.7881 -0.5799
vn 0.5652 -0.4349 0.7010
vn 0.8962 -0.4436 0.0088
vn 0.5772 -0.4362 0.6904
vn 0.7413 -0.0656 -0.6680
vn 0.8678 -0.4959 -0.0312
vn 0.6211 -0.2633 -0.7382
vn 0.8359 -0.5458 -0.0576
vn 0.8325 -0.1841 0.5225
vn 0.8957 -0.1121 0.4302
vn 0.7683 -0.6380 0.0507
vn 0.9748 0.1527 0.1627
vn 0.1900 -0.9544 0.2301
vn 0.0047 0.7805 -0.6251
vn -0.1053 -0.6168 -0.7801
vn -0.2968 0.7356 -0.6090
vn 0.3160 -0.6967 -0.6440
vn -0.1425 0.6287 -0.7644
vn 0.2873 -0.7085 -0.6446
vn -0.1455 -0.8220 -0.5506
vn 0.2649 0.4943 -0.8280
vn -0.1130 -0.8279 -0.5494
vn -0.7882 -0.0996 -0.6073
vn 0.6051 -0.0871 -0.7913
vn -0.7341 -0.3271 -0.5950
vn -0.6197 0.4777 -0.6227
vn 0.4403 -0.4376 -0.7840
vn -0.7881 0.1394 -0.5996
vn -0.2512 0.7782 -0.5756
vn 0.0586 -0.5613 -0.8255
vn -0.6842 0.5261 -0.5050
vn 0.8924 0.3656 -0.2645
vn 0.9350 0.2922 -0.2010
vn 0.5859 -0.3990 -0.7053
vn 0.5061 -0.4814 -0.7156
vn 0.8705 -0.0926 -0.4834
vn 0.4062 -0.5779 -0.7079
vn 0.5829 -0.4485 -0.6775
vn 0.2261 -0.9700 0.0896
vn 0.2740 -0.9519 0.1370
vn -0.5891 0.4159 0.6928
vn -0.5169 0.4939 0.6992
vn -0.7326 0.6806 0.0046
vn 0.0944 -0.9955 0.0050
vn 0.4482 -0.5692 0.6893
vn 0.3399 -0.6535 -0.6763
vn 0.3709 -0.6431 -0.6699
vn 0.3741 -0.6077 0.7005
vn 0.2087 -0.6828 0.7001
vn 0.3030 -0.6598 -0.6876
vn 0.1324 -0.7205 0.6807
vn 0.1487 -0.7106 -0.6877
vn 0.0963 -0.7245 -0.6825
vn 0.0667 -0.7235 0.6871
vn -0.0960 -0.7228 0.6844
vn 0.0537 -0.7197 -0.6922
vn -0.1231 -0.7259 0.6767
vn -0.1213 -0.7097 -0.6940
vn -0.2121 -0.7074 -0.6742
vn -0.2201 -0.6855 0.6940
vn -0.3908 -0.6082 0.6909
vn -0.2265 -0.6983 -0.6790
vn -0.4420 -0.5862 0.6789
vn -0.3659 -0.6314 -0.6837
vn -0.4180 -0.5835 -0.6963
vn -0.4827 -0.5511 0.6806
vn -0.5333 -0.4831 -0.6944
vn -0.5820 -0.4599 -0.6707
vn -0.5365 -0.4724 0.6993
vn -0.6436 -0.3102 0.6997
vn -0.6065 -0.3895 -0.6931
vn -0.7021 -0.2284 0.6745
vn -0.6804 -0.2346 -0.6943
vn -0.7152 -0.1473 -0.6832
vn -0.7147 -0.1319 0.6868
vn -0.7279 0.0368 0.6847
vn -0.7137 -0.1173 -0.6905
vn -0.7324 0.0611 0.6781
vn -0.7196 0.0554 -0.6921
vn -0.7196 0.1447 -0.6792
vn -0.7081 0.1410 0.6919
vn -0.6572 0.3015 0.6908
vn -0.6994 0.1863 -0.6900
vn -0.6446 0.3505 0.6795
vn -0.6384 0.3387 -0.6912
vn -0.8632 0.0830 -0.4979
vn -0.6028 0.4014 0.6895
vn -0.7526 0.6578 -0.0319
vn 0.6282 0.6713 0.3934
vn 0.6335 0.6425 0.4310
vn 0.6720 0.5899 0.4476
vn -0.3909 0.8235 -0.4112
vn -0.4003 0.9162 0.0198
vn -0.3407 0.7821 0.5218
vn 0.8954 0.3245 0.3047
vn 0.9948 -0.0410 0.0934
vn 0.7157 0.6012 0.3555
vn -0.7738 -0.6128 -0.1605
vn -0.8380 -0.5394 -0.0828
vn -0.7547 -0.6537 -0.0565
vn -0.1811 0.8875 0.4238
vn 0.0004 0.9348 0.3551
vn -0.0146 0.9548 0.2967
vn 0.7445 -0.6676 0.0057
vn 0.7196 -0.6933 0.0395
vn 0.7579 -0.6501 0.0544
vn 0.1695 -0.9539 0.2475
vn 0.1900 -0.9184 0.3471
vn 0.7441 -0.6677 0.0222
vn 0.4470 -0.7349 -0.5101
vn 0.9163 -0.4002 0.0169
vn 0.9168 -0.3986 0.0221
vn 0.9774 0.2019 0.0618
vn 0.4341 -0.7836 0.4445
vn 0.4062 -0.8613 -0.3053
vn 0.9666 0.2313 0.1103
vn 0.2393 -0.9649 0.1085
vn 0.5662 -0.3826 -0.7301
vn 0.5903 -0.3119 -0.7444
vn 0.8445 -0.0041 0.5355
vn 0.6479 -0.3984 0.6493
vn 0.2811 -0.9110 0.3016
vn 0.5238 -0.4856 -0.6998
vn 0.8235 -0.5615 -0.0808
vn 0.5603 -0.6387 0.5274
vn 0.0309 -0.9665 0.2547
vn 0.6010 -0.5128 0.6131
vn 0.7726 -0.0018 -0.6349
vn 0.5670 -0.4725 0.6747
vn 0.6091 -0.2774 0.7430
vn 0.8094 0.0656 0.5836
vn 0.7857 -0.0080 0.6185
vn 0.9411 -0.3367 0.0324
vn 0.8961 0.2932 0.3334
vn 0.8634 0.2274 0.4505
vn 0.9425 -0.3335 0.0232
vn 0.6164 -0.4316 0.6586
vn 0.9516 -0.3066 0.0212
vn 0.9384 0.2843 0.1963
vn 0.2514 -0.9650 0.0749
vn 0.9567 0.0867 -0.2779
vn 0.6829 -0.2494 0.6866
vn 0.4396 -0.5506 -0.7096
vn 0.6718 -0.7402 -0.0259
vn 0.6720 -0.7401 -0.0241
vn 0.4710 -0.8768 0.0968
vn -0.2566 -0.9538 0.1559
vn 0.4706 -0.8816 0.0363
vn 0.9679 0.1513 0.2006
vn 0.9364 0.1459 0.3191
vn 0.7984 -0.6019 0.0160
vn 0.8314 -0.0982 0.5469
vn 0.8101 -0.5861 0.0103
vn 0.7992 -0.6008 0.0205
vn 0.8837 -0.0343 0.4668
vn 0.7369 -0.1407 0.6611
vn 0.3938 -0.5928 -0.7025
vn 0.6354 -0.3440 -0.6913
vn 0.7925 -0.5993 -0.1126
vn 0.7840 -0.6131 -0.0967
vn 0.5643 -0.4128 -0.7149
vn 0.2508 -0.8906 -0.3794
vn 0.4932 -0.4928 -0.7169
vn 0.3892 -0.8809 0.2693
vn 0.4147 -0.8448 0.3382
vn 0.9067 -0.4201 -0.0364
vn 0.7600 -0.0291 0.6492
vn 0.4391 -0.8892 0.1288
vn 0.9278 -0.3726 0.0209
vn 0.9419 -0.3288 0.0688
vn 0.6554 -0.2481 0.7134
vn 0.9792 -0.1985 -0.0411
vn 0.7939 0.1333 -0.5933
vn 0.5299 -0.6050 0.5943
vn 0.9788 0.2047 0.0021
vn 0.7115 -0.0194 -0.7025
vn 0.7280 0.0842 -0.6804
vn 0.6595 -0.2229 -0.7179
vn 0.7068 -0.0849 -0.7023
vn 0.7586 -0.2625 0.5964
vn 0.7568 -0.0070 0.6537
vn 0.6541 -0.2249 -0.7222
vn 0.6832 -0.1245 -0.7195
vn 0.6680 -0.2525 -0.7000
vn 0.6782 -0.1975 -0.7079
vn 0.6764 -0.1215 -0.7264
vn 0.8776 0.4314 -0.2090
vn 0.8081 -0.5174 0.2815
vn 0.9629 -0.2671 -0.0392
vn 0.8400 0.2000 0.5043
vn 0.9654 -0.2599 -0.0221
vn 0.7752 0.2001 -0.5992
vn 0.9568 -0.2874 -0.0438
vn 0.9855 -0.1651 -0.0400
vn 0.8475 -0.5248 -0.0794
vn 0.9952 -0.0446 0.0876
vn 0.9041 -0.2405 -0.3531
vn 0.9281 0.3037 -0.2155
vn 0.7422 0.0723 -0.6662
vn 0.7332 0.1791 -0.6561
vn 0.7456 0.0963 -0.6594
vn 0.9389 0.2592 -0.2266
vn 0.6395 -0.5963 0.4853
vn 0.9419 0.3158 -0.1141
vn 0.7569 0.4239 -0.4975
vn 0.6281 -0.6648 0.4044
vn 0.7623 0.4176 -0.4945
vn 0.6825 -0.2258 0.6951
vn 0.9945 -0.0871 -0.0581
vn 0.9020 0.0755 0.4250
vn 0.8009 0.4368 0.4097
vn 0.9818 -0.1821 0.0531
vn 0.9349 -0.0919 0.3428
vn 0.9780 0.2053 0.0369
vn -0.4791 -0.2388 0.8446
vn -0.8856 -0.4213 0.1958
vn -0.5314 -0.1119 0.8397
vn 0.8057 -0.2536 -0.5353
vn 0.6634 0.3817 0.6435
vn 0.8479 -0.3751 0.3746
vn 0.9479 0.3077 -0.0823
vn 0.4061 0.4773 -0.7793
vn 0.8163 -0.4486 -0.3639
vn 0.6646 0.2444 0.7061
vn 0.8575 0.2833 -0.4294
vn 0.7180 0.6416 0.2697
vn 0.7225 0.6356 0.2720
vn 0.7362 0.5910 -0.3299
vn 0.9464 0.3229 0.0081
vn 0.4230 0.8718 0.2472
vn 0.8910 0.1622 0.4241
vn 0.6866 0.6393 0.3461
vn 0.9121 -0.4037 -0.0713
vn 0.5810 0.6373 -0.5063
vn 0.5801 0.6537 -0.4860
vn 0.6305 0.4592 -0.6258
vn 0.7357 -0.0276 0.6767
vn 0.6687 0.2665 -0.6942
vn 0.7948 -0.1267 0.5935
vn 0.7463 0.0966 -0.6586
vn 0.8123 -0.1500 0.5637
vn 0.6553 0.2398 0.7163
vn 0.7307 0.6524 -0.2010
vn 0.6895 0.0929 0.7183
vn 0.5220 0.7095 -0.4734
vn 0.7009 0.2435 0.6704
vn 0.7394 0.6486 -0.1806
vn 0.6849 0.6778 -0.2672
vn 0.5017 0.7376 0.4519
vn 0.9286 -0.3464 0.1332
vn 0.9223 -0.3473 0.1696
vn 0.4461 0.8509 0.2775
vn 0.7986 0.3956 0.4536
vn 0.6406 0.4164 -0.6452
vn 0.6795 0.2266 -0.6978
vn 0.7086 0.1289 -0.6937
vn 0.8896 -0.2894 -0.3533
vn 0.4623 0.8741 -0.1491
vn 0.4805 0.8702 -0.1091
vn 0.6864 0.1557 -0.7104
vn 0.6435 0.2730 -0.7151
vn 0.6600 0.2232 -0.7173
vn 0.6883 0.1566 -0.7083
vn 0.7719 -0.1685 -0.6131
vn 0.5778 0.6529 -0.4897
vn 0.6055 0.6442 0.4673
vn 0.8948 -0.3663 0.2554
vn 0.8215 -0.1474 -0.5508
vn 0.6116 0.6248 0.4854
vn 0.8337 -0.1823 -0.5213
vn 0.6026 0.5744 -0.5541
vn 0.9509 -0.1333 0.2793
vn 0.6830 0.1589 -0.7129
vn 0.9379 -0.1547 -0.3105
vn 0.7020 -0.0345 -0.7113
vn 0.6957 0.0453 -0.7169
vn 0.7279 -0.0634 -0.6827
vn 0.6856 0.1303 0.7162
vn 0.9866 0.1392 -0.0846
vn 0.9977 0.0298 0.0608
vn 0.8990 -0.2748 0.3409
vn 0.9994 0.0289 0.0194
vn 0.9068 0.2549 0.3358
vn 0.8891 -0.2619 0.3753
vn 0.8983 0.2860 0.3337
vn 0.5479 -0.4331 0.7157
vn 0.5643 -0.5347 0.6290
vn 0.9218 0.2655 0.2823
vn 0.8799 -0.3635 0.3059
vn 0.9940 0.1095 0.0006
vn 0.9048 -0.2089 0.3710
vn 0.7039 0.3851 0.5968
vn 0.6407 0.7664 -0.0464
vn 0.9923 0.1206 0.0279
vn 0.6835 0.3483 0.6415
vn 0.6717 -0.7389 0.0537
vn 0.6716 -0.7382 0.0642
vn 0.7232 0.0836 0.6855
vn 0.7230 -0.0131 -0.6908
vn 0.9351 -0.2810 -0.2158
vn 0.8722 0.3376 -0.3539
vn 0.6740 0.3814 -0.6327
vn 0.6928 0.1737 -0.6999
vn 0.6957 0.1320 -0.7061
vn 0.6846 0.1899 -0.7037
vn 0.6972 0.0925 -0.7109
vn 0.7057 0.0254 -0.7080
vn 0.6398 0.5280 0.5584
vn 0.9582 -0.1506 -0.2432
vn 0.8246 0.4464 0.3475
vn 0.6724 0.2354 0.7017
vn 0.7810 0.5399 0.3139
vn 0.4850 0.8724 0.0607
vn 0.9337 -0.2223 -0.2809
vn 0.6869 0.1151 -0.7176
vn 0.7267 -0.0905 -0.6810
vn 0.6117 0.6821 0.4007
vn 0.5941 0.7356 0.3256
vn 0.9616 -0.2188 -0.1657
vn 0.7151 -0.0639 -0.6961
vn 0.6573 0.1847 -0.7307
vn 0.6635 0.0631 -0.7455
vn 0.8045 -0.3969 0.4420
vn 0.7871 -0.2858 0.5466
vn 0.9295 -0.3095 -0.2004
vn 0.6511 0.4045 -0.6422
vn 0.7364 -0.0727 0.6726
vn 0.7294 -0.0559 0.6818
vn 0.9965 0.0786 -0.0277
vn 0.7603 0.0489 0.6477
vn 0.8553 0.5172 0.0310
vn 0.4633 0.8844 -0.0563
vn 0.8525 0.3703 -0.3690
vn 0.5863 0.3821 0.7143
vn 0.3584 0.8927 -0.2731
vn 0.1632 0.8330 0.5286
vn 0.4751 0.5315 -0.7013
vn 0.0184 0.8925 -0.4507
vn 0.3478 0.9168 0.1963
vn 0.4865 0.4917 -0.7221
vn 0.6907 0.2979 0.6589
vn 0.6758 0.3305 -0.6588
vn 0.6582 0.3521 -0.6654
vn 0.7367 0.5030 0.4520
vn 0.8328 0.4153 -0.3660
vn 0.4994 0.8512 -0.1615
vn 0.5027 0.7876 -0.3563
vn 0.8052 0.3807 -0.4547
vn 0.9507 0.2371 -0.1999
vn 0.7264 0.6867 0.0279
vn 0.4389 0.5428 0.7161
vn 0.5790 0.3710 0.7260
vn -0.1221 0.9925 -0.0084
vn -0.1331 0.9910 -0.0140
vn 0.6012 0.7981 -0.0405
vn 0.9273 0.2726 0.2564
vn 0.6477 0.3769 0.6622
vn 0.3235 0.9224 -0.2108
vn 0.9962 -0.0870 -0.0001
vn 0.9704 -0.0597 -0.2339
vn 0.8769 0.3609 0.3175
vn 0.3690 0.9241 -0.0997
vn 0.6283 0.3706 0.6840
vn 0.6744 0.3215 0.6647
vn 0.7555 0.2971 0.5839
vn 0.8906 0.2035 0.4068
vn 0.2775 0.9451 -0.1722
vn 0.0987 0.9919 -0.0805
vn 0.5800 0.4283 0.6930
vn 0.4803 0.8064 0.3450
vn 0.8507 0.1182 0.5122
vn 0.1468 0.9421 -0.3016
vn 0.4965 0.8153 0.2979
vn 0.9340 0.0234 -0.3565
vn 0.1855 0.8608 -0.4739
vn 0.1399 0.9262 0.3501
vn -0.5287 0.8388 0.1298
vn -0.5467 0.8312 -0.1007
vn 0.1010 0.8952 -0.4340
vn 0.8600 -0.3055 -0.4088
vn 0.9317 0.3519 -0.0902
vn 0.8686 -0.3065 0.3893
vn 0.4102 0.8587 -0.3073
vn 0.4170 0.8585 0.2983
vn 0.6621 0.7494 0.0028
vn 0.7009 0.7132 0.0080
vn 0.4488 0.8444 -0.2924
vn 0.4653 0.8320 0.3022
vn 0.3868 0.5791 0.7176
vn 0.4983 0.7937 -0.3489
vn 0.0613 0.9350 0.3492
vn 0.6447 0.6759 0.3570
vn 0.7546 0.1884 -0.6285
vn 0.7817 0.1979 -0.5914
vn 0.3742 0.6007 -0.7065
vn 0.5680 0.3776 -0.7313
vn 0.4723 0.8210 -0.3207
vn 0.4288 0.5279 -0.7331
vn 0.4671 0.8289 -0.3077
vn 0.5899 0.3251 -0.7391
vn 0.5996 0.3916 -0.6980
vn 0.8878 0.2996 -0.3493
vn 0.9893 -0.1197 -0.0839
vn 0.9486 0.1878 -0.2548
vn 0.7521 0.1579 -0.6398
vn 0.9843 -0.1425 0.1038
vn 0.7660 0.2050 -0.6093
vn 0.9780 -0.1883 0.0894
vn 0.9546 -0.1006 0.2806
vn 0.9441 -0.2765 0.1792
vn 0.5420 0.4841 0.6870
vn 0.6693 0.2383 0.7037
vn 0.9539 -0.2773 -0.1147
vn 0.7205 0.5768 0.3850
vn 0.5825 0.4083 0.7028
vn 0.8595 0.5104 0.0264
vn 0.9696 -0.2321 0.0772
vn 0.7804 0.6071 0.1495
vn 0.9831 0.1787 0.0393
vn 0.4801 0.5936 -0.6459
vn 0.6966 0.5820 0.4196
vn 0.9545 0.2238 0.1971
vn 0.6265 0.6494 0.4310
vn 0.9033 -0.4138 0.1134
vn 0.8258 -0.5292 0.1949
vn 0.8413 -0.5389 -0.0433
vn 0.9527 -0.1151 0.2814
vn 0.9741 -0.0715 0.2145
vn 0.6547 0.6898 -0.3092
vn 0.4410 0.6792 -0.5867
vn 0.4584 0.5411 -0.7051
vn 0.7698 0.6130 0.1780
vn 0.6040 0.3385 -0.7215
vn 0.6106 0.7505 -0.2528
vn 0.5923 0.4440 -0.6724
vn 0.9147 0.2439 -0.3223
vn 0.6339 0.7072 -0.3131
vn 0.9171 0.2362 -0.3212
vn 0.6923 0.5823 0.4262
vn 0.6820 0.6928 0.2345
vn 0.7979 0.3248 -0.5079
vn 0.9529 0.1912 0.2354
vn 0.5888 0.7471 0.3085
vn 0.8846 0.2125 0.4151
vn 0.6946 0.2994 -0.6542
vn 0.9406 0.2259 0.2536
vn 0.5381 0.4775 -0.6946
vn 0.5656 0.7635 0.3116
vn 0.5162 0.5539 -0.6532
vn 0.7777 0.6226 -0.0872
vn 0.8534 0.3193 -0.4120
vn 0.9549 0.1267 -0.2685
vn 0.4891 0.6764 -0.5506
vn 0.6833 0.1551 -0.7135
vn 0.5685 0.4268 -0.7033
vn 0.6903 0.1396 -0.7099
vn 0.6278 0.3264 -0.7066
vn 0.9015 0.2912 -0.3200
vn 0.8862 -0.4633 -0.0082
vn 0.6714 -0.2188 -0.7080
vn 0.7170 -0.1214 -0.6864
vn 0.9075 -0.4187 -0.0328
vn 0.8905 -0.3786 -0.2524
vn 0.7132 -0.1715 -0.6796
vn 0.9230 -0.3251 -0.2056
vn 0.6620 -0.2796 -0.6954
vn 0.4263 0.8476 0.3160
vn 0.3690 0.6411 -0.6730
vn 0.6518 0.7583 0.0036
vn -0.5789 0.8097 -0.0965
vn -0.8117 0.2886 -0.5077
vn -0.6371 0.7704 0.0242
vn 0.5397 -0.4244 0.7271
vn 0.8686 -0.4946 0.0297
vn 0.6565 -0.2706 0.7041
vn 0.7005 -0.2217 0.6784
vn 0.8218 -0.5689 0.0309
vn 0.9151 -0.4030 0.0126
vn 0.6824 -0.2385 0.6910
vn 0.9258 -0.3760 0.0397
vn 0.9784 -0.2051 -0.0255
vn 0.6570 -0.5770 0.4852
vn 0.9834 -0.1813 -0.0022
vn 0.9892 -0.0666 0.1303
vn 0.7123 0.1529 0.6850
vn 0.9832 0.1825 0.0029
vn 0.9291 0.3698 0.0011
vn 0.7019 0.1555 0.6951
vn 0.9338 0.3567 0.0272
vn 0.8486 0.5271 0.0461
vn 0.6406 0.2587 0.7230
vn 0.8223 0.5678 0.0373
vn 0.5299 0.4586 0.7134
vn 0.4874 0.5444 0.6827
vn 0.8475 0.5307 0.0106
vn 0.7311 0.6821 0.0170
vn 0.4509 0.5660 0.6902
vn 0.7098 0.7026 0.0505
vn 0.5929 0.8029 -0.0608
vn 0.4376 0.5801 0.6870
vn 0.5811 0.8138 0.0032
vn 0.4151 0.9097 0.0066
vn 0.3906 0.5974 0.7004
vn 0.3640 0.9313 0.0158
vn 0.2390 0.6742 0.6988
vn 0.1399 0.7107 0.6895
vn 0.3334 0.9427 0.0084
vn 0.1488 0.9888 -0.0138
vn 0.0262 0.7186 0.6949
vn 0.0213 0.9997 0.0103
vn -0.1698 0.9854 0.0140
vn 0.0177 0.7185 0.6953
vn -0.1648 0.9863 0.0076
vn -0.1350 0.7079 0.6933
vn -0.2035 0.6960 0.6887
vn -0.1841 0.9829 0.0038
vn -0.3677 0.9299 -0.0112
vn -0.2999 0.6433 0.7044
vn -0.5497 0.8353 0.0070
vn -0.4275 0.5759 0.6968
s 0
f 3//1 4//2 5//3
f 5//4 4//5 8//6
f 11//7 10//8 12//9
f 11//10 12//11 7//12
f 15//13 16//14 1//15
f 19//16 20//17 21//18
f 21//19 20//20 22//21
f 22//22 20//23 23//24
f 22//25 23//26 24//27
f 24//28 23//29 25//30
f 25//31 23//32 26//33
f 25//34 26//35 27//36
f 6//37 33//38 7//39
f 6//40 34//41 33//42
f 34//43 6//44 35//45
f 2//46 35//47 6//48
f 35//49 2//50 1//51
f 35//52 1//53 36//54
f 16//55 36//56 1//57
f 16//58 37//59 36//60
f 15//61 37//62 16//63
f 15//64 38//65 37//66
f 14//67 38//68 15//69
f 13//70 38//71 14//72
f 13//73 39//74 38//75
f 39//76 13//77 9//78
f 39//79 9//80 40//81
f 53//82 54//83 55//84
f 49//85 50//86 56//87
f 43//88 44//89 46//90
f 57//91 53//92 55//93
f 69//94 50//95 58//96
f 67//97 54//98 57//99
f 65//100 63//101 64//102
f 61//103 62//104 64//105
f 56//106 69//107 58//108
f 78//109 87//110 88//111
f 78//112 88//113 81//114
f 81//115 88//116 89//117
f 80//118 90//119 98//120
f 80//121 98//122 79//123
f 79//124 98//125 91//126
f 79//127 91//128 86//129
f 86//130 91//131 92//132
f 86//133 92//134 85//135
f 85//136 92//137 93//138
f 85//139 93//140 84//141
f 84//142 93//143 94//144
f 84//145 94//146 83//147
f 83//148 94//149 95//150
f 83//151 95//152 82//153
f 50//154 49//155 58//156
f 58//157 49//158 107//159
f 59//160 106//161 60//162
f 60//163 106//164 96//165
f 60//166 96//167 62//168
f 62//169 96//170 65//171
f 66//172 103//173 68//174
f 68//175 103//176 105//177
f 68//178 105//179 67//180
f 54//181 67//182 55//183
f 55//184 67//185 102//186
f 88//187 97//188 89//189
f 89//190 97//191 90//192
f 90//193 97//194 98//195
f 94//196 93//197 101//198
f 87//199 76//200 88//201
f 88//202 76//203 99//204
f 88//205 99//206 97//207
f 91//208 98//209 100//210
f 91//211 100//212 92//213
f 92//214 100//215 93//216
f 93//217 100//218 101//219
f 101//220 77//221 94//222
f 94//223 77//224 95//225
f 97//226 99//227 98//228
f 76//229 102//230 99//231
f 98//232 99//233 103//234
f 98//235 103//236 104//237
f 98//238 104//239 100//240
f 99//241 102//242 105//243
f 99//244 105//245 103//246
f 100//247 106//248 101//249
f 77//250 101//251 107//252
f 100//253 104//254 96//255
f 100//256 96//257 106//258
f 76//259 55//260 102//261
f 103//262 66//263 104//264
f 104//265 66//266 63//267
f 104//268 63//269 65//270
f 104//271 65//272 96//273
f 101//274 106//275 59//276
f 101//277 59//278 58//279
f 101//280 58//281 107//282
f 77//283 107//284 49//285
f 102//286 67//287 105//288
f 82//289 9//290 83//291
f 83//292 9//293 13//294
f 83//295 13//296 84//297
f 84//298 13//299 85//300
f 85//301 13//302 14//303
f 85//304 14//305 86//306
f 86//307 14//308 15//309
f 86//310 15//311 79//312
f 79//313 15//314 1//315
f 79//316 1//317 80//318
f 80//319 1//320 2//321
f 80//322 2//323 90//324
f 90//325 2//326 89//327
f 89//328 2//329 6//330
f 89//331 6//332 81//333
f 81//334 6//335 7//336
f 81//337 7//338 78//339
f 87//340 78//341 117//342
f 117//343 78//344 116//345
f 117//346 116//347 115//348
f 115//349 116//350 114//351
f 118//352 115//353 112//354
f 118//355 112//356 119//357
f 119//358 112//359 113//360
f 119//361 113//362 120//363
f 120//364 113//365 111//366
f 120//367 111//368 109//369
f 121//370 109//371 110//372
f 121//373 110//374 108//375
f 95//376 108//377 82//378
f 117//379 115//380 122//381
f 122//382 115//383 118//384
f 120//385 109//386 123//387
f 123//388 109//389 121//390
f 121//391 108//392 124//393
f 124//394 108//395 95//396
f 125//397 117//398 122//399
f 126//400 119//401 120//402
f 126//403 120//404 123//405
f 76//406 87//407 117//408
f 76//409 117//410 125//411
f 125//412 122//413 127//414
f 127//415 122//416 118//417
f 127//418 118//419 119//420
f 127//421 119//422 126//423
f 123//424 121//425 128//426
f 128//427 121//428 124//429
f 128//430 124//431 77//432
f 77//433 124//434 95//435
f 128//436 126//437 123//438
f 129//439 125//440 127//441
f 130//442 128//443 77//444
f 131//445 76//446 125//447
f 134//448 125//449 129//450
f 132//451 126//452 128//453
f 132//454 128//455 133//456
f 133//457 128//458 130//459
f 55//460 76//461 131//462
f 41//463 131//464 125//465
f 41//466 125//467 134//468
f 134//469 129//470 52//471
f 52//472 129//473 44//474
f 44//475 129//476 127//477
f 44//478 127//479 135//480
f 135//481 127//482 126//483
f 135//484 126//485 47//486
f 47//487 126//488 132//489
f 51//490 132//491 133//492
f 49//493 130//494 77//495
f 55//496 131//497 41//498
f 41//499 134//500 42//501
f 42//502 134//503 52//504
f 44//505 135//506 45//507
f 45//508 135//509 47//510
f 47//511 132//512 51//513
f 51//514 133//515 48//516
f 48//517 133//518 130//519
f 48//520 130//521 49//522
f 116//523 78//524 7//525
f 116//526 7//527 12//528
f 116//529 12//530 114//531
f 114//532 12//533 115//534
f 115//535 12//536 10//537
f 115//538 10//539 112//540
f 112//541 10//542 113//543
f 113//544 10//545 3//546
f 113//547 3//548 111//549
f 111//550 3//551 109//552
f 109//553 3//554 5//555
f 109//556 5//557 110//558
f 110//559 5//560 8//561
f 110//562 8//563 108//564
f 108//565 8//566 9//567
f 108//568 9//569 82//570
f 40//571 9//572 8//573
f 40//574 8//575 73//576
f 73//577 8//578 4//579
f 73//580 4//581 72//582
f 72//583 4//584 3//585
f 3//586 75//587 72//588
f 10//589 75//590 3//591
f 10//592 74//593 75//594
f 11//595 70//596 10//597
f 10//598 70//599 74//600
f 11//601 71//602 70//603
f 7//604 33//605 71//606
f 7//607 71//608 11//609
f 147//610 144//611 145//612
f 138//613 137//614 148//615
f 148//616 137//617 139//618
f 148//619 139//620 149//621
f 149//622 139//623 140//624
f 149//625 140//626 150//627
f 150//628 140//629 141//630
f 150//631 141//632 151//633
f 151//634 141//635 142//636
f 151//637 142//638 152//639
f 152//640 142//641 143//642
f 152//643 143//644 144//645
f 152//646 144//647 153//648
f 153//649 144//650 147//651
f 147//652 145//653 154//654
f 154//655 145//656 146//657
f 154//658 146//659 136//660
f 154//661 136//662 155//663
f 156//664 151//665 152//666
f 156//667 152//668 153//669
f 153//670 147//671 154//672
f 157//673 154//674 155//675
f 148//676 149//677 158//678
f 158//679 149//680 150//681
f 158//682 150//683 151//684
f 158//685 151//686 159//687
f 159//688 151//689 156//690
f 160//691 156//692 153//693
f 160//694 153//695 154//696
f 160//697 154//698 157//699
f 160//700 157//701 161//702
f 148//703 158//704 163//705
f 163//706 158//707 164//708
f 165//709 158//710 159//711
f 159//712 156//713 166//714
f 166//715 156//716 160//717
f 166//718 160//719 167//720
f 167//721 160//722 161//723
f 168//724 161//725 157//726
f 168//727 157//728 162//729
f 164//730 158//731 165//732
f 67//733 57//734 163//735
f 164//736 68//737 67//738
f 68//739 164//740 165//741
f 165//742 66//743 68//744
f 159//745 63//746 66//747
f 159//748 66//749 165//750
f 166//751 61//752 63//753
f 166//754 62//755 61//756
f 62//757 166//758 167//759
f 62//760 167//761 60//762
f 161//763 60//764 167//765
f 161//766 59//767 60//768
f 59//769 161//770 58//771
f 56//772 58//773 162//774
f 162//775 58//776 168//777
f 168//778 58//779 161//780
f 166//781 63//782 159//783
f 164//784 67//785 163//786
f 25//787 136//788 146//789
f 25//790 146//791 24//792
f 146//793 145//794 24//795
f 24//796 145//797 22//798
f 145//799 144//800 22//801
f 22//802 144//803 143//804
f 22//805 143//806 21//807
f 21//808 143//809 142//810
f 21//811 142//812 19//813
f 19//814 142//815 18//816
f 18//817 142//818 141//819
f 141//820 140//821 18//822
f 18//823 140//824 139//825
f 137//826 17//827 139//828
f 139//829 17//830 18//831
f 138//832 32//833 137//834
f 137//835 32//836 17//837
f 32//838 33//839 34//840
f 32//841 34//842 17//843
f 17//844 34//845 35//846
f 17//847 35//848 18//849
f 18//850 35//851 19//852
f 36//853 19//854 35//855
f 19//856 36//857 20//858
f 37//859 20//860 36//861
f 38//862 23//863 20//864
f 38//865 20//866 37//867
f 23//868 38//869 26//870
f 39//871 26//872 38//873
f 40//874 26//875 39//876
f 178//877 175//878 176//879
f 177//880 138//881 179//882
f 169//883 155//884 136//885
f 169//886 170//887 180//888
f 180//889 170//890 171//891
f 180//892 171//893 181//894
f 181//895 171//896 172//897
f 181//898 172//899 182//900
f 182//901 172//902 173//903
f 182//904 173//905 183//906
f 183//907 173//908 174//909
f 183//910 174//911 175//912
f 183//913 175//914 184//915
f 184//916 175//917 178//918
f 178//919 176//920 185//921
f 185//922 176//923 177//924
f 185//925 177//926 186//927
f 186//928 177//929 179//930
f 155//931 169//932 180//933
f 187//934 182//935 183//936
f 187//937 183//938 184//939
f 184//940 178//941 185//942
f 157//943 155//944 180//945
f 157//946 180//947 188//948
f 188//949 180//950 181//951
f 188//952 181//953 182//954
f 188//955 182//956 189//957
f 189//958 182//959 187//960
f 190//961 187//962 184//963
f 190//964 184//965 185//966
f 190//967 185//968 186//969
f 190//970 186//971 191//972
f 191//973 186//974 179//975
f 191//976 179//977 192//978
f 157//979 188//980 193//981
f 194//982 188//983 189//984
f 189//985 187//986 195//987
f 195//988 187//989 190//990
f 195//991 190//992 196//993
f 196//994 190//995 191//996
f 197//997 191//998 192//999
f 193//1000 188//1001 194//1002
f 193//1003 56//1004 157//1005
f 49//1006 56//1007 193//1008
f 49//1009 193//1010 48//1011
f 193//1012 51//1013 48//1014
f 51//1015 193//1016 194//1017
f 194//1018 47//1019 51//1020
f 43//1021 45//1022 195//1023
f 195//1024 44//1025 43//1026
f 44//1027 196//1028 52//1029
f 196//1030 42//1031 52//1032
f 191//1033 41//1034 42//1035
f 197//1036 55//1037 41//1038
f 57//1039 55//1040 192//1041
f 192//1042 55//1043 197//1044
f 197//1045 41//1046 191//1047
f 191//1048 42//1049 196//1050
f 196//1051 44//1052 195//1053
f 195//1054 45//1055 47//1056
f 195//1057 47//1058 189//1059
f 189//1060 47//1061 194//1062
f 32//1063 138//1064 177//1065
f 32//1066 177//1067 31//1068
f 177//1069 176//1070 31//1071
f 31//1072 176//1073 30//1074
f 176//1075 175//1076 30//1077
f 30//1078 175//1079 29//1080
f 175//1081 174//1082 29//1083
f 174//1084 173//1085 29//1086
f 29//1087 173//1088 28//1089
f 28//1090 173//1091 172//1092
f 172//1093 171//1094 28//1095
f 28//1096 171//1097 27//1098
f 27//1099 171//1100 170//1101
f 169//1102 27//1103 170//1104
f 136//1105 25//1106 169//1107
f 169//1108 25//1109 27//1110
f 26//1111 40//1112 27//1113
f 27//1114 40//1115 73//1116
f 27//1117 73//1118 28//1119
f 28//1120 73//1121 72//1122
f 28//1123 72//1124 29//1125
f 75//1126 29//1127 72//1128
f 29//1129 75//1130 30//1131
f 74//1132 30//1133 75//1134
f 30//1135 74//1136 70//1137
f 30//1138 70//1139 31//1140
f 71//1141 31//1142 70//1143
f 31//1144 71//1145 32//1146
f 33//1147 32//1148 71//1149
f 203//1150 199//1151 202//1152
f 200//1153 203//1154 201//1155
f 201//1156 203//1157 202//1158
f 218//1159 206//1160 215//1161
f 215//1162 206//1163 205//1164
f 215//1165 205//1166 216//1167
f 217//1168 216//1169 205//1170
f 206//1171 217//1172 205//1173
f 206//1174 218//1175 217//1176
f 222//1177 220//1178 207//1179
f 222//1180 207//1181 208//1182
f 222//1183 208//1184 219//1185
f 215//1186 219//1187 208//1188
f 207//1189 215//1190 208//1191
f 207//1192 220//1193 215//1194
f 221//1195 223//1196 210//1197
f 221//1198 210//1199 209//1200
f 221//1201 209//1202 230//1203
f 222//1204 230//1205 209//1206
f 210//1207 222//1208 209//1209
f 210//1210 223//1211 222//1212
f 224//1213 211//1214 212//1215
f 224//1216 212//1217 225//1218
f 211//1219 221//1220 212//1221
f 212//1222 221//1223 225//1224
f 221//1225 211//1226 224//1227
f 226//1228 228//1229 214//1230
f 226//1231 214//1232 213//1233
f 226//1234 213//1235 227//1236
f 224//1237 227//1238 213//1239
f 214//1240 224//1241 213//1242
f 214//1243 228//1244 224//1245
f 234//1246 233//1247 318//1248
f 233//1249 235//1250 318//1251
f 233//1252 232//1253 235//1254
f 235//1255 232//1256 236//1257
f 242//1258 237//1259 231//1260
f 231//1261 237//1262 236//1263
f 242//1264 314//1265 237//1266
f 242//1267 229//1268 314//1269
f 314//1270 229//1271 238//1272
f 314//1273 238//1274 319//1275
f 239//1276 240//1277 241//1278
f 241//1279 240//1280 319//1281
f 241//1282 319//1283 238//1284
f 218//1285 215//1286 220//1287
f 223//1288 220//1289 222//1290
f 222//1291 219//1292 230//1293
f 230//1294 225//1295 221//1296
f 225//1297 227//1298 224//1299
f 228//1300 226//1301 260//1302
f 244//1303 245//1304 246//1305
f 246//1306 245//1307 244//1303
f 244//1308 245//1309 243//1310
f 260//1311 243//1312 228//1313
f 228//1314 243//1315 224//1316
f 216//1317 247//1318 248//1319
f 219//1320 216//1321 248//1322
f 215//1323 216//1324 219//1325
f 249//1326 225//1327 248//1328
f 248//1329 225//1330 230//1331
f 248//1332 230//1333 219//1334
f 229//1335 243//1336 238//1337
f 236//1338 232//1339 231//1340
f 238//1341 243//1342 245//1343
f 238//1344 245//1345 244//1346
f 238//1347 244//1348 241//1349
f 233//1350 218//1351 232//1352
f 232//1353 218//1354 220//1355
f 232//1356 220//1357 223//1358
f 232//1359 223//1360 231//1361
f 231//1362 223//1363 221//1364
f 231//1365 221//1366 242//1367
f 242//1368 221//1369 224//1370
f 242//1371 224//1372 229//1373
f 229//1374 224//1375 243//1376
f 225//1377 249//1378 227//1379
f 249//1380 248//1381 247//1382
f 217//1383 251//1384 250//1385
f 217//1386 250//1387 216//1388
f 258//1389 216//1390 250//1391
f 251//1392 258//1393 250//1394
f 258//1395 251//1396 217//1397
f 260//1398 253//1399 259//1400
f 259//1401 253//1402 252//1403
f 226//1404 259//1405 252//1406
f 253//1407 226//1408 252//1409
f 253//1410 260//1411 226//1412
f 264//1413 262//1414 254//1415
f 264//1416 254//1417 255//1418
f 264//1419 255//1420 261//1421
f 259//1422 261//1423 255//1424
f 254//1425 259//1426 255//1427
f 254//1428 262//1429 259//1430
f 263//1431 265//1432 256//1433
f 263//1434 256//1435 257//1436
f 263//1437 257//1438 268//1439
f 264//1440 268//1441 257//1442
f 256//1443 264//1444 257//1445
f 256//1446 265//1447 264//1448
f 244//1449 246//1450 271//1451
f 216//1452 258//1453 272//1454
f 234//1455 273//1456 233//1457
f 233//1458 273//1459 278//1460
f 233//1461 278//1462 266//1463
f 239//1464 241//1465 312//1466
f 312//1467 241//1468 280//1469
f 280//1470 274//1471 312//1472
f 280//1473 270//1474 274//1475
f 274//1476 270//1477 275//1478
f 281//1479 276//1480 269//1481
f 269//1482 276//1483 275//1484
f 281//1485 277//1486 276//1487
f 266//1488 278//1489 267//1490
f 267//1491 278//1492 277//1493
f 267//1494 277//1495 281//1496
f 258//1497 217//1498 282//1499
f 227//1500 259//1501 226//1502
f 260//1503 259//1504 279//1505
f 279//1506 259//1507 262//1508
f 282//1509 265//1510 263//1511
f 265//1512 262//1513 264//1514
f 264//1515 261//1516 268//1517
f 268//1518 272//1519 263//1520
f 218//1521 233//1522 266//1523
f 218//1524 266//1525 217//1526
f 217//1527 266//1528 282//1529
f 246//1530 244//1303 271//1531
f 271//1532 244//1533 243//1534
f 271//1535 243//1536 280//1537
f 243//1538 260//1539 279//1540
f 227//1541 249//1542 259//1543
f 249//1544 261//1545 259//1546
f 241//1547 244//1548 280//1549
f 280//1550 244//1551 271//1552
f 280//1553 279//1554 270//1555
f 247//1556 272//1557 268//1558
f 247//1559 268//1560 261//1561
f 247//1562 261//1563 249//1564
f 275//1565 270//1566 269//1567
f 281//1568 282//1569 267//1570
f 243//1571 279//1572 280//1573
f 270//1574 279//1575 262//1576
f 270//1577 262//1578 265//1579
f 270//1580 265//1581 269//1582
f 269//1583 265//1584 282//1585
f 269//1586 282//1587 281//1588
f 267//1589 282//1590 266//1591
f 272//1592 247//1593 216//1594
f 272//1595 283//1596 263//1597
f 284//1598 263//1599 283//1600
f 263//1601 284//1602 282//1603
f 282//1604 284//1605 258//1606
f 258//1607 284//1608 283//1609
f 258//1610 283//1611 272//1612
f 285//1613 286//1614 287//1615
f 287//1616 286//1617 288//1618
f 289//1619 285//1620 287//1621
f 289//1622 287//1623 288//1624
f 290//1625 288//1626 286//1627
f 290//1628 286//1629 285//1630
f 289//1631 288//1632 291//1633
f 292//1634 289//1635 293//1636
f 293//1637 289//1638 291//1639
f 294//1640 198//1641 292//1642
f 292//1643 198//1644 285//1645
f 292//1646 285//1647 289//1648
f 290//1649 285//1650 198//1651
f 290//1652 295//1653 296//1654
f 290//1655 296//1656 288//1657
f 288//1658 296//1659 291//1660
f 295//1661 290//1662 297//1663
f 297//1664 290//1665 198//1666
f 291//1667 298//1668 299//1669
f 291//1670 299//1671 293//1672
f 293//1673 299//1674 300//1675
f 293//1676 300//1677 292//1678
f 292//1679 300//1680 301//1681
f 292//1682 301//1683 294//1684
f 294//1685 301//1686 302//1687
f 294//1688 302//1689 198//1690
f 198//1691 302//1692 303//1693
f 198//1694 303//1695 304//1696
f 198//1697 304//1698 297//1699
f 297//1700 304//1701 305//1702
f 297//1703 305//1704 295//1705
f 295//1706 305//1707 306//1708
f 295//1709 306//1710 296//1711
f 296//1712 306//1713 291//1714
f 291//1715 306//1716 307//1717
f 291//1718 307//1719 298//1720
f 305//1721 308//1722 306//1723
f 309//1724 240//1725 310//1726
f 310//1726 240//1727 239//1728
f 310//1729 239//1730 312//1731
f 319//1732 240//1733 309//1734
f 312//1735 319//1736 311//1737
f 311//1738 319//1739 313//1740
f 313//1741 319//1742 309//1743
f 313//1744 309//1724 311//1745
f 311//1746 309//1724 310//1726
f 311//1747 310//1748 312//1749
f 315//1750 273//1751 316//1752
f 316//1752 273//1751 234//1753
f 316//1754 234//1755 318//1756
f 278//1757 273//1758 315//1759
f 318//1760 278//1761 317//1762
f 317//1763 278//1764 320//1765
f 320//1766 278//1767 315//1768
f 320//1769 315//1750 317//1770
f 317//1771 315//1750 316//1752
f 317//1772 316//1773 318//1774
f 302//1775 321//1776 303//1777
f 300//1778 322//1779 301//1780
f 301//1781 322//1782 302//1783
f 303//1784 321//1785 304//1786
f 305//1787 304//1788 323//1789
f 305//1790 323//1791 308//1792
f 306//1793 308//1794 324//1795
f 306//1796 324//1797 307//1798
f 298//1799 307//1800 299//1801
f 327//1802 299//1803 307//1804
f 328//1805 299//1806 327//1807
f 328//1808 300//1809 299//1810
f 322//1811 300//1812 329//1813
f 329//1814 300//1815 328//1816
f 302//1817 322//1818 330//1819
f 330//1820 322//1821 329//1822
f 321//1823 302//1824 326//1825
f 326//1826 302//1827 330//1828
f 331//1829 321//1830 326//1831
f 307//1832 324//1833 332//1834
f 331//1835 304//1836 321//1837
f 333//1838 304//1839 331//1840
f 333//1841 323//1842 304//1843
f 334//1844 323//1845 333//1846
f 334//1847 308//1848 323//1849
f 335//1850 308//1851 334//1852
f 332//1853 324//1854 335//1855
f 335//1856 324//1857 308//1858
f 327//1859 307//1860 332//1861
f 325//1862 337//1863 336//1864
f 275//1865 276//1866 342//1867
f 339//1868 319//1869 340//1870
f 340//1871 319//1872 312//1873
f 340//1874 312//1875 274//1876
f 340//1877 274//1878 341//1879
f 341//1880 274//1881 275//1882
f 342//1883 341//1884 275//1885
f 342//1886 276//1887 338//1888
f 278//1889 343//1890 338//1891
f 278//1892 338//1893 277//1894
f 277//1895 338//1896 276//1897
f 236//1898 237//1899 347//1900
f 343//1901 278//1902 345//1903
f 345//1904 278//1905 318//1906
f 345//1907 318//1908 235//1909
f 345//1910 235//1911 346//1912
f 346//1913 235//1914 236//1915
f 347//1916 346//1917 236//1918
f 347//1919 237//1920 344//1921
f 319//1922 339//1923 314//1924
f 314//1925 339//1926 344//1927
f 314//1928 344//1929 237//1930
f 349//1931 348//1932 350//1933
f 335//1934 387//1935 363//1936
f 335//1937 363//1938 332//1939
f 332//1940 363//1941 364//1942
f 332//1943 364//1944 327//1945
f 333//1946 365//1947 334//1948
f 334//1949 365//1950 335//1951
f 335//1952 365//1953 387//1954
f 331//1955 372//1956 366//1957
f 331//1958 366//1959 333//1960
f 333//1961 366//1962 365//1963
f 328//1964 367//1965 329//1966
f 329//1967 367//1968 368//1969
f 329//1970 368//1971 330//1972
f 364//1973 369//1974 327//1975
f 327//1976 369//1977 370//1978
f 327//1979 370//1980 328//1981
f 328//1982 370//1983 371//1984
f 328//1985 371//1986 367//1987
f 326//1988 388//1989 372//1990
f 326//1991 372//1992 331//1993
f 330//1994 368//1995 373//1996
f 330//1997 373//1998 326//1999
f 326//2000 373//2001 374//2002
f 326//2003 374//2004 388//2005
f 377//2006 376//2007 375//2008
f 378//2009 377//2010 379//2011
f 386//2012 340//2013 380//2014
f 375//2015 341//2016 377//2017
f 338//2018 379//2019 377//2020
f 343//2021 345//2022 379//2023
f 341//2024 375//2025 340//2026
f 340//2027 375//2028 380//2029
f 342//2030 377//2031 341//2032
f 343//2033 379//2034 338//2035
f 342//2036 338//2037 377//2038
f 384//2039 383//2040 382//2041
f 385//2042 384//2043 386//2044
f 379//2045 345//2046 381//2047
f 382//2048 346//2049 384//2050
f 344//2051 386//2052 384//2053
f 339//2054 340//2055 386//2056
f 346//2057 382//2058 345//2059
f 345//2060 382//2061 381//2062
f 347//2063 384//2064 346//2065
f 339//2066 386//2067 344//2068
f 347//2069 344//2070 384//2071
f 356//2072 358//2073 355//2074
f 375//2075 389//2076 390//2077
f 375//2078 390//2079 380//2080
f 380//2081 390//2082 391//2083
f 380//2084 391//2085 386//2086
f 386//2087 391//2088 392//2089
f 386//2090 392//2091 385//2092
f 385//2093 392//2094 384//2095
f 384//2096 392//2097 393//2098
f 393//2099 383//2100 384//2101
f 383//2102 393//2103 394//2104
f 383//2105 394//2106 382//2107
f 382//2108 394//2109 395//2110
f 382//2111 395//2112 396//2113
f 382//2114 396//2115 381//2116
f 397//2117 381//2118 396//2119
f 381//2120 397//2121 398//2122
f 381//2123 398//2124 379//2125
f 379//2126 398//2127 399//2128
f 379//2129 399//2130 378//2131
f 378//2132 399//2133 377//2134
f 377//2135 399//2136 21//2137
f 21//2138 376//2139 377//2140
f 400//2141 376//2142 21//2143
f 389//2144 375//2145 400//2146
f 400//2147 375//2148 376//2149
f 404//2150 403//2151 402//2152
f 405//2153 406//2154 404//2155
f 404//2156 406//2157 403//2158
f 408//2159 409//2160 410//2161
f 409//2162 407//2163 410//2164
f 411//2165 412//2166 408//2167
f 408//2168 412//2169 409//2170
f 411//2171 413//2172 412//2173
f 413//2174 411//2175 414//2176
f 415//2177 410//2178 434//2179
f 416//2180 414//2181 415//2182
f 415//2183 414//2184 410//2185
f 414//2186 416//2187 435//2188
f 352//2189 419//2190 351//2191
f 419//2192 352//2193 348//2194
f 348//2195 352//2196 350//2197
f 350//2198 352//2199 351//2200
f 421//2201 423//2202 422//2203
f 424//2204 425//2205 477//2206
f 424//2207 477//2208 422//2209
f 423//2210 425//2211 424//2212
f 421//2213 422//2214 477//2215
f 427//2216 477//2217 426//2218
f 426//2219 428//2220 427//2221
f 429//2222 419//2223 418//2224
f 478//2225 418//2226 419//2227
f 429//2228 428//2229 419//2230
f 417//2231 418//2232 478//2233
f 431//2234 351//2235 430//2236
f 432//2237 433//2238 430//2239
f 430//2240 433//2241 431//2242
f 432//2243 420//2244 433//2245
f 440//2246 439//2247 438//2248
f 438//2249 439//2250 437//2251
f 423//2252 421//2253 437//2254
f 423//2255 437//2256 439//2257
f 423//2258 439//2259 440//2260
f 354//2261 441//2262 353//2263
f 443//2264 444//2265 442//2266
f 444//2267 457//2268 442//2269
f 357//2270 445//2271 358//2272
f 358//2273 445//2274 355//2275
f 356//2276 362//2277 358//2278
f 359//2279 447//2280 446//2281
f 360//2282 359//2283 446//2284
f 360//2285 446//2286 448//2287
f 360//2288 448//2289 449//2290
f 360//2291 449//2292 359//2293
f 449//2294 450//2295 451//2296
f 451//2297 450//2298 448//2299
f 459//2300 457//2301 355//2302
f 445//2303 458//2304 459//2305
f 362//2306 460//2307 361//2308
f 462//2309 403//2310 406//2311
f 462//2312 406//2313 405//2314
f 463//2315 462//2316 405//2317
f 199//2318 464//2319 465//2320
f 465//2321 464//2322 469//2323
f 469//2324 464//2325 466//2326
f 467//2327 202//2328 480//2329
f 199//2330 480//2331 202//2332
f 480//2333 199//2334 465//2335
f 468//2336 465//2337 469//2338
f 468//2339 469//2340 470//2341
f 363//2342 471//2343 364//2344
f 374//2345 472//2346 388//2347
f 388//2348 473//2349 372//2350
f 366//2351 474//2352 365//2353
f 365//2354 475//2355 387//2356
f 387//2357 476//2358 363//2359
f 402//2360 401//2361 363//2362
f 363//2363 401//2364 471//2365
f 389//2366 401//2367 402//2368
f 396//2369 395//2370 374//2371
f 401//2372 389//2373 471//2374
f 471//2375 389//2376 400//2377
f 471//2378 400//2379 364//2380
f 364//2381 400//2382 21//2383
f 364//2384 21//2385 369//2386
f 369//2387 21//2388 399//2389
f 369//2390 399//2391 370//2392
f 370//2393 399//2394 371//2395
f 371//2396 399//2397 398//2398
f 371//2399 398//2400 367//2401
f 367//2402 398//2403 397//2404
f 367//2405 397//2406 368//2407
f 368//2408 397//2409 396//2410
f 368//2411 396//2412 373//2413
f 373//2414 396//2415 374//2416
f 441//2417 444//2418 443//2419
f 325//2420 336//2421 479//2422
f 337//2423 479//2424 336//2425
f 200//2426 463//2427 203//2428
f 466//2429 470//2430 469//2431
f 404//2432 402//2433 468//2434
f 402//2435 403//2436 389//2437
f 405//2438 203//2439 463//2440
f 405//2441 199//2442 203//2443
f 462//2444 200//2445 204//2446
f 200//2447 462//2448 463//2449
f 462//2450 204//2451 403//2452
f 403//2453 204//2454 481//2455
f 201//2456 202//2457 467//2458
f 204//2459 200//2460 481//2461
f 200//2462 201//2463 481//2464
f 467//2465 481//2466 201//2467
f 199//2468 405//2469 464//2470
f 363//2471 468//2472 402//2473
f 468//2474 470//2475 404//2476
f 470//2477 466//2478 404//2479
f 466//2480 405//2481 404//2482
f 466//2483 464//2484 405//2485
f 476//2486 465//2487 468//2488
f 476//2489 468//2490 363//2491
f 412//2492 413//2493 481//2494
f 467//2495 412//2496 481//2497
f 481//2498 413//2499 414//2500
f 411//2501 408//2502 414//2503
f 475//2504 410//2505 387//2506
f 414//2507 408//2508 410//2509
f 410//2510 407//2511 387//2512
f 387//2513 407//2514 467//2515
f 407//2516 412//2517 467//2518
f 409//2519 412//2520 407//2521
f 414//2522 435//2523 391//2524
f 436//2525 434//2526 475//2527
f 410//2528 475//2529 434//2530
f 434//2531 435//2532 416//2533
f 434//2534 416//2535 415//2536
f 458//2537 442//2538 457//2539
f 457//2540 459//2541 458//2542
f 351//2543 419//2544 428//2545
f 419//2546 348//2547 478//2548
f 418//2549 428//2550 429//2551
f 361//2552 428//2553 417//2554
f 417//2555 428//2556 418//2557
f 357//2558 358//2559 362//2560
f 478//2561 348//2562 349//2563
f 350//2564 442//2565 349//2566
f 445//2567 478//2568 458//2569
f 357//2570 417//2571 445//2572
f 478//2573 445//2574 417//2575
f 417//2576 357//2577 361//2578
f 361//2579 357//2580 362//2581
f 356//2582 355//2583 365//2584
f 355//2585 445//2586 459//2587
f 365//2588 355//2589 457//2590
f 365//2591 457//2592 444//2593
f 442//2594 458//2595 478//2596
f 442//2597 478//2598 349//2599
f 353//2600 431//2601 354//2602
f 431//2603 433//2604 475//2605
f 420//2606 351//2607 391//2608
f 420//2609 391//2610 435//2611
f 420//2612 435//2613 436//2614
f 436//2615 435//2616 434//2617
f 430//2618 351//2619 420//2620
f 432//2621 430//2622 420//2623
f 433//2624 420//2625 475//2626
f 475//2627 420//2628 436//2629
f 444//2630 441//2631 365//2632
f 365//2633 441//2634 475//2635
f 353//2636 350//2637 351//2638
f 353//2639 351//2640 431//2641
f 354//2642 431//2643 475//2644
f 353//2645 441//2646 350//2647
f 475//2648 441//2649 354//2650
f 441//2651 443//2652 350//2653
f 350//2654 443//2655 442//2656
f 422//2657 423//2658 424//2659
f 337//2660 449//2661 451//2662
f 337//2663 451//2664 479//2665
f 451//2666 456//2667 479//2668
f 456//2669 451//2670 448//2671
f 359//2672 438//2673 421//2674
f 421//2675 438//2676 437//2677
f 482//2678 423//2679 440//2680
f 440//2681 438//2682 482//2683
f 359//2684 449//2685 438//2686
f 450//2687 449//2688 448//2689
f 438//2690 449//2691 337//2692
f 337//2693 325//2694 438//2695
f 479//2696 452//2697 454//2698
f 452//2699 479//2700 456//2701
f 452//2702 456//2703 455//2704
f 325//2705 479//2706 438//2707
f 438//2708 479//2709 454//2710
f 438//2711 454//2712 482//2713
f 482//2714 454//2715 453//2716
f 453//2717 454//2718 452//2719
f 455//2720 453//2721 452//2722
f 366//2723 453//2724 455//2725
f 366//2726 455//2727 474//2728
f 448//2729 446//2730 455//2731
f 446//2732 474//2733 455//2734
f 448//2735 455//2736 456//2737
f 425//2738 426//2739 477//2740
f 425//2741 428//2742 426//2743
f 425//2744 423//2745 482//2746
f 461//2747 427//2748 361//2749
f 461//2750 361//2751 460//2752
f 361//2753 427//2754 428//2755
f 461//2756 477//2757 427//2758
f 477//2759 461//2760 421//2761
f 460//2762 474//2763 446//2764
f 460//2765 446//2766 461//2767
f 461//2768 446//2769 447//2770
f 461//2771 447//2772 421//2773
f 359//2774 421//2775 447//2776
f 474//2777 460//2778 362//2779
f 362//2780 356//2781 365//2782
f 362//2783 365//2784 474//2785
f 467//2786 480//2787 387//2788
f 387//2789 480//2790 465//2791
f 387//2792 465//2793 476//2794
f 453//2795 366//2796 482//2797
f 472//2798 374//2799 395//2800
f 389//2801 403//2802 390//2803
f 390//2804 403//2805 481//2806
f 390//2807 481//2808 414//2809
f 390//2810 414//2811 391//2812
f 391//2813 351//2814 428//2815
f 391//2816 428//2817 425//2818
f 391//2819 425//2820 392//2821
f 392//2822 425//2823 482//2824
f 392//2825 482//2826 366//2827
f 392//2828 366//2829 372//2830
f 392//2831 372//2832 393//2833
f 393//2834 372//2835 473//2836
f 393//2837 473//2838 388//2839
f 393//2840 388//2841 394//2842
f 394//2843 388//2844 472//2845
f 394//2846 472//2847 395//2848
l 45 46
