v 0.050542000681161874 0.07768899947404861 0.0008559999987483025
v 0.050551999360322945 0.07785599678754807 0.0012110000243410468
v 0.051031999289989464 0.07757899910211563 0.0012629999546334147
v 0.052012000232934945 0.07937899976968765 0.0018100000452250242
v 0.051431998610496514 0.07971300184726715 0.0017460000235587358
v 0.05165699869394302 0.0799420028924942 0.0015150000108405948
v 0.05233100056648254 0.07982899993658066 0.0012629999546334147
v 0.05120300129055976 0.07942900061607361 0.0018909999635070562
v 0.05161999911069869 0.07873900234699249 0.0020099999383091927
v 0.05099099874496459 0.07910200208425522 0.0019409999949857593
v 0.05081399902701377 0.07875499874353409 0.0018909999635070562
v 0.0512619987130165 0.07807999849319458 0.0018100000452250242
v 0.05068200081586837 0.07841400057077408 0.0017460000235587358
v 0.05059599876403808 0.07810500264167786 0.0015140000032261014
v 0.05056099966168403 0.07761800289154053 0.0004689999914262444
v 0.05099200084805488 0.07736899703741074 0.0005159999709576368
v 0.05060499906539916 0.07765199989080429 7.999999797903001e-05
v 0.051153998821973794 0.07750800251960754 -0.0002300000051036477
v 0.050673998892307275 0.07778500020503998 -0.00028300000121816993
v 0.05076900124549865 0.07800599932670593 -0.0005970000056549907
v 0.051472999155521386 0.07795800268650055 -0.0007769999792799354
v 0.05089399963617324 0.07829199731349945 -0.0008399999933317304
v 0.051049001514911645 0.07861900329589844 -0.0009929999941959977
v 0.05186399817466735 0.07859800010919571 -0.0009769999887794256
v 0.05123399943113326 0.07896199822425842 -0.0010460000485181808
v 0.051438000053167336 0.07929299771785736 -0.0009929999941959977
v 0.05222300067543983 0.07925699651241302 -0.0007769999792799354
v 0.05164400115609168 0.07959099858999252 -0.0008399999933317304
v 0.052453000098466866 0.07975800335407257 -0.0002300000051036477
v 0.05197300016880035 0.080035001039505 -0.00028300000121816993
v 0.0518289990723133 0.07984299957752228 -0.0005970000056549907
v 0.05185100063681602 0.08010599762201309 0.0012110000243410468
v 0.051991000771522515 0.08019799739122391 0.0008549999911338091
v 0.052492000162601464 0.07996799796819687 0.0005159999709576368
v 0.052060998976230614 0.08021599799394608 0.0004689999914262444
v 0.052053999155759804 0.08016099780797958 7.999999797903001e-05
v 0.04252099990844726 0.09553900361061096 -0.007013999857008457
v 0.04216299951076507 0.0957460030913353 -0.006159000098705292
v 0.04082300141453742 0.09651999920606613 -0.012264999561011791
v 0.04013200104236602 0.0969180017709732 -0.0038030000869184732
v 0.04198899865150451 0.0958470031619072 -0.005231000017374754
v 0.04185700044035911 0.09592299908399582 -0.0036150000523775816
v 0.06266099959611891 0.0839110016822815 -0.00392800010740757
v 0.06496500223875044 0.08258099853992462 -0.009637000039219856
v 0.06268200278282164 0.08389999717473984 -0.002979000099003315
v 0.06427399814128874 0.08297999948263168 -0.0011749999830499291
v 0.06255000084638594 0.08397600054740906 -0.0013630000175908208
v 0.06262200325727461 0.0839340016245842 -0.012906000018119812
v 0.06359300017356871 0.08337300270795822 -0.012570999562740326
v 0.06064900010824203 0.08507300168275833 -0.008321999572217464
v 0.05942099913954734 0.0857819989323616 -0.009775999933481216
v 0.0580109991133213 0.08659599721431732 -0.010991999879479408
v 0.05645500123500823 0.08749499917030334 -0.011939000338315964
v 0.04111300036311149 0.0963520035147667 -0.013387000188231468
v 0.04484999924898147 0.09419500082731247 -0.010041999630630016
v 0.043582998216152184 0.09492599964141846 -0.00863299984484911
v 0.062447000294923775 0.0840350016951561 -0.004844999872148037
v 0.06166600063443183 0.08448600023984909 -0.0066650002263486385
v 0.06486099958419798 0.08264099806547165 -0.01080199982970953
v 0.06437999755144118 0.08291900157928467 -0.011831999756395817
v 0.05479000136256217 0.08845599740743637 -0.012594999745488167
v 0.05305700004100799 0.08945699781179428 -0.012942999601364136
v 0.04365399852395057 0.09488499909639359 -0.014971000142395496
v 0.05129799991846084 0.09047199785709381 -0.012974999845027924
v 0.04955599829554557 0.09147799760103226 -0.012690000236034393
v 0.04787399992346763 0.09244900196790695 -0.01209499966353178
v 0.0462919995188713 0.0933620035648346 -0.01120499987155199
v 0.04264499992132186 0.09546799957752228 -0.014851000159978867
v 0.04175300151109695 0.09598299860954285 -0.014294999651610851
v 0.06147899851202964 0.0845939964056015 0.007013999857008457
v 0.06183699890971183 0.08438699692487717 0.006159000098705292
v 0.06317699700593947 0.08361399918794632 0.012264999561011791
v 0.04133899882435798 0.09622199833393097 0.00392800010740757
v 0.03903499990701675 0.09755200147628784 0.009637000039219856
v 0.04131799936294555 0.09623400121927261 0.002979000099003315
v 0.03972600027918815 0.09715300053358078 0.0011749999830499291
v 0.04145000129938125 0.0961569994688034 0.0013630000175908208
v 0.06386800110340117 0.08321499824523926 0.0038030000869184732
v 0.06201099976897239 0.08428700268268585 0.005231000017374754
v 0.06214300170540809 0.08421000093221664 0.0036150000523775816
v 0.047545000910758965 0.0926389992237091 0.011939000338315964
v 0.04137799888849258 0.09619899839162827 0.012906000018119812
v 0.0459889993071556 0.09353700280189514 0.010991999879479408
v 0.04457899928092956 0.09435100108385086 0.009775999933481216
v 0.04155300185084342 0.09609799832105637 0.004844999872148037
v 0.042334001511335366 0.09564699977636337 0.0066650002263486385
v 0.03913899883627891 0.09749200195074081 0.01080199982970953
v 0.04335099831223487 0.09505999833345413 0.008321999572217464
v 0.039620000869035714 0.0972139984369278 0.011831999756395817
v 0.04040699824690818 0.09675999730825424 0.012570999562740326
v 0.049210000783205025 0.09167700260877609 0.012594999745488167
v 0.05094299837946891 0.09067700058221817 0.012942999601364136
v 0.06034599989652633 0.08524800091981888 0.014971000142395496
v 0.05270199850201606 0.08966100215911865 0.012974999845027924
v 0.05444400012493133 0.0886560007929802 0.012690000236034393
v 0.0628869980573654 0.08378099650144577 0.013387000188231468
v 0.05914999917149543 0.08593899756669998 0.010041999630630016
v 0.060417000204324715 0.085207000374794 0.00863299984484911
v 0.05612599849700927 0.08768399804830551 0.01209499966353178
v 0.0577079989016056 0.08677099645137787 0.01120499987155199
v 0.06135499849915504 0.08466599881649017 0.014851000159978867
v 0.06224700063467025 0.0841509997844696 0.014294999651610851
v 0.05705700069665908 0.08137399703264236 0.0033340000081807375
v 0.058056998997926705 0.08310600370168686 0.0033340000081807375
v 0.057925000786781304 0.08318199962377548 0.00494999997317791
v 0.05637300014495849 0.07940100133419037 -0.0008510000188834965
v 0.05503699928522109 0.0767659991979599 -0.0025470000691711903
v 0.05746300145983695 0.08113899827003479 -0.001643999945372343
v 0.05846299976110458 0.08287099748849869 -0.001643999945372343
v 0.058595001697540276 0.08279500156641006 -0.0032599999103695154
v 0.04759500175714492 0.06374199688434601 -0.0032599999103695154
v 0.053422998636960976 0.07429199665784836 -0.0008510000188834965
v 0.04692500084638595 0.06412900239229202 0.00494999997317791
v 0.05314600095152854 0.07445099949836731 0.0025400000158697367
v 0.054483000189065926 0.07708600163459778 0.004236000124365091
v 0.05609599873423576 0.07956100255250931 0.0025400000158697367
v 0.0419429987668991 0.09009899944067001 -0.0033340000081807375
v 0.03970599919557571 0.08603999763727188 -0.004310000222176313
v 0.04036200046539306 0.08726000040769577 -0.0038620000705122948
v 0.04253700003027915 0.09206599742174149 0.001643999945372343
v 0.04153700172901153 0.09033399820327759 0.001643999945372343
v 0.04240500181913375 0.0921420007944107 0.0032599999103695154
v 0.039140000939369195 0.08636700361967087 0.0026209999341517687
v 0.0314049981534481 0.07309000194072723 0.0032599999103695154
v 0.03842899948358535 0.0851060003042221 0.0024689999409019947
v 0.037857998162508004 0.0839800015091896 0.0017450000159442425
v 0.04089299961924552 0.08888600021600723 -0.00011999999696854502
v 0.040488999336957925 0.08843500167131424 0.0012029999634250998
v 0.03986899927258491 0.08754400163888931 0.0021730000153183937
v 0.03752600029110908 0.08318399637937546 0.0005729999975301325
v 0.03748999908566474 0.08285500109195709 -0.0008449999731965363
v 0.03207499906420707 0.07270299643278122 -0.00494999997317791
v 0.0377570018172264 0.08305100351572037 -0.0022619999945163727
v 0.038281001150608056 0.08373600244522095 -0.0034340000711381435
v 0.038970001041889184 0.08479399979114532 -0.0041589997708797455
v 0.043074999004602425 0.09175500273704529 -0.00494999997317791
v 0.042943000793457024 0.09183099865913391 -0.0033340000081807375
v 0.04082300141453742 0.08824200183153152 -0.0028929999098181725
v 0.0410109981894493 0.08881700038909912 -0.0015689999563619494
v 0.040989998728036874 0.08891800045967102 -0.0008449999731965363
v 0.04482299834489822 0.10344800353050232 -0.012264999561011791
v 0.04303500056266784 0.10447999835014343 0.009637000039219856
v 0.06275100260972975 0.11685299873352051 -0.014446999877691269
v 0.06373199820518492 0.11740399897098541 -0.014392999932169914
v 0.06371700018644331 0.11509200185537338 -0.014285000041127205
v 0.06511300057172774 0.11578399688005447 -0.014204000122845173
v 0.06999099999666213 0.11296799778938293 -0.013673000037670135
v 0.06930500268936156 0.11436499655246735 -0.013794999569654465
v 0.0714379996061325 0.11472199857234955 -0.013636999763548374
v 0.06813800334930419 0.11539000272750854 -0.013938000425696373
v 0.07005199790000914 0.1164729967713356 -0.0138330003246665
v 0.07082699984312056 0.11566299945116043 -0.013731000013649464
v 0.06666599959135054 0.11588899791240692 -0.014081999659538269
v 0.06811899691820143 0.11758899688720703 -0.014042999595403671
v 0.06913799792528151 0.11712200194597244 -0.013938000425696373
v 0.06479699909687041 0.1177619993686676 -0.014322999864816666
v 0.06590899825096129 0.11791399866342545 -0.014239000156521797
v 0.06702999770641326 0.11785600334405899 -0.014144999906420708
v 0.06188999861478805 0.11612900346517563 -0.01448300015181303
v 0.06268899887800215 0.11391700059175491 -0.014313999563455582
v 0.04746099933981895 0.10147999972105026 -0.014971000142395496
v 0.06218599900603294 0.11243999749422073 -0.014285000041127205
v 0.06228499859571456 0.11088500171899796 -0.014204000122845173
v 0.06643000245094298 0.09052900224924088 -0.012906000018119812
v 0.06855899840593337 0.10876099765300751 -0.013590999878942966
v 0.07190100103616713 0.11034899950027466 -0.013392999768257141
v 0.06958699971437453 0.10993500053882599 -0.013562999665737152
v 0.0720980018377304 0.11145699769258499 -0.013429000042378902
v 0.07009000331163405 0.11141200363636017 -0.013590999878942966
v 0.07208500057458876 0.11258099973201752 -0.013484000228345394
v 0.07186199724674223 0.11368300020694733 -0.013554000295698643
v 0.06296999752521514 0.10948800295591354 -0.014081999659538269
v 0.06413800269365309 0.10846199840307236 -0.013938000425696373
v 0.06560999900102614 0.10796400159597397 -0.013794999569654465
v 0.06716199964284895 0.10806900262832642 -0.013673000037670135
v 0.04652599990367889 0.10219000279903412 -0.014851000159978867
v 0.04569699987769126 0.1028129979968071 -0.014294999651610851
v 0.04509900137782096 0.1032550036907196 -0.013387000188231468
v 0.06717699766159056 0.09054200351238251 0.012264999561011791
v 0.06896500289440154 0.0895100012421608 -0.009637000039219856
v 0.06884700059890746 0.08954399824142456 -0.01080199982970953
v 0.0683230012655258 0.08974999934434891 -0.011831999756395817
v 0.06747499853372572 0.09009499847888947 -0.012570999562740326
v 0.06777600198984145 0.11778700351715088 0.014042999595403671
v 0.0658619999885559 0.11670400202274323 0.013938000425696373
v 0.06702999770641326 0.11567900329828262 0.014081999659538269
v 0.06771499663591383 0.11428199708461761 0.014204000122845173
v 0.0691620036959648 0.11603599786758423 0.014239000156521797
v 0.06855200231075285 0.11697699874639511 0.014144999906420708
v 0.06781399995088576 0.11272600293159485 0.014285000041127205
v 0.06731099635362624 0.11124899983406067 0.014313999563455582
v 0.06962499767541884 0.11166299879550934 0.01448300015181303
v 0.06415399909019469 0.09184300154447556 0.014971000142395496
v 0.0698219984769821 0.11277099698781967 0.014446999877691269
v 0.06980899721384047 0.1138949990272522 0.014392999932169914
v 0.06958600133657454 0.114996999502182 0.014322999864816666
v 0.06628300249576567 0.11007499694824219 0.014285000041127205
v 0.06488700211048125 0.1093830019235611 0.014204000122845173
v 0.06333400309085845 0.10927800089120865 0.014081999659538269
v 0.06186199933290481 0.10977599769830704 0.013938000425696373
v 0.060694999992847436 0.11080200225114822 0.013794999569654465
v 0.045184999704360955 0.10279399901628494 0.012906000018119812
v 0.06283800303936003 0.11709800362586975 0.013673000037670135
v 0.06439000368118285 0.1172029972076416 0.013794999569654465
v 0.0636330023407936 0.11922799795866013 0.013636999763548374
v 0.06686200201511382 0.11843600124120712 0.013938000425696373
v 0.06584300100803374 0.11890300363302231 0.0138330003246665
v 0.06475400179624556 0.11917000263929367 0.0137320002540946
v 0.06000899896025657 0.11219900101423264 0.013673000037670135
v 0.059909999370574944 0.11375399678945541 0.013590999878942966
v 0.059613998979330056 0.11744300276041031 0.013392999768257141
v 0.06041299924254417 0.1152309998869896 0.013562999665737152
v 0.06047499924898147 0.11816699802875519 0.013429000042378902
v 0.06144100055098533 0.11640600115060806 0.013590999878942966
v 0.06145599856972694 0.11871799826622009 0.013484000228345394
v 0.06252100318670271 0.11907599866390228 0.013554000295698643
v 0.04312400147318839 0.10439500212669373 0.01080199982970953
v 0.04356399923563003 0.10404500365257263 0.011831999756395817
v 0.044287998229265206 0.10348200052976608 0.012570999562740326
v 0.06523600220680235 0.09138800203800201 0.014851000159978867
v 0.06618999689817427 0.09098099917173386 0.014294999651610851
v 0.06687200069427489 0.09068399667739868 0.013387000188231468
v 0.06609699875116347 0.1162170022726059 -0.00711299991235137
v 0.06756900250911711 0.11571899801492691 -0.0069690002128481865
v 0.07006900012493132 0.12004899978637695 -0.0069690002128481865
v 0.07193200290203093 0.1186159998178482 -0.006748999934643507
v 0.06873700022697447 0.11469300091266632 -0.006825000047683716
v 0.07335799932479857 0.1167450025677681 -0.0065449997782707214
v 0.06942199915647505 0.11329600214958191 -0.006703999824821949
v 0.07424700260162352 0.11456499993801117 -0.00636899983510375
v 0.06916599720716475 0.09160199761390686 -0.0057020001113414764
v 0.06659299880266188 0.1083969995379448 -0.006703999824821949
v 0.06504099816083907 0.10829199850559235 -0.006825000047683716
v 0.07453899830579756 0.1122250035405159 -0.0062350002117455006
v 0.06952100247144698 0.11174099892377853 -0.006622000131756067
v 0.07421399652957915 0.1098880022764206 -0.0061519998125731945
v 0.06901799887418746 0.11026400327682495 -0.006593999918550253
v 0.0679899975657463 0.10909000039100647 -0.006622000131756067
v 0.06240100041031837 0.10981599986553192 -0.00711299991235137
v 0.04588500037789344 0.10504300147294998 -0.008236000314354897
v 0.06356900185346602 0.10879100114107132 -0.0069690002128481865
v 0.05913000181317329 0.1027270033955574 -0.007046000100672245
v 0.06053699925541877 0.10191400349140167 -0.006891999859362841
v 0.06171600148081779 0.11121299862861633 -0.007234999909996986
v 0.061616998165845864 0.1127690002322197 -0.007315999828279018
v 0.059197001159191125 0.11855799704790115 -0.007786000147461891
v 0.062120001763105386 0.11424600332975388 -0.0073449998162686825
v 0.06105900183320045 0.12000799924135208 -0.007703000213950872
v 0.06314799934625624 0.11541999876499176 -0.007315999828279018
v 0.06323000043630599 0.12092500180006027 -0.0075690001249313354
v 0.06454499810934065 0.11611200124025345 -0.007234999909996986
v 0.06556300073862074 0.12124499678611755 -0.007393000181764364
v 0.0678960010409355 0.1209459975361824 -0.007189000025391579
v 0.07453899830579756 0.1097010001540184 -0.010134000331163406
v 0.07483399659395217 0.1113630011677742 -0.010188000276684761
v 0.07457199692726134 0.11437699943780899 -0.010351999662816525
v 0.07481399923563002 0.11304900050163269 -0.010269000194966793
v 0.07486400008201598 0.11203800141811371 -0.010218000039458275
v 0.07448100298643111 0.1147020012140274 -0.010374999605119228
v 0.07384400069713591 0.11626099795103073 -0.010499999858438969
v 0.07368300110101698 0.11655700206756592 -0.010526999831199646
v 0.07292799651622771 0.11767300218343735 -0.010641000233590603
v 0.07225699722766875 0.11842799931764603 -0.010731999762356281
v 0.07176499813795088 0.11888699978590012 -0.010793999768793583
v 0.07039400190114974 0.11986099928617477 -0.010951000265777111
v 0.06886500120162962 0.12056100368499756 -0.011109000071883202
v 0.06588800251483916 0.12105699628591537 -0.011376000009477139
v 0.06723199784755705 0.1209620013833046 -0.01126100029796362
v 0.06822100281715392 0.12075799703598022 -0.011171000078320503
v 0.0655509978532791 0.12104900181293488 -0.011402999982237816
v 0.06388200074434279 0.12082000076770782 -0.011528000235557556
v 0.0635550022125244 0.1207370012998581 -0.01155100017786026
v 0.06228499859571456 0.12028300017118454 -0.011633000336587429
v 0.05952199921011924 0.11837100237607956 -0.011769000440835953
v 0.0608140006661415 0.11945699900388718 -0.011714999563992023
v 0.061383999884128564 0.11982099711894989 -0.01168499980121851
v 0.044746998697519295 0.10570000112056732 0.0057020001113414764
v 0.05805899947881698 0.1192149966955185 0.0061519998125731945
v 0.05773400142788886 0.11940299719572067 0.010134000331163406
v 0.06122199818491935 0.11678499728441238 -0.014421000145375729
v 0.06221599876880645 0.11762099713087082 -0.014379000291228294
v 0.060316998511552804 0.11765599995851517 -0.013801000081002712
v 0.06007099896669387 0.1178859993815422 -0.013472000136971474
v 0.06128099933266639 0.1189040020108223 -0.013422000221908092
v 0.05970200151205062 0.11822400242090225 -0.012678000144660473
v 0.06097200140357017 0.11929299682378769 -0.012625000439584255
v 0.062419001013040536 0.12010599672794342 -0.012544999830424786
v 0.06399100273847579 0.12063399702310562 -0.012442000210285187
v 0.06563200056552886 0.12085899710655212 -0.012318000197410583
v 0.06728500127792357 0.12077300250530243 -0.012179000303149223
v 0.06889200210571288 0.1203790009021759 -0.012029999867081642
v 0.07039599865674971 0.11969099938869476 -0.011873999610543251
v 0.07174400240182875 0.11873199790716171 -0.011718999594449997
v 0.07288900017738341 0.11753799766302109 -0.011568999849259853
v 0.07378999888896941 0.11614900082349777 -0.011429999954998493
v 0.07441599667072295 0.11461500078439713 -0.011307000182569027
v 0.07474400103092192 0.11298999935388565 -0.011203999631106853
v 0.07476300001144408 0.11133100092411041 -0.011123999953269958
v 0.06265799701213835 0.11967799812555313 -0.013345999643206596
v 0.06415399909019469 0.12018000334501266 -0.013247000053524971
v 0.06571599841117857 0.1203949972987175 -0.013129999861121178
v 0.0672900006175041 0.12031300365924835 -0.01299699954688549
v 0.06881900131702422 0.11993800103664398 -0.012854999862611294
v 0.07025100290775298 0.11928199976682663 -0.01270699966698885
v 0.07153400033712386 0.11836999654769897 -0.01255900040268898
v 0.07262399792671202 0.11723300069570541 -0.012416999787092209
v 0.07348199933767317 0.11591099947690964 -0.012284000404179096
v 0.07407700270414351 0.11445099860429764 -0.012167000211775303
v 0.07439000159502028 0.11290399730205536 -0.012067999690771103
v 0.07440800219774245 0.11132500320672989 -0.011993000283837318
v 0.060594998300075524 0.11739099770784378 -0.01407300028949976
v 0.06170900166034698 0.11832799762487411 -0.014026000164449215
v 0.07447300106287001 0.10969600081443787 -0.011070000007748604
v 0.07413200289011 0.10976900160312653 -0.0119420001283288
v 0.07386700063943862 0.10983200371265411 -0.01232600025832653
v 0.06297799944877623 0.11904100328683853 -0.013956000097095966
v 0.06435599923133849 0.11950399726629257 -0.013864999637007713
v 0.06579499691724776 0.11970099806785583 -0.013756999745965004
v 0.06724499911069869 0.1196260005235672 -0.013635000213980675
v 0.06865400075912474 0.11928000301122665 -0.013504000380635262
v 0.06997299939393996 0.11867599934339523 -0.013368000276386738
v 0.07115499675273894 0.11783599853515625 -0.013232000172138214
v 0.07215899974107741 0.11678899824619293 -0.013100000098347664
v 0.07294899970293044 0.11557099968194962 -0.01297799963504076
v 0.07349800318479537 0.11422599852085114 -0.01286999974399805
v 0.07378599792718886 0.11280100047588348 -0.01278000045567751
v 0.07380300015211104 0.11134599894285202 -0.01271000038832426
v 0.07354799658060072 0.10991200059652328 -0.012663000263273716
v 0.06334800273180007 0.11825700104236603 -0.014317000284790993
v 0.06457799673080443 0.11867000162601471 -0.01423600036650896
v 0.0658619999885559 0.11884599924087524 -0.014139000326395035
v 0.06715500354766844 0.1187790036201477 -0.014031000435352325
v 0.06841299682855605 0.11847099661827087 -0.013913000002503395
v 0.06959000229835509 0.11793199926614761 -0.013791999779641628
v 0.07064399868249892 0.11718200147151947 -0.013670999556779861
v 0.07153999805450438 0.1162479966878891 -0.013553000055253506
v 0.0722450017929077 0.1151610016822815 -0.013445000164210796
v 0.072734996676445 0.11396100372076035 -0.01334800012409687
v 0.07299199700355528 0.11268900334835052 -0.013267000205814838
v 0.07300700247287749 0.11139100044965744 -0.013205000199377537
v 0.07277999818325041 0.11011199653148651 -0.013163000345230103
v 0.059399001300334923 0.10257100313901901 0.007046000100672245
v 0.05799200013279914 0.10338400304317474 0.006891999859362841
v 0.0730760022997856 0.11054500192403793 0.007786000147461891
v 0.07275100052356719 0.11073300242424011 0.011769000440835953
v 0.0680280029773712 0.0922589972615242 0.008236000314354897
v 0.06047900021076202 0.11342599987983704 0.006622000131756067
v 0.06098200008273124 0.11490300297737122 0.006593999918550253
v 0.0620100013911724 0.1160769984126091 0.006622000131756067
v 0.0599210001528263 0.12066499888896942 0.0062350002117455006
v 0.06340699642896651 0.11676900088787079 0.006703999824821949
v 0.06057799980044364 0.11186999827623367 0.006703999824821949
v 0.06126299872994422 0.11047299951314926 0.006825000047683716
v 0.06243100017309188 0.10944800078868866 0.0069690002128481865
v 0.06390299648046492 0.10894899815320969 0.00711299991235137
v 0.06545499712228774 0.10905399918556213 0.007234999909996986
v 0.06685200333595274 0.10974700003862381 0.007315999828279018
v 0.06787999719381331 0.11092100292444229 0.0073449998162686825
v 0.07340099662542342 0.11288200318813324 0.007703000213950872
v 0.06838300079107283 0.11239799857139587 0.007315999828279018
v 0.07310900092124938 0.11522100120782852 0.0075690001249313354
v 0.06828399747610091 0.11395300179719925 0.007234999909996986
v 0.07221999764442442 0.11740200221538544 0.007393000181764364
v 0.06759899854660033 0.11535000056028366 0.00711299991235137
v 0.06209199875593185 0.12158200144767761 0.00636899983510375
v 0.0644249990582466 0.1219019964337349 0.0065449997782707214
v 0.06495899707078932 0.11687400192022324 0.006825000047683716
v 0.06675799936056136 0.12160299718379974 0.006748999934643507
v 0.06643100082874297 0.11637599766254425 0.0069690002128481865
v 0.06893099844455718 0.1207059994339943 0.0069690002128481865
v 0.07079400122165679 0.11927299946546555 0.007189000025391579
v 0.05902599915862083 0.12048900127410889 0.010188000276684761
v 0.06176700070500373 0.12177000194787979 0.010351999662816525
v 0.060497000813484185 0.12131600081920624 0.010269000194966793
v 0.0595949999988079 0.1208529993891716 0.010218000039458275
v 0.06209399923682212 0.12185300141572952 0.010374999605119228
v 0.06376300007104872 0.12208200246095657 0.010499999858438969
v 0.06409999728202818 0.12208899855613708 0.010526999831199646
v 0.06544300168752669 0.1219940036535263 0.010641000233590603
v 0.06643299758434294 0.12179099768400192 0.010731999762356281
v 0.06707700341939925 0.12159299850463867 0.010793999768793583
v 0.06860599666833876 0.12089399993419647 0.010951000265777111
v 0.06997600197792052 0.11992000043392181 0.011109000071883202
v 0.07189399749040602 0.11758899688720703 0.011376000009477139
v 0.07113999873399733 0.11870499700307846 0.011261999607086182
v 0.07046899944543837 0.11946000158786774 0.011171000078320503
v 0.07205600291490553 0.11729300022125244 0.011402999982237816
v 0.07269199937582015 0.11573400348424911 0.011528000235557556
v 0.07278399914503096 0.1154090017080307 0.01155100017786026
v 0.07302600145339964 0.11408200114965439 0.011633000336587429
v 0.07304599881172179 0.11239500343799591 0.011714999563992023
v 0.0730760022997856 0.11307000368833542 0.01168499980121851
v 0.07052800059318541 0.11141200363636017 0.014421000145375729
v 0.07075499743223189 0.1126910001039505 0.014379000291228294
v 0.07173400372266768 0.11106400191783905 0.013801000081002712
v 0.07205700129270552 0.1109670028090477 0.013472000136971474
v 0.07233300060033797 0.11252299696207047 0.013422000221908092
v 0.07253400236368178 0.11081500351428986 0.012678000144660473
v 0.07282499969005583 0.1124500036239624 0.012625000439584255
v 0.07280500233173369 0.11410900205373764 0.012544999830424786
v 0.07247699797153472 0.1157350018620491 0.012442000210285187
v 0.07185100018978118 0.11726900190114975 0.012318000197410583
v 0.07095000147819518 0.11865700036287308 0.012179000303149223
v 0.06980500370264052 0.11985199898481369 0.012029999867081642
v 0.06845699995756148 0.12081000208854675 0.011873999610543251
v 0.06695300340652464 0.1214980036020279 0.011718999594449997
v 0.06534600257873534 0.1218930035829544 0.011568999849259853
v 0.06369300186634062 0.1219789981842041 0.011429999954998493
v 0.06205200031399726 0.1217539981007576 0.011307000182569027
v 0.060479998588562005 0.12122499942779541 0.011203999631106853
v 0.05903299897909164 0.12041199952363968 0.011123999953269958
v 0.0723149999976158 0.11410199850797653 0.013345999643206596
v 0.07200200110673903 0.11564899981021881 0.013247000053524971
v 0.0714069977402687 0.11710900068283081 0.013129999861121178
v 0.07054899632930754 0.11843100190162659 0.01299699954688549
v 0.06945899873971938 0.11956799775362015 0.012854999862611294
v 0.0681760013103485 0.1204800009727478 0.01270699966698885
v 0.06674499809741972 0.12113600224256516 0.01255900040268898
v 0.06521499902009963 0.12151099741458893 0.012416999787092209
v 0.0636409968137741 0.12159299850463867 0.012284000404179096
v 0.062079001218080514 0.12137799710035324 0.012167000211775303
v 0.06058299914002418 0.1208759993314743 0.012067999690771103
v 0.05920600146055221 0.12010200321674347 0.011993000283837318
v 0.07136599719524382 0.11117199808359146 0.01407300028949976
v 0.07162000238895415 0.1126059964299202 0.014026000164449215
v 0.05776299908757209 0.11934400349855423 0.011070000007748604
v 0.05799600109457969 0.11908400058746338 0.0119420001283288
v 0.05818400159478187 0.11888699978590012 0.01232600025832653
v 0.07160300016403197 0.11406099796295166 0.013956000097095966
v 0.07131499797105788 0.11548600345849991 0.013864999637007713
v 0.07076700031757353 0.11683099716901779 0.013756999745965004
v 0.06997600197792052 0.1180490031838417 0.013635000213980675
v 0.06897199898958205 0.11909600347280502 0.013504000380635262
v 0.06779000163078307 0.119937002658844 0.013368000276386738
v 0.06647100299596785 0.12054000049829483 0.013232000172138214
v 0.0650620013475418 0.12088599801063538 0.013100000098347664
v 0.06361299753189086 0.12096100300550461 0.01297799963504076
v 0.0621730014681816 0.12076400220394135 0.01286999974399805
v 0.06079500168561935 0.12030100077390671 0.01278000045567751
v 0.059526998549699776 0.11958800256252289 0.01271000038832426
v 0.05841200053691863 0.11865100264549255 0.012663000263273716
v 0.07073999941349028 0.11398900300264359 0.014317000284790993
v 0.07048299908637999 0.1152610033750534 0.01423600036650896
v 0.0699929967522621 0.11646100133657455 0.014139000326395035
v 0.06928800046443938 0.11754799634218216 0.014031000435352325
v 0.06839200109243392 0.11848299950361252 0.013913000002503395
v 0.06733799725770949 0.11923199892044067 0.013791999779641628
v 0.06616099923849104 0.11977100372314453 0.013670999556779861
v 0.06490299850702284 0.12007900327444077 0.013553000055253506
v 0.06361000239849089 0.12014699727296829 0.013445000164210796
v 0.062325999140739434 0.11997099965810776 0.01334800012409687
v 0.06109600141644477 0.11955700069665909 0.013267000205814838
v 0.05996400117874145 0.11892099678516388 0.013205000199377537
v 0.05897000059485435 0.11808499693870544 0.013163000345230103
v 0.04320799931883811 0.09167800098657608 -0.005394999869167805
v 0.04402500018477439 0.09120699763298035 -0.006641000043600798
v 0.03220799937844276 0.07262600213289261 -0.005394999869167805
v 0.03354899957776069 0.07185199856758118 -0.0072650001384317875
v 0.044548999518156045 0.09090399742126465 -0.0072650001384317875
v 0.045000001788139336 0.0906440019607544 -0.007724999915808439
v 0.035239998251199715 0.07087600231170654 -0.008705999702215195
v 0.04818199947476386 0.08880700170993805 -0.009634999558329582
v 0.03718199953436851 0.06975399702787399 -0.009634999558329582
v 0.047325998544692986 0.08930099755525589 -0.009304000064730644
v 0.04610899835824966 0.09000299870967865 -0.008620000444352627
v 0.04862000048160552 0.0885540023446083 -0.009762000292539597
v 0.04995999857783317 0.08777999877929688 -0.009980999864637852
v 0.03925999999046325 0.06855399906635284 -0.009995999746024609
v 0.052352998405694955 0.08639899641275406 -0.00976799987256527
v 0.0413529984652996 0.0673459991812706 -0.00976799987256527
v 0.051313001662492745 0.08699899911880493 -0.009956000372767448
v 0.050259999930858605 0.0876069962978363 -0.009995999746024609
v 0.05264599993824958 0.08623000234365463 -0.009688000194728374
v 0.053927000612020486 0.08549000322818756 -0.009184000082314014
v 0.04333699867129325 0.06620100140571594 -0.008964999578893185
v 0.05433699861168861 0.08525300025939941 -0.008964999578893185
v 0.05512399971485137 0.08479899913072586 -0.008454999886453152
v 0.04509399831295013 0.06518600136041641 -0.0076339999213814735
v 0.056207999587059014 0.08417300134897232 -0.007519999984651804
v 0.057153001427650445 0.08362700045108795 -0.006401999853551388
v 0.04652199894189834 0.06436199694871902 -0.005853000096976757
v 0.058536000549793236 0.08282899856567383 -0.0037269999738782644
v 0.04753600060939788 0.06377600133419037 -0.0037269999738782644
v 0.05793600156903266 0.08317600190639496 -0.005127000156790018
v 0.057521998882293694 0.0834140032529831 -0.005853000096976757
v 0.05779200047254562 0.08325900137424469 0.005394999869167805
v 0.05697499960660934 0.08372999727725983 0.006641000043600798
v 0.04679200053215026 0.06420599669218063 0.005394999869167805
v 0.04545100033283233 0.06498000025749207 0.0072650001384317875
v 0.056451000273227685 0.08403299748897552 0.0072650001384317875
v 0.05600000172853469 0.08429300040006638 0.007724999915808439
v 0.043760001659393304 0.0659559965133667 0.008705999702215195
v 0.052818000316619866 0.08613000065088272 0.009634999558329582
v 0.04181800037622451 0.06707800179719925 0.009634999558329582
v 0.05367400124669074 0.08563599735498428 0.009304000064730644
v 0.05489100143313407 0.08493400365114212 0.008620000444352627
v 0.05237999930977821 0.08638300001621246 0.009762000292539597
v 0.05104000121355056 0.0871570035815239 0.009980999864637852
v 0.03973999992012977 0.0682779997587204 0.009995999746024609
v 0.048647001385688775 0.08853799849748611 0.00976799987256527
v 0.03764700144529342 0.06948599964380264 0.00976799987256527
v 0.04968700185418128 0.08793800324201584 0.009956000372767448
v 0.050739999860525124 0.08732999861240387 0.009995999746024609
v 0.04835399985313415 0.08870799839496613 0.009688000194728374
v 0.047072999179363244 0.08944699913263321 0.009184000082314014
v 0.03566300123929977 0.0706309974193573 0.008964999578893185
v 0.04666300117969512 0.08968400210142136 0.008964999578893185
v 0.04587600007653236 0.09013800323009491 0.008454999886453152
v 0.03390600159764289 0.07164599746465683 0.0076339999213814735
v 0.044792000204324715 0.09076400101184845 0.007519999984651804
v 0.043846998363733285 0.09131000190973282 0.006401999853551388
v 0.03247800096869468 0.07247000187635422 0.005853000096976757
v 0.04246399924159049 0.09210799634456635 0.0037269999738782644
v 0.03146399930119514 0.07305599749088287 0.0037269999738782644
v 0.04306399822235107 0.09176100045442581 0.005127000156790018
v 0.043478000909090035 0.09152299910783768 0.005853000096976757
v 0.04241200163960456 0.06673499941825867 0.003700000001117587
v 0.041058000177145 0.0675169974565506 0.004664999898523092
v 0.03949299827218055 0.06842000037431717 0.004999999888241291
v 0.04337299987673759 0.06617999821901321 0.0022360000293701887
v 0.04381100088357925 0.06592699885368347 0.0004689999914262444
v 0.0436669997870922 0.0660099983215332 -0.001361000002361834
v 0.042959999293088906 0.06641899794340134 -0.0030070000793784857
v 0.03792899847030639 0.06932300329208374 0.004658999852836132
v 0.036577999591827386 0.0701029971241951 0.0036899999249726534
v 0.041785001754760735 0.0670970007777214 -0.004246999975293875
v 0.03562099859118461 0.07065600156784058 0.0022219999227672815
v 0.035188000649213784 0.07090599834918976 0.0004529999860096723
v 0.035337001085281365 0.07081899791955948 -0.0013760000001639128
v 0.0360490009188652 0.07040899991989136 -0.003019999945536256
v 0.03871100023388862 0.06887099891901016 -0.004916000179946423
v 0.04030200093984603 0.06795299798250198 -0.004912999924272299
v 0.03722599893808364 0.06972900032997131 -0.004255000036209822
v 0.04214899986982345 0.0827070027589798 -0.0012110000243410468
v 0.04200899973511695 0.08261500298976898 -0.0008549999911338091
v 0.04193900153040885 0.08259599655866623 -0.0004689999914262444
v 0.04194600135087966 0.08265099674463272 -8.099999831756577e-05
v 0.04202700033783912 0.08277799934148788 0.00028300000121816993
v 0.04209500178694724 0.08286900073289871 0.0004529999860096723
v 0.042355999350547784 0.08322100341320038 0.0008399999933317304
v 0.04256200045347213 0.08351899683475494 0.0009929999941959977
v 0.043009001761674874 0.08370999991893768 -0.0019409999949857593
v 0.042796999216079705 0.0833830013871193 -0.0018909999635070562
v 0.042567998170852654 0.08309900015592575 -0.0017460000235587358
v 0.042243998497724526 0.08278299868106842 -0.0013760000001639128
v 0.0427660010755062 0.08385100215673447 0.0010460000485181808
v 0.04295099899172782 0.08419299870729446 0.0009929999941959977
v 0.04862099885940551 0.09317199885845184 0.0022219999227672815
v 0.043106000870466225 0.08451999723911285 0.0008399999933317304
v 0.048188000917434685 0.09342200309038162 0.0004529999860096723
v 0.04328100010752677 0.08492299914360046 0.0004529999860096723
v 0.04332600161433219 0.08502700179815292 0.00028300000121816993
v 0.043395001441240304 0.0851610004901886 -7.999999797903001e-05
v 0.04343900084495544 0.08519399911165237 -0.0004689999914262444
v 0.04833700135350227 0.09333600103855133 -0.0013760000001639128
v 0.04345799982547759 0.08512400090694427 -0.0008549999911338091
v 0.04344800114631652 0.08495700359344482 -0.0012110000243410468
v 0.04343000054359435 0.08483699709177017 -0.0013760000001639128
v 0.0490490011870861 0.09292499721050262 -0.003019999945536256
v 0.043317999690771096 0.08439800143241882 -0.0017460000235587358
v 0.043186001479625695 0.0840580016374588 -0.0018909999635070562
v 0.0566670000553131 0.08852700144052505 -0.001361000002361834
v 0.05637300014495849 0.08869700133800507 0.0022360000293701887
v 0.05681100115180015 0.08844400197267532 0.0004689999914262444
v 0.055411998182535165 0.08925099670886993 0.003700000001117587
v 0.0540580004453659 0.09003300219774246 0.004664999898523092
v 0.05249299854040145 0.09093700349330902 0.004999999888241291
v 0.05092899873852729 0.09183900058269501 0.004658999852836132
v 0.04957799986004829 0.09262000024318695 0.0036899999249726534
v 0.05022599920630454 0.09224499762058258 -0.004255000036209822
v 0.05171100050210952 0.09138800203800201 -0.004916000179946423
v 0.05330200120806693 0.09046900272369385 -0.004912999924272299
v 0.05478499829769134 0.08961299806833267 -0.004246999975293875
v 0.05595999956130981 0.0889350026845932 -0.0030070000793784857
v 0.05249999836087226 0.09093300253152847 0.0
v 0.040842998772859566 0.08496099710464478 0.0008360000210814178
v 0.04092200100421905 0.08509700000286102 0.0008280000183731318
v 0.04123400151729583 0.08560100197792053 0.0006360000115819275
v 0.041499998420476907 0.08598300069570541 0.0002209999947808683
v 0.04155300185084342 0.08605100214481354 9.000000136438757e-05
v 0.04167300090193748 0.08617600053548813 -0.0003459999861661345
v 0.04171499982476234 0.08619000017642975 -0.0006569999968633056
v 0.04172400012612342 0.0861470028758049 -0.0009670000290498137
v 0.041444998234510415 0.0854789987206459 -0.0019499999471008778
v 0.041643001139163964 0.08590099960565567 -0.0015350000467151403
v 0.04167500138282775 0.08598099648952484 -0.0014039999805390835
v 0.040617000311613076 0.08455599844455719 0.00076299998909235
v 0.04048399999737739 0.08430200070142746 0.0006360000115819275
v 0.04037199914455413 0.0840739980340004 0.0004529999860096723
v 0.04025400057435035 0.08380100131034851 9.000000136438757e-05
v 0.04022999852895736 0.08373299986124039 -4.999999873689376e-05
v 0.04021500051021575 0.0835919976234436 -0.0006569999968633056
v 0.040329001843929284 0.08367600291967392 -0.0012639999622479081
v 0.04037600010633468 0.08373100310564041 -0.0014039999805390835
v 0.0405529998242855 0.08396899700164795 -0.001766999950632453
v 0.04069500043988227 0.08417999744415283 -0.0019499999471008778
v 0.04084900021553039 0.0844229981303215 -0.002076999982818961
v 0.04108700156211852 0.08482100069522858 -0.00215000007301569
v 0.04116399958729743 0.08495700359344482 -0.002142000012099743
v 0.04324600100517272 0.09410600364208221 -0.003415999934077263
v 0.04332099854946136 0.09293899685144424 -0.0033549999352544546
v 0.04273200035095214 0.09515400230884552 -0.0035069999285042286
v 0.04284000024199485 0.09434100240468979 0.0015620000194758177
v 0.04232599958777427 0.0953880026936531 0.0014700000174343586
v 0.0429139994084835 0.09317400306463242 0.001623000018298626
v 0.060281001031398766 0.08427099883556366 -0.0015620000194758177
v 0.061445999890565865 0.08434999734163284 -0.0014700000174343586
v 0.05923400074243545 0.08375199884176254 -0.001623000018298626
v 0.061039000749588006 0.08458399772644043 0.0035069999285042286
v 0.059875000268220895 0.08450499922037125 0.003415999934077263
v 0.05882799997925758 0.08398599922657013 0.0033549999352544546
v 0.052019000053405755 0.07850900292396545 -0.0028750000055879354
v 0.05335599929094314 0.08114299923181534 -0.0011790000135079026
v 0.05146500095725059 0.07882799953222275 0.0039079999551177025
v 0.053079001605510705 0.08130300045013428 0.0022120000794529915
v 0.050406001508235924 0.07603400200605392 -0.0011790000135079026
v 0.05012900009751319 0.07619400322437286 0.0022120000794529915
v 0.05858999863266944 0.08279799669981003 -0.003498000092804432
v 0.05788100138306617 0.08320699632167816 0.0051819998770952225
v 0.04311899840831756 0.09172999858856201 -0.0051819998770952225
v 0.04241000115871429 0.09213899821043015 0.003498000092804432
v 0.06180899962782859 0.08423399925231934 -0.003066000062972307
v 0.06087499856948852 0.08428099751472473 -0.003143999958410859
v 0.06041299924254417 0.08419500291347504 -0.00317799998447299
v 0.05997100099921226 0.08403699845075607 -0.0032059999648481607
v 0.05918499827384948 0.08352500200271606 -0.003246000036597252
v 0.05911799892783164 0.08356299996376038 -0.003780999919399619
v 0.05917900055646896 0.08352799713611603 -0.003519000019878149
v 0.05996299907565116 0.08404199779033661 -0.0035800000187009573
v 0.06086299940943717 0.08428800106048584 -0.0036750000435858965
v 0.0617929995059967 0.08424299955368042 -0.0037950000260025263
v 0.05987900123000144 0.08409000188112259 -0.00394000019878149
v 0.060743998736143105 0.08435700088739395 -0.004188000224530697
v 0.06162900105118751 0.0843380019068718 -0.004499000031501055
v 0.05850800126791 0.08391500264406204 -0.00520200002938509
v 0.05771400034427642 0.08437400311231613 -0.006496000103652477
v 0.05675600096583366 0.08492700010538101 -0.007631000131368637
v 0.055654998868703835 0.08556299656629562 -0.008578999899327755
v 0.05444100126624107 0.0862639993429184 -0.009318999946117401
v 0.053141001611948006 0.08701399713754654 -0.009829999879002571
v 0.05178799852728843 0.08779499679803848 -0.010102000087499619
v 0.05041500180959701 0.08858799934387207 -0.010126999579370022
v 0.04905600100755691 0.08937299996614456 -0.00990500021725893
v 0.047743000090122216 0.0901309996843338 -0.009441000409424305
v 0.046509001404047005 0.09084399789571762 -0.00874600000679493
v 0.045382998883724206 0.09149300307035446 -0.007837999612092972
v 0.043565001338720315 0.09254299849271774 -0.00547399977222085
v 0.04439400136470794 0.0920649990439415 -0.006738999858498573
v 0.04367199912667274 0.0934469997882843 -0.005704000126570463
v 0.04453599825501441 0.09294799715280533 -0.007021999917924404
v 0.04556699842214584 0.09235300123691559 -0.00816699955612421
v 0.04673999920487403 0.09167599678039551 -0.009112999774515629
v 0.04802599921822547 0.09093300253152847 -0.009836999699473381
v 0.049394000321626656 0.09014300256967545 -0.010320999659597874
v 0.05081000179052352 0.08932500332593918 -0.010552000254392624
v 0.052241001278161996 0.0885000005364418 -0.010525999590754509
v 0.05365100130438804 0.08768600225448608 -0.010243000462651253
v 0.055004999041557305 0.08690399676561356 -0.009709999896585941
v 0.0562710016965866 0.08617299795150757 -0.008940000087022781
v 0.057417001575231545 0.08551099896430969 -0.007950999774038792
v 0.05841600149869918 0.08493400365114212 -0.006767999846488237
v 0.05924300104379653 0.08445700258016586 -0.005421000067144632
v 0.043519999831914895 0.0943010002374649 -0.006062000058591366
v 0.044438000768423074 0.09377100318670273 -0.007462000008672476
v 0.04553399980068206 0.09313800185918808 -0.008679999969899654
v 0.046780001372098916 0.09241899847984314 -0.0096859997138381
v 0.048147000372409814 0.0916299968957901 -0.010455000214278698
v 0.04960099980235099 0.09079000353813171 -0.010968999937176704
v 0.05110599845647811 0.0899209976196289 -0.011215000413358212
v 0.052627000957727425 0.08904299885034561 -0.011187000200152397
v 0.054124999791383736 0.08817800134420395 -0.010885999538004398
v 0.055564001202583306 0.08734700083732605 -0.010320000350475311
v 0.05690899863839149 0.08657100051641464 -0.009500999934971333
v 0.05812799930572509 0.0858670026063919 -0.008449999615550041
v 0.05918899923563003 0.0852539986371994 -0.007193000055849552
v 0.0600689984858036 0.08474700152873993 -0.005760999862104654
v 0.04312299937009811 0.09502200037240982 -0.006513999775052071
v 0.0441100001335144 0.09445299953222275 -0.008018000051379204
v 0.04528699815273284 0.0937729999423027 -0.009325999766588211
v 0.0466260015964508 0.09300000220537186 -0.01040599960833788
v 0.048094999045133584 0.09215199947357178 -0.011233000084757805
v 0.04965699836611747 0.09125000238418579 -0.011784999631345272
v 0.05127400159835815 0.09031599760055542 -0.012048999778926373
v 0.05290799960494041 0.08937299996614456 -0.012020000256597996
v 0.05451700091361999 0.08844400197267532 -0.011695999652147293
v 0.05606399849057197 0.08755099773406982 -0.011087999679148197
v 0.05750900134444236 0.08671600371599197 -0.010208000428974628
v 0.058818001300096505 0.0859609991312027 -0.009078999981284142
v 0.05995900183916091 0.08530200272798538 -0.007728999946266413
v 0.06090300157666206 0.084757000207901 -0.0061900001019239426
v 0.04346200078725814 0.09260199964046478 -0.005229000002145767
v 0.043411999940872185 0.09263099730014801 -0.00496299983933568
v 0.04346299916505813 0.09356799721717834 -0.005003000143915415
v 0.043377999216318124 0.094030000269413 -0.005032000131905079
v 0.04332000017166137 0.09441699832677841 -0.005584999918937683
v 0.04353100061416625 0.09352800250053406 -0.005367999896407127
v 0.04284799844026565 0.09518100321292877 -0.0058570001274347305
v 0.04322300106287002 0.09447299689054489 -0.005065999925136566
v 0.04271500185132026 0.09525799751281738 -0.005144000053405762
v 0.042043998837471 0.0956450030207634 0.003066000062972307
v 0.04255200177431106 0.0948600023984909 0.003143999958410859
v 0.04270799830555915 0.09441699832677841 0.00317799998447299
v 0.04279299825429916 0.09395500272512436 0.0032059999648481607
v 0.04274199903011321 0.09301800280809402 0.003246000036597252
v 0.04280899837613105 0.09297899901866913 0.003780999919399619
v 0.042748000472784035 0.09301500022411346 0.003519000019878149
v 0.04280100017786025 0.09395000338554382 0.0035800000187009573
v 0.042564000934362405 0.0948529988527298 0.0036750000435858965
v 0.042059998959302895 0.09563600271940231 0.0037950000260025263
v 0.04288500174880027 0.09390100091695786 0.00394000019878149
v 0.04268300160765647 0.09478399902582169 0.004188000224530697
v 0.04222400113940238 0.09554100036621094 0.004499000031501055
v 0.043418999761342995 0.09262699633836746 0.00520200002938509
v 0.04421300068497657 0.09216900169849396 0.006496000103652477
v 0.045171000063419335 0.09161499887704849 0.007631000131368637
v 0.04627199843525886 0.09098000079393387 0.008578999899327755
v 0.047485999763011925 0.0902789980173111 0.009318999946117401
v 0.048785999417304986 0.08952900022268295 0.009829999879002571
v 0.050138998776674264 0.08874800056219101 0.010102000087499619
v 0.051511999219655984 0.08795499801635742 0.010126999579370022
v 0.052871000021696084 0.08716999739408493 0.00990500021725893
v 0.054184000939130776 0.08641199767589569 0.009441000409424305
v 0.05541900172829627 0.08569899946451187 0.00874600000679493
v 0.05654399842023849 0.08504900336265564 0.007837999612092972
v 0.05836199969053268 0.08399999886751175 0.00547399977222085
v 0.05753299966454505 0.084477998316288 0.006738999858498573
v 0.05909100174903869 0.08454500138759613 0.005704000126570463
v 0.058226998895406716 0.08504299819469452 0.007021999917924404
v 0.05719700083136558 0.08563800156116486 0.00816699955612421
v 0.05602400004863738 0.08631599694490433 0.009112999774515629
v 0.05473800003528594 0.08705800026655197 0.009836999699473381
v 0.05336999893188476 0.087848000228405 0.010320999659597874
v 0.051952999085187905 0.08866599947214127 0.010552000254392624
v 0.05052199959754943 0.08949200063943863 0.010525999590754509
v 0.049113001674413674 0.09030599892139435 0.010243000462651253
v 0.04775900021195411 0.09108799695968628 0.009709999896585941
v 0.04649300128221511 0.09181799739599228 0.008940000087022781
v 0.04534599930047988 0.09247999638319016 0.007950999774038792
v 0.044346999377012246 0.09305699914693832 0.006767999846488237
v 0.043519999831914895 0.09353499859571457 0.005421000067144632
v 0.05990700051188468 0.08483999967575073 0.006062000058591366
v 0.058988999575376504 0.08536999672651291 0.007462000008672476
v 0.057893000543117516 0.08600199967622757 0.008679999969899654
v 0.05664699897170066 0.0867220014333725 0.0096859997138381
v 0.055279999971389764 0.08751100301742554 0.010455000214278698
v 0.053826000541448586 0.08835099637508392 0.010968999937176704
v 0.05232099816203117 0.08922000229358673 0.011215000413358212
v 0.05079999938607215 0.09009800106287003 0.011187000200152397
v 0.04930200055241584 0.09096299856901169 0.010885999538004398
v 0.04786299914121627 0.09179399907588959 0.010320000350475311
v 0.04651800170540809 0.092569999396801 0.009500999934971333
v 0.045299001038074486 0.09327399730682373 0.008449999615550041
v 0.04423800110816955 0.09388700127601624 0.007193000055849552
v 0.04335900023579597 0.09439399838447571 0.005760999862104654
v 0.060729999095201485 0.08485700190067291 0.006513999775052071
v 0.05974400043487548 0.08542600274085999 0.008018000051379204
v 0.05856600031256675 0.08610600233078003 0.009325999766588211
v 0.05722700059413909 0.08687900006771088 0.01040599960833788
v 0.055759001523256295 0.08772700279951096 0.011233000084757805
v 0.05419600009918212 0.08862899988889694 0.011784999631345272
v 0.052579000592231744 0.08956299722194672 0.012048999778926373
v 0.050944998860359185 0.09050600230693817 0.012020000256597996
v 0.0493360012769699 0.09143500030040741 0.011695999652147293
v 0.047788999974727624 0.09232799708843231 0.011087999679148197
v 0.04634400084614753 0.09316299855709076 0.010208000428974628
v 0.045035000890493386 0.09391800314188004 0.009078999981284142
v 0.04389400035142898 0.09457699954509735 0.007728999946266413
v 0.042950000613927834 0.09512200206518173 0.0061900001019239426
v 0.05846500024199485 0.08393999934196472 0.005229000002145767
v 0.05851500108838081 0.08391200006008148 0.00496299983933568
v 0.0593000017106533 0.08442399650812149 0.005003000143915415
v 0.059742998331785195 0.08458200097084045 0.005032000131905079
v 0.06010700017213821 0.08472400158643723 0.005584999918937683
v 0.059232000261545174 0.08446300029754639 0.005367999896407127
v 0.061005000025033944 0.08469799906015396 0.0058570001274347305
v 0.06020399928092956 0.08466800302267075 0.005065999925136566
v 0.06113899871706962 0.08462099730968475 0.005144000053405762
v -0.0018080000299960373 0.0015490000369027257 -0.012498999945819378
v -0.002062000101432204 0.0011909999884665012 -0.012498999945819378
v -0.002062000101432204 0.0011909999884665012 0.012900999747216702
v -0.002246000105515122 0.0007910000276751816 0.012900999747216702
v -0.002246000105515122 0.0007910000276751816 -0.012498999945819378
v -0.0023799999617040153 -7.300000288523734e-05 -0.012498999945819378
v -0.0023799999617040153 -7.300000288523734e-05 0.012900999747216702
v -0.002192999934777617 -0.0009280000231228769 -0.012498999945819378
v -0.002192999934777617 -0.0009280000231228769 0.012900999747216702
v -0.001709999982267618 -0.0016580000519752502 -0.012498999945819378
v -0.001709999982267618 -0.0016580000519752502 0.012900999747216702
v -0.0009950000094249842 -0.00216299993917346 -0.012498999945819378
v -0.0009950000094249842 -0.00216299993917346 0.012900999747216702
v -0.0001469999988330528 -0.0023769999388605356 -0.012498999945819378
v -0.0001469999988330528 -0.0023769999388605356 0.012900999747216702
v 0.0007220000261440872 -0.0022690000478178263 -0.012498999945819378
v 0.0007220000261440872 -0.0022690000478178263 0.012900999747216702
v 0.0014929999597370622 -0.0018550000386312604 -0.012498999945819378
v 0.0014929999597370622 -0.0018550000386312604 0.012900999747216702
v 0.002062000101432204 -0.0011909999884665012 -0.012498999945819378
v 0.002062000101432204 -0.0011909999884665012 0.012900999747216702
v 0.002352999988943338 -0.0003650000144261867 -0.012498999945819378
v 0.002352999988943338 -0.0003650000144261867 0.012900999747216702
v 0.0023260000161826606 0.0005089999758638442 -0.012498999945819378
v 0.0023260000161826606 0.0005089999758638442 0.012900999747216702
v 0.0019849999807775016 0.0013150000013411045 -0.012498999945819378
v 0.0019849999807775016 0.0013150000013411045 0.012900999747216702
v 0.0013760000001639126 0.0019440000178292394 -0.012498999945819378
v 0.0013760000001639126 0.0019440000178292394 0.012900999747216702
v 0.0005810000002384185 0.0023089998867362738 -0.012498999945819378
v 0.0005810000002384185 0.0023089998867362738 0.012900999747216702
v -0.0002929999900516122 0.002363000065088272 -0.012498999945819378
v -0.0002929999900516122 0.002363000065088272 0.012900999747216702
v -0.0011269999668002126 0.0020979999098926783 -0.012498999945819378
v -0.0011269999668002126 0.0020979999098926783 0.012900999747216702
v -0.0018080000299960373 0.0015490000369027257 0.012900999747216702
v -0.0018080000299960373 0.0015490000369027257 -0.016784999519586563
v -0.002062000101432204 0.0011909999884665012 -0.016784999519586563
v -0.002062000101432204 0.0011909999884665012 -0.013236000202596188
v -0.002246000105515122 0.0007910000276751816 -0.013236000202596188
v -0.002246000105515122 0.0007910000276751816 -0.016784999519586563
v -0.0023799999617040153 -7.300000288523734e-05 -0.016784999519586563
v -0.0023799999617040153 -7.300000288523734e-05 -0.013236000202596188
v -0.002192999934777617 -0.0009280000231228769 -0.016784999519586563
v -0.002192999934777617 -0.0009280000231228769 -0.013236000202596188
v -0.001709999982267618 -0.0016580000519752502 -0.016784999519586563
v -0.001709999982267618 -0.0016580000519752502 -0.013236000202596188
v -0.0009950000094249842 -0.00216299993917346 -0.016784999519586563
v -0.0009950000094249842 -0.00216299993917346 -0.013236000202596188
v -0.0001469999988330528 -0.0023769999388605356 -0.016784999519586563
v -0.0001469999988330528 -0.0023769999388605356 -0.013236000202596188
v 0.0007220000261440872 -0.0022690000478178263 -0.016784999519586563
v 0.0007220000261440872 -0.0022690000478178263 -0.013236000202596188
v 0.0014929999597370622 -0.0018550000386312604 -0.016784999519586563
v 0.0014929999597370622 -0.0018550000386312604 -0.013236000202596188
v 0.002062000101432204 -0.0011909999884665012 -0.016784999519586563
v 0.002062000101432204 -0.0011909999884665012 -0.013236000202596188
v 0.002352999988943338 -0.0003650000144261867 -0.016784999519586563
v 0.002352999988943338 -0.0003650000144261867 -0.013236000202596188
v 0.0023260000161826606 0.0005089999758638442 -0.016784999519586563
v 0.0023260000161826606 0.0005089999758638442 -0.013236000202596188
v 0.0019849999807775016 0.0013150000013411045 -0.016784999519586563
v 0.0019849999807775016 0.0013150000013411045 -0.013236000202596188
v 0.0013760000001639126 0.0019440000178292394 -0.016784999519586563
v 0.0013760000001639126 0.0019440000178292394 -0.013236000202596188
v 0.0005810000002384185 0.0023089998867362738 -0.016784999519586563
v 0.0005810000002384185 0.0023089998867362738 -0.013236000202596188
v -0.0002929999900516122 0.002363000065088272 -0.016784999519586563
v -0.0002929999900516122 0.002363000065088272 -0.013236000202596188
v -0.0011269999668002126 0.0020979999098926783 -0.016784999519586563
v -0.0011269999668002126 0.0020979999098926783 -0.013236000202596188
v -0.0018080000299960373 0.0015490000369027257 -0.013236000202596188
v -0.001903999946080148 -5.900000178371556e-05 -0.01726200059056282
v -0.0017969999462366102 0.0006329999887384474 -0.01726200059056282
v 0.0 0.0 -0.01726200059056282
v -0.001649999991059303 0.0009519999730400741 -0.01726200059056282
v -0.0014469999587163327 0.0012390000047162175 -0.01726200059056282
v -0.0007960000075399875 -0.0017310000257566571 -0.01726200059056282
v -0.0013680000556632874 -0.0013259999686852098 -0.01726200059056282
v -0.0017539999680593608 -0.0007430000114254653 -0.01726200059056282
v 0.0011940000113099811 -0.001484000007621944 -0.01726200059056282
v 0.0005779999773949384 -0.0018149999668821692 -0.01726200059056282
v -0.00011700000322889535 -0.00190100003965199 -0.01726200059056282
v 0.0018609999679028986 0.0004079999926034361 -0.01726200059056282
v 0.0018820000113919375 -0.00029200001154094934 -0.01726200059056282
v 0.001649999991059303 -0.0009519999730400741 -0.01726200059056282
v 0.0004649999900721013 0.0018469999777153134 -0.01726200059056282
v 0.0011010000016540287 0.001554999966174364 -0.01726200059056282
v 0.0015879999846220014 0.0010519999777898192 -0.01726200059056282
v -0.0009009999921545385 0.001677999971434474 -0.01726200059056282
v -0.0002340000064577907 0.0018909999635070562 -0.01726200059056282
v -0.0016169999726116655 0.0009330000029876828 -0.013236000202596188
v -0.001857000053860247 0.00019500000053085387 -0.013236000202596188
v -0.001776000019162893 -0.000577000027988106 -0.013236000202596188
v -0.0013869999675080178 -0.0012489999644458294 -0.013236000202596188
v -0.0007590000168420373 -0.0017049999441951513 -0.013236000202596188
v 0.0 -0.001867000013589859 -0.013236000202596188
v 0.0007590000168420373 -0.0017049999441951513 -0.013236000202596188
v 0.0013869999675080178 -0.0012489999644458294 -0.013236000202596188
v 0.001776000019162893 -0.000577000027988106 -0.013236000202596188
v 0.001857000053860247 0.00019500000053085387 -0.013236000202596188
v 0.0016169999726116655 0.0009330000029876828 -0.013236000202596188
v 0.0010969999711960552 0.001509999972768128 -0.013236000202596188
v 0.00038799998583272094 0.0018260000506415963 -0.013236000202596188
v -0.00038799998583272094 0.0018260000506415963 -0.013236000202596188
v -0.0010969999711960552 0.001509999972768128 -0.013236000202596188
v -0.0010969999711960552 0.001509999972768128 -0.012498999945819378
v -0.00038799998583272094 0.0018260000506415963 -0.012498999945819378
v 0.00038799998583272094 0.0018260000506415963 -0.012498999945819378
v 0.0010969999711960552 0.001509999972768128 -0.012498999945819378
v 0.0016169999726116655 0.0009330000029876828 -0.012498999945819378
v 0.001857000053860247 0.00019500000053085387 -0.012498999945819378
v 0.001776000019162893 -0.000577000027988106 -0.012498999945819378
v 0.0013869999675080178 -0.0012489999644458294 -0.012498999945819378
v 0.0007590000168420373 -0.0017049999441951513 -0.012498999945819378
v 0.0 -0.001867000013589859 -0.012498999945819378
v -0.0007590000168420373 -0.0017049999441951513 -0.012498999945819378
v -0.0013869999675080178 -0.0012489999644458294 -0.012498999945819378
v -0.001776000019162893 -0.000577000027988106 -0.012498999945819378
v -0.001857000053860247 0.00019500000053085387 -0.012498999945819378
v -0.0016169999726116655 0.0009330000029876828 -0.012498999945819378
v -0.0016169999726116655 0.0009330000029876828 0.012900999747216702
v -0.001857000053860247 0.00019500000053085387 0.012900999747216702
v -0.001776000019162893 -0.000577000027988106 0.012900999747216702
v -0.0013869999675080178 -0.0012489999644458294 0.012900999747216702
v -0.0007590000168420373 -0.0017049999441951513 0.012900999747216702
v 0.0 -0.001867000013589859 0.012900999747216702
v 0.0007590000168420373 -0.0017049999441951513 0.012900999747216702
v 0.0013869999675080178 -0.0012489999644458294 0.012900999747216702
v 0.001776000019162893 -0.000577000027988106 0.012900999747216702
v 0.001857000053860247 0.00019500000053085387 0.012900999747216702
v 0.0016169999726116655 0.0009330000029876828 0.012900999747216702
v 0.0010969999711960552 0.001509999972768128 0.012900999747216702
v 0.00038799998583272094 0.0018260000506415963 0.012900999747216702
v -0.00038799998583272094 0.0018260000506415963 0.012900999747216702
v -0.0010969999711960552 0.001509999972768128 0.012900999747216702
v -0.0010969999711960552 0.001509999972768128 0.013636999763548374
v -0.00038799998583272094 0.0018260000506415963 0.013636999763548374
v 0.00038799998583272094 0.0018260000506415963 0.013636999763548374
v 0.0010969999711960552 0.001509999972768128 0.013636999763548374
v 0.0016169999726116655 0.0009330000029876828 0.013636999763548374
v 0.001857000053860247 0.00019500000053085387 0.013636999763548374
v 0.001776000019162893 -0.000577000027988106 0.013636999763548374
v 0.0013869999675080178 -0.0012489999644458294 0.013636999763548374
v 0.0007590000168420373 -0.0017049999441951513 0.013636999763548374
v 0.0 -0.001867000013589859 0.013636999763548374
v -0.0007590000168420373 -0.0017049999441951513 0.013636999763548374
v -0.0013869999675080178 -0.0012489999644458294 0.013636999763548374
v -0.001776000019162893 -0.000577000027988106 0.013636999763548374
v -0.001857000053860247 0.00019500000053085387 0.013636999763548374
v -0.0016169999726116655 0.0009330000029876828 0.013636999763548374
v -0.002246000105515122 0.0007910000276751816 0.013636999763548374
v -0.0023799999617040153 -7.300000288523734e-05 0.013636999763548374
v -0.002192999934777617 -0.0009280000231228769 0.013636999763548374
v -0.001709999982267618 -0.0016580000519752502 0.013636999763548374
v -0.0009950000094249842 -0.00216299993917346 0.013636999763548374
v -0.0001469999988330528 -0.0023769999388605356 0.013636999763548374
v 0.0007220000261440872 -0.0022690000478178263 0.013636999763548374
v 0.0014929999597370622 -0.0018550000386312604 0.013636999763548374
v -0.002062000101432204 0.0011909999884665012 0.013636999763548374
v -0.0018080000299960373 0.0015490000369027257 0.013636999763548374
v -0.0011269999668002126 0.0020979999098926783 0.013636999763548374
v -0.0002929999900516122 0.002363000065088272 0.013636999763548374
v 0.0005810000002384185 0.0023089998867362738 0.013636999763548374
v 0.0013760000001639126 0.0019440000178292394 0.013636999763548374
v 0.0019849999807775016 0.0013150000013411045 0.013636999763548374
v 0.0023260000161826606 0.0005089999758638442 0.013636999763548374
v 0.002352999988943338 -0.0003650000144261867 0.013636999763548374
v 0.002062000101432204 -0.0011909999884665012 0.013636999763548374
v -0.001649999991059303 0.0009519999730400741 0.017663000151515007
v -0.0018820000113919375 0.00029200001154094934 0.017663000151515007
v 0.0 0.0 0.017663000151515007
v -0.0011940000113099811 0.001484000007621944 0.017663000151515007
v 0.0007960000075399875 0.0017310000257566571 0.017663000151515007
v 0.00011700000322889535 0.00190100003965199 0.017663000151515007
v -0.0005779999773949384 0.0018149999668821692 0.017663000151515007
v 0.001903999946080148 5.900000178371556e-05 0.017663000151515007
v 0.0017539999680593608 0.0007430000114254653 0.017663000151515007
v 0.0013680000556632874 0.0013259999686852098 0.017663000151515007
v 0.0009009999921545385 -0.001677999971434474 0.017663000151515007
v 0.0014469999587163327 -0.0012390000047162175 0.017663000151515007
v 0.0017969999462366102 -0.0006329999887384474 0.017663000151515007
v -0.0011010000016540287 -0.001554999966174364 0.017663000151515007
v -0.0004649999900721013 -0.0018469999777153134 0.017663000151515007
v 0.0002340000064577907 -0.0018909999635070562 0.017663000151515007
v -0.0018609999679028986 -0.0004079999926034361 0.017663000151515007
v -0.0015879999846220014 -0.0010519999777898192 0.017663000151515007
v 0.0018080000299960373 -0.0015490000369027257 0.017186999320983887
v 0.0014929999597370622 -0.0018550000386312604 0.017186999320983887
v 0.0011269999668002126 -0.0020979999098926783 0.017186999320983887
v 0.0007220000261440872 -0.0022690000478178263 0.017186999320983887
v 0.0002929999900516122 -0.002363000065088272 0.017186999320983887
v -0.0001469999988330528 -0.0023769999388605356 0.017186999320983887
v -0.0005810000002384185 -0.0023089998867362738 0.017186999320983887
v -0.0009950000094249842 -0.00216299993917346 0.017186999320983887
v -0.0013760000001639126 -0.0019440000178292394 0.017186999320983887
v -0.001709999982267618 -0.0016580000519752502 0.017186999320983887
v -0.0019849999807775016 -0.0013150000013411045 0.017186999320983887
v -0.002192999934777617 -0.0009280000231228769 0.017186999320983887
v -0.0023260000161826606 -0.0005089999758638442 0.017186999320983887
v -0.0023799999617040153 -7.300000288523734e-05 0.017186999320983887
v -0.002352999988943338 0.0003650000144261867 0.017186999320983887
v -0.002246000105515122 0.0007910000276751816 0.017186999320983887
v -0.002062000101432204 0.0011909999884665012 0.017186999320983887
v -0.0018080000299960373 0.0015490000369027257 0.017186999320983887
v -0.0014929999597370622 0.0018550000386312604 0.017186999320983887
v -0.0011269999668002126 0.0020979999098926783 0.017186999320983887
v -0.0007220000261440872 0.0022690000478178263 0.017186999320983887
v -0.0002929999900516122 0.002363000065088272 0.017186999320983887
v 0.0001469999988330528 0.0023769999388605356 0.017186999320983887
v 0.0005810000002384185 0.0023089998867362738 0.017186999320983887
v 0.0009950000094249842 0.00216299993917346 0.017186999320983887
v 0.0013760000001639126 0.0019440000178292394 0.017186999320983887
v 0.001709999982267618 0.0016580000519752502 0.017186999320983887
v 0.0019849999807775016 0.0013150000013411045 0.017186999320983887
v 0.002192999934777617 0.0009280000231228769 0.017186999320983887
v 0.0023260000161826606 0.0005089999758638442 0.017186999320983887
v 0.0023799999617040153 7.300000288523734e-05 0.017186999320983887
v 0.002352999988943338 -0.0003650000144261867 0.017186999320983887
v 0.002246000105515122 -0.0007910000276751816 0.017186999320983887
v 0.002062000101432204 -0.0011909999884665012 0.017186999320983887
v 2.599999970698263e-05 -0.003659999929368496 -0.01318500004708767
v 0.0007329999934881924 -0.0017170000355690718 -0.01318500004708767
v 0.0016410000389441846 -0.0022410000674426556 -0.01318500004708767
v -0.0018530000234022734 -0.0002229999954579398 -0.01318500004708767
v -0.0031830000225454565 -0.0018070000223815441 -0.01318500004708767
v -0.003898000111803412 -0.0017040000529959798 -0.01318500004708767
v 9.200000204145907e-05 -0.00406799977645278 -0.01318500004708767
v 6.000000212225131e-06 -0.003872999921441078 -0.01318500004708767
v -0.0037660000380128618 -0.0018720000516623259 -0.01318500004708767
v -0.00356899993494153 -0.0019549999851733446 -0.01318500004708767
v -0.003356999950483441 -0.0019310000352561474 -0.01318500004708767
v 0.0018159999744966624 -0.0022960000205785036 -0.01318500004708767
v 0.0011269999668002126 -0.004102000035345554 -0.01318500004708767
v 0.00047299999278038735 -0.004228000063449144 -0.01318500004708767
v 0.0002619999868329614 -0.004197999835014343 -0.01318500004708767
v 0.002126999897882342 0.0036849998869001865 -0.01318500004708767
v 0.0022519999183714385 0.0013000000035390258 -0.01318500004708767
v 0.0016169999726116655 0.0009330000029876828 -0.01318500004708767
v 0.00242700008675456 0.0013559999642893672 -0.01318500004708767
v 0.0026759998872876163 0.00330700003542006 -0.01318500004708767
v 0.002608000067993998 0.0013330000219866633 -0.01318500004708767
v 0.0031590000726282592 0.0028490000404417515 -0.01318500004708767
v 0.002763000084087252 0.0012359999818727374 -0.01318500004708767
v 0.0035649999044835563 0.0023219999857246876 -0.01318500004708767
v 0.0028629999142140146 0.0010819999733939767 -0.01318500004708767
v 0.003884000005200505 0.0017369999550282955 -0.01318500004708767
v 0.0030020000413060184 0.0005990000208839774 -0.01318500004708767
v 0.004106999840587377 0.0011099999537691474 -0.01318500004708767
v 0.003059000009670853 9.899999713525176e-05 -0.01318500004708767
v -0.00015000000712461767 0.0029249999206513166 -0.01318500004708767
v 0.0015259999781846998 0.003971000202000141 -0.01318500004708767
v -3.8999998650979244e-05 0.002778999973088503 -0.01318500004708767
v 0.0 0.002601000014692545 -0.01318500004708767
v 0.0 0.001867000013589859 -0.01318500004708767
v -0.0018660000059753654 0.002426000079140067 -0.01318500004708767
v -0.0023070001043379302 0.0035749999806284904 -0.01318500004708767
v -0.0014440000522881744 0.0026990000624209642 -0.01318500004708767
v -0.0017209999496117232 0.003891000058501959 -0.01318500004708767
v -0.0009820000268518923 0.0028989999555051327 -0.01318500004708767
v -0.0010920000495389102 0.004112000111490488 -0.01318500004708767
v -0.0004939999780617653 0.003020999953150749 -0.01318500004708767
v -0.0004379999882075935 0.004232000093907118 -0.01318500004708767
v -0.00031199998920783395 0.003011000109836459 -0.01318500004708767
v 0.00022800000442657617 0.004248000215739012 -0.01318500004708767
v 0.0008880000095814465 0.004160999786108732 -0.01318500004708767
v -0.002762000076472759 0.0003009999927598983 -0.01318500004708767
v -0.004116000141948461 -0.001075000036507845 -0.01318500004708767
v -0.0028969999402761455 0.0004250000056345016 -0.01318500004708767
v -0.004234000109136104 -0.0004199999966658652 -0.01318500004708767
v -0.0029680000152438875 0.0005939999828115106 -0.01318500004708767
v -0.004246999975293874 0.0002460000105202198 -0.01318500004708767
v -0.0029599999543279405 0.0007769999792799354 -0.01318500004708767
v -0.004157000221312045 0.0009059999720193446 -0.01318500004708767
v -0.0027930000796914096 0.0012519999872893095 -0.01318500004708767
v -0.00396500015631318 0.0015429999912157655 -0.01318500004708767
v -0.00255000009201467 0.0016919999616220593 -0.01318500004708767
v -0.003675000043585896 0.0021430000197142363 -0.01318500004708767
v -0.0022390000522136684 0.002087000058963895 -0.01318500004708767
v -0.0032959999516606327 0.002689999993890524 -0.01318500004708767
v -0.0028359999414533372 0.0031709999311715364 -0.01318500004708767
v 0.00423000007867813 0.000455000001238659 -0.01318500004708767
v 0.004248999990522861 -0.0002099999983329326 -0.01318500004708767
v 0.0030340000521391626 -0.0004030000127386302 -0.01318500004708767
v 0.004164000041782855 -0.0008699999889358878 -0.01318500004708767
v 0.002926999935880303 -0.0008950000046752393 -0.01318500004708767
v 0.00397800002247095 -0.001509999972768128 -0.01318500004708767
v 0.002740999916568398 -0.0013620000099763274 -0.01318500004708767
v 0.003692999947816133 -0.0021120000164955854 -0.01318500004708767
v 0.0024810000322759147 -0.0017930000321939588 -0.01318500004708767
v 0.0033189998939633365 -0.002662000013515353 -0.01318500004708767
v 0.0021530000958591695 -0.0021750000305473804 -0.01318500004708767
v 0.0028629999142140146 -0.0031469999812543392 -0.01318500004708767
v 0.0019980000797659154 -0.0022730000782757998 -0.01318500004708767
v 0.0023370000999420877 -0.0035550000611692667 -0.01318500004708767
v 0.0017529999604448674 -0.0038759999442845583 -0.01318500004708767
v -0.0031830000225454565 -0.0018070000223815441 -0.012550000101327896
v -0.0018530000234022734 -0.0002229999954579398 -0.012550000101327896
v -0.002762000076472759 0.0003009999927598983 -0.012550000101327896
v -0.00356899993494153 -0.0019549999851733446 -0.012550000101327896
v -0.003356999950483441 -0.0019310000352561474 -0.012550000101327896
v -0.0028969999402761455 0.0004250000056345016 -0.012550000101327896
v -0.004116000141948461 -0.001075000036507845 -0.012550000101327896
v -0.003898000111803412 -0.0017040000529959798 -0.012550000101327896
v -0.0037660000380128618 -0.0018720000516623259 -0.012550000101327896
v 0.0007329999934881924 -0.0017170000355690718 -0.012550000101327896
v 2.599999970698263e-05 -0.003659999929368496 -0.012550000101327896
v 0.00047299999278038735 -0.004228000063449144 -0.012550000101327896
v 0.0002619999868329614 -0.004197999835014343 -0.012550000101327896
v 9.200000204145907e-05 -0.00406799977645278 -0.012550000101327896
v 6.000000212225131e-06 -0.003872999921441078 -0.012550000101327896
v -0.0014440000522881744 0.0026990000624209642 -0.012550000101327896
v -0.0009820000268518923 0.0028989999555051327 -0.012550000101327896
v -0.0010920000495389102 0.004112000111490488 -0.012550000101327896
v -0.0004379999882075935 0.004232000093907118 -0.012550000101327896
v -0.0004939999780617653 0.003020999953150749 -0.012550000101327896
v 0.00022800000442657617 0.004248000215739012 -0.012550000101327896
v -0.00031199998920783395 0.003011000109836459 -0.012550000101327896
v 0.0008880000095814465 0.004160999786108732 -0.012550000101327896
v -0.00015000000712461767 0.0029249999206513166 -0.012550000101327896
v 0.0015259999781846998 0.003971000202000141 -0.012550000101327896
v -3.8999998650979244e-05 0.002778999973088503 -0.012550000101327896
v 0.002126999897882342 0.0036849998869001865 -0.012550000101327896
v 0.0 0.002601000014692545 -0.012550000101327896
v 0.0 0.001867000013589859 -0.012550000101327896
v 0.0030340000521391626 -0.0004030000127386302 -0.012550000101327896
v 0.004248999990522861 -0.0002099999983329326 -0.012550000101327896
v 0.003059000009670853 9.899999713525176e-05 -0.012550000101327896
v 0.00423000007867813 0.000455000001238659 -0.012550000101327896
v 0.0030020000413060184 0.0005990000208839774 -0.012550000101327896
v 0.004106999840587377 0.0011099999537691474 -0.012550000101327896
v 0.0028629999142140146 0.0010819999733939767 -0.012550000101327896
v 0.003884000005200505 0.0017369999550282955 -0.012550000101327896
v 0.002763000084087252 0.0012359999818727374 -0.012550000101327896
v 0.0035649999044835563 0.0023219999857246876 -0.012550000101327896
v 0.002608000067993998 0.0013330000219866633 -0.012550000101327896
v 0.0016410000389441846 -0.0022410000674426556 -0.012550000101327896
v 0.0011269999668002126 -0.004102000035345554 -0.012550000101327896
v 0.0018159999744966624 -0.0022960000205785036 -0.012550000101327896
v 0.0017529999604448674 -0.0038759999442845583 -0.012550000101327896
v 0.0019980000797659154 -0.0022730000782757998 -0.012550000101327896
v 0.0023370000999420877 -0.0035550000611692667 -0.012550000101327896
v 0.0021530000958591695 -0.0021750000305473804 -0.012550000101327896
v 0.0028629999142140146 -0.0031469999812543392 -0.012550000101327896
v 0.0024810000322759147 -0.0017930000321939588 -0.012550000101327896
v 0.0033189998939633365 -0.002662000013515353 -0.012550000101327896
v 0.002740999916568398 -0.0013620000099763274 -0.012550000101327896
v 0.003692999947816133 -0.0021120000164955854 -0.012550000101327896
v 0.002926999935880303 -0.0008950000046752393 -0.012550000101327896
v 0.00397800002247095 -0.001509999972768128 -0.012550000101327896
v 0.004164000041782855 -0.0008699999889358878 -0.012550000101327896
v 0.0031590000726282592 0.0028490000404417515 -0.012550000101327896
v 0.0026759998872876163 0.00330700003542006 -0.012550000101327896
v 0.00242700008675456 0.0013559999642893672 -0.012550000101327896
v 0.0022519999183714385 0.0013000000035390258 -0.012550000101327896
v 0.0016169999726116655 0.0009330000029876828 -0.012550000101327896
v -0.0017209999496117232 0.003891000058501959 -0.012550000101327896
v -0.0023070001043379302 0.0035749999806284904 -0.012550000101327896
v -0.0018660000059753654 0.002426000079140067 -0.012550000101327896
v -0.0028359999414533372 0.0031709999311715364 -0.012550000101327896
v -0.0022390000522136684 0.002087000058963895 -0.012550000101327896
v -0.0032959999516606327 0.002689999993890524 -0.012550000101327896
v -0.00255000009201467 0.0016919999616220593 -0.012550000101327896
v -0.003675000043585896 0.0021430000197142363 -0.012550000101327896
v -0.0027930000796914096 0.0012519999872893095 -0.012550000101327896
v -0.00396500015631318 0.0015429999912157655 -0.012550000101327896
v -0.0029599999543279405 0.0007769999792799354 -0.012550000101327896
v -0.004157000221312045 0.0009059999720193446 -0.012550000101327896
v -0.0029680000152438875 0.0005939999828115106 -0.012550000101327896
v -0.004246999975293874 0.0002460000105202198 -0.012550000101327896
v -0.004234000109136104 -0.0004199999966658652 -0.012550000101327896
v -0.0031830000225454565 -0.0018070000223815441 0.013586999848484993
v -0.0018530000234022734 -0.0002229999954579398 0.013586999848484993
v -0.002762000076472759 0.0003009999927598983 0.013586999848484993
v -0.00356899993494153 -0.0019549999851733446 0.013586999848484993
v -0.003356999950483441 -0.0019310000352561474 0.013586999848484993
v -0.0028969999402761455 0.0004250000056345016 0.013586999848484993
v -0.004116000141948461 -0.001075000036507845 0.013586999848484993
v -0.003898000111803412 -0.0017040000529959798 0.013586999848484993
v -0.0037660000380128618 -0.0018720000516623259 0.013586999848484993
v 0.0007329999934881924 -0.0017170000355690718 0.013586999848484993
v 2.599999970698263e-05 -0.003659999929368496 0.013586999848484993
v 0.00047299999278038735 -0.004228000063449144 0.013586999848484993
v 6.000000212225131e-06 -0.003872999921441078 0.013586999848484993
v 9.200000204145907e-05 -0.00406799977645278 0.013586999848484993
v 0.0002619999868329614 -0.004197999835014343 0.013586999848484993
v 0.002126999897882342 0.0036849998869001865 0.013586999848484993
v 0.0 0.002601000014692545 0.013586999848484993
v 0.0 0.001867000013589859 0.013586999848484993
v -3.8999998650979244e-05 0.002778999973088503 0.013586999848484993
v 0.0015259999781846998 0.003971000202000141 0.013586999848484993
v -0.00015000000712461767 0.0029249999206513166 0.013586999848484993
v 0.0008880000095814465 0.004160999786108732 0.013586999848484993
v -0.00031199998920783395 0.003011000109836459 0.013586999848484993
v 0.00022800000442657617 0.004248000215739012 0.013586999848484993
v -0.0004939999780617653 0.003020999953150749 0.013586999848484993
v -0.0004379999882075935 0.004232000093907118 0.013586999848484993
v -0.0009820000268518923 0.0028989999555051327 0.013586999848484993
v -0.0010920000495389102 0.004112000111490488 0.013586999848484993
v -0.0014440000522881744 0.0026990000624209642 0.013586999848484993
v 0.002608000067993998 0.0013330000219866633 0.013586999848484993
v 0.0026759998872876163 0.00330700003542006 0.013586999848484993
v 0.00242700008675456 0.0013559999642893672 0.013586999848484993
v 0.0022519999183714385 0.0013000000035390258 0.013586999848484993
v 0.0016169999726116655 0.0009330000029876828 0.013586999848484993
v 0.0030340000521391626 -0.0004030000127386302 0.013586999848484993
v 0.004248999990522861 -0.0002099999983329326 0.013586999848484993
v 0.003059000009670853 9.899999713525176e-05 0.013586999848484993
v 0.00423000007867813 0.000455000001238659 0.013586999848484993
v 0.0030020000413060184 0.0005990000208839774 0.013586999848484993
v 0.004106999840587377 0.0011099999537691474 0.013586999848484993
v 0.0028629999142140146 0.0010819999733939767 0.013586999848484993
v 0.003884000005200505 0.0017369999550282955 0.013586999848484993
v 0.002763000084087252 0.0012359999818727374 0.013586999848484993
v 0.0035649999044835563 0.0023219999857246876 0.013586999848484993
v 0.0031590000726282592 0.0028490000404417515 0.013586999848484993
v -0.0017209999496117232 0.003891000058501959 0.013586999848484993
v -0.0023070001043379302 0.0035749999806284904 0.013586999848484993
v -0.0018660000059753654 0.002426000079140067 0.013586999848484993
v -0.0028359999414533372 0.0031709999311715364 0.013586999848484993
v -0.0022390000522136684 0.002087000058963895 0.013586999848484993
v -0.0032959999516606327 0.002689999993890524 0.013586999848484993
v -0.00255000009201467 0.0016919999616220593 0.013586999848484993
v -0.003675000043585896 0.0021430000197142363 0.013586999848484993
v -0.0027930000796914096 0.0012519999872893095 0.013586999848484993
v -0.00396500015631318 0.0015429999912157655 0.013586999848484993
v -0.0029599999543279405 0.0007769999792799354 0.013586999848484993
v -0.004157000221312045 0.0009059999720193446 0.013586999848484993
v -0.0029680000152438875 0.0005939999828115106 0.013586999848484993
v -0.004246999975293874 0.0002460000105202198 0.013586999848484993
v -0.004234000109136104 -0.0004199999966658652 0.013586999848484993
v 0.0016410000389441846 -0.0022410000674426556 0.013586999848484993
v 0.0011269999668002126 -0.004102000035345554 0.013586999848484993
v 0.0018159999744966624 -0.0022960000205785036 0.013586999848484993
v 0.0017529999604448674 -0.0038759999442845583 0.013586999848484993
v 0.0019980000797659154 -0.0022730000782757998 0.013586999848484993
v 0.0023370000999420877 -0.0035550000611692667 0.013586999848484993
v 0.0021530000958591695 -0.0021750000305473804 0.013586999848484993
v 0.0028629999142140146 -0.0031469999812543392 0.013586999848484993
v 0.0024810000322759147 -0.0017930000321939588 0.013586999848484993
v 0.0033189998939633365 -0.002662000013515353 0.013586999848484993
v 0.002740999916568398 -0.0013620000099763274 0.013586999848484993
v 0.003692999947816133 -0.0021120000164955854 0.013586999848484993
v 0.002926999935880303 -0.0008950000046752393 0.013586999848484993
v 0.00397800002247095 -0.001509999972768128 0.013586999848484993
v 0.004164000041782855 -0.0008699999889358878 0.013586999848484993
v 2.599999970698263e-05 -0.003659999929368496 0.01295199990272522
v 0.0007329999934881924 -0.0017170000355690718 0.01295199990272522
v 0.0016410000389441846 -0.0022410000674426556 0.01295199990272522
v -0.0018530000234022734 -0.0002229999954579398 0.01295199990272522
v -0.0031830000225454565 -0.0018070000223815441 0.01295199990272522
v -0.003898000111803412 -0.0017040000529959798 0.01295199990272522
v 9.200000204145907e-05 -0.00406799977645278 0.01295199990272522
v 6.000000212225131e-06 -0.003872999921441078 0.01295199990272522
v 0.0002619999868329614 -0.004197999835014343 0.01295199990272522
v 0.00047299999278038735 -0.004228000063449144 0.01295199990272522
v 0.0011269999668002126 -0.004102000035345554 0.01295199990272522
v 0.0018159999744966624 -0.0022960000205785036 0.01295199990272522
v -0.0037660000380128618 -0.0018720000516623259 0.01295199990272522
v -0.00356899993494153 -0.0019549999851733446 0.01295199990272522
v -0.003356999950483441 -0.0019310000352561474 0.01295199990272522
v 0.002126999897882342 0.0036849998869001865 0.01295199990272522
v 0.0022519999183714385 0.0013000000035390258 0.01295199990272522
v 0.0016169999726116655 0.0009330000029876828 0.01295199990272522
v -0.00015000000712461767 0.0029249999206513166 0.01295199990272522
v 0.0015259999781846998 0.003971000202000141 0.01295199990272522
v -3.8999998650979244e-05 0.002778999973088503 0.01295199990272522
v 0.0 0.002601000014692545 0.01295199990272522
v 0.0 0.001867000013589859 0.01295199990272522
v 0.00242700008675456 0.0013559999642893672 0.01295199990272522
v 0.0026759998872876163 0.00330700003542006 0.01295199990272522
v 0.002608000067993998 0.0013330000219866633 0.01295199990272522
v 0.0031590000726282592 0.0028490000404417515 0.01295199990272522
v 0.002763000084087252 0.0012359999818727374 0.01295199990272522
v 0.0035649999044835563 0.0023219999857246876 0.01295199990272522
v 0.0028629999142140146 0.0010819999733939767 0.01295199990272522
v 0.003884000005200505 0.0017369999550282955 0.01295199990272522
v 0.0030020000413060184 0.0005990000208839774 0.01295199990272522
v 0.004106999840587377 0.0011099999537691474 0.01295199990272522
v 0.003059000009670853 9.899999713525176e-05 0.01295199990272522
v -0.0018660000059753654 0.002426000079140067 0.01295199990272522
v -0.0023070001043379302 0.0035749999806284904 0.01295199990272522
v -0.0014440000522881744 0.0026990000624209642 0.01295199990272522
v -0.0017209999496117232 0.003891000058501959 0.01295199990272522
v -0.0009820000268518923 0.0028989999555051327 0.01295199990272522
v -0.0010920000495389102 0.004112000111490488 0.01295199990272522
v -0.0004939999780617653 0.003020999953150749 0.01295199990272522
v -0.0004379999882075935 0.004232000093907118 0.01295199990272522
v -0.00031199998920783395 0.003011000109836459 0.01295199990272522
v 0.00022800000442657617 0.004248000215739012 0.01295199990272522
v 0.0008880000095814465 0.004160999786108732 0.01295199990272522
v -0.002762000076472759 0.0003009999927598983 0.01295199990272522
v -0.004116000141948461 -0.001075000036507845 0.01295199990272522
v -0.0028969999402761455 0.0004250000056345016 0.01295199990272522
v -0.004234000109136104 -0.0004199999966658652 0.01295199990272522
v -0.0029680000152438875 0.0005939999828115106 0.01295199990272522
v -0.004246999975293874 0.0002460000105202198 0.01295199990272522
v -0.0029599999543279405 0.0007769999792799354 0.01295199990272522
v -0.004157000221312045 0.0009059999720193446 0.01295199990272522
v -0.0027930000796914096 0.0012519999872893095 0.01295199990272522
v -0.00396500015631318 0.0015429999912157655 0.01295199990272522
v -0.00255000009201467 0.0016919999616220593 0.01295199990272522
v -0.003675000043585896 0.0021430000197142363 0.01295199990272522
v -0.0022390000522136684 0.002087000058963895 0.01295199990272522
v -0.0032959999516606327 0.002689999993890524 0.01295199990272522
v -0.0028359999414533372 0.0031709999311715364 0.01295199990272522
v 0.00423000007867813 0.000455000001238659 0.01295199990272522
v 0.004248999990522861 -0.0002099999983329326 0.01295199990272522
v 0.0030340000521391626 -0.0004030000127386302 0.01295199990272522
v 0.004164000041782855 -0.0008699999889358878 0.01295199990272522
v 0.002926999935880303 -0.0008950000046752393 0.01295199990272522
v 0.00397800002247095 -0.001509999972768128 0.01295199990272522
v 0.002740999916568398 -0.0013620000099763274 0.01295199990272522
v 0.003692999947816133 -0.0021120000164955854 0.01295199990272522
v 0.0024810000322759147 -0.0017930000321939588 0.01295199990272522
v 0.0033189998939633365 -0.002662000013515353 0.01295199990272522
v 0.0021530000958591695 -0.0021750000305473804 0.01295199990272522
v 0.0028629999142140146 -0.0031469999812543392 0.01295199990272522
v 0.0019980000797659154 -0.0022730000782757998 0.01295199990272522
v 0.0023370000999420877 -0.0035550000611692667 0.01295199990272522
v 0.0017529999604448674 -0.0038759999442845583 0.01295199990272522
v -0.032379001379013055 -0.05205899849534035 -0.012498999945819378
v -0.032320998609066 -0.05249499902129173 -0.012498999945819378
v -0.032320998609066 -0.05249499902129173 0.012900999747216702
v -0.03218299895524978 -0.05291200056672096 0.012900999747216702
v -0.03218299895524978 -0.05291200056672096 -0.012498999945819378
v -0.0316919982433319 -0.053637001663446426 -0.012498999945819378
v -0.0316919982433319 -0.053637001663446426 0.012900999747216702
v -0.030973000451922413 -0.054134998470544815 -0.012498999945819378
v -0.030973000451922413 -0.054134998470544815 0.012900999747216702
v -0.03012200072407722 -0.054340001195669174 -0.012498999945819378
v -0.03012200072407722 -0.054340001195669174 0.012900999747216702
v -0.029255000874400135 -0.05422300100326538 -0.012498999945819378
v -0.029255000874400135 -0.05422300100326538 0.012900999747216702
v -0.028488000854849812 -0.053801000118255615 -0.012498999945819378
v -0.028488000854849812 -0.053801000118255615 0.012900999747216702
v -0.02792599983513355 -0.05313099920749664 -0.012498999945819378
v -0.02792599983513355 -0.05313099920749664 0.012900999747216702
v -0.027643000707030293 -0.05230199918150902 -0.012498999945819378
v -0.027643000707030293 -0.05230199918150902 0.012900999747216702
v -0.02767900004982948 -0.05142800137400627 -0.012498999945819378
v -0.02767900004982948 -0.05142800137400627 0.012900999747216702
v -0.028029000386595723 -0.0506259985268116 -0.012498999945819378
v -0.028029000386595723 -0.0506259985268116 0.012900999747216702
v -0.028643999248743054 -0.05000400170683861 -0.012498999945819378
v -0.028643999248743054 -0.05000400170683861 0.012900999747216702
v -0.029442999511957165 -0.04964600130915642 -0.012498999945819378
v -0.029442999511957165 -0.04964600130915642 0.012900999747216702
v -0.03031699918210506 -0.049600999802351 -0.012498999945819378
v -0.03031699918210506 -0.049600999802351 0.012900999747216702
v -0.03114799968898296 -0.04987499862909317 -0.012498999945819378
v -0.03114799968898296 -0.04987499862909317 0.012900999747216702
v -0.0318240001797676 -0.05043099820613861 -0.012498999945819378
v -0.0318240001797676 -0.05043099820613861 0.012900999747216702
v -0.032253999263048165 -0.0511929988861084 -0.012498999945819378
v -0.032253999263048165 -0.0511929988861084 0.012900999747216702
v -0.032379001379013055 -0.05205899849534035 0.012900999747216702
v -0.032379001379013055 -0.05205899849534035 -0.016784999519586563
v -0.032320998609066 -0.05249499902129173 -0.016784999519586563
v -0.032320998609066 -0.05249499902129173 -0.013236000202596188
v -0.03218299895524978 -0.05291200056672096 -0.013236000202596188
v -0.03218299895524978 -0.05291200056672096 -0.016784999519586563
v -0.0316919982433319 -0.053637001663446426 -0.016784999519586563
v -0.0316919982433319 -0.053637001663446426 -0.013236000202596188
v -0.030973000451922413 -0.054134998470544815 -0.016784999519586563
v -0.030973000451922413 -0.054134998470544815 -0.013236000202596188
v -0.03012200072407722 -0.054340001195669174 -0.016784999519586563
v -0.03012200072407722 -0.054340001195669174 -0.013236000202596188
v -0.029255000874400135 -0.05422300100326538 -0.016784999519586563
v -0.029255000874400135 -0.05422300100326538 -0.013236000202596188
v -0.028488000854849812 -0.053801000118255615 -0.016784999519586563
v -0.028488000854849812 -0.053801000118255615 -0.013236000202596188
v -0.02792599983513355 -0.05313099920749664 -0.016784999519586563
v -0.02792599983513355 -0.05313099920749664 -0.013236000202596188
v -0.027643000707030293 -0.05230199918150902 -0.016784999519586563
v -0.027643000707030293 -0.05230199918150902 -0.013236000202596188
v -0.02767900004982948 -0.05142800137400627 -0.016784999519586563
v -0.02767900004982948 -0.05142800137400627 -0.013236000202596188
v -0.028029000386595723 -0.0506259985268116 -0.016784999519586563
v -0.028029000386595723 -0.0506259985268116 -0.013236000202596188
v -0.028643999248743054 -0.05000400170683861 -0.016784999519586563
v -0.028643999248743054 -0.05000400170683861 -0.013236000202596188
v -0.029442999511957165 -0.04964600130915642 -0.016784999519586563
v -0.029442999511957165 -0.04964600130915642 -0.013236000202596188
v -0.03031699918210506 -0.049600999802351 -0.016784999519586563
v -0.03031699918210506 -0.049600999802351 -0.013236000202596188
v -0.03114799968898296 -0.04987499862909317 -0.016784999519586563
v -0.03114799968898296 -0.04987499862909317 -0.013236000202596188
v -0.0318240001797676 -0.05043099820613861 -0.016784999519586563
v -0.0318240001797676 -0.05043099820613861 -0.013236000202596188
v -0.032253999263048165 -0.0511929988861084 -0.016784999519586563
v -0.032253999263048165 -0.0511929988861084 -0.013236000202596188
v -0.032379001379013055 -0.05205899849534035 -0.013236000202596188
v -0.031353998929262154 -0.05330200120806694 -0.01726200059056282
v -0.031746998429298394 -0.05272199958562851 -0.01726200059056282
v -0.029999999329447743 -0.051961999386548996 -0.01726200059056282
v -0.03185699880123138 -0.05238800123333931 -0.01726200059056282
v -0.031902998685836785 -0.05203999951481819 -0.01726200059056282
v -0.029403999447822567 -0.0537710003554821 -0.01726200059056282
v -0.03009800054132938 -0.053863998502492905 -0.01726200059056282
v -0.030778000131249424 -0.053700000047683716 -0.01726200059056282
v -0.028115000575780865 -0.05223400145769119 -0.01726200059056282
v -0.028340000659227368 -0.052896998822689056 -0.01726200059056282
v -0.028790000826120373 -0.053433001041412354 -0.01726200059056282
v -0.028914999216794964 -0.05039500072598457 -0.01726200059056282
v -0.0284230001270771 -0.05089300125837326 -0.01726200059056282
v -0.028142999857664105 -0.051534999161958694 -0.01726200059056282
v -0.03091900050640106 -0.05029299855232239 -0.01726200059056282
v -0.03025400079786777 -0.05007300153374672 -0.01726200059056282
v -0.029554000124335286 -0.05010899901390076 -0.01726200059056282
v -0.03180300071835517 -0.051346998661756516 -0.01726200059056282
v -0.0314589999616146 -0.05073700100183487 -0.01726200059056282
v -0.031819000840187066 -0.052379999309778214 -0.013236000202596188
v -0.03149199858307838 -0.05308400094509125 -0.013236000202596188
v -0.030906999483704563 -0.053592998534440994 -0.013236000202596188
v -0.03016399964690208 -0.05382100120186806 -0.013236000202596188
v -0.029394000768661496 -0.05372700095176697 -0.013236000202596188
v -0.02872800081968307 -0.053328000009059906 -0.013236000202596188
v -0.028281999751925465 -0.052692998200654984 -0.013236000202596188
v -0.028132999315857884 -0.051931001245975494 -0.013236000202596188
v -0.028307000175118443 -0.05117399990558624 -0.013236000202596188
v -0.02877400070428848 -0.050553999841213226 -0.013236000202596188
v -0.02945199981331825 -0.05017700046300888 -0.013236000202596188
v -0.030225999653339383 -0.05010800063610077 -0.013236000202596188
v -0.03095999918878078 -0.050360001623630524 -0.013236000202596188
v -0.03152799978852271 -0.05088900029659271 -0.013236000202596188
v -0.0318319983780384 -0.051603998988866806 -0.013236000202596188
v -0.0318319983780384 -0.051603998988866806 -0.012498999945819378
v -0.03152799978852271 -0.05088900029659271 -0.012498999945819378
v -0.03095999918878078 -0.050360001623630524 -0.012498999945819378
v -0.030225999653339383 -0.05010800063610077 -0.012498999945819378
v -0.02945199981331825 -0.05017700046300888 -0.012498999945819378
v -0.02877400070428848 -0.050553999841213226 -0.012498999945819378
v -0.028307000175118443 -0.05117399990558624 -0.012498999945819378
v -0.028132999315857884 -0.051931001245975494 -0.012498999945819378
v -0.028281999751925465 -0.052692998200654984 -0.012498999945819378
v -0.02872800081968307 -0.053328000009059906 -0.012498999945819378
v -0.029394000768661496 -0.05372700095176697 -0.012498999945819378
v -0.03016399964690208 -0.05382100120186806 -0.012498999945819378
v -0.030906999483704563 -0.053592998534440994 -0.012498999945819378
v -0.03149199858307838 -0.05308400094509125 -0.012498999945819378
v -0.031819000840187066 -0.052379999309778214 -0.012498999945819378
v -0.031819000840187066 -0.052379999309778214 0.012900999747216702
v -0.03149199858307838 -0.05308400094509125 0.012900999747216702
v -0.030906999483704563 -0.053592998534440994 0.012900999747216702
v -0.03016399964690208 -0.05382100120186806 0.012900999747216702
v -0.029394000768661496 -0.05372700095176697 0.012900999747216702
v -0.02872800081968307 -0.053328000009059906 0.012900999747216702
v -0.028281999751925465 -0.052692998200654984 0.012900999747216702
v -0.028132999315857884 -0.051931001245975494 0.012900999747216702
v -0.028307000175118443 -0.05117399990558624 0.012900999747216702
v -0.02877400070428848 -0.050553999841213226 0.012900999747216702
v -0.02945199981331825 -0.05017700046300888 0.012900999747216702
v -0.030225999653339383 -0.05010800063610077 0.012900999747216702
v -0.03095999918878078 -0.050360001623630524 0.012900999747216702
v -0.03152799978852271 -0.05088900029659271 0.012900999747216702
v -0.0318319983780384 -0.051603998988866806 0.012900999747216702
v -0.0318319983780384 -0.051603998988866806 0.013636999763548374
v -0.03152799978852271 -0.05088900029659271 0.013636999763548374
v -0.03095999918878078 -0.050360001623630524 0.013636999763548374
v -0.030225999653339383 -0.05010800063610077 0.013636999763548374
v -0.02945199981331825 -0.05017700046300888 0.013636999763548374
v -0.02877400070428848 -0.050553999841213226 0.013636999763548374
v -0.028307000175118443 -0.05117399990558624 0.013636999763548374
v -0.028132999315857884 -0.051931001245975494 0.013636999763548374
v -0.028281999751925465 -0.052692998200654984 0.013636999763548374
v -0.02872800081968307 -0.053328000009059906 0.013636999763548374
v -0.029394000768661496 -0.05372700095176697 0.013636999763548374
v -0.03016399964690208 -0.05382100120186806 0.013636999763548374
v -0.030906999483704563 -0.053592998534440994 0.013636999763548374
v -0.03149199858307838 -0.05308400094509125 0.013636999763548374
v -0.031819000840187066 -0.052379999309778214 0.013636999763548374
v -0.03218299895524978 -0.05291200056672096 0.013636999763548374
v -0.0316919982433319 -0.053637001663446426 0.013636999763548374
v -0.030973000451922413 -0.054134998470544815 0.013636999763548374
v -0.03012200072407722 -0.054340001195669174 0.013636999763548374
v -0.029255000874400135 -0.05422300100326538 0.013636999763548374
v -0.028488000854849812 -0.053801000118255615 0.013636999763548374
v -0.02792599983513355 -0.05313099920749664 0.013636999763548374
v -0.027643000707030293 -0.05230199918150902 0.013636999763548374
v -0.032320998609066 -0.05249499902129173 0.013636999763548374
v -0.032379001379013055 -0.05205899849534035 0.013636999763548374
v -0.032253999263048165 -0.0511929988861084 0.013636999763548374
v -0.0318240001797676 -0.05043099820613861 0.013636999763548374
v -0.03114799968898296 -0.04987499862909317 0.013636999763548374
v -0.03031699918210506 -0.049600999802351 0.013636999763548374
v -0.029442999511957165 -0.04964600130915642 0.013636999763548374
v -0.028643999248743054 -0.05000400170683861 0.013636999763548374
v -0.028029000386595723 -0.0506259985268116 0.013636999763548374
v -0.02767900004982948 -0.05142800137400627 0.013636999763548374
v -0.03185699880123138 -0.05238800123333931 0.017663000151515007
v -0.03157699853181838 -0.053029999136924744 0.017663000151515007
v -0.029999999329447743 -0.051961999386548996 0.017663000151515007
v -0.031885001808404916 -0.05168899893760681 0.017663000151515007
v -0.03059599921107292 -0.0501520000398159 0.017663000151515007
v -0.03120999969542026 -0.05048999935388565 0.017663000151515007
v -0.03166000172495841 -0.05102600157260895 0.017663000151515007
v -0.028645999729633328 -0.050620999187231064 0.017663000151515007
v -0.02922200039029121 -0.05022300034761429 0.017663000151515007
v -0.029901999980211254 -0.0500589981675148 0.017663000151515007
v -0.02819699980318546 -0.05257600173354149 0.017663000151515007
v -0.028096999973058697 -0.05188300088047981 0.017663000151515007
v -0.028253000229597088 -0.051201000809669495 0.017663000151515007
v -0.029745999723672863 -0.053849998861551285 0.017663000151515007
v -0.029081000015139576 -0.053630001842975616 0.017663000151515007
v -0.02854100055992603 -0.053185999393463135 0.017663000151515007
v -0.03108499944210052 -0.05352799966931343 0.017663000151515007
v -0.03044600039720535 -0.05381400138139725 0.017663000151515007
v -0.027620999142527577 -0.05186399817466736 0.017186999320983887
v -0.027643000707030293 -0.05230199918150902 0.017186999320983887
v -0.027745999395847317 -0.052730001509189606 0.017186999320983887
v -0.02792599983513355 -0.05313099920749664 0.017186999320983887
v -0.02817600034177303 -0.053491998463869095 0.017186999320983887
v -0.028488000854849812 -0.053801000118255615 0.017186999320983887
v -0.028852000832557675 -0.054048001766204834 0.017186999320983887
v -0.029255000874400135 -0.05422300100326538 0.017186999320983887
v -0.029682999476790425 -0.054322000592947006 0.017186999320983887
v -0.03012200072407722 -0.054340001195669174 0.017186999320983887
v -0.03055699914693832 -0.054276999086141586 0.017186999320983887
v -0.030973000451922413 -0.054134998470544815 0.017186999320983887
v -0.03135599941015243 -0.053918998688459396 0.017186999320983887
v -0.0316919982433319 -0.053637001663446426 0.017186999320983887
v -0.03197100013494491 -0.053296998143196106 0.017186999320983887
v -0.03218299895524978 -0.05291200056672096 0.017186999320983887
v -0.032320998609066 -0.05249499902129173 0.017186999320983887
v -0.032379001379013055 -0.05205899849534035 0.017186999320983887
v -0.03235699981451034 -0.051621001213788986 0.017186999320983887
v -0.032253999263048165 -0.0511929988861084 0.017186999320983887
v -0.03207400068640708 -0.05079200118780136 0.017186999320983887
v -0.0318240001797676 -0.05043099820613861 0.017186999320983887
v -0.03151199966669082 -0.05012200027704239 0.017186999320983887
v -0.03114799968898296 -0.04987499862909317 0.017186999320983887
v -0.0307449996471405 -0.04969999939203262 0.017186999320983887
v -0.03031699918210506 -0.049600999802351 0.017186999320983887
v -0.029877999797463414 -0.04958299919962883 0.017186999320983887
v -0.029442999511957165 -0.04964600130915642 0.017186999320983887
v -0.02902700006961822 -0.04978799819946289 0.017186999320983887
v -0.028643999248743054 -0.05000400170683861 0.017186999320983887
v -0.02830800041556358 -0.05028599873185158 0.017186999320983887
v -0.028029000386595723 -0.0506259985268116 0.017186999320983887
v -0.027816999703645703 -0.05101099982857704 0.017186999320983887
v -0.02767900004982948 -0.05142800137400627 0.017186999320983887
v -0.027487000450491902 -0.05462300032377243 -0.01318500004708767
v -0.02829400077462196 -0.05271900072693825 -0.01318500004708767
v -0.02727200090885162 -0.052483998239040375 -0.01318500004708767
v -0.031205000355839726 -0.053387999534606934 -0.01318500004708767
v -0.031098000705242154 -0.05545299872756004 -0.01318500004708767
v -0.03169300034642219 -0.05586500093340874 -0.01318500004708767
v -0.0271610002964735 -0.05487700179219246 -0.01318500004708767
v -0.027357000857591626 -0.054792001843452454 -0.01318500004708767
v -0.03148100152611732 -0.05589799955487251 -0.01318500004708767
v -0.031280998140573495 -0.055824000388383865 -0.01318500004708767
v -0.03114099986851215 -0.05566199868917465 -0.01318500004708767
v -0.027106000110507008 -0.05240499973297119 -0.01318500004708767
v -0.026380000635981556 -0.05419699847698212 -0.01318500004708767
v -0.026773000136017796 -0.0547339990735054 -0.01318500004708767
v -0.026947999373078343 -0.05485599860548973 -0.01318500004708767
v -0.03095299936830997 -0.047814998775720596 -0.01318500004708767
v -0.029237000271677967 -0.04947499930858612 -0.01318500004708767
v -0.02945199981331825 -0.05017700046300888 -0.01318500004708767
v -0.029146999120712277 -0.04931600019335747 -0.01318500004708767
v -0.030294999480247494 -0.04771700128912926 -0.01318500004708767
v -0.028999000787734982 -0.049208998680114746 -0.01318500004708767
v -0.02962899953126907 -0.04772299900650978 -0.01318500004708767
v -0.02881900034844875 -0.04917500168085098 -0.01318500004708767
v -0.02897199988365173 -0.047832999378442764 -0.01318500004708767
v -0.02864200063049793 -0.049219001084566116 -0.01318500004708767
v -0.028341000899672505 -0.04804399982094765 -0.01318500004708767
v -0.02821099944412708 -0.04947799816727638 -0.01318500004708767
v -0.027750000357627865 -0.04835100099444389 -0.01318500004708767
v -0.02782800048589706 -0.04980500042438507 -0.01318500004708767
v -0.03210199996829032 -0.04992299899458885 -0.01318500004708767
v -0.03158799931406974 -0.04801499843597412 -0.01318500004708767
v -0.03192200139164924 -0.04995400086045265 -0.01318500004708767
v -0.03177199885249137 -0.05005799978971481 -0.01318500004708767
v -0.03127200156450271 -0.0505950003862381 -0.01318500004708767
v -0.033018998801708214 -0.0514569990336895 -0.01318500004708767
v -0.034124001860618584 -0.050916001200675964 -0.01318500004708767
v -0.0328960008919239 -0.05096999928355217 -0.01318500004708767
v -0.03390999883413314 -0.05028500035405159 -0.01318500004708767
v -0.0326940007507801 -0.050508998334407806 -0.01318500004708767
v -0.03360100090503692 -0.049695998430252075 -0.01318500004708767
v -0.03241999819874763 -0.05008700117468834 -0.01318500004708767
v -0.03320400044322013 -0.04916200041770935 -0.01318500004708767
v -0.03227899968624114 -0.049970000982284546 -0.01318500004708767
v -0.032726999372243874 -0.04869600012898445 -0.01318500004708767
v -0.032184999436140053 -0.04831099882721901 -0.01318500004708767
v -0.032225999981164925 -0.05362299829721451 -0.01318500004708767
v -0.03228100016713142 -0.055553000420331955 -0.01318500004708767
v -0.032409999519586556 -0.053624000400304794 -0.01318500004708767
v -0.032813001424074166 -0.055153001099824905 -0.01318500004708767
v -0.032577000558376305 -0.05354800075292587 -0.01318500004708767
v -0.03327700123190879 -0.05467500165104866 -0.01318500004708767
v -0.03269699960947036 -0.05340899899601936 -0.01318500004708767
v -0.03365999832749366 -0.054131001234054565 -0.01318500004708767
v -0.032896999269723885 -0.0529480017721653 -0.01318500004708767
v -0.033953998237848275 -0.05353299900889397 -0.01318500004708767
v -0.0330200009047985 -0.05245999991893768 -0.01318500004708767
v -0.03415000066161155 -0.052896998822689056 -0.01318500004708767
v -0.03306100144982337 -0.051959000527858734 -0.01318500004708767
v -0.034246001392602914 -0.05223799869418144 -0.01318500004708767
v -0.03423700109124183 -0.05157199874520302 -0.01318500004708767
v -0.027214000001549717 -0.04874600097537041 -0.01318500004708767
v -0.026745999231934544 -0.049219999462366104 -0.01318500004708767
v -0.027504000812768933 -0.05019000172615051 -0.01318500004708767
v -0.02635799907147884 -0.04976100102066994 -0.01318500004708767
v -0.02724800072610378 -0.05062299966812134 -0.01318500004708767
v -0.026060000061988827 -0.05035699903964996 -0.01318500004708767
v -0.027065999805927273 -0.05109100043773651 -0.01318500004708767
v -0.02585799992084503 -0.0509909987449646 -0.01318500004708767
v -0.0269629992544651 -0.05158400163054466 -0.01318500004708767
v -0.02575699985027313 -0.051649000495672226 -0.01318500004708767
v -0.02694199979305267 -0.0520859993994236 -0.01318500004708767
v -0.02576000057160854 -0.05231500044465065 -0.01318500004708767
v -0.026988999918103215 -0.052264001220464706 -0.01318500004708767
v -0.025867000222206112 -0.05297200009226799 -0.01318500004708767
v -0.02607600018382072 -0.05360399931669235 -0.01318500004708767
v -0.031098000705242154 -0.05545299872756004 -0.012550000101327896
v -0.031205000355839726 -0.053387999534606934 -0.012550000101327896
v -0.032225999981164925 -0.05362299829721451 -0.012550000101327896
v -0.031280998140573495 -0.055824000388383865 -0.012550000101327896
v -0.03114099986851215 -0.05566199868917465 -0.012550000101327896
v -0.032409999519586556 -0.053624000400304794 -0.012550000101327896
v -0.03228100016713142 -0.055553000420331955 -0.012550000101327896
v -0.03169300034642219 -0.05586500093340874 -0.012550000101327896
v -0.03148100152611732 -0.05589799955487251 -0.012550000101327896
v -0.02829400077462196 -0.05271900072693825 -0.012550000101327896
v -0.027487000450491902 -0.05462300032377243 -0.012550000101327896
v -0.026773000136017796 -0.0547339990735054 -0.012550000101327896
v -0.026947999373078343 -0.05485599860548973 -0.012550000101327896
v -0.0271610002964735 -0.05487700179219246 -0.012550000101327896
v -0.027357000857591626 -0.054792001843452454 -0.012550000101327896
v -0.0328960008919239 -0.05096999928355217 -0.012550000101327896
v -0.0326940007507801 -0.050508998334407806 -0.012550000101327896
v -0.03360100090503692 -0.049695998430252075 -0.012550000101327896
v -0.03320400044322013 -0.04916200041770935 -0.012550000101327896
v -0.03241999819874763 -0.05008700117468834 -0.012550000101327896
v -0.032726999372243874 -0.04869600012898445 -0.012550000101327896
v -0.03227899968624114 -0.049970000982284546 -0.012550000101327896
v -0.032184999436140053 -0.04831099882721901 -0.012550000101327896
v -0.03210199996829032 -0.04992299899458885 -0.012550000101327896
v -0.03158799931406974 -0.04801499843597412 -0.012550000101327896
v -0.03192200139164924 -0.04995400086045265 -0.012550000101327896
v -0.03095299936830997 -0.047814998775720596 -0.012550000101327896
v -0.03177199885249137 -0.05005799978971481 -0.012550000101327896
v -0.03127200156450271 -0.0505950003862381 -0.012550000101327896
v -0.027504000812768933 -0.05019000172615051 -0.012550000101327896
v -0.026745999231934544 -0.049219999462366104 -0.012550000101327896
v -0.02782800048589706 -0.04980500042438507 -0.012550000101327896
v -0.027214000001549717 -0.04874600097537041 -0.012550000101327896
v -0.02821099944412708 -0.04947799816727638 -0.012550000101327896
v -0.027750000357627865 -0.04835100099444389 -0.012550000101327896
v -0.02864200063049793 -0.049219001084566116 -0.012550000101327896
v -0.028341000899672505 -0.04804399982094765 -0.012550000101327896
v -0.02881900034844875 -0.04917500168085098 -0.012550000101327896
v -0.02897199988365173 -0.047832999378442764 -0.012550000101327896
v -0.028999000787734982 -0.049208998680114746 -0.012550000101327896
v -0.02727200090885162 -0.052483998239040375 -0.012550000101327896
v -0.026380000635981556 -0.05419699847698212 -0.012550000101327896
v -0.027106000110507008 -0.05240499973297119 -0.012550000101327896
v -0.02607600018382072 -0.05360399931669235 -0.012550000101327896
v -0.026988999918103215 -0.052264001220464706 -0.012550000101327896
v -0.025867000222206112 -0.05297200009226799 -0.012550000101327896
v -0.02694199979305267 -0.0520859993994236 -0.012550000101327896
v -0.02576000057160854 -0.05231500044465065 -0.012550000101327896
v -0.0269629992544651 -0.05158400163054466 -0.012550000101327896
v -0.02575699985027313 -0.051649000495672226 -0.012550000101327896
v -0.027065999805927273 -0.05109100043773651 -0.012550000101327896
v -0.02585799992084503 -0.0509909987449646 -0.012550000101327896
v -0.02724800072610378 -0.05062299966812134 -0.012550000101327896
v -0.026060000061988827 -0.05035699903964996 -0.012550000101327896
v -0.02635799907147884 -0.04976100102066994 -0.012550000101327896
v -0.02962899953126907 -0.04772299900650978 -0.012550000101327896
v -0.030294999480247494 -0.04771700128912926 -0.012550000101327896
v -0.029146999120712277 -0.04931600019335747 -0.012550000101327896
v -0.029237000271677967 -0.04947499930858612 -0.012550000101327896
v -0.02945199981331825 -0.05017700046300888 -0.012550000101327896
v -0.03390999883413314 -0.05028500035405159 -0.012550000101327896
v -0.034124001860618584 -0.050916001200675964 -0.012550000101327896
v -0.033018998801708214 -0.0514569990336895 -0.012550000101327896
v -0.03423700109124183 -0.05157199874520302 -0.012550000101327896
v -0.03306100144982337 -0.051959000527858734 -0.012550000101327896
v -0.034246001392602914 -0.05223799869418144 -0.012550000101327896
v -0.0330200009047985 -0.05245999991893768 -0.012550000101327896
v -0.03415000066161155 -0.052896998822689056 -0.012550000101327896
v -0.032896999269723885 -0.0529480017721653 -0.012550000101327896
v -0.033953998237848275 -0.05353299900889397 -0.012550000101327896
v -0.03269699960947036 -0.05340899899601936 -0.012550000101327896
v -0.03365999832749366 -0.054131001234054565 -0.012550000101327896
v -0.032577000558376305 -0.05354800075292587 -0.012550000101327896
v -0.03327700123190879 -0.05467500165104866 -0.012550000101327896
v -0.032813001424074166 -0.055153001099824905 -0.012550000101327896
v -0.031098000705242154 -0.05545299872756004 0.013586999848484993
v -0.031205000355839726 -0.053387999534606934 0.013586999848484993
v -0.032225999981164925 -0.05362299829721451 0.013586999848484993
v -0.031280998140573495 -0.055824000388383865 0.013586999848484993
v -0.03114099986851215 -0.05566199868917465 0.013586999848484993
v -0.032409999519586556 -0.053624000400304794 0.013586999848484993
v -0.03228100016713142 -0.055553000420331955 0.013586999848484993
v -0.03169300034642219 -0.05586500093340874 0.013586999848484993
v -0.03148100152611732 -0.05589799955487251 0.013586999848484993
v -0.02829400077462196 -0.05271900072693825 0.013586999848484993
v -0.027487000450491902 -0.05462300032377243 0.013586999848484993
v -0.026773000136017796 -0.0547339990735054 0.013586999848484993
v -0.027357000857591626 -0.054792001843452454 0.013586999848484993
v -0.0271610002964735 -0.05487700179219246 0.013586999848484993
v -0.026947999373078343 -0.05485599860548973 0.013586999848484993
v -0.03095299936830997 -0.047814998775720596 0.013586999848484993
v -0.03177199885249137 -0.05005799978971481 0.013586999848484993
v -0.03127200156450271 -0.0505950003862381 0.013586999848484993
v -0.03192200139164924 -0.04995400086045265 0.013586999848484993
v -0.03158799931406974 -0.04801499843597412 0.013586999848484993
v -0.03210199996829032 -0.04992299899458885 0.013586999848484993
v -0.032184999436140053 -0.04831099882721901 0.013586999848484993
v -0.03227899968624114 -0.049970000982284546 0.013586999848484993
v -0.032726999372243874 -0.04869600012898445 0.013586999848484993
v -0.03241999819874763 -0.05008700117468834 0.013586999848484993
v -0.03320400044322013 -0.04916200041770935 0.013586999848484993
v -0.0326940007507801 -0.050508998334407806 0.013586999848484993
v -0.03360100090503692 -0.049695998430252075 0.013586999848484993
v -0.0328960008919239 -0.05096999928355217 0.013586999848484993
v -0.028999000787734982 -0.049208998680114746 0.013586999848484993
v -0.030294999480247494 -0.04771700128912926 0.013586999848484993
v -0.029146999120712277 -0.04931600019335747 0.013586999848484993
v -0.029237000271677967 -0.04947499930858612 0.013586999848484993
v -0.02945199981331825 -0.05017700046300888 0.013586999848484993
v -0.027504000812768933 -0.05019000172615051 0.013586999848484993
v -0.026745999231934544 -0.049219999462366104 0.013586999848484993
v -0.02782800048589706 -0.04980500042438507 0.013586999848484993
v -0.027214000001549717 -0.04874600097537041 0.013586999848484993
v -0.02821099944412708 -0.04947799816727638 0.013586999848484993
v -0.027750000357627865 -0.04835100099444389 0.013586999848484993
v -0.02864200063049793 -0.049219001084566116 0.013586999848484993
v -0.028341000899672505 -0.04804399982094765 0.013586999848484993
v -0.02881900034844875 -0.04917500168085098 0.013586999848484993
v -0.02897199988365173 -0.047832999378442764 0.013586999848484993
v -0.02962899953126907 -0.04772299900650978 0.013586999848484993
v -0.03390999883413314 -0.05028500035405159 0.013586999848484993
v -0.034124001860618584 -0.050916001200675964 0.013586999848484993
v -0.033018998801708214 -0.0514569990336895 0.013586999848484993
v -0.03423700109124183 -0.05157199874520302 0.013586999848484993
v -0.03306100144982337 -0.051959000527858734 0.013586999848484993
v -0.034246001392602914 -0.05223799869418144 0.013586999848484993
v -0.0330200009047985 -0.05245999991893768 0.013586999848484993
v -0.03415000066161155 -0.052896998822689056 0.013586999848484993
v -0.032896999269723885 -0.0529480017721653 0.013586999848484993
v -0.033953998237848275 -0.05353299900889397 0.013586999848484993
v -0.03269699960947036 -0.05340899899601936 0.013586999848484993
v -0.03365999832749366 -0.054131001234054565 0.013586999848484993
v -0.032577000558376305 -0.05354800075292587 0.013586999848484993
v -0.03327700123190879 -0.05467500165104866 0.013586999848484993
v -0.032813001424074166 -0.055153001099824905 0.013586999848484993
v -0.02727200090885162 -0.052483998239040375 0.013586999848484993
v -0.026380000635981556 -0.05419699847698212 0.013586999848484993
v -0.027106000110507008 -0.05240499973297119 0.013586999848484993
v -0.02607600018382072 -0.05360399931669235 0.013586999848484993
v -0.026988999918103215 -0.052264001220464706 0.013586999848484993
v -0.025867000222206112 -0.05297200009226799 0.013586999848484993
v -0.02694199979305267 -0.0520859993994236 0.013586999848484993
v -0.02576000057160854 -0.05231500044465065 0.013586999848484993
v -0.0269629992544651 -0.05158400163054466 0.013586999848484993
v -0.02575699985027313 -0.051649000495672226 0.013586999848484993
v -0.027065999805927273 -0.05109100043773651 0.013586999848484993
v -0.02585799992084503 -0.0509909987449646 0.013586999848484993
v -0.02724800072610378 -0.05062299966812134 0.013586999848484993
v -0.026060000061988827 -0.05035699903964996 0.013586999848484993
v -0.02635799907147884 -0.04976100102066994 0.013586999848484993
v -0.027487000450491902 -0.05462300032377243 0.01295199990272522
v -0.02829400077462196 -0.05271900072693825 0.01295199990272522
v -0.02727200090885162 -0.052483998239040375 0.01295199990272522
v -0.031205000355839726 -0.053387999534606934 0.01295199990272522
v -0.031098000705242154 -0.05545299872756004 0.01295199990272522
v -0.03169300034642219 -0.05586500093340874 0.01295199990272522
v -0.0271610002964735 -0.05487700179219246 0.01295199990272522
v -0.027357000857591626 -0.054792001843452454 0.01295199990272522
v -0.026947999373078343 -0.05485599860548973 0.01295199990272522
v -0.026773000136017796 -0.0547339990735054 0.01295199990272522
v -0.026380000635981556 -0.05419699847698212 0.01295199990272522
v -0.027106000110507008 -0.05240499973297119 0.01295199990272522
v -0.03148100152611732 -0.05589799955487251 0.01295199990272522
v -0.031280998140573495 -0.055824000388383865 0.01295199990272522
v -0.03114099986851215 -0.05566199868917465 0.01295199990272522
v -0.03095299936830997 -0.047814998775720596 0.01295199990272522
v -0.029237000271677967 -0.04947499930858612 0.01295199990272522
v -0.02945199981331825 -0.05017700046300888 0.01295199990272522
v -0.03210199996829032 -0.04992299899458885 0.01295199990272522
v -0.03158799931406974 -0.04801499843597412 0.01295199990272522
v -0.03192200139164924 -0.04995400086045265 0.01295199990272522
v -0.03177199885249137 -0.05005799978971481 0.01295199990272522
v -0.03127200156450271 -0.0505950003862381 0.01295199990272522
v -0.029146999120712277 -0.04931600019335747 0.01295199990272522
v -0.030294999480247494 -0.04771700128912926 0.01295199990272522
v -0.028999000787734982 -0.049208998680114746 0.01295199990272522
v -0.02962899953126907 -0.04772299900650978 0.01295199990272522
v -0.02881900034844875 -0.04917500168085098 0.01295199990272522
v -0.02897199988365173 -0.047832999378442764 0.01295199990272522
v -0.02864200063049793 -0.049219001084566116 0.01295199990272522
v -0.028341000899672505 -0.04804399982094765 0.01295199990272522
v -0.02821099944412708 -0.04947799816727638 0.01295199990272522
v -0.027750000357627865 -0.04835100099444389 0.01295199990272522
v -0.02782800048589706 -0.04980500042438507 0.01295199990272522
v -0.033018998801708214 -0.0514569990336895 0.01295199990272522
v -0.034124001860618584 -0.050916001200675964 0.01295199990272522
v -0.0328960008919239 -0.05096999928355217 0.01295199990272522
v -0.03390999883413314 -0.05028500035405159 0.01295199990272522
v -0.0326940007507801 -0.050508998334407806 0.01295199990272522
v -0.03360100090503692 -0.049695998430252075 0.01295199990272522
v -0.03241999819874763 -0.05008700117468834 0.01295199990272522
v -0.03320400044322013 -0.04916200041770935 0.01295199990272522
v -0.03227899968624114 -0.049970000982284546 0.01295199990272522
v -0.032726999372243874 -0.04869600012898445 0.01295199990272522
v -0.032184999436140053 -0.04831099882721901 0.01295199990272522
v -0.032225999981164925 -0.05362299829721451 0.01295199990272522
v -0.03228100016713142 -0.055553000420331955 0.01295199990272522
v -0.032409999519586556 -0.053624000400304794 0.01295199990272522
v -0.032813001424074166 -0.055153001099824905 0.01295199990272522
v -0.032577000558376305 -0.05354800075292587 0.01295199990272522
v -0.03327700123190879 -0.05467500165104866 0.01295199990272522
v -0.03269699960947036 -0.05340899899601936 0.01295199990272522
v -0.03365999832749366 -0.054131001234054565 0.01295199990272522
v -0.032896999269723885 -0.0529480017721653 0.01295199990272522
v -0.033953998237848275 -0.05353299900889397 0.01295199990272522
v -0.0330200009047985 -0.05245999991893768 0.01295199990272522
v -0.03415000066161155 -0.052896998822689056 0.01295199990272522
v -0.03306100144982337 -0.051959000527858734 0.01295199990272522
v -0.034246001392602914 -0.05223799869418144 0.01295199990272522
v -0.03423700109124183 -0.05157199874520302 0.01295199990272522
v -0.027214000001549717 -0.04874600097537041 0.01295199990272522
v -0.026745999231934544 -0.049219999462366104 0.01295199990272522
v -0.027504000812768933 -0.05019000172615051 0.01295199990272522
v -0.02635799907147884 -0.04976100102066994 0.01295199990272522
v -0.02724800072610378 -0.05062299966812134 0.01295199990272522
v -0.026060000061988827 -0.05035699903964996 0.01295199990272522
v -0.027065999805927273 -0.05109100043773651 0.01295199990272522
v -0.02585799992084503 -0.0509909987449646 0.01295199990272522
v -0.0269629992544651 -0.05158400163054466 0.01295199990272522
v -0.02575699985027313 -0.051649000495672226 0.01295199990272522
v -0.02694199979305267 -0.0520859993994236 0.01295199990272522
v -0.02576000057160854 -0.05231500044465065 0.01295199990272522
v -0.026988999918103215 -0.052264001220464706 0.01295199990272522
v -0.025867000222206112 -0.05297200009226799 0.01295199990272522
v -0.02607600018382072 -0.05360399931669235 0.01295199990272522
v 0.054524999111890786 0.08976300060749054 -0.0026710000820457935
v 0.05465300008654594 0.08968999981880188 -0.004046999849379063
v 0.05332100018858909 0.09045899659395218 -0.0034209999721497297
v 0.053148001432418816 0.09055899828672409 -0.00469100009649992
v 0.05195400118827819 0.09124799817800522 -0.0034940000623464584
v 0.05154399946331977 0.09148500114679337 -0.004619999788701534
v 0.05069600045680999 0.09197399765253067 -0.002873999997973442
v 0.050085999071598046 0.09232699871063232 -0.003845999948680401
v 0.049793999642133706 0.09249500185251236 -0.001686000032350421
v 0.048994999378919595 0.09295599907636642 -0.002486000070348382
v 0.049428999423980706 0.09270600229501724 -0.0001630000042496249
v 0.048438001424074166 0.09327799826860428 -0.0007479999912902713
v 0.04967200011014938 0.09256599843502045 0.0013920000055804849
v 0.04849899932742118 0.09324300289154053 0.001104000024497509
v 0.049169000238180154 0.09285599738359451 0.002788000041618943
v 0.050475001335144036 0.09210199862718582 0.0026710000820457935
v 0.050347000360488885 0.09217599779367447 0.004046999849379063
v 0.05167900025844573 0.09140700101852417 0.0034209999721497297
v 0.051851999014616006 0.09130699932575226 0.00469100009649992
v 0.05304599925875663 0.09061799943447113 0.0034940000623464584
v 0.05345600098371505 0.09038099646568298 0.004619999788701534
v 0.05430399999022483 0.08989100158214569 0.002873999997973442
v 0.054914001375436776 0.08953899890184402 0.003845999948680401
v 0.055206000804901116 0.08937100321054459 0.001686000032350421
v 0.05600500106811523 0.08890900015830994 0.002486000070348382
v 0.055571001023054116 0.0891600027680397 0.0001630000042496249
v 0.056561999022960656 0.08858700096607208 0.0007479999912902713
v 0.055328000336885445 0.0892999991774559 -0.0013920000055804849
v 0.05650100111961364 0.08862300217151642 -0.001104000024497509
v 0.05583100020885467 0.08901000022888184 -0.002788000041618943
v 0.014525000005960463 0.02048099972307682 -0.0026710000820457935
v 0.015830999240279194 0.019727999344468117 -0.002788000041618943
v 0.015328000299632548 0.020018000155687332 -0.0013920000055804849
v 0.016501000151038166 0.01934099942445755 -0.001104000024497509
v 0.015571000054478644 0.019878000020980835 0.0001630000042496249
v 0.01656199991703033 0.019305000081658363 0.0007479999912902713
v 0.015205999836325644 0.02008800022304058 0.001686000032350421
v 0.016005000099539753 0.019626999273896217 0.002486000070348382
v 0.014303999952971934 0.020609000697731972 0.002873999997973442
v 0.014914000406861304 0.020256999880075455 0.003845999948680401
v 0.013046000152826307 0.02133600041270256 0.0034940000623464584
v 0.013456000015139578 0.021098999306559563 0.004619999788701534
v 0.011679000221192835 0.02212500013411045 0.0034209999721497297
v 0.011851999908685682 0.02202500030398369 0.00469100009649992
v 0.010475000366568564 0.02281999960541725 0.0026710000820457935
v 0.010347000323235987 0.02289400063455105 0.004046999849379063
v 0.009672000072896479 0.023283999413251877 0.0013920000055804849
v 0.009169000200927256 0.023574000224471092 0.002788000041618943
v 0.008499000221490858 0.02396100014448166 0.001104000024497509
v 0.009429000318050383 0.023423999547958374 -0.0001630000042496249
v 0.008438000455498694 0.02399599924683571 -0.0007479999912902713
v 0.009793999604880808 0.02321299910545349 -0.001686000032350421
v 0.008995000272989271 0.023674000054597855 -0.002486000070348382
v 0.010696000419557093 0.02269200049340725 -0.002873999997973442
v 0.010085999965667723 0.023044999688863754 -0.003845999948680401
v 0.011954000219702719 0.02196599915623665 -0.0034940000623464584
v 0.011544000357389448 0.022203000262379646 -0.004619999788701534
v 0.013321000151336191 0.021176999434828758 -0.0034209999721497297
v 0.013148000463843344 0.02127699926495552 -0.00469100009649992
v 0.01465300004929304 0.020407000556588173 -0.004046999849379063
v 0.009937999770045279 0.0322129987180233 0.0015160000184550881
v 0.010374999605119227 0.03297000005841255 0.0017500000540167093
v 0.012567999772727488 0.03117999993264675 0.0016899999463930726
v 0.01340300031006336 0.033174000680446625 0.000455000001238659
v 0.013364999555051325 0.032993998378515244 0.0008750000270083547
v 0.01113300025463104 0.034283000975847244 0.0008750000270083547
v 0.013182000257074831 0.032361000776290894 0.0015160000184550881
v 0.010812999680638312 0.03372799977660179 0.0015160000184550881
v 0.013021999970078467 0.03196699917316437 0.0016899999463930726
v 0.012814000248908995 0.03156200051307678 0.0017500000540167093
v 0.01341500040143728 0.033236000686883926 0.0
v 0.011250000447034834 0.03448599949479103 0.0
v 0.01340300031006336 0.033174000680446625 -0.00045399999362416565
v 0.01113300025463104 0.034283000975847244 -0.0008750000270083547
v 0.013364999555051325 0.032993998378515244 -0.0008750000270083547
v 0.010812999680638312 0.03372799977660179 -0.0015160000184550881
v 0.013182000257074831 0.032361000776290894 -0.0015160000184550881
v 0.013021999970078467 0.03196699917316437 -0.0016899999463930726
v 0.010374999605119227 0.03297000005841255 -0.0017500000540167093
v 0.012814000248908995 0.03156200051307678 -0.0017500000540167093
v 0.012567999772727488 0.03117999993264675 -0.0016899999463930726
v 0.009937999770045279 0.0322129987180233 -0.0015160000184550881
v 0.012307000346481798 0.030844999477267265 -0.0015160000184550881
v 0.009616999886929987 0.031658001244068146 -0.0008750000270083547
v 0.011849000118672846 0.030369000509381294 -0.0008750000270083547
v 0.012307000346481798 0.030844999477267265 0.0015160000184550881
v 0.011849000118672846 0.030369000509381294 0.0008750000270083547
v 0.009616999886929987 0.031658001244068146 0.0008750000270083547
v 0.011713000014424322 0.030246000736951828 0.00045399999362416565
v 0.009499999694526194 0.03145499899983406 0.0
v 0.01166499964892864 0.030205000191926956 0.0
v 0.011713000014424322 0.030246000736951828 -0.00045399999362416565
v 0.018268000334501263 0.03564099967479706 0.012338999658823013
v 0.018268000334501263 0.03564099967479706 0.0045830002054572105
v 0.016883999109268185 0.03643999993801117 0.011970999650657177
v 0.017300000414252278 0.03620000183582306 0.0039090001955628395
v 0.010041000321507452 0.04039100185036659 -0.004898999817669392
v 0.010041000321507452 0.04039100185036659 0.004898999817669392
v 0.016099000349640843 0.03689299896359444 0.0021689999848604202
v 0.011683999560773371 0.039441999047994614 0.00800199992954731
v 0.014031000435352324 0.03808699920773506 0.01042800024151802
v 0.015669999644160267 0.03714099898934364 0.0
v 0.016099000349640843 0.03689299896359444 -0.0021689999848604202
v 0.011683999560773371 0.039441999047994614 -0.00800199992954731
v 0.017300000414252278 0.03620000183582306 -0.0039090001955628395
v 0.014031000435352324 0.03808699920773506 -0.01042800024151802
v 0.016883999109268185 0.03643999993801117 -0.011970999650657177
v 0.018268000334501263 0.03564099967479706 -0.0045830002054572105
v 0.018268000334501263 0.03564099967479706 -0.012338999658823013
v 0.002062000101432204 -0.0011909999884665012 0.005499999970197678
v 0.002062000101432204 -0.0011909999884665012 0.012550000101327896
v 0.0023809999693185087 0.0 0.005499999970197678
v 0.0023809999693185087 0.0 0.012550000101327896
v 0.002062000101432204 0.0011909999884665012 0.005499999970197678
v 0.002062000101432204 0.0011909999884665012 0.012550000101327896
v 0.001190999988466501 0.0020620001014322042 0.005499999970197678
v 0.001190999988466501 0.0020620001014322042 0.012550000101327896
v 0.0 0.002380999969318509 0.005499999970197678
v 0.0 0.002380999969318509 0.012550000101327896
v -0.001190999988466501 0.0020620001014322042 0.005499999970197678
v -0.001190999988466501 0.0020620001014322042 0.012550000101327896
v -0.002062000101432204 0.0011909999884665012 0.005499999970197678
v -0.002062000101432204 0.0011909999884665012 0.012550000101327896
v -0.0023809999693185087 0.0 0.005499999970197678
v -0.0023809999693185087 0.0 0.012550000101327896
v -0.002062000101432204 -0.0011909999884665012 0.005499999970197678
v -0.002062000101432204 -0.0011909999884665012 0.012550000101327896
v -0.001190999988466501 -0.0020620001014322042 0.005499999970197678
v -0.001190999988466501 -0.0020620001014322042 0.012550000101327896
v 0.0 -0.002380999969318509 0.005499999970197678
v 0.0 -0.002380999969318509 0.012550000101327896
v 0.001190999988466501 -0.0020620001014322042 0.005499999970197678
v 0.001190999988466501 -0.0020620001014322042 0.012550000101327896
v -0.034749999642372124 -0.06018900126218796 0.013500000350177288
v -0.03147400170564651 -0.056738998740911484 0.013500000350177288
v -0.033401001244783395 -0.0556269995868206 0.013500000350177288
v -0.03465399891138076 -0.05378799885511398 0.013500000350177288
v -0.03766199946403503 -0.05757800117135048 0.013500000350177288
v -0.036341998726129525 -0.05903499945998192 0.013500000350177288
v -0.034986000508069985 -0.05158799886703491 0.013500000350177288
v -0.039275001734495156 -0.054016001522541046 0.013500000350177288
v -0.03865399956703185 -0.05588100105524063 0.013500000350177288
v 0.004329999908804893 -0.0024999999441206455 0.013500000350177288
v 0.00512599991634488 -0.007997999899089336 0.013500000350177288
v 0.006684999912977218 -0.006750000175088644 0.013500000350177288
v -0.027182999998331066 -0.0560929998755455 0.013500000350177288
v -0.023734999820590016 -0.05910300090909004 0.013500000350177288
v -0.02566999942064285 -0.0544620007276535 0.013500000350177288
v -0.02239900082349777 -0.057659998536109924 0.013500000350177288
v -0.021389000117778775 -0.055973999202251434 0.013500000350177288
v -0.029255000874400135 -0.05690599977970123 0.013500000350177288
v -0.027141999453306195 -0.061021000146865845 0.013500000350177288
v -0.02533899992704391 -0.060238998383283615 0.013500000350177288
v -0.03295499831438064 -0.060989998281002045 0.013500000350177288
v -0.031034000217914578 -0.061404999345541 0.013500000350177288
v -0.029068000614643093 -0.06141600012779236 0.013500000350177288
v -0.03432999923825263 -0.04946200177073479 0.013500000350177288
v -0.039317000657320016 -0.050106000155210495 0.013500000350177288
v -0.03949899971485137 -0.05206400156021118 0.013500000350177288
v 0.00794900022447109 -0.00520299980416894 0.013500000350177288
v 0.008860999718308447 -0.0034260000102221966 0.013500000350177288
v 0.004985999781638383 -0.00037399999564513564 0.013500000350177288
v 0.0015129999956116078 -0.009379000402987003 0.013500000350177288
v -0.02267000079154968 -0.04726500064134598 0.013500000350177288
v -0.021121000871062275 -0.048583000898361206 0.013500000350177288
v -0.02240199968218803 -0.0482649989426136 0.013500000350177288
v -0.02066400088369846 -0.05020600184798241 0.013500000350177288
v -0.02267000079154968 -0.049265000969171524 0.013500000350177288
v -0.020501999184489247 -0.05216600000858307 0.013500000350177288
v -0.02074800059199333 -0.05411599949002266 0.013500000350177288
v -0.03492600098252296 -0.043838001787662506 0.013500000350177288
v -0.03649200126528739 -0.04502600058913231 0.013500000350177288
v -0.000745000026654452 0.00494399992749095 0.013500000350177288
v 0.0014740000478923319 0.004778000060468912 0.013500000350177288
v 0.001427000039257109 0.009577999822795391 0.013500000350177288
v -0.02959799952805042 -0.043264999985694885 0.013500000350177288
v -0.008879000321030615 -0.003378999885171652 0.013500000350177288
v -0.030597999691963192 -0.043533001095056534 0.013500000350177288
v -0.031513001769781106 -0.04258299991488457 0.013500000350177288
v -0.03133000060915946 -0.04426499828696251 0.013500000350177288
v -0.033147998154163354 -0.04299800097942352 0.013500000350177288
v -0.03778000175952911 -0.046509999781847 0.013500000350177288
v -0.0387360006570816 -0.04822799935936928 0.013500000350177288
v -0.0004740000003948807 0.009487999603152275 0.013500000350177288
v -0.002447000006213784 0.009178999811410904 0.013500000350177288
v -0.002817000029608607 0.004131000023335218 0.013500000350177288
v 0.0034010000526905055 0.003664999967440963 0.013500000350177288
v 0.0038230000063776966 0.00939599983394146 0.013500000350177288
v 0.002806999953463673 0.009549000300467014 0.013500000350177288
v -0.004313000012189149 0.008465000428259373 0.013500000350177288
v -0.005987000185996293 0.007375999819487333 0.013500000350177288
v -0.004329999908804893 0.0024999999441206455 0.013500000350177288
v -0.007397000212222337 0.005960999988019466 0.013500000350177288
v -0.008480000309646128 0.004282999783754349 0.013500000350177288
v 0.0033410000614821907 -0.008892999961972237 0.013500000350177288
v 0.001329999999143183 -0.007695999927818775 0.013500000350177288
v 0.0005980000132694839 -0.008427999913692474 0.013500000350177288
v -0.00040200000512413675 -0.008696000091731548 0.013500000350177288
v -0.0014019999653100965 -0.008427999913692474 0.013500000350177288
v 0.005934999790042638 0.008297000080347061 0.013500000350177288
v 0.005282000172883271 0.008798000402748585 0.013500000350177288
v 0.004639000166207551 0.009134000167250633 0.013500000350177288
v 0.004654000047594308 0.0018269999418407679 0.013500000350177288
v 0.008453999646008013 0.004333999939262867 0.013500000350177288
v 0.007418000139296054 0.006318000145256519 0.013500000350177288
v 0.007197000086307525 0.006694999989122152 0.013500000350177288
v 0.006575999781489371 0.007598999887704849 0.013500000350177288
v 0.009380999952554701 -0.001496999990195036 0.013500000350177288
v 0.009487000294029711 0.0004980000085197389 0.013500000350177288
v 0.00917300023138523 0.002469999948516488 0.013500000350177288
v -0.009188000112771986 0.00241499999538064 0.013500000350177288
v -0.009490000084042547 0.0004400000034365803 0.013500000350177288
v -0.007329999934881925 -0.002696000039577484 0.013500000350177288
v -0.009371999651193617 -0.0015539999585598707 0.013500000350177288
v -0.007598000112920999 -0.0036959999706596136 0.013500000350177288
v -0.007329999934881925 -0.004695999901741743 0.013500000350177288
v -0.0065979999490082255 -0.005427999887615442 0.013500000350177288
v -0.028597999364137646 -0.043533001095056534 0.013500000350177288
v -0.023401999846100804 -0.046532999724149704 0.013500000350177288
v 0.002062000101432204 -0.0011909999884665012 -0.012550000101327896
v 0.002062000101432204 -0.0011909999884665012 -0.005499999970197678
v 0.0023809999693185087 0.0 -0.012550000101327896
v 0.0023809999693185087 0.0 -0.005499999970197678
v 0.002062000101432204 0.0011909999884665012 -0.012550000101327896
v 0.002062000101432204 0.0011909999884665012 -0.005499999970197678
v 0.001190999988466501 0.0020620001014322042 -0.012550000101327896
v 0.001190999988466501 0.0020620001014322042 -0.005499999970197678
v 0.0 0.002380999969318509 -0.012550000101327896
v 0.0 0.002380999969318509 -0.005499999970197678
v -0.001190999988466501 0.0020620001014322042 -0.012550000101327896
v -0.001190999988466501 0.0020620001014322042 -0.005499999970197678
v -0.002062000101432204 0.0011909999884665012 -0.012550000101327896
v -0.002062000101432204 0.0011909999884665012 -0.005499999970197678
v -0.0023809999693185087 0.0 -0.012550000101327896
v -0.0023809999693185087 0.0 -0.005499999970197678
v -0.002062000101432204 -0.0011909999884665012 -0.012550000101327896
v -0.002062000101432204 -0.0011909999884665012 -0.005499999970197678
v -0.001190999988466501 -0.0020620001014322042 -0.012550000101327896
v -0.001190999988466501 -0.0020620001014322042 -0.005499999970197678
v 0.0 -0.002380999969318509 -0.012550000101327896
v 0.0 -0.002380999969318509 -0.005499999970197678
v 0.001190999988466501 -0.0020620001014322042 -0.012550000101327896
v 0.001190999988466501 -0.0020620001014322042 -0.005499999970197678
v 0.015231999568641184 0.02238300070166588 -0.012338999658823013
v 0.021732000634074208 0.03364099934697151 -0.012338999658823013
v 0.023115999996662136 0.0328419990837574 -0.011970999650657177
v 0.011567999608814715 0.02390100061893463 -0.012350000441074371
v 0.01150000002235174 0.02338300086557865 -0.012378999963402748
v 0.003503999905660748 0.013268999755382538 -0.011970000341534615
v 0.011768000200390814 0.024382999166846275 -0.012338999658823013
v 0.011768000200390814 0.02238300070166588 -0.01245999988168478
v 0.012083999812602995 0.021970000118017197 -0.012489000335335732
v 0.004222000017762183 0.013003000058233738 -0.012171999551355839
v 0.004401000216603278 0.01293100044131279 -0.01221499964594841
v 0.0012499999720603225 0.025165999308228493 -0.004898999817669392
v 0.0011030000168830154 0.02471799962222576 -0.005117999855428934
v 0.0007479999912902712 0.023840000852942467 -0.005404000170528889
v 0.00030000001424923534 0.02297000028192997 -0.005499999970197678
v -0.0008999999845400452 0.014139999635517597 -0.009727999567985535
v -0.0018110000528395174 0.013996999710798264 -0.009103000164031982
v -0.0027129999361932273 0.013690999709069729 -0.00846800021827221
v -0.0033750000875443216 0.013384999707341194 -0.007987000048160553
v -0.005398999899625777 0.012195000424981117 -0.006339999847114086
v -0.006310999859124421 0.011518999934196472 -0.005499999970197678
v 0.0030169999226927753 0.013430999591946602 -0.011807999573647976
v 0.0018090000376105306 0.01377199962735176 -0.011312000453472137
v 0.0006089999806135892 0.014037000015377998 -0.0106819998472929
v 0.00031999999191612 0.014088000170886517 -0.01051000040024519
v 0.00018299999646842477 0.014107000082731247 -0.010425999760627747
v -0.0006130000110715627 0.014151999726891518 -0.00991899985820055
v 0.012981999665498732 0.02145100012421608 -0.012489000335335732
v 0.009739000350236891 0.009669000282883644 -0.011970000341534615
v 0.009042999707162378 0.010242000222206116 -0.012202000245451927
v 0.007989999838173388 0.011009999550879002 -0.012419999577105045
v 0.007833000272512434 0.011114999651908875 -0.012439999729394913
v 0.012500000186264513 0.021650999784469604 -0.012500000186264515
v 0.006730000022798776 0.01179600041359663 -0.012500000186264515
v 0.005584999918937682 0.012401999905705452 -0.012424999848008156
v 0.013500000350177286 0.021383000537753105 -0.01245999988168478
v 0.014499999582767485 0.021650999784469604 -0.012378999963402748
v 0.014913000166416166 0.021966999396681786 -0.012350000441074371
v 0.02596900053322315 0.03119499981403351 -0.01042800024151802
v 0.011851999908685682 0.007546000182628632 -0.0106819998472929
v 0.01165799982845783 0.007765999995172024 -0.010847000405192375
v 0.010023999959230421 0.009417999535799026 -0.011851999908685684
v 0.010792000219225882 0.008686999790370464 -0.011455000378191471
v 0.028316000476479527 0.029839999973773956 -0.00800199992954731
v 0.013167000375688074 0.00481799989938736 -0.008681000210344791
v 0.012932999990880488 0.00572500005364418 -0.009313000366091728
v 0.012838000431656836 0.00597199983894825 -0.009492999874055386
v 0.01241599954664707 0.006792999804019928 -0.010106000117957592
v 0.012126999907195566 0.007209999952465296 -0.010425000451505184
v 0.02995900064706802 0.028891000896692276 -0.004898999817669392
v 0.021168999373912808 0.013666000217199326 -0.004898999817669392
v 0.020854000002145764 0.013311999849975109 -0.005119000095874071
v 0.020273000001907345 0.012570000253617764 -0.005402999930083752
v 0.019742000848054882 0.011745000258088112 -0.005499999970197678
v 0.013131000101566313 0.00029399999766610563 -0.005499999970197678
v 0.013299999758601187 0.002073999959975481 -0.006810999941080809
v 0.013279000297188757 0.003776000114157796 -0.007991000078618526
v 0.013213000260293482 0.004495999775826931 -0.00846800021827221
v 0.01682999916374683 0.019200000911951065 -0.0005000000237487257
v 0.022479999810457226 0.015937000513076782 -0.0005000000237487257
v 0.01685100048780441 0.019186999648809433 0.0
v 0.022479999810457226 0.015937000513076782 0.0005000000237487257
v 0.01682999916374683 0.019200000911951065 0.0005000000237487257
v 0.012482999823987482 0.0006549999816343188 -0.010499999858438969
v 0.012196999974548815 0.0027360001113265753 -0.010499999858438969
v 0.012482999823987482 0.0006580000044777989 -0.008445999585092068
v 0.01249600015580654 -0.00029600001289509237 -0.010499999858438969
v 0.01249600015580654 -0.0003150000120513141 -0.007410000078380108
v 0.012343999929726122 -0.001970000099390745 -0.010499999858438969
v 0.012338999658823012 -0.0020020001102238894 -0.005499999970197678
v 0.01202300004661083 -0.003418999956920743 -0.010499999858438969
v 0.01202300004661083 -0.003418999956920743 -0.005499999970197678
v 0.011659000068902968 -0.004507000092417002 -0.010499999858438969
v 0.01078199967741966 -0.0063240001909434795 -0.005499999970197678
v 0.01078199967741966 -0.0063240001909434795 -0.010499999858438969
v 0.01045900024473667 -0.006845000199973583 -0.010499999858438969
v 0.0088529996573925 -0.008825000375509262 -0.005499999970197678
v 0.008795999921858309 -0.008880999870598316 -0.010499999858438969
v 0.006357999984174966 -0.01076200045645237 -0.005499999970197678
v 0.006744999904185533 -0.01052400004118681 -0.010499999858438969
v 0.004395999945700168 -0.01170200016349554 -0.010499999858438969
v 0.003457000013440847 -0.012012000195682049 -0.005499999970197678
v 0.003457000013440847 -0.012012000195682049 -0.010499999858438969
v -0.012132000178098677 -0.003011999884620309 0.005499999970197678
v -0.012132000178098677 -0.003011999884620309 0.010499999858438969
v -0.012331999838352202 -0.0020439999643713236 0.010499999858438969
v -0.012498999945819376 0.0001250000059371814 0.005499999970197678
v -0.012486999854445456 0.0005789999850094318 0.010499999858438969
v -0.012089000083506106 0.0031769999768584967 0.010499999858438969
v -0.012068999931216238 0.003254000097513199 0.005499999970197678
v -0.011157999746501444 0.005634999834001064 0.010499999858438969
v -0.010867999866604803 0.006175999995321035 0.005499999970197678
v -0.010867999866604803 0.006175999995321035 0.010499999858438969
v -0.009732999838888643 0.007842999882996082 0.010499999858438969
v -0.00897299963980913 0.008702999912202358 0.005499999970197678
v -0.00897299963980913 0.008702999912202358 0.010499999858438969
v -0.007903000339865683 0.009685000404715538 0.005499999970197678
v -0.007877999916672705 0.00970499962568283 0.010499999858438969
v -0.006510999985039233 0.01066999975591898 0.007422000169754028
v -0.006504000164568423 0.010673999786376953 0.010499999858438969
v -0.006159999873489141 0.010877000167965889 0.007860999554395676
v -0.005673999898135661 0.011137999594211578 0.010499999858438969
v -0.0037289999891072507 0.011931000277400017 0.010499999858438969
v 0.012196999974548815 0.0027360001113265753 0.010499999858438969
v 0.012482999823987482 0.0006549999816343188 0.010499999858438969
v 0.012482999823987482 0.0006580000044777989 0.008445999585092068
v 0.01249600015580654 -0.00029600001289509237 0.010499999858438969
v 0.01249600015580654 -0.0003150000120513141 0.007410000078380108
v 0.012338999658823012 -0.0020020001102238894 0.005499999970197678
v 0.012343999929726122 -0.001970000099390745 0.010499999858438969
v 0.01202300004661083 -0.003418999956920743 0.005499999970197678
v 0.01202300004661083 -0.003418999956920743 0.010499999858438969
v 0.011659000068902968 -0.004507000092417002 0.010499999858438969
v 0.01078199967741966 -0.0063240001909434795 0.005499999970197678
v 0.01078199967741966 -0.0063240001909434795 0.010499999858438969
v 0.01045900024473667 -0.006845000199973583 0.010499999858438969
v 0.0088529996573925 -0.008825000375509262 0.005499999970197678
v 0.003457000013440847 -0.012012000195682049 0.010499999858438969
v 0.003457000013440847 -0.012012000195682049 0.005499999970197678
v 0.004395999945700168 -0.01170200016349554 0.010499999858438969
v 0.006357999984174966 -0.01076200045645237 0.005499999970197678
v 0.006744999904185533 -0.01052400004118681 0.010499999858438969
v 0.008795999921858309 -0.008880999870598316 0.010499999858438969
v -0.033456999808549874 -0.039948999881744385 0.010499999858438969
v -0.033456999808549874 -0.039948999881744385 0.005499999970197678
v -0.017867999151349064 -0.048948999494314194 0.010499999858438969
v -0.017867999151349064 -0.048948999494314194 0.005499999970197678
v -0.017714999616146084 -0.04965199902653694 0.010499999858438969
v -0.017503000795841214 -0.052230000495910645 0.010499999858438969
v -0.01751499995589256 -0.05257200077176094 0.005499999970197678
v -0.01751499995589256 -0.05257200077176094 0.010499999858438969
v -0.017826000228524205 -0.0547959990799427 0.010499999858438969
v -0.01821999996900558 -0.05614300072193146 0.005499999970197678
v -0.01992399990558624 -0.059358999133110046 0.010499999858438969
v -0.01992399990558624 -0.059358999133110046 0.005499999970197678
v -0.018670000135898587 -0.05724100023508072 0.010499999858438969
v -0.01821999996900558 -0.05614300072193146 0.010499999858438969
v -0.019998999312520024 -0.059459999203681946 0.010499999858438969
v -0.02175600081682205 -0.061358001083135605 0.010499999858438969
v -0.0224820002913475 -0.06194800138473511 0.005499999970197678
v -0.025677999481558796 -0.06368999928236008 0.010499999858438969
v -0.025677999481558796 -0.06368999928236008 0.005499999970197678
v -0.023866999894380566 -0.06285300105810165 0.010499999858438969
v -0.0224820002913475 -0.06194800138473511 0.010499999858438969
v -0.02624000050127506 -0.0638820007443428 0.010499999858438969
v -0.02877400070428848 -0.06440100073814392 0.010499999858438969
v -0.02923999913036823 -0.06443800032138824 0.005499999970197678
v -0.02923999913036823 -0.06443800032138824 0.010499999858438969
v -0.031360000371932976 -0.0643870010972023 0.010499999858438969
v -0.032866001129150384 -0.06412799656391144 0.005499999970197678
v -0.032866001129150384 -0.06412799656391144 0.010499999858438969
v -0.033888000994920724 -0.06384100019931793 0.010499999858438969
v -0.03624999895691871 -0.0627869963645935 0.005499999970197678
v -0.03624999895691871 -0.0627869963645935 0.010499999858438969
v -0.038343999534845345 -0.06126900017261505 0.010499999858438969
v -0.03910399973392486 -0.060527000576257706 0.005499999970197678
v -0.04118499904870986 -0.05754199996590614 0.010499999858438969
v -0.04118499904870986 -0.05754199996590614 0.005499999970197678
v -0.04008100181818008 -0.059351999312639236 0.010499999858438969
v -0.03910399973392486 -0.060527000576257706 0.010499999858438969
v -0.041386000812053673 -0.05711900070309639 0.010499999858438969
v -0.04220400005578994 -0.05466499924659729 0.010499999858438969
v -0.04231899976730346 -0.054083000868558884 0.005499999970197678
v -0.04240800067782401 -0.05044399946928024 0.010499999858438969
v -0.04240800067782401 -0.05044399946928024 0.005499999970197678
v -0.04249899834394454 -0.05209600180387497 0.010499999858438969
v -0.04231899976730346 -0.054083000868558884 0.010499999858438969
v -0.04225900024175643 -0.04952000081539154 0.010499999858438969
v -0.04149400070309638 -0.04704999923706055 0.010499999858438969
v -0.04144399985671043 -0.04693400114774704 0.005499999970197678
v -0.04144399985671043 -0.04693400114774704 0.010499999858438969
v -0.04023699834942817 -0.04478900134563446 0.010499999858438969
v -0.03951099887490272 -0.04385000094771385 0.005499999970197678
v -0.0367709994316101 -0.041453998535871506 0.010499999858438969
v -0.0367709994316101 -0.041453998535871506 0.005499999970197678
v -0.038541998714208596 -0.04283599928021431 0.010499999858438969
v -0.03951099887490272 -0.04385000094771385 0.010499999858438969
v -0.034141998738050454 -0.040167998522520065 0.010499999858438969
v -0.036481000483036034 -0.041273001581430435 0.010499999858438969
v -0.027938000857830044 -0.05315199866890907 0.005499999970197678
v -0.027938000857830044 -0.05315199866890907 0.012550000101327896
v -0.027619000524282452 -0.051961999386548996 0.005499999970197678
v -0.027619000524282452 -0.051961999386548996 0.012550000101327896
v -0.027938000857830044 -0.05077100172638893 0.005499999970197678
v -0.027938000857830044 -0.05077100172638893 0.012550000101327896
v -0.02880899980664253 -0.04989900067448616 0.005499999970197678
v -0.02880899980664253 -0.04989900067448616 0.012550000101327896
v -0.029999999329447743 -0.04958000034093857 0.005499999970197678
v -0.029999999329447743 -0.04958000034093857 0.012550000101327896
v -0.031191000714898106 -0.04989900067448616 0.005499999970197678
v -0.031191000714898106 -0.04989900067448616 0.012550000101327896
v -0.032062001526355736 -0.05077100172638893 0.005499999970197678
v -0.032062001526355736 -0.05077100172638893 0.012550000101327896
v -0.03238100185990333 -0.051961999386548996 0.005499999970197678
v -0.03238100185990333 -0.051961999386548996 0.012550000101327896
v -0.032062001526355736 -0.05315199866890907 0.005499999970197678
v -0.032062001526355736 -0.05315199866890907 0.012550000101327896
v -0.031191000714898106 -0.054023999720811844 0.005499999970197678
v -0.031191000714898106 -0.054023999720811844 0.012550000101327896
v -0.029999999329447743 -0.054343000054359436 0.005499999970197678
v -0.029999999329447743 -0.054343000054359436 0.012550000101327896
v -0.02880899980664253 -0.054023999720811844 0.005499999970197678
v -0.02880899980664253 -0.054023999720811844 0.012550000101327896
v -0.0037289999891072507 0.011931000277400017 -0.010499999858438969
v -0.005673999898135661 0.011137999594211578 -0.010499999858438969
v -0.006159999873489141 0.010877000167965889 -0.007860999554395676
v -0.006504000164568423 0.010673999786376953 -0.010499999858438969
v -0.007903000339865683 0.009685000404715538 -0.005499999970197678
v -0.007877999916672705 0.00970499962568283 -0.010499999858438969
v -0.00897299963980913 0.008702999912202358 -0.005499999970197678
v -0.012132000178098677 -0.003011999884620309 -0.010499999858438969
v -0.012132000178098677 -0.003011999884620309 -0.005499999970197678
v -0.012331999838352202 -0.0020439999643713236 -0.010499999858438969
v -0.012498999945819376 0.0001250000059371814 -0.005499999970197678
v -0.012486999854445456 0.0005789999850094318 -0.010499999858438969
v -0.012068999931216238 0.003254000097513199 -0.005499999970197678
v -0.010867999866604803 0.006175999995321035 -0.005499999970197678
v -0.011157999746501444 0.005634999834001064 -0.010499999858438969
v -0.012089000083506106 0.0031769999768584967 -0.010499999858438969
v -0.00897299963980913 0.008702999912202358 -0.010499999858438969
v -0.009732999838888643 0.007842999882996082 -0.010499999858438969
v -0.010867999866604803 0.006175999995321035 -0.010499999858438969
v -0.033456999808549874 -0.039948999881744385 -0.010499999858438969
v -0.033456999808549874 -0.039948999881744385 -0.005499999970197678
v -0.017867999151349064 -0.048948999494314194 -0.010499999858438969
v -0.017867999151349064 -0.048948999494314194 -0.005499999970197678
v -0.017714999616146084 -0.04965199902653694 -0.010499999858438969
v -0.01751499995589256 -0.05257200077176094 -0.005499999970197678
v -0.017503000795841214 -0.052230000495910645 -0.010499999858438969
v -0.01821999996900558 -0.05614300072193146 -0.005499999970197678
v -0.017826000228524205 -0.0547959990799427 -0.010499999858438969
v -0.01751499995589256 -0.05257200077176094 -0.010499999858438969
v -0.01992399990558624 -0.059358999133110046 -0.005499999970197678
v -0.018670000135898587 -0.05724100023508072 -0.010499999858438969
v -0.01821999996900558 -0.05614300072193146 -0.010499999858438969
v -0.0224820002913475 -0.06194800138473511 -0.010499999858438969
v -0.02175600081682205 -0.061358001083135605 -0.010499999858438969
v -0.0224820002913475 -0.06194800138473511 -0.005499999970197678
v -0.019998999312520024 -0.059459999203681946 -0.010499999858438969
v -0.01992399990558624 -0.059358999133110046 -0.010499999858438969
v -0.023866999894380566 -0.06285300105810165 -0.010499999858438969
v -0.025677999481558796 -0.06368999928236008 -0.005499999970197678
v -0.025677999481558796 -0.06368999928236008 -0.010499999858438969
v -0.02624000050127506 -0.0638820007443428 -0.010499999858438969
v -0.02923999913036823 -0.06443800032138824 -0.005499999970197678
v -0.02877400070428848 -0.06440100073814392 -0.010499999858438969
v -0.032866001129150384 -0.06412799656391144 -0.005499999970197678
v -0.031360000371932976 -0.0643870010972023 -0.010499999858438969
v -0.02923999913036823 -0.06443800032138824 -0.010499999858438969
v -0.03624999895691871 -0.0627869963645935 -0.005499999970197678
v -0.033888000994920724 -0.06384100019931793 -0.010499999858438969
v -0.032866001129150384 -0.06412799656391144 -0.010499999858438969
v -0.03910399973392486 -0.060527000576257706 -0.005499999970197678
v -0.038343999534845345 -0.06126900017261505 -0.010499999858438969
v -0.03624999895691871 -0.0627869963645935 -0.010499999858438969
v -0.04118499904870986 -0.05754199996590614 -0.005499999970197678
v -0.04008100181818008 -0.059351999312639236 -0.010499999858438969
v -0.03910399973392486 -0.060527000576257706 -0.010499999858438969
v -0.04231899976730346 -0.054083000868558884 -0.010499999858438969
v -0.04220400005578994 -0.05466499924659729 -0.010499999858438969
v -0.04231899976730346 -0.054083000868558884 -0.005499999970197678
v -0.041386000812053673 -0.05711900070309639 -0.010499999858438969
v -0.04118499904870986 -0.05754199996590614 -0.010499999858438969
v -0.04249899834394454 -0.05209600180387497 -0.010499999858438969
v -0.04240800067782401 -0.05044399946928024 -0.005499999970197678
v -0.04240800067782401 -0.05044399946928024 -0.010499999858438969
v -0.04225900024175643 -0.04952000081539154 -0.010499999858438969
v -0.04144399985671043 -0.04693400114774704 -0.005499999970197678
v -0.04149400070309638 -0.04704999923706055 -0.010499999858438969
v -0.03951099887490272 -0.04385000094771385 -0.005499999970197678
v -0.04023699834942817 -0.04478900134563446 -0.010499999858438969
v -0.04144399985671043 -0.04693400114774704 -0.010499999858438969
v -0.0367709994316101 -0.041453998535871506 -0.005499999970197678
v -0.038541998714208596 -0.04283599928021431 -0.010499999858438969
v -0.03951099887490272 -0.04385000094771385 -0.010499999858438969
v -0.034141998738050454 -0.040167998522520065 -0.010499999858438969
v -0.036481000483036034 -0.041273001581430435 -0.010499999858438969
v -0.0367709994316101 -0.041453998535871506 -0.010499999858438969
v -0.027938000857830044 -0.05315199866890907 -0.012550000101327896
v -0.027938000857830044 -0.05315199866890907 -0.005499999970197678
v -0.027619000524282452 -0.051961999386548996 -0.012550000101327896
v -0.027619000524282452 -0.051961999386548996 -0.005499999970197678
v -0.027938000857830044 -0.05077100172638893 -0.012550000101327896
v -0.027938000857830044 -0.05077100172638893 -0.005499999970197678
v -0.02880899980664253 -0.04989900067448616 -0.012550000101327896
v -0.02880899980664253 -0.04989900067448616 -0.005499999970197678
v -0.029999999329447743 -0.04958000034093857 -0.012550000101327896
v -0.029999999329447743 -0.04958000034093857 -0.005499999970197678
v -0.031191000714898106 -0.04989900067448616 -0.012550000101327896
v -0.031191000714898106 -0.04989900067448616 -0.005499999970197678
v -0.032062001526355736 -0.05077100172638893 -0.012550000101327896
v -0.032062001526355736 -0.05077100172638893 -0.005499999970197678
v -0.03238100185990333 -0.051961999386548996 -0.012550000101327896
v -0.03238100185990333 -0.051961999386548996 -0.005499999970197678
v -0.032062001526355736 -0.05315199866890907 -0.012550000101327896
v -0.032062001526355736 -0.05315199866890907 -0.005499999970197678
v -0.031191000714898106 -0.054023999720811844 -0.012550000101327896
v -0.031191000714898106 -0.054023999720811844 -0.005499999970197678
v -0.029999999329447743 -0.054343000054359436 -0.012550000101327896
v -0.029999999329447743 -0.054343000054359436 -0.005499999970197678
v -0.02880899980664253 -0.054023999720811844 -0.012550000101327896
v -0.02880899980664253 -0.054023999720811844 -0.005499999970197678
v 0.011768000200390814 0.024382999166846275 0.012338999658823013
v 0.021168999373912808 0.013666000217199326 0.004898999817669392
v 0.02995900064706802 0.028891000896692276 0.004898999817669392
v 0.0208550002425909 0.013314000330865383 0.005117999855428934
v 0.028316000476479527 0.029839999973773956 0.00800199992954731
v 0.020271999761462208 0.01256799977272749 0.005404000170528889
v 0.019742000848054882 0.011745000258088112 0.005499999970197678
v 0.012695999816060064 0.006289999932050705 0.009727999567985535
v 0.013027000240981577 0.005429999902844429 0.009103000164031982
v 0.013213000260293482 0.004495999775826931 0.00846800021827221
v 0.013279000297188757 0.003776000114157796 0.007991000078618526
v 0.013299999758601187 0.002073999959975481 0.006810999941080809
v 0.013131000101566313 0.00029399999766610563 0.005499999970197678
v 0.02596900053322315 0.03119499981403351 0.01042800024151802
v 0.01102199964225292 0.008452000096440315 0.011312000453472137
v 0.011851999908685682 0.007546000182628632 0.0106819998472929
v 0.012040000408887861 0.007321000099182129 0.01051000040024519
v 0.01212599966675043 0.0072119999676942825 0.010425999760627747
v 0.012562000192701815 0.0065449997782707214 0.00991899985820055
v 0.014914000406861304 0.02196899987757206 0.012350000441074371
v 0.014499999582767485 0.021650999784469604 0.012378999963402748
v 0.009739000350236891 0.009669000282883644 0.011970000341534615
v 0.015231999568641184 0.02238300070166588 0.012338999658823013
v 0.021732000634074208 0.03364099934697151 0.012338999658823013
v 0.023115999996662136 0.0328419990837574 0.011970999650657177
v 0.010122999548912047 0.009328000247478485 0.011807999573647976
v 0.013500000350177286 0.021383000537753105 0.01245999988168478
v 0.012985000386834143 0.021449999883770943 0.012489000335335732
v 0.009149000048637388 0.010157999582588673 0.012171999551355839
v 0.008998000063002108 0.01027700025588274 0.01221499964594841
v 0.01208600029349327 0.021967999637126923 0.012489000335335732
v 0.003503999905660748 0.013268999755382538 0.011970000341534615
v 0.004348000045865773 0.012953000143170357 0.012202000245451927
v 0.005539999809116124 0.012423999607563019 0.012419999577105045
v 0.0057089999318122855 0.012341000139713287 0.012439999729394913
v 0.012500000186264513 0.021650999784469604 0.012500000186264515
v 0.0068500000052154056 0.011726000346243382 0.012500000186264515
v 0.007947999984025953 0.011037999764084816 0.012424999848008156
v 0.011768000200390814 0.02238300070166588 0.01245999988168478
v 0.01150000002235174 0.02338300086557865 0.012378999963402748
v 0.011567999608814715 0.02389799989759922 0.012350000441074371
v 0.0006089999806135892 0.014037000015377998 0.0106819998472929
v 0.000897000019904226 0.01397900003939867 0.010847000405192375
v 0.0031439999584108587 0.013389999978244305 0.011851999908685684
v 0.002126999897882342 0.013690000399947166 0.011455000378191471
v -0.002410999964922666 0.013811999931931496 0.008681000210344791
v -0.0015089999651536343 0.014062000438570976 0.009313000366091728
v -0.0012469999492168424 0.01410400029271841 0.009492999874055386
v -0.0003250000008847564 0.014148999936878681 0.010106000117957592
v 0.00018099999579135326 0.014107000082731247 0.010425000451505184
v 0.0012499999720603225 0.025165999308228493 0.004898999817669392
v 0.001102000009268522 0.024715999141335487 0.005119000095874071
v 0.0007489999989047645 0.02384199947118759 0.005402999930083752
v 0.00030000001424923534 0.02297000028192997 0.005499999970197678
v -0.006310999859124421 0.011518999934196472 0.005499999970197678
v -0.005398999899625777 0.012195000424981117 0.006339999847114086
v -0.0033750000875443216 0.013384999707341194 0.007987000048160553
v -0.0027129999361932273 0.013690999709069729 0.00846800021827221
v 0.021732000634074208 0.03364099934697151 -0.0045830002054572105
v 0.022700000554323193 0.03308200091123581 -0.0039090001955628395
v 0.023901000618934628 0.03238900005817413 -0.0021689999848604202
v 0.024329999461770054 0.03214100003242493 0.0
v 0.023901000618934628 0.03238900005817413 0.0021689999848604202
v 0.022700000554323193 0.03308200091123581 0.0039090001955628395
v 0.021732000634074208 0.03364099934697151 0.0045830002054572105
v 0.008213000372052191 0.024174999445676804 0.0005000000237487257
v 0.0025619999505579467 0.02743699960410595 0.0005000000237487257
v 0.00819099973887205 0.0241870004683733 0.0
v 0.0025619999505579467 0.02743699960410595 -0.0005000000237487257
v 0.008213000372052191 0.024174999445676804 -0.0005000000237487257
v 0.012631000019609926 -0.0008239999879151583 -0.005499999970197678
v 0.012600000016391276 -0.0009180000051856041 -0.005499999970197678
v -0.007009000051766633 0.01054999977350235 -0.005499999970197678
v -0.007493000011891126 0.010045000351965427 -0.005499999970197678
v 0.012637999840080736 -0.0008040000102482736 0.005499999970197678
v 0.012598999775946139 -0.0009190000128000975 0.005499999970197678
v 0.012391000054776667 -0.0017170000355690718 0.005499999970197678
v -0.0070290002040565005 0.010525999590754509 0.005499999970197678
v -0.02267000079154968 -0.04726500064134598 -0.013500000350177288
v -0.023401999846100804 -0.046532999724149704 -0.013500000350177288
v 0.0015129999956116078 -0.009379000402987003 -0.013500000350177288
v -0.02240199968218803 -0.0482649989426136 -0.013500000350177288
v -0.021121000871062275 -0.048583000898361206 -0.013500000350177288
v -0.02267000079154968 -0.049265000969171524 -0.013500000350177288
v -0.02239900082349777 -0.057659998536109924 -0.013500000350177288
v -0.023734999820590016 -0.05910300090909004 -0.013500000350177288
v -0.02566999942064285 -0.0544620007276535 -0.013500000350177288
v -0.027182999998331066 -0.0560929998755455 -0.013500000350177288
v -0.02066400088369846 -0.05020600184798241 -0.013500000350177288
v -0.020501999184489247 -0.05216600000858307 -0.013500000350177288
v -0.031513001769781106 -0.04258299991488457 -0.013500000350177288
v -0.008879000321030615 -0.003378999885171652 -0.013500000350177288
v -0.02959799952805042 -0.043264999985694885 -0.013500000350177288
v 0.0034010000526905055 0.003664999967440963 -0.013500000350177288
v 0.0014740000478923319 0.004778000060468912 -0.013500000350177288
v 0.006225000135600566 0.00800899975001812 -0.013500000350177288
v -0.033401001244783395 -0.0556269995868206 -0.013500000350177288
v -0.03147400170564651 -0.056738998740911484 -0.013500000350177288
v -0.034749999642372124 -0.06018900126218796 -0.013500000350177288
v -0.029255000874400135 -0.05690599977970123 -0.013500000350177288
v -0.031034000217914578 -0.061404999345541 -0.013500000350177288
v -0.03295499831438064 -0.060989998281002045 -0.013500000350177288
v -0.02533899992704391 -0.060238998383283615 -0.013500000350177288
v -0.027141999453306195 -0.061021000146865845 -0.013500000350177288
v -0.029068000614643093 -0.06141600012779236 -0.013500000350177288
v 0.008453999646008013 0.004333999939262867 -0.013500000350177288
v 0.004654000047594308 0.0018269999418407679 -0.013500000350177288
v 0.007581000216305255 0.006025000009685755 -0.013500000350177288
v 0.0068660001270472995 0.007205000147223473 -0.013500000350177288
v -0.03778000175952911 -0.046509999781847 -0.013500000350177288
v -0.03649200126528739 -0.04502600058913231 -0.013500000350177288
v -0.03432999923825263 -0.04946200177073479 -0.013500000350177288
v -0.034986000508069985 -0.05158799886703491 -0.013500000350177288
v -0.03465399891138076 -0.05378799885511398 -0.013500000350177288
v -0.039275001734495156 -0.054016001522541046 -0.013500000350177288
v -0.036341998726129525 -0.05903499945998192 -0.013500000350177288
v -0.03766199946403503 -0.05757800117135048 -0.013500000350177288
v -0.03865399956703185 -0.05588100105524063 -0.013500000350177288
v -0.02074800059199333 -0.05411599949002266 -0.013500000350177288
v -0.021389000117778775 -0.055973999202251434 -0.013500000350177288
v 0.00421799998730421 0.00928799994289875 -0.013500000350177288
v 0.004978000186383723 0.008972999639809132 -0.013500000350177288
v 0.005590000189840793 0.008584000170230865 -0.013500000350177288
v -0.000745000026654452 0.00494399992749095 -0.013500000350177288
v -0.0004740000003948807 0.009487999603152275 -0.013500000350177288
v 0.0017620000289753077 0.009583000093698502 -0.013500000350177288
v 0.0021989999804645772 0.009580000303685665 -0.013500000350177288
v 0.0032929999288171525 0.009494000114500523 -0.013500000350177288
v -0.03949899971485137 -0.05206400156021118 -0.013500000350177288
v -0.039317000657320016 -0.050106000155210495 -0.013500000350177288
v -0.0387360006570816 -0.04822799935936928 -0.013500000350177288
v -0.030597999691963192 -0.043533001095056534 -0.013500000350177288
v -0.03133000060915946 -0.04426499828696251 -0.013500000350177288
v -0.033147998154163354 -0.04299800097942352 -0.013500000350177288
v -0.03492600098252296 -0.043838001787662506 -0.013500000350177288
v -0.007329999934881925 -0.004695999901741743 -0.013500000350177288
v -0.0065979999490082255 -0.005427999887615442 -0.013500000350177288
v -0.002817000029608607 0.004131000023335218 -0.013500000350177288
v -0.004313000012189149 0.008465000428259373 -0.013500000350177288
v -0.002447000006213784 0.009178999811410904 -0.013500000350177288
v -0.009188000112771986 0.00241499999538064 -0.013500000350177288
v -0.008480000309646128 0.004282999783754349 -0.013500000350177288
v -0.004329999908804893 0.0024999999441206455 -0.013500000350177288
v -0.007397000212222337 0.005960999988019466 -0.013500000350177288
v -0.005987000185996293 0.007375999819487333 -0.013500000350177288
v 0.00794900022447109 -0.00520299980416894 -0.013500000350177288
v 0.006684999912977218 -0.006750000175088644 -0.013500000350177288
v 0.004329999908804893 -0.0024999999441206455 -0.013500000350177288
v 0.00512599991634488 -0.007997999899089336 -0.013500000350177288
v 0.001329999999143183 -0.007695999927818775 -0.013500000350177288
v 0.0033410000614821907 -0.008892999961972237 -0.013500000350177288
v 0.0005980000132694839 -0.008427999913692474 -0.013500000350177288
v -0.00040200000512413675 -0.008696000091731548 -0.013500000350177288
v -0.0014019999653100965 -0.008427999913692474 -0.013500000350177288
v -0.007598000112920999 -0.0036959999706596136 -0.013500000350177288
v -0.007329999934881925 -0.002696000039577484 -0.013500000350177288
v -0.009371999651193617 -0.0015539999585598707 -0.013500000350177288
v -0.009490000084042547 0.0004400000034365803 -0.013500000350177288
v 0.00917300023138523 0.002469999948516488 -0.013500000350177288
v 0.009487000294029711 0.0004980000085197389 -0.013500000350177288
v 0.004985999781638383 -0.00037399999564513564 -0.013500000350177288
v 0.009380999952554701 -0.001496999990195036 -0.013500000350177288
v 0.008860999718308447 -0.0034260000102221966 -0.013500000350177288
v -0.028597999364137646 -0.043533001095056534 -0.013500000350177288
v -0.011970999650657175 -0.0030350000597536564 0.01143800001591444
v -0.011921999976038931 -0.00304200011305511 0.011567999608814716
v -0.012106000445783137 -0.0020069999154657125 0.011648000217974186
v -0.008891000412404535 -0.003378000110387802 0.013500000350177288
v -0.010505000129342077 -0.001740999985486269 0.013271999545395374
v -0.00985599961131811 -0.003289999905973673 0.013364999555051327
v -0.010800000280141829 -0.003186000045388937 0.012930000200867653
v -0.010653000324964522 -0.0032029999420046806 0.013021999970078468
v -0.010517000220715998 -0.0032190000638365746 0.013098999857902527
v -0.011700999923050402 -0.0030720001086592674 0.012001999653875828
v -0.011464999988675116 -0.0019000000320374966 0.012621000409126282
v -0.01151399966329336 -0.003097000066190958 0.012268999591469765
v -0.011425999924540518 -0.0031079999171197414 0.012376000173389912
v -0.011187000200152395 -0.0031389999203383923 0.012622999958693981
v -0.012126999907195566 -0.0030129998922348022 0.010653999634087086
v -0.005570999812334775 0.01093399990350008 0.011648000217974186
v -0.003161000087857246 0.011857000179588795 0.011648000217974186
v -0.002376999938860535 0.01220299955457449 0.011136000044643879
v -0.002619999926537275 0.01217500027269125 0.011024000123143196
v -0.0034529999829828735 0.012010999955236912 0.010631999932229519
v -0.007734000217169522 0.00952799990773201 0.011648000217974186
v -0.009554999880492685 0.007699999958276749 0.011648000217974186
v -0.010954000055789946 0.0055320002138614655 0.011648000217974186
v -0.011869000270962713 0.0031190000008791685 0.011648000217974186
v -0.01225799974054098 0.00056900002527982 0.011648000217974186
v -0.011609000153839586 0.0005389999714680016 0.012621000409126282
v -0.011239999905228613 0.0029539999086409807 0.012621000409126282
v -0.010373000055551527 0.005239000078290701 0.012621000409126282
v -0.009049000218510626 0.007292000111192465 0.012621000409126282
v -0.0073239998891949645 0.009022999554872513 0.012621000409126282
v -0.005276000127196311 0.010355000384151936 0.012621000409126282
v -0.0029939999803900714 0.011229000054299831 0.012621000409126282
v -0.0015089999651536343 0.012230000458657742 0.011516000144183636
v -0.0006070000235922634 0.012152000330388546 0.011873000301420689
v -0.0005770000279881059 0.01155100017786026 0.012675999663770199
v -0.0027429999317973848 0.01028900034725666 0.013271999545395374
v -0.004834000021219253 0.009487999603152275 0.013271999545395374
v -0.006711000110954045 0.008267000317573547 0.013271999545395374
v -0.008290999568998812 0.006680999882519245 0.013271999545395374
v -0.009504999965429304 0.004800000227987766 0.013271999545395374
v -0.010297999717295168 0.0027069998905062675 0.013271999545395374
v -0.010637000203132628 0.0004939999780617654 0.013271999545395374
v -0.0005290000117383896 0.010598000138998032 0.013286000117659569
v -0.031520001590251916 -0.042573001235723495 0.013500000350177288
v -0.03207900002598762 -0.041781000792980194 0.013364999555051327
v -0.03247100114822387 -0.04124400019645691 0.013098999857902527
v -0.03319000080227851 -0.040293000638484955 0.012001999653875828
v -0.03307500109076499 -0.040442001074552536 0.012268999591469765
v -0.03302099928259849 -0.04051300138235092 0.012376000173389912
v -0.032875999808311455 -0.04070400074124336 0.012622999958693981
v -0.03264100104570388 -0.041016001254320145 0.012930000200867653
v -0.032552998512983315 -0.041133999824523926 0.013021999970078468
v -0.03345400094985961 -0.03995199874043465 0.010653999634087086
v -0.03335700184106826 -0.040077000856399536 0.01143800001591444
v -0.03332699835300445 -0.040116000920534134 0.011567999608814716
v -0.0002530000056140124 0.012116000056266785 0.01197499968111515
v 0.001384999952279031 0.011284000240266323 0.012966999784111977
v 0.0035210000351071353 0.011389000341296196 0.012815999798476696
v 0.0022660000249743457 0.01172299962490797 0.012597999535501003
v 0.0011640000157058237 0.011931000277400017 0.01235199999064207
v 0.002924999920651316 0.010991999879479408 0.013128000311553478
v 0.004114000126719474 0.010648000054061413 0.013209999538958073
v 0.00472800014540553 0.010941999964416027 0.01295000035315752
v 0.0051060002297163 0.010242000222206116 0.013248000293970108
v 0.004896999802440404 0.010867999866604805 0.012962999753654003
v 0.0059170001186430446 0.009801999665796757 0.013255000114440918
v 0.006018999963998794 0.01029099989682436 0.013000000268220901
v 0.00677199987694621 0.009208999574184418 0.013232000172138214
v 0.0070719998329877845 0.009595000185072422 0.012954000383615494
v 0.00764800002798438 0.008444000035524368 0.013171999715268612
v 0.008059999905526636 0.00878200028091669 0.012822999618947506
v 0.00820100028067827 0.00865199975669384 0.012796999886631966
v 0.008527999743819235 0.007505999878048897 0.013062999583780766
v 0.009112999774515627 0.007720999885350466 0.012570999562740326
v 0.00884599983692169 0.007129000034183264 0.013011000119149685
v 0.009975000284612177 0.006692999973893166 0.012263000011444092
v 0.010292000137269495 0.005276000127196312 0.012675999663770199
v 0.010827999562025068 0.005549999885261059 0.011873000301420689
v 0.0014049999881535766 0.010471999645233154 0.013364000245928764
v 0.0028679999522864814 0.010293999686837196 0.013404999859631062
v 0.00397199997678399 0.01003700029104948 0.013426999561488628
v 0.004877999890595674 0.009700000286102295 0.013435999862849712
v 0.005605999846011399 0.009310999885201454 0.013438000343739986
v 0.006362999789416789 0.008763999678194523 0.013431999832391739
v 0.007127000018954276 0.008034000173211098 0.013416999951004982
v 0.007888000458478926 0.007116000168025494 0.013388999737799168
v 0.00816300045698881 0.00674099987372756 0.013375000096857548
v 0.009442999958992003 0.0048409998416900635 0.013286000117659569
v -0.01802900061011314 -0.048927001655101776 0.01143800001591444
v -0.01807799935340881 -0.048920001834630966 0.011567999608814716
v -0.017939999699592587 -0.0496940016746521 0.011648000217974186
v -0.02110899984836578 -0.048583999276161194 0.013500000350177288
v -0.020144000649452206 -0.04867200180888176 0.013364999555051327
v -0.018812999129295346 -0.048822999000549316 0.012622999958693981
v -0.01920000091195106 -0.04877600073814392 0.012930000200867653
v -0.0195349995046854 -0.04999399930238724 0.013271999545395374
v -0.01934700086712837 -0.04875800013542175 0.013021999970078468
v -0.019483000040054318 -0.04874299839138985 0.013098999857902527
v -0.018299000337719914 -0.048889998346567154 0.012001999653875828
v -0.018579000607132908 -0.04981499910354614 0.012621000409126282
v -0.018486000597476956 -0.048865001648664474 0.012268999591469765
v -0.018573999404907223 -0.04885299876332283 0.012376000173389912
v -0.01787300035357475 -0.048948001116514206 0.010653999634087086
v -0.03406700119376182 -0.040382999926805496 0.011648000217974186
v -0.0338510014116764 -0.04099699854850769 0.012621000409126282
v -0.03352899849414825 -0.04191499948501587 0.013271999545395374
v -0.04004999995231628 -0.044920001178979874 0.011648000217974186
v -0.038385998457670205 -0.04300199821591377 0.011648000217974186
v -0.036362998187541955 -0.041467998176813126 0.011648000217974186
v -0.04128399863839149 -0.0471390001475811 0.011648000217974186
v -0.04203499853610992 -0.04956499859690666 0.011648000217974186
v -0.04227099940180778 -0.05209299921989441 0.011648000217974186
v -0.04198100045323371 -0.05461600050330162 0.011648000217974186
v -0.04117799922823905 -0.0570250004529953 0.011648000217974186
v -0.03989699855446815 -0.059216998517513275 0.011648000217974186
v -0.0381920002400875 -0.06109900027513504 0.011648000217974186
v -0.036136001348495476 -0.06258899718523026 0.011648000217974186
v -0.03381700068712234 -0.06362400203943253 0.011648000217974186
v -0.03133499994874 -0.06415999680757523 0.011648000217974186
v -0.028796000406146046 -0.06417399644851685 0.011648000217974186
v -0.026308000087738034 -0.0636650025844574 0.011648000217974186
v -0.023979000747203823 -0.06265400350093842 0.011648000217974186
v -0.021906999871134755 -0.06118600070476532 0.011648000217974186
v -0.020182000473141667 -0.05932300165295601 0.011648000217974186
v -0.01887699961662292 -0.057144999504089355 0.011648000217974186
v -0.018047999590635296 -0.05474400147795677 0.011648000217974186
v -0.017730999737977978 -0.05222500115633011 0.011648000217974186
v -0.018380999565124508 -0.05221100151538849 0.012621000409126282
v -0.018681000918149945 -0.054597001522779465 0.012621000409126282
v -0.019465999677777287 -0.0568699985742569 0.012621000409126282
v -0.02070200070738792 -0.05893300101161003 0.012621000409126282
v -0.02233600057661533 -0.06069700047373772 0.012621000409126282
v -0.024297999218106266 -0.062088001519441605 0.012621000409126282
v -0.02650400064885616 -0.06304500252008438 0.012621000409126282
v -0.02886000089347362 -0.06352700293064117 0.012621000409126282
v -0.03126399964094161 -0.06351400166749954 0.012621000409126282
v -0.03361500054597854 -0.06300599873065948 0.012621000409126282
v -0.03581099957227706 -0.0620260015130043 0.012621000409126282
v -0.03775800019502639 -0.06061499938368797 0.012621000409126282
v -0.03937200084328651 -0.05883299931883812 0.012621000409126282
v -0.040585998445749276 -0.05675699934363365 0.012621000409126282
v -0.04134599864482879 -0.05447499826550484 0.012621000409126282
v -0.04162099957466125 -0.0520859993994236 0.012621000409126282
v -0.04139799997210502 -0.049692001193761826 0.012621000409126282
v -0.04068600013852119 -0.047394998371601105 0.012621000409126282
v -0.03951799869537353 -0.04529299959540367 0.012621000409126282
v -0.03794199973344802 -0.043476998805999756 0.012621000409126282
v -0.03602499887347221 -0.042024001479148865 0.012621000409126282
v -0.01935400068759918 -0.05218999832868576 0.013271999545395374
v -0.019628999754786488 -0.05437599867582321 0.013271999545395374
v -0.02034799940884113 -0.05645899847149849 0.013271999545395374
v -0.02148099988698959 -0.05834899842739105 0.013271999545395374
v -0.022978000342845913 -0.05996600165963173 0.013271999545395374
v -0.024775000289082524 -0.061239998787641525 0.013271999545395374
v -0.026797000318765637 -0.062116000801324844 0.013271999545395374
v -0.0289549995213747 -0.06255800276994705 0.013271999545395374
v -0.031159000471234318 -0.06254599988460541 0.013271999545395374
v -0.03331200033426284 -0.062081001698970795 0.013271999545395374
v -0.03532399982213973 -0.06118300184607506 0.013271999545395374
v -0.03710800036787986 -0.05988999828696251 0.013271999545395374
v -0.038587000221014016 -0.05825699865818024 0.013271999545395374
v -0.0396989993751049 -0.05635499954223633 0.013271999545395374
v -0.04039600118994712 -0.05426499992609024 0.013271999545395374
v -0.04064700007438659 -0.05207600072026253 0.013271999545395374
v -0.04044299945235252 -0.04988199844956398 0.013271999545395374
v -0.03979099914431571 -0.047777000814676285 0.013271999545395374
v -0.03872099891304969 -0.04585200175642967 0.013271999545395374
v -0.037276998162269585 -0.0441880002617836 0.013271999545395374
v -0.035521000623702996 -0.04285699874162674 0.013271999545395374
v 0.01122200023382902 0.0030219999607652426 0.012621000409126282
v 0.010998999699950216 0.005324000027030706 0.011765999719500542
v 0.002708999905735254 -0.011037000454962254 0.012849999591708183
v 0.0028760000132024284 -0.011257999576628208 0.012622999958693981
v 0.004087000153958797 -0.010878999717533588 0.012621000409126282
v 0.003385999938473105 -0.011921999976038933 0.011291000060737133
v 0.004315000027418136 -0.011487999930977821 0.011648000217974186
v 0.003356999950483441 -0.011885000392794609 0.01143800001591444
v 0.0030749998986721034 -0.01152000017464161 0.012268999591469765
v 0.0031260000541806217 -0.011586000211536884 0.012156999669969082
v 0.00319000007584691 -0.011668999679386616 0.012001000344753265
v 0.0021760000381618734 -0.0103150000795722 0.013313000090420246
v 0.002470999956130981 -0.010716999880969524 0.013098999857902527
v 0.0037440001033246513 -0.009968000464141369 0.013271999545395374
v 0.0026410000864416357 -0.010945999994874 0.012930000200867653
v 0.0020789999980479474 -0.010181000456213951 0.013364999555051327
v 0.0015200000489130614 -0.00938900001347065 0.013500000350177288
v 0.011957000009715555 0.0035550000611692667 0.010893999598920345
v 0.011614000424742697 0.004335000179708004 0.011281000450253487
v 0.011850000359117983 0.003191000083461404 0.011648000217974186
v 0.011485000140964983 0.0045739999040961266 0.01140000019222498
v 0.011168000288307665 0.00508299982175231 0.011649999767541885
v 0.012254999950528143 0.0006430000066757202 0.011648000217974186
v 0.006622000131756066 -0.010332000441849232 0.011648000217974186
v 0.008635999634861944 -0.008719000034034252 0.011648000217974186
v 0.010267999954521654 -0.006719999946653843 0.011648000217974186
v 0.011446000076830385 -0.004424999933689833 0.011648000217974186
v 0.012117999605834482 -0.0019340000580996275 0.011648000217974186
v 0.011605000123381613 0.0006089999806135893 0.012621000409126282
v 0.0114759998396039 -0.0018309999722987413 0.012621000409126282
v 0.010839999653398989 -0.004189999774098396 0.012621000409126282
v 0.00972399953752756 -0.006364000029861927 0.012621000409126282
v 0.008178000338375567 -0.008256999775767326 0.012621000409126282
v 0.006271000020205974 -0.009783999994397163 0.012621000409126282
v 0.0057459999807178965 -0.008964999578893185 0.013271999545395374
v 0.007493000011891126 -0.007565000094473362 0.013271999545395374
v 0.008909000083804129 -0.005830999929457903 0.013271999545395374
v 0.009932000190019606 -0.0038399999029934406 0.013271999545395374
v 0.010514999739825724 -0.001677999971434474 0.013271999545395374
v 0.010633000172674654 0.0005579999997280538 0.013271999545395374
v 0.010281999595463274 0.002768999896943569 0.013271999545395374
v 0.003356999950483441 -0.011885000392794609 -0.01143800001591444
v 0.0033269999548792835 -0.011845000088214874 -0.011567999608814716
v 0.004315000027418136 -0.011487999930977821 -0.011648000217974186
v 0.0015200000489130614 -0.00938900001347065 -0.013500000350177288
v 0.0037440001033246513 -0.009968000464141369 -0.013271999545395374
v 0.0020789999980479474 -0.010181000456213951 -0.013364999555051327
v 0.0026410000864416357 -0.010945999994874 -0.012930000200867653
v 0.00255300011485815 -0.01082799956202507 -0.013021999970078468
v 0.002470999956130981 -0.010718000121414661 -0.013098999857902527
v 0.00319000007584691 -0.011668999679386616 -0.012001999653875828
v 0.004087000153958797 -0.010878999717533588 -0.012621000409126282
v 0.0030749998986721034 -0.01152000017464161 -0.012268999591469765
v 0.0030209999531507488 -0.011448999866843224 -0.012376000173389912
v 0.0028760000132024284 -0.011257999576628208 -0.012622999958693981
v 0.003453999990597367 -0.012009000405669212 -0.010653999634087086
v 0.012254999950528143 0.0006430000066757202 -0.011648000217974186
v 0.011850000359117983 0.003191000083461404 -0.011648000217974186
v 0.011756000109016894 0.004042999818921089 -0.011136000044643879
v 0.011854000389575957 0.0038189999759197235 -0.011024000123143196
v 0.012128000147640703 0.003014999907463789 -0.010631999932229519
v 0.012117999605834482 -0.0019340000580996275 -0.011648000217974186
v 0.011446000076830385 -0.004424999933689833 -0.011648000217974186
v 0.010267999954521654 -0.006719999946653843 -0.011648000217974186
v 0.008635999634861944 -0.008719000034034252 -0.011648000217974186
v 0.006622000131756066 -0.010332000441849232 -0.011648000217974186
v 0.006271000020205974 -0.009783999994397163 -0.012621000409126282
v 0.008178000338375567 -0.008256999775767326 -0.012621000409126282
v 0.00972399953752756 -0.006364000029861927 -0.012621000409126282
v 0.010839999653398989 -0.004189999774098396 -0.012621000409126282
v 0.0114759998396039 -0.0018309999722987413 -0.012621000409126282
v 0.011605000123381613 0.0006089999806135893 -0.012621000409126282
v 0.01122200023382902 0.0030219999607652426 -0.012621000409126282
v 0.011346000246703623 0.004809000063687563 -0.011516000144183636
v 0.010827999562025068 0.005549999885261059 -0.011873000301420689
v 0.010292000137269495 0.005276000127196312 -0.012675999663770199
v 0.010281999595463274 0.002768999896943569 -0.013271999545395374
v 0.010633000172674654 0.0005579999997280538 -0.013271999545395374
v 0.010514999739825724 -0.001677999971434474 -0.013271999545395374
v 0.009932000190019606 -0.0038399999029934406 -0.013271999545395374
v 0.008909000083804129 -0.005830999929457903 -0.013271999545395374
v 0.007493000011891126 -0.007565000094473362 -0.013271999545395374
v 0.0057459999807178965 -0.008964999578893185 -0.013271999545395374
v 0.009442999958992003 0.0048409998416900635 -0.013286000117659569
v 0.01061899960041046 0.00583800021559 -0.01197499968111515
v 0.009080000221729277 0.0068419999442994595 -0.012966999784111977
v 0.00810199975967407 0.00874400045722723 -0.012815999798476696
v 0.009019999764859675 0.007823999971151352 -0.012597999535501003
v 0.009751000441610811 0.00697400001809001 -0.01235199999064207
v 0.0080570001155138 0.008028999902307987 -0.013128000311553478
v 0.007164000067859887 0.008887000381946564 -0.013209999538958073
v 0.007112000137567519 0.00956599973142147 -0.01295000035315752
v 0.006316000130027532 0.009542999789118767 -0.013248000293970108
v 0.006963000167161225 0.009674999862909317 -0.012962999753654003
v 0.005530000198632478 0.01002500019967556 -0.013255000114440918
v 0.005903000012040137 0.010358000174164772 -0.013000000268220901
v 0.00459000002592802 0.010468999855220318 -0.013232000172138214
v 0.004774000030010938 0.010923000052571297 -0.012954000383615494
v 0.003489000024273991 0.010844999924302101 -0.013171999715268612
v 0.0035759999882429834 0.011370999738574028 -0.012822999618947506
v 0.0033919999841600652 0.011428999714553356 -0.012796999886631966
v 0.0022360000293701883 0.011138999834656715 -0.013062999583780766
v 0.002129999920725822 0.011753000319004059 -0.012570999562740326
v 0.0017509999452158807 0.011226000264286995 -0.013011000119149685
v 0.0008079999824985861 0.011985000222921371 -0.012263000011444092
v -0.0005770000279881059 0.01155100017786026 -0.012675999663770199
v -0.0006070000235922634 0.012152000330388546 -0.011873000301420689
v 0.008365999907255171 0.006453000009059906 -0.013364000245928764
v 0.007480999920517205 0.0076299998909235 -0.013404999859631062
v 0.006705999840050935 0.008458999916911125 -0.013426999561488628
v 0.0059609999880194655 0.009073999710381031 -0.013435999862849712
v 0.005260000005364417 0.009510000236332417 -0.013438000343739986
v 0.004408000037074088 0.009891999885439873 -0.013431999832391739
v 0.003393999999389052 0.010188999585807323 -0.013416999951004982
v 0.002218999899923801 0.010389000177383423 -0.013388999737799168
v 0.0017559999832883475 0.010440000332891941 -0.013375000096857548
v -0.0005290000117383896 0.010598000138998032 -0.013286000117659569
v -0.02110899984836578 -0.048583999276161194 -0.013500000350177288
v -0.020144000649452206 -0.04867200180888176 -0.013364999555051327
v -0.018299000337719914 -0.048889998346567154 -0.012001999653875828
v -0.018486000597476956 -0.048865001648664474 -0.012268999591469765
v -0.018573999404907223 -0.04885299876332283 -0.012376000173389912
v -0.018812999129295346 -0.048822999000549316 -0.012622999958693981
v -0.01920000091195106 -0.04877600073814392 -0.012930000200867653
v -0.019483000040054318 -0.04874299839138985 -0.013098999857902527
v -0.01934700086712837 -0.04875800013542175 -0.013021999970078468
v -0.01787300035357475 -0.048948001116514206 -0.010653999634087086
v -0.01802900061011314 -0.048927001655101776 -0.01143800001591444
v -0.01807799935340881 -0.048920001834630966 -0.011567999608814716
v -0.0029939999803900714 0.011229000054299831 -0.012621000409126282
v -0.0008880000095814465 0.01218700036406517 -0.011765999719500542
v -0.010913000442087649 -0.00317199993878603 -0.012849999591708183
v -0.011187000200152395 -0.0031389999203383923 -0.012622999958693981
v -0.011464999988675116 -0.0019000000320374966 -0.012621000409126282
v -0.01201799977570772 -0.003028000006452203 -0.011291000060737133
v -0.012106000445783137 -0.0020069999154657125 -0.011648000217974186
v -0.011970999650657175 -0.0030350000597536564 -0.01143800001591444
v -0.01151399966329336 -0.003097000066190958 -0.012268999591469765
v -0.011597000062465666 -0.003085999982431531 -0.012156999669969082
v -0.011700999923050402 -0.0030720001086592674 -0.012001000344753265
v -0.010022000409662722 -0.0032730000093579292 -0.013313000090420246
v -0.01051599998027086 -0.0032190000638365746 -0.013098999857902527
v -0.010505000129342077 -0.001740999985486269 -0.013271999545395374
v -0.010800000280141829 -0.003186000045388937 -0.012930000200867653
v -0.00985599961131811 -0.003289999905973673 -0.013364999555051327
v -0.008891000412404535 -0.003378000110387802 -0.013500000350177288
v -0.0028999999631196256 0.012132000178098679 -0.010893999598920345
v -0.00205200002528727 0.012225000187754631 -0.011281000450253487
v -0.003161000087857246 0.011857000179588795 -0.011648000217974186
v -0.00178100005723536 0.012233000248670578 -0.01140000019222498
v -0.0011820000363513825 0.012214000336825848 -0.011649999767541885
v -0.005570999812334775 0.01093399990350008 -0.011648000217974186
v -0.01225799974054098 0.00056900002527982 -0.011648000217974186
v -0.011869000270962713 0.0031190000008791685 -0.011648000217974186
v -0.010954000055789946 0.0055320002138614655 -0.011648000217974186
v -0.009554999880492685 0.007699999958276749 -0.011648000217974186
v -0.007734000217169522 0.00952799990773201 -0.011648000217974186
v -0.005276000127196311 0.010355000384151936 -0.012621000409126282
v -0.0073239998891949645 0.009022999554872513 -0.012621000409126282
v -0.009049000218510626 0.007292000111192465 -0.012621000409126282
v -0.010373000055551527 0.005239000078290701 -0.012621000409126282
v -0.011239999905228613 0.0029539999086409807 -0.012621000409126282
v -0.011609000153839586 0.0005389999714680016 -0.012621000409126282
v -0.010637000203132628 0.0004939999780617654 -0.013271999545395374
v -0.010297999717295168 0.0027069998905062675 -0.013271999545395374
v -0.009504999965429304 0.004800000227987766 -0.013271999545395374
v -0.008290999568998812 0.006680999882519245 -0.013271999545395374
v -0.006711000110954045 0.008267000317573547 -0.013271999545395374
v -0.004834000021219253 0.009487999603152275 -0.013271999545395374
v -0.0027429999317973848 0.01028900034725666 -0.013271999545395374
v -0.03335700184106826 -0.040077000856399536 -0.01143800001591444
v -0.03332699835300445 -0.040116000920534134 -0.011567999608814716
v -0.03406700119376182 -0.040382999926805496 -0.011648000217974186
v -0.031520001590251916 -0.042573001235723495 -0.013500000350177288
v -0.03207900002598762 -0.041781000792980194 -0.013364999555051327
v -0.032875999808311455 -0.04070400074124336 -0.012622999958693981
v -0.03264100104570388 -0.041016001254320145 -0.012930000200867653
v -0.03352899849414825 -0.04191499948501587 -0.013271999545395374
v -0.032552998512983315 -0.041133999824523926 -0.013021999970078468
v -0.03247100114822387 -0.04124400019645691 -0.013098999857902527
v -0.03319000080227851 -0.040293000638484955 -0.012001999653875828
v -0.0338510014116764 -0.04099699854850769 -0.012621000409126282
v -0.03307500109076499 -0.040442001074552536 -0.012268999591469765
v -0.03302099928259849 -0.04051300138235092 -0.012376000173389912
v -0.03345400094985961 -0.03995199874043465 -0.010653999634087086
v -0.017939999699592587 -0.0496940016746521 -0.011648000217974186
v -0.018579000607132908 -0.04981499910354614 -0.012621000409126282
v -0.0195349995046854 -0.04999399930238724 -0.013271999545395374
v -0.01887699961662292 -0.057144999504089355 -0.011648000217974186
v -0.018047999590635296 -0.05474400147795677 -0.011648000217974186
v -0.017730999737977978 -0.05222500115633011 -0.011648000217974186
v -0.020182000473141667 -0.05932300165295601 -0.011648000217974186
v -0.021906999871134755 -0.06118600070476532 -0.011648000217974186
v -0.023979000747203823 -0.06265400350093842 -0.011648000217974186
v -0.026308000087738034 -0.0636650025844574 -0.011648000217974186
v -0.028796000406146046 -0.06417399644851685 -0.011648000217974186
v -0.03133499994874 -0.06415999680757523 -0.011648000217974186
v -0.03381700068712234 -0.06362400203943253 -0.011648000217974186
v -0.036136001348495476 -0.06258899718523026 -0.011648000217974186
v -0.0381920002400875 -0.06109900027513504 -0.011648000217974186
v -0.03989699855446815 -0.059216998517513275 -0.011648000217974186
v -0.04117799922823905 -0.0570250004529953 -0.011648000217974186
v -0.04198100045323371 -0.05461600050330162 -0.011648000217974186
v -0.04227099940180778 -0.05209299921989441 -0.011648000217974186
v -0.04203499853610992 -0.04956499859690666 -0.011648000217974186
v -0.04128399863839149 -0.0471390001475811 -0.011648000217974186
v -0.04004999995231628 -0.044920001178979874 -0.011648000217974186
v -0.038385998457670205 -0.04300199821591377 -0.011648000217974186
v -0.036362998187541955 -0.041467998176813126 -0.011648000217974186
v -0.03602499887347221 -0.042024001479148865 -0.012621000409126282
v -0.03794199973344802 -0.043476998805999756 -0.012621000409126282
v -0.03951799869537353 -0.04529299959540367 -0.012621000409126282
v -0.04068600013852119 -0.047394998371601105 -0.012621000409126282
v -0.04139799997210502 -0.049692001193761826 -0.012621000409126282
v -0.04162099957466125 -0.0520859993994236 -0.012621000409126282
v -0.04134599864482879 -0.05447499826550484 -0.012621000409126282
v -0.040585998445749276 -0.05675699934363365 -0.012621000409126282
v -0.03937200084328651 -0.05883299931883812 -0.012621000409126282
v -0.03775800019502639 -0.06061499938368797 -0.012621000409126282
v -0.03581099957227706 -0.0620260015130043 -0.012621000409126282
v -0.03361500054597854 -0.06300599873065948 -0.012621000409126282
v -0.03126399964094161 -0.06351400166749954 -0.012621000409126282
v -0.02886000089347362 -0.06352700293064117 -0.012621000409126282
v -0.02650400064885616 -0.06304500252008438 -0.012621000409126282
v -0.024297999218106266 -0.062088001519441605 -0.012621000409126282
v -0.02233600057661533 -0.06069700047373772 -0.012621000409126282
v -0.02070200070738792 -0.05893300101161003 -0.012621000409126282
v -0.019465999677777287 -0.0568699985742569 -0.012621000409126282
v -0.018681000918149945 -0.054597001522779465 -0.012621000409126282
v -0.018380999565124508 -0.05221100151538849 -0.012621000409126282
v -0.035521000623702996 -0.04285699874162674 -0.013271999545395374
v -0.037276998162269585 -0.0441880002617836 -0.013271999545395374
v -0.03872099891304969 -0.04585200175642967 -0.013271999545395374
v -0.03979099914431571 -0.047777000814676285 -0.013271999545395374
v -0.04044299945235252 -0.04988199844956398 -0.013271999545395374
v -0.04064700007438659 -0.05207600072026253 -0.013271999545395374
v -0.04039600118994712 -0.05426499992609024 -0.013271999545395374
v -0.0396989993751049 -0.05635499954223633 -0.013271999545395374
v -0.038587000221014016 -0.05825699865818024 -0.013271999545395374
v -0.03710800036787986 -0.05988999828696251 -0.013271999545395374
v -0.03532399982213973 -0.06118300184607506 -0.013271999545395374
v -0.03331200033426284 -0.062081001698970795 -0.013271999545395374
v -0.031159000471234318 -0.06254599988460541 -0.013271999545395374
v -0.0289549995213747 -0.06255800276994705 -0.013271999545395374
v -0.026797000318765637 -0.062116000801324844 -0.013271999545395374
v -0.024775000289082524 -0.061239998787641525 -0.013271999545395374
v -0.022978000342845913 -0.05996600165963173 -0.013271999545395374
v -0.02148099988698959 -0.05834899842739105 -0.013271999545395374
v -0.02034799940884113 -0.05645899847149849 -0.013271999545395374
v -0.019628999754786488 -0.05437599867582321 -0.013271999545395374
v -0.01935400068759918 -0.05218999832868576 -0.013271999545395374
v -0.005646999925374984 0.011397000402212143 0.007046000100672245
v -0.0030259999912232156 0.01253500021994114 0.009341999888420105
v -0.0027479999698698516 0.012640999630093575 0.009504999965429306
v -0.0019130000146105883 0.012869000434875488 0.009991999715566635
v -0.0016700000269338486 0.012911000289022923 0.010130999609827995
v -0.0008089999901130794 0.012977000325918198 0.010611999779939651
v 7.799999730195849e-05 0.012915999628603458 0.011074000038206577
v 0.00039100000867620105 0.012884999625384808 0.011214000172913074
v 0.001687000039964914 0.01269999984651804 0.011731999926269054
v 0.0027290000580251213 0.012474999763071537 0.012071000412106514
v 0.003942000214010476 0.012112000025808811 0.012370999902486801
v 0.005129000172019004 0.011641000397503376 0.012558000162243843
v 0.005295999813824891 0.011563999578356743 0.012575999833643436
v 0.006415999960154294 0.010976999998092651 0.012628000229597092
v 0.007476999890059232 0.01029099989682436 0.012563000433146954
v 0.008476000279188154 0.00950700044631958 0.012381999753415585
v 0.008619000203907488 0.009383000433444977 0.01234500017017126
v 0.009530999697744845 0.008504999801516533 0.012032999657094479
v 0.010369000025093554 0.0075530000030994415 0.011610000394284725
v 0.01114699989557266 0.006525000091642141 0.011074000038206577
v 0.011312000453472136 0.006302999798208475 0.010935000143945217
v 0.011772000230848787 0.005551000125706196 0.010464999824762344
v 0.011889999732375143 0.0053079999051988125 0.010313999839127064
v 0.012187999673187731 0.004503999836742878 0.009828999638557434
v 0.012368000112473963 0.003647000063210726 0.009341999888420105
v 0.012675000354647635 0.0014120000414550304 0.0075599998235702515
v 0.012675000354647635 0.0014120000414550304 -0.0075599998235702515
v 0.012368000112473963 0.003647000063210726 -0.009341999888420105
v 0.012320999987423418 0.00394099997356534 -0.009504999965429306
v 0.012102000415325163 0.004778000060468912 -0.009991999715566635
v 0.012016999535262583 0.005009000189602375 -0.010130999609827995
v 0.011641999706625937 0.005787999834865332 -0.010611999779939651
v 0.01114699989557266 0.006525000091642141 -0.011074000038206577
v 0.01096300035715103 0.006781000178307295 -0.011214000172913074
v 0.010154999792575834 0.007811000104993582 -0.011731999926269054
v 0.00943899992853403 0.008600999601185322 -0.012071000412106514
v 0.008519000373780726 0.009469999931752682 -0.012370999902486801
v 0.007517000194638967 0.010262000374495983 -0.012558000162243843
v 0.007366999983787536 0.010369000025093555 -0.012575999833643436
v 0.006298999767750501 0.011044999584555626 -0.012628000229597092
v 0.005173999816179275 0.011620000004768372 -0.012563000433146954
v 0.003996000159531831 0.012094000354409218 -0.012381999753415585
v 0.0038169999606907363 0.012155000120401382 -0.01234500017017126
v 0.002600000007078051 0.012507000006735325 -0.012032999657094479
v 0.001355999964289367 0.01275699958205223 -0.011610000394284725
v 7.799999730195849e-05 0.012915999628603458 -0.011074000038206577
v -0.0001979999942705035 0.012947999872267246 -0.010935000143945217
v -0.0010789999505504964 0.012969999574124813 -0.010464999824762344
v -0.0013480000197887418 0.012950999662280083 -0.010313999839127064
v -0.002192999934777617 0.012807000428438187 -0.009828999638557434
v -0.0030259999912232156 0.01253500021994114 -0.009341999888420105
v -0.005646999925374984 0.011397000402212143 -0.007046000100672245
v 0.009150999598205088 0.022081000730395317 0.003911000210791826
v 0.009232000447809694 0.021895000711083412 0.004035999998450279
v 0.0018299999646842478 0.026169000193476677 0.004035999998450279
v 0.016648000106215474 0.019216999411582947 0.0013680000556632876
v 0.022290000692009922 0.015607999637722969 0.0024129999801516533
v 0.016279000788927075 0.019185999408364296 0.0021689999848604202
v 0.015407999977469443 0.019075000658631325 0.0032420000061392784
v 0.0217480007559061 0.014669000171124935 0.004035999998450279
v 0.01455000042915344 0.01896600052714348 0.0039090001955628395
v 0.009681999683380125 0.020951999351382256 0.004540999885648489
v 0.010267999954521654 0.020010000094771385 0.004875000100582838
v 0.011111999861896036 0.0192440003156662 0.004999999888241291
v 0.012195000424981116 0.018897999078035355 0.004875000100582838
v 0.013306999579071997 0.01886099949479103 0.004540999885648489
v 0.0023719999007880683 0.027108000591397285 0.0024129999801516533
v 0.00831799954175949 0.02402699925005436 0.0013640000252053142
v 0.008476999588310717 0.02368899993598461 0.002174000022932887
v 0.008538999594748018 0.02354699932038784 0.0024129999801516533
v 0.00881499983370304 0.022880999371409416 0.0032420000061392784
v 0.01454699970781803 0.01896600052714348 -0.003911000210791826
v 0.01434499956667423 0.018943000584840775 -0.004035999998450279
v 0.0217480007559061 0.014669000171124935 -0.004035999998450279
v 0.011110000312328337 0.019245000556111336 -0.004999999888241291
v 0.013305000029504297 0.01886099949479103 -0.004540999885648489
v 0.012195000424981116 0.018897999078035355 -0.004875000100582838
v 0.010267999954521654 0.020010000094771385 -0.004875000100582838
v 0.009681000374257563 0.020955000072717667 -0.004540999885648489
v 0.0018299999646842478 0.026169000193476677 -0.004035999998450279
v 0.00831799954175949 0.02402600087225437 -0.0013680000556632876
v 0.0023719999007880683 0.027108000591397285 -0.0024129999801516533
v 0.009150000289082525 0.022082999348640442 -0.0039090001955628395
v 0.00881499983370304 0.022881999611854553 -0.0032420000061392784
v 0.008476000279188154 0.023691000416874886 -0.0021689999848604202
v 0.022290000692009922 0.015607999637722969 -0.0024129999801516533
v 0.01664900034666061 0.019216999411582947 -0.0013640000252053142
v 0.016276000067591664 0.019185999408364296 -0.002174000022932887
v 0.016123000532388684 0.019168000668287277 -0.0024129999801516533
v 0.015407999977469443 0.019075000658631325 -0.0032420000061392784
v 0.011768000200390814 0.024382999166846275 -0.0045830002054572105
v 0.015231999568641184 0.02238300070166588 0.0045830002054572105
v 0.011567999608814715 0.023899000138044357 0.004612000193446875
v 0.01150000002235174 0.02338300086557865 0.004689999856054783
v 0.011768000200390814 0.024382999166846275 0.0045830002054572105
v 0.012984000146389006 0.021449999883770943 0.004972999915480614
v 0.012500000186264513 0.021650999784469604 0.004999999888241291
v 0.012082999572157858 0.021971000358462334 0.004972999915480614
v 0.011768000200390814 0.02238300070166588 0.004898999817669392
v 0.013500999659299849 0.021383000537753105 0.004898999817669392
v 0.013632999733090399 0.021386999636888504 0.004875000100582838
v 0.014499999582767485 0.021650999784469604 0.004689999856054783
v 0.014910999685525892 0.02196500077843666 0.004612000193446875
v 0.021891999989747998 0.028071999549865723 0.0008750000270083547
v 0.021433999761939045 0.02759600058197975 0.0015160000184550881
v 0.021173000335693356 0.027261000126600266 0.0016899999463930726
v 0.020927000790834423 0.026878999546170235 0.0017500000540167093
v 0.020718999207019802 0.02647400088608265 0.0016899999463930726
v 0.020558999851346012 0.026079999282956123 0.0015160000184550881
v 0.02037600055336952 0.025446999818086624 0.0008750000270083547
v 0.020338000729680058 0.025266999378800392 0.000455000001238659
v 0.020338000729680058 0.025266999378800392 -0.00045399999362416565
v 0.020325999706983563 0.02520499937236309 0.0
v 0.02037600055336952 0.025446999818086624 -0.0008750000270083547
v 0.020558999851346012 0.026079999282956123 -0.0015160000184550881
v 0.020718000829219815 0.02647400088608265 -0.0016899999463930726
v 0.021433999761939045 0.02759600058197975 -0.0015160000184550881
v 0.021173000335693356 0.027261000126600266 -0.0016899999463930726
v 0.020927000790834423 0.026878999546170235 -0.0017500000540167093
v 0.021891999989747998 0.028071999549865723 -0.0008750000270083547
v 0.022027999162673947 0.028193999081850052 -0.00045399999362416565
v 0.02207599952816963 0.02823599986732006 0.0
v 0.022027999162673947 0.028193999081850052 0.00045399999362416565
v 0.014913000166416166 0.021966999396681786 -0.004612000193446875
v 0.014499999582767485 0.021650999784469604 -0.004689999856054783
v 0.015231999568641184 0.02238300070166588 -0.0045830002054572105
v 0.012085000053048132 0.021970000118017197 -0.004972999915480614
v 0.012500000186264513 0.021650999784469604 -0.004999999888241291
v 0.012985999695956705 0.021449999883770943 -0.004972999915480614
v 0.013500000350177286 0.021383000537753105 -0.004898999817669392
v 0.011768000200390814 0.02238300070166588 -0.004898999817669392
v 0.011704999953508375 0.02250000089406967 -0.004875000100582838
v 0.01150000002235174 0.02338300086557865 -0.004689999856054783
v 0.011567000299692152 0.023895999416708946 -0.004612000193446875
v 0.005795000120997428 0.033038001507520676 -0.0012890000361949205
v 0.005795000120997428 0.033038001507520676 0.0012890000361949205
v 0.00691099977120757 0.0349700003862381 -0.0025770000647753477
v 0.008027000352740286 0.03690300136804581 0.0012890000361949205
v 0.007555000018328427 0.03608600050210953 0.0022319999989122152
v 0.00691099977120757 0.0349700003862381 0.0025770000647753477
v 0.006266999989748 0.03385400027036667 0.0022319999989122152
v 0.00562300020828843 0.03273800015449524 0.0
v 0.006266999989748 0.03385400027036667 -0.0022319999989122152
v 0.007555000018328427 0.03608600050210953 -0.0022319999989122152
v 0.008027000352740286 0.03690300136804581 -0.0012890000361949205
v 0.008200000040233133 0.03720200061798096 0.0
v 0.028237000107765194 0.025908000767230988 -0.0016250000335276127
v 0.027642000466585156 0.0248780008405447 -0.0028150000143796206
v 0.02683000080287456 0.023469999432563782 -0.0032500000670552254
v 0.028455000370740887 0.026285000145435333 0.0
v 0.028237000107765194 0.025908000767230988 0.0016250000335276127
v 0.02601700089871883 0.02206300012767315 -0.0028150000143796206
v 0.025421999394893643 0.021033000200986862 -0.0016250000335276127
v 0.025421999394893643 0.021033000200986862 0.0016250000335276127
v 0.02601700089871883 0.02206300012767315 0.0028150000143796206
v 0.02683000080287456 0.023469999432563782 0.0032500000670552254
v 0.027642000466585156 0.0248780008405447 0.0028150000143796206
v 0.025204999372363087 0.020656000822782516 0.0
v -0.023401999846100804 -0.046532999724149704 -0.012550000101327896
v -0.028597999364137646 -0.043533001095056534 -0.012550000101327896
v -0.02959799952805042 -0.043264999985694885 -0.012550000101327896
v -0.033401001244783395 -0.0556269995868206 -0.012550000101327896
v -0.03465399891138076 -0.05378799885511398 -0.012550000101327896
v -0.034986000508069985 -0.05158799886703491 -0.012550000101327896
v -0.03432999923825263 -0.04946200177073479 -0.012550000101327896
v -0.03133000060915946 -0.04426499828696251 -0.012550000101327896
v -0.030597999691963192 -0.043533001095056534 -0.012550000101327896
v -0.02267000079154968 -0.04726500064134598 -0.012550000101327896
v -0.02240199968218803 -0.0482649989426136 -0.012550000101327896
v -0.02267000079154968 -0.049265000969171524 -0.012550000101327896
v -0.02566999942064285 -0.0544620007276535 -0.012550000101327896
v -0.027182999998331066 -0.0560929998755455 -0.012550000101327896
v -0.029255000874400135 -0.05690599977970123 -0.012550000101327896
v -0.03147400170564651 -0.056738998740911484 -0.012550000101327896
v -0.0065979999490082255 -0.005427999887615442 -0.012550000101327896
v -0.0014019999653100965 -0.008427999913692474 -0.012550000101327896
v -0.00040200000512413675 -0.008696000091731548 -0.012550000101327896
v 0.0034010000526905055 0.003664999967440963 -0.012550000101327896
v 0.004654000047594308 0.0018269999418407679 -0.012550000101327896
v 0.004985999781638383 -0.00037399999564513564 -0.012550000101327896
v 0.004329999908804893 -0.0024999999441206455 -0.012550000101327896
v 0.001329999999143183 -0.007695999927818775 -0.012550000101327896
v 0.0005980000132694839 -0.008427999913692474 -0.012550000101327896
v -0.007329999934881925 -0.004695999901741743 -0.012550000101327896
v -0.007598000112920999 -0.0036959999706596136 -0.012550000101327896
v -0.007329999934881925 -0.002696000039577484 -0.012550000101327896
v -0.004329999908804893 0.0024999999441206455 -0.012550000101327896
v -0.002817000029608607 0.004131000023335218 -0.012550000101327896
v -0.000745000026654452 0.00494399992749095 -0.012550000101327896
v 0.0014740000478923319 0.004778000060468912 -0.012550000101327896
v -0.03465399891138076 -0.05378799885511398 0.012550000101327896
v -0.034986000508069985 -0.05158799886703491 0.012550000101327896
v -0.03432999923825263 -0.04946200177073479 0.012550000101327896
v -0.03133000060915946 -0.04426499828696251 0.012550000101327896
v -0.030597999691963192 -0.043533001095056534 0.012550000101327896
v -0.02959799952805042 -0.043264999985694885 0.012550000101327896
v -0.02267000079154968 -0.04726500064134598 0.012550000101327896
v -0.023401999846100804 -0.046532999724149704 0.012550000101327896
v -0.028597999364137646 -0.043533001095056534 0.012550000101327896
v -0.033401001244783395 -0.0556269995868206 0.012550000101327896
v -0.03147400170564651 -0.056738998740911484 0.012550000101327896
v -0.029255000874400135 -0.05690599977970123 0.012550000101327896
v -0.027182999998331066 -0.0560929998755455 0.012550000101327896
v -0.02566999942064285 -0.0544620007276535 0.012550000101327896
v -0.02267000079154968 -0.049265000969171524 0.012550000101327896
v -0.02240199968218803 -0.0482649989426136 0.012550000101327896
v -0.007329999934881925 -0.004695999901741743 0.012550000101327896
v -0.0065979999490082255 -0.005427999887615442 0.012550000101327896
v -0.0014019999653100965 -0.008427999913692474 0.012550000101327896
v 0.0014740000478923319 0.004778000060468912 0.012550000101327896
v -0.000745000026654452 0.00494399992749095 0.012550000101327896
v -0.002817000029608607 0.004131000023335218 0.012550000101327896
v -0.004329999908804893 0.0024999999441206455 0.012550000101327896
v -0.007329999934881925 -0.002696000039577484 0.012550000101327896
v -0.007598000112920999 -0.0036959999706596136 0.012550000101327896
v -0.00040200000512413675 -0.008696000091731548 0.012550000101327896
v 0.0005980000132694839 -0.008427999913692474 0.012550000101327896
v 0.001329999999143183 -0.007695999927818775 0.012550000101327896
v 0.004329999908804893 -0.0024999999441206455 0.012550000101327896
v 0.004985999781638383 -0.00037399999564513564 0.012550000101327896
v 0.004654000047594308 0.0018269999418407679 0.012550000101327896
v 0.0034010000526905055 0.003664999967440963 0.012550000101327896
v 0.02477299980819225 0.022908000275492668 0.0008750000270083547
v 0.02509300038218498 0.023462999612092972 0.0015160000184550881
v 0.02553099952638149 0.024219999089837074 0.0017500000540167093
v 0.024655999615788456 0.022704999893903732 0.0
v 0.02477299980819225 0.022908000275492668 -0.0008750000270083547
v 0.02509300038218498 0.023462999612092972 -0.0015160000184550881
v 0.02553099952638149 0.024219999089837074 -0.0017500000540167093
v 0.02596800029277801 0.024978000670671463 -0.0015160000184550881
v 0.02628800086677074 0.025533000007271767 -0.0008750000270083547
v 0.02596800029277801 0.024978000670671463 0.0015160000184550881
v 0.02628800086677074 0.025533000007271767 0.0008750000270083547
v 0.026405999436974522 0.025736000388860703 0.0
v 0.011006999760866163 0.03406500071287155 0.002188999904319644
v 0.011470000259578226 0.03486600145697594 0.0012639999622479081
v 0.0116389999166131 0.035158999264240265 0.0
v 0.011470000259578226 0.03486600145697594 -0.0012639999622479081
v 0.011006999760866163 0.03406500071287155 -0.002188999904319644
v 0.010374999605119227 0.03297000005841255 -0.002526999916881323
v 0.009743000380694864 0.03187600150704384 -0.002188999904319644
v 0.009281000122427939 0.031075000762939453 -0.0012639999622479081
v 0.009112000465393065 0.030781999230384827 0.0
v 0.009281000122427939 0.031075000762939453 0.0012639999622479081
v 0.009743000380694864 0.03187600150704384 0.002188999904319644
v 0.010374999605119227 0.03297000005841255 0.002526999916881323
v 0.00815100036561489 0.034255001693964005 0.002526999916881323
v 0.008782999590039252 0.03534900024533272 0.002188999904319644
v 0.009246000088751314 0.0361500009894371 0.0012639999622479081
v 0.009414999745786188 0.03644299879670143 0.0
v 0.009246000088751314 0.0361500009894371 -0.0012639999622479081
v 0.008782999590039252 0.03534900024533272 -0.002188999904319644
v 0.00815100036561489 0.034255001693964005 -0.002526999916881323
v 0.007519000209867953 0.033160001039505005 -0.002188999904319644
v 0.007056999951601028 0.03235900029540062 -0.0012639999622479081
v 0.006887999828904866 0.03206599876284599 0.0
v 0.007056999951601028 0.03235900029540062 0.0012639999622479081
v 0.007519000209867953 0.033160001039505005 0.002188999904319644
f 1 2 3
f 4 5 6
f 4 6 7
f 5 4 8
f 8 4 9
f 8 9 10
f 10 9 11
f 11 9 12
f 11 12 13
f 3 2 12
f 12 2 14
f 12 14 13
f 1 3 15
f 15 3 16
f 15 16 17
f 17 16 18
f 17 18 19
f 19 18 20
f 20 18 21
f 20 21 22
f 22 21 23
f 23 21 24
f 23 24 25
f 25 24 26
f 26 24 27
f 26 27 28
f 29 30 27
f 27 30 31
f 27 31 28
f 6 32 7
f 7 32 33
f 7 33 34
f 34 33 35
f 34 35 29
f 29 35 36
f 29 36 30
f 37 38 39
f 39 38 40
f 40 38 41
f 40 41 42
f 43 44 45
f 45 44 46
f 45 46 47
f 48 49 50
f 50 51 48
f 48 51 52
f 48 52 53
f 54 55 39
f 39 55 56
f 39 56 37
f 43 57 44
f 44 57 58
f 44 58 59
f 59 58 50
f 59 50 60
f 60 50 49
f 53 61 48
f 48 61 62
f 48 62 63
f 63 62 64
f 63 64 65
f 65 66 63
f 63 66 67
f 63 67 68
f 68 67 55
f 68 55 69
f 69 55 54
f 70 71 72
f 73 74 75
f 75 74 76
f 75 76 77
f 72 71 78
f 78 71 79
f 78 79 80
f 81 82 83
f 83 82 84
f 73 85 74
f 74 85 86
f 74 86 87
f 87 86 88
f 87 88 89
f 84 82 88
f 88 82 90
f 88 90 89
f 81 91 82
f 82 91 92
f 82 92 93
f 93 92 94
f 93 94 95
f 96 97 72
f 72 97 98
f 72 98 70
f 95 99 93
f 93 99 100
f 93 100 101
f 101 100 97
f 101 97 102
f 102 97 96
f 103 104 105
f 106 107 108
f 109 108 110
f 110 108 107
f 110 107 111
f 111 107 112
f 111 112 113
f 113 112 114
f 113 114 115
f 106 108 116
f 116 108 103
f 116 103 115
f 115 103 105
f 115 105 113
f 117 118 119
f 120 121 122
f 122 121 123
f 122 123 124
f 124 123 125
f 124 125 126
f 127 128 121
f 121 128 129
f 121 129 123
f 126 130 124
f 124 130 131
f 124 131 132
f 132 131 133
f 132 133 134
f 134 135 132
f 132 135 118
f 132 118 136
f 136 118 117
f 136 117 137
f 119 138 117
f 117 138 139
f 117 139 121
f 121 139 140
f 121 140 127
f 141 39 40
f 141 40 142
f 142 40 76
f 142 76 74
f 143 144 145
f 145 144 146
f 147 148 149
f 150 151 148
f 148 151 152
f 148 152 149
f 153 154 150
f 150 154 155
f 150 155 151
f 144 156 146
f 146 156 157
f 146 157 153
f 153 157 158
f 153 158 154
f 143 145 159
f 159 145 160
f 159 160 161
f 160 162 161
f 161 162 163
f 161 163 63
f 164 165 166
f 166 165 167
f 166 167 168
f 168 167 169
f 168 169 170
f 170 169 147
f 170 147 171
f 171 147 149
f 163 172 63
f 63 172 173
f 63 173 48
f 48 173 174
f 48 174 164
f 164 174 175
f 164 175 165
f 161 63 68
f 161 68 176
f 176 68 69
f 176 69 177
f 177 69 54
f 177 54 178
f 178 54 39
f 178 39 141
f 179 72 78
f 179 78 180
f 180 78 46
f 180 46 44
f 180 44 59
f 180 59 181
f 181 59 60
f 181 60 182
f 182 60 49
f 182 49 183
f 183 49 48
f 183 48 164
f 184 185 186
f 187 188 186
f 186 188 189
f 186 189 184
f 190 191 192
f 192 191 193
f 192 194 190
f 190 194 195
f 190 195 187
f 187 195 196
f 187 196 188
f 191 197 193
f 193 197 198
f 193 198 93
f 198 199 93
f 93 199 200
f 93 200 82
f 82 200 201
f 82 201 202
f 203 204 205
f 184 206 185
f 185 206 207
f 185 207 204
f 204 207 208
f 204 208 205
f 201 209 202
f 202 209 210
f 202 210 211
f 211 210 212
f 211 212 213
f 213 212 214
f 213 214 215
f 215 214 203
f 215 203 216
f 216 203 205
f 142 74 87
f 142 87 217
f 217 87 89
f 217 89 218
f 218 89 90
f 218 90 219
f 219 90 82
f 219 82 202
f 193 93 101
f 193 101 220
f 220 101 102
f 220 102 221
f 221 102 96
f 221 96 222
f 222 96 72
f 222 72 179
f 223 224 225
f 225 224 226
f 226 224 227
f 226 227 228
f 228 227 229
f 228 229 230
f 231 232 233
f 230 229 234
f 234 229 235
f 234 235 236
f 236 235 237
f 236 237 231
f 231 237 238
f 231 238 232
f 239 240 241
f 241 240 242
f 241 242 233
f 233 242 243
f 233 243 231
f 239 244 240
f 240 244 245
f 240 245 246
f 246 245 247
f 246 247 248
f 248 247 249
f 248 249 250
f 250 249 251
f 250 251 252
f 252 251 223
f 252 223 253
f 253 223 225
f 254 255 236
f 236 255 234
f 256 230 257
f 257 230 234
f 257 234 258
f 258 234 255
f 256 259 230
f 230 259 260
f 230 260 228
f 260 261 228
f 228 261 262
f 228 262 226
f 262 263 226
f 226 263 264
f 226 264 225
f 264 265 225
f 225 265 266
f 225 266 253
f 267 252 268
f 268 252 253
f 268 253 269
f 269 253 266
f 267 270 252
f 252 270 271
f 252 271 250
f 271 272 250
f 250 272 273
f 250 273 248
f 274 246 275
f 275 246 248
f 275 248 276
f 276 248 273
f 246 274 240
f 240 274 141
f 240 141 277
f 277 141 142
f 277 142 278
f 278 142 279
f 241 173 239
f 239 173 172
f 239 172 244
f 244 172 163
f 244 163 245
f 245 163 162
f 245 162 247
f 247 162 160
f 247 160 249
f 249 160 145
f 249 145 251
f 251 145 146
f 251 146 223
f 223 146 153
f 223 153 224
f 224 153 150
f 224 150 227
f 227 150 148
f 227 148 229
f 229 148 147
f 229 147 235
f 235 147 169
f 235 169 237
f 237 169 167
f 237 167 238
f 238 167 165
f 238 165 232
f 232 165 175
f 232 175 233
f 233 175 174
f 233 174 241
f 241 174 173
f 159 280 281
f 282 283 284
f 283 285 286
f 285 274 275
f 285 275 286
f 286 275 276
f 286 276 287
f 276 273 287
f 287 273 272
f 287 272 288
f 272 271 288
f 288 271 270
f 288 270 289
f 289 270 267
f 289 267 290
f 290 267 268
f 290 268 291
f 291 268 269
f 269 266 291
f 291 266 265
f 291 265 292
f 292 265 264
f 292 264 293
f 293 264 263
f 293 263 294
f 263 262 294
f 294 262 261
f 294 261 295
f 261 260 295
f 295 260 259
f 295 259 296
f 296 259 256
f 296 256 297
f 297 256 257
f 297 257 298
f 298 257 258
f 298 258 255
f 283 286 284
f 284 286 287
f 284 287 299
f 299 287 288
f 299 288 300
f 300 288 289
f 300 289 301
f 301 289 290
f 301 290 302
f 302 290 291
f 302 291 303
f 303 291 292
f 303 292 304
f 304 292 293
f 304 293 305
f 305 293 294
f 305 294 306
f 306 294 295
f 306 295 307
f 307 295 296
f 307 296 308
f 308 296 297
f 308 297 309
f 309 297 298
f 309 298 310
f 280 311 312
f 312 311 282
f 255 254 298
f 298 254 313
f 298 313 310
f 310 313 314
f 310 314 315
f 282 284 312
f 312 284 299
f 312 299 316
f 316 299 300
f 316 300 317
f 317 300 301
f 317 301 318
f 318 301 302
f 318 302 319
f 319 302 303
f 319 303 320
f 320 303 304
f 320 304 321
f 321 304 305
f 321 305 322
f 322 305 306
f 322 306 323
f 323 306 307
f 323 307 324
f 324 307 308
f 324 308 325
f 325 308 309
f 325 309 326
f 326 309 310
f 326 310 327
f 327 310 315
f 327 315 328
f 280 312 281
f 281 312 316
f 281 316 329
f 329 316 317
f 329 317 330
f 330 317 318
f 330 318 331
f 331 318 319
f 331 319 332
f 332 319 320
f 332 320 333
f 333 320 321
f 333 321 334
f 334 321 322
f 334 322 335
f 335 322 323
f 335 323 336
f 336 323 324
f 336 324 337
f 337 324 325
f 337 325 338
f 338 325 326
f 338 326 339
f 339 326 327
f 339 327 340
f 340 327 328
f 340 328 341
f 159 281 143
f 143 281 329
f 143 329 144
f 144 329 330
f 144 330 156
f 156 330 331
f 156 331 157
f 157 331 332
f 157 332 158
f 158 332 333
f 158 333 154
f 154 333 334
f 154 334 155
f 155 334 335
f 155 335 151
f 151 335 336
f 151 336 152
f 152 336 337
f 152 337 149
f 149 337 338
f 149 338 171
f 171 338 339
f 171 339 170
f 170 339 340
f 170 340 168
f 168 340 341
f 168 341 166
f 141 274 285
f 141 285 178
f 178 285 283
f 178 283 177
f 283 282 177
f 177 282 311
f 177 311 176
f 311 280 176
f 176 280 159
f 176 159 161
f 342 243 343
f 343 243 242
f 343 242 277
f 277 242 240
f 344 345 346
f 346 345 179
f 346 179 231
f 231 179 180
f 231 180 236
f 236 180 254
f 164 166 341
f 164 341 183
f 183 341 328
f 183 328 182
f 328 315 182
f 182 315 314
f 182 314 181
f 314 313 181
f 181 313 254
f 181 254 180
f 243 342 231
f 231 342 346
f 347 277 348
f 348 277 278
f 348 278 349
f 349 278 350
f 349 350 351
f 347 352 277
f 277 352 353
f 277 353 343
f 343 353 354
f 343 354 342
f 342 354 355
f 342 355 346
f 355 356 346
f 346 356 357
f 346 357 344
f 344 357 358
f 344 358 359
f 359 358 360
f 359 360 361
f 361 360 362
f 361 362 363
f 363 362 364
f 350 365 351
f 351 365 366
f 351 366 367
f 367 366 368
f 367 368 369
f 369 368 370
f 369 370 364
f 364 370 371
f 364 371 363
f 279 372 278
f 278 372 350
f 373 365 374
f 374 365 350
f 374 350 375
f 375 350 372
f 373 376 365
f 365 376 377
f 365 377 366
f 377 378 366
f 366 378 379
f 366 379 368
f 379 380 368
f 368 380 381
f 368 381 370
f 381 382 370
f 370 382 383
f 370 383 371
f 384 363 385
f 385 363 371
f 385 371 386
f 386 371 383
f 384 387 363
f 363 387 388
f 363 388 361
f 388 389 361
f 361 389 390
f 361 390 359
f 345 344 391
f 391 344 359
f 391 359 392
f 392 359 390
f 354 200 355
f 355 200 199
f 355 199 356
f 356 199 198
f 356 198 357
f 357 198 197
f 357 197 358
f 358 197 191
f 358 191 360
f 360 191 190
f 360 190 362
f 362 190 187
f 362 187 364
f 364 187 186
f 364 186 369
f 369 186 185
f 369 185 367
f 367 185 204
f 367 204 351
f 351 204 203
f 351 203 349
f 349 203 214
f 349 214 348
f 348 214 212
f 348 212 347
f 347 212 210
f 347 210 352
f 352 210 209
f 352 209 353
f 353 209 201
f 353 201 354
f 354 201 200
f 192 393 394
f 395 396 397
f 396 398 399
f 398 345 391
f 398 391 399
f 399 391 392
f 399 392 400
f 392 390 400
f 400 390 389
f 400 389 401
f 389 388 401
f 401 388 387
f 401 387 402
f 402 387 384
f 402 384 403
f 403 384 385
f 403 385 404
f 404 385 386
f 386 383 404
f 404 383 382
f 404 382 405
f 405 382 381
f 405 381 406
f 406 381 380
f 406 380 407
f 380 379 407
f 407 379 378
f 407 378 408
f 378 377 408
f 408 377 376
f 408 376 409
f 409 376 373
f 409 373 410
f 410 373 374
f 410 374 411
f 411 374 375
f 411 375 372
f 396 399 397
f 397 399 400
f 397 400 412
f 412 400 401
f 412 401 413
f 413 401 402
f 413 402 414
f 414 402 403
f 414 403 415
f 415 403 404
f 415 404 416
f 416 404 405
f 416 405 417
f 417 405 406
f 417 406 418
f 418 406 407
f 418 407 419
f 419 407 408
f 419 408 420
f 420 408 409
f 420 409 421
f 421 409 410
f 421 410 422
f 422 410 411
f 422 411 423
f 393 424 425
f 425 424 395
f 372 279 411
f 411 279 426
f 411 426 423
f 423 426 427
f 423 427 428
f 395 397 425
f 425 397 412
f 425 412 429
f 429 412 413
f 429 413 430
f 430 413 414
f 430 414 431
f 431 414 415
f 431 415 432
f 432 415 416
f 432 416 433
f 433 416 417
f 433 417 434
f 434 417 418
f 434 418 435
f 435 418 419
f 435 419 436
f 436 419 420
f 436 420 437
f 437 420 421
f 437 421 438
f 438 421 422
f 438 422 439
f 439 422 423
f 439 423 440
f 440 423 428
f 440 428 441
f 393 425 394
f 394 425 429
f 394 429 442
f 442 429 430
f 442 430 443
f 443 430 431
f 443 431 444
f 444 431 432
f 444 432 445
f 445 432 433
f 445 433 446
f 446 433 434
f 446 434 447
f 447 434 435
f 447 435 448
f 448 435 436
f 448 436 449
f 449 436 437
f 449 437 450
f 450 437 438
f 450 438 451
f 451 438 439
f 451 439 452
f 452 439 440
f 452 440 453
f 453 440 441
f 453 441 454
f 192 394 194
f 194 394 442
f 194 442 195
f 195 442 443
f 195 443 196
f 196 443 444
f 196 444 188
f 188 444 445
f 188 445 189
f 189 445 446
f 189 446 184
f 184 446 447
f 184 447 206
f 206 447 448
f 206 448 207
f 207 448 449
f 207 449 208
f 208 449 450
f 208 450 205
f 205 450 451
f 205 451 216
f 216 451 452
f 216 452 215
f 215 452 453
f 215 453 213
f 213 453 454
f 213 454 211
f 202 211 454
f 202 454 219
f 219 454 441
f 219 441 218
f 441 428 218
f 218 428 427
f 218 427 217
f 427 426 217
f 217 426 279
f 217 279 142
f 179 345 398
f 179 398 222
f 222 398 396
f 222 396 221
f 396 395 221
f 221 395 424
f 221 424 220
f 424 393 220
f 220 393 192
f 220 192 193
f 455 456 457
f 457 456 458
f 456 459 458
f 458 459 460
f 458 460 461
f 462 463 464
f 464 463 461
f 464 461 465
f 465 461 460
f 462 466 463
f 463 466 467
f 463 467 468
f 469 470 471
f 471 470 468
f 471 468 472
f 472 468 467
f 469 473 470
f 470 473 474
f 470 474 475
f 474 476 475
f 475 476 477
f 475 477 478
f 477 479 478
f 478 479 480
f 478 480 481
f 482 483 484
f 484 483 481
f 484 481 485
f 485 481 480
f 486 487 488
f 488 487 489
f 487 490 489
f 489 490 491
f 489 491 492
f 493 494 495
f 495 494 492
f 495 492 496
f 496 492 491
f 493 497 494
f 494 497 498
f 494 498 499
f 500 501 502
f 502 501 499
f 502 499 503
f 503 499 498
f 500 504 501
f 501 504 505
f 501 505 506
f 505 507 506
f 506 507 508
f 506 508 509
f 508 510 509
f 509 510 511
f 509 511 512
f 513 514 515
f 515 514 512
f 515 512 516
f 516 512 511
f 517 492 518
f 518 492 494
f 518 494 519
f 520 521 111
f 111 521 522
f 111 522 483
f 483 522 523
f 494 499 519
f 519 499 501
f 519 501 524
f 524 501 506
f 524 506 525
f 111 113 520
f 520 113 488
f 520 488 517
f 517 488 489
f 517 489 492
f 526 478 523
f 523 478 481
f 523 481 483
f 506 509 525
f 525 509 512
f 525 512 527
f 527 512 514
f 527 514 528
f 528 514 124
f 528 124 529
f 529 124 132
f 529 132 530
f 531 468 532
f 532 468 470
f 532 470 526
f 526 470 475
f 526 475 478
f 132 457 530
f 530 457 458
f 530 458 533
f 533 458 461
f 533 461 531
f 531 461 463
f 531 463 468
f 534 535 529
f 529 535 536
f 529 536 528
f 528 536 537
f 537 538 528
f 528 538 539
f 528 539 527
f 527 539 540
f 527 540 541
f 542 543 530
f 530 543 544
f 530 544 529
f 529 544 545
f 529 545 534
f 546 547 548
f 548 547 549
f 548 549 550
f 550 549 551
f 550 551 552
f 552 553 550
f 550 553 554
f 550 554 555
f 555 554 556
f 556 557 555
f 555 557 558
f 555 558 559
f 559 558 560
f 559 560 561
f 19 20 522
f 522 20 22
f 522 22 23
f 25 26 562
f 562 26 28
f 562 28 31
f 32 6 563
f 563 6 5
f 563 5 8
f 31 30 562
f 562 30 36
f 562 36 564
f 564 36 35
f 564 35 563
f 563 35 33
f 563 33 32
f 10 11 520
f 520 11 13
f 520 13 14
f 14 2 520
f 520 2 1
f 520 1 521
f 521 1 15
f 521 15 522
f 522 15 17
f 522 17 19
f 8 10 563
f 563 10 520
f 563 520 565
f 565 520 517
f 565 517 566
f 566 517 518
f 566 518 567
f 567 518 519
f 567 519 568
f 568 519 524
f 568 524 569
f 569 524 525
f 569 525 548
f 548 525 527
f 548 527 546
f 546 527 541
f 561 542 559
f 559 542 530
f 559 530 570
f 570 530 533
f 570 533 571
f 571 533 531
f 571 531 572
f 572 531 532
f 572 532 573
f 573 532 526
f 573 526 574
f 574 526 523
f 574 523 562
f 562 523 522
f 562 522 25
f 25 522 23
f 564 563 575
f 564 575 562
f 572 573 575
f 575 573 574
f 575 574 562
f 559 570 575
f 575 570 571
f 575 571 572
f 548 550 575
f 575 550 555
f 575 555 559
f 567 568 575
f 575 568 569
f 575 569 548
f 563 565 575
f 575 565 566
f 575 566 567
f 546 576 577
f 546 577 547
f 547 577 578
f 547 578 549
f 549 578 551
f 551 578 579
f 551 579 552
f 552 579 580
f 552 580 553
f 553 580 581
f 553 581 554
f 554 581 582
f 554 582 556
f 556 582 583
f 556 583 557
f 584 558 585
f 585 558 557
f 585 557 586
f 586 557 583
f 576 546 587
f 587 546 541
f 587 541 588
f 588 541 540
f 588 540 589
f 589 540 539
f 589 539 590
f 590 539 538
f 590 538 591
f 591 538 537
f 591 537 592
f 592 537 536
f 592 536 593
f 593 536 535
f 593 535 594
f 594 535 534
f 594 534 595
f 595 534 545
f 595 545 596
f 596 545 544
f 596 544 597
f 597 544 543
f 597 543 598
f 598 543 542
f 598 542 599
f 599 542 561
f 599 561 584
f 584 561 560
f 584 560 558
f 600 601 602
f 602 601 137
f 602 137 42
f 42 137 117
f 42 117 40
f 603 604 605
f 605 604 77
f 605 77 120
f 120 77 76
f 120 76 121
f 606 607 47
f 608 606 109
f 109 606 47
f 109 47 108
f 108 47 46
f 103 78 104
f 104 78 80
f 80 609 104
f 104 609 610
f 104 610 611
f 78 103 46
f 46 103 108
f 40 117 76
f 76 117 121
f 134 133 594
f 594 595 134
f 134 595 596
f 134 596 135
f 135 596 597
f 135 597 118
f 597 598 118
f 118 598 599
f 118 599 119
f 119 599 584
f 119 584 138
f 584 585 138
f 138 585 586
f 138 586 139
f 139 586 583
f 139 583 140
f 140 583 582
f 140 582 127
f 127 582 581
f 127 581 128
f 581 580 128
f 128 580 579
f 128 579 129
f 129 579 578
f 129 578 123
f 578 577 123
f 123 577 576
f 123 576 125
f 576 587 125
f 125 587 588
f 125 588 126
f 126 588 589
f 126 589 130
f 589 590 130
f 130 590 591
f 130 591 131
f 131 591 592
f 131 592 133
f 133 592 593
f 133 593 594
f 612 613 27
f 614 9 615
f 615 9 4
f 4 7 615
f 615 7 34
f 615 34 613
f 613 34 29
f 613 29 27
f 27 24 612
f 612 24 21
f 612 21 616
f 21 18 616
f 616 18 16
f 616 16 617
f 617 16 3
f 617 3 614
f 614 3 12
f 614 12 9
f 614 615 115
f 115 615 116
f 615 613 116
f 116 613 106
f 613 612 106
f 106 612 107
f 612 616 107
f 107 616 112
f 616 617 112
f 112 617 114
f 617 614 114
f 114 614 115
f 110 111 618
f 618 111 483
f 618 483 482
f 486 488 619
f 619 488 113
f 619 113 105
f 455 457 620
f 620 457 132
f 620 132 136
f 122 124 621
f 621 124 514
f 621 514 513
f 622 45 607
f 607 45 47
f 622 607 623
f 623 607 606
f 623 606 624
f 624 606 625
f 625 606 608
f 625 608 626
f 626 608 109
f 626 109 110
f 618 482 627
f 110 618 628
f 110 628 626
f 626 628 629
f 626 629 625
f 625 629 624
f 624 629 630
f 624 630 623
f 623 630 631
f 623 631 622
f 622 631 43
f 622 43 45
f 618 627 628
f 628 627 632
f 628 632 629
f 629 632 633
f 629 633 630
f 630 633 634
f 630 634 631
f 631 634 57
f 631 57 43
f 627 482 635
f 635 482 484
f 635 484 636
f 484 485 636
f 636 485 480
f 636 480 637
f 637 480 479
f 637 479 638
f 638 479 477
f 638 477 639
f 477 476 639
f 639 476 474
f 639 474 640
f 474 473 640
f 640 473 469
f 640 469 641
f 641 469 471
f 641 471 642
f 471 472 642
f 642 472 467
f 642 467 643
f 467 466 643
f 643 466 462
f 643 462 644
f 644 462 464
f 644 464 645
f 645 464 465
f 645 465 646
f 455 647 456
f 456 647 648
f 456 648 459
f 459 648 646
f 459 646 460
f 460 646 465
f 647 649 648
f 648 649 650
f 648 650 646
f 646 650 651
f 646 651 645
f 645 651 652
f 645 652 644
f 644 652 653
f 644 653 643
f 643 653 654
f 643 654 642
f 642 654 655
f 642 655 641
f 641 655 656
f 641 656 640
f 640 656 657
f 640 657 639
f 639 657 658
f 639 658 638
f 638 658 659
f 638 659 637
f 637 659 660
f 637 660 636
f 636 660 661
f 636 661 635
f 635 661 662
f 635 662 627
f 627 662 632
f 649 663 650
f 650 663 664
f 650 664 651
f 651 664 665
f 651 665 652
f 652 665 666
f 652 666 653
f 653 666 667
f 653 667 654
f 654 667 668
f 654 668 655
f 655 668 669
f 655 669 656
f 656 669 670
f 656 670 657
f 657 670 671
f 657 671 658
f 658 671 672
f 658 672 659
f 659 672 673
f 659 673 660
f 660 673 674
f 660 674 661
f 661 674 675
f 661 675 662
f 662 675 676
f 662 676 632
f 632 676 633
f 663 677 664
f 664 677 678
f 664 678 665
f 665 678 679
f 665 679 666
f 666 679 680
f 666 680 667
f 667 680 681
f 667 681 668
f 668 681 682
f 668 682 669
f 669 682 683
f 669 683 670
f 670 683 684
f 670 684 671
f 671 684 685
f 671 685 672
f 672 685 686
f 672 686 673
f 673 686 687
f 673 687 674
f 674 687 688
f 674 688 675
f 675 688 689
f 675 689 676
f 676 689 690
f 676 690 633
f 633 690 634
f 677 37 678
f 678 37 56
f 678 56 679
f 679 56 55
f 679 55 680
f 680 55 67
f 680 67 681
f 681 67 66
f 681 66 682
f 682 66 65
f 682 65 683
f 683 65 64
f 683 64 684
f 684 64 62
f 684 62 685
f 685 62 61
f 685 61 686
f 686 61 53
f 686 53 687
f 687 53 52
f 687 52 688
f 688 52 51
f 688 51 689
f 689 51 50
f 689 50 690
f 690 50 58
f 690 58 634
f 634 58 57
f 691 692 693
f 136 692 620
f 620 692 691
f 620 691 455
f 694 695 693
f 693 695 696
f 693 696 691
f 455 691 647
f 647 691 696
f 647 696 649
f 649 696 695
f 649 695 663
f 663 695 697
f 663 697 677
f 677 697 38
f 677 38 37
f 694 698 695
f 695 698 699
f 695 699 697
f 697 699 41
f 697 41 38
f 136 137 601
f 42 41 699
f 42 699 602
f 602 699 698
f 602 698 600
f 698 694 600
f 600 694 693
f 600 693 601
f 601 693 692
f 601 692 136
f 700 75 604
f 604 75 77
f 700 604 701
f 701 604 603
f 701 603 702
f 702 603 703
f 703 603 605
f 703 605 704
f 704 605 120
f 704 120 122
f 621 513 705
f 122 621 706
f 122 706 704
f 704 706 707
f 704 707 703
f 703 707 702
f 702 707 708
f 702 708 701
f 701 708 709
f 701 709 700
f 700 709 73
f 700 73 75
f 621 705 706
f 706 705 710
f 706 710 707
f 707 710 711
f 707 711 708
f 708 711 712
f 708 712 709
f 709 712 85
f 709 85 73
f 705 513 713
f 713 513 515
f 713 515 714
f 515 516 714
f 714 516 511
f 714 511 715
f 715 511 510
f 715 510 716
f 716 510 508
f 716 508 717
f 508 507 717
f 717 507 505
f 717 505 718
f 505 504 718
f 718 504 500
f 718 500 719
f 719 500 502
f 719 502 720
f 502 503 720
f 720 503 498
f 720 498 721
f 498 497 721
f 721 497 493
f 721 493 722
f 722 493 495
f 722 495 723
f 723 495 496
f 723 496 724
f 486 725 487
f 487 725 726
f 487 726 490
f 490 726 724
f 490 724 491
f 491 724 496
f 725 727 726
f 726 727 728
f 726 728 724
f 724 728 729
f 724 729 723
f 723 729 730
f 723 730 722
f 722 730 731
f 722 731 721
f 721 731 732
f 721 732 720
f 720 732 733
f 720 733 719
f 719 733 734
f 719 734 718
f 718 734 735
f 718 735 717
f 717 735 736
f 717 736 716
f 716 736 737
f 716 737 715
f 715 737 738
f 715 738 714
f 714 738 739
f 714 739 713
f 713 739 740
f 713 740 705
f 705 740 710
f 727 741 728
f 728 741 742
f 728 742 729
f 729 742 743
f 729 743 730
f 730 743 744
f 730 744 731
f 731 744 745
f 731 745 732
f 732 745 746
f 732 746 733
f 733 746 747
f 733 747 734
f 734 747 748
f 734 748 735
f 735 748 749
f 735 749 736
f 736 749 750
f 736 750 737
f 737 750 751
f 737 751 738
f 738 751 752
f 738 752 739
f 739 752 753
f 739 753 740
f 740 753 754
f 740 754 710
f 710 754 711
f 741 755 742
f 742 755 756
f 742 756 743
f 743 756 757
f 743 757 744
f 744 757 758
f 744 758 745
f 745 758 759
f 745 759 746
f 746 759 760
f 746 760 747
f 747 760 761
f 747 761 748
f 748 761 762
f 748 762 749
f 749 762 763
f 749 763 750
f 750 763 764
f 750 764 751
f 751 764 765
f 751 765 752
f 752 765 766
f 752 766 753
f 753 766 767
f 753 767 754
f 754 767 768
f 754 768 711
f 711 768 712
f 755 70 756
f 756 70 98
f 756 98 757
f 757 98 97
f 757 97 758
f 758 97 100
f 758 100 759
f 759 100 99
f 759 99 760
f 760 99 95
f 760 95 761
f 761 95 94
f 761 94 762
f 762 94 92
f 762 92 763
f 763 92 91
f 763 91 764
f 764 91 81
f 764 81 765
f 765 81 83
f 765 83 766
f 766 83 84
f 766 84 767
f 767 84 88
f 767 88 768
f 768 88 86
f 768 86 712
f 712 86 85
f 769 770 771
f 105 770 619
f 619 770 769
f 619 769 486
f 772 773 771
f 771 773 774
f 771 774 769
f 486 769 725
f 725 769 774
f 725 774 727
f 727 774 773
f 727 773 741
f 741 773 775
f 741 775 755
f 755 775 71
f 755 71 70
f 772 776 773
f 773 776 777
f 773 777 775
f 775 777 79
f 775 79 71
f 105 104 611
f 80 79 777
f 80 777 609
f 609 777 776
f 609 776 610
f 776 772 610
f 610 772 771
f 610 771 611
f 611 771 770
f 611 770 105
f 778 779 780
f 780 779 781
f 779 782 781
f 781 782 783
f 781 783 784
f 784 783 785
f 784 785 786
f 786 785 787
f 786 787 788
f 788 787 789
f 788 789 790
f 790 789 791
f 790 791 792
f 792 791 793
f 792 793 794
f 794 793 795
f 794 795 796
f 796 795 797
f 796 797 798
f 798 797 799
f 798 799 800
f 800 799 801
f 800 801 802
f 802 801 803
f 802 803 804
f 804 803 805
f 804 805 806
f 806 805 807
f 806 807 808
f 808 807 809
f 808 809 810
f 810 809 811
f 810 811 812
f 812 811 778
f 812 778 813
f 813 778 780
f 814 815 816
f 816 815 817
f 815 818 817
f 817 818 819
f 817 819 820
f 820 819 821
f 820 821 822
f 822 821 823
f 822 823 824
f 824 823 825
f 824 825 826
f 826 825 827
f 826 827 828
f 828 827 829
f 828 829 830
f 830 829 831
f 830 831 832
f 832 831 833
f 832 833 834
f 834 833 835
f 834 835 836
f 836 835 837
f 836 837 838
f 838 837 839
f 838 839 840
f 840 839 841
f 840 841 842
f 842 841 843
f 842 843 844
f 844 843 845
f 844 845 846
f 846 845 847
f 846 847 848
f 848 847 814
f 848 814 849
f 849 814 816
f 850 851 852
f 852 851 853
f 852 853 854
f 855 856 852
f 852 856 857
f 852 857 850
f 858 859 852
f 852 859 860
f 852 860 855
f 861 862 852
f 852 862 863
f 852 863 858
f 864 865 852
f 852 865 866
f 852 866 861
f 854 867 852
f 852 867 868
f 852 868 864
f 869 816 817
f 869 817 870
f 870 817 820
f 870 820 871
f 871 820 822
f 871 822 872
f 872 822 824
f 872 824 873
f 873 824 826
f 873 826 874
f 874 826 828
f 874 828 875
f 875 828 830
f 875 830 876
f 830 832 876
f 876 832 834
f 876 834 877
f 877 834 836
f 877 836 878
f 878 836 838
f 878 838 879
f 879 838 840
f 879 840 880
f 880 840 842
f 880 842 881
f 881 842 844
f 881 844 882
f 882 844 846
f 882 846 883
f 883 846 848
f 883 848 869
f 869 848 849
f 869 849 816
f 869 884 883
f 883 884 885
f 883 885 882
f 882 885 886
f 882 886 881
f 881 886 887
f 881 887 880
f 880 887 888
f 880 888 879
f 879 888 889
f 879 889 878
f 878 889 890
f 878 890 877
f 877 890 891
f 877 891 876
f 876 891 892
f 876 892 875
f 875 892 893
f 875 893 874
f 874 893 894
f 874 894 873
f 873 894 895
f 873 895 872
f 872 895 896
f 872 896 871
f 871 896 897
f 871 897 870
f 870 897 898
f 870 898 869
f 869 898 884
f 782 898 783
f 783 898 897
f 783 897 785
f 785 897 896
f 785 896 787
f 787 896 895
f 787 895 789
f 789 895 894
f 789 894 791
f 791 894 893
f 791 893 793
f 793 893 892
f 793 892 795
f 795 892 891
f 782 779 898
f 898 779 778
f 898 778 884
f 884 778 811
f 884 811 885
f 885 811 809
f 885 809 886
f 886 809 807
f 886 807 887
f 887 807 805
f 887 805 888
f 888 805 803
f 888 803 889
f 889 803 801
f 889 801 890
f 890 801 799
f 890 799 891
f 891 799 797
f 891 797 795
f 899 780 781
f 899 781 900
f 900 781 784
f 900 784 901
f 901 784 786
f 901 786 902
f 902 786 788
f 902 788 903
f 903 788 790
f 903 790 904
f 904 790 792
f 904 792 905
f 905 792 794
f 905 794 906
f 794 796 906
f 906 796 798
f 906 798 907
f 907 798 800
f 907 800 908
f 908 800 802
f 908 802 909
f 909 802 804
f 909 804 910
f 910 804 806
f 910 806 911
f 911 806 808
f 911 808 912
f 912 808 810
f 912 810 913
f 913 810 812
f 913 812 899
f 899 812 813
f 899 813 780
f 899 914 913
f 913 914 915
f 913 915 912
f 912 915 916
f 912 916 911
f 911 916 917
f 911 917 910
f 910 917 918
f 910 918 909
f 909 918 919
f 909 919 908
f 908 919 920
f 908 920 907
f 907 920 921
f 907 921 906
f 906 921 922
f 906 922 905
f 905 922 923
f 905 923 904
f 904 923 924
f 904 924 903
f 903 924 925
f 903 925 902
f 902 925 926
f 902 926 901
f 901 926 927
f 901 927 900
f 900 927 928
f 900 928 899
f 899 928 914
f 929 928 930
f 930 928 927
f 930 927 931
f 931 927 926
f 931 926 932
f 932 926 925
f 932 925 933
f 933 925 924
f 933 924 934
f 934 924 923
f 934 923 935
f 935 923 922
f 935 922 936
f 936 922 921
f 929 937 928
f 928 937 938
f 928 938 914
f 914 938 939
f 914 939 915
f 915 939 940
f 915 940 916
f 916 940 941
f 916 941 917
f 917 941 942
f 917 942 918
f 918 942 943
f 918 943 919
f 919 943 944
f 919 944 920
f 920 944 945
f 920 945 921
f 921 945 946
f 921 946 936
f 947 948 949
f 947 949 950
f 951 952 949
f 949 952 953
f 949 953 950
f 954 955 949
f 949 955 956
f 949 956 951
f 957 958 949
f 949 958 959
f 949 959 954
f 960 961 949
f 949 961 962
f 949 962 957
f 948 963 949
f 949 963 964
f 949 964 960
f 936 946 965
f 965 966 936
f 936 966 967
f 936 967 935
f 967 968 935
f 935 968 969
f 935 969 934
f 969 970 934
f 934 970 971
f 934 971 933
f 971 972 933
f 933 972 973
f 933 973 932
f 973 974 932
f 932 974 975
f 932 975 931
f 975 976 931
f 931 976 977
f 931 977 930
f 977 978 930
f 930 978 979
f 930 979 929
f 929 979 980
f 929 980 937
f 937 980 981
f 937 981 938
f 981 982 938
f 938 982 983
f 938 983 939
f 983 984 939
f 939 984 985
f 939 985 940
f 985 986 940
f 940 986 987
f 940 987 941
f 987 988 941
f 941 988 989
f 941 989 942
f 989 990 942
f 942 990 991
f 942 991 943
f 991 992 943
f 943 992 993
f 943 993 944
f 993 994 944
f 944 994 995
f 944 995 945
f 995 996 945
f 945 996 997
f 945 997 946
f 946 997 998
f 946 998 965
f 948 947 980
f 980 979 948
f 948 979 978
f 948 978 963
f 978 977 963
f 963 977 976
f 963 976 964
f 976 975 964
f 964 975 974
f 964 974 960
f 974 973 960
f 960 973 972
f 960 972 961
f 972 971 961
f 961 971 970
f 961 970 962
f 970 969 962
f 962 969 968
f 962 968 957
f 968 967 957
f 957 967 966
f 957 966 958
f 966 965 958
f 958 965 998
f 958 998 959
f 998 997 959
f 959 997 996
f 959 996 954
f 996 995 954
f 954 995 994
f 954 994 955
f 994 993 955
f 955 993 992
f 955 992 956
f 992 991 956
f 956 991 990
f 956 990 951
f 990 989 951
f 951 989 988
f 951 988 952
f 988 987 952
f 952 987 986
f 952 986 953
f 986 985 953
f 953 985 984
f 953 984 950
f 984 983 950
f 950 983 982
f 950 982 947
f 947 982 981
f 947 981 980
f 854 853 815
f 815 853 818
f 853 851 818
f 818 851 850
f 818 850 819
f 819 850 857
f 819 857 821
f 821 857 856
f 821 856 823
f 823 856 855
f 823 855 825
f 825 855 860
f 825 860 827
f 827 860 859
f 827 859 829
f 829 859 858
f 829 858 831
f 831 858 863
f 831 863 833
f 833 863 862
f 833 862 835
f 835 862 861
f 835 861 837
f 837 861 866
f 837 866 839
f 839 866 865
f 839 865 841
f 841 865 864
f 841 864 843
f 843 864 868
f 843 868 845
f 845 868 867
f 845 867 847
f 847 867 854
f 847 854 814
f 814 854 815
f 999 1000 1001
f 1002 1003 1004
f 1005 1006 999
f 1007 1004 1008
f 1008 1004 1003
f 1008 1003 1009
f 1010 1011 1001
f 1001 1011 1012
f 1001 1012 999
f 999 1012 1013
f 999 1013 1005
f 1014 1015 1016
f 1015 1014 1017
f 1017 1014 1018
f 1017 1018 1019
f 1019 1018 1020
f 1019 1020 1021
f 1021 1020 1022
f 1021 1022 1023
f 1023 1022 1024
f 1023 1024 1025
f 1025 1024 1026
f 1025 1026 1027
f 1028 1029 1030
f 1030 1029 1014
f 1030 1014 1031
f 1031 1014 1016
f 1031 1016 1032
f 1033 1034 1035
f 1035 1034 1036
f 1035 1036 1037
f 1037 1036 1038
f 1037 1038 1039
f 1039 1038 1040
f 1039 1040 1041
f 1041 1040 1042
f 1041 1042 1028
f 1028 1042 1043
f 1028 1043 1029
f 1002 1004 1044
f 1044 1004 1045
f 1044 1045 1046
f 1046 1045 1047
f 1046 1047 1048
f 1048 1047 1049
f 1048 1049 1050
f 1050 1049 1051
f 1050 1051 1052
f 1052 1051 1053
f 1052 1053 1054
f 1054 1053 1055
f 1054 1055 1056
f 1056 1055 1057
f 1056 1057 1033
f 1033 1057 1058
f 1033 1058 1034
f 1026 1059 1027
f 1027 1059 1060
f 1027 1060 1061
f 1061 1060 1062
f 1061 1062 1063
f 1063 1062 1064
f 1063 1064 1065
f 1065 1064 1066
f 1065 1066 1067
f 1067 1066 1068
f 1067 1068 1069
f 1069 1068 1070
f 1069 1070 1071
f 1071 1070 1072
f 1071 1072 1010
f 1010 1072 1073
f 1010 1073 1011
f 1074 1075 1076
f 1077 1078 1074
f 1079 1080 1076
f 1076 1080 1081
f 1076 1081 1074
f 1074 1081 1082
f 1074 1082 1077
f 1083 1084 1085
f 1086 1085 1087
f 1087 1085 1084
f 1087 1084 1088
f 1089 1090 1091
f 1091 1090 1092
f 1092 1090 1093
f 1092 1093 1094
f 1094 1093 1095
f 1094 1095 1096
f 1096 1095 1097
f 1096 1097 1098
f 1098 1097 1099
f 1098 1099 1100
f 1100 1099 1101
f 1100 1101 1102
f 1103 1104 1105
f 1105 1104 1106
f 1105 1106 1107
f 1107 1106 1108
f 1107 1108 1109
f 1109 1108 1110
f 1109 1110 1111
f 1111 1110 1112
f 1111 1112 1113
f 1083 1085 1114
f 1114 1085 1115
f 1114 1115 1116
f 1116 1115 1117
f 1116 1117 1118
f 1118 1117 1119
f 1118 1119 1120
f 1120 1119 1121
f 1120 1121 1122
f 1122 1121 1123
f 1122 1123 1124
f 1124 1123 1125
f 1124 1125 1126
f 1126 1125 1127
f 1126 1127 1103
f 1103 1127 1128
f 1103 1128 1104
f 1112 1129 1113
f 1113 1129 1130
f 1113 1130 1131
f 1131 1130 1100
f 1131 1100 1132
f 1132 1100 1102
f 1132 1102 1133
f 1091 1134 1089
f 1089 1134 1135
f 1089 1135 1136
f 1136 1135 1137
f 1136 1137 1138
f 1138 1137 1139
f 1138 1139 1140
f 1140 1139 1141
f 1140 1141 1142
f 1142 1141 1143
f 1142 1143 1144
f 1144 1143 1145
f 1144 1145 1146
f 1146 1145 1147
f 1146 1147 1079
f 1079 1147 1148
f 1079 1148 1080
f 1004 1081 1080
f 1004 1080 1045
f 1045 1080 1148
f 1045 1148 1047
f 1047 1148 1147
f 1047 1147 1049
f 1049 1147 1145
f 1049 1145 1051
f 1051 1145 1143
f 1051 1143 1053
f 1053 1143 1141
f 1053 1141 1055
f 1055 1141 1139
f 1055 1139 1057
f 1057 1139 1137
f 1057 1137 1058
f 1058 1137 1135
f 1058 1135 1034
f 1034 1135 1134
f 1034 1134 1036
f 1036 1134 1091
f 1036 1091 1038
f 1038 1091 1092
f 1038 1092 1040
f 1040 1092 1094
f 1040 1094 1042
f 1042 1094 1096
f 1042 1096 1043
f 1043 1096 1098
f 1043 1098 1029
f 1029 1098 1100
f 1029 1100 1014
f 1014 1100 1130
f 1014 1130 1018
f 1018 1130 1129
f 1018 1129 1020
f 1020 1129 1112
f 1020 1112 1022
f 1022 1112 1110
f 1022 1110 1024
f 1024 1110 1108
f 1024 1108 1026
f 1026 1108 1106
f 1026 1106 1059
f 1059 1106 1104
f 1059 1104 1060
f 1060 1104 1128
f 1060 1128 1062
f 1062 1128 1127
f 1062 1127 1064
f 1064 1127 1125
f 1064 1125 1066
f 1066 1125 1123
f 1066 1123 1068
f 1068 1123 1121
f 1068 1121 1070
f 1070 1121 1119
f 1070 1119 1072
f 1072 1119 1117
f 1072 1117 1073
f 1073 1117 1115
f 1073 1115 1011
f 1011 1115 1085
f 1011 1085 1012
f 1132 1133 1015
f 1015 1133 1016
f 1084 1083 999
f 999 1083 1000
f 1001 1000 1114
f 1114 1000 1083
f 1069 1120 1067
f 1067 1120 1122
f 1067 1122 1065
f 1065 1122 1124
f 1065 1124 1063
f 1063 1124 1126
f 1063 1126 1061
f 1061 1126 1103
f 1061 1103 1027
f 1027 1103 1105
f 1027 1105 1025
f 1025 1105 1107
f 1025 1107 1023
f 1023 1107 1109
f 1039 1093 1037
f 1037 1093 1090
f 1037 1090 1035
f 1035 1090 1089
f 1035 1089 1033
f 1033 1089 1136
f 1033 1136 1056
f 1056 1136 1138
f 1056 1138 1054
f 1054 1138 1140
f 1054 1140 1052
f 1052 1140 1142
f 1052 1142 1050
f 1050 1142 1144
f 1003 1002 1074
f 1074 1002 1075
f 1076 1075 1044
f 1044 1075 1002
f 1031 1032 1101
f 1101 1032 1102
f 1032 1016 1102
f 1102 1016 1133
f 1050 1144 1048
f 1048 1144 1146
f 1048 1146 1046
f 1046 1146 1079
f 1046 1079 1044
f 1044 1079 1076
f 1031 1101 1030
f 1030 1101 1099
f 1030 1099 1028
f 1028 1099 1097
f 1028 1097 1041
f 1041 1097 1095
f 1041 1095 1039
f 1039 1095 1093
f 1023 1109 1021
f 1021 1109 1111
f 1021 1111 1019
f 1019 1111 1113
f 1019 1113 1017
f 1017 1113 1131
f 1017 1131 1015
f 1015 1131 1132
f 1001 1114 1010
f 1010 1114 1116
f 1010 1116 1071
f 1071 1116 1118
f 1071 1118 1069
f 1069 1118 1120
f 1003 1074 1078
f 1003 1078 1009
f 1009 1078 1077
f 1009 1077 1008
f 1008 1077 1082
f 1008 1082 1007
f 1007 1082 1081
f 1007 1081 1004
f 1012 1085 1086
f 1012 1086 1013
f 1013 1086 1087
f 1013 1087 1005
f 1005 1087 1088
f 1005 1088 1006
f 1006 1088 1084
f 1006 1084 999
f 1149 1150 1151
f 1152 1153 1149
f 1154 1155 1151
f 1151 1155 1156
f 1151 1156 1149
f 1149 1156 1157
f 1149 1157 1152
f 1158 1159 1160
f 1159 1161 1160
f 1160 1161 1162
f 1160 1162 1163
f 1164 1165 1166
f 1165 1164 1167
f 1167 1164 1168
f 1167 1168 1169
f 1169 1168 1170
f 1169 1170 1171
f 1171 1170 1172
f 1171 1172 1173
f 1173 1172 1174
f 1173 1174 1175
f 1175 1174 1176
f 1175 1176 1177
f 1178 1179 1180
f 1180 1179 1164
f 1180 1164 1181
f 1181 1164 1166
f 1181 1166 1182
f 1183 1184 1185
f 1185 1184 1186
f 1185 1186 1187
f 1187 1186 1188
f 1187 1188 1189
f 1189 1188 1190
f 1189 1190 1191
f 1191 1190 1192
f 1191 1192 1178
f 1178 1192 1193
f 1178 1193 1179
f 1176 1194 1177
f 1177 1194 1195
f 1177 1195 1196
f 1196 1195 1197
f 1196 1197 1198
f 1198 1197 1199
f 1198 1199 1200
f 1200 1199 1201
f 1200 1201 1202
f 1202 1201 1203
f 1202 1203 1204
f 1204 1203 1205
f 1204 1205 1206
f 1206 1205 1207
f 1206 1207 1154
f 1154 1207 1208
f 1154 1208 1155
f 1158 1160 1209
f 1209 1160 1210
f 1209 1210 1211
f 1211 1210 1212
f 1211 1212 1213
f 1213 1212 1214
f 1213 1214 1215
f 1215 1214 1216
f 1215 1216 1217
f 1217 1216 1218
f 1217 1218 1219
f 1219 1218 1220
f 1219 1220 1221
f 1221 1220 1222
f 1221 1222 1183
f 1183 1222 1223
f 1183 1223 1184
f 1224 1225 1226
f 1227 1228 1229
f 1230 1231 1232
f 1232 1231 1224
f 1232 1224 1233
f 1233 1224 1226
f 1233 1226 1234
f 1234 1226 1235
f 1236 1229 1237
f 1237 1229 1228
f 1237 1228 1238
f 1239 1240 1241
f 1242 1243 1244
f 1244 1243 1239
f 1244 1239 1245
f 1245 1239 1241
f 1245 1241 1246
f 1240 1239 1247
f 1247 1239 1248
f 1247 1248 1249
f 1249 1248 1250
f 1249 1250 1251
f 1251 1250 1252
f 1251 1252 1253
f 1253 1252 1254
f 1253 1254 1255
f 1255 1254 1256
f 1255 1256 1257
f 1258 1259 1260
f 1260 1259 1261
f 1260 1261 1262
f 1262 1261 1263
f 1262 1263 1264
f 1264 1263 1265
f 1264 1265 1266
f 1266 1265 1267
f 1266 1267 1242
f 1242 1267 1268
f 1242 1268 1243
f 1227 1229 1269
f 1269 1229 1270
f 1269 1270 1271
f 1271 1270 1272
f 1271 1272 1273
f 1273 1272 1274
f 1273 1274 1275
f 1275 1274 1276
f 1275 1276 1277
f 1277 1276 1278
f 1277 1278 1279
f 1279 1278 1280
f 1279 1280 1281
f 1281 1280 1282
f 1281 1282 1258
f 1258 1282 1283
f 1258 1283 1259
f 1256 1284 1257
f 1257 1284 1285
f 1257 1285 1286
f 1286 1285 1287
f 1286 1287 1288
f 1288 1287 1289
f 1288 1289 1290
f 1290 1289 1291
f 1290 1291 1292
f 1292 1291 1293
f 1292 1293 1294
f 1294 1293 1295
f 1294 1295 1296
f 1296 1295 1297
f 1296 1297 1235
f 1235 1297 1298
f 1235 1298 1234
f 1160 1233 1234
f 1160 1234 1210
f 1210 1234 1298
f 1210 1298 1212
f 1212 1298 1297
f 1212 1297 1214
f 1214 1297 1295
f 1214 1295 1216
f 1216 1295 1293
f 1216 1293 1218
f 1218 1293 1291
f 1218 1291 1220
f 1220 1291 1289
f 1220 1289 1222
f 1222 1289 1287
f 1222 1287 1223
f 1223 1287 1285
f 1223 1285 1184
f 1184 1285 1284
f 1184 1284 1186
f 1186 1284 1256
f 1186 1256 1188
f 1188 1256 1254
f 1188 1254 1190
f 1190 1254 1252
f 1190 1252 1192
f 1192 1252 1250
f 1192 1250 1193
f 1193 1250 1248
f 1193 1248 1179
f 1179 1248 1239
f 1179 1239 1164
f 1164 1239 1243
f 1164 1243 1168
f 1168 1243 1268
f 1168 1268 1170
f 1170 1268 1267
f 1170 1267 1172
f 1172 1267 1265
f 1172 1265 1174
f 1174 1265 1263
f 1174 1263 1176
f 1176 1263 1261
f 1176 1261 1194
f 1194 1261 1259
f 1194 1259 1195
f 1195 1259 1283
f 1195 1283 1197
f 1197 1283 1282
f 1197 1282 1199
f 1199 1282 1280
f 1199 1280 1201
f 1201 1280 1278
f 1201 1278 1203
f 1203 1278 1276
f 1203 1276 1205
f 1205 1276 1274
f 1205 1274 1207
f 1207 1274 1272
f 1207 1272 1208
f 1208 1272 1270
f 1208 1270 1155
f 1155 1270 1229
f 1155 1229 1156
f 1241 1240 1182
f 1182 1240 1181
f 1225 1224 1158
f 1158 1224 1159
f 1158 1209 1225
f 1225 1209 1226
f 1189 1253 1187
f 1187 1253 1255
f 1187 1255 1185
f 1185 1255 1257
f 1185 1257 1183
f 1183 1257 1286
f 1183 1286 1221
f 1221 1286 1288
f 1221 1288 1219
f 1219 1288 1290
f 1219 1290 1217
f 1217 1290 1292
f 1217 1292 1215
f 1215 1292 1294
f 1204 1275 1202
f 1202 1275 1277
f 1202 1277 1200
f 1200 1277 1279
f 1200 1279 1198
f 1198 1279 1281
f 1198 1281 1196
f 1196 1281 1258
f 1196 1258 1177
f 1177 1258 1260
f 1177 1260 1175
f 1175 1260 1262
f 1175 1262 1173
f 1173 1262 1264
f 1150 1149 1227
f 1227 1149 1228
f 1227 1269 1150
f 1150 1269 1151
f 1166 1165 1246
f 1246 1165 1245
f 1182 1166 1241
f 1241 1166 1246
f 1151 1269 1154
f 1154 1269 1271
f 1154 1271 1206
f 1206 1271 1273
f 1206 1273 1204
f 1204 1273 1275
f 1173 1264 1171
f 1171 1264 1266
f 1171 1266 1169
f 1169 1266 1242
f 1169 1242 1167
f 1167 1242 1244
f 1167 1244 1165
f 1165 1244 1245
f 1181 1240 1180
f 1180 1240 1247
f 1180 1247 1178
f 1178 1247 1249
f 1178 1249 1191
f 1191 1249 1251
f 1191 1251 1189
f 1189 1251 1253
f 1215 1294 1213
f 1213 1294 1296
f 1213 1296 1211
f 1211 1296 1235
f 1211 1235 1209
f 1209 1235 1226
f 1156 1229 1236
f 1156 1236 1157
f 1157 1236 1237
f 1157 1237 1152
f 1152 1237 1238
f 1152 1238 1153
f 1153 1238 1228
f 1153 1228 1149
f 1159 1224 1231
f 1159 1231 1161
f 1161 1231 1230
f 1161 1230 1162
f 1162 1230 1232
f 1162 1232 1163
f 1163 1232 1233
f 1163 1233 1160
f 1299 1300 1301
f 1301 1300 1302
f 1300 1303 1302
f 1302 1303 1304
f 1302 1304 1305
f 1305 1304 1306
f 1305 1306 1307
f 1307 1306 1308
f 1307 1308 1309
f 1309 1308 1310
f 1309 1310 1311
f 1311 1310 1312
f 1311 1312 1313
f 1313 1312 1314
f 1313 1314 1315
f 1315 1314 1316
f 1315 1316 1317
f 1317 1316 1318
f 1317 1318 1319
f 1319 1318 1320
f 1319 1320 1321
f 1321 1320 1322
f 1321 1322 1323
f 1323 1322 1324
f 1323 1324 1325
f 1325 1324 1326
f 1325 1326 1327
f 1327 1326 1328
f 1327 1328 1329
f 1329 1328 1330
f 1329 1330 1331
f 1331 1330 1332
f 1331 1332 1333
f 1333 1332 1299
f 1333 1299 1334
f 1334 1299 1301
f 1335 1336 1337
f 1337 1336 1338
f 1336 1339 1338
f 1338 1339 1340
f 1338 1340 1341
f 1341 1340 1342
f 1341 1342 1343
f 1343 1342 1344
f 1343 1344 1345
f 1345 1344 1346
f 1345 1346 1347
f 1347 1346 1348
f 1347 1348 1349
f 1349 1348 1350
f 1349 1350 1351
f 1351 1350 1352
f 1351 1352 1353
f 1353 1352 1354
f 1353 1354 1355
f 1355 1354 1356
f 1355 1356 1357
f 1357 1356 1358
f 1357 1358 1359
f 1359 1358 1360
f 1359 1360 1361
f 1361 1360 1362
f 1361 1362 1363
f 1363 1362 1364
f 1363 1364 1365
f 1365 1364 1366
f 1365 1366 1367
f 1367 1366 1368
f 1367 1368 1369
f 1369 1368 1335
f 1369 1335 1370
f 1370 1335 1337
f 1371 1372 1373
f 1373 1372 1374
f 1373 1374 1375
f 1376 1377 1373
f 1373 1377 1378
f 1373 1378 1371
f 1379 1380 1373
f 1373 1380 1381
f 1373 1381 1376
f 1382 1383 1373
f 1373 1383 1384
f 1373 1384 1379
f 1385 1386 1373
f 1373 1386 1387
f 1373 1387 1382
f 1375 1388 1373
f 1373 1388 1389
f 1373 1389 1385
f 1390 1337 1338
f 1390 1338 1391
f 1391 1338 1341
f 1391 1341 1392
f 1392 1341 1343
f 1392 1343 1393
f 1393 1343 1345
f 1393 1345 1394
f 1394 1345 1347
f 1394 1347 1395
f 1395 1347 1349
f 1395 1349 1396
f 1396 1349 1351
f 1396 1351 1397
f 1351 1353 1397
f 1397 1353 1355
f 1397 1355 1398
f 1398 1355 1357
f 1398 1357 1399
f 1399 1357 1359
f 1399 1359 1400
f 1400 1359 1361
f 1400 1361 1401
f 1401 1361 1363
f 1401 1363 1402
f 1402 1363 1365
f 1402 1365 1403
f 1403 1365 1367
f 1403 1367 1404
f 1404 1367 1369
f 1404 1369 1390
f 1390 1369 1370
f 1390 1370 1337
f 1390 1405 1404
f 1404 1405 1406
f 1404 1406 1403
f 1403 1406 1407
f 1403 1407 1402
f 1402 1407 1408
f 1402 1408 1401
f 1401 1408 1409
f 1401 1409 1400
f 1400 1409 1410
f 1400 1410 1399
f 1399 1410 1411
f 1399 1411 1398
f 1398 1411 1412
f 1398 1412 1397
f 1397 1412 1413
f 1397 1413 1396
f 1396 1413 1414
f 1396 1414 1395
f 1395 1414 1415
f 1395 1415 1394
f 1394 1415 1416
f 1394 1416 1393
f 1393 1416 1417
f 1393 1417 1392
f 1392 1417 1418
f 1392 1418 1391
f 1391 1418 1419
f 1391 1419 1390
f 1390 1419 1405
f 1303 1419 1304
f 1304 1419 1418
f 1304 1418 1306
f 1306 1418 1417
f 1306 1417 1308
f 1308 1417 1416
f 1308 1416 1310
f 1310 1416 1415
f 1310 1415 1312
f 1312 1415 1414
f 1312 1414 1314
f 1314 1414 1413
f 1314 1413 1316
f 1316 1413 1412
f 1303 1300 1419
f 1419 1300 1299
f 1419 1299 1405
f 1405 1299 1332
f 1405 1332 1406
f 1406 1332 1330
f 1406 1330 1407
f 1407 1330 1328
f 1407 1328 1408
f 1408 1328 1326
f 1408 1326 1409
f 1409 1326 1324
f 1409 1324 1410
f 1410 1324 1322
f 1410 1322 1411
f 1411 1322 1320
f 1411 1320 1412
f 1412 1320 1318
f 1412 1318 1316
f 1420 1301 1302
f 1420 1302 1421
f 1421 1302 1305
f 1421 1305 1422
f 1422 1305 1307
f 1422 1307 1423
f 1423 1307 1309
f 1423 1309 1424
f 1424 1309 1311
f 1424 1311 1425
f 1425 1311 1313
f 1425 1313 1426
f 1426 1313 1315
f 1426 1315 1427
f 1315 1317 1427
f 1427 1317 1319
f 1427 1319 1428
f 1428 1319 1321
f 1428 1321 1429
f 1429 1321 1323
f 1429 1323 1430
f 1430 1323 1325
f 1430 1325 1431
f 1431 1325 1327
f 1431 1327 1432
f 1432 1327 1329
f 1432 1329 1433
f 1433 1329 1331
f 1433 1331 1434
f 1434 1331 1333
f 1434 1333 1420
f 1420 1333 1334
f 1420 1334 1301
f 1420 1435 1434
f 1434 1435 1436
f 1434 1436 1433
f 1433 1436 1437
f 1433 1437 1432
f 1432 1437 1438
f 1432 1438 1431
f 1431 1438 1439
f 1431 1439 1430
f 1430 1439 1440
f 1430 1440 1429
f 1429 1440 1441
f 1429 1441 1428
f 1428 1441 1442
f 1428 1442 1427
f 1427 1442 1443
f 1427 1443 1426
f 1426 1443 1444
f 1426 1444 1425
f 1425 1444 1445
f 1425 1445 1424
f 1424 1445 1446
f 1424 1446 1423
f 1423 1446 1447
f 1423 1447 1422
f 1422 1447 1448
f 1422 1448 1421
f 1421 1448 1449
f 1421 1449 1420
f 1420 1449 1435
f 1450 1449 1451
f 1451 1449 1448
f 1451 1448 1452
f 1452 1448 1447
f 1452 1447 1453
f 1453 1447 1446
f 1453 1446 1454
f 1454 1446 1445
f 1454 1445 1455
f 1455 1445 1444
f 1455 1444 1456
f 1456 1444 1443
f 1456 1443 1457
f 1457 1443 1442
f 1450 1458 1449
f 1449 1458 1459
f 1449 1459 1435
f 1435 1459 1460
f 1435 1460 1436
f 1436 1460 1461
f 1436 1461 1437
f 1437 1461 1462
f 1437 1462 1438
f 1438 1462 1463
f 1438 1463 1439
f 1439 1463 1464
f 1439 1464 1440
f 1440 1464 1465
f 1440 1465 1441
f 1441 1465 1466
f 1441 1466 1442
f 1442 1466 1467
f 1442 1467 1457
f 1468 1469 1470
f 1468 1470 1471
f 1472 1473 1470
f 1470 1473 1474
f 1470 1474 1471
f 1475 1476 1470
f 1470 1476 1477
f 1470 1477 1472
f 1478 1479 1470
f 1470 1479 1480
f 1470 1480 1475
f 1481 1482 1470
f 1470 1482 1483
f 1470 1483 1478
f 1469 1484 1470
f 1470 1484 1485
f 1470 1485 1481
f 1457 1467 1486
f 1486 1487 1457
f 1457 1487 1488
f 1457 1488 1456
f 1488 1489 1456
f 1456 1489 1490
f 1456 1490 1455
f 1490 1491 1455
f 1455 1491 1492
f 1455 1492 1454
f 1492 1493 1454
f 1454 1493 1494
f 1454 1494 1453
f 1494 1495 1453
f 1453 1495 1496
f 1453 1496 1452
f 1496 1497 1452
f 1452 1497 1498
f 1452 1498 1451
f 1498 1499 1451
f 1451 1499 1500
f 1451 1500 1450
f 1450 1500 1501
f 1450 1501 1458
f 1458 1501 1502
f 1458 1502 1459
f 1502 1503 1459
f 1459 1503 1504
f 1459 1504 1460
f 1504 1505 1460
f 1460 1505 1506
f 1460 1506 1461
f 1506 1507 1461
f 1461 1507 1508
f 1461 1508 1462
f 1508 1509 1462
f 1462 1509 1510
f 1462 1510 1463
f 1510 1511 1463
f 1463 1511 1512
f 1463 1512 1464
f 1512 1513 1464
f 1464 1513 1514
f 1464 1514 1465
f 1514 1515 1465
f 1465 1515 1516
f 1465 1516 1466
f 1516 1517 1466
f 1466 1517 1518
f 1466 1518 1467
f 1467 1518 1519
f 1467 1519 1486
f 1469 1468 1501
f 1501 1500 1469
f 1469 1500 1499
f 1469 1499 1484
f 1499 1498 1484
f 1484 1498 1497
f 1484 1497 1485
f 1497 1496 1485
f 1485 1496 1495
f 1485 1495 1481
f 1495 1494 1481
f 1481 1494 1493
f 1481 1493 1482
f 1493 1492 1482
f 1482 1492 1491
f 1482 1491 1483
f 1491 1490 1483
f 1483 1490 1489
f 1483 1489 1478
f 1489 1488 1478
f 1478 1488 1487
f 1478 1487 1479
f 1487 1486 1479
f 1479 1486 1519
f 1479 1519 1480
f 1519 1518 1480
f 1480 1518 1517
f 1480 1517 1475
f 1517 1516 1475
f 1475 1516 1515
f 1475 1515 1476
f 1515 1514 1476
f 1476 1514 1513
f 1476 1513 1477
f 1513 1512 1477
f 1477 1512 1511
f 1477 1511 1472
f 1511 1510 1472
f 1472 1510 1509
f 1472 1509 1473
f 1509 1508 1473
f 1473 1508 1507
f 1473 1507 1474
f 1507 1506 1474
f 1474 1506 1505
f 1474 1505 1471
f 1505 1504 1471
f 1471 1504 1503
f 1471 1503 1468
f 1468 1503 1502
f 1468 1502 1501
f 1375 1374 1336
f 1336 1374 1339
f 1374 1372 1339
f 1339 1372 1371
f 1339 1371 1340
f 1340 1371 1378
f 1340 1378 1342
f 1342 1378 1377
f 1342 1377 1344
f 1344 1377 1376
f 1344 1376 1346
f 1346 1376 1381
f 1346 1381 1348
f 1348 1381 1380
f 1348 1380 1350
f 1350 1380 1379
f 1350 1379 1352
f 1352 1379 1384
f 1352 1384 1354
f 1354 1384 1383
f 1354 1383 1356
f 1356 1383 1382
f 1356 1382 1358
f 1358 1382 1387
f 1358 1387 1360
f 1360 1387 1386
f 1360 1386 1362
f 1362 1386 1385
f 1362 1385 1364
f 1364 1385 1389
f 1364 1389 1366
f 1366 1389 1388
f 1366 1388 1368
f 1368 1388 1375
f 1368 1375 1335
f 1335 1375 1336
f 1520 1521 1522
f 1523 1524 1525
f 1526 1527 1520
f 1528 1525 1529
f 1529 1525 1524
f 1529 1524 1530
f 1531 1532 1522
f 1522 1532 1533
f 1522 1533 1520
f 1520 1533 1534
f 1520 1534 1526
f 1535 1536 1537
f 1536 1535 1538
f 1538 1535 1539
f 1538 1539 1540
f 1540 1539 1541
f 1540 1541 1542
f 1542 1541 1543
f 1542 1543 1544
f 1544 1543 1545
f 1544 1545 1546
f 1546 1545 1547
f 1546 1547 1548
f 1549 1550 1551
f 1551 1550 1535
f 1551 1535 1552
f 1552 1535 1537
f 1552 1537 1553
f 1554 1555 1556
f 1556 1555 1557
f 1556 1557 1558
f 1558 1557 1559
f 1558 1559 1560
f 1560 1559 1561
f 1560 1561 1562
f 1562 1561 1563
f 1562 1563 1549
f 1549 1563 1564
f 1549 1564 1550
f 1523 1525 1565
f 1565 1525 1566
f 1565 1566 1567
f 1567 1566 1568
f 1567 1568 1569
f 1569 1568 1570
f 1569 1570 1571
f 1571 1570 1572
f 1571 1572 1573
f 1573 1572 1574
f 1573 1574 1575
f 1575 1574 1576
f 1575 1576 1577
f 1577 1576 1578
f 1577 1578 1554
f 1554 1578 1579
f 1554 1579 1555
f 1547 1580 1548
f 1548 1580 1581
f 1548 1581 1582
f 1582 1581 1583
f 1582 1583 1584
f 1584 1583 1585
f 1584 1585 1586
f 1586 1585 1587
f 1586 1587 1588
f 1588 1587 1589
f 1588 1589 1590
f 1590 1589 1591
f 1590 1591 1592
f 1592 1591 1593
f 1592 1593 1531
f 1531 1593 1594
f 1531 1594 1532
f 1595 1596 1597
f 1598 1599 1595
f 1600 1601 1597
f 1597 1601 1602
f 1597 1602 1595
f 1595 1602 1603
f 1595 1603 1598
f 1604 1605 1606
f 1607 1606 1608
f 1608 1606 1605
f 1608 1605 1609
f 1610 1611 1612
f 1612 1611 1613
f 1613 1611 1614
f 1613 1614 1615
f 1615 1614 1616
f 1615 1616 1617
f 1617 1616 1618
f 1617 1618 1619
f 1619 1618 1620
f 1619 1620 1621
f 1621 1620 1622
f 1621 1622 1623
f 1624 1625 1626
f 1626 1625 1627
f 1626 1627 1628
f 1628 1627 1629
f 1628 1629 1630
f 1630 1629 1631
f 1630 1631 1632
f 1632 1631 1633
f 1632 1633 1634
f 1604 1606 1635
f 1635 1606 1636
f 1635 1636 1637
f 1637 1636 1638
f 1637 1638 1639
f 1639 1638 1640
f 1639 1640 1641
f 1641 1640 1642
f 1641 1642 1643
f 1643 1642 1644
f 1643 1644 1645
f 1645 1644 1646
f 1645 1646 1647
f 1647 1646 1648
f 1647 1648 1624
f 1624 1648 1649
f 1624 1649 1625
f 1633 1650 1634
f 1634 1650 1651
f 1634 1651 1652
f 1652 1651 1621
f 1652 1621 1653
f 1653 1621 1623
f 1653 1623 1654
f 1612 1655 1610
f 1610 1655 1656
f 1610 1656 1657
f 1657 1656 1658
f 1657 1658 1659
f 1659 1658 1660
f 1659 1660 1661
f 1661 1660 1662
f 1661 1662 1663
f 1663 1662 1664
f 1663 1664 1665
f 1665 1664 1666
f 1665 1666 1667
f 1667 1666 1668
f 1667 1668 1600
f 1600 1668 1669
f 1600 1669 1601
f 1525 1602 1601
f 1525 1601 1566
f 1566 1601 1669
f 1566 1669 1568
f 1568 1669 1668
f 1568 1668 1570
f 1570 1668 1666
f 1570 1666 1572
f 1572 1666 1664
f 1572 1664 1574
f 1574 1664 1662
f 1574 1662 1576
f 1576 1662 1660
f 1576 1660 1578
f 1578 1660 1658
f 1578 1658 1579
f 1579 1658 1656
f 1579 1656 1555
f 1555 1656 1655
f 1555 1655 1557
f 1557 1655 1612
f 1557 1612 1559
f 1559 1612 1613
f 1559 1613 1561
f 1561 1613 1615
f 1561 1615 1563
f 1563 1615 1617
f 1563 1617 1564
f 1564 1617 1619
f 1564 1619 1550
f 1550 1619 1621
f 1550 1621 1535
f 1535 1621 1651
f 1535 1651 1539
f 1539 1651 1650
f 1539 1650 1541
f 1541 1650 1633
f 1541 1633 1543
f 1543 1633 1631
f 1543 1631 1545
f 1545 1631 1629
f 1545 1629 1547
f 1547 1629 1627
f 1547 1627 1580
f 1580 1627 1625
f 1580 1625 1581
f 1581 1625 1649
f 1581 1649 1583
f 1583 1649 1648
f 1583 1648 1585
f 1585 1648 1646
f 1585 1646 1587
f 1587 1646 1644
f 1587 1644 1589
f 1589 1644 1642
f 1589 1642 1591
f 1591 1642 1640
f 1591 1640 1593
f 1593 1640 1638
f 1593 1638 1594
f 1594 1638 1636
f 1594 1636 1532
f 1532 1636 1606
f 1532 1606 1533
f 1653 1654 1536
f 1536 1654 1537
f 1605 1604 1520
f 1520 1604 1521
f 1522 1521 1635
f 1635 1521 1604
f 1590 1641 1588
f 1588 1641 1643
f 1588 1643 1586
f 1586 1643 1645
f 1586 1645 1584
f 1584 1645 1647
f 1584 1647 1582
f 1582 1647 1624
f 1582 1624 1548
f 1548 1624 1626
f 1548 1626 1546
f 1546 1626 1628
f 1546 1628 1544
f 1544 1628 1630
f 1560 1614 1558
f 1558 1614 1611
f 1558 1611 1556
f 1556 1611 1610
f 1556 1610 1554
f 1554 1610 1657
f 1554 1657 1577
f 1577 1657 1659
f 1577 1659 1575
f 1575 1659 1661
f 1575 1661 1573
f 1573 1661 1663
f 1573 1663 1571
f 1571 1663 1665
f 1524 1523 1595
f 1595 1523 1596
f 1597 1596 1565
f 1565 1596 1523
f 1552 1553 1622
f 1622 1553 1623
f 1553 1537 1623
f 1623 1537 1654
f 1571 1665 1569
f 1569 1665 1667
f 1569 1667 1567
f 1567 1667 1600
f 1567 1600 1565
f 1565 1600 1597
f 1552 1622 1551
f 1551 1622 1620
f 1551 1620 1549
f 1549 1620 1618
f 1549 1618 1562
f 1562 1618 1616
f 1562 1616 1560
f 1560 1616 1614
f 1544 1630 1542
f 1542 1630 1632
f 1542 1632 1540
f 1540 1632 1634
f 1540 1634 1538
f 1538 1634 1652
f 1538 1652 1536
f 1536 1652 1653
f 1522 1635 1531
f 1531 1635 1637
f 1531 1637 1592
f 1592 1637 1639
f 1592 1639 1590
f 1590 1639 1641
f 1524 1595 1599
f 1524 1599 1530
f 1530 1599 1598
f 1530 1598 1529
f 1529 1598 1603
f 1529 1603 1528
f 1528 1603 1602
f 1528 1602 1525
f 1533 1606 1607
f 1533 1607 1534
f 1534 1607 1608
f 1534 1608 1526
f 1526 1608 1609
f 1526 1609 1527
f 1527 1609 1605
f 1527 1605 1520
f 1670 1671 1672
f 1673 1674 1670
f 1675 1676 1672
f 1672 1676 1677
f 1672 1677 1670
f 1670 1677 1678
f 1670 1678 1673
f 1679 1680 1681
f 1680 1682 1681
f 1681 1682 1683
f 1681 1683 1684
f 1685 1686 1687
f 1686 1685 1688
f 1688 1685 1689
f 1688 1689 1690
f 1690 1689 1691
f 1690 1691 1692
f 1692 1691 1693
f 1692 1693 1694
f 1694 1693 1695
f 1694 1695 1696
f 1696 1695 1697
f 1696 1697 1698
f 1699 1700 1701
f 1701 1700 1685
f 1701 1685 1702
f 1702 1685 1687
f 1702 1687 1703
f 1704 1705 1706
f 1706 1705 1707
f 1706 1707 1708
f 1708 1707 1709
f 1708 1709 1710
f 1710 1709 1711
f 1710 1711 1712
f 1712 1711 1713
f 1712 1713 1699
f 1699 1713 1714
f 1699 1714 1700
f 1697 1715 1698
f 1698 1715 1716
f 1698 1716 1717
f 1717 1716 1718
f 1717 1718 1719
f 1719 1718 1720
f 1719 1720 1721
f 1721 1720 1722
f 1721 1722 1723
f 1723 1722 1724
f 1723 1724 1725
f 1725 1724 1726
f 1725 1726 1727
f 1727 1726 1728
f 1727 1728 1675
f 1675 1728 1729
f 1675 1729 1676
f 1679 1681 1730
f 1730 1681 1731
f 1730 1731 1732
f 1732 1731 1733
f 1732 1733 1734
f 1734 1733 1735
f 1734 1735 1736
f 1736 1735 1737
f 1736 1737 1738
f 1738 1737 1739
f 1738 1739 1740
f 1740 1739 1741
f 1740 1741 1742
f 1742 1741 1743
f 1742 1743 1704
f 1704 1743 1744
f 1704 1744 1705
f 1745 1746 1747
f 1748 1749 1750
f 1751 1752 1753
f 1753 1752 1745
f 1753 1745 1754
f 1754 1745 1747
f 1754 1747 1755
f 1755 1747 1756
f 1757 1750 1758
f 1758 1750 1749
f 1758 1749 1759
f 1760 1761 1762
f 1763 1764 1765
f 1765 1764 1760
f 1765 1760 1766
f 1766 1760 1762
f 1766 1762 1767
f 1761 1760 1768
f 1768 1760 1769
f 1768 1769 1770
f 1770 1769 1771
f 1770 1771 1772
f 1772 1771 1773
f 1772 1773 1774
f 1774 1773 1775
f 1774 1775 1776
f 1776 1775 1777
f 1776 1777 1778
f 1779 1780 1781
f 1781 1780 1782
f 1781 1782 1783
f 1783 1782 1784
f 1783 1784 1785
f 1785 1784 1786
f 1785 1786 1787
f 1787 1786 1788
f 1787 1788 1763
f 1763 1788 1789
f 1763 1789 1764
f 1748 1750 1790
f 1790 1750 1791
f 1790 1791 1792
f 1792 1791 1793
f 1792 1793 1794
f 1794 1793 1795
f 1794 1795 1796
f 1796 1795 1797
f 1796 1797 1798
f 1798 1797 1799
f 1798 1799 1800
f 1800 1799 1801
f 1800 1801 1802
f 1802 1801 1803
f 1802 1803 1779
f 1779 1803 1804
f 1779 1804 1780
f 1777 1805 1778
f 1778 1805 1806
f 1778 1806 1807
f 1807 1806 1808
f 1807 1808 1809
f 1809 1808 1810
f 1809 1810 1811
f 1811 1810 1812
f 1811 1812 1813
f 1813 1812 1814
f 1813 1814 1815
f 1815 1814 1816
f 1815 1816 1817
f 1817 1816 1818
f 1817 1818 1756
f 1756 1818 1819
f 1756 1819 1755
f 1681 1754 1755
f 1681 1755 1731
f 1731 1755 1819
f 1731 1819 1733
f 1733 1819 1818
f 1733 1818 1735
f 1735 1818 1816
f 1735 1816 1737
f 1737 1816 1814
f 1737 1814 1739
f 1739 1814 1812
f 1739 1812 1741
f 1741 1812 1810
f 1741 1810 1743
f 1743 1810 1808
f 1743 1808 1744
f 1744 1808 1806
f 1744 1806 1705
f 1705 1806 1805
f 1705 1805 1707
f 1707 1805 1777
f 1707 1777 1709
f 1709 1777 1775
f 1709 1775 1711
f 1711 1775 1773
f 1711 1773 1713
f 1713 1773 1771
f 1713 1771 1714
f 1714 1771 1769
f 1714 1769 1700
f 1700 1769 1760
f 1700 1760 1685
f 1685 1760 1764
f 1685 1764 1689
f 1689 1764 1789
f 1689 1789 1691
f 1691 1789 1788
f 1691 1788 1693
f 1693 1788 1786
f 1693 1786 1695
f 1695 1786 1784
f 1695 1784 1697
f 1697 1784 1782
f 1697 1782 1715
f 1715 1782 1780
f 1715 1780 1716
f 1716 1780 1804
f 1716 1804 1718
f 1718 1804 1803
f 1718 1803 1720
f 1720 1803 1801
f 1720 1801 1722
f 1722 1801 1799
f 1722 1799 1724
f 1724 1799 1797
f 1724 1797 1726
f 1726 1797 1795
f 1726 1795 1728
f 1728 1795 1793
f 1728 1793 1729
f 1729 1793 1791
f 1729 1791 1676
f 1676 1791 1750
f 1676 1750 1677
f 1762 1761 1703
f 1703 1761 1702
f 1746 1745 1679
f 1679 1745 1680
f 1679 1730 1746
f 1746 1730 1747
f 1710 1774 1708
f 1708 1774 1776
f 1708 1776 1706
f 1706 1776 1778
f 1706 1778 1704
f 1704 1778 1807
f 1704 1807 1742
f 1742 1807 1809
f 1742 1809 1740
f 1740 1809 1811
f 1740 1811 1738
f 1738 1811 1813
f 1738 1813 1736
f 1736 1813 1815
f 1725 1796 1723
f 1723 1796 1798
f 1723 1798 1721
f 1721 1798 1800
f 1721 1800 1719
f 1719 1800 1802
f 1719 1802 1717
f 1717 1802 1779
f 1717 1779 1698
f 1698 1779 1781
f 1698 1781 1696
f 1696 1781 1783
f 1696 1783 1694
f 1694 1783 1785
f 1671 1670 1748
f 1748 1670 1749
f 1748 1790 1671
f 1671 1790 1672
f 1687 1686 1767
f 1767 1686 1766
f 1703 1687 1762
f 1762 1687 1767
f 1672 1790 1675
f 1675 1790 1792
f 1675 1792 1727
f 1727 1792 1794
f 1727 1794 1725
f 1725 1794 1796
f 1694 1785 1692
f 1692 1785 1787
f 1692 1787 1690
f 1690 1787 1763
f 1690 1763 1688
f 1688 1763 1765
f 1688 1765 1686
f 1686 1765 1766
f 1702 1761 1701
f 1701 1761 1768
f 1701 1768 1699
f 1699 1768 1770
f 1699 1770 1712
f 1712 1770 1772
f 1712 1772 1710
f 1710 1772 1774
f 1736 1815 1734
f 1734 1815 1817
f 1734 1817 1732
f 1732 1817 1756
f 1732 1756 1730
f 1730 1756 1747
f 1677 1750 1757
f 1677 1757 1678
f 1678 1757 1758
f 1678 1758 1673
f 1673 1758 1759
f 1673 1759 1674
f 1674 1759 1749
f 1674 1749 1670
f 1680 1745 1752
f 1680 1752 1682
f 1682 1752 1751
f 1682 1751 1683
f 1683 1751 1753
f 1683 1753 1684
f 1684 1753 1754
f 1684 1754 1681
f 1820 1821 1822
f 1822 1821 1823
f 1822 1823 1824
f 1824 1823 1825
f 1824 1825 1826
f 1826 1825 1827
f 1826 1827 1828
f 1828 1827 1829
f 1828 1829 1830
f 1830 1829 1831
f 1830 1831 1832
f 1831 1833 1832
f 1832 1833 1834
f 1832 1834 1835
f 1835 1834 1836
f 1835 1836 1837
f 1837 1836 1838
f 1837 1838 1839
f 1839 1838 1840
f 1839 1840 1841
f 1841 1840 1842
f 1841 1842 1843
f 1843 1842 1844
f 1843 1844 1845
f 1845 1844 1846
f 1845 1846 1847
f 1847 1846 1848
f 1847 1848 1820
f 1820 1848 1849
f 1820 1849 1821
f 1850 1851 1852
f 1852 1851 1853
f 1852 1853 1854
f 1854 1853 1855
f 1854 1855 1856
f 1856 1855 1857
f 1856 1857 1858
f 1858 1857 1859
f 1858 1859 1860
f 1860 1859 1861
f 1860 1861 1862
f 1862 1861 1863
f 1862 1863 1864
f 1864 1863 1865
f 1864 1865 1866
f 1865 1867 1866
f 1866 1867 1868
f 1866 1868 1869
f 1869 1868 1870
f 1869 1870 1871
f 1871 1870 1872
f 1871 1872 1873
f 1873 1872 1874
f 1873 1874 1875
f 1875 1874 1876
f 1875 1876 1877
f 1877 1876 1878
f 1877 1878 1850
f 1850 1878 1879
f 1850 1879 1851
f 1859 1840 1861
f 1861 1840 1838
f 1861 1838 1863
f 1863 1838 1836
f 1863 1836 1865
f 1865 1836 1834
f 1865 1834 1867
f 1867 1834 1833
f 1867 1833 1868
f 1868 1833 1831
f 1868 1831 1870
f 1870 1831 1829
f 1870 1829 1872
f 1872 1829 1827
f 1872 1827 1874
f 1874 1827 1825
f 1874 1825 1876
f 1876 1825 1823
f 1876 1823 1878
f 1878 1823 1821
f 1878 1821 1879
f 1879 1821 1849
f 1879 1849 1851
f 1851 1849 1848
f 1851 1848 1853
f 1853 1848 1846
f 1853 1846 1855
f 1855 1846 1844
f 1855 1844 1857
f 1857 1844 1842
f 1857 1842 1859
f 1859 1842 1840
f 1841 1858 1839
f 1839 1858 1860
f 1839 1860 1837
f 1837 1860 1862
f 1837 1862 1835
f 1835 1862 1864
f 1835 1864 1832
f 1832 1864 1866
f 1832 1866 1830
f 1830 1866 1869
f 1830 1869 1828
f 1828 1869 1871
f 1828 1871 1826
f 1826 1871 1873
f 1826 1873 1824
f 1824 1873 1875
f 1824 1875 1822
f 1822 1875 1877
f 1822 1877 1820
f 1820 1877 1850
f 1820 1850 1847
f 1847 1850 1852
f 1847 1852 1845
f 1845 1852 1854
f 1845 1854 1843
f 1843 1854 1856
f 1843 1856 1841
f 1841 1856 1858
f 1880 1881 1882
f 1883 1884 1885
f 1885 1884 1886
f 1885 1886 1887
f 1887 1886 1888
f 1887 1888 1881
f 1881 1888 1889
f 1881 1889 1882
f 1883 1885 1890
f 1890 1885 1891
f 1890 1891 1892
f 1892 1891 1893
f 1892 1893 1894
f 1894 1893 1895
f 1894 1895 1896
f 1896 1895 1897
f 1897 1895 1898
f 1897 1898 1899
f 1899 1898 1900
f 1900 1898 1901
f 1900 1901 1902
f 1902 1901 1903
f 1902 1903 1904
f 1882 1905 1880
f 1880 1905 1906
f 1880 1906 1907
f 1907 1906 1908
f 1907 1908 1909
f 1909 1908 1910
f 1909 1910 1903
f 1903 1910 1911
f 1903 1911 1904
f 1912 1913 1914
f 1914 1913 1915
f 1916 1917 1918
f 1918 1917 1919
f 1918 1919 1915
f 1915 1919 1920
f 1915 1920 1914
f 1918 1921 1916
f 1916 1921 1922
f 1916 1922 1923
f 1923 1922 1924
f 1923 1924 1925
f 1925 1924 1926
f 1926 1924 1927
f 1926 1927 1928
f 1929 1930 1931
f 1931 1930 1932
f 1931 1932 1933
f 1933 1932 1934
f 1933 1934 1935
f 1935 1934 1936
f 1935 1936 1937
f 1937 1936 1938
f 1937 1938 1939
f 1939 1938 1940
f 1939 1940 1941
f 1941 1940 1942
f 1941 1942 1943
f 1943 1942 1944
f 1943 1944 1945
f 1945 1944 1946
f 1945 1946 1947
f 1947 1946 1948
f 1947 1948 1949
f 1949 1948 1950
f 1949 1950 1951
f 1951 1950 1952
f 1951 1952 1929
f 1929 1952 1930
f 1953 1954 1955
f 1956 1957 1955
f 1955 1957 1958
f 1955 1958 1953
f 1959 1960 1956
f 1956 1960 1961
f 1956 1961 1957
f 1962 1963 1964
f 1965 1966 1967
f 1967 1966 1968
f 1967 1968 1969
f 1970 1971 1965
f 1965 1971 1972
f 1965 1972 1966
f 1953 1973 1954
f 1954 1973 1974
f 1954 1974 1970
f 1970 1974 1975
f 1970 1975 1971
f 1976 1977 1959
f 1959 1977 1978
f 1959 1978 1960
f 1964 1979 1962
f 1962 1979 1980
f 1962 1980 1981
f 1982 1983 1984
f 1984 1983 1985
f 1984 1985 1986
f 1986 1985 1987
f 1986 1987 1988
f 1988 1987 1967
f 1988 1967 1989
f 1989 1967 1969
f 1990 1991 1976
f 1992 1993 1994
f 1995 1996 1997
f 1997 1996 1998
f 1997 1998 1999
f 1999 1998 1976
f 1976 1998 2000
f 1976 2000 1990
f 1991 2001 1976
f 1976 2001 2002
f 1976 2002 1977
f 1994 2003 1992
f 1992 2003 2004
f 1992 2004 2005
f 2006 2007 1993
f 1993 2007 2008
f 1993 2008 1994
f 2004 2009 2005
f 2005 2009 2010
f 2005 2010 2011
f 2011 2010 2012
f 2011 2012 2013
f 1963 1962 2014
f 2014 1962 2015
f 2014 2015 1982
f 1982 2015 2016
f 1982 2016 1983
f 1983 2016 2017
f 1983 2017 2018
f 2019 2020 2006
f 2006 2020 2021
f 2006 2021 2007
f 2022 2023 2006
f 2006 2023 2024
f 2024 2025 2006
f 2006 2025 2026
f 2006 2026 2019
f 1980 2027 1981
f 1981 2027 2028
f 1981 2028 2022
f 2022 2028 2029
f 2022 2029 2023
f 2013 2030 2011
f 2011 2030 2031
f 2011 2031 2032
f 2032 2031 2033
f 2032 2033 2034
f 2034 2033 1996
f 2034 1996 2035
f 2035 1996 1995
f 2035 1995 2036
f 2036 1995 2037
f 2036 2037 2018
f 2018 2037 2038
f 2018 2038 1983
f 2039 2040 2041
f 2041 2040 2042
f 2041 2042 2043
f 2043 2042 2044
f 2043 2044 2045
f 2045 2044 2046
f 2045 2046 2047
f 2047 2046 2048
f 2047 2048 2049
f 2049 2048 2050
f 2049 2050 2051
f 2051 2050 2052
f 2051 2052 2053
f 2053 2052 2054
f 2053 2054 2055
f 2055 2054 2056
f 2055 2056 2057
f 2057 2056 2058
f 2057 2058 2059
f 2059 2058 2060
f 2059 2060 2061
f 2061 2060 2062
f 2061 2062 2039
f 2039 2062 2040
f 2063 2064 2065
f 2066 2067 2068
f 2066 2068 2069
f 2067 2070 2068
f 2068 2070 2071
f 2068 2071 2072
f 2072 2071 2073
f 2074 1916 2075
f 2075 1916 1923
f 2075 1923 2076
f 2076 1923 2077
f 2078 2079 1923
f 2079 2080 1923
f 1923 2080 2081
f 1923 2081 2077
f 2077 2081 2082
f 2077 2082 2083
f 1928 2069 1926
f 1926 2069 2068
f 1926 2068 1925
f 2068 2084 1925
f 1925 2084 2085
f 1925 2085 2086
f 2086 2087 1925
f 1925 2087 2088
f 1925 2088 1923
f 1923 2088 2089
f 1923 2089 2078
f 2090 2091 2092
f 2092 2093 2090
f 2090 2093 2094
f 2090 2094 2095
f 2095 2094 2096
f 2095 2096 2071
f 2071 2096 2097
f 2071 2097 2073
f 2090 2098 2091
f 2091 2098 2099
f 2091 2099 2100
f 2101 2102 2103
f 2100 2063 2091
f 2091 2063 2065
f 2091 2065 2104
f 2104 2065 2101
f 2104 2101 2105
f 2105 2101 2103
f 2106 2107 2108
f 2108 2109 2106
f 2106 2109 2110
f 2106 2110 2101
f 2101 2110 2111
f 2101 2111 2102
f 2106 2112 2113
f 2113 2114 2106
f 2106 2114 2115
f 2106 2115 2116
f 2117 2118 2116
f 2116 2118 2119
f 2116 2119 2106
f 2106 2119 2120
f 2106 2120 2107
f 2121 2122 2123
f 2123 2122 2124
f 2123 2124 2125
f 2126 2127 2128
f 2126 2128 2129
f 2129 2128 2130
f 2129 2130 2131
f 2131 2130 2132
f 2131 2132 2133
f 2133 2132 2134
f 2133 2134 2135
f 2135 2134 2136
f 2135 2136 2137
f 2137 2136 2138
f 2138 2136 2139
f 2138 2139 2140
f 2140 2139 2141
f 2140 2141 2142
f 2142 2141 2143
f 2143 2141 2144
f 2143 2144 2145
f 2146 2147 2148
f 2146 2148 2149
f 2148 2150 2149
f 2149 2150 2151
f 2149 2151 2152
f 2152 2151 2153
f 2152 2153 2154
f 2153 2155 2154
f 2154 2155 2156
f 2154 2156 2157
f 2157 2156 2158
f 2157 2158 2159
f 2159 2158 2160
f 2159 2160 2161
f 2161 2160 2162
f 2161 2162 2163
f 2163 2162 2164
f 2163 2164 2165
f 2166 2167 2168
f 2168 2167 2169
f 2168 2169 2170
f 2170 2169 2171
f 2171 2169 2172
f 2171 2172 2173
f 2172 2174 2173
f 2173 2174 2175
f 2173 2175 2176
f 2175 2177 2176
f 2176 2177 2178
f 2176 2178 2179
f 2180 2181 2182
f 2182 2181 2183
f 2182 2183 2184
f 2184 2183 2179
f 2184 2179 2185
f 2185 2179 2178
f 2147 2146 2186
f 2186 2146 2187
f 2188 2189 2180
f 2180 2189 2181
f 2188 2190 2189
f 2189 2190 2191
f 2189 2191 2192
f 2191 2193 2192
f 2192 2193 2194
f 2192 2194 2195
f 2196 2197 2198
f 2198 2197 2195
f 2198 2195 2199
f 2199 2195 2194
f 2196 2200 2197
f 2197 2200 2201
f 2197 2201 2202
f 2203 2204 2205
f 2205 2204 2202
f 2205 2202 2206
f 2206 2202 2201
f 2203 2207 2204
f 2204 2207 2208
f 2204 2208 2209
f 2208 2210 2209
f 2209 2210 2211
f 2209 2211 2212
f 2211 2213 2212
f 2212 2213 2214
f 2212 2214 2215
f 2214 2216 2215
f 2215 2216 2217
f 2215 2217 2218
f 2219 2220 2221
f 2221 2220 2218
f 2221 2218 2222
f 2222 2218 2217
f 2219 2223 2220
f 2220 2223 2224
f 2220 2224 2225
f 2226 2227 2228
f 2228 2227 2225
f 2228 2225 2229
f 2229 2225 2224
f 2226 2230 2227
f 2227 2230 2231
f 2227 2231 2232
f 2231 2233 2232
f 2232 2233 2234
f 2232 2234 2235
f 2236 2237 2238
f 2238 2237 2235
f 2238 2235 2239
f 2239 2235 2234
f 2186 2187 2240
f 2240 2187 2237
f 2240 2237 2241
f 2241 2237 2236
f 2242 2243 2244
f 2244 2243 2245
f 2244 2245 2246
f 2246 2245 2247
f 2246 2247 2248
f 2248 2247 2249
f 2248 2249 2250
f 2250 2249 2251
f 2250 2251 2252
f 2252 2251 2253
f 2252 2253 2254
f 2254 2253 2255
f 2254 2255 2256
f 2256 2255 2257
f 2256 2257 2258
f 2258 2257 2259
f 2258 2259 2260
f 2260 2259 2261
f 2260 2261 2262
f 2262 2261 2263
f 2262 2263 2264
f 2264 2263 2265
f 2264 2265 2242
f 2242 2265 2243
f 2266 2267 2268
f 2268 2267 2269
f 2268 2269 2270
f 2270 2269 2271
f 2270 2271 2272
f 2273 2274 2275
f 2275 2274 2276
f 2275 2276 2277
f 2277 2276 2278
f 2279 2280 2278
f 2278 2280 2281
f 2278 2281 2277
f 2271 2282 2272
f 2272 2282 2283
f 2272 2283 2279
f 2279 2283 2284
f 2279 2284 2280
f 2285 2286 2273
f 2273 2286 2274
f 2145 2144 2287
f 2287 2144 2288
f 2287 2288 2289
f 2289 2288 2290
f 2289 2290 2291
f 2292 2293 2290
f 2290 2293 2294
f 2290 2294 2291
f 2295 2296 2292
f 2292 2296 2297
f 2292 2297 2293
f 2298 2299 2300
f 2300 2299 2301
f 2300 2301 2295
f 2295 2301 2302
f 2295 2302 2296
f 2298 2300 2303
f 2303 2300 2304
f 2303 2304 2305
f 2305 2304 2306
f 2306 2304 2307
f 2306 2307 2308
f 2309 2310 2307
f 2307 2310 2311
f 2307 2311 2308
f 2312 2313 2309
f 2309 2313 2314
f 2309 2314 2310
f 2315 2316 2312
f 2312 2316 2317
f 2312 2317 2313
f 2318 2319 2315
f 2315 2319 2320
f 2315 2320 2316
f 2321 2322 2323
f 2323 2322 2324
f 2323 2324 2318
f 2318 2324 2325
f 2318 2325 2319
f 2321 2323 2326
f 2326 2323 2327
f 2326 2327 2328
f 2328 2327 2329
f 2329 2327 2330
f 2329 2330 2331
f 2332 2333 2330
f 2330 2333 2334
f 2330 2334 2331
f 2335 2336 2332
f 2332 2336 2337
f 2332 2337 2333
f 2285 2338 2286
f 2286 2338 2339
f 2286 2339 2335
f 2335 2339 2340
f 2335 2340 2336
f 2341 2342 2343
f 2343 2342 2344
f 2343 2344 2345
f 2345 2344 2346
f 2345 2346 2347
f 2347 2346 2348
f 2347 2348 2349
f 2349 2348 2350
f 2349 2350 2351
f 2351 2350 2352
f 2351 2352 2353
f 2353 2352 2354
f 2353 2354 2355
f 2355 2354 2356
f 2355 2356 2357
f 2357 2356 2358
f 2357 2358 2359
f 2359 2358 2360
f 2359 2360 2361
f 2361 2360 2362
f 2361 2362 2363
f 2363 2362 2364
f 2363 2364 2341
f 2341 2364 2342
f 2365 1912 1914
f 2366 2367 2368
f 2368 2367 2369
f 2368 2369 2370
f 2370 2369 2371
f 2372 2373 2369
f 2373 2374 2369
f 2369 2374 2375
f 2369 2375 2371
f 2371 2375 2376
f 2371 2376 2377
f 2378 2379 2380
f 2380 2381 2378
f 2378 2381 2382
f 2378 2382 2369
f 2369 2382 2383
f 2369 2383 2372
f 2384 2385 2386
f 2384 2386 2387
f 2388 2387 2389
f 2389 2387 2386
f 2389 2386 2378
f 2378 2386 2390
f 2378 2390 2379
f 2385 2391 2386
f 2386 2391 2392
f 2386 2392 2393
f 2393 2392 2394
f 2395 2396 2397
f 2397 2398 2395
f 2395 2398 2399
f 2395 2399 2400
f 2400 2399 2401
f 2400 2401 2392
f 2392 2401 2402
f 2392 2402 2394
f 2395 2403 2396
f 2396 2403 2404
f 2396 2404 2405
f 1920 2406 2407
f 2405 2365 2396
f 2396 2365 1914
f 2396 1914 2408
f 2408 1914 1920
f 2408 1920 2409
f 2409 1920 2407
f 1919 2410 2411
f 2411 2412 1919
f 1919 2412 2413
f 1919 2413 1920
f 1920 2413 2414
f 1920 2414 2406
f 1919 1917 2415
f 2415 2416 1919
f 1919 2416 2417
f 1919 2417 2418
f 2419 2420 2418
f 2418 2420 2421
f 2418 2421 1919
f 1919 2421 2422
f 1919 2422 2410
f 2064 2423 2065
f 2065 2423 2424
f 2367 2112 2425
f 2425 2112 2106
f 2425 2106 2424
f 2424 2106 2101
f 2424 2101 2065
f 2425 2426 2367
f 2367 2426 2427
f 2367 2427 2369
f 2369 2427 2428
f 2369 2428 2378
f 2378 2428 2389
f 2389 2428 2429
f 2389 2429 2388
f 2430 2431 2432
f 2432 2431 2433
f 2432 2433 2434
f 2141 2139 2062
f 2062 2139 2040
f 2278 2276 2144
f 2144 2276 2274
f 2144 2274 2288
f 2288 2274 2286
f 2288 2286 2290
f 2290 2286 2292
f 2141 2062 2144
f 2144 2062 2060
f 2144 2060 2058
f 2058 2056 2144
f 2144 2056 2279
f 2144 2279 2278
f 2050 2048 2077
f 2077 2048 2116
f 2309 2362 2360
f 2356 2354 2330
f 2048 2046 2116
f 2116 2046 2044
f 2116 2044 2117
f 2117 2044 2042
f 2117 2042 2435
f 2435 2042 2436
f 2309 2307 2362
f 2362 2307 2304
f 2362 2304 2364
f 2364 2304 2300
f 2364 2300 2342
f 2342 2300 2295
f 2342 2295 2344
f 2344 2295 2292
f 2344 2292 2346
f 2346 2292 2286
f 2346 2286 2348
f 2330 2354 2332
f 2332 2354 2352
f 2332 2352 2335
f 2335 2352 2286
f 2286 2352 2350
f 2286 2350 2348
f 2077 2083 2050
f 2050 2083 2437
f 2050 2437 2438
f 2139 2136 2040
f 2040 2136 2134
f 2040 2134 2042
f 2042 2134 2132
f 2042 2132 2436
f 2358 2315 2360
f 2360 2315 2312
f 2360 2312 2309
f 2330 2327 2356
f 2356 2327 2323
f 2356 2323 2358
f 2358 2323 2318
f 2358 2318 2315
f 2056 2054 2279
f 2279 2054 2052
f 2279 2052 2272
f 2272 2052 2050
f 2272 2050 2270
f 2270 2050 2438
f 2371 2377 1931
f 2235 2237 2189
f 2189 2237 2187
f 2189 2187 2181
f 2181 2187 2146
f 2181 2146 2149
f 2149 2152 2181
f 2181 2152 2154
f 2181 2154 1945
f 2159 1939 2157
f 2157 1939 1941
f 2157 1941 2154
f 2154 1941 1943
f 2154 1943 1945
f 2264 2242 2197
f 1945 1947 2181
f 2181 1947 1949
f 2181 1949 2183
f 2183 1949 1951
f 2183 1951 2179
f 2179 1951 1929
f 2377 2439 1931
f 1931 2439 2440
f 1931 2440 2441
f 2159 2442 1939
f 1939 2442 2419
f 1939 2419 1937
f 1937 2419 2418
f 1937 2418 1935
f 1935 2418 2371
f 1935 2371 1933
f 1933 2371 1931
f 2258 2225 2256
f 2256 2225 2227
f 2256 2227 2254
f 2254 2227 2232
f 2254 2232 2252
f 2252 2232 2235
f 2252 2235 2250
f 2250 2235 2189
f 2250 2189 2248
f 2260 2218 2258
f 2258 2218 2220
f 2258 2220 2225
f 2197 2242 2195
f 2195 2242 2244
f 2195 2244 2192
f 2441 2171 1931
f 1931 2171 2173
f 1931 2173 1929
f 1929 2173 2176
f 1929 2176 2179
f 2262 2212 2260
f 2260 2212 2215
f 2260 2215 2218
f 2192 2244 2189
f 2189 2244 2246
f 2189 2246 2248
f 2197 2202 2264
f 2264 2202 2204
f 2264 2204 2262
f 2262 2204 2209
f 2262 2209 2212
f 2443 2444 2445
f 2443 2445 2446
f 2446 2445 2447
f 2446 2447 2448
f 2449 2450 2451
f 2451 2450 2452
f 2448 2447 2451
f 2451 2447 2453
f 2451 2453 2454
f 2455 2456 2457
f 2458 2459 2460
f 2461 2462 2463
f 2464 2465 2462
f 2462 2465 2466
f 2462 2466 2463
f 2450 2467 2452
f 2452 2467 2468
f 2452 2468 2464
f 2464 2468 2469
f 2464 2469 2465
f 2470 2471 2472
f 2472 2471 2458
f 2472 2458 2473
f 2473 2458 2460
f 2474 2475 2476
f 2477 2478 2479
f 2463 2480 2461
f 2461 2480 2481
f 2461 2481 2478
f 2478 2481 2482
f 2478 2482 2479
f 2454 2483 2451
f 2451 2483 2484
f 2451 2484 2449
f 2485 2486 2459
f 2459 2486 2487
f 2459 2487 2460
f 2488 2489 2459
f 2459 2489 2490
f 2490 2491 2459
f 2459 2491 2492
f 2459 2492 2485
f 2479 2493 2477
f 2477 2493 2494
f 2477 2494 2476
f 2476 2494 2495
f 2476 2495 2474
f 2457 2496 2455
f 2455 2496 2497
f 2455 2497 2498
f 2498 2497 2476
f 2498 2476 2499
f 2499 2476 2475
f 2457 2500 2501
f 2502 2503 2488
f 2488 2503 2504
f 2488 2504 2489
f 2505 2506 2507
f 2507 2506 2508
f 2507 2508 2502
f 2502 2508 2509
f 2502 2509 2503
f 2510 2511 2512
f 2512 2511 2513
f 2512 2513 2514
f 2514 2513 2515
f 2514 2515 2516
f 2516 2515 2445
f 2516 2445 2517
f 2517 2445 2444
f 2517 2444 2518
f 2500 2457 2519
f 2519 2457 2456
f 2519 2456 2520
f 2520 2456 2521
f 2520 2521 2507
f 2507 2521 2522
f 2507 2522 2505
f 2470 2523 2471
f 2471 2523 2524
f 2471 2524 2525
f 2525 2524 2526
f 2525 2526 2512
f 2512 2526 2527
f 2512 2527 2510
f 2518 2444 2501
f 2501 2444 2528
f 2501 2528 2457
f 2529 2530 2531
f 2532 1996 2033
f 2533 2534 2532
f 2535 2536 2533
f 2533 2536 2537
f 2533 2537 2534
f 2530 2538 2539
f 2538 2540 2539
f 2539 2540 2541
f 2539 2541 2542
f 2148 2147 2543
f 2544 2545 2165
f 2546 2547 2545
f 2545 2547 2548
f 2545 2548 2165
f 2165 2164 2544
f 2544 2164 2162
f 2544 2162 2549
f 2549 2162 2160
f 2549 2160 2550
f 2550 2160 2158
f 2158 2156 2550
f 2550 2156 2155
f 2550 2155 2551
f 2155 2153 2551
f 2551 2153 2151
f 2551 2151 2552
f 2552 2151 2150
f 2552 2150 2553
f 2553 2150 2148
f 2553 2148 2531
f 2531 2148 2543
f 2531 2543 2529
f 2530 2539 2531
f 2531 2539 2554
f 2531 2554 2553
f 2553 2554 2555
f 2553 2555 2552
f 2552 2555 2556
f 2552 2556 2551
f 2551 2556 2557
f 2551 2557 2550
f 2550 2557 2558
f 2550 2558 2549
f 2549 2558 2559
f 2549 2559 2544
f 2544 2559 2560
f 2544 2560 2545
f 2545 2560 2561
f 2545 2561 2546
f 2562 2561 2563
f 2563 2561 2560
f 2563 2560 2564
f 2564 2560 2559
f 2564 2559 2565
f 2565 2559 2558
f 2565 2558 2566
f 2566 2558 2557
f 2566 2557 2567
f 2567 2557 2556
f 2567 2556 2568
f 2568 2556 2555
f 2568 2555 2569
f 2569 2555 2554
f 2569 2554 2570
f 2570 2554 2539
f 2570 2539 2533
f 2533 2539 2542
f 2533 2542 2535
f 2004 2003 2571
f 2532 2033 2533
f 2533 2033 2031
f 2533 2031 2570
f 2570 2031 2030
f 2570 2030 2569
f 2569 2030 2013
f 2569 2013 2568
f 2568 2013 2012
f 2568 2012 2567
f 2567 2012 2010
f 2567 2010 2566
f 2566 2010 2009
f 2566 2009 2565
f 2565 2009 2004
f 2565 2004 2564
f 2564 2004 2571
f 2564 2571 2563
f 1998 1996 2572
f 2572 1996 2573
f 1996 2532 2573
f 2573 2532 2534
f 2573 2534 2574
f 2574 2534 2537
f 2574 2537 2536
f 2575 2576 2541
f 2541 2576 2577
f 2541 2577 2542
f 2542 2577 2578
f 2542 2578 2579
f 2536 2535 2574
f 2574 2535 2542
f 2574 2542 2580
f 2580 2542 2579
f 2541 2540 2575
f 2575 2540 2538
f 2575 2538 2530
f 2147 2186 2543
f 2543 2186 2581
f 2543 2581 2582
f 2530 2529 2575
f 2575 2529 2543
f 2575 2543 2583
f 2583 2543 2582
f 2562 2563 2584
f 2584 2563 2585
f 2586 2587 2585
f 2585 2587 2588
f 2585 2588 2584
f 2585 2589 2586
f 2586 2589 2590
f 2586 2590 2591
f 2591 2590 2592
f 2591 2592 2593
f 2593 2592 2594
f 2593 2594 2595
f 2595 2594 2596
f 2595 2596 2597
f 2597 2596 2598
f 2597 2598 2599
f 2599 2598 2600
f 2600 2598 2601
f 2600 2601 2602
f 2602 2601 2603
f 2602 2603 2604
f 2604 2603 2605
f 2604 2605 2606
f 2571 2003 1994
f 2563 2571 2607
f 2571 1994 2607
f 2607 1994 2008
f 2607 2008 2608
f 2608 2008 2007
f 2608 2007 2609
f 2609 2007 2021
f 2609 2021 2610
f 2610 2021 2020
f 2610 2020 2611
f 2611 2020 2019
f 2611 2019 2612
f 2612 2019 2026
f 2612 2026 2613
f 2613 2026 2025
f 2613 2025 2614
f 2614 2025 2024
f 2614 2024 2615
f 2615 2024 2023
f 2615 2023 2616
f 2563 2607 2585
f 2585 2607 2608
f 2585 2608 2589
f 2589 2608 2609
f 2589 2609 2590
f 2590 2609 2610
f 2590 2610 2592
f 2592 2610 2611
f 2592 2611 2594
f 2594 2611 2612
f 2594 2612 2596
f 2596 2612 2613
f 2596 2613 2598
f 2598 2613 2614
f 2598 2614 2601
f 2601 2614 2615
f 2601 2615 2603
f 2603 2615 2616
f 2603 2616 2605
f 2581 2186 2240
f 2617 2618 2619
f 2620 1984 1986
f 2620 1986 2621
f 2622 2623 2624
f 2623 2625 2624
f 2624 2625 2626
f 2624 2626 2621
f 2618 2627 2628
f 2627 2629 2628
f 2628 2629 2630
f 2628 2630 2622
f 2190 2188 2631
f 2632 2583 2582
f 2578 2577 2633
f 2633 2577 2576
f 2633 2576 2575
f 2573 2574 2634
f 2634 2574 2580
f 2634 2580 2579
f 2000 1998 2572
f 2239 2635 2238
f 2238 2635 2636
f 2238 2636 2236
f 2236 2636 2637
f 2236 2637 2241
f 2241 2637 2632
f 2241 2632 2240
f 2240 2632 2582
f 2240 2582 2581
f 2239 2234 2635
f 2635 2234 2233
f 2635 2233 2638
f 2233 2231 2638
f 2638 2231 2230
f 2638 2230 2639
f 2639 2230 2226
f 2639 2226 2640
f 2226 2228 2640
f 2640 2228 2229
f 2640 2229 2641
f 2229 2224 2641
f 2641 2224 2223
f 2641 2223 2642
f 2642 2223 2219
f 2642 2219 2643
f 2643 2219 2221
f 2643 2221 2644
f 2644 2221 2222
f 2222 2217 2644
f 2644 2217 2216
f 2644 2216 2645
f 2645 2216 2214
f 2645 2214 2646
f 2646 2214 2213
f 2646 2213 2647
f 2213 2211 2647
f 2647 2211 2210
f 2647 2210 2648
f 2210 2208 2648
f 2648 2208 2207
f 2648 2207 2649
f 2649 2207 2203
f 2649 2203 2650
f 2650 2203 2205
f 2650 2205 2651
f 2651 2205 2206
f 2206 2201 2651
f 2651 2201 2200
f 2651 2200 2652
f 2652 2200 2196
f 2652 2196 2653
f 2196 2198 2653
f 2653 2198 2199
f 2653 2199 2654
f 2199 2194 2654
f 2654 2194 2193
f 2654 2193 2655
f 2193 2191 2655
f 2655 2191 2190
f 2655 2190 2619
f 2619 2190 2631
f 2619 2631 2617
f 2618 2628 2619
f 2619 2628 2656
f 2619 2656 2655
f 2655 2656 2657
f 2655 2657 2654
f 2654 2657 2658
f 2654 2658 2653
f 2653 2658 2659
f 2653 2659 2652
f 2652 2659 2660
f 2652 2660 2651
f 2651 2660 2661
f 2651 2661 2650
f 2650 2661 2662
f 2650 2662 2649
f 2649 2662 2663
f 2649 2663 2648
f 2648 2663 2664
f 2648 2664 2647
f 2647 2664 2665
f 2647 2665 2646
f 2646 2665 2666
f 2646 2666 2645
f 2645 2666 2667
f 2645 2667 2644
f 2644 2667 2668
f 2644 2668 2643
f 2643 2668 2669
f 2643 2669 2642
f 2642 2669 2670
f 2642 2670 2641
f 2641 2670 2671
f 2641 2671 2640
f 2640 2671 2672
f 2640 2672 2639
f 2639 2672 2673
f 2639 2673 2638
f 2638 2673 2674
f 2638 2674 2635
f 2635 2674 2675
f 2635 2675 2636
f 2636 2675 2676
f 2636 2676 2637
f 2637 2676 2633
f 2637 2633 2632
f 2632 2633 2575
f 2632 2575 2583
f 2622 2624 2628
f 2628 2624 2677
f 2628 2677 2656
f 2656 2677 2678
f 2656 2678 2657
f 2657 2678 2679
f 2657 2679 2658
f 2658 2679 2680
f 2658 2680 2659
f 2659 2680 2681
f 2659 2681 2660
f 2660 2681 2682
f 2660 2682 2661
f 2661 2682 2683
f 2661 2683 2662
f 2662 2683 2684
f 2662 2684 2663
f 2663 2684 2685
f 2663 2685 2664
f 2664 2685 2686
f 2664 2686 2665
f 2665 2686 2687
f 2665 2687 2666
f 2666 2687 2688
f 2666 2688 2667
f 2667 2688 2689
f 2667 2689 2668
f 2668 2689 2690
f 2668 2690 2669
f 2669 2690 2691
f 2669 2691 2670
f 2670 2691 2692
f 2670 2692 2671
f 2671 2692 2693
f 2671 2693 2672
f 2672 2693 2694
f 2672 2694 2673
f 2673 2694 2695
f 2673 2695 2674
f 2674 2695 2696
f 2674 2696 2675
f 2675 2696 2697
f 2675 2697 2676
f 2676 2697 2634
f 2676 2634 2633
f 2633 2634 2579
f 2633 2579 2578
f 2621 1986 2624
f 2624 1986 1988
f 2624 1988 2677
f 2677 1988 1989
f 2677 1989 2678
f 2678 1989 1969
f 2678 1969 2679
f 2679 1969 1968
f 2679 1968 2680
f 2680 1968 1966
f 2680 1966 2681
f 2681 1966 1972
f 2681 1972 2682
f 2682 1972 1971
f 2682 1971 2683
f 2683 1971 1975
f 2683 1975 2684
f 2684 1975 1974
f 2684 1974 2685
f 2685 1974 1973
f 2685 1973 2686
f 2686 1973 1953
f 2686 1953 2687
f 2687 1953 1958
f 2687 1958 2688
f 2688 1958 1957
f 2688 1957 2689
f 2689 1957 1961
f 2689 1961 2690
f 2690 1961 1960
f 2690 1960 2691
f 2691 1960 1978
f 2691 1978 2692
f 2692 1978 1977
f 2692 1977 2693
f 2693 1977 2002
f 2693 2002 2694
f 2694 2002 2001
f 2694 2001 2695
f 2695 2001 1991
f 2695 1991 2696
f 2696 1991 1990
f 2696 1990 2697
f 2697 1990 2000
f 2697 2000 2634
f 2634 2000 2572
f 2634 2572 2573
f 2698 2605 2616
f 2699 2606 2605
f 2700 2701 2702
f 2703 2180 2182
f 2704 2705 2703
f 2701 2706 2702
f 2702 2706 2707
f 2702 2707 2708
f 2709 2710 2711
f 2711 2710 2712
f 2711 2712 2700
f 2713 2014 2714
f 2714 2014 1982
f 2715 2716 2717
f 2717 2716 2718
f 2717 2718 2719
f 2715 2717 2166
f 2166 2717 2720
f 2166 2720 2167
f 2703 2182 2704
f 2704 2182 2184
f 2704 2184 2721
f 2721 2184 2185
f 2721 2185 2722
f 2722 2185 2178
f 2722 2178 2723
f 2723 2178 2177
f 2723 2177 2724
f 2177 2175 2724
f 2724 2175 2174
f 2724 2174 2725
f 2725 2174 2172
f 2725 2172 2720
f 2720 2172 2169
f 2720 2169 2167
f 2699 2605 2719
f 2719 2605 2698
f 2719 2698 2717
f 2717 2698 2726
f 2717 2726 2720
f 2720 2726 2727
f 2720 2727 2725
f 2725 2727 2728
f 2725 2728 2724
f 2724 2728 2729
f 2724 2729 2723
f 2723 2729 2730
f 2723 2730 2722
f 2722 2730 2731
f 2722 2731 2721
f 2721 2731 2702
f 2721 2702 2704
f 2704 2702 2708
f 2704 2708 2705
f 2700 2702 2711
f 2711 2702 2731
f 2711 2731 2732
f 2732 2731 2730
f 2732 2730 2733
f 2733 2730 2729
f 2733 2729 2734
f 2734 2729 2728
f 2734 2728 2735
f 2735 2728 2727
f 2735 2727 2736
f 2736 2727 2726
f 2736 2726 2737
f 2737 2726 2698
f 2737 2698 2738
f 2738 2698 2616
f 2738 2616 2023
f 2023 2029 2738
f 2738 2029 2028
f 2738 2028 2737
f 2737 2028 2027
f 2737 2027 2736
f 2736 2027 1980
f 2736 1980 2735
f 2735 1980 1979
f 2735 1979 2734
f 2734 1979 1964
f 2734 1964 2733
f 2733 1964 1963
f 2733 1963 2732
f 2732 1963 2014
f 2732 2014 2711
f 2711 2014 2713
f 2711 2713 2709
f 2709 2713 2621
f 1984 2620 1982
f 1982 2620 2621
f 1982 2621 2714
f 2714 2621 2713
f 2709 2621 2710
f 2710 2621 2626
f 2710 2626 2625
f 2708 2707 2630
f 2630 2707 2706
f 2630 2706 2622
f 2622 2706 2701
f 2622 2701 2700
f 2625 2623 2710
f 2710 2623 2622
f 2710 2622 2712
f 2712 2622 2700
f 2630 2629 2708
f 2708 2629 2627
f 2708 2627 2618
f 2188 2180 2631
f 2631 2180 2703
f 2618 2617 2708
f 2708 2617 2631
f 2708 2631 2705
f 2705 2631 2703
f 2739 2740 2741
f 2742 2445 2515
f 2743 2744 2742
f 2745 2746 2743
f 2743 2746 2747
f 2743 2747 2744
f 2740 2748 2749
f 2748 2750 2749
f 2749 2750 2751
f 2749 2751 2752
f 2143 2145 2753
f 2754 2755 2127
f 2756 2757 2755
f 2755 2757 2758
f 2755 2758 2127
f 2127 2126 2754
f 2754 2126 2129
f 2754 2129 2759
f 2759 2129 2131
f 2759 2131 2760
f 2760 2131 2133
f 2133 2135 2760
f 2760 2135 2137
f 2760 2137 2761
f 2137 2138 2761
f 2761 2138 2140
f 2761 2140 2762
f 2762 2140 2142
f 2762 2142 2763
f 2763 2142 2143
f 2763 2143 2741
f 2741 2143 2753
f 2741 2753 2739
f 2740 2749 2741
f 2741 2749 2764
f 2741 2764 2763
f 2763 2764 2765
f 2763 2765 2762
f 2762 2765 2766
f 2762 2766 2761
f 2761 2766 2767
f 2761 2767 2760
f 2760 2767 2768
f 2760 2768 2759
f 2759 2768 2769
f 2759 2769 2754
f 2754 2769 2770
f 2754 2770 2755
f 2755 2770 2771
f 2755 2771 2756
f 2772 2771 2773
f 2773 2771 2770
f 2773 2770 2774
f 2774 2770 2769
f 2774 2769 2775
f 2775 2769 2768
f 2775 2768 2776
f 2776 2768 2767
f 2776 2767 2777
f 2777 2767 2766
f 2777 2766 2778
f 2778 2766 2765
f 2778 2765 2779
f 2779 2765 2764
f 2779 2764 2780
f 2780 2764 2749
f 2780 2749 2743
f 2743 2749 2752
f 2743 2752 2745
f 2523 2470 2781
f 2742 2515 2743
f 2743 2515 2513
f 2743 2513 2780
f 2780 2513 2511
f 2780 2511 2779
f 2779 2511 2510
f 2779 2510 2778
f 2778 2510 2527
f 2778 2527 2777
f 2777 2527 2526
f 2777 2526 2776
f 2776 2526 2524
f 2776 2524 2775
f 2775 2524 2523
f 2775 2523 2774
f 2774 2523 2781
f 2774 2781 2773
f 2772 2773 2782
f 2782 2773 2783
f 2784 2785 2783
f 2783 2785 2786
f 2783 2786 2782
f 2783 2787 2784
f 2784 2787 2788
f 2784 2788 2789
f 2789 2788 2790
f 2789 2790 2791
f 2791 2790 2792
f 2791 2792 2793
f 2793 2792 2794
f 2793 2794 2795
f 2795 2794 2796
f 2795 2796 2797
f 2797 2796 2798
f 2798 2796 2799
f 2798 2799 2800
f 2800 2799 2801
f 2800 2801 2802
f 2802 2801 2803
f 2802 2803 2804
f 2781 2470 2472
f 2773 2781 2805
f 2781 2472 2805
f 2805 2472 2473
f 2805 2473 2806
f 2806 2473 2460
f 2806 2460 2807
f 2807 2460 2487
f 2807 2487 2808
f 2808 2487 2486
f 2808 2486 2809
f 2809 2486 2485
f 2809 2485 2810
f 2810 2485 2492
f 2810 2492 2811
f 2811 2492 2491
f 2811 2491 2812
f 2812 2491 2490
f 2812 2490 2813
f 2813 2490 2489
f 2813 2489 2814
f 2773 2805 2783
f 2783 2805 2806
f 2783 2806 2787
f 2787 2806 2807
f 2787 2807 2788
f 2788 2807 2808
f 2788 2808 2790
f 2790 2808 2809
f 2790 2809 2792
f 2792 2809 2810
f 2792 2810 2794
f 2794 2810 2811
f 2794 2811 2796
f 2796 2811 2812
f 2796 2812 2799
f 2799 2812 2813
f 2799 2813 2801
f 2801 2813 2814
f 2801 2814 2803
f 2447 2445 2815
f 2815 2445 2816
f 2817 2818 2751
f 2751 2818 2819
f 2751 2819 2752
f 2752 2819 2820
f 2752 2820 2745
f 2821 2747 2820
f 2820 2747 2746
f 2820 2746 2745
f 2445 2742 2816
f 2816 2742 2744
f 2816 2744 2822
f 2822 2744 2747
f 2822 2747 2823
f 2823 2747 2821
f 2751 2750 2817
f 2817 2750 2748
f 2817 2748 2740
f 2145 2287 2753
f 2753 2287 2824
f 2753 2824 2825
f 2740 2739 2817
f 2817 2739 2753
f 2817 2753 2826
f 2826 2753 2825
f 2827 2803 2814
f 2828 2804 2803
f 2829 2830 2831
f 2832 2273 2275
f 2833 2834 2832
f 2830 2835 2831
f 2831 2835 2836
f 2831 2836 2837
f 2838 2839 2840
f 2840 2839 2841
f 2840 2841 2829
f 2842 2521 2843
f 2843 2521 2456
f 2844 2845 2846
f 2846 2845 2847
f 2846 2847 2848
f 2844 2846 2266
f 2266 2846 2849
f 2266 2849 2267
f 2832 2275 2833
f 2833 2275 2277
f 2833 2277 2850
f 2850 2277 2281
f 2850 2281 2851
f 2851 2281 2280
f 2851 2280 2852
f 2852 2280 2284
f 2852 2284 2853
f 2284 2283 2853
f 2853 2283 2282
f 2853 2282 2854
f 2854 2282 2271
f 2854 2271 2849
f 2849 2271 2269
f 2849 2269 2267
f 2828 2803 2848
f 2848 2803 2827
f 2848 2827 2846
f 2846 2827 2855
f 2846 2855 2849
f 2849 2855 2856
f 2849 2856 2854
f 2854 2856 2857
f 2854 2857 2853
f 2853 2857 2858
f 2853 2858 2852
f 2852 2858 2859
f 2852 2859 2851
f 2851 2859 2860
f 2851 2860 2850
f 2850 2860 2831
f 2850 2831 2833
f 2833 2831 2837
f 2833 2837 2834
f 2829 2831 2840
f 2840 2831 2860
f 2840 2860 2861
f 2861 2860 2859
f 2861 2859 2862
f 2862 2859 2858
f 2862 2858 2863
f 2863 2858 2857
f 2863 2857 2864
f 2864 2857 2856
f 2864 2856 2865
f 2865 2856 2855
f 2865 2855 2866
f 2866 2855 2827
f 2866 2827 2867
f 2867 2827 2814
f 2867 2814 2489
f 2489 2504 2867
f 2867 2504 2503
f 2867 2503 2866
f 2866 2503 2509
f 2866 2509 2865
f 2865 2509 2508
f 2865 2508 2864
f 2864 2508 2506
f 2864 2506 2863
f 2863 2506 2505
f 2863 2505 2862
f 2862 2505 2522
f 2862 2522 2861
f 2861 2522 2521
f 2861 2521 2840
f 2840 2521 2842
f 2840 2842 2838
f 2824 2287 2289
f 2868 2869 2870
f 2871 2455 2498
f 2871 2498 2872
f 2873 2874 2875
f 2874 2876 2875
f 2875 2876 2877
f 2875 2877 2872
f 2869 2878 2879
f 2878 2880 2879
f 2879 2880 2881
f 2879 2881 2873
f 2338 2285 2882
f 2883 2826 2825
f 2820 2819 2884
f 2884 2819 2818
f 2884 2818 2817
f 2816 2822 2885
f 2885 2822 2823
f 2885 2823 2821
f 2453 2447 2815
f 2297 2886 2293
f 2293 2886 2887
f 2293 2887 2294
f 2294 2887 2888
f 2294 2888 2291
f 2291 2888 2883
f 2291 2883 2289
f 2289 2883 2825
f 2289 2825 2824
f 2297 2296 2886
f 2886 2296 2302
f 2886 2302 2889
f 2302 2301 2889
f 2889 2301 2299
f 2889 2299 2890
f 2890 2299 2298
f 2890 2298 2891
f 2298 2303 2891
f 2891 2303 2305
f 2891 2305 2892
f 2305 2306 2892
f 2892 2306 2308
f 2892 2308 2893
f 2893 2308 2311
f 2893 2311 2894
f 2894 2311 2310
f 2894 2310 2895
f 2895 2310 2314
f 2314 2313 2895
f 2895 2313 2317
f 2895 2317 2896
f 2896 2317 2316
f 2896 2316 2897
f 2897 2316 2320
f 2897 2320 2898
f 2320 2319 2898
f 2898 2319 2325
f 2898 2325 2899
f 2325 2324 2899
f 2899 2324 2322
f 2899 2322 2900
f 2900 2322 2321
f 2900 2321 2901
f 2901 2321 2326
f 2901 2326 2902
f 2902 2326 2328
f 2328 2329 2902
f 2902 2329 2331
f 2902 2331 2903
f 2903 2331 2334
f 2903 2334 2904
f 2334 2333 2904
f 2904 2333 2337
f 2904 2337 2905
f 2337 2336 2905
f 2905 2336 2340
f 2905 2340 2906
f 2340 2339 2906
f 2906 2339 2338
f 2906 2338 2870
f 2870 2338 2882
f 2870 2882 2868
f 2869 2879 2870
f 2870 2879 2907
f 2870 2907 2906
f 2906 2907 2908
f 2906 2908 2905
f 2905 2908 2909
f 2905 2909 2904
f 2904 2909 2910
f 2904 2910 2903
f 2903 2910 2911
f 2903 2911 2902
f 2902 2911 2912
f 2902 2912 2901
f 2901 2912 2913
f 2901 2913 2900
f 2900 2913 2914
f 2900 2914 2899
f 2899 2914 2915
f 2899 2915 2898
f 2898 2915 2916
f 2898 2916 2897
f 2897 2916 2917
f 2897 2917 2896
f 2896 2917 2918
f 2896 2918 2895
f 2895 2918 2919
f 2895 2919 2894
f 2894 2919 2920
f 2894 2920 2893
f 2893 2920 2921
f 2893 2921 2892
f 2892 2921 2922
f 2892 2922 2891
f 2891 2922 2923
f 2891 2923 2890
f 2890 2923 2924
f 2890 2924 2889
f 2889 2924 2925
f 2889 2925 2886
f 2886 2925 2926
f 2886 2926 2887
f 2887 2926 2927
f 2887 2927 2888
f 2888 2927 2884
f 2888 2884 2883
f 2883 2884 2817
f 2883 2817 2826
f 2873 2875 2879
f 2879 2875 2928
f 2879 2928 2907
f 2907 2928 2929
f 2907 2929 2908
f 2908 2929 2930
f 2908 2930 2909
f 2909 2930 2931
f 2909 2931 2910
f 2910 2931 2932
f 2910 2932 2911
f 2911 2932 2933
f 2911 2933 2912
f 2912 2933 2934
f 2912 2934 2913
f 2913 2934 2935
f 2913 2935 2914
f 2914 2935 2936
f 2914 2936 2915
f 2915 2936 2937
f 2915 2937 2916
f 2916 2937 2938
f 2916 2938 2917
f 2917 2938 2939
f 2917 2939 2918
f 2918 2939 2940
f 2918 2940 2919
f 2919 2940 2941
f 2919 2941 2920
f 2920 2941 2942
f 2920 2942 2921
f 2921 2942 2943
f 2921 2943 2922
f 2922 2943 2944
f 2922 2944 2923
f 2923 2944 2945
f 2923 2945 2924
f 2924 2945 2946
f 2924 2946 2925
f 2925 2946 2947
f 2925 2947 2926
f 2926 2947 2948
f 2926 2948 2927
f 2927 2948 2885
f 2927 2885 2884
f 2884 2885 2821
f 2884 2821 2820
f 2872 2498 2875
f 2875 2498 2499
f 2875 2499 2928
f 2928 2499 2475
f 2928 2475 2929
f 2929 2475 2474
f 2929 2474 2930
f 2930 2474 2495
f 2930 2495 2931
f 2931 2495 2494
f 2931 2494 2932
f 2932 2494 2493
f 2932 2493 2933
f 2933 2493 2479
f 2933 2479 2934
f 2934 2479 2482
f 2934 2482 2935
f 2935 2482 2481
f 2935 2481 2936
f 2936 2481 2480
f 2936 2480 2937
f 2937 2480 2463
f 2937 2463 2938
f 2938 2463 2466
f 2938 2466 2939
f 2939 2466 2465
f 2939 2465 2940
f 2940 2465 2469
f 2940 2469 2941
f 2941 2469 2468
f 2941 2468 2942
f 2942 2468 2467
f 2942 2467 2943
f 2943 2467 2450
f 2943 2450 2944
f 2944 2450 2449
f 2944 2449 2945
f 2945 2449 2484
f 2945 2484 2946
f 2946 2484 2483
f 2946 2483 2947
f 2947 2483 2454
f 2947 2454 2948
f 2948 2454 2453
f 2948 2453 2885
f 2885 2453 2815
f 2885 2815 2816
f 2285 2273 2882
f 2882 2273 2832
f 2869 2868 2837
f 2837 2868 2882
f 2837 2882 2834
f 2834 2882 2832
f 2839 2877 2876
f 2881 2880 2837
f 2837 2880 2878
f 2837 2878 2869
f 2837 2836 2881
f 2881 2836 2835
f 2881 2835 2873
f 2873 2835 2830
f 2873 2830 2829
f 2876 2874 2839
f 2839 2874 2873
f 2839 2873 2841
f 2841 2873 2829
f 2877 2839 2872
f 2872 2839 2838
f 2872 2838 2842
f 2455 2871 2456
f 2456 2871 2872
f 2456 2872 2843
f 2843 2872 2842
f 2442 2159 2949
f 2949 2159 2161
f 2161 2163 2949
f 2949 2163 2165
f 2949 2165 2950
f 2419 2442 2420
f 2420 2442 2949
f 2420 2949 2421
f 2421 2949 2950
f 2421 2950 2422
f 2950 2165 2548
f 2422 2950 2951
f 2422 2951 2410
f 2410 2951 2952
f 2410 2952 2411
f 2411 2952 2953
f 2411 2953 2412
f 2412 2953 2954
f 2412 2954 2413
f 2950 2548 2951
f 2951 2548 2547
f 2951 2547 2952
f 2952 2547 2546
f 2952 2546 2953
f 2953 2546 2561
f 2953 2561 2954
f 2954 2561 2562
f 2954 2562 2955
f 2413 2954 2414
f 2414 2954 2955
f 2414 2955 2406
f 2955 2562 2584
f 2406 2955 2956
f 2406 2956 2407
f 2407 2956 2957
f 2407 2957 2409
f 2409 2957 2958
f 2409 2958 2408
f 2408 2958 2396
f 2396 2958 2959
f 2396 2959 2397
f 2397 2959 2960
f 2397 2960 2398
f 2398 2960 2961
f 2398 2961 2399
f 2399 2961 2962
f 2399 2962 2401
f 2401 2962 2963
f 2401 2963 2402
f 2402 2963 2964
f 2402 2964 2394
f 2394 2964 2965
f 2394 2965 2393
f 2955 2584 2956
f 2956 2584 2588
f 2956 2588 2957
f 2957 2588 2587
f 2957 2587 2958
f 2958 2587 2586
f 2958 2586 2959
f 2959 2586 2591
f 2959 2591 2960
f 2960 2591 2593
f 2960 2593 2961
f 2961 2593 2595
f 2961 2595 2962
f 2962 2595 2597
f 2962 2597 2963
f 2963 2597 2599
f 2963 2599 2964
f 2964 2599 2600
f 2964 2600 2965
f 2965 2600 2602
f 2965 2602 2966
f 2966 2602 2604
f 2966 2604 2967
f 2967 2604 2606
f 2967 2606 2968
f 2393 2965 2386
f 2386 2965 2966
f 2386 2966 2390
f 2390 2966 2967
f 2390 2967 2379
f 2379 2967 2968
f 2379 2968 2380
f 2969 2381 2380
f 2968 2606 2699
f 2380 2968 2969
f 2969 2968 2699
f 2969 2699 2970
f 2970 2699 2719
f 2719 2718 2970
f 2970 2718 2716
f 2970 2716 2971
f 2971 2716 2715
f 2971 2715 2972
f 2972 2715 2166
f 2972 2166 2973
f 2381 2969 2382
f 2382 2969 2970
f 2382 2970 2383
f 2383 2970 2971
f 2383 2971 2372
f 2372 2971 2972
f 2372 2972 2373
f 2373 2972 2973
f 2373 2973 2374
f 2974 2440 2439
f 2170 2171 2441
f 2441 2440 2170
f 2170 2440 2974
f 2170 2974 2168
f 2168 2974 2973
f 2168 2973 2166
f 2374 2973 2375
f 2375 2973 2974
f 2375 2974 2376
f 2376 2974 2439
f 2376 2439 2377
f 2119 2118 2975
f 2436 2132 2975
f 2975 2132 2130
f 2975 2130 2128
f 2118 2117 2975
f 2975 2117 2435
f 2975 2435 2436
f 2128 2127 2975
f 2975 2127 2976
f 2975 2976 2119
f 2119 2976 2120
f 2976 2127 2758
f 2120 2976 2977
f 2120 2977 2107
f 2107 2977 2978
f 2107 2978 2108
f 2108 2978 2979
f 2108 2979 2109
f 2109 2979 2980
f 2109 2980 2110
f 2976 2758 2977
f 2977 2758 2757
f 2977 2757 2978
f 2978 2757 2756
f 2978 2756 2979
f 2979 2756 2771
f 2979 2771 2980
f 2980 2771 2772
f 2980 2772 2981
f 2110 2980 2111
f 2111 2980 2981
f 2111 2981 2102
f 2981 2772 2782
f 2102 2981 2982
f 2102 2982 2103
f 2103 2982 2983
f 2103 2983 2105
f 2105 2983 2984
f 2105 2984 2104
f 2104 2984 2091
f 2091 2984 2985
f 2091 2985 2092
f 2092 2985 2986
f 2092 2986 2093
f 2093 2986 2987
f 2093 2987 2094
f 2094 2987 2988
f 2094 2988 2096
f 2096 2988 2989
f 2096 2989 2097
f 2097 2989 2990
f 2097 2990 2073
f 2073 2990 2991
f 2073 2991 2072
f 2981 2782 2982
f 2982 2782 2786
f 2982 2786 2983
f 2983 2786 2785
f 2983 2785 2984
f 2984 2785 2784
f 2984 2784 2985
f 2985 2784 2789
f 2985 2789 2986
f 2986 2789 2791
f 2986 2791 2987
f 2987 2791 2793
f 2987 2793 2988
f 2988 2793 2795
f 2988 2795 2989
f 2989 2795 2797
f 2989 2797 2990
f 2990 2797 2798
f 2990 2798 2991
f 2991 2798 2800
f 2991 2800 2992
f 2992 2800 2802
f 2992 2802 2993
f 2993 2802 2804
f 2993 2804 2994
f 2072 2991 2068
f 2068 2991 2992
f 2068 2992 2084
f 2084 2992 2993
f 2084 2993 2085
f 2085 2993 2994
f 2085 2994 2086
f 2995 2087 2086
f 2994 2804 2828
f 2086 2994 2995
f 2995 2994 2828
f 2995 2828 2996
f 2996 2828 2848
f 2848 2847 2996
f 2996 2847 2845
f 2996 2845 2997
f 2997 2845 2844
f 2997 2844 2998
f 2998 2844 2266
f 2998 2266 2999
f 2087 2995 2088
f 2088 2995 2996
f 2088 2996 2089
f 2089 2996 2997
f 2089 2997 2078
f 2078 2997 2998
f 2078 2998 2079
f 2079 2998 2999
f 2079 2999 2080
f 2999 2266 2268
f 2438 2437 3000
f 2437 2083 3000
f 3000 2083 2082
f 3000 2082 2081
f 2270 2438 2268
f 2268 2438 3000
f 2268 3000 2999
f 2999 3000 2081
f 2999 2081 2080
f 3001 3002 3003
f 2125 2124 3004
f 3004 2124 3005
f 3004 3005 3006
f 3006 3005 3007
f 3007 3005 3008
f 3007 3008 3009
f 3003 3002 2415
f 2415 3002 3010
f 2415 3010 2416
f 2416 3010 3011
f 2416 3011 3012
f 2368 3013 3014
f 3009 3008 3014
f 3014 3008 2366
f 3014 2366 2368
f 2431 2430 3015
f 3015 2430 3016
f 3016 3017 3015
f 3015 3017 3018
f 3015 3018 3003
f 3003 3018 3019
f 3003 3019 3001
f 2370 2371 2418
f 2418 2417 2370
f 2370 2417 2416
f 2370 2416 2368
f 2368 2416 3012
f 2368 3012 3013
f 3020 3021 3022
f 2076 2077 2116
f 2116 2115 2076
f 2076 2115 2114
f 2076 2114 2075
f 2075 2114 3023
f 3022 3021 2113
f 2113 3021 3024
f 2113 3024 2114
f 2114 3024 3025
f 2114 3025 3023
f 3023 3026 2075
f 2075 3026 3027
f 2075 3027 2074
f 2074 3027 3028
f 2434 2433 3029
f 3029 2433 3030
f 3027 3031 3028
f 3028 3031 3032
f 3028 3032 3030
f 3030 3032 3033
f 3030 3033 3029
f 2122 2121 3034
f 3034 2121 3035
f 3035 3036 3034
f 3034 3036 3037
f 3034 3037 3022
f 3022 3037 3038
f 3022 3038 3020
f 3039 1927 1924
f 3040 2429 2428
f 1908 1906 3017
f 3017 1906 1905
f 3017 1905 1882
f 1886 1918 1888
f 1888 1918 1889
f 1882 1889 3017
f 3017 1889 1918
f 3017 1918 3018
f 3018 1918 1915
f 3018 1915 3019
f 3041 3042 3001
f 3041 3001 3043
f 3019 1915 3001
f 3001 1915 1913
f 3001 1913 3043
f 3044 3013 3045
f 3045 3013 3012
f 3045 3012 3046
f 3046 3012 3011
f 3046 3011 3047
f 3047 3011 3010
f 3047 3010 3042
f 3042 3010 3002
f 3042 3002 3001
f 3044 3048 3013
f 3013 3048 3049
f 3013 3049 3014
f 3014 3049 3050
f 3014 3050 3009
f 3009 3050 3051
f 2428 2427 3006
f 3051 3040 3009
f 3009 3040 2428
f 3009 2428 3007
f 3007 2428 3006
f 3052 3053 2427
f 3053 3054 2427
f 2427 3054 3055
f 2427 3055 3006
f 3006 3055 3056
f 3006 3056 3057
f 3057 3058 3006
f 3006 3058 3059
f 3006 3059 3004
f 3036 3035 3060
f 3060 3035 2121
f 3060 2121 3061
f 3061 2121 2123
f 3061 2123 3059
f 3059 2123 2125
f 3059 2125 3004
f 3060 3062 3036
f 3036 3062 3063
f 3036 3063 3064
f 3065 2425 3066
f 3066 2425 3067
f 3065 3068 2425
f 2425 3068 3069
f 2425 3069 2426
f 2426 3069 3070
f 2426 3070 2427
f 2427 3070 3071
f 2427 3071 3052
f 3064 3067 3036
f 3036 3067 2425
f 3036 2425 3037
f 3037 2425 2424
f 3037 2424 3038
f 3072 3073 3020
f 3072 3020 3074
f 3038 2424 3020
f 3020 2424 2423
f 3020 2423 3074
f 3075 3026 3076
f 3076 3026 3023
f 3076 3023 3077
f 3077 3023 3025
f 3077 3025 3078
f 3078 3025 3024
f 3078 3024 3073
f 3073 3024 3021
f 3073 3021 3020
f 3075 3079 3026
f 3026 3079 3080
f 3026 3080 3027
f 3027 3080 3081
f 3027 3081 3031
f 3031 3081 3082
f 1924 1922 3033
f 3082 3039 3031
f 3031 3039 1924
f 3031 1924 3032
f 3032 1924 3033
f 1894 1896 1922
f 1886 1884 1918
f 1918 1884 1883
f 1918 1883 1921
f 1921 1883 1890
f 1921 1890 1922
f 1922 1890 1892
f 1922 1892 1894
f 1896 1897 1922
f 1922 1897 1899
f 1922 1899 3033
f 3033 1899 1900
f 3033 1900 1902
f 1902 1904 3033
f 3033 1904 1911
f 3033 1911 3029
f 3017 3016 1908
f 1908 3016 2430
f 1908 2430 1910
f 1910 2430 2432
f 1910 2432 1911
f 1911 2432 2434
f 1911 2434 3029
f 3028 3030 3083
f 2415 3084 3003
f 3003 3084 3015
f 3085 1916 2074
f 3086 3087 1917
f 1917 3087 3088
f 1917 3088 2415
f 2415 3088 3089
f 2415 3089 3084
f 3083 3030 3090
f 3090 3030 2433
f 3090 2433 3084
f 3084 2433 2431
f 3084 2431 3015
f 3028 3083 2074
f 2074 3083 3091
f 2074 3091 3085
f 3085 3092 1916
f 1916 3092 3093
f 1916 3093 1917
f 1917 3093 3094
f 1917 3094 3086
f 3095 3096 2112
f 2112 3096 3097
f 2112 3097 2113
f 3095 2112 3098
f 3098 2112 2367
f 3098 2367 3099
f 3097 3100 2113
f 2113 3100 3101
f 2113 3101 3022
f 3022 3101 3034
f 3102 3103 2366
f 2366 3103 3104
f 2366 3104 2367
f 2367 3104 3105
f 2367 3105 3099
f 2366 3008 3102
f 3102 3008 3005
f 3102 3005 3106
f 3106 3005 2124
f 3106 2124 3101
f 3101 2124 2122
f 3101 2122 3034
f 2345 2347 3107
f 3107 2347 3108
f 3108 2347 2349
f 3108 2349 3109
f 2359 3110 2357
f 2357 3110 3111
f 2357 3111 2355
f 2355 3111 3112
f 2355 3112 2353
f 2353 3112 3113
f 2353 3113 2351
f 2351 3113 3114
f 2351 3114 2349
f 2349 3114 3115
f 2349 3115 3109
f 3107 3116 2345
f 2345 3116 3117
f 2345 3117 2343
f 2343 3117 3118
f 2343 3118 2341
f 2341 3118 3119
f 2341 3119 2363
f 2363 3119 3120
f 2363 3120 2361
f 2361 3120 3121
f 2361 3121 2359
f 2359 3121 3122
f 2359 3122 3110
f 3107 2444 3116
f 3116 2444 2443
f 3116 2443 3117
f 3117 2443 2446
f 3117 2446 3118
f 3118 2446 2448
f 3107 3108 2444
f 2444 3108 2528
f 3114 2497 3115
f 3115 2497 2496
f 3115 2496 3109
f 3109 2496 2457
f 3109 2457 3108
f 3108 2457 2528
f 3114 3113 2497
f 2497 3113 2476
f 3119 2451 3120
f 3120 2451 2452
f 3120 2452 3121
f 3121 2452 2464
f 3121 2464 3122
f 3122 2464 2462
f 3122 2462 3110
f 3110 2462 2461
f 3110 2461 3111
f 3111 2461 2478
f 3111 2478 3112
f 3112 2478 2477
f 3112 2477 3113
f 3113 2477 2476
f 3119 3118 2451
f 2451 3118 2448
f 2055 2057 3123
f 3123 2057 3124
f 3124 2057 2059
f 3124 2059 3125
f 2045 3126 2043
f 2043 3126 3127
f 2043 3127 2041
f 2041 3127 3128
f 2041 3128 2039
f 2039 3128 3129
f 2039 3129 2061
f 2061 3129 3130
f 2061 3130 2059
f 2059 3130 3131
f 2059 3131 3125
f 3123 3132 2055
f 2055 3132 3133
f 2055 3133 2053
f 2053 3133 3134
f 2053 3134 2051
f 2051 3134 3135
f 2051 3135 2049
f 2049 3135 3136
f 2049 3136 2047
f 2047 3136 3137
f 2047 3137 2045
f 2045 3137 3138
f 2045 3138 3126
f 3135 2507 3136
f 3136 2507 2502
f 3136 2502 3137
f 3137 2502 2488
f 3137 2488 3138
f 3138 2488 2459
f 3138 2459 3126
f 3126 2459 2458
f 3126 2458 3127
f 3127 2458 2471
f 3127 2471 3128
f 3128 2471 2525
f 3128 2525 3129
f 3129 2525 2512
f 3135 3134 2507
f 2507 3134 2520
f 3123 2501 3132
f 3132 2501 2500
f 3132 2500 3133
f 3133 2500 2519
f 3133 2519 3134
f 3134 2519 2520
f 3123 3124 2501
f 2501 3124 2518
f 3130 2514 3131
f 3131 2514 2516
f 3131 2516 3125
f 3125 2516 2517
f 3125 2517 3124
f 3124 2517 2518
f 3130 3129 2514
f 2514 3129 2512
f 2261 2259 3139
f 3139 2259 3140
f 3140 2259 2257
f 3140 2257 3141
f 3141 2257 2255
f 3141 2255 3142
f 3142 2255 2253
f 3142 2253 3143
f 3143 2253 2251
f 3143 2251 3144
f 2247 3145 2249
f 2249 3145 3146
f 2249 3146 2251
f 2251 3146 3147
f 2251 3147 3144
f 3139 3148 2261
f 2261 3148 3149
f 2261 3149 2263
f 2263 3149 3150
f 2263 3150 2265
f 2265 3150 3151
f 2265 3151 2243
f 2243 3151 3152
f 2243 3152 2245
f 2245 3152 3153
f 2245 3153 2247
f 2247 3153 3154
f 2247 3154 3145
f 3153 1987 3154
f 3154 1987 1985
f 3154 1985 3145
f 3145 1985 1983
f 3145 1983 3146
f 3146 1983 2038
f 3153 3152 1987
f 1987 3152 1967
f 3141 1976 3140
f 3140 1976 1959
f 3140 1959 3139
f 3139 1959 1956
f 3139 1956 3148
f 3148 1956 1955
f 3148 1955 3149
f 3149 1955 1954
f 3149 1954 3150
f 3150 1954 1970
f 3150 1970 3151
f 3151 1970 1965
f 3151 1965 3152
f 3152 1965 1967
f 3141 3142 1976
f 1976 3142 1999
f 3147 2037 3144
f 3144 2037 1995
f 3144 1995 3143
f 3143 1995 1997
f 3143 1997 3142
f 3142 1997 1999
f 3147 3146 2037
f 2037 3146 2038
f 1946 3155 1948
f 1948 3155 3156
f 1948 3156 1950
f 1950 3156 3157
f 1936 3158 1938
f 1938 3158 3159
f 1938 3159 1940
f 1940 3159 3160
f 1940 3160 1942
f 1942 3160 3161
f 1942 3161 1944
f 1944 3161 3162
f 1944 3162 1946
f 1946 3162 3163
f 1946 3163 3155
f 3157 3164 1950
f 1950 3164 3165
f 1950 3165 1952
f 1952 3165 3166
f 1952 3166 1930
f 1930 3166 3167
f 1930 3167 1932
f 1932 3167 3168
f 1932 3168 1934
f 1934 3168 3169
f 1934 3169 1936
f 1936 3169 3170
f 1936 3170 3158
f 3167 1962 3168
f 3168 1962 1981
f 3168 1981 3169
f 3169 1981 2022
f 3169 2022 3170
f 3170 2022 2006
f 3170 2006 3158
f 3158 2006 1993
f 3158 1993 3159
f 3159 1993 1992
f 3159 1992 3160
f 3160 1992 2005
f 3160 2005 3161
f 3161 2005 2011
f 3167 3166 1962
f 1962 3166 2015
f 3157 2018 3164
f 3164 2018 2017
f 3164 2017 3165
f 3165 2017 2016
f 3165 2016 3166
f 3166 2016 2015
f 3157 3156 2018
f 2018 3156 2036
f 3162 2032 3163
f 3163 2032 2034
f 3163 2034 3155
f 3155 2034 2035
f 3155 2035 3156
f 3156 2035 2036
f 3162 3161 2032
f 2032 3161 2011
f 3074 2423 2063
f 2063 2423 2064
f 2069 1928 3039
f 3039 1928 1927
f 2387 2388 3040
f 3040 2388 2429
f 3043 1913 2365
f 2365 1913 1912
f 3059 3058 3171
f 3171 3058 3057
f 3171 3057 3172
f 3172 3057 3056
f 3172 3056 3173
f 3059 3171 3061
f 3061 3171 3174
f 3061 3174 3060
f 3060 3174 3175
f 3060 3175 3062
f 3062 3175 3176
f 3062 3176 3063
f 3063 3176 3064
f 3064 3176 3177
f 3064 3177 3067
f 3067 3177 3066
f 3066 3177 3178
f 3066 3178 3065
f 3065 3178 3179
f 3065 3179 3068
f 3180 3052 3181
f 3181 3052 3071
f 3181 3071 3182
f 3182 3071 3070
f 3182 3070 3179
f 3179 3070 3069
f 3179 3069 3068
f 3056 3055 3173
f 3173 3055 3054
f 3173 3054 3180
f 3180 3054 3053
f 3180 3053 3052
f 2095 3076 2090
f 2090 3076 3077
f 2090 3077 2098
f 2098 3077 3078
f 2098 3078 3073
f 3074 2063 3072
f 3072 2063 2100
f 3072 2100 3073
f 3073 2100 2099
f 3073 2099 2098
f 2069 3039 3082
f 2069 3082 2066
f 2066 3082 3081
f 2066 3081 2067
f 2067 3081 3080
f 2067 3080 2070
f 3080 3079 2070
f 2070 3079 3075
f 2070 3075 2071
f 2071 3075 3076
f 2071 3076 2095
f 3043 2365 3041
f 3041 2365 2405
f 3041 2405 3042
f 3042 2405 2404
f 3042 2404 2403
f 2400 3045 2395
f 2395 3045 3046
f 2395 3046 2403
f 2403 3046 3047
f 2403 3047 3042
f 2391 3048 3044
f 2391 3044 2392
f 2392 3044 3045
f 2392 3045 2400
f 3048 2391 3049
f 3049 2391 2385
f 3049 2385 3050
f 3050 2385 2384
f 3050 2384 3051
f 3051 2384 2387
f 3051 2387 3040
f 3181 3099 3180
f 3180 3099 3105
f 3180 3105 3173
f 3173 3105 3104
f 3173 3104 3172
f 3172 3104 3103
f 3172 3103 3171
f 3171 3103 3102
f 3171 3102 3174
f 3174 3102 3106
f 3174 3106 3175
f 3175 3106 3101
f 3175 3101 3176
f 3176 3101 3100
f 3176 3100 3177
f 3177 3100 3097
f 3177 3097 3178
f 3178 3097 3096
f 3178 3096 3179
f 3179 3096 3095
f 3179 3095 3182
f 3182 3095 3098
f 3182 3098 3181
f 3181 3098 3099
f 1887 3183 1885
f 1885 3183 3184
f 1885 3184 1891
f 1891 3184 3185
f 1891 3185 1893
f 1893 3185 3186
f 1893 3186 1895
f 1895 3186 3187
f 1895 3187 1898
f 1898 3187 3188
f 1898 3188 1901
f 1901 3188 3189
f 1901 3189 1903
f 1903 3189 3190
f 1903 3190 1909
f 1909 3190 3191
f 1909 3191 1907
f 1907 3191 3192
f 1907 3192 1880
f 1880 3192 3193
f 1880 3193 1881
f 1881 3193 3194
f 1881 3194 1887
f 1887 3194 3183
f 3194 3195 3183
f 3183 3195 3196
f 3183 3196 3184
f 3184 3196 3197
f 3184 3197 3185
f 3185 3197 3198
f 3185 3198 3186
f 3186 3198 3199
f 3186 3199 3187
f 3187 3199 3200
f 3187 3200 3188
f 3188 3200 3201
f 3188 3201 3189
f 3189 3201 3202
f 3189 3202 3190
f 3190 3202 3203
f 3190 3203 3191
f 3191 3203 3204
f 3191 3204 3192
f 3192 3204 3205
f 3192 3205 3193
f 3193 3205 3206
f 3193 3206 3194
f 3194 3206 3195
f 3205 3084 3206
f 3206 3084 3089
f 3206 3089 3195
f 3195 3089 3088
f 3195 3088 3196
f 3196 3088 3087
f 3196 3087 3197
f 3197 3087 3086
f 3197 3086 3198
f 3198 3086 3094
f 3198 3094 3199
f 3199 3094 3093
f 3199 3093 3200
f 3200 3093 3092
f 3200 3092 3201
f 3201 3092 3085
f 3201 3085 3202
f 3202 3085 3091
f 3202 3091 3203
f 3203 3091 3083
f 3203 3083 3204
f 3204 3083 3090
f 3204 3090 3205
f 3205 3090 3084
