v 0.008047999814152718 -0.05700400099158287 0.015011000446975235
v 0.008031999692320824 -0.05703200027346611 0.01515499968081713
v 0.00800000037997961 -0.057029999792575836 0.015142000280320648
v 0.00800000037997961 -0.03561199828982353 -0.010889000259339811
v 0.008070999756455421 -0.03559599816799164 -0.010894999839365484
v 0.008070999756455421 -0.039726000279188156 -0.008909000083804132
v 0.008070999756455421 -0.05689999833703041 0.01449800003319979
v 0.00800000037997961 -0.055782999843358994 0.010437999852001669
v 0.008070999756455421 -0.05575000122189522 0.010339999571442606
v 0.00800000037997961 -0.055502999573946 0.009646999649703504
v 0.008070999756455421 -0.0537399984896183 0.005634999834001065
v 0.00800000037997961 -0.05380500108003616 0.005762000102549792
v 0.008070999756455421 -0.05299999937415123 0.00427500018849969
v 0.00800000037997961 -0.05299999937415123 0.00427500018849969
v 0.008070999756455421 -0.05107000097632408 0.0012700000079348686
v 0.00800000037997961 -0.05117600038647652 0.0014189999783411624
v 0.008070999756455421 -0.049633000046014786 -0.0006009999779053033
v 0.00800000037997961 -0.03998799994587898 -0.008759000338613989
v 0.008070999756455421 -0.040706999599933624 -0.008334999904036524
v 0.00800000037997961 -0.04419500008225441 -0.005917999893426897
v 0.00800000037997961 -0.049633000046014786 -0.0006009999779053033
v 0.00800000037997961 -0.04794999957084656 -0.0025009999517351393
v 0.008070999756455421 -0.04779699817299843 -0.0026620000135153536
v 0.00800000037997961 -0.045496001839637756 -0.004844000097364188
v 0.008070999756455421 -0.045496001839637756 -0.004844000097364188
v 0.008070999756455421 -0.04398899897933006 -0.006078999955207111
v 0.013700000010430813 -0.0572270005941391 0.01626200042665005
v 0.013700000010430813 -0.05752899870276451 0.018719000741839412
v 0.011846000328660011 -0.057363998144865036 0.017211999744176868
v 0.010071000084280968 -0.05631899833679199 0.012152999639511112
v 0.013700000010430813 -0.056338001042604446 0.01222299970686436
v 0.013700000010430813 -0.05653899908065796 0.012962000444531444
v 0.010071000084280968 -0.05720200017094612 0.016110999509692196
v 0.013700000010430813 -0.055463001132011414 0.009538000449538233
v 0.010071000084280968 -0.055137999355793 0.008694999851286413
v 0.013700000010430813 -0.054044999182224274 0.006240999791771175
v 0.010071000084280968 -0.053605999797582626 0.005377000197768212
v 0.013700000010430813 -0.05384700000286102 0.005845000036060811
v 0.013700000010430813 -0.052299000322818756 0.003104999894276262
v 0.010071000084280968 -0.05173800140619278 0.0022370000369846825
v 0.013700000010430813 -0.05024300143122673 0.00016199999663513157
v 0.010071000084280968 -0.05017000064253807 6.800000119255857e-05
v 0.010071000084280968 -0.04955599829554558 -0.0006939999875612558
v 0.013700000010430813 -0.047899000346660614 -0.002554999897256494
v 0.010071000084280968 -0.04708100110292435 -0.003382999915629626
v 0.013700000010430813 -0.04529000073671341 -0.005020999815315009
v 0.010071000084280968 -0.045444998890161514 -0.004887999966740609
v 0.010071000084280968 -0.04434200003743172 -0.00580199994146824
v 0.013700000010430813 -0.042445000261068344 -0.007207999937236311
v 0.010071000084280968 -0.041367001831531525 -0.007922999560832979
v 0.013700000010430813 -0.03985200077295303 -0.008837999776005747
v 0.010071000084280968 -0.03985200077295303 -0.008837999776005747
v 0.013700000010430813 -0.03939099982380867 -0.009095000103116037
v 0.010071000084280968 -0.03818900138139725 -0.009726000018417837
v 0.013700000010430813 -0.03637399896979332 -0.010571000166237356
v 0.010071000084280968 -0.03508299961686134 -0.01109800022095442
v 0.013700000010430813 -0.033831000328063965 -0.011552999727427961
v -0.010071000084280968 -0.056299999356269836 0.012086999602615837
v -0.010071000084280968 -0.05720200017094612 0.016110999509692196
v -0.011846000328660011 -0.057363998144865036 0.017211999744176868
v -0.013700000010430813 -0.033831000328063965 -0.011552999727427961
v -0.010071000084280968 -0.03508299961686134 -0.01109800022095442
v -0.013700000010430813 -0.03637399896979332 -0.010571000166237356
v -0.010071000084280968 -0.03906499966979027 -0.009271999821066858
v -0.010071000084280968 -0.05254499986767769 0.0035039999056607493
v -0.013700000010430813 -0.05024300143122673 0.00016199999663513157
v -0.010071000084280968 -0.04984600096940994 -0.00033899999107234185
v -0.013700000010430813 -0.05017000064253807 6.800000119255857e-05
v -0.010071000084280968 -0.046661000698804855 -0.0037879999727010736
v -0.013700000010430813 -0.047899000346660614 -0.002554999897256494
v -0.010071000084280968 -0.045444998890161514 -0.004887999966740609
v -0.013700000010430813 -0.04529000073671341 -0.005020999815315009
v -0.010071000084280968 -0.043046001344919205 -0.006783999968320133
v -0.013700000010430813 -0.042445000261068344 -0.007207999937236311
v -0.010071000084280968 -0.03985200077295303 -0.008837999776005747
v -0.013700000010430813 -0.03985200077295303 -0.008837999776005747
v -0.013700000010430813 -0.03939099982380867 -0.009095000103116037
v -0.013700000010430813 -0.05752899870276451 0.018719000741839412
v -0.013700000010430813 -0.0572270005941391 0.01626200042665005
v -0.013700000010430813 -0.05653899908065796 0.012962000444531444
v -0.013700000010430813 -0.056338001042604446 0.01222299970686436
v -0.010071000084280968 -0.054708998650312424 0.007670000195503237
v -0.013700000010430813 -0.055463001132011414 0.009538000449538233
v -0.013700000010430813 -0.054044999182224274 0.006240999791771175
v -0.010071000084280968 -0.05384700000286102 0.005845000036060811
v -0.013700000010430813 -0.05384700000286102 0.005845000036060811
v -0.013700000010430813 -0.052299000322818756 0.003104999894276262
v -0.01600000075995922 -0.05683799833059311 0.014213999733328823
v -0.015699999406933784 -0.057259999215602875 0.01647800020873547
v -0.01600000075995922 -0.05744900181889534 0.01790699921548367
v -0.015699999406933784 -0.0576540008187294 0.020959999412298206
v -0.01600000075995922 -0.0576619990170002 0.021376999095082286
v -0.01600000075995922 -0.03280600160360336 -0.011886999942362312
v -0.015699999406933784 -0.032951001077890396 -0.011842000298202041
v -0.01600000075995922 -0.03607400134205818 -0.010699000209569933
v -0.015699999406933784 -0.03616200014948845 -0.010661999695003034
v -0.01600000075995922 -0.039441999047994614 -0.009066999889910223
v -0.015699999406933784 -0.03939099982380867 -0.009095000103116037
v -0.01600000075995922 -0.04261799901723862 -0.007087999954819681
v -0.015699999406933784 -0.042445000261068344 -0.007207999937236311
v -0.01600000075995922 -0.045566998422145844 -0.0047820000909268865
v -0.015699999406933784 -0.04529000073671341 -0.005020999815315009
v -0.015699999406933784 -0.045566998422145844 -0.0047820000909268865
v -0.01600000075995922 -0.04825500026345253 -0.002178000053390861
v -0.015699999406933784 -0.047899000346660614 -0.002554999897256494
v -0.01600000075995922 -0.05065099895000458 0.0006970000104047359
v -0.015699999406933784 -0.054044999182224274 0.006240999791771175
v -0.01600000075995922 -0.054464999586343765 0.007125999778509142
v -0.01600000075995922 -0.05272899940609932 0.003809999907389284
v -0.015699999406933784 -0.05024300143122673 0.00016199999663513157
v -0.015699999406933784 -0.05065099895000458 0.0006970000104047359
v -0.015699999406933784 -0.052299000322818756 0.003104999894276262
v -0.015699999406933784 -0.054464999586343765 0.007125999778509142
v -0.015699999406933784 -0.055463001132011414 0.009538000449538233
v -0.01600000075995922 -0.05584000051021576 0.010607000440359117
v -0.015699999406933784 -0.05653899908065796 0.012962000444531444
v -0.015699999406933784 -0.05683799833059311 0.014213999733328823
v 0.006000000052154064 -0.036003001034259796 0.005911999847739937
v 0.006000000052154064 -0.039659999310970306 0.005911999847739937
v 0.005249999929219484 -0.03612000122666359 0.005826000124216081
v 0.004488000180572271 -0.039659999310970306 0.0057509997859597215
v 0.004488000180572271 -0.03622300177812576 0.0057509997859597215
v -0.006000000052154064 -0.039659999310970306 0.005911999847739937
v -0.004494000226259232 -0.039659999310970306 0.0057509997859597215
v -0.004494000226259232 -0.04344499856233597 0.006082999985665085
v -0.006000000052154064 -0.04341699928045273 0.006240999791771175
v -0.004494000226259232 -0.045301999896764755 0.006494000088423492
v -0.006000000052154064 -0.047061000019311905 0.0072169997729361075
v -0.004494000226259232 -0.0471160002052784 0.007065999787300827
v -0.004494000226259232 -0.05055899918079376 0.00867199990898371
v -0.006000000052154064 -0.05047899857163429 0.00881099980324507
v -0.004494000226259232 -0.053672000765800476 0.01085100043565035
v -0.006000000052154064 -0.0535690002143383 0.010974000208079817
v -0.004494000226259232 -0.056359000504016876 0.013538000173866752
v -0.0063749998807907104 -0.055716000497341156 0.013116000220179561
v -0.004494000226259232 -0.055073998868465424 0.012136000208556656
v -0.006054999772459269 -0.05466499924659729 0.011969000101089481
v -0.006000000052154064 -0.05397000163793564 0.011319000273942949
v -0.00800000037997961 -0.057029999792575836 0.015142000280320648
v -0.007573999930173159 -0.05693399906158447 0.014890000224113468
v -0.0062939999625086784 -0.05836699903011322 0.016750000417232517
v -0.008031999692320824 -0.05703200027346611 0.01515499968081713
v -0.006490999832749367 -0.0559380017220974 0.013389999978244308
v -0.0062939999625086784 -0.05620700120925903 0.013664999976754192
v -0.006994999945163727 -0.05657299980521202 0.014268999919295314
v -0.0070500001311302185 -0.0566210001707077 0.014343000017106537
v -0.0062939999625086784 -0.061260998249053955 0.02755000069737435
v -0.008031999692320824 -0.0610009990632534 0.02755000069737435
v -0.0062939999625086784 -0.06093300133943558 0.023799000307917602
v -0.008031999692320824 -0.060676999390125275 0.023843999952077873
v -0.0062939999625086784 -0.05995799973607063 0.02016199938952923
v -0.008031999692320824 -0.059714000672101974 0.020251000300049785
v -0.008031999692320824 -0.05814199894666672 0.016878999769687656
v -0.004494000226259232 -0.05853800103068352 0.01665100082755089
v -0.004494000226259232 -0.061459001153707504 0.02755000069737435
v -0.004494000226259232 -0.06112699955701828 0.02376499958336354
v -0.004494000226259232 -0.06071599945425987 0.0219080001115799
v -0.004494000226259232 -0.06014399975538254 0.020093999803066257
v -0.006000000052154064 -0.036003001034259796 0.005911999847739937
v -0.005253000184893608 -0.03612000122666359 0.005826000124216081
v -0.004494000226259232 -0.03622199967503548 0.0057509997859597215
v -0.013753999955952168 -0.057806000113487244 0.01934600062668324
v -0.010045000351965427 -0.05741500109434128 0.016432000324130062
v -0.010014999657869339 -0.05759499967098236 0.016713000833988193
v -0.010010000318288803 -0.05764500051736832 0.01679399982094765
v -0.009995000436902046 -0.058122001588344574 0.01762899942696095
v -0.013767000287771225 -0.05787099897861481 0.019502999261021618
v -0.011966999620199203 -0.0586090013384819 0.019812000915408138
v -0.011966999620199203 -0.060127999633550644 0.02755000069737435
v -0.013767000287771225 -0.05956999957561493 0.02755000069737435
v -0.011966999620199203 -0.059744998812675476 0.023607000708580024
v -0.013767000287771225 -0.05919700115919113 0.023715000599622733
v -0.013767000287771225 -0.05809200182557106 0.02002299949526787
v -0.009995000436902046 -0.06061900034546852 0.02755000069737435
v -0.009995000436902046 -0.06022699922323227 0.023513000458478935
v -0.009995000436902046 -0.059978000819683075 0.02240400016307831
v -0.009995000436902046 -0.059064000844955444 0.01962699927389622
v -0.017609000205993652 -0.05685099959373474 0.021498000249266628
v -0.017550000920891762 -0.05691299960017204 0.021575000137090686
v -0.01754399947822094 -0.05756999924778938 0.02398700080811978
v -0.01740800030529499 -0.05702200159430504 0.021655000746250156
v -0.016889000311493874 -0.05733399838209152 0.02173000015318394
v -0.015634000301361084 -0.05855000019073486 0.024163000285625465
v -0.01634399965405464 -0.05758899822831154 0.021655999124050144
v -0.015636000782251358 -0.058375000953674316 0.023303000256419185
v -0.01611500047147274 -0.05765800178050995 0.02152900025248528
v -0.01566700078547001 -0.05790900066494942 0.021655999124050144
v -0.01608699932694435 -0.05766100063920021 0.02149700000882149
v -0.015689000487327576 -0.057764001190662384 0.02125399932265282
v -0.017821000888943672 -0.05647899955511093 0.020849000662565235
v -0.01773799955844879 -0.05664899945259094 0.021154999732971195
v -0.01909100078046322 -0.055635999888181686 0.020933000370860103
v -0.01909100078046322 -0.056620001792907715 0.024175999686121948
v -0.017999999225139618 -0.05462599918246269 0.017550000920891765
v -0.017999999225139618 -0.05555500090122223 0.019102999940514568
v -0.017872000113129616 -0.05634700134396553 0.02060399949550629
v -0.01909100078046322 -0.054037999361753464 0.017943000420928005
v -0.01909100078046322 -0.05188700184226036 0.015323000028729442
v -0.017999999225139618 -0.05238800123333931 0.014821999706327919
v -0.01909100078046322 -0.0492670014500618 0.013171999715268615
v -0.017999999225139618 -0.04966000095009804 0.012583999894559387
v -0.01909100078046322 -0.0462770015001297 0.011574000120162966
v -0.017999999225139618 -0.04654800146818161 0.010920000262558462
v -0.01909100078046322 -0.04303399845957756 0.010590000078082086
v -0.017999999225139618 -0.04317200183868408 0.009895999915897848
v -0.01909100078046322 -0.039659999310970306 0.010258000344038011
v -0.017999999225139618 -0.039659999310970306 0.009549999609589578
v -0.015634000301361084 -0.058851998299360275 0.02755000069737435
v -0.01754399947822094 -0.05792099982500076 0.02755000069737435
v -0.015634000301361084 -0.05855200067162514 0.02417100034654141
v -0.01909100078046322 -0.05695199966430664 0.02755000069737435
v -0.01534700021147728 -0.05908599868416786 0.023525999858975417
v -0.01534700021147728 -0.05816499888896942 0.020398000255227092
v -0.014413000084459782 -0.0596579983830452 0.02471799962222577
v -0.015258999541401863 -0.05819199979305267 0.020376000553369526
v -0.014413000084459782 -0.05906299874186516 0.021942999213933948
v -0.015174999833106995 -0.0582129992544651 0.020338999107480053
v -0.014965999871492386 -0.05823900178074837 0.02018699981272221
v -0.014841999858617783 -0.05823900178074837 0.02005800046026707
v -0.014627999626100063 -0.05822800099849701 0.019813999533653263
v -0.014413000084459782 -0.05821499973535538 0.01957199908792973
v -0.014413000084459782 -0.059856999665498734 0.02755000069737435
v -0.01534700021147728 -0.059498999267816544 0.02755000069737435
v -0.01534700021147728 -0.05939500033855438 0.0255270004272461
v -0.015634000301361084 -0.05875299870967865 0.0255929995328188
v -0.008617999963462353 -0.05901699885725975 0.017660999670624736
v -0.008617999963462353 -0.05970200151205063 0.019135000184178356
v -0.009487999603152275 -0.057753998786211014 0.015812000259757045
v -0.009379999712109566 -0.057750001549720764 0.0157689992338419
v -0.008999000303447247 -0.05772000178694725 0.01558800041675568
v -0.008617999963462353 -0.05768899992108345 0.015407999977469448
v -0.008617999963462353 -0.0613970011472702 0.02755000069737435
v -0.009600000455975533 -0.06120600178837776 0.02755000069737435
v -0.008617999963462353 -0.061128001660108566 0.024142000824213035
v -0.009600000455975533 -0.0608070008456707 0.023423999547958377
v -0.008617999963462353 -0.06032799929380417 0.020818000659346584
v -0.009600000455975533 -0.05962599813938141 0.019450999796390537
v -0.009600000455975533 -0.057746000587940216 0.015839999541640285
v -0.009995000436902046 -0.05974999815225601 0.021576000377535823
v -0.009995000436902046 -0.05886299908161163 0.01915100030601025
v -0.009995000436902046 -0.0589740015566349 0.019409999251365665
v -0.009995000436902046 -0.05908200144767761 0.019671000540256504
v -0.009995000436902046 -0.05863000079989433 0.01863599941134453
v -0.009995000436902046 -0.0600150004029274 0.02255100011825562
v -0.009995000436902046 -0.06012900173664093 0.023042000830173496
v -0.009995000436902046 -0.060231998562812805 0.02353600040078164
v -0.00999400019645691 -0.05926299840211868 0.019597999751567844
v -0.009921000339090824 -0.05760699883103371 0.016019999980926517
v -0.00991899985820055 -0.05942999944090843 0.01953000016510487
v -0.009890000335872173 -0.057631999254226685 0.015982000157237056
v -0.00977999996393919 -0.0595569983124733 0.019478999078273777
v -0.009790999814867973 -0.05769599974155426 0.015912000089883808
v -0.00964100006967783 -0.05774199962615967 0.015853000804781917
v -0.009999999776482582 -0.0576150007545948 0.01642199978232384
v -0.009986000135540962 -0.05757100135087967 0.0162310004234314
v -0.009957999922335148 -0.057576000690460205 0.01609599962830544
v -0.010003999806940556 -0.05773000046610832 0.01672800071537495
v -0.00999400019645691 -0.060423001646995544 0.023499000817537315
v -0.00999400019645691 -0.0608149990439415 0.02755000069737435
v -0.009976999834179878 -0.060878001153469086 0.02755000069737435
v -0.00991899985820055 -0.060600001364946365 0.023465000092983253
v -0.00977999996393919 -0.06073400005698204 0.0234379991889
v -0.009832000359892845 -0.06109200045466423 0.02755000069737435
v -0.00991899985820055 -0.06099500134587288 0.02755000069737435
v -0.00977999996393919 -0.061131998896598816 0.02755000069737435
v -0.008422999642789364 -0.05901600047945976 0.017661999911069873
v -0.008050999604165554 -0.05703900009393692 0.015042999759316448
v -0.008047999814152718 -0.05700400099158287 0.015011000446975235
v -0.00853899959474802 -0.057663001120090485 0.015352999791502956
v -0.008375000208616257 -0.05761399865150452 0.015320999547839168
v -0.008228999562561512 -0.05750099942088127 0.015285000205039981
v -0.008243000134825706 -0.058949001133441925 0.017696000635623935
v -0.00811699964106083 -0.057321999222040176 0.015224000439047817
v -0.008105999790132046 -0.05882599949836731 0.017759000882506374
v -0.008580000139772892 -0.05767099931836128 0.015371000394225124
v -0.008422999642789364 -0.06032700091600418 0.02081900089979172
v -0.008243000134825706 -0.06025499850511551 0.020842000842094425
v -0.008105999790132046 -0.060123998671770096 0.02088500000536442
v -0.008105999790132046 -0.06118199974298477 0.02755000069737435
v -0.008422999642789364 -0.061395999044179916 0.02755000069737435
v -0.008422999642789364 -0.06112699955701828 0.024142000824213035
v -0.008243000134825706 -0.061319999396800995 0.02755000069737435
v -0.008243000134825706 -0.061051998287439346 0.02415399998426438
v -0.008105999790132046 -0.0609159991145134 0.024175999686121948
v -0.008070999756455421 -0.05717200040817261 0.015146000310778621
v -0.013914999552071095 -0.05804000049829483 0.019376000389456752
v -0.013805000111460686 -0.05792799964547157 0.019437000155448917
v -0.013918999582529068 -0.05898800119757652 0.021964000537991527
v -0.014058999717235565 -0.058115001767873764 0.019340999424457554
v -0.014155999757349491 -0.05908900126814842 0.021934999153018
v -0.01435299962759018 -0.058171000331640244 0.019423000514507297
v -0.014278000220656395 -0.05814100056886673 0.019325999543070797
v -0.01425000000745058 -0.05813699960708618 0.019313000142574314
v -0.014223000034689903 -0.05813699960708618 0.019311999902129177
v -0.014155999757349491 -0.058136001229286194 0.019323000684380535
v -0.014155999757349491 -0.05968499928712845 0.024715000763535507
v -0.013918999582529068 -0.059579998254776 0.024729000404477126
v -0.014155999757349491 -0.059884000569581985 0.02755000069737435
v -0.014030000194907188 -0.05984700098633766 0.02755000069737435
v -0.013918999582529068 -0.05977899953722954 0.02755000069737435
v -0.015381000004708767 -0.05815200135111809 0.020405000075697902
v -0.01551199983805418 -0.058070000261068344 0.02044099941849709
v -0.015556000173091888 -0.05893699824810028 0.023556999862194068
v -0.015556000173091888 -0.05802600085735321 0.020462999120354656
v -0.015659000724554062 -0.057888999581336975 0.02073200047016144
v -0.015643000602722168 -0.057906001806259155 0.02059699967503548
v -0.01560600008815527 -0.05796400085091591 0.02050700038671494
v -0.015666000545024872 -0.05804799869656563 0.021550999954342846
v -0.015660999342799187 -0.058706000447273254 0.02360500022768975
v -0.01566700078547001 -0.05797300115227699 0.021234000101685527
v -0.015665000304579735 -0.05790900066494942 0.020918000489473346
v -0.015660999342799187 -0.05911000072956085 0.02755000069737435
v -0.015660999342799187 -0.05900900065898895 0.025567000731825835
v -0.015556000173091888 -0.0593469999730587 0.02755000069737435
v -0.015556000173091888 -0.05924399942159653 0.025543000549077995
v -0.0024999999441206455 -0.036414001137018204 -0.0194499995559454
v -0.0024999999441206455 -0.036414001137018204 0.005597000010311604
v -0.0025500000920146704 -0.03641099855303764 0.00542399985715747
v -0.008093000389635563 -0.0355909988284111 -0.011055000126361849
v -0.008174000307917595 -0.035572998225688934 -0.01123199984431267
v -0.0026700000744313 -0.03640199825167656 0.005268999841064216
v -0.0028389999642968178 -0.036389000713825226 0.005173000041395427
v -0.0030320000369101763 -0.03637399896979332 0.005148000083863736
v -0.006000000052154064 -0.036003001034259796 -0.008549000136554243
v -0.006134999915957451 -0.03598099946975708 -0.009349999949336054
v -0.006266999989748001 -0.035957999527454376 -0.009659999981522562
v -0.006523000076413155 -0.03591199964284897 -0.010060000233352186
v -0.0069989999756217 -0.035822998732328415 -0.01051199994981289
v -0.007122000213712454 -0.03579799830913544 -0.01059400010854006
v -0.008070999756455421 -0.03559599816799164 -0.010894999839365484
v -0.00800000037997961 -0.03561199828982353 -0.010889000259339811
v -0.007829999551177025 -0.03564999997615814 -0.010866000317037107
v -0.008311999961733818 -0.035541001707315445 -0.01137799955904484
v -0.00837900023907423 -0.03552500158548355 -0.011420999653637411
v -0.009050000458955765 -0.035360001027584076 -0.0194499995559454
v -0.008488000370562077 -0.03549899905920029 -0.01146499998867512
v -0.008570999838411808 -0.03547900170087814 -0.011479999870061876
v -0.004029999952763319 -0.03627699986100197 0.005218000151216985
v -0.004217999987304211 -0.03625499829649925 0.005268999841064216
v -0.004372000228613615 -0.03623700141906738 0.005388000048696996
v -0.004468999803066254 -0.03622499853372574 0.005557999946177007
v -0.030285999178886414 -0.020371999591588974 0.0015500000445172195
v -0.030285999178886414 -0.020371999591588974 -0.0194499995559454
v -0.02830900065600872 -0.02304000034928322 0.0015500000445172195
v -0.02609799988567829 -0.02551800012588501 -0.0194499995559454
v -0.02062300033867359 -0.030115000903606415 0.011543000116944315
v -0.020618999376893044 -0.030117999762296677 0.011548000387847425
v -0.02077700011432171 -0.03000899963080883 0.011711999773979189
v -0.01909100078046322 -0.031108999624848366 0.010258000344038011
v -0.01930299960076809 -0.030977999791502953 0.01010899990797043
v -0.018394000828266144 -0.031525999307632446 0.009790999814867975
v -0.017999999225139618 -0.03175299987196922 -0.010115000419318678
v -0.017999999225139618 -0.03175299987196922 0.009549999609589578
v -0.019561000168323517 -0.03081599995493889 0.010087000206112863
v -0.019795000553131104 -0.03066599927842617 0.01019600033760071
v -0.02077700011432171 -0.03000899963080883 0.0015500000445172195
v -0.02056100033223629 -0.03015800006687641 0.01083900034427643
v -0.02068299986422062 -0.030074000358581543 0.010990999639034273
v -0.02073800005018711 -0.030036000534892082 0.011177999898791315
v -0.02071700058877468 -0.03005100041627884 0.011371999979019167
v -0.015301999635994434 -0.03313799947500229 -0.0194499995559454
v -0.015301999635994434 -0.03313799947500229 -0.012295999564230446
v -0.021046999841928482 -0.029820000752806664 -0.0194499995559454
v -0.015455000102519989 -0.033066000789403915 -0.012256000190973285
v -0.015584999695420265 -0.0330049991607666 -0.01215900015085936
v -0.015633000060915947 -0.032983001321554184 -0.012094000354409221
v -0.016675999388098717 -0.03246799856424332 -0.011865999549627308
v -0.015670999884605408 -0.032965000718832016 -0.01201300043612719
v -0.01730000041425228 -0.03214000165462494 -0.011586000211536886
v -0.017729999497532845 -0.031904999166727066 -0.01111700013279915
v -0.017947999760508537 -0.03178200125694275 -0.010576999746263029
v -0.021046999841928482 -0.029820000752806664 0.0015500000445172195
v -0.023669999092817307 -0.02778399921953678 0.0015500000445172195
v -0.02609799988567829 -0.02551800012588501 0.0015500000445172195
v -0.009571000002324581 -0.03522299975156784 -0.011579999700188639
v -0.009726000018417835 -0.035179998725652695 -0.011570000089704992
v -0.009867999702692032 -0.0351409986615181 -0.011505999602377416
v -0.009975999593734741 -0.035110000520944595 -0.011401000432670118
v -0.010033000260591507 -0.0350940003991127 -0.011297999881207945
v -0.013722999952733517 -0.03382200002670288 -0.011713000014424326
v -0.010045000351965427 -0.03509100154042244 -0.011265999637544157
v -0.010071000084280968 -0.03508299961686134 -0.011109000071883203
v -0.013949999585747719 -0.03372899815440178 -0.012044999748468403
v -0.014103000052273273 -0.0336650013923645 -0.012125999666750435
v -0.013767999596893787 -0.03380399942398071 -0.011827000416815284
v -0.013797000050544739 -0.03379200026392937 -0.011877999641001228
v -0.013926000334322453 -0.03373900055885315 -0.012025999836623672
v -0.0142000000923872 -0.03362400084733963 -0.012149999849498275
v -0.015200000256299973 -0.0331839993596077 -0.012292000465095047
v 0.01370100025087595 -0.033831000328063965 -0.011586000211536886
v 0.01386599987745285 -0.03376400098204613 -0.011969000101089481
v 0.013767999596893787 -0.03380399942398071 -0.011827000416815284
v 0.013751000165939331 -0.03381099924445152 -0.01179200038313866
v 0.010003999806940556 -0.0351019985973835 -0.011358000338077547
v 0.0142000000923872 -0.03362400084733963 -0.012149999849498275
v 0.01005799975246191 -0.03508700057864189 -0.01121999975293875
v 0.014019000343978405 -0.03370000049471855 -0.01208900008350611
v 0.013949999585747719 -0.03372899815440178 -0.012044999748468403
v 0.009986000135540962 -0.035107001662254333 -0.01138800010085106
v 0.015301999635994434 -0.03313799947500229 -0.0194499995559454
v 0.015200000256299973 -0.0331839993596077 -0.012292000465095047
v 0.015301999635994434 -0.03313799947500229 -0.012295999564230446
v 0.00987400021404028 -0.03513899818062782 -0.01150299981236458
v 0.009820999577641487 -0.03515399992465973 -0.011535000056028368
v 0.009050000458955765 -0.035360001027584076 -0.0194499995559454
v 0.009739999659359455 -0.035176001489162445 -0.011566000059247019
v 0.009592999704182148 -0.03521699830889702 -0.011582000181078913
v 0.02077700011432171 -0.03000899963080883 0.011711999773979189
v 0.020576000213623047 -0.030146999284625053 0.011504000052809717
v 0.02062300033867359 -0.030115000903606415 0.011543000116944315
v 0.02071700058877468 -0.03005100041627884 0.011371999979019167
v 0.02073800005018711 -0.030036000534892082 0.011177999898791315
v 0.02077700011432171 -0.03000899963080883 0.0015500000445172195
v 0.02068299986422062 -0.030074000358581543 0.010990999639034273
v 0.02056100033223629 -0.03015800006687641 0.01083900034427643
v 0.019795000553131104 -0.03066599927842617 0.01019600033760071
v 0.019561000168323517 -0.03081599995493889 0.010087000206112863
v 0.01930299960076809 -0.030977999791502953 0.01010899990797043
v 0.015699999406933784 -0.032951001077890396 -0.011842000298202041
v 0.015672000125050545 -0.03296399861574173 -0.012012000195682052
v 0.01600000075995922 -0.03280600160360336 -0.011886999942362312
v 0.01623000018298626 -0.03269299864768982 -0.011908000335097316
v 0.017999999225139618 -0.03175299987196922 -0.010115000419318678
v 0.017917999997735023 -0.03179899975657463 -0.010692999698221685
v 0.021046999841928482 -0.029820000752806664 -0.0194499995559454
v 0.01773199997842312 -0.03190299868583679 -0.011113000102341177
v 0.017671000212430954 -0.031936999410390854 -0.01120600011199713
v 0.017299000173807144 -0.03214000165462494 -0.011586000211536886
v 0.01699800044298172 -0.03229999914765358 -0.01176100037992001
v 0.01681699976325035 -0.032395001500844955 -0.011828999966382984
v 0.015633000060915947 -0.032983001321554184 -0.012094000354409221
v 0.01561299990862608 -0.03299200162291527 -0.012125000357627872
v 0.01547400001436472 -0.03305799886584282 -0.012246999889612201
v 0.015449999831616879 -0.03306899964809418 -0.012258999980986122
v 0.01909100078046322 -0.031108999624848366 0.010258000344038011
v 0.018984999507665634 -0.03117400035262108 0.010183000005781652
v 0.017999999225139618 -0.03175299987196922 0.009549999609589578
v 0.023669999092817307 -0.02778399921953678 0.0015500000445172195
v 0.02609799988567829 -0.02551800012588501 -0.0194499995559454
v 0.02609799988567829 -0.02551800012588501 0.0015500000445172195
v 0.02830900065600872 -0.02304000034928322 0.0015500000445172195
v 0.030285999178886414 -0.020371999591588974 -0.0194499995559454
v 0.030285999178886414 -0.020371999591588974 0.0015500000445172195
v 0.006000000052154064 -0.036003001034259796 -0.008549000136554243
v 0.006037000101059675 -0.035996999591588974 -0.008968000300228597
v 0.004494000226259232 -0.03622199967503548 0.0057509997859597215
v 0.008258000016212463 -0.03555399924516678 -0.011331999674439432
v 0.008143000304698944 -0.03558000177145004 -0.011180999688804151
v 0.0024999999441206455 -0.036414001137018204 -0.0194499995559454
v 0.009571000002324581 -0.03522299975156784 -0.011579999700188639
v 0.008570999838411808 -0.03547900170087814 -0.011479999870061876
v 0.008403000421822071 -0.03551999852061272 -0.011432999745011331
v 0.007329000160098076 -0.035757001489400864 -0.010704999789595606
v 0.008078999817371368 -0.03559499979019165 -0.010989000089466574
v 0.006750999949872494 -0.03587000072002411 -0.010308999568223955
v 0.006297999992966652 -0.03595300018787384 -0.00971799995750189
v 0.0061519998125731945 -0.03597800061106682 -0.009397000074386598
v 0.004372000228613615 -0.03623700141906738 0.005388000048696996
v 0.004217999987304211 -0.03625499829649925 0.005268999841064216
v 0.004468999803066254 -0.03622499853372574 0.005557999946177007
v 0.004029999952763319 -0.03627699986100197 0.005218000151216985
v 0.0030320000369101763 -0.03637399896979332 0.005148000083863736
v 0.0028389999642968178 -0.036389000713825226 0.005173000041395427
v 0.0026700000744313 -0.03640199825167656 0.005268999841064216
v 0.0025500000920146704 -0.03641099855303764 0.00542399985715747
v 0.0024999999441206455 -0.036414001137018204 0.005597000010311604
v 0.002188999904319644 -0.03722500056028366 0.005597000010311604
v 0.002498999936506152 -0.039659999310970306 0.005611999891698361
v 0.0020000000949949026 -0.037365999072790146 0.0055900001898407945
v 0.0018710000440478325 -0.037429001182317734 0.005584999918937684
v 0.002366000087931752 -0.03700000047683716 0.005605000071227551
v 0.00240899994969368 -0.036917999386787415 0.005607000086456538
v 0.002498999936506152 -0.03655000030994415 0.005611999891698361
v -0.002498999936506152 -0.039659999310970306 0.005611999891698361
v -0.002498999936506152 -0.03655000030994415 0.005611999891698361
v -0.00240899994969368 -0.03691700100898743 0.005607000086456538
v -0.002366000087931752 -0.03700000047683716 0.005605000071227551
v -0.002188999904319644 -0.037223998457193375 0.005597000010311604
v -0.0020000000949949026 -0.037365999072790146 0.0055900001898407945
v -0.0018720000516623259 -0.03742799907922745 0.005584999918937684
v -0.001500000013038516 -0.03750000149011612 0.005572000052779914
v 0.0 -0.039659999310970306 0.00554999988526106
v 0.0 -0.03750000149011612 0.00554999988526106
v 0.001500000013038516 -0.03750000149011612 0.005572000052779914
v 0.0030320000369101763 -0.039659999310970306 0.005148000083863736
v 0.0027779999654740095 -0.039659999310970306 0.0051970002241432675
v 0.0026700000744313 -0.039659999310970306 0.005268999841064216
v 0.002583000110462308 -0.039659999310970306 0.0053670001216232785
v 0.0024999999441206455 -0.03652599826455116 0.005601000040769578
v 0.0024999999441206455 -0.0364999994635582 0.005597000010311604
v -0.002583000110462308 -0.039659999310970306 0.0053670001216232785
v -0.0024999999441206455 -0.0364999994635582 0.005597000010311604
v -0.0024999999441206455 -0.03652599826455116 0.005601000040769578
v -0.0026700000744313 -0.039659999310970306 0.005268999841064216
v -0.0027779999654740095 -0.039659999310970306 0.0051970002241432675
v -0.0030320000369101763 -0.039659999310970306 0.005148000083863736
v -0.024000000208616257 -0.016743000596761703 0.0035500000230968007
v -0.024000000208616257 -0.016743000596761703 0.003769000060856343
v -0.02775700017809868 -0.018912000581622124 0.0035500000230968007
v -0.0319180004298687 -0.015541000291705132 0.0032820000778883704
v -0.03220000118017197 -0.015704000368714333 0.0030479999259114274
v -0.03285999968647957 -0.016085000708699226 0.0034499999601393947
v -0.03278600051999092 -0.01604199968278408 -0.0194499995559454
v -0.03285999968647957 -0.016085000708699226 -0.0194499995559454
v -0.03278600051999092 -0.01604199968278408 0.0015500000445172195
v -0.032565001398324966 -0.015915000811219215 0.00252599990926683
v -0.032016001641750336 -0.015598000027239323 0.0034499999601393947
v -0.03192799910902977 -0.015546999871730804 0.003452999982982875
v -0.03170499950647354 -0.01541799958795309 0.0034020000603050002
v -0.03151499852538109 -0.015309000387787819 0.003476999932900072
v 0.023000000044703484 -0.01039199996739626 0.0035500000230968007
v 0.023000000044703484 -0.01039199996739626 0.003973000217229129
v 0.030256999656558037 -0.014581999741494656 0.0035500000230968007
v 0.02941799908876419 -0.019871000200510025 0.0032820000778883704
v 0.02969999983906746 -0.020034000277519226 0.0030479999259114274
v 0.03036000020802021 -0.02041500061750412 0.0034499999601393947
v 0.03036000020802021 -0.02041500061750412 -0.0194499995559454
v 0.03006500005722046 -0.02024500072002411 0.00252599990926683
v 0.029516000300645828 -0.01992800086736679 0.0034499999601393947
v 0.02942799963057041 -0.019876999780535698 0.003452999982982875
v 0.029205000028014183 -0.019749000668525696 0.0034020000603050002
v 0.02901500090956688 -0.019639000296592712 0.003476999932900072
v -0.03451799973845482 -0.011862999759614468 0.0015500000445172195
v -0.03451799973845482 -0.011862999759614468 -0.0194499995559454
v -0.022637000307440758 0.0009330000029876828 0.0035500000230968007
v -0.02333199977874756 0.004360000137239695 0.0035500000230968007
v -0.023000000044703484 0.0024790000170469284 0.0035500000230968007
v -0.01961500011384487 0.005419000051915646 0.0035500000230968007
v -0.019538000226020813 0.0054270001128315926 0.0035500000230968007
v -0.020325999706983566 0.006874999962747097 0.0035500000230968007
v -0.02283800020813942 -0.00072900002123788 0.0035500000230968007
v -0.02288700081408024 -0.0005130000063218176 0.0035500000230968007
v -0.023000000044703484 -0.0024790000170469284 0.0035500000230968007
v -0.02288700081408024 0.0005000000237487257 0.0035500000230968007
v -0.02281999960541725 0.000750000006519258 0.0035500000230968007
v -0.02064800076186657 0.00903400033712387 0.0035500000230968007
v -0.025750000029802322 0.007242000196129084 0.0035500000230968007
v -0.028759999200701714 0.013717999681830406 0.0035500000230968007
v -0.03218600153923035 0.010958000086247921 0.0035500000230968007
v -0.029697999358177185 0.014264999888837337 0.0035500000230968007
v -0.030612999573349953 0.014793000183999538 0.0035500000230968007
v -0.02250000089406967 -0.00952600035816431 0.0035500000230968007
v -0.02250000089406967 -0.0010000000474974513 0.0035500000230968007
v -0.022700000554323196 -0.0009030000073835254 0.0035500000230968007
v -0.022386999800801277 0.0010000000474974513 0.0035500000230968007
v -0.02181999944150448 0.002440999960526824 0.0035500000230968007
v -0.020705999806523323 0.003911999985575676 0.0035500000230968007
v -0.020618999376893044 0.004002000205218792 0.0035500000230968007
v -0.02062300033867359 0.004007000010460615 0.0035500000230968007
v -0.02071700058877468 0.004178000148385763 0.0035500000230968007
v -0.02073800005018711 0.004372000228613615 0.0035500000230968007
v -0.02428700029850006 0.006014999933540821 0.0035500000230968007
v -0.02068299986422062 0.00455900002270937 0.0035500000230968007
v -0.02056100033223629 0.0047109997831285 0.0035500000230968007
v -0.01984800025820732 0.005309999920427799 0.0035500000230968007
v -0.02333199977874756 -0.004360000137239695 0.0035500000230968007
v -0.02428700029850006 -0.006014999933540821 0.0035500000230968007
v -0.022633999586105347 -0.010026000440120697 0.0035500000230968007
v -0.025750000029802322 -0.007242000196129084 0.0035500000230968007
v -0.031049000099301338 -0.015039999969303608 0.0035500000230968007
v -0.030652999877929688 -0.014810999855399132 0.0035500000230968007
v -0.03262700140476227 -0.011212999932467937 0.0035500000230968007
v -0.030256999656558037 -0.014581999741494656 0.0035500000230968007
v -0.023000000044703484 -0.01039199996739626 0.0035500000230968007
v -0.02250000089406967 -0.017609000205993652 0.003769000060856343
v -0.02250000089406967 -0.017609000205993652 0.0035500000230968007
v -0.02250000089406967 -0.026153000071644783 0.0035500000230968007
v -0.02250000089406967 -0.01053600013256073 0.005603000055998565
v -0.02250000089406967 -0.006500000134110451 0.013075999915599826
v -0.02250000089406967 -0.004222000017762184 0.011327999643981458
v -0.02250000089406967 -0.026877999305725098 0.013058999553322796
v -0.02250000089406967 -0.027070999145507812 0.013677000068128112
v -0.02250000089406967 -0.016592999920248985 0.005454000085592271
v -0.02250000089406967 -0.02672100067138672 0.003502999898046256
v -0.02250000089406967 -0.02672100067138672 0.011711999773979189
v -0.02250000089406967 -0.00977300014346838 0.004867999814450742
v -0.02250000089406967 -0.0024739999789744616 0.009050000458955767
v -0.02250000089406967 -0.009587000124156475 0.00442699994891882
v -0.02250000089406967 -0.0013749999925494194 0.006397000048309566
v -0.02250000089406967 -0.00952600035816431 0.003973000217229129
v -0.02250000089406967 -0.009153000079095364 0.014174999669194225
v -0.02250000089406967 -0.011793999932706356 0.005917999893426897
v -0.02250000089406967 -0.012000000104308128 0.014550000429153446
v -0.02250000089406967 -0.01183599978685379 0.005917000118643047
v -0.02250000089406967 -0.015300000086426735 0.005830000154674054
v -0.02250000089406967 -0.027528999373316765 0.014550000429153446
v -0.02250000089406967 -0.027439000084996223 0.014414999634027485
v -0.02250000089406967 -0.017551999539136887 0.004213999956846238
v -0.02250000089406967 -0.017382999882102013 0.004639000166207553
v -0.02250000089406967 -0.02673099935054779 0.012060999870300296
v -0.033573001623153687 -0.011537999846041203 0.0032820000778883704
v -0.033337999135255814 -0.01145699992775917 0.0034030000679194936
v -0.031136000528931618 -0.01508999988436699 0.003548000007867814
v -0.031286999583244324 -0.015177000313997269 0.0035310001112520703
v -0.03395799919962883 -0.011669999919831753 0.002971000038087369
v -0.034265000373125076 -0.011776000261306763 0.002550000092014671
v 0.02854900062084198 -0.019370000809431076 0.0035500000230968007
v 0.02815300039947033 -0.019140999764204025 0.0035500000230968007
v 0.026758000254631042 -0.02177800051867962 0.0035500000230968007
v 0.02775700017809868 -0.018912000581622124 0.0035500000230968007
v 0.024668000638484955 -0.024119999259710312 0.0035500000230968007
v 0.024000000208616257 -0.016743000596761703 0.0035500000230968007
v 0.02250000089406967 -0.026153000071644783 0.0035500000230968007
v 0.023499999195337296 -0.01660900004208088 0.0035500000230968007
v 0.023000000044703484 -0.016743000596761703 0.0035500000230968007
v 0.02250000089406967 -0.017609000205993652 0.0035500000230968007
v 0.022633999586105347 -0.01710899919271469 0.0035500000230968007
v 0.02250000089406967 -0.017545999959111214 0.004236999899148942
v 0.02250000089406967 -0.017609000205993652 0.003769000060856343
v 0.02250000089406967 -0.027448000386357307 0.014427999965846542
v 0.02250000089406967 -0.027077000588178635 0.013693000189960006
v 0.02250000089406967 -0.01701599918305874 0.005123999901115895
v 0.02250000089406967 -0.0024739999789744616 0.009050000458955767
v 0.02250000089406967 -0.004222000017762184 0.011327999643981458
v 0.02250000089406967 -0.009789000265300274 0.004894000012427569
v 0.02250000089406967 -0.010568000376224518 0.005621000193059445
v 0.02250000089406967 -0.012000000104308128 0.014550000429153446
v 0.02250000089406967 -0.01183599978685379 0.005917000118643047
v 0.02250000089406967 -0.009153000079095364 0.014174999669194225
v 0.02250000089406967 -0.006500000134110451 0.013075999915599826
v 0.02250000089406967 -0.02672100067138672 0.003502999898046256
v 0.02250000089406967 -0.02672100067138672 0.011711999773979189
v 0.02250000089406967 -0.026731999590992928 0.012083999812603
v 0.02250000089406967 -0.026883000507950783 0.0130799999460578
v 0.02250000089406967 -0.027528999373316765 0.014550000429153446
v 0.02250000089406967 -0.01590700075030327 0.0057439999654889115
v 0.02250000089406967 -0.015300000086426735 0.005830000154674054
v 0.02250000089406967 -0.0013749999925494194 0.006397000048309566
v 0.02250000089406967 -0.009599000215530396 0.0044700000435113916
v 0.02250000089406967 -0.0010000000474974513 0.0035500000230968007
v 0.02250000089406967 -0.00952600035816431 0.003973000217229129
v 0.02250000089406967 -0.00952600035816431 0.0035500000230968007
v 0.02863599918782711 -0.019419999793171883 0.003548000007867814
v 0.020786000415682793 -0.030003000050783157 0.0015569999814033513
v 0.021606000140309334 -0.02924099937081337 0.002290999982506037
v 0.02238200046122074 -0.02768700011074543 0.0032190000638365754
v 0.02231699973344803 -0.02791599929332733 0.0031190000008791694
v 0.023497000336647034 -0.027580000460147858 0.002550000092014671
v 0.022040000185370445 -0.028582999482750893 0.002758000046014786
v 0.021877000108361244 -0.02886500023305416 0.0025730000343173747
v 0.027533000335097313 -0.022408999502658844 0.0032820000778883704
v 0.0281009990721941 -0.022871000692248344 0.002550000092014671
v 0.025906000286340714 -0.025330999866127968 0.002550000092014671
v 0.02538299933075905 -0.02481899969279766 0.0032820000778883704
v 0.02302199974656105 -0.02702300064265728 0.0032820000778883704
v 0.022415999323129654 -0.02753400057554245 0.0032790000550448903
v 0.03451799973845482 -0.011862999759614468 0.0015500000445172195
v 0.03278600051999092 -0.01604199968278408 0.0015500000445172195
v 0.03451799973845482 -0.011862999759614468 -0.0194499995559454
v 0.03278600051999092 -0.01604199968278408 -0.0194499995559454
v -0.031560998409986496 0.01533500012010336 -0.013100000098347667
v -0.030615000054240227 0.014789000153541565 -0.013100000098347667
v -0.031560998409986496 0.01533500012010336 0.0034499999601393947
v -0.030615000054240227 0.014789000153541565 0.0034499999601393947
v -0.026259999722242355 0.0180479995906353 0.0035500000230968007
v -0.017967000603675842 0.013260000385344028 0.004435999784618617
v -0.018147999420762062 0.013364999555051327 0.0035500000230968007
v -0.01796099916100502 0.013256999664008617 0.004430000204592944
v -0.017640000209212303 0.013070999644696712 0.004066000226885081
v 0.029061000794172287 0.019664999097585678 -0.013100000098347667
v 0.02811500057578087 0.01911900006234646 -0.013100000098347667
v 0.029061000794172287 0.019664999097585678 0.0034499999601393947
v 0.02811500057578087 0.01911900006234646 0.0034499999601393947
v 0.028759999200701714 0.013717999681830406 0.0035500000230968007
v 0.0204670000821352 0.00892999954521656 0.004435999784618617
v 0.02064800076186657 0.00903400033712387 0.0035500000230968007
v 0.020461000502109528 0.008926999755203724 0.004430000204592944
v 0.02013999968767166 0.008740999735891819 0.004066000226885081
v -0.0045289997942745686 0.010297000408172607 0.0035500000230968007
v -0.008243000134825706 0.00965999998152256 0.0035500000230968007
v -0.008105999790132046 0.009522000327706337 0.0035500000230968007
v -0.0024949999060481787 0.03285200148820877 0.0035500000230968007
v -0.0024949999060481787 0.033907998353242874 0.0035500000230968007
v -0.006603000219911337 0.03335300087928772 0.0035500000230968007
v -0.008422999642789364 0.009735999628901482 0.0035500000230968007
v -0.013647000305354595 0.018679000437259674 0.0035500000230968007
v -0.0101500004529953 0.011029999703168869 0.0035500000230968007
v -0.0035000001080334187 0.010369000025093555 0.0035500000230968007
v -0.0035000001080334187 0.013256999664008617 0.0035500000230968007
v -0.004621000029146671 0.014518000185489655 0.0035500000230968007
v -0.005437000188976526 0.016666999086737633 0.0035500000230968007
v -0.009352999739348888 0.021158000454306602 0.0035500000230968007
v -0.005301999859511852 0.018962999805808067 0.0035500000230968007
v -0.007890000008046627 0.02238599956035614 0.0035500000230968007
v -0.006934999953955412 0.02404000051319599 0.0035500000230968007
v -0.0042409999296069145 0.02100200019776821 0.0035500000230968007
v -0.006603000219911337 0.02592100016772747 0.0035500000230968007
v -0.0024999999441206455 0.022399000823497772 0.0035500000230968007
v -0.0024999999441206455 0.031766001135110855 0.0035500000230968007
v -0.02811799943447113 0.01911499910056591 0.0035500000230968007
v -0.027202999219298363 0.01858700066804886 0.0035500000230968007
v -0.025583000853657722 0.022394999861717224 0.0035500000230968007
v -0.019146999344229698 0.018679000437259674 0.0035500000230968007
v -0.017351999878883362 0.018025999888777733 0.0035500000230968007
v -0.016006000339984894 0.014183999970555305 0.0035500000230968007
v -0.015441999770700932 0.018025999888777733 0.0035500000230968007
v -0.013647999614477158 0.014038999564945698 0.0035500000230968007
v -0.011567999608814716 0.01291900034993887 0.0035500000230968007
v -0.009708000347018242 0.009510999545454979 0.0035500000230968007
v -0.009600000455975533 0.009545999579131603 0.0035500000230968007
v -0.008617999963462353 0.009736999869346619 0.0035500000230968007
v -0.004976999945938587 0.009751999750733376 0.0035500000230968007
v -0.004738999996334314 0.009840999729931355 0.0035500000230968007
v -0.004575000144541264 0.010034999810159206 0.0035500000230968007
v -0.004528000019490719 0.010285000316798687 0.0035500000230968007
v -0.006529000122100115 0.009569999761879444 0.0035500000230968007
v -0.008031999692320824 0.009340999647974968 0.0035500000230968007
v -0.010654999874532223 0.00875299982726574 0.005049999803304673
v -0.01065600011497736 0.008782999590039253 0.004550000187009574
v -0.010909000411629677 0.010239999741315842 0.005049999803304673
v -0.011060000397264957 0.010615999810397625 0.004550000187009574
v -0.011126999743282795 0.010754999704658985 0.005049999803304673
v -0.01585100032389164 0.013195999898016453 0.004550000187009574
v -0.016411999240517616 0.013070999644696712 0.004550000187009574
v -0.01642500050365925 0.013066999614238739 0.0047450000420212754
v -0.016468999907374382 0.013054000213742256 0.005049999803304673
v -0.015033000148832798 0.013248000293970108 0.005049999803304673
v -0.014417000114917755 0.013189000077545643 0.005049999803304673
v -0.011831000447273254 0.011781999841332436 0.005049999803304673
v -0.012221000157296658 0.012160999700427055 0.004550000187009574
v -0.01247899979352951 0.012368000112473965 0.005049999803304673
v -0.013282000087201595 0.012842000462114811 0.005049999803304673
v -0.013922000303864479 0.013078000396490097 0.004550000187009574
v -0.014417000114917755 0.013189000077545643 0.004550000187009574
v -0.009777000173926353 0.009473999962210655 0.0036230001132935294
v -0.009995000436902046 0.008957000449299812 0.003886000020429493
v -0.010003999806940556 0.009053999558091164 0.0038900000508874663
v -0.009995000436902046 0.009150000289082527 0.0038739999290555724
v -0.00993099994957447 0.009314999915659428 0.003795000026002527
v -0.016937000676989555 0.012993000447750092 0.004447999875992537
v -0.01653899997472763 0.0130390003323555 0.004544000141322614
v -0.011858999729156494 0.011757000349462032 0.0052410000935196885
v -0.01329800020903349 0.012807000428438187 0.0052410000935196885
v -0.019433999434113503 0.008574999868869781 0.0054629999212920674
v -0.019347000867128372 0.008706999942660332 0.005512000061571599
v -0.019325999543070793 0.008954999968409538 0.005518000107258559
v -0.018259000033140182 0.005743999965488911 0.005433999933302403
v -0.018122000619769096 0.0058189998380839825 0.005520000122487546
v -0.018995000049471855 0.007069999817758799 0.005512000061571599
v -0.016543999314308167 0.013024999760091305 0.005123999901115895
v -0.016685999929904938 0.012941000051796436 0.005241999868303538
v -0.015034000389277935 0.013209999538958073 0.0052410000935196885
v -0.01744299940764904 0.012233000248670578 0.005520999897271396
v -0.01760300062596798 0.012071999721229076 0.005534000229090453
v -0.017217999324202538 0.01217699982225895 0.00554999988526106
v -0.017849000170826912 0.011862000450491905 0.0055359997786581525
v -0.017960000783205032 0.011602000333368778 0.00554999988526106
v -0.017720000818371773 0.011966999620199203 0.0055370000191032895
v -0.01765899918973446 0.012020999565720558 0.0055359997786581525
v -0.016620000824332237 0.0124719999730587 0.00554999988526106
v -0.016690000891685486 0.012649999931454659 0.005512000061571599
v -0.01737299934029579 0.012306000106036663 0.005512000061571599
v -0.016697000712156296 0.01293299999088049 0.005249999929219485
v -0.016784999519586563 0.012868000194430351 0.005307999905198813
v -0.016750000417232513 0.012800999917089939 0.00540400017052889
v -0.01699100062251091 0.012690000236034393 0.0054109999909996995
v -0.01709499955177307 0.012590000405907631 0.0054480000399053105
v -0.015037000179290771 0.013101999647915363 0.00540400017052889
v -0.01649400033056736 0.01304600015282631 0.005076000001281501
v -0.010944999754428864 0.010227000340819359 0.0052410000935196885
v -0.010683000087738037 0.008733999915421009 0.005212999880313874
v -0.010761000216007233 0.008704000152647495 0.005357000045478345
v -0.0110470000654459 0.010191000066697598 0.00540400017052889
v -0.010803000070154667 0.008689000271260738 0.00540400017052889
v -0.010882000438869 0.00866399984806776 0.005468000192195178
v -0.01119999960064888 0.010137000121176243 0.005512000061571599
v -0.010966000147163868 0.008639000356197357 0.005512000061571599
v -0.011039000004529953 0.008617999963462353 0.0055359997786581525
v -0.011381000280380249 0.010073999874293804 0.00554999988526106
v -0.011158999986946583 0.008586999960243702 0.00554999988526106
v -0.017968999221920967 0.005907000042498112 0.00554999988526106
v -0.01882000081241131 0.0071470001712441444 0.00554999988526106
v -0.019154999405145645 0.008709000423550606 0.00554999988526106
v -0.019144000485539436 0.0070050000213086605 0.00540400017052889
v -0.018288999795913696 0.005727999843657017 0.00540400017052889
v -0.018435999751091003 0.005669000092893839 0.005049999803304673
v -0.018424000591039658 0.005669000092893839 0.005140999797731639
v -0.01924300007522106 0.006961999926716089 0.0052410000935196885
v -0.018393000587821007 0.005679000169038773 0.005241999868303538
v -0.01836399920284748 0.005692000035196543 0.005301000084728003
v -0.01927799917757511 0.006947000045329332 0.005049999803304673
v -0.019554000347852707 0.007885999977588654 0.005179999861866237
v -0.019540000706911087 0.007734999991953373 0.005049999803304673
v -0.019487999379634857 0.00835500005632639 0.005406000185757876
v -0.019518999382853508 0.008208000101149082 0.005353999789804221
v -0.01952899992465973 0.008151000365614891 0.0053300000727176675
v -0.01955300010740757 0.007935999892652035 0.005214000120759011
v -0.01945200003683567 0.008503999561071396 0.0054469997994601735
v -0.019178999587893486 0.009639999829232693 0.005535000003874303
v -0.018851999193429947 0.01027700025588274 0.00554999988526106
v -0.019115999341011047 0.00991899985820055 0.005532999988645316
v -0.018887000158429146 0.010545999743044376 0.00553000019863248
v -0.019197000190615654 0.009526999667286873 0.0055359997786581525
v -0.019213000312447548 0.009421999566257 0.0055370000191032895
v -0.019154999405145645 0.008822999894618988 0.00554999988526106
v -0.019226999953389168 0.009345999918878078 0.0055370000191032895
v -0.019241999834775925 0.009273000061511993 0.005535000003874303
v -0.019262000918388367 0.009189000353217125 0.005532999988645316
v -0.018288999795913696 0.011447000317275524 0.005532000213861466
v -0.018446000292897224 0.01126100029796362 0.00553000019863248
v -0.01882600039243698 0.010669000446796417 0.0055289999581873426
v -0.019280999898910522 0.009112999774515629 0.0055289999581873426
v -0.015046999789774418 0.012749000452458858 0.00554999988526106
v -0.015041000209748745 0.0129399998113513 0.005512000061571599
v -0.013491000048816204 0.012387000024318695 0.00554999988526106
v -0.013411000370979309 0.01256099995225668 0.005512000061571599
v -0.01334299985319376 0.012709000147879124 0.00540400017052889
v -0.011939000338315964 0.011683999560773373 0.00540400017052889
v -0.012059000320732594 0.011574000120162964 0.005512000061571599
v -0.012199999764561653 0.011446000076830387 0.00554999988526106
v -0.025303000584244728 0.022709999233484268 0.0035069999285042295
v -0.025303000584244728 0.022709999233484268 -0.013100000098347667
v -0.02811500057578087 0.01911900006234646 -0.013100000098347667
v -0.02811500057578087 0.01911900006234646 0.0034499999601393947
v 0.022386999800801277 0.0010000000474974513 0.0035500000230968007
v 0.022637000307440758 0.0009330000029876828 0.0035500000230968007
v 0.021802999079227448 0.002469999948516488 0.0035500000230968007
v 0.023000000044703484 0.0024790000170469284 0.0035500000230968007
v 0.020576000213623047 0.004046000074595213 0.0035500000230968007
v 0.02062300033867359 0.004007000010460615 0.0035500000230968007
v 0.020732000470161438 0.0042409999296069145 0.0035500000230968007
v 0.02333199977874756 0.004360000137239695 0.0035500000230968007
v 0.02071000076830387 0.004499000031501055 0.0035500000230968007
v 0.02428700029850006 0.006014999933540821 0.0035500000230968007
v 0.02056100033223629 0.0047109997831285 0.0035500000230968007
v 0.019795000553131104 0.00535399978980422 0.0035500000230968007
v 0.02283800020813942 -0.00072900002123788 0.0035500000230968007
v 0.022700000554323196 -0.0009030000073835254 0.0035500000230968007
v 0.023000000044703484 -0.0024790000170469284 0.0035500000230968007
v 0.02333199977874756 -0.004360000137239695 0.0035500000230968007
v 0.030652999877929688 -0.014810999855399132 0.0035500000230968007
v 0.031049000099301338 -0.015039999969303608 0.0035500000230968007
v 0.03262700140476227 -0.011212999932467937 0.0035500000230968007
v 0.019564999267458916 0.005462000146508217 0.0035500000230968007
v 0.020325999706983566 0.006874999962747097 0.0035500000230968007
v 0.025750000029802322 0.007242000196129084 0.0035500000230968007
v 0.03218600153923035 0.010958000086247921 0.0035500000230968007
v 0.029697999358177185 0.014264999888837337 0.0035500000230968007
v 0.030612999573349953 0.014793000183999538 0.0035500000230968007
v 0.02428700029850006 -0.006014999933540821 0.0035500000230968007
v 0.025750000029802322 -0.007242000196129084 0.0035500000230968007
v 0.02281999960541725 0.000750000006519258 0.0035500000230968007
v 0.02288700081408024 0.0005000000237487257 0.0035500000230968007
v 0.02288700081408024 -0.0005130000063218176 0.0035500000230968007
v 0.022633999586105347 -0.010026000440120697 0.0035500000230968007
v 0.01952899992465973 0.007691000122576952 0.0047450000420212754
v 0.019540000706911087 0.007734999991953373 0.005049999803304673
v 0.01927799917757511 0.006947000045329332 0.005049999803304673
v 0.01938600093126297 0.007215999998152256 0.004550000187009574
v 0.019525999203324318 0.0076779997907578945 0.004550000187009574
v 0.018456000834703445 0.005690999794751406 0.004550000187009574
v 0.018435999751091003 0.005669000092893839 0.005049999803304673
v 0.019561000168323517 0.005462999921292067 0.003553000045940281
v 0.01909100078046322 0.005289999768137932 0.003809999907389284
v 0.01920199953019619 0.0053889998234808445 0.003788999980315567
v 0.019303999841213226 0.005439999978989363 0.003743000095710159
v 0.01932699978351593 0.00544800003990531 0.003728999989107252
v 0.019561000168323517 0.0078039998188614845 0.004544000141322614
v 0.019720999523997307 0.00817199982702732 0.004447999875992537
v 0.014417000114917755 0.013189000077545643 0.005049999803304673
v 0.013282000087201595 0.012842000462114811 0.005049999803304673
v 0.01329800020903349 0.012807000428438187 0.0052410000935196885
v 0.01247899979352951 0.012368000112473965 0.005049999803304673
v 0.011831000447273254 0.011781999841332436 0.005049999803304673
v 0.011858999729156494 0.011757000349462032 0.0052410000935196885
v 0.015041000209748745 0.0129399998113513 0.005512000061571599
v 0.015046999789774418 0.012749000452458858 0.00554999988526106
v 0.016620000824332237 0.0124719999730587 0.00554999988526106
v 0.011158999986946583 0.008586999960243702 0.00554999988526106
v 0.011381000280380249 0.010073999874293804 0.00554999988526106
v 0.01119999960064888 0.010137000121176243 0.005512000061571599
v 0.01832599937915802 0.005708999931812286 0.005359000060707332
v 0.01840299926698208 0.005675000138580799 0.005214000120759011
v 0.01924300007522106 0.006961999926716089 0.0052410000935196885
v 0.018288999795913696 0.005727999843657017 0.00540400017052889
v 0.019144000485539436 0.0070050000213086605 0.00540400017052889
v 0.018213000148534775 0.0057680001482367516 0.005470999982208014
v 0.018995000049471855 0.007069999817758799 0.005512000061571599
v 0.018140999600291252 0.005807999987155199 0.005512000061571599
v 0.01882000081241131 0.0071470001712441444 0.00554999988526106
v 0.017968999221920967 0.005907000042498112 0.00554999988526106
v 0.01807199977338314 0.005847000051289797 0.0055370000191032895
v 0.010985000059008598 0.00863299984484911 0.005520000122487546
v 0.0110470000654459 0.010191000066697598 0.00540400017052889
v 0.01083299983292818 0.008678999729454517 0.005431000143289567
v 0.010944999754428864 0.010227000340819359 0.0052410000935196885
v 0.010909000411629677 0.010239999741315842 0.005049999803304673
v 0.010654999874532223 0.00875299982726574 0.005049999803304673
v 0.01066299993544817 0.008744999766349792 0.005133999977260829
v 0.01069399993866682 0.008728999644517899 0.005241999868303538
v 0.01071999967098236 0.008717999793589115 0.005295999813824893
v 0.016468999907374382 0.013054000213742256 0.005049999803304673
v 0.015033000148832798 0.013248000293970108 0.005049999803304673
v 0.016606999561190605 0.012990999966859818 0.005179999861866237
v 0.015034000389277935 0.013209999538958073 0.0052410000935196885
v 0.017091000452637672 0.012594000436365604 0.0054469997994601735
v 0.016868000850081444 0.012799999676644802 0.005353999789804221
v 0.016750000417232513 0.012800999917089939 0.00540400017052889
v 0.016822999343276024 0.0128370001912117 0.0053300000727176675
v 0.016688000410795212 0.0129399998113513 0.005243000108748675
v 0.016690000891685486 0.012649999931454659 0.005512000061571599
v 0.0174189992249012 0.012258999980986118 0.005518000107258559
v 0.017142999917268753 0.012543000280857086 0.0054629999212920674
v 0.017937999218702316 0.011788999661803246 0.005535000003874303
v 0.017849000170826912 0.011862000450491905 0.0055359997786581525
v 0.017960000783205032 0.011602000333368778 0.00554999988526106
v 0.01776699908077717 0.011927999556064606 0.0055370000191032895
v 0.017217999324202538 0.01217699982225895 0.00554999988526106
v 0.01770699955523014 0.011978000402450562 0.0055370000191032895
v 0.017650999128818512 0.012028000317513943 0.005535000003874303
v 0.017588000744581223 0.012086999602615833 0.005532999988645316
v 0.018975000828504562 0.010343999601900578 0.00553000019863248
v 0.01865299977362156 0.010968999937176704 0.0055289999581873426
v 0.018851999193429947 0.01027700025588274 0.00554999988526106
v 0.018577000126242638 0.011083000339567661 0.00553000019863248
v 0.018147999420762062 0.01159599982202053 0.005532999988645316
v 0.019154999405145645 0.008822999894618988 0.00554999988526106
v 0.01925699971616268 0.009208999574184418 0.005534000229090453
v 0.01923999935388565 0.00928299967199564 0.0055359997786581525
v 0.019223999232053757 0.009362000040709972 0.0055370000191032895
v 0.019197000190615654 0.009526999667286873 0.0055359997786581525
v 0.019058000296354294 0.010115999728441238 0.005532000213861466
v 0.019551999866962433 0.007814999669790268 0.005123999901115895
v 0.019548999145627022 0.007993999868631363 0.005249999929219485
v 0.01953599974513054 0.008101999759674072 0.005307999905198813
v 0.019485000520944595 0.00836899969726801 0.0054109999909996995
v 0.019450999796390533 0.008508999831974506 0.0054480000399053105
v 0.019347000867128372 0.008706999942660332 0.005512000061571599
v 0.01934400014579296 0.008892999961972237 0.005512000061571599
v 0.01931600086390972 0.008988999761641026 0.005520999897271396
v 0.019545000046491623 0.007761000189930201 0.005076000001281501
v 0.015037000179290771 0.013101999647915363 0.00540400017052889
v 0.017532000318169594 0.012141999788582325 0.0055289999581873426
v 0.019154999405145645 0.008709000423550606 0.00554999988526106
v 0.016649000346660614 0.01296599954366684 0.005214000120759011
v 0.012199999764561653 0.011446000076830387 0.00554999988526106
v 0.012059000320732594 0.011574000120162964 0.005512000061571599
v 0.011939000338315964 0.011683999560773373 0.00540400017052889
v 0.011126999743282795 0.010754999704658985 0.005049999803304673
v 0.013491000048816204 0.012387000024318695 0.00554999988526106
v 0.013411000370979309 0.01256099995225668 0.005512000061571599
v 0.01334299985319376 0.012709000147879124 0.00540400017052889
v 0.032319001853466034 0.010559000074863434 0.0035069999285042295
v 0.032319001853466034 0.010559000074863434 -0.013100000098347667
v 0.030615000054240227 0.014789000153541565 -0.013100000098347667
v 0.030615000054240227 0.014789000153541565 0.0034499999601393947
v -0.0024999999441206455 0.03500000014901161 -0.013100000098347667
v -0.0024999999441206455 0.033907998353242874 -0.013100000098347667
v -0.0024999999441206455 0.03500000014901161 0.0034499999601393947
v -0.0024999999441206455 0.033907998353242874 0.0034499999601393947
v 0.0024999999441206455 0.031766001135110855 0.0035500000230968007
v 0.0024999999441206455 0.022190000861883163 0.004435999784618617
v 0.0024999999441206455 0.022399000823497772 0.0035500000230968007
v 0.0024999999441206455 0.022182999178767204 0.004430000204592944
v 0.0024999999441206455 0.02181199938058853 0.004066000226885081
v 0.0101500004529953 0.011029999703168869 0.0035500000230968007
v 0.011567999608814716 0.01291900034993887 0.0035500000230968007
v 0.005437000188976526 0.016666999086737633 0.0035500000230968007
v 0.005301999859511852 0.018962999805808067 0.0035500000230968007
v 0.009352999739348888 0.021158000454306602 0.0035500000230968007
v 0.007890000008046627 0.02238599956035614 0.0035500000230968007
v 0.0042409999296069145 0.02100200019776821 0.0035500000230968007
v 0.0062939999625086784 0.009600999765098095 0.0035500000230968007
v 0.008031999692320824 0.009340999647974968 0.0035500000230968007
v 0.008105999790132046 0.009522000327706337 0.0035500000230968007
v 0.027202999219298363 0.01858700066804886 0.0035500000230968007
v 0.02811799943447113 0.01911499910056591 0.0035500000230968007
v 0.025583000853657722 0.022394999861717224 0.0035500000230968007
v 0.004621000029146671 0.014518000185489655 0.0035500000230968007
v 0.0035000001080334187 0.013256999664008617 0.0035500000230968007
v 0.0035000001080334187 0.010369000025093555 0.0035500000230968007
v 0.015441999770700932 0.018025999888777733 0.0035500000230968007
v 0.013647000305354595 0.018679000437259674 0.0035500000230968007
v 0.013647999614477158 0.014038999564945698 0.0035500000230968007
v 0.004217999987304211 0.010281000286340714 0.0035500000230968007
v 0.004372000228613615 0.010161999613046646 0.0035500000230968007
v 0.004029999952763319 0.010332000441849232 0.0035500000230968007
v 0.008243000134825706 0.00965999998152256 0.0035500000230968007
v 0.017351999878883362 0.018025999888777733 0.0035500000230968007
v 0.016006000339984894 0.014183999970555305 0.0035500000230968007
v 0.019146999344229698 0.018679000437259674 0.0035500000230968007
v 0.018147999420762062 0.013364999555051327 0.0035500000230968007
v 0.026259999722242355 0.0180479995906353 0.0035500000230968007
v 0.006934999953955412 0.02404000051319599 0.0035500000230968007
v 0.006603000219911337 0.02592100016772747 0.0035500000230968007
v 0.006603000219911337 0.03335300087928772 0.0035500000230968007
v 0.0024949999060481787 0.03285200148820877 0.0035500000230968007
v 0.0024949999060481787 0.033907998353242874 0.0035500000230968007
v 0.004468999803066254 0.009991999715566635 0.0035500000230968007
v 0.004494000226259232 0.00979899987578392 0.0035500000230968007
v 0.008422999642789364 0.009735999628901482 0.0035500000230968007
v 0.008617999963462353 0.009736999869346619 0.0035500000230968007
v 0.009600000455975533 0.009545999579131603 0.0035500000230968007
v 0.009708000347018242 0.009510999545454979 0.0035500000230968007
v 0.003470000112429261 0.020364999771118164 0.004550000187009574
v 0.0031139999628067017 0.02074900083243847 0.004550000187009574
v 0.003103999886661768 0.020757999271154404 0.0047450000420212754
v 0.0043379999697208405 0.018696999177336693 0.004550000187009574
v 0.0024999999441206455 0.013757999986410141 0.005049999803304673
v 0.0024999999441206455 0.013757999986410141 0.004550000187009574
v 0.003524000057950616 0.014701999723911285 0.005049999803304673
v 0.003780999919399619 0.015060000121593475 0.004550000187009574
v 0.0044479998759925365 0.016819000244140625 0.004550000187009574
v 0.00434499979019165 0.016327999532222748 0.005049999803304673
v 0.003886000020429492 0.015230000019073486 0.005049999803304673
v 0.003071000101044774 0.020788999274373055 0.005049999803304673
v 0.0038320000749081373 0.01985899917781353 0.005049999803304673
v 0.004182999953627586 0.019158000126481056 0.005049999803304673
v 0.004453000146895647 0.018146999180316925 0.005049999803304673
v 0.004486999940127134 0.017160000279545784 0.005049999803304673
v 0.0030219999607652426 0.02084200084209442 0.004544000141322614
v 0.0027830000035464764 0.021164000034332275 0.004447999875992537
v 0.004308000206947327 0.01633800007402897 0.0052410000935196885
v 0.004416000097990036 0.018140999600291252 0.0052410000935196885
v 0.003800000064074993 0.019838999956846237 0.0052410000935196885
v -0.004182999953627586 0.019158000126481056 0.005049999803304673
v -0.004453000146895647 0.018146999180316925 0.005049999803304673
v -0.004416000097990036 0.018140999600291252 0.0052410000935196885
v -0.004486999940127134 0.017160000279545784 0.005049999803304673
v -0.00434499979019165 0.016327999532222748 0.005049999803304673
v -0.004308000206947327 0.01633800007402897 0.0052410000935196885
v -0.0035689999349415302 0.019696999341249466 0.005512000061571599
v -0.003406000090762973 0.019596999511122704 0.00554999988526106
v -0.0022960000205785036 0.020774999633431435 0.00554999988526106
v -0.0024109999649226665 0.013806000351905823 0.005334000103175641
v -0.0023529999889433384 0.013837999664247036 0.00540400017052889
v -0.0034099998883903027 0.014793000183999538 0.00540400017052889
v -0.002248999895527959 0.013895000331103802 0.005483000073581935
v -0.0021689999848604202 0.013939999975264072 0.005520999897271396
v -0.003283000085502863 0.014894000254571438 0.005512000061571599
v 0.003008000086992979 0.020840000361204147 0.005123999901115895
v 0.0028520000632852316 0.020927000790834427 0.005249999929219485
v 0.002515000058338046 0.021052999421954155 0.00540400017052889
v 0.0024939998984336853 0.021059000864624977 0.0054109999909996995
v 0.0024059999268501997 0.020932000130414963 0.005512000061571599
v 0.0019359999569132924 0.020999999716877937 0.00554999988526106
v 0.0022960000205785036 0.020774999633431435 0.00554999988526106
v 0.0016530000139027834 0.02128100022673607 0.005534000229090453
v 0.0015810000477358699 0.021302999928593636 0.0055359997786581525
v 0.0015040000434964895 0.021330000832676888 0.0055370000191032895
v 0.0008099999977275729 0.021416999399662018 0.00554999988526106
v 0.0023560000117868185 0.0210999995470047 0.0054480000399053105
v 0.0019710001070052385 0.021198999136686325 0.005512000061571599
v 0.0018729999428614974 0.021222999319434166 0.005520999897271396
v 0.0037070000544190407 0.01978199928998947 0.00540400017052889
v 0.0030509999487549067 0.020806999877095222 0.005076000001281501
v 0.0024770000018179417 0.013771000318229198 0.005200999788939954
v 0.003495000069960952 0.014725999906659126 0.0052410000935196885
v 0.002461999887600541 0.013779000379145145 0.005241999868303538
v 0.002432999899610877 0.013794000260531902 0.005299999844282866
v 0.0034099998883903027 0.014793000183999538 0.00540400017052889
v 0.0024109999649226665 0.013806000351905823 0.005334000103175641
v 0.0021689999848604202 0.013939999975264072 0.005520999897271396
v 0.002248999895527959 0.013895000331103802 0.005483000073581935
v 0.003283000085502863 0.014894000254571438 0.005512000061571599
v 0.0023089998867362738 0.013861999846994877 0.0054429997690022
v 0.0023529999889433384 0.013837999664247036 0.00540400017052889
v 0.0031330001074820757 0.01501299999654293 0.00554999988526106
v 0.0020000000949949026 0.014035999774932861 0.00554999988526106
v 0.0020039998926222324 0.014032999984920025 0.00554999988526106
v -0.0031330001074820757 0.01501299999654293 0.00554999988526106
v -0.0020039998926222324 0.014032999984920025 0.00554999988526106
v -0.0020000000949949026 0.014035999774932861 0.00554999988526106
v -0.0023089998867362738 0.013861999846994877 0.0054429997690022
v -0.003495000069960952 0.014725999906659126 0.0052410000935196885
v -0.003524000057950616 0.014701999723911285 0.005049999803304673
v -0.0024999999441206455 0.013757999986410141 0.005049999803304673
v -0.0024770000018179417 0.013771000318229198 0.005200999788939954
v -0.002461999887600541 0.013779000379145145 0.005241999868303538
v -0.002432999899610877 0.013794000260531902 0.005299999844282866
v -0.003071000101044774 0.020788999274373055 0.005049999803304673
v -0.0038320000749081373 0.01985899917781353 0.005049999803304673
v -0.002947000088170171 0.020878000184893608 0.005179999861866237
v -0.003800000064074993 0.019838999956846237 0.0052410000935196885
v -0.0029039999935775995 0.020901000127196312 0.005214000120759011
v -0.0037070000544190407 0.01978199928998947 0.00540400017052889
v -0.002706000115722418 0.02098800055682659 0.0053300000727176675
v -0.0028619999065995216 0.020921999588608742 0.005243000108748675
v -0.0019069999689236283 0.02121400088071823 0.005518000107258559
v -0.0022909999825060368 0.021118000149726868 0.0054629999212920674
v -0.0024059999268501997 0.020932000130414963 0.005512000061571599
v -0.0023620000574737787 0.021098000928759575 0.0054469997994601735
v -0.002509000012651086 0.02105499990284443 0.005406000185757876
v -0.0012410000199452043 0.021429000422358513 0.005535000003874303
v -0.001348000019788742 0.021389000117778778 0.0055359997786581525
v -0.0008099999977275729 0.021416999399662018 0.00554999988526106
v -0.001446999958716333 0.02135000005364418 0.0055370000191032895
v -0.0019359999569132924 0.020999999716877937 0.00554999988526106
v -0.0015200000489130616 0.021323999390006065 0.0055370000191032895
v -0.0015910000074654818 0.021299999207258224 0.005535000003874303
v -0.001673000049777329 0.021275000646710396 0.005532999988645316
v 0.001348000019788742 0.021389000117778778 0.0055359997786581525
v 0.0007689999765716493 0.021562999114394188 0.005532000213861466
v 0.0005300000193528831 0.021604999899864197 0.00553000019863248
v -0.00017299999308306724 0.02163800038397312 0.0055289999581873426
v -0.0003100000030826777 0.021630000323057175 0.00553000019863248
v -0.0009679999784566462 0.021515000611543655 0.005532999988645316
v -0.001749000046402216 0.021254999563097954 0.0055289999581873426
v -0.002650999929755926 0.021007999777793884 0.005353999789804221
v 0.003406000090762973 0.019596999511122704 0.00554999988526106
v 0.0035689999349415302 0.019696999341249466 0.005512000061571599
v 0.0027520000003278255 0.020969999954104424 0.005307999905198813
v -0.0038620000705122948 0.01645899936556816 0.00554999988526106
v -0.004046999849379063 0.016409000381827354 0.005512000061571599
v -0.004203000105917454 0.01636599935591221 0.00540400017052889
v -0.003886000020429492 0.015230000019073486 0.005049999803304673
v -0.003957999870181084 0.01807500049471855 0.00554999988526106
v -0.004147999919950962 0.018101999536156654 0.005512000061571599
v -0.004308000206947327 0.018125999718904495 0.00540400017052889
v 0.003957999870181084 0.01807500049471855 0.00554999988526106
v 0.004147999919950962 0.018101999536156654 0.005512000061571599
v 0.004308000206947327 0.018125999718904495 0.00540400017052889
v 0.004203000105917454 0.01636599935591221 0.00540400017052889
v 0.004046999849379063 0.016409000381827354 0.005512000061571599
v 0.0038620000705122948 0.01645899936556816 0.00554999988526106
v 0.007015999872237444 0.033268000930547714 0.0035069999285042295
v 0.007015999872237444 0.033268000930547714 -0.013100000098347667
v 0.0024999999441206455 0.033907998353242874 -0.013100000098347667
v 0.0024999999441206455 0.033907998353242874 0.0034499999601393947
v -0.024668000638484955 -0.024119999259710312 0.0035500000230968007
v -0.026758000254631042 -0.02177800051867962 0.0035500000230968007
v -0.02815300039947033 -0.019140999764204025 0.0035500000230968007
v -0.02854900062084198 -0.019370000809431076 0.0035500000230968007
v -0.023190999403595924 -0.016658000648021698 0.0035500000230968007
v -0.023605000227689743 -0.016614999622106552 0.0035500000230968007
v -0.02283100038766861 -0.01686600036919117 0.0035500000230968007
v -0.022585999220609665 -0.017201999202370644 0.0035500000230968007
v 0.0008859999943524599 0.00993799977004528 0.005092000123113395
v -0.00020399999630171806 0.00993799977004528 0.005193999968469144
v 0.0 0.009665999561548233 0.007369999773800375
v -0.00034100000630132854 0.00993799977004528 0.00518399989232421
v -0.001322000054642558 0.00993799977004528 0.004949999973177911
v -0.002498999936506152 0.009604999795556068 0.007360000163316728
v -0.0015360000543296337 0.00993799977004528 0.004852000158280135
v -0.002053000032901764 0.00993799977004528 0.004492000211030246
v -0.0023580000270158052 0.00993799977004528 0.004098000004887582
v -0.002486000070348382 0.00993799977004528 0.003723999951034785
v -0.002498999936506152 0.00993799977004528 0.0036019999533891687
v 0.002498999936506152 0.00993799977004528 0.0036019999533891687
v 0.00240899994969368 0.00993799977004528 0.003990999888628722
v 0.002498999936506152 0.009604999795556068 0.007360000163316728
v 0.002202000003308058 0.00993799977004528 0.004331000149250031
v 0.0017340000486001372 0.00993799977004528 0.004738999996334315
v 0.0 -0.012000000104308128 0.025550000369548805
v 0.002498999936506152 -0.012000000104308128 0.025488000363111503
v 0.0 -0.008179999887943268 0.025216000154614455
v 0.002498999936506152 -0.008190000429749489 0.02515500038862229
v 0.0 -0.004476000089198351 0.024222999811172492
v 0.002498999936506152 -0.004497000016272068 0.02416500076651574
v 0.0 -0.0010000000474974513 0.0226029995828867
v 0.002498999936506152 -0.0010310000507161021 0.022548999637365345
v 0.0 0.0021410000044852495 0.02040299959480763
v 0.002498999936506152 0.0021019999403506517 0.020355999469757084
v 0.0 0.004852999933063984 0.01769099943339825
v 0.002498999936506152 0.004805999808013439 0.017651999369263652
v 0.0 0.007052999921143055 0.014550000429153446
v 0.002498999936506152 0.0069989999756217 0.014519000425934795
v 0.0 0.008673000149428844 0.011074000038206579
v 0.002498999936506152 0.008615000173449516 0.011052999645471575
v -0.002498999936506152 -0.012000000104308128 0.025488000363111503
v -0.002498999936506152 -0.008190000429749489 0.02515500038862229
v -0.002498999936506152 -0.004497000016272068 0.02416500076651574
v -0.002498999936506152 -0.0010310000507161021 0.022548999637365345
v -0.002498999936506152 0.0021019999403506517 0.020355999469757084
v -0.002498999936506152 0.004805999808013439 0.017651999369263652
v -0.002498999936506152 0.0069989999756217 0.014519000425934795
v -0.002498999936506152 0.008615000173449516 0.011052999645471575
v -0.0030320000369101763 -0.0007529999711550772 0.022924000397324566
v -0.0028389999642968178 -0.0007660000119358301 0.022902999073266987
v -0.0028389999642968178 0.0024369999300688505 0.020647000521421436
v -0.0030320000369101763 -0.006202000193297863 0.025188999250531204
v -0.0030320000369101763 -0.008093000389635563 0.025608999654650695
v -0.0028389999642968178 -0.008097000420093536 0.025583999231457717
v -0.0026700000744313 -0.0008140000281855464 0.022818999364972118
v -0.0026700000744313 0.002374999923631549 0.02057299949228764
v -0.0025500000920146704 -0.0008919999818317592 0.02268600091338158
v -0.0025500000920146704 0.0022750000935047865 0.020455000922083858
v -0.0025500000920146704 0.009813999757170677 0.007255999837070705
v -0.0026030000299215317 0.010192000307142735 0.004447000101208688
v -0.0026710000820457935 0.010266999714076519 0.004379000049084426
v -0.0026700000744313 0.009965999983251095 0.007282000035047533
v -0.0028389999642968178 0.010060999542474747 0.007298000156879427
v -0.0027360001113265753 0.0103169996291399 0.0043139997869730004
v -0.002839999971911311 0.010367999784648418 0.004209999926388265
v -0.0030320000369101763 0.010085999965667725 0.0073020001873374
v -0.0029410000424832106 0.010393000207841396 0.004108999855816365
v -0.0030320000369101763 0.01039700023829937 0.0040179998613893994
v -0.0025369999930262566 0.01007699966430664 0.004513000138103963
v -0.0024999999441206455 0.00993799977004528 0.004550000187009574
v -0.0025500000920146704 0.0050050001591444016 0.017705999314785007
v -0.0025500000920146704 0.007213999982923269 0.014523000456392769
v -0.0025500000920146704 0.008833000436425209 0.01100399997085333
v -0.0026700000744313 0.005123999901115894 0.01780500076711178
v -0.0026700000744313 0.007348000071942806 0.014600000344216827
v -0.0026700000744313 0.008977999910712242 0.011056000366806986
v -0.0028389999642968178 0.005197999998927116 0.017867000773549083
v -0.0028389999642968178 0.007431999780237675 0.014647999778389934
v -0.0028389999642968178 0.009069000370800495 0.011087999679148199
v -0.0030320000369101763 -0.012000000104308128 0.025952000170946128
v -0.0028389999642968178 -0.012000000104308128 0.02592699974775315
v -0.0026700000744313 -0.008113999851047993 0.02548900060355664
v -0.0026700000744313 -0.012000000104308128 0.025831000879406936
v -0.0025500000920146704 -0.00814099982380867 0.025336999446153648
v -0.0025500000920146704 -0.012000000104308128 0.025676000863313682
v -0.0025500000920146704 -0.004399999976158142 0.024329999461770065
v -0.0026700000744313 -0.004346999805420637 0.024475000798702247
v -0.0028389999642968178 -0.004313999786973 0.024566000327467925
v -0.0030320000369101763 -0.004304999951273203 0.02458900026977063
v -0.0030320000369101763 0.009638999588787556 0.009348000399768354
v -0.0030320000369101763 0.009092999622225761 0.011096999980509283
v -0.0030320000369101763 0.007453000172972679 0.014659999869763855
v -0.0030320000369101763 0.005216999910771847 0.017883000895380977
v -0.0030320000369101763 0.003840999910607934 0.01939100027084351
v -0.0030320000369101763 0.0024530000519007444 0.02066599950194359
v 0.0028389999642968178 -0.012000000104308128 0.02592699974775315
v 0.0030320000369101763 -0.012000000104308128 0.025952000170946128
v 0.0030320000369101763 -0.008093000389635563 0.025608999654650695
v 0.0024999999441206455 0.00993799977004528 0.004550000187009574
v 0.0025100000202655792 0.009991000406444073 0.00454000011086464
v 0.0026700000744313 0.009965999983251095 0.007282000035047533
v 0.0026459998916834593 0.010243000462651253 0.0044040000066161164
v 0.0025549998972564936 0.010115999728441238 0.004495000001043082
v 0.0028389999642968178 0.010060999542474747 0.007298000156879427
v 0.002804999938234687 0.010354000143706799 0.004244999960064889
v 0.0028389999642968178 -0.008097000420093536 0.025583999231457717
v 0.0030320000369101763 -0.006202000193297863 0.025188999250531204
v 0.0028389999642968178 -0.004313999786973 0.024566000327467925
v 0.0030320000369101763 -0.004304999951273203 0.02458900026977063
v 0.0030320000369101763 -0.0007529999711550772 0.022924000397324566
v 0.0028389999642968178 -0.0007660000119358301 0.022902999073266987
v 0.0030320000369101763 0.0024530000519007444 0.02066599950194359
v 0.0028389999642968178 0.0024369999300688505 0.020647000521421436
v 0.0030320000369101763 0.003840999910607934 0.01939100027084351
v 0.0028389999642968178 0.005197999998927116 0.017867000773549083
v 0.0030320000369101763 0.01039700023829937 0.0040179998613893994
v 0.0030320000369101763 0.010085999965667725 0.0073020001873374
v 0.0030320000369101763 0.009638999588787556 0.009348000399768354
v 0.0028389999642968178 0.009069000370800495 0.011087999679148199
v 0.0030320000369101763 0.009092999622225761 0.011096999980509283
v 0.0028389999642968178 0.007431999780237675 0.014647999778389934
v 0.0030320000369101763 0.007453000172972679 0.014659999869763855
v 0.0030320000369101763 0.005216999910771847 0.017883000895380977
v 0.0026700000744313 0.008977999910712242 0.011056000366806986
v 0.0026700000744313 0.007348000071942806 0.014600000344216827
v 0.0026700000744313 0.005123999901115894 0.01780500076711178
v 0.0026700000744313 0.002374999923631549 0.02057299949228764
v 0.0026700000744313 -0.0008140000281855464 0.022818999364972118
v 0.0026700000744313 -0.004346999805420637 0.024475000798702247
v 0.0026700000744313 -0.008113999851047993 0.02548900060355664
v 0.0026700000744313 -0.012000000104308128 0.025831000879406936
v 0.0025500000920146704 0.009813999757170677 0.007255999837070705
v 0.0025500000920146704 0.008833000436425209 0.01100399997085333
v 0.0025500000920146704 0.007213999982923269 0.014523000456392769
v 0.0025500000920146704 0.0050050001591444016 0.017705999314785007
v 0.0025500000920146704 0.0022750000935047865 0.020455000922083858
v 0.0025500000920146704 -0.0008919999818317592 0.02268600091338158
v 0.0025500000920146704 -0.004399999976158142 0.024329999461770065
v 0.0025500000920146704 -0.00814099982380867 0.025336999446153648
v 0.0025500000920146704 -0.012000000104308128 0.025676000863313682
v -0.015634000301361084 -0.0013539999490603805 0.019517999142408374
v -0.015634000301361084 -0.0013689999468624592 0.01953000016510487
v -0.015634000301361084 -0.0006000000284984708 0.018990000709891323
v -0.015634000301361084 0.005282999947667122 0.011896999552845958
v -0.015634000301361084 0.005282999947667122 0.011893999762833122
v -0.015634000301361084 0.004406999796628952 0.013508000411093238
v -0.015634000301361084 0.003938999958336353 0.0142390001565218
v -0.015634000301361084 -0.0021639999467879534 0.02003099955618382
v -0.015634000301361084 -0.005282999947667122 0.02152900025248528
v -0.015634000301361084 -0.0048790001310408115 0.021372999995946888
v -0.015634000301361084 -0.004668000154197216 0.021285999566316608
v -0.015634000301361084 -0.004478999879211187 0.021207999438047413
v -0.015634000301361084 -0.0036899999249726534 0.020850000903010372
v -0.015634000301361084 0.0008549999911338091 0.01780200004577637
v -0.015634000301361084 0.0015369999455288053 0.01715599931776524
v -0.015634000301361084 0.001551999943330884 0.017139000818133358
v -0.015634000301361084 0.0021860001143068075 0.016476999968290332
v -0.015634000301361084 0.002644999884068966 0.015954000875353817
v -0.015634000301361084 0.003381999908015132 0.015029000118374828
v -0.015634000301361084 0.003913000226020813 0.014281000010669235
v 0.015634000301361084 -0.005282999947667122 0.02152900025248528
v 0.015603999607264996 -0.005278999917209148 0.021539999172091488
v 0.015603999607264996 -0.004679999779909849 0.021305000409483913
v 0.015634000301361084 -0.0035069999285042286 0.020762000232934955
v 0.015603999607264996 -0.0013699999544769526 0.01954399980604649
v 0.015634000301361084 -0.0015699999639764428 0.019660999998450283
v 0.015603999607264996 0.005278999917209148 0.01193100027740002
v 0.015634000301361084 0.005282999947667122 0.011896999552845958
v 0.015634000301361084 0.004734000191092491 0.012949000112712387
v 0.015603999607264996 0.003924000076949596 0.014285000041127208
v 0.015634000301361084 0.0034759999252855778 0.014902000315487388
v 0.015603999607264996 0.002652999944984913 0.01596299931406975
v 0.015634000301361084 0.002644000109285116 0.01595599949359894
v 0.015634000301361084 0.0019910000264644623 0.016689000651240352
v 0.015603999607264996 0.0015350000467151403 0.017173999920487407
v 0.015634000301361084 0.0003009999927598983 0.018283000215888027
v 0.015634000301361084 -0.0009980000322684646 0.01927600055932999
v -0.013856000266969204 -0.012000000104308128 0.02358799986541272
v -0.013779999688267708 -0.012000000104308128 0.023454999551177032
v -0.013779999688267708 -0.011969000101089478 0.023454999551177032
v 0.013767000287771225 -0.01196299958974123 0.023460000753402717
v 0.013767000287771225 -0.012000000104308128 0.023460000753402717
v 0.013856000266969204 -0.012000000104308128 0.023607999086380012
v 0.015603999607264996 -0.012221000157296658 0.022754000499844555
v 0.015603999607264996 -0.039659999310970306 0.022754000499844555
v 0.016454000025987625 -0.012000000104308128 0.02236999943852425
v 0.017532000318169594 -0.039659999310970306 0.021818000823259357
v 0.017532000318169594 -0.012000000104308128 0.021818000823259357
v 0.01909100078046322 -0.039659999310970306 0.020842000842094425
v 0.01909100078046322 -0.012000000104308128 0.020842000842094425
v 0.016905000433325768 -0.011780999600887299 0.022148000076413158
v 0.01909100078046322 -0.00863999966531992 0.02051299996674061
v 0.018655000254511833 -0.008751999586820602 0.020837999880313877
v 0.018557000905275345 -0.00957299955189228 0.021036999300122265
v 0.018146999180316925 -0.01056700013577938 0.02140399999916554
v 0.017389999702572823 -0.011443999595940113 0.02188700065016747
v 0.017841000109910965 -0.006506000179797411 0.020788999274373058
v 0.018185999244451523 -0.0069989999756217 0.02072500064969063
v 0.01909100078046322 -0.005408999975770712 0.01953699998557568
v 0.017695000395178795 -0.006341000087559223 0.02082299999892712
v 0.018373999744653702 -0.007375000044703484 0.020709000527858738
v 0.01842300035059452 -0.007495000027120113 0.020709000527858738
v 0.01864900067448616 -0.00853899959474802 0.020801000297069553
v 0.016605999320745468 -0.005565000232309103 0.021159000694751743
v 0.016885999590158463 -0.005708000157028437 0.02106299996376038
v 0.017532000318169594 -0.005036999937146902 0.020439000800251964
v 0.017532000318169594 0.005896000191569328 0.0072169997729361075
v 0.01723399944603443 0.005934000015258789 0.007792000193148853
v 0.017532000318169594 0.0048420000821352005 0.010623999871313574
v 0.01691100001335144 0.0057219997979700565 0.00918299984186888
v 0.015898000448942184 0.005330000072717667 0.011524000205099584
v 0.017532000318169594 0.0031469999812543392 0.013762000016868118
v 0.016265999525785446 0.005431000143289566 0.01087899971753359
v 0.01637599989771843 0.005470000207424164 0.010650999844074251
v 0.01909100078046322 0.004939999897032976 0.007021000143140556
v 0.017517000436782837 0.006165999919176102 0.00554999988526106
v 0.01909100078046322 0.003942999988794327 0.010246000252664091
v 0.01909100078046322 0.0023380001075565815 0.013216000050306324
v 0.01909100078046322 0.00018699999782256782 0.01581799983978272
v 0.017532000318169594 -0.0018889999482780695 0.018764000385999683
v 0.01909100078046322 -0.002429000101983547 0.01795200072228909
v 0.017532000318169594 0.0008750000270083547 0.016510000452399257
v 0.013508999720215797 -0.005661999806761742 0.02251599915325642
v 0.013767000287771225 -0.005537000019103289 0.022381000220775608
v 0.013767000287771225 -0.004416000097990036 0.021957999095320705
v 0.011668000370264053 0.008453000336885452 0.00554999988526106
v 0.009995000436902046 0.008528999984264374 0.007774999830871822
v 0.009995000436902046 0.008957000449299812 0.003886000020429493
v 0.01065600011497736 0.008782999590039253 0.004550000187009574
v 0.01284599956125021 0.006120000034570694 0.012500000186264518
v 0.012350000441074371 0.006657000165432692 0.011698000133037569
v 0.011966999620199203 0.006864999886602163 0.011490000411868097
v 0.0121069997549057 0.007029999978840351 0.010978999547660353
v 0.011978000402450562 0.007282999809831381 0.010405999608337881
v 0.013767000287771225 0.005537000019103289 0.012974999845027927
v 0.013306999579071999 0.005778000224381685 0.012849999591708187
v 0.011966999620199203 0.004964999854564667 0.01500200014561415
v 0.011966999620199203 -0.007306000217795372 0.0234730001538992
v 0.012125999666750431 -0.0069969999603927135 0.023351000621914867
v 0.011966999620199203 -0.004203000105917454 0.022475000470876697
v 0.012574000284075737 -0.006386000197380781 0.02305099926888943
v 0.013406000100076199 -0.00571900000795722 0.02257099933922291
v 0.011966999620199203 -0.012000000104308128 0.02401800081133843
v 0.013407999649643898 -0.011783000081777573 0.023578999564051635
v 0.012808999978005886 -0.011346999555826187 0.02376100048422814
v 0.011655000038444996 -0.008747000247240067 0.02384500019252301
v 0.009995000436902046 -0.007930999621748924 0.024110000580549247
v 0.011713000014424324 -0.00938200019299984 0.02392099983990193
v 0.009995000436902046 -0.012000000104308128 0.024509999901056297
v 0.012085000053048134 -0.01042999979108572 0.02392500080168248
v 0.01215600036084652 -0.010552999563515186 0.02391400001943112
v 0.011966999620199203 -0.0006769999745301902 0.020601000636816028
v 0.013767000287771225 -0.000986000057309866 0.020136000588536266
v 0.011966999620199203 0.00241800001822412 0.018077999353408817
v 0.013767000287771225 0.002025000052526593 0.017681999132037166
v 0.013767000287771225 0.004501999821513891 0.014689999632537368
v 0.009995000436902046 0.007317999843508005 0.011680999770760538
v 0.009995000436902046 0.008213999681174755 0.00908700004220009
v 0.011878999881446362 0.007519999984651804 0.009788000024855139
v 0.011713000014424324 0.00812000036239624 0.007672999985516073
v 0.009995000436902046 0.0061039999127388 0.014109999872744087
v 0.009995000436902046 0.005371000152081251 0.015277000144124035
v 0.009995000436902046 0.002764000091701746 0.018425999209284786
v 0.011682000011205673 -0.008322999812662601 0.02376499958336354
v 0.011735999956727028 -0.008004000410437584 0.02368899993598462
v 0.009995000436902046 -0.006597999949008226 0.023801000788807876
v 0.009995000436902046 -0.004015999846160412 0.0229289997369051
v 0.009995000436902046 -0.0015610000118613243 0.021724000573158268
v 0.009995000436902046 -0.00040499999886378646 0.021010000258684162
v -0.01648000068962574 -0.005510000046342611 0.021203000098466877
v -0.017495999112725258 0.006147999782115221 0.0058079999871552
v -0.017517000436782837 0.006165999919176102 0.00554999988526106
v -0.01757900044322014 0.005882999859750271 0.00715100020170212
v -0.017187999561429024 0.0059009999968111515 0.008032999932765962
v -0.01757900044322014 0.004838999826461077 0.010564999654889108
v -0.016620000824332237 0.005570999812334776 0.010067000053822996
v -0.01757900044322014 0.0031500000040978193 0.013709999620914463
v -0.01635099947452545 0.00546099990606308 0.010704999789595606
v -0.018087999895215034 -0.006839999929070473 0.02074000053107739
v -0.017392000183463097 -0.006058000028133392 0.020904999226331714
v -0.01757900044322014 -0.005030999891459942 0.020408000797033313
v -0.016901999711990356 -0.005716999992728233 0.021057000383734707
v -0.019146999344229698 -0.00863999966531992 0.02047199942171574
v -0.018655000254511833 -0.008751999586820602 0.020837999880313877
v -0.018577000126242638 -0.008012999780476093 0.020734999328851703
v -0.019146999344229698 -0.005408999975770712 0.019493000581860546
v -0.018533000722527504 -0.007833000272512436 0.02072199992835522
v -0.018185999244451523 -0.007000000216066837 0.02072500064969063
v -0.018307000398635864 -0.01027199998497963 0.021278999745845798
v -0.01861399970948696 -0.009289000183343887 0.02095800079405308
v -0.019146999344229698 -0.012000000104308128 0.02080200053751469
v -0.018643999472260475 -0.009026999585330486 0.020895000547170643
v -0.01757900044322014 -0.012000000104308128 0.021792000159621242
v -0.016454000025987625 -0.012000000104308128 0.02236999943852425
v -0.016905000433325768 -0.011780999600887299 0.022148000076413158
v -0.017378000542521477 -0.011454000137746334 0.02189400047063828
v -0.017534999176859856 -0.011315999552607536 0.02180299907922745
v -0.018193000927567482 -0.010489000007510185 0.021369999274611477
v -0.019146999344229698 0.004912999924272299 0.006955000106245281
v -0.018456000834703445 0.005690999794751406 0.004550000187009574
v -0.019146999344229698 0.005251000169664621 0.003742000088095666
v -0.01757900044322014 0.000881000014487654 0.016465999186038974
v -0.01757900044322014 -0.0018810000037774444 0.01872700080275536
v -0.019146999344229698 -0.0024300001095980406 0.017904000356793407
v -0.019146999344229698 0.0001829999964684248 0.0157650001347065
v -0.019146999344229698 0.002328000031411648 0.013159000314772133
v -0.019146999344229698 0.003926000092178583 0.01018400024622679
v -0.019146999344229698 -0.039659999310970306 0.02080200053751469
v -0.01757900044322014 -0.039659999310970306 0.021792000159621242
v -0.015634000301361084 -0.039659999310970306 0.022742999717593197
v -0.015634000301361084 -0.012217000126838684 0.022742999717593197
v -0.0017500000540167093 -0.020531000569462776 0.02552000060677529
v -0.002498999936506152 -0.019951000809669495 0.025488000363111503
v -0.002498999936506152 -0.039659999310970306 0.025488000363111503
v 0.002498999936506152 -0.019951000809669495 0.025488000363111503
v 0.0017500000540167093 -0.020531000569462776 0.02552000060677529
v 0.002498999936506152 -0.039659999310970306 0.025488000363111503
v 0.0013549999566748738 -0.020726999267935753 0.025531999766826637
v 0.0 -0.039659999310970306 0.025550000369548805
v 0.0 -0.020999999716877937 0.025550000369548805
v -0.001353000057861209 -0.02072799950838089 0.025531999766826637
v 0.0017500000540167093 -0.014468999579548836 0.02552000060677529
v 0.002498999936506152 -0.015049000270664692 0.025488000363111503
v -0.002498999936506152 -0.015049000270664692 0.025488000363111503
v -0.0017500000540167093 -0.014468999579548836 0.02552000060677529
v -0.0013549999566748738 -0.014272999949753284 0.025531999766826637
v 0.0 -0.014000000432133675 0.025550000369548805
v 0.001353000057861209 -0.014271999709308147 0.025531999766826637
v -0.013779999688267708 -0.0009879999561235309 0.020131999626755718
v -0.013779999688267708 -0.004418000113219023 0.021953999996185306
v -0.011974000371992588 -0.0042039998807013035 0.022472999989986423
v -0.013779999688267708 0.004497999791055918 0.014686999842524532
v -0.013779999688267708 0.002022000029683113 0.017678000032901767
v -0.011974000371992588 0.0024170000106096268 0.01807699911296368
v -0.013407000340521336 -0.011781999841332436 0.023579999804496772
v -0.011974000371992588 -0.012000000104308128 0.024016000330448158
v -0.013120000250637531 -0.011597000062465668 0.023669999092817313
v -0.012361000292003155 -0.010857000015676022 0.023873999714851386
v -0.011661999858915806 -0.008542000316083431 0.023809000849723823
v -0.011656000278890133 -0.008775999769568443 0.02384899929165841
v -0.009995000436902046 -0.007930999621748924 0.024110000580549247
v -0.009995000436902046 -0.012000000104308128 0.024509999901056297
v -0.011812999844551086 -0.00978699978441 0.023941000923514373
v -0.011853000149130821 -0.009909000247716904 0.023942999541759498
v -0.012125000357627869 -0.010501000098884106 0.023918999359011657
v -0.013779999688267708 -0.005530999973416328 0.022375000640749935
v -0.013406000100076199 -0.005717999767512083 0.02257099933922291
v -0.01287699956446886 -0.006093000061810017 0.022867999970912937
v -0.012555000372231007 -0.006407000124454498 0.023063000291585926
v -0.012125999666750431 -0.0069969999603927135 0.023351000621914867
v -0.011981000192463398 -0.007275000214576721 0.023460999131202705
v -0.011974000371992588 0.00496299983933568 0.015000999905169014
v -0.013193000108003616 0.00585199985653162 0.012787999585270885
v -0.013628000393509865 0.005601000040769577 0.012957000173628334
v -0.01191600039601326 0.007426000200212002 0.010044000111520292
v -0.01216800045222044 0.006926000118255615 0.011194000020623209
v -0.011974000371992588 0.006864000111818314 0.011490000411868097
v -0.01255400013178587 0.006409000139683485 0.01210299972444773
v -0.012788999825716019 0.006171000190079212 0.012435999698936943
v -0.009995000436902046 0.008528999984264374 0.007774999830871822
v -0.011713000014424324 0.008119000121951103 0.007677999790757896
v -0.009995000436902046 0.008213999681174755 0.00908700004220009
v -0.011858000420033932 0.007577000185847282 0.009626000188291075
v -0.009995000436902046 0.007317999843508005 0.011680999770760538
v -0.011668000370264053 0.008453000336885452 0.00554999988526106
v -0.009995000436902046 0.0061039999127388 0.014109999872744087
v -0.009995000436902046 0.005371000152081251 0.015277000144124035
v -0.009995000436902046 0.002764000091701746 0.018425999209284786
v -0.009995000436902046 -0.004015999846160412 0.0229289997369051
v -0.009995000436902046 -0.0015610000118613243 0.021724000573158268
v -0.011974000371992588 -0.0006779999821446836 0.020599000155925754
v -0.009995000436902046 -0.00040499999886378646 0.021010000258684162
v -0.013779999688267708 0.005530999973416328 0.012976000085473064
v -0.013779999688267708 0.0007590000168420374 0.01882800087332726
v -0.009995000436902046 -0.006597999949008226 0.023801000788807876
v -0.011870999820530415 -0.007540000136941671 0.023553999140858657
v -0.011735999956727028 -0.008005999960005283 0.023690000176429755
v -0.014661000110208988 0.005284999962896109 0.0138119999319315
v -0.01534700021147728 0.005255000200122595 0.013340000063180927
v -0.01534700021147728 0.0038999998942017555 0.015414999797940258
v -0.014426000416278839 -0.005326999817043543 0.022608000785112384
v -0.014426000416278839 -0.003152000019326806 0.021700000390410427
v -0.015153000131249428 -0.005249999929219484 0.022283999249339107
v -0.014426000416278839 -0.0010239999974146485 0.020499000325798992
v -0.01534700021147728 -0.005255000200122595 0.02220699936151505
v -0.014426000416278839 0.005326999817043543 0.013918000273406509
v -0.014426000416278839 0.004282000008970499 0.015491999685764316
v -0.014426000416278839 0.0027199999894946814 0.017371999099850658
v -0.01534700021147728 0.0024629998952150345 0.017130000516772274
v -0.014426000416278839 0.0009430000209249556 0.019048999994993213
v -0.01534700021147728 0.0012870000209659338 0.01828199997544289
v -0.01534700021147728 -0.001832999987527728 0.02058600075542927
v 0.014413000084459782 -0.0020580000709742308 0.021130999550223354
v 0.014413000084459782 -0.005330000072717667 0.022614000365138057
v 0.015153000131249428 -0.005249999929219484 0.022283999249339107
v 0.01534700021147728 0.005255000200122595 0.013340000063180927
v 0.014413000084459782 0.005330000072717667 0.013923999853432182
v 0.01534700021147728 0.0039969999343156815 0.015283999964594844
v 0.014413000084459782 0.0037320000119507313 0.016216000542044643
v 0.01534700021147728 0.002461999887600541 0.01713100075721741
v 0.014413000084459782 0.0027230000123381615 0.017376000061631206
v 0.01534700021147728 0.0007149999728426337 0.01877900026738644
v 0.014413000084459782 0.001069999998435378 0.018947999924421314
v 0.01534700021147728 -0.001218999968841672 0.02020400017499924
v 0.014413000084459782 -0.0010239999974146485 0.020504999905824665
v 0.01534700021147728 -0.0032210000790655613 0.0213409997522831
v 0.01534700021147728 -0.005255000200122595 0.02220699936151505
v -0.01551199983805418 0.0038159999530762434 0.015352999791502956
v -0.01566700078547001 0.0035359999164938927 0.015143999829888347
v -0.01563899964094162 0.005284000188112259 0.01192600000649691
v -0.01566700078547001 0.005288000218570232 0.012319999746978286
v -0.015623999759554863 0.00368899991735816 0.015256999991834167
v -0.015629999339580536 0.005282000172883272 0.0127130001783371
v -0.015496999956667423 0.005266999825835228 0.013132999651134018
v -0.01565999910235405 -0.005286999978125095 0.021810999140143398
v -0.01566700078547001 -0.002065999899059534 0.020196000114083294
v -0.015598000027239323 -0.005278000142425299 0.021989999338984493
v -0.015623999759554863 -0.0019680000841617584 0.020359000191092495
v -0.015483999624848366 -0.005264999810606241 0.02212600037455559
v -0.01551199983805418 -0.0018860000418499112 0.02049599960446358
v -0.01551199983805418 0.0012179999612271786 0.01820500008761883
v -0.015623999759554863 0.0011109999613836408 0.018085999414324764
v -0.01566700078547001 0.0009830000344663858 0.01794500090181828
v -0.015660999342799187 -0.039659999310970306 0.023000000044703487
v -0.01566700078547001 -0.012211999855935574 0.022934999316930774
v -0.015623999759554863 -0.039659999310970306 0.023125000298023227
v -0.015623999759554863 -0.012218000367283821 0.023125000298023227
v -0.015556000173091888 -0.039659999310970306 0.023236999288201336
v -0.01551199983805418 -0.012232000008225441 0.023284999653697017
v -0.01534700021147728 -0.039659999310970306 0.023389000445604328
v -0.01534700021147728 -0.012245000340044498 0.023389000445604328
v -0.01439599972218275 0.005332999862730503 0.013927999883890155
v -0.014142000116407871 0.005400000140070915 0.013838999904692176
v -0.014167999848723412 0.005392000079154968 0.013860999606549743
v -0.014169000089168549 0.004304000176489353 0.01550799980759621
v -0.01422400027513504 0.005375999957323074 0.013899999670684341
v -0.014321999624371529 0.005350999999791384 0.013931999914348129
v -0.013993999920785427 0.00544800003990531 0.013642000034451488
v -0.013933000154793262 0.004219000227749348 0.015445999801158908
v -0.013879000209271908 0.005491000134497881 0.013380999676883224
v -0.013925000093877316 0.005472999997437 0.013501999899744991
v -0.013933000154793262 -0.003186000045388937 0.021630000323057178
v -0.013933000154793262 -0.005470000207424164 0.02257500030100346
v -0.013824000023305416 -0.005512999836355448 0.022461000829935077
v -0.014169000089168549 -0.0031399999279528856 0.021725000813603405
v -0.014169000089168549 -0.005392000079154968 0.022659000009298328
v -0.014084000140428543 -0.005417999811470509 0.022645000368356708
v -0.01425699982792139 -0.005367000121623278 0.022656999528408054
v -0.013933000154793262 -0.001066999975591898 0.020432999357581142
v -0.013933000154793262 0.0008929999894462526 0.018989000469446186
v -0.013933000154793262 0.0026630000211298466 0.017317999154329303
v -0.014169000089168549 0.002739999908953905 0.017389999702572826
v -0.014169000089168549 0.0009599999757483602 0.019068999215960506
v -0.014169000089168549 -0.0010089999996125698 0.02052100002765656
v -0.014426000416278839 -0.012172999791800976 0.023741999641060836
v -0.014426000416278839 -0.039659999310970306 0.023741999641060836
v -0.014169000089168549 -0.039659999310970306 0.023769000545144088
v -0.014169000089168549 -0.012107999995350838 0.023769000545144088
v -0.013933000154793262 -0.039659999310970306 0.02366399951279164
v -0.013933000154793262 -0.012028999626636505 0.02366399951279164
v -0.013779999688267708 -0.039659999310970306 0.023454999551177032
v -0.0030320000369101763 -0.019247999414801598 0.025952000170946128
v -0.0030320000369101763 -0.039659999310970306 0.025952000170946128
v -0.0028389999642968178 -0.039659999310970306 0.02592699974775315
v -0.0028389999642968178 -0.019547000527381897 0.02592699974775315
v -0.0026700000744313 -0.039659999310970306 0.025831000879406936
v -0.0026700000744313 -0.019764000549912453 0.025831000879406936
v -0.0025500000920146704 -0.039659999310970306 0.025676000863313682
v -0.0025500000920146704 -0.01989700086414814 0.025676000863313682
v -0.0025160000659525394 -0.019933000206947327 0.02558699995279313
v -0.0025160000659525394 -0.015066999942064285 0.02558699995279313
v -0.0025500000920146704 -0.015103000216186047 0.025676000863313682
v -0.0026700000744313 -0.01523599959909916 0.025831000879406936
v -0.0028389999642968178 -0.015452999621629715 0.02592699974775315
v -0.0030320000369101763 -0.015752000734210014 0.025952000170946128
v 0.0025160000659525394 -0.019933000206947327 0.02558699995279313
v 0.0025500000920146704 -0.01989700086414814 0.025676000863313682
v 0.0025500000920146704 -0.039659999310970306 0.025676000863313682
v 0.0026700000744313 -0.039659999310970306 0.025831000879406936
v 0.0026700000744313 -0.019764000549912453 0.025831000879406936
v 0.0028389999642968178 -0.039659999310970306 0.02592699974775315
v 0.0028389999642968178 -0.019547000527381897 0.02592699974775315
v 0.0030320000369101763 -0.039659999310970306 0.025952000170946128
v 0.0030320000369101763 -0.019247999414801598 0.025952000170946128
v 0.0030320000369101763 -0.015752000734210014 0.025952000170946128
v 0.0028389999642968178 -0.015452999621629715 0.02592699974775315
v 0.0026700000744313 -0.01523599959909916 0.025831000879406936
v 0.0025500000920146704 -0.015103000216186047 0.025676000863313682
v 0.0025160000659525394 -0.015066999942064285 0.02558699995279313
v 0.013767000287771225 -0.039659999310970306 0.023460000753402717
v 0.013918999582529068 -0.039659999310970306 0.023669000715017326
v 0.013918999582529068 -0.01202400028705597 0.023669000715017326
v 0.014155999757349491 -0.039659999310970306 0.023773999884724624
v 0.014155999757349491 -0.012103999964892864 0.023773999884724624
v 0.014413000084459782 -0.039659999310970306 0.02374700084328652
v 0.014413000084459782 -0.01217000000178814 0.02374700084328652
v 0.014248999767005444 -0.005369000136852264 0.022662999108433727
v 0.014155999757349491 -0.002044999971985817 0.021153999492526058
v 0.014155999757349491 -0.005396000109612942 0.022665999829769138
v 0.013918999582529068 -0.005475999787449837 0.02258200012147427
v 0.01395300030708313 -0.005462999921292067 0.022603999823331836
v 0.013918999582529068 -0.002096999902278185 0.02106299996376038
v 0.014090999960899353 -0.005415999796241522 0.022656999528408054
v 0.01384199969470501 -0.005506000015884638 0.022509999573230747
v 0.014152999967336655 0.0053969998843967915 0.013863000087440017
v 0.014088000170886517 0.005417000036686659 0.013798999600112442
v 0.013918999582529068 0.003671000013127923 0.016166999936103824
v 0.013930999673902988 0.0054709999822080135 0.013544999994337562
v 0.013918000273406506 0.005475999787449837 0.01351599954068661
v 0.014375000260770321 0.005338000133633614 0.013934000395238403
v 0.014289000071585178 0.005359000060707331 0.013933000154793266
v 0.014155999757349491 0.0037529999390244484 0.016233000904321674
v 0.014201000332832336 0.005382999777793884 0.013898000121116642
v 0.014155999757349491 0.001088000019080937 0.018968999385833744
v 0.013918999582529068 0.001019999966956675 0.018888000398874286
v 0.01534700021147728 -0.039659999310970306 0.023389000445604328
v 0.015556000173091888 -0.039659999310970306 0.023236999288201336
v 0.01534700021147728 -0.012245000340044498 0.023389000445604328
v 0.015556000173091888 -0.01222699973732233 0.023236999288201336
v 0.015623999759554863 -0.012218000367283821 0.023126000538468364
v 0.015660999342799187 -0.039659999310970306 0.023000000044703487
v 0.015660999342799187 -0.01221300009638071 0.023000000044703487
v 0.015665000304579735 -0.01221300009638071 0.02287000045180321
v 0.015634000301361084 -0.039659999310970306 0.022742999717593197
v 0.015634000301361084 -0.012217000126838684 0.022742999717593197
v 0.015432000160217285 0.005260999780148268 0.013243000023067001
v 0.015664000064134598 -0.005286999978125095 0.02166100032627583
v 0.015660999342799187 -0.003392999991774559 0.020991999655961994
v 0.015660999342799187 -0.005286999978125095 0.021804999560117725
v 0.015654999762773514 -0.005286000203341246 0.021836999803781513
v 0.015556000173091888 -0.0032889998983591795 0.021204000338912014
v 0.015595000237226486 -0.005278000142425299 0.02199400030076504
v 0.015556000173091888 -0.005272999871522188 0.022050999104976658
v 0.015488999895751476 -0.005266000051051378 0.022121999412775043
v 0.015659000724554062 0.005286000203341246 0.012496000155806545
v 0.015553000383079052 0.005272999871522188 0.013004000298678878
v 0.015556000173091888 0.005164999980479479 0.013190999627113346
v 0.015556000173091888 0.0038739999290555716 0.015193999744951728
v 0.015660999342799187 0.005286999978125095 0.012465000152587894
v 0.015660999342799187 -0.0014299999456852674 0.01987800002098084
v 0.015660999342799187 0.00046499999007210135 0.018480999395251278
v 0.015660999342799187 0.0021780000533908606 0.016865000128746036
v 0.015660999342799187 0.0036830001045018435 0.015053999610245231
v 0.015556000173091888 0.0023509999737143517 0.0170269999653101
v 0.015556000173091888 0.0006169999833218753 0.018662000074982647
v 0.015556000173091888 -0.0013010000111535192 0.02007599920034409
v 0.015660999342799187 0.004958000034093857 0.01307499967515469
v -0.01685499958693981 -0.008750000037252903 -0.0032500000670552262
v -0.01685499958693981 -0.008750000037252903 0.0035500000230968007
v -0.016628000885248184 -0.009600000455975533 -0.0032500000670552262
v -0.016628000885248184 -0.009600000455975533 0.0035500000230968007
v -0.016005000099539757 -0.010222000069916248 -0.0032500000670552262
v -0.016005000099539757 -0.010222000069916248 0.0035500000230968007
v -0.015154999680817127 -0.010449999943375587 -0.0032500000670552262
v -0.015154999680817127 -0.010449999943375587 0.0035500000230968007
v -0.014305000193417072 -0.010222000069916248 -0.0032500000670552262
v -0.014305000193417072 -0.010222000069916248 0.0035500000230968007
v -0.013682999648153782 -0.009600000455975533 -0.0032500000670552262
v -0.013682999648153782 -0.009600000455975533 0.0035500000230968007
v -0.013454999774694443 -0.008750000037252903 -0.0032500000670552262
v -0.013454999774694443 -0.008750000037252903 0.0035500000230968007
v -0.013682999648153782 -0.007899999618530273 -0.0032500000670552262
v -0.013682999648153782 -0.007899999618530273 0.0035500000230968007
v -0.014305000193417072 -0.007278000004589558 -0.0032500000670552262
v -0.014305000193417072 -0.007278000004589558 0.0035500000230968007
v -0.015154999680817127 -0.0070500001311302185 -0.0032500000670552262
v -0.015154999680817127 -0.0070500001311302185 0.0035500000230968007
v -0.016005000099539757 -0.007278000004589558 -0.0032500000670552262
v -0.016005000099539757 -0.007278000004589558 0.0035500000230968007
v -0.016628000885248184 -0.007899999618530273 -0.0032500000670552262
v -0.016628000885248184 -0.007899999618530273 0.0035500000230968007
v -0.01685499958693981 0.008750000037252903 -0.0032500000670552262
v -0.01685499958693981 0.008750000037252903 0.00554999988526106
v -0.016628000885248184 0.007899999618530273 -0.0032500000670552262
v -0.016628000885248184 0.007899999618530273 0.00554999988526106
v -0.016005000099539757 0.007278000004589558 -0.0032500000670552262
v -0.016005000099539757 0.007278000004589558 0.00554999988526106
v -0.015154999680817127 0.0070500001311302185 -0.0032500000670552262
v -0.015154999680817127 0.0070500001311302185 0.00554999988526106
v -0.014305000193417072 0.007278000004589558 -0.0032500000670552262
v -0.014305000193417072 0.007278000004589558 0.00554999988526106
v -0.013682999648153782 0.007899999618530273 -0.0032500000670552262
v -0.013682999648153782 0.007899999618530273 0.00554999988526106
v -0.013454999774694443 0.008750000037252903 -0.0032500000670552262
v -0.013454999774694443 0.008750000037252903 0.00554999988526106
v -0.013682999648153782 0.009600000455975533 -0.0032500000670552262
v -0.013682999648153782 0.009600000455975533 0.00554999988526106
v -0.014305000193417072 0.010222000069916248 -0.0032500000670552262
v -0.014305000193417072 0.010222000069916248 0.00554999988526106
v -0.015154999680817127 0.010449999943375587 -0.0032500000670552262
v -0.015154999680817127 0.010449999943375587 0.00554999988526106
v -0.016005000099539757 0.010222000069916248 -0.0032500000670552262
v -0.016005000099539757 0.010222000069916248 0.00554999988526106
v -0.016628000885248184 0.009600000455975533 -0.0032500000670552262
v -0.016628000885248184 0.009600000455975533 0.00554999988526106
v 0.013454999774694443 0.008750000037252903 -0.0032500000670552262
v 0.013454999774694443 0.008750000037252903 0.00554999988526106
v 0.013682999648153782 0.007899999618530273 -0.0032500000670552262
v 0.013682999648153782 0.007899999618530273 0.00554999988526106
v 0.014305000193417072 0.007278000004589558 -0.0032500000670552262
v 0.014305000193417072 0.007278000004589558 0.00554999988526106
v 0.015154999680817127 0.0070500001311302185 -0.0032500000670552262
v 0.015154999680817127 0.0070500001311302185 0.00554999988526106
v 0.016005000099539757 0.007278000004589558 -0.0032500000670552262
v 0.016005000099539757 0.007278000004589558 0.00554999988526106
v 0.016628000885248184 0.007899999618530273 -0.0032500000670552262
v 0.016628000885248184 0.007899999618530273 0.00554999988526106
v 0.01685499958693981 0.008750000037252903 -0.0032500000670552262
v 0.01685499958693981 0.008750000037252903 0.00554999988526106
v 0.016628000885248184 0.009600000455975533 -0.0032500000670552262
v 0.016628000885248184 0.009600000455975533 0.00554999988526106
v 0.016005000099539757 0.010222000069916248 -0.0032500000670552262
v 0.016005000099539757 0.010222000069916248 0.00554999988526106
v 0.015154999680817127 0.010449999943375587 -0.0032500000670552262
v 0.015154999680817127 0.010449999943375587 0.00554999988526106
v 0.014305000193417072 0.010222000069916248 -0.0032500000670552262
v 0.014305000193417072 0.010222000069916248 0.00554999988526106
v 0.013682999648153782 0.009600000455975533 -0.0032500000670552262
v 0.013682999648153782 0.009600000455975533 0.00554999988526106
v 0.013454999774694443 -0.008750000037252903 -0.0032500000670552262
v 0.013454999774694443 -0.008750000037252903 0.0035500000230968007
v 0.013682999648153782 -0.009600000455975533 -0.0032500000670552262
v 0.013682999648153782 -0.009600000455975533 0.0035500000230968007
v 0.014305000193417072 -0.010222000069916248 -0.0032500000670552262
v 0.014305000193417072 -0.010222000069916248 0.0035500000230968007
v 0.015154999680817127 -0.010449999943375587 -0.0032500000670552262
v 0.015154999680817127 -0.010449999943375587 0.0035500000230968007
v 0.016005000099539757 -0.010222000069916248 -0.0032500000670552262
v 0.016005000099539757 -0.010222000069916248 0.0035500000230968007
v 0.016628000885248184 -0.009600000455975533 -0.0032500000670552262
v 0.016628000885248184 -0.009600000455975533 0.0035500000230968007
v 0.01685499958693981 -0.008750000037252903 -0.0032500000670552262
v 0.01685499958693981 -0.008750000037252903 0.0035500000230968007
v 0.016628000885248184 -0.007899999618530273 -0.0032500000670552262
v 0.016628000885248184 -0.007899999618530273 0.0035500000230968007
v 0.016005000099539757 -0.007278000004589558 -0.0032500000670552262
v 0.016005000099539757 -0.007278000004589558 0.0035500000230968007
v 0.015154999680817127 -0.0070500001311302185 -0.0032500000670552262
v 0.015154999680817127 -0.0070500001311302185 0.0035500000230968007
v 0.014305000193417072 -0.007278000004589558 -0.0032500000670552262
v 0.014305000193417072 -0.007278000004589558 0.0035500000230968007
v 0.013682999648153782 -0.007899999618530273 -0.0032500000670552262
v 0.013682999648153782 -0.007899999618530273 0.0035500000230968007
v -0.0017000000225380063 -0.017500000074505806 -0.0032500000670552262
v -0.0017000000225380063 -0.017500000074505806 0.0035500000230968007
v -0.0014720000326633453 -0.01834999956190586 -0.0032500000670552262
v -0.0014720000326633453 -0.01834999956190586 0.0035500000230968007
v -0.0008500000112690032 -0.01897200010716915 -0.0032500000670552262
v -0.0008500000112690032 -0.01897200010716915 0.0035500000230968007
v 0.0 -0.019200000911951065 -0.0032500000670552262
v 0.0 -0.019200000911951065 0.0035500000230968007
v 0.0008500000112690032 -0.01897200010716915 -0.0032500000670552262
v 0.0008500000112690032 -0.01897200010716915 0.0035500000230968007
v 0.0014720000326633453 -0.01834999956190586 -0.0032500000670552262
v 0.0014720000326633453 -0.01834999956190586 0.0035500000230968007
v 0.0017000000225380063 -0.017500000074505806 -0.0032500000670552262
v 0.0017000000225380063 -0.017500000074505806 0.0035500000230968007
v 0.0014720000326633453 -0.01665000058710575 -0.0032500000670552262
v 0.0014720000326633453 -0.01665000058710575 0.0035500000230968007
v 0.0008500000112690032 -0.01602800004184246 -0.0032500000670552262
v 0.0008500000112690032 -0.01602800004184246 0.0035500000230968007
v 0.0 -0.015799999237060547 -0.0032500000670552262
v 0.0 -0.015799999237060547 0.0035500000230968007
v -0.0008500000112690032 -0.01602800004184246 -0.0032500000670552262
v -0.0008500000112690032 -0.01602800004184246 0.0035500000230968007
v -0.0014720000326633453 -0.01665000058710575 -0.0032500000670552262
v -0.0014720000326633453 -0.01665000058710575 0.0035500000230968007
v 0.02692200057208538 0.005609999876469374 -0.013100000098347667
v 0.03141799941658974 0.008205000311136246 -0.013100000098347667
v 0.02692200057208538 0.005609999876469374 -0.00705000013113022
v 0.03141799941658974 0.008205000311136246 0.0015500000445172195
v 0.026750000193715096 0.005510000046342611 -0.00705000013113022
v 0.026750000193715096 0.005510000046342611 0.0015500000445172195
v 0.018146999180316925 0.020410999655723572 -0.00705000013113022
v 0.018146999180316925 0.020410999655723572 0.0015500000445172195
v 0.01831899955868721 0.020509999245405197 -0.00705000013113022
v 0.022815000265836716 0.02310599945485592 0.0015500000445172195
v 0.01831899955868721 0.020509999245405197 -0.013100000098347667
v 0.022815000265836716 0.02310599945485592 -0.013100000098347667
v 0.008603000082075596 0.026119999587535858 -0.013100000098347667
v 0.008603000082075596 0.031311001628637314 -0.013100000098347667
v 0.008603000082075596 0.026119999587535858 -0.00705000013113022
v 0.008603000082075596 0.031311001628637314 0.0015500000445172195
v 0.008603000082075596 0.02592100016772747 -0.00705000013113022
v 0.008603000082075596 0.02592100016772747 0.0015500000445172195
v -0.008603000082075596 0.02592100016772747 -0.00705000013113022
v -0.008603000082075596 0.02592100016772747 0.0015500000445172195
v -0.008603000082075596 0.026119999587535858 -0.00705000013113022
v -0.008603000082075596 0.031311001628637314 0.0015500000445172195
v -0.008603000082075596 0.026119999587535858 -0.013100000098347667
v -0.008603000082075596 0.031311001628637314 -0.013100000098347667
v -0.01831899955868721 0.020509999245405197 -0.013100000098347667
v -0.022815000265836716 0.02310599945485592 -0.013100000098347667
v -0.01831899955868721 0.020509999245405197 -0.00705000013113022
v -0.022815000265836716 0.02310599945485592 0.0015500000445172195
v -0.018146999180316925 0.020410999655723572 -0.00705000013113022
v -0.018146999180316925 0.020410999655723572 0.0015500000445172195
v -0.026750000193715096 0.005510000046342611 -0.00705000013113022
v -0.026750000193715096 0.005510000046342611 0.0015500000445172195
v -0.02692200057208538 0.005609999876469374 -0.00705000013113022
v -0.03141799941658974 0.008205000311136246 0.0015500000445172195
v -0.02692200057208538 0.005609999876469374 -0.013100000098347667
v -0.03141799941658974 0.008205000311136246 -0.013100000098347667
v -0.029061000794172287 0.019664999097585678 -0.013100000098347667
v -0.02222600020468235 0.016194000840187073 -0.013100000098347667
v -0.03207699954509735 0.008820000104606152 -0.013100000098347667
v -0.032398998737335205 0.009661000221967697 -0.013100000098347667
v -0.03192700073122978 0.01570099964737892 -0.013100000098347667
v -0.03206099942326546 0.016201000660657883 -0.013100000098347667
v -0.03192700073122978 0.016700999811291695 -0.013100000098347667
v -0.025136999785900116 0.011152000166475773 -0.013100000098347667
v -0.032319001853466034 0.010559000074863434 -0.013100000098347667
v -0.03006099909543991 0.019664999097585678 -0.013100000098347667
v -0.0295609999448061 0.019798999652266502 -0.013100000098347667
v -0.030426999554038048 0.01929900050163269 -0.013100000098347667
v -0.02456600032746792 0.023228000849485397 -0.013100000098347667
v -0.023677000775933266 0.023368999361991882 -0.013100000098347667
v -0.002366000087931752 0.03550000116229057 -0.013100000098347667
v -0.0020000000949949026 0.03586599975824356 -0.013100000098347667
v -0.001500000013038516 0.035999998450279236 -0.013100000098347667
v 0.001500000013038516 0.035999998450279236 -0.013100000098347667
v 0.0020000000949949026 0.03586599975824356 -0.013100000098347667
v 0.002366000087931752 0.03550000116229057 -0.013100000098347667
v -0.002911000046879053 0.027344999834895134 -0.013100000098347667
v -0.00839999970048666 0.03218900039792061 -0.013100000098347667
v 0.0024999999441206455 0.03500000014901161 -0.013100000098347667
v 0.007833000272512436 0.032889001071453094 -0.013100000098347667
v 0.00839999970048666 0.03218900039792061 -0.013100000098347667
v 0.002911000046879053 0.027344999834895134 -0.013100000098347667
v -0.007015999872237444 0.033268000930547714 -0.013100000098347667
v -0.007833000272512436 0.032889001071453094 -0.013100000098347667
v 0.025303000584244728 0.022709999233484268 -0.013100000098347667
v 0.02222600020468235 0.016194000840187073 -0.013100000098347667
v 0.031560998409986496 0.01533500012010336 -0.013100000098347667
v 0.02456600032746792 0.023228000849485397 -0.013100000098347667
v 0.023677000775933266 0.023368999361991882 -0.013100000098347667
v 0.03192700073122978 0.016700999811291695 -0.013100000098347667
v 0.030426999554038048 0.01929900050163269 -0.013100000098347667
v 0.03006099909543991 0.019664999097585678 -0.013100000098347667
v 0.0295609999448061 0.019798999652266502 -0.013100000098347667
v 0.03205199912190437 0.01633100025355816 -0.013100000098347667
v 0.032026998698711395 0.015941999852657318 -0.013100000098347667
v 0.03185399994254112 0.01559200044721365 -0.013100000098347667
v 0.032398998737335205 0.009661000221967697 -0.013100000098347667
v 0.03207699954509735 0.008820000104606152 -0.013100000098347667
v 0.025136999785900116 0.011152000166475773 -0.013100000098347667
v -0.025136999785900116 0.011152000166475773 -0.00705000013113022
v -0.02222600020468235 0.016194000840187073 -0.00705000013113022
v -0.002911000046879053 0.027344999834895134 -0.00705000013113022
v 0.002911000046879053 0.027344999834895134 -0.00705000013113022
v 0.02222600020468235 0.016194000840187073 -0.00705000013113022
v 0.025136999785900116 0.011152000166475773 -0.00705000013113022
v 0.015603999607264996 -0.04445600137114525 0.02755000069737435
v 0.015603999607264996 -0.04445600137114525 0.03105399943888188
v 0.017532000318169594 -0.0453919991850853 0.02755000069737435
v 0.017410999163985252 -0.04532599821686745 0.031970001757144935
v 0.01909100078046322 -0.04636799916625023 0.02755000069737435
v 0.01909100078046322 -0.04636799916625023 0.03294099867343903
v 0.013767000287771225 -0.04374999925494194 0.030246000736951835
v 0.013767000287771225 -0.04374999925494194 0.02755000069737435
v 0.01191100012511015 -0.04317599907517433 0.029548000544309623
v 0.011966999620199203 -0.043191999197006226 0.02755000069737435
v 0.009995000436902046 -0.04270000010728836 0.028945000842213638
v 0.009995000436902046 -0.04270000010728836 0.02755000069737435
v 0.01909100078046322 -0.05695199966430664 0.02755000069737435
v 0.01909100078046322 -0.05695199966430664 0.03294099867343903
v 0.017410000786185265 -0.05799499899148941 0.031970001757144935
v 0.017532000318169594 -0.05792799964547157 0.02755000069737435
v 0.015603999607264996 -0.05886400118470192 0.03105399943888188
v 0.015603999607264996 -0.05886400118470192 0.02755000069737435
v 0.004494000226259232 -0.041861001402139664 0.02755000069737435
v 0.004494000226259232 -0.041861001402139664 0.02782800048589707
v 0.0062939999625086784 -0.042059000581502914 0.02755000069737435
v 0.006273999810218811 -0.04205700010061264 0.02809300087392331
v 0.008031999692320824 -0.04231899976730347 0.02755000069737435
v 0.007296000141650438 -0.0421999990940094 0.02828699909150601
v 0.008031999692320824 -0.04231899976730347 0.028444999828934676
v 0.009979999624192715 -0.06062300130724907 0.02894099988043309
v 0.009979999624192715 -0.06062300130724907 0.02755000069737435
v 0.011901999823749065 -0.06014600023627281 0.029544999822974212
v 0.011958999559283257 -0.06013000011444092 0.02755000069737435
v 0.013767000287771225 -0.05956999957561493 0.030246000736951835
v 0.013767000287771225 -0.05956999957561493 0.02755000069737435
v -0.009995000436902046 -0.04270000010728836 0.028945000842213638
v -0.009995000436902046 -0.04270000010728836 0.02755000069737435
v -0.011920000426471233 -0.04317900165915489 0.029550999402999885
v -0.011974000371992588 -0.0431939996778965 0.02755000069737435
v -0.013779999688267708 -0.043754998594522476 0.03025100007653237
v -0.013779999688267708 -0.043754998594522476 0.02755000069737435
v 0.002498999936506152 -0.041721999645233154 0.027636000886559493
v 0.002498999936506152 -0.041721999645233154 0.02755000069737435
v 0.0012499999720603228 -0.04167500138282776 0.02757100015878678
v 0.0 -0.04165999963879585 0.02755000069737435
v 0.022386999800801277 -0.05065999925136566 0.03522200137376786
v 0.022386999800801277 -0.05065999925136566 0.02755000069737435
v 0.0218299999833107 -0.04923899844288826 0.03479800000786782
v 0.021802999079227448 -0.04918999969959259 0.02755000069737435
v 0.02098100073635578 -0.048048000782728195 0.03418299928307534
v 0.020576000213623047 -0.047614000737667084 0.02755000069737435
v 0.020576000213623047 -0.047614000737667084 0.033902999013662345
v -0.020618999376893044 -0.04765800014138222 0.03393200039863587
v -0.020618999376893044 -0.04765800014138222 0.02755000069737435
v -0.020705999806523323 -0.04774799942970276 0.02755000069737435
v -0.021581999957561493 -0.0488319993019104 0.03461400046944619
v -0.02181999944150448 -0.049219001084566116 0.02755000069737435
v -0.022272000089287758 -0.050241000950336456 0.035133000463247306
v -0.022386999800801277 -0.05065999925136566 0.02755000069737435
v -0.022386999800801277 -0.05065999925136566 0.03522200137376786
v 0.02062300033867359 -0.055667001754045486 0.03393499925732613
v 0.020576000213623047 -0.055706001818180084 0.033902999013662345
v 0.021548999473452568 -0.05453699827194214 0.0345899984240532
v -0.006513999775052071 -0.04208799824118614 0.028136000037193305
v -0.007296000141650438 -0.0421999990940094 0.02828699909150601
v -0.007294999901205301 -0.04016000032424927 0.028286000713706023
v 0.0 -0.04016000032424927 0.02755000069737435
v -0.0012509999796748161 -0.04167500138282776 0.02757100015878678
v -0.0026700000744313 -0.04137900099158287 0.02764800004661084
v -0.0025500000920146704 -0.041533999145030975 0.027638999745249755
v -0.002498999936506152 -0.041721999645233154 0.027636000886559493
v -0.004976999945938587 -0.04190799966454506 0.02789100073277951
v -0.0028389999642968178 -0.04128300026059151 0.027660999447107322
v -0.0030320000369101763 -0.04125799983739853 0.02767599932849408
v -0.0045289997942745686 -0.04136300086975098 0.02783199958503247
v -0.004528000019490719 -0.04137500002980232 0.02783199958503247
v -0.004575000144541264 -0.0416250005364418 0.027837999165058143
v -0.004738999996334314 -0.041818998754024506 0.027859000489115722
v 0.0026700000744313 -0.04137900099158287 0.02764800004661084
v 0.0025500000920146704 -0.041533999145030975 0.027638999745249755
v 0.004468999803066254 -0.04166800156235695 0.02782499976456166
v 0.007294999901205301 -0.04016000032424927 0.028286000713706023
v 0.004372000228613615 -0.04149800166487694 0.027813000604510314
v 0.004217999987304211 -0.04137900099158287 0.027795000001788146
v 0.004029999952763319 -0.04132800176739693 0.02777300029993058
v 0.0030320000369101763 -0.04125799983739853 0.02767599932849408
v 0.0028389999642968178 -0.04128300026059151 0.027660999447107322
v 0.00999400019645691 -0.04250499978661537 0.028945000842213638
v 0.01387100014835596 -0.043584998697042465 0.030287999659776695
v 0.014295999892055988 -0.04016000032424927 0.030465999618172653
v 0.01422099955379963 -0.04343000054359436 0.030433999374508865
v 0.014030000194907188 -0.043473001569509506 0.030354000627994544
v 0.00991899985820055 -0.04232500120997429 0.02892399951815606
v 0.008243000134825706 -0.041999999433755875 0.028493000194430358
v 0.008105999790132046 -0.0421379990875721 0.02846099995076657
v 0.008422999642789364 -0.04192399978637695 0.028534999117255218
v 0.00977999996393919 -0.042187999933958054 0.02888499945402146
v 0.009600000455975533 -0.042114000767469406 0.028835000470280654
v 0.008617999963462353 -0.041923001408576965 0.028581999242305763
v 0.01930299960076809 -0.04621899873018265 0.033071998506784446
v 0.02056100033223629 -0.04694899916648865 0.03389199823141099
v 0.019795000553131104 -0.04630599915981293 0.03338399901986123
v 0.020718999207019806 -0.04016000032424927 0.03400100022554398
v 0.019561000168323517 -0.04619700089097023 0.03323400020599366
v 0.015634000301361084 -0.04446699842810631 0.0310679990798235
v 0.015665000304579735 -0.04434100165963173 0.03108200058341027
v 0.015660999342799187 -0.044210001826286316 0.031081000342965133
v 0.015623999759554863 -0.04408299922943115 0.031062999740242965
v 0.015556000173091888 -0.04397299885749817 0.031030999496579177
v 0.01534700021147728 -0.043820999562740326 0.03093300014734269
v 0.014413000084459782 -0.043462999165058136 0.03051600046455861
v 0.022257000207901 -0.05312599986791611 0.03512100130319596
v 0.022386999800801277 -0.05265999957919121 0.03522200137376786
v 0.022637000307440758 -0.05259300023317337 0.035418000072240836
v 0.024418000131845474 -0.061159998178482056 0.03692099824547768
v 0.020718999207019806 -0.061159998178482056 0.03400100022554398
v 0.02073800005018711 -0.05603199824690819 0.034014001488685615
v 0.0263069998472929 -0.061159998178482056 0.03874799981713296
v 0.02281999960541725 -0.05240999907255173 0.03556299954652787
v 0.02286900021135807 -0.052292000502347946 0.035603001713752754
v 0.02288700081408024 -0.05215999856591225 0.03561700135469437
v 0.02288700081408024 -0.05116000026464462 0.03561700135469437
v 0.0263069998472929 -0.04016000032424927 0.03874799981713296
v 0.022870000451803207 -0.05102799832820892 0.035603001713752754
v 0.02281999960541725 -0.05090999975800514 0.03556299954652787
v 0.022637000307440758 -0.0507269985973835 0.035418000072240836
v 0.02073800005018711 -0.04728800058364868 0.034014001488685615
v 0.02068299986422062 -0.04710099846124649 0.033975999802351005
v 0.02062300033867359 -0.04765300080180168 0.03393499925732613
v 0.020718999207019806 -0.04747400060296059 0.03400100022554398
v 0.02071700058877468 -0.055838000029325485 0.03399899974465371
v 0.015556000173091888 -0.0593469999730587 0.031030999496579177
v 0.020408999174833298 -0.061159998178482056 0.03378900140523911
v 0.01534700021147728 -0.059498999267816544 0.03093300014734269
v 0.016001999378204346 -0.061159998178482056 0.03124500066041947
v 0.019561000168323517 -0.05712300166487694 0.03323400020599366
v 0.019795000553131104 -0.05701399967074394 0.03338399901986123
v 0.02056100033223629 -0.05637099966406822 0.03389199823141099
v 0.02068299986422062 -0.05621900036931038 0.033975999802351005
v 0.01930299960076809 -0.05710100010037422 0.033071998506784446
v 0.015634000301361084 -0.05885300040245056 0.0310679990798235
v 0.015665000304579735 -0.05897999927401543 0.03108200058341027
v 0.015660999342799187 -0.05911000072956085 0.031081000342965133
v 0.015623999759554863 -0.05923600122332573 0.031062999740242965
v 0.014030000194907188 -0.05984700098633766 0.030354000627994544
v 0.014295999892055988 -0.05988699942827225 0.030465999618172653
v 0.014413000084459782 -0.059856999665498734 0.03051600046455861
v 0.009731999598443508 -0.061159998178482056 0.02887099981307984
v 0.00991899985820055 -0.06099500134587288 0.02892399951815606
v 0.011284999549388885 -0.061159998178482056 0.029338000342249877
v 0.00999400019645691 -0.0608149990439415 0.028945000842213638
v 0.009995000436902046 -0.06061999872326851 0.028945000842213638
v 0.01387100014835596 -0.059735000133514404 0.030287999659776695
v -0.013767000287771225 -0.05956999957561493 0.030246000736951835
v -0.011912000365555286 -0.06014300137758255 0.02954900078475476
v -0.01387100014835596 -0.059735000133514404 0.030287999659776695
v -0.009995000436902046 -0.06061900034546852 0.028945000842213638
v -0.011284999549388885 -0.061159998178482056 0.029338000342249877
v -0.010002999566495419 -0.060750000178813934 0.0289479997009039
v -0.009976999834179878 -0.060878001153469086 0.028939999639987952
v -0.00991899985820055 -0.06099500134587288 0.02892399951815606
v -0.009832000359892845 -0.06109299883246422 0.02889899909496308
v -0.009731999598443508 -0.061159998178482056 0.02887099981307984
v -0.020718999207019806 -0.061159998178482056 0.03400100022554398
v -0.02073800005018711 -0.05603199824690819 0.034014001488685615
v -0.02068299986422062 -0.05621900036931038 0.033975999802351005
v -0.015634000301361084 -0.058851998299360275 0.0310679990798235
v -0.015665000304579735 -0.05897900089621544 0.03108200058341027
v -0.01930299960076809 -0.05710100010037422 0.033071998506784446
v -0.01909100078046322 -0.05695199966430664 0.03294099867343903
v -0.01742500066757202 -0.05798700079321861 0.03197799995541573
v -0.015660999342799187 -0.05911000072956085 0.031081000342965133
v -0.016001999378204346 -0.061159998178482056 0.03124500066041947
v -0.019561000168323517 -0.05712300166487694 0.03323400020599366
v -0.020408999174833298 -0.061159998178482056 0.03378900140523911
v -0.019795000553131104 -0.05701399967074394 0.03338399901986123
v -0.02056100033223629 -0.05637099966406822 0.03389199823141099
v -0.015623999759554863 -0.05923699960112572 0.031062999740242965
v -0.015556000173091888 -0.0593469999730587 0.031030999496579177
v -0.01534700021147728 -0.059498999267816544 0.03093300014734269
v -0.014413000084459782 -0.059856999665498734 0.03051600046455861
v -0.01422099955379963 -0.05988999828696251 0.030433999374508865
v -0.014030000194907188 -0.05984700098633766 0.030354000627994544
v -0.022637000307440758 -0.0507269985973835 0.035418000072240836
v -0.0263069998472929 -0.04016000032424927 0.03874799981713296
v -0.022870000451803207 -0.052292000502347946 0.035603001713752754
v -0.02281999960541725 -0.05240999907255173 0.03556299954652787
v -0.0263069998472929 -0.061159998178482056 0.03874799981713296
v -0.02288700081408024 -0.05215999856591225 0.03561700135469437
v -0.02281999960541725 -0.05090999975800514 0.03556299954652787
v -0.02286900021135807 -0.05102799832820892 0.035603001713752754
v -0.02288700081408024 -0.05116000026464462 0.03561700135469437
v -0.022637000307440758 -0.05259300023317337 0.035418000072240836
v -0.022386999800801277 -0.05265999957919121 0.03522200137376786
v -0.021831000223755836 -0.05408100038766861 0.03479800000786782
v -0.02098100073635578 -0.05527200177311897 0.03418299928307534
v -0.024418000131845474 -0.061159998178482056 0.03692099824547768
v -0.020618999376893044 -0.05566199868917465 0.03393200039863587
v -0.02062300033867359 -0.055667001754045486 0.03393499925732613
v -0.020718999207019806 -0.05584599822759628 0.03400100022554398
v -0.020718999207019806 -0.04016000032424927 0.03400100022554398
v -0.02073800005018711 -0.04728800058364868 0.034014001488685615
v -0.02071700058877468 -0.047481998801231384 0.03399899974465371
v -0.02062300033867359 -0.04765300080180168 0.03393499925732613
v -0.01551199983805418 -0.04392499849200249 0.031010000035166747
v -0.015623999759554863 -0.044084999710321426 0.031062999740242965
v -0.019359000027179718 -0.046261999756097794 0.033107001334428794
v -0.014295999892055988 -0.04016000032424927 0.030465999618172653
v -0.014426000416278839 -0.04346799850463867 0.03052200004458428
v -0.01534700021147728 -0.043820999562740326 0.03093300014734269
v -0.01745700091123581 -0.045350998640060425 0.031994998455047614
v -0.019146999344229698 -0.04640800133347511 0.032974999397993095
v -0.015634000301361084 -0.04446699842810631 0.0310679990798235
v -0.01566700078547001 -0.04427500069141388 0.031083999201655395
v -0.01961500011384487 -0.046241000294685364 0.03326899930834771
v -0.01984800025820732 -0.04634999856352806 0.03341799974441529
v -0.02056100033223629 -0.04694899916648865 0.03389199823141099
v -0.02068299986422062 -0.04710099846124649 0.033975999802351005
v -0.008031999692320824 -0.04231899976730347 0.028444999828934676
v -0.008105999790132046 -0.0421379990875721 0.02846099995076657
v -0.008243000134825706 -0.041999999433755875 0.028493000194430358
v -0.008422999642789364 -0.04192399978637695 0.028534999117255218
v -0.008617999963462353 -0.041923001408576965 0.028581999242305763
v -0.009600000455975533 -0.042114000767469406 0.028835000470280654
v -0.00977999996393919 -0.042187999933958054 0.02888499945402146
v -0.013842999935150146 -0.04363900050520897 0.030277000740170486
v -0.013933000154793262 -0.04354599863290787 0.03031400032341481
v -0.014169000089168549 -0.04344100132584572 0.030411999672651298
v -0.00999400019645691 -0.04250499978661537 0.028945000842213638
v -0.00991899985820055 -0.04232500120997429 0.02892399951815606
v -0.03083300031721592 -0.061159998178482056 0.04451600089669228
v -0.03083300031721592 -0.04016000032424927 0.04451600089669228
v -0.027953999117016792 -0.061159998178482056 0.040580000728368766
v 0.027953999117016792 -0.061159998178482056 0.040580000728368766
v 0.03083300031721592 -0.04016000032424927 0.04451600089669228
v 0.03083300031721592 -0.061159998178482056 0.04451600089669228
v 0.020576000213623047 -0.055706001818180084 0.02755000069737435
v 0.020767999812960625 -0.05550700053572655 0.02755000069737435
v 0.021808000281453133 -0.054120998829603195 0.02755000069737435
v 0.022386999800801277 -0.05265999957919121 0.02755000069737435
v -0.002498999936506152 -0.061597999185323715 0.02755000069737435
v 0.0 -0.06165999919176102 0.02755000069737435
v -0.0010000000474974513 -0.061650000512599945 0.02756400033831597
v -0.001500000013038516 -0.0616380013525486 0.027581000700593
v -0.0020000000949949026 -0.06162000074982643 0.027605000883340843
v -0.002498999936506152 -0.061597999185323715 0.027636000886559493
v -0.004976999945938587 -0.04190799966454506 0.02755000069737435
v -0.006529000122100115 -0.042089998722076416 0.02755000069737435
v -0.008031999692320824 -0.04231899976730347 0.02755000069737435
v -0.007530000060796738 -0.061083000153303146 0.028334999457001693
v -0.008031999692320824 -0.0610009990632534 0.028444999828934676
v -0.004494000226259232 -0.061459001153707504 0.02782800048589707
v -0.005764999892562628 -0.06132600083947182 0.028008000925183303
v -0.007025999948382378 -0.061159998178482056 0.028232999145984657
v -0.008092000149190426 -0.061159998178482056 0.02845799922943116
v 0.002498999936506152 -0.061597999185323715 0.027636000886559493
v 0.0020000000949949026 -0.06162000074982643 0.027605000883340843
v 0.002498999936506152 -0.061597999185323715 0.02755000069737435
v 0.001500000013038516 -0.0616380013525486 0.027581000700593
v -0.019146999344229698 -0.04640800133347511 0.02755000069737435
v -0.01757900044322014 -0.04541800171136856 0.02755000069737435
v -0.015634000301361084 -0.04446699842810631 0.02755000069737435
v -0.022386999800801277 -0.05265999957919121 0.02755000069737435
v -0.02181999944150448 -0.05410100147128105 0.02755000069737435
v -0.020618999376893044 -0.05566199868917465 0.02755000069737435
v 0.022386999800801277 -0.045159999281167984 0.018023999407887462
v 0.022386999800801277 -0.042507000267505646 0.016924999654293064
v 0.021802999079227448 -0.04212599992752075 0.01834500022232533
v 0.021802999079227448 -0.048865001648664474 0.025084000080823905
v 0.022386999800801277 -0.05028500035405159 0.02470299974083901
v 0.021802999079227448 -0.047912999987602234 0.022785000503063205
v 0.022386999800801277 -0.04918599873781204 0.02205000072717667
v 0.021802999079227448 -0.04639799892902374 0.020811999216675762
v 0.022386999800801277 -0.04743799939751625 0.019772000610828403
v 0.021802999079227448 -0.04442499950528145 0.01929700002074242
v 0.020576000213623047 -0.039659999310970306 0.01959599927067757
v 0.021802999079227448 -0.039659999310970306 0.018020000308752063
v 0.022386999800801277 -0.039659999310970306 0.016550000756978992
v 0.020576000213623047 -0.04171900078654289 0.01986699923872948
v 0.020576000213623047 -0.04270400106906891 0.02020099945366383
v 0.020576000213623047 -0.043637000024318695 0.020661000162363056
v 0.020576000213623047 -0.04528399929404259 0.021926000714302066
v 0.020576000213623047 -0.0465489998459816 0.023572999984025962
v 0.020576000213623047 -0.04734300076961517 0.025490999221801765
v 0.020576000213623047 -0.047008998692035675 0.024506000801920898
v 0.022386999800801277 -0.012000000104308128 0.016550000756978992
v 0.021808000281453133 -0.012000000104308128 0.01801100000739098
v 0.020576000213623047 -0.012000000104308128 0.01959599927067757
v 0.021802999079227448 0.0010369999799877405 0.009828000329434873
v 0.021802999079227448 -0.000686999992467463 0.012571999803185466
v 0.022386999800801277 -0.0018360000103712082 0.011655000038444998
v 0.022386999800801277 0.000674000009894371 0.006442999932914974
v 0.022386999800801277 -0.00028700000257231295 0.009189999662339689
v 0.021802999079227448 0.002107999986037612 0.006769999861717226
v 0.022386999800801277 -0.0038950000889599323 0.013713999651372436
v 0.021802999079227448 -0.0029780000913888216 0.01486300025135279
v 0.022386999800801277 -0.0063599999994039536 0.01526299957185984
v 0.021802999079227448 -0.008779999800026417 0.017658000811934475
v 0.022386999800801277 -0.009107000194489956 0.01622400060296059
v 0.021802999079227448 -0.0057219997979700565 0.016587000340223316
v 0.020576000213623047 0.0036430000327527523 0.0071209999732673186
v 0.020576000213623047 0.0032599999103695154 0.008507999591529371
v 0.020576000213623047 -0.001996000064536929 0.0160949993878603
v 0.020576000213623047 0.0005450000171549618 0.013554000295698646
v 0.020576000213623047 0.000981000019237399 0.012981000356376175
v 0.020576000213623047 0.002457000082358718 0.01051199994981289
v 0.020576000213623047 -0.0025690000038594007 0.016530999913811687
v 0.020576000213623047 -0.008429000154137611 0.01919299922883511
v 0.020576000213623047 -0.0070420000702142715 0.01881000027060509
v 0.020576000213623047 -0.005038000177592039 0.01800700090825558
v 0.01909100078046322 -0.04523700103163719 0.023823000490665443
v 0.01909100078046322 -0.045086998492479324 0.023607000708580024
v 0.017532000318169594 -0.0442969985306263 0.024181000888347633
v 0.01909100078046322 -0.04440300166606903 0.022807000204920772
v 0.01909100078046322 -0.04360299929976463 0.02212299965322018
v 0.017532000318169594 -0.043028999119997025 0.022912999615073208
v 0.01909100078046322 -0.04096899926662445 0.020971000194549564
v 0.017532000318169594 -0.0414309985935688 0.022097999230027202
v 0.01909100078046322 -0.043386999517679214 0.02197300083935261
v 0.01909100078046322 -0.04222699999809265 0.021353000774979595
v 0.01909100078046322 -0.04173300042748451 0.02117099985480309
v 0.01909100078046322 -0.04585700109601021 0.024983000010252006
v 0.017532000318169594 -0.0451119989156723 0.025778999552130706
v 0.01909100078046322 -0.046039000153541565 0.025476999580860145
v 0.01909100078046322 -0.04623899981379509 0.026241000741720207
v 0.015603999607264996 -0.04114200174808502 0.02298899926245213
v 0.015603999607264996 -0.04205799847841263 0.023397000506520275
v 0.015603999607264996 -0.042479000985622406 0.023669999092817313
v 0.015603999607264996 -0.044220998883247375 0.026068000122904784
v 0.015603999607264996 -0.04381300136446953 0.02515199966728688
v 0.015603999607264996 -0.043540000915527344 0.0247310008853674
v 0.020767999812960625 -0.05511000007390976 0.024024000391364105
v 0.020767999812960625 -0.04954100027680397 0.015159999951720241
v 0.020767999812960625 -0.05204999819397926 0.017668999731540683
v 0.020576000213623047 -0.05220500007271767 0.017545999959111217
v 0.020576000213623047 -0.039659999310970306 0.011504000052809717
v 0.020767999812960625 -0.039659999310970306 0.01170300040394068
v 0.020576000213623047 -0.04323099926114082 0.01190700009465218
v 0.020767999812960625 -0.0431860014796257 0.012099999934434894
v 0.020576000213623047 -0.04461799934506416 0.012289999984204773
v 0.020767999812960625 -0.046535998582839966 0.013271999545395378
v 0.020576000213623047 -0.04966399818658829 0.015004999935626987
v 0.020576000213623047 -0.049091000109910965 0.014569000340998176
v 0.020576000213623047 -0.04662200063467026 0.013093000277876857
v 0.020576000213623047 -0.055302999913692474 0.023979000747203834
v 0.020576000213623047 -0.054919999092817307 0.02259200066328049
v 0.020767999812960625 -0.05393800139427185 0.02067399956285954
v 0.020576000213623047 -0.054117001593112946 0.020587999373674396
v 0.020576000213623047 -0.05264100059866905 0.01811899989843369
v 0.021808000281453133 -0.053759001195430756 0.02433199994266034
v 0.021808000281453133 -0.052689000964164734 0.021276000887155536
v 0.021808000281453133 -0.05096599832177162 0.018533999100327495
v 0.021808000281453133 -0.04867599904537201 0.016243999823927883
v 0.021808000281453133 -0.04593399912118912 0.014520999975502494
v 0.021808000281453133 -0.04287799820303917 0.013450999744236473
v 0.021808000281453133 -0.039659999310970306 0.013089000247418884
v 0.022386999800801277 -0.052333999425172806 0.024656999856233604
v 0.022386999800801277 -0.05137300118803978 0.021910000592470173
v 0.022386999800801277 -0.04982399940490723 0.019445000216364864
v 0.022386999800801277 -0.04776500165462494 0.017386000603437427
v 0.022386999800801277 -0.04529999941587448 0.015837000682950023
v 0.022386999800801277 -0.04255300015211105 0.014875999651849273
v 0.022386999800801277 -0.039659999310970306 0.014550000429153446
v 0.021939000114798546 -0.02917099930346012 0.013330999761819843
v 0.02209099940955639 -0.029055999591946602 0.013651999644935135
v 0.02219800092279911 -0.028974000364542007 0.013915999792516235
v 0.022386999800801277 -0.0288270004093647 0.014550000429153446
v 0.020937999710440636 -0.02989800088107586 0.011889000423252586
v 0.02132900059223175 -0.02961999922990799 0.012365999631583694
v 0.02161400020122528 -0.029411999508738518 0.012772000394761566
v 0.021619999781250954 -0.02940800040960312 0.012780999764800075
v 0.011966999620199203 -0.04101099818944931 0.024287000298500068
v 0.013767000287771225 -0.04122500121593475 0.023770999163389213
v 0.013767000287771225 -0.04071899875998497 0.023599000647664077
v 0.013767000287771225 -0.04170500114560127 0.02400800026953221
v 0.011966999620199203 -0.04215700179338455 0.025053000077605254
v 0.013767000287771225 -0.042552001774311066 0.02465800009667874
v 0.013767000287771225 -0.043202001601457596 0.025505000725388534
v 0.011966999620199203 -0.04292299970984459 0.026198999956250198
v 0.013767000287771225 -0.043439000844955444 0.025985000655055053
v 0.013767000287771225 -0.04361100122332573 0.026490999385714538
v 0.009995000436902046 -0.039659999310970306 0.024509999901056297
v 0.011966999620199203 -0.039659999310970306 0.02401800081133843
v 0.009995000436902046 -0.04082399979233742 0.024740999564528472
v 0.009995000436902046 -0.041179999709129333 0.024917000904679305
v 0.009995000436902046 -0.04180999845266342 0.025399999693036086
v 0.009995000436902046 -0.042468998581171036 0.02638600021600724
v 0.009995000436902046 -0.0422930009663105 0.026030000299215324
v 0.01909100078046322 -0.056620001792907715 0.024175999686121948
v 0.015603999607264996 -0.05859199911355972 0.024327000603079803
v 0.015603999607264996 -0.05849500000476837 0.023802999407053
v 0.017532000318169594 -0.05757699906826019 0.023986000567674644
v 0.017403999343514442 -0.0570250004529953 0.021655999124050144
v 0.01759199984371662 -0.05687199905514717 0.02152800001204014
v 0.017999999225139618 -0.039659999310970306 0.009549999609589578
v 0.01909100078046322 -0.039659999310970306 0.010258000344038011
v 0.01909100078046322 -0.04303399845957756 0.010590000078082086
v 0.017999999225139618 -0.04317200183868408 0.009895999915897848
v 0.01909100078046322 -0.0462770015001297 0.011574000120162966
v 0.017999999225139618 -0.04654800146818161 0.010920000262558462
v 0.01909100078046322 -0.0492670014500618 0.013171999715268615
v 0.017999999225139618 -0.04966000095009804 0.012583999894559387
v 0.01909100078046322 -0.05188700184226036 0.015323000028729442
v 0.017999999225139618 -0.05238800123333931 0.014821999706327919
v 0.01909100078046322 -0.054037999361753464 0.017943000420928005
v 0.017999999225139618 -0.05462599918246269 0.017550000920891765
v 0.017999999225139618 -0.05555500090122223 0.019102999940514568
v 0.01909100078046322 -0.055635999888181686 0.020933000370860103
v 0.017990000545978546 -0.055782999843358994 0.01953399926424027
v 0.017609000205993652 -0.05685099959373474 0.021498000249266628
v 0.01773500069975853 -0.056651998311281204 0.021161999553442005
v 0.01778700016438961 -0.05655299872159958 0.02098299935460091
v 0.017866000533103943 -0.0563649982213974 0.020635999739170078
v 0.015699999406933784 -0.0576540008187294 0.020959999412298206
v 0.01600000075995922 -0.0576619990170002 0.021376999095082286
v 0.01568100042641163 -0.05779999867081642 0.02134799957275391
v 0.01608699932694435 -0.05766100063920021 0.02149700000882149
v 0.015603999607264996 -0.05795900151133537 0.02172300033271313
v 0.016170000657439232 -0.05764700099825859 0.021572999656200412
v 0.016335999593138695 -0.0575920008122921 0.021653000265359882
v 0.016889000311493874 -0.05733399838209152 0.02173000015318394
v -0.01757900044322014 -0.04304499924182892 0.02289099991321564
v -0.01757900044322014 -0.04431900009512901 0.02416500076651574
v -0.015634000301361084 -0.043549999594688416 0.02472399920225144
v -0.015634000301361084 -0.04114599898457527 0.022977000102400783
v -0.01757900044322014 -0.0414390005171299 0.022073000669479374
v -0.015634000301361084 -0.04206399992108345 0.023386999964714054
v -0.015634000301361084 -0.042486000806093216 0.02366000041365624
v -0.01757900044322014 -0.04513699933886528 0.02577099949121476
v -0.015634000301361084 -0.04423300176858902 0.026063999161124236
v -0.015634000301361084 -0.0438230000436306 0.025146000087261207
v -0.019146999344229698 -0.04607800021767616 0.0254650004208088
v -0.019146999344229698 -0.04511899873614311 0.02358400076627732
v -0.019146999344229698 -0.04362599924206734 0.022090999409556392
v -0.019146999344229698 -0.04174499958753586 0.02113199979066849
v 0.0 -0.041391998529434204 0.026550000533461578
v 0.002498999936506152 -0.04144600033760071 0.026519000530242927
v 0.0 -0.04066000133752823 0.025817999616265304
v 0.002498999936506152 -0.04069099947810173 0.02576399967074395
v -0.002498999936506152 -0.041721999645233154 0.02755000069737435
v -0.002498999936506152 -0.04144600033760071 0.026519000530242927
v -0.002498999936506152 -0.04069099947810173 0.02576399967074395
v 0.0062939999625086784 -0.04173799976706505 0.026350000873208053
v 0.008031999692320824 -0.04196299985051155 0.026220999658107765
v 0.0062939999625086784 -0.040860000997781754 0.02547200024127961
v 0.008031999692320824 -0.04098900035023689 0.025247000157833106
v 0.0062939999625086784 -0.039659999310970306 0.025150999426841743
v 0.008031999692320824 -0.039659999310970306 0.02489100024104119
v 0.004494000226259232 -0.04156599938869476 0.026449000462889678
v 0.004494000226259232 -0.04076100140810013 0.025644000619649894
v 0.004494000226259232 -0.039659999310970306 0.025349000468850143
v 0.008031999692320824 -0.012000000104308128 0.02489100024104119
v 0.0062939999625086784 -0.012000000104308128 0.025150999426841743
v 0.004494000226259232 -0.012000000104308128 0.025349000468850143
v -0.011974000371992588 -0.04292500019073486 0.02619799971580506
v -0.011974000371992588 -0.0410120002925396 0.024284999817609794
v -0.009995000436902046 -0.04082399979233742 0.024740999564528472
v -0.011974000371992588 -0.039659999310970306 0.024016000330448158
v -0.009995000436902046 -0.039659999310970306 0.024509999901056297
v -0.009995000436902046 -0.042468998581171036 0.02638600021600724
v -0.009995000436902046 -0.0422930009663105 0.026030000299215324
v -0.011974000371992588 -0.04215899854898453 0.02505099959671498
v -0.009995000436902046 -0.04180999845266342 0.025399999693036086
v -0.009995000436902046 -0.041179999709129333 0.024917000904679305
v -0.013779999688267708 -0.04344300180673599 0.02598300017416478
v -0.013779999688267708 -0.042555999010801315 0.024653999134898193
v -0.013779999688267708 -0.04122700169682503 0.023767000064253814
v 0.0100509999319911 -0.05739099904894829 0.016396999359130863
v 0.011958999559283257 -0.05861100181937218 0.019811000674963
v 0.013753999955952168 -0.057806000113487244 0.01934600062668324
v 0.009998999536037445 -0.05752800032496452 0.016597999259829525
v 0.009979999624192715 -0.05758100003004074 0.016674999147653583
v 0.009979999624192715 -0.059066999703645706 0.019625000655651096
v 0.009979999624192715 -0.05916300043463707 0.019866000860929493
v 0.011958999559283257 -0.05974699929356575 0.023607000708580024
v 0.009979999624192715 -0.06023000180721283 0.023512000218033798
v 0.009979999624192715 -0.06025499850511551 0.023638999089598663
v 0.013767000287771225 -0.05919700115919113 0.023715000599622733
v 0.013767000287771225 -0.05809200182557106 0.02002299949526787
v 0.013767000287771225 -0.05787099897861481 0.019502999261021618
v -0.006529000122100115 -0.0417650006711483 0.026334999129176147
v -0.004976999945938587 -0.041606999933719635 0.026426000520586974
v -0.006529000122100115 -0.04087499901652336 0.025444999337196357
v -0.004976999945938587 -0.04078400135040283 0.025603000074625022
v -0.006529000122100115 -0.039659999310970306 0.025119999423623092
v -0.004976999945938587 -0.039659999310970306 0.025302000343799598
v -0.008031999692320824 -0.04196299985051155 0.026220999658107765
v -0.008031999692320824 -0.04098900035023689 0.025247000157833106
v -0.008031999692320824 -0.039659999310970306 0.02489100024104119
v -0.004976999945938587 -0.012000000104308128 0.025302000343799598
v -0.006529000122100115 -0.012000000104308128 0.025119999423623092
v -0.008031999692320824 -0.012000000104308128 0.02489100024104119
v -0.006529000122100115 -0.00825399998575449 0.024792000651359565
v -0.004976999945938587 0.009421999566257 0.007327000144869091
v -0.006529000122100115 0.009242000058293343 0.00729600014165044
v -0.004976999945938587 0.009011000394821167 0.009180000051856043
v -0.006529000122100115 0.008268999867141247 0.010927000083029272
v -0.006529000122100115 0.0018649999983608723 0.020073000341653827
v -0.004976999945938587 0.0033809999004006386 0.018930999562144283
v -0.006529000122100115 0.004523000214248896 0.017415000125765804
v -0.004976999945938587 0.0046629998832941055 0.017532000318169597
v -0.006529000122100115 0.006680000107735395 0.01433499995619059
v -0.004976999945938587 0.006837999913841486 0.014426000416278843
v -0.004976999945938587 0.008441000245511532 0.01099000032991171
v -0.004976999945938587 -0.008222999982535839 0.024971999228000648
v -0.004976999945938587 -0.006370000075548887 0.02456099912524224
v -0.006529000122100115 -0.004623000044375658 0.023818999528884895
v -0.004976999945938587 -0.004559999797493219 0.02399099990725518
v -0.006529000122100115 -0.0012150000547990203 0.022229999303817752
v -0.004976999945938587 -0.0011239999439567327 0.022388000041246418
v -0.004976999945938587 0.001981999957934022 0.020213000476360325
v -0.008031999692320824 -0.008294000290334225 0.024567000567913062
v -0.008031999692320824 -0.004701000172644854 0.023603999987244613
v -0.008031999692320824 -0.0013289999915286899 0.022032000124454502
v -0.008031999692320824 0.0017180000431835651 0.01989799924194813
v -0.008031999692320824 0.004348000045865774 0.017268000170588497
v -0.008031999692320824 0.00648199999704957 0.014220999553799633
v -0.008031999692320824 0.008054000325500965 0.010848999954760076
v -0.008031999692320824 0.00901699997484684 0.007255999837070705
v 0.006802000105381012 -0.056377001106739044 0.01398000027984381
v 0.006291999947279692 -0.05620700120925903 0.013664999976754192
v 0.006388999987393618 -0.05574699863791466 0.013152999803423885
v 0.008031999692320824 -0.05814199894666672 0.016878999769687656
v 0.006291999947279692 -0.05836699903011322 0.01674900017678738
v 0.007433000020682812 -0.05687199905514717 0.014769000001251701
v 0.007842999882996082 -0.057009000331163406 0.015068000182509426
v 0.004488000180572271 -0.0471160002052784 0.007065999787300827
v 0.006000000052154064 -0.05047899857163429 0.00881099980324507
v 0.004488000180572271 -0.05056000128388405 0.008670999668538572
v 0.006000000052154064 -0.0535690002143383 0.010974000208079817
v 0.004488000180572271 -0.053672000765800476 0.01085100043565035
v 0.006000000052154064 -0.05397000163793564 0.011319000273942949
v 0.004488000180572271 -0.055073998868465424 0.012136000208556656
v 0.004488000180572271 -0.045301999896764755 0.006494000088423492
v 0.006000000052154064 -0.04341699928045273 0.006240999791771175
v 0.006000000052154064 -0.047061000019311905 0.0072169997729361075
v 0.004488000180572271 -0.04344499856233597 0.006082000210881235
v 0.006291999947279692 -0.05995799973607063 0.02016199938952923
v 0.004488000180572271 -0.06014399975538254 0.020093999803066257
v 0.004488000180572271 -0.058538999408483505 0.016650000587105755
v 0.004488000180572271 -0.056359000504016876 0.013538000173866752
v 0.006149000022560358 -0.055105000734329224 0.012422000057995323
v 0.006291999947279692 -0.061260998249053955 0.02755000069737435
v 0.004488000180572271 -0.061459001153707504 0.02755000069737435
v 0.006291999947279692 -0.06093300133943558 0.023799000307917602
v 0.004488000180572271 -0.061128001660108566 0.02376499958336354
v 0.004488000180572271 -0.06071599945425987 0.0219080001115799
v 0.008031999692320824 -0.0610009990632534 0.02755000069737435
v 0.008031999692320824 -0.060676999390125275 0.023843999952077873
v 0.008031999692320824 -0.059714000672101974 0.020251000300049785
v 0.0062939999625086784 -0.00824899971485138 0.024823000654578216
v 0.008031999692320824 -0.008294000290334225 0.024567000567913062
v 0.0062939999625086784 -0.004612000193446875 0.02384800091385842
v 0.008031999692320824 -0.004701000172644854 0.023603999987244613
v 0.0062939999625086784 -0.0012000000569969416 0.022257000207901004
v 0.008031999692320824 -0.0013289999915286899 0.022032000124454502
v 0.0062939999625086784 0.0018850000342354178 0.020097000524401668
v 0.008031999692320824 0.0017180000431835651 0.01989799924194813
v 0.0062939999625086784 0.004546999931335449 0.017434999346733097
v 0.008031999692320824 0.004348000045865774 0.017268000170588497
v 0.0062939999625086784 0.006707000080496073 0.014349999837577346
v 0.008031999692320824 0.00648199999704957 0.014220999553799633
v 0.0062939999625086784 0.008298000320792198 0.010937999933958055
v 0.008031999692320824 0.008054000325500965 0.010848999954760076
v 0.0062939999625086784 0.009273000061511993 0.007300999946892263
v 0.008031999692320824 0.00901699997484684 0.007255999837070705
v 0.004494000226259232 0.009467000141739845 0.007335000205785038
v 0.004494000226259232 0.009056000038981438 0.009192000143229963
v 0.004494000226259232 0.008484000340104103 0.011006000451743604
v 0.004494000226259232 0.006878000218421221 0.014449000358581546
v 0.004494000226259232 0.004699000157415867 0.01756200008094311
v 0.004494000226259232 0.003413999918848276 0.018964000046253208
v 0.004494000226259232 0.0020119999535381794 0.02024899981915951
v 0.004494000226259232 -0.001101000001654029 0.022428000345826152
v 0.004494000226259232 -0.008214999921619892 0.025017000734806068
v 0.004494000226259232 -0.006357999984174967 0.02460600063204766
v 0.004494000226259232 -0.004544000141322613 0.024033999070525176
v -0.002498999936506152 -0.04716299846768379 0.006934999953955414
v -0.002498999936506152 -0.043469998985528946 0.005944999866187574
v 0.0 -0.043480001389980316 0.00588400010019541
v 0.0 -0.06132600083947182 0.02373000048100949
v -0.002498999936506152 -0.0612649992108345 0.023739999160170562
v 0.0 -0.060332998633384705 0.020026000216603283
v -0.002498999936506152 -0.06027499958872795 0.020046999678015712
v 0.0 -0.058713000267744064 0.016550000756978992
v -0.002498999936506152 -0.05865899845957756 0.016581000760197643
v 0.0 -0.05651300027966499 0.013408999890089039
v -0.002498999936506152 -0.0564659982919693 0.013447999954223636
v 0.0 -0.053801000118255615 0.010696999728679659
v -0.002498999936506152 -0.05376200005412102 0.010743999853730203
v 0.0 -0.05065999925136566 0.008496999740600588
v -0.002498999936506152 -0.05062900111079216 0.008550999686121942
v 0.0 -0.04718400165438652 0.0068769999779760855
v 0.002498999936506152 -0.043469998985528946 0.005944999866187574
v 0.002498999936506152 -0.04533800110220909 0.006359000224620106
v 0.002498999936506152 -0.04716299846768379 0.006934999953955414
v 0.002498999936506152 -0.05062900111079216 0.008550999686121942
v 0.002498999936506152 -0.05376200005412102 0.010743999853730203
v 0.002498999936506152 -0.05517299845814705 0.012036999687552456
v 0.002498999936506152 -0.0564659982919693 0.013447999954223636
v 0.002498999936506152 -0.05865899845957756 0.016581000760197643
v 0.002498999936506152 -0.06027499958872795 0.020046999678015712
v 0.002498999936506152 -0.0612649992108345 0.023739999160170562
v 0.002498999936506152 -0.060851000249385834 0.021872000768780712
v -0.02181999944150448 -0.04592600092291832 0.014538999646902088
v -0.02181999944150448 -0.04866399988532066 0.016259999945759777
v -0.022386999800801277 -0.04776500165462494 0.017386000603437427
v -0.022386999800801277 -0.04255300015211105 0.014875999651849273
v -0.022386999800801277 -0.039659999310970306 0.014550000429153446
v -0.02181999944150448 -0.039659999310970306 0.013109000399708751
v -0.022386999800801277 -0.04529999941587448 0.015837000682950023
v -0.02181999944150448 -0.04287299886345863 0.01347099989652634
v -0.022386999800801277 -0.04982399940490723 0.019445000216364864
v -0.02181999944150448 -0.05094999819993973 0.01854600012302399
v -0.022386999800801277 -0.05137300118803978 0.021910000592470173
v -0.02181999944150448 -0.053739000111818314 0.024336999282240875
v -0.022386999800801277 -0.052333999425172806 0.024656999856233604
v -0.02181999944150448 -0.052671000361442566 0.021283999085426334
v -0.020618999376893044 -0.039659999310970306 0.011548000387847425
v -0.020618999376893044 -0.04322100058197975 0.011948999948799614
v -0.020618999376893044 -0.04460500180721283 0.01233099959790707
v -0.020618999376893044 -0.052170999348163605 0.01757300086319447
v -0.020618999376893044 -0.049637001007795334 0.015038999728858474
v -0.020618999376893044 -0.04906599968671799 0.0146040003746748
v -0.020618999376893044 -0.0466030016541481 0.013132000342011455
v -0.020618999376893044 -0.052606001496315 0.018144000321626667
v -0.020618999376893044 -0.055261000990867615 0.023988999426364906
v -0.020618999376893044 -0.054878998547792435 0.022605000063776973
v -0.020618999376893044 -0.05407800152897835 0.0206070002168417
v -0.020927999168634415 -0.02990500070154667 0.011877000331878666
v -0.021352000534534454 -0.029603000730276108 0.012396000325679783
v -0.022172000259160995 -0.0289939995855093 0.01384800020605326
v -0.022244999185204506 -0.02893799915909767 0.014049000106751922
v -0.022386999800801277 -0.0288270004093647 0.014550000429153446
v -0.02208700031042099 -0.029059000313282013 0.013642000034451488
v -0.021933000534772873 -0.02917500026524067 0.01331999991089106
v -0.021602999418973923 -0.029419999569654465 0.012755000032484535
v -0.020705999806523323 -0.008458999916911125 0.019062999635934833
v -0.020705999806523323 -0.012000000104308128 0.019462000578641895
v -0.020618999376893044 -0.012000000104308128 0.019551999866962436
v -0.020618999376893044 0.0036009999457746744 0.007110999897122385
v -0.020705999806523323 0.003512999974191189 0.007091000210493805
v -0.020618999376893044 0.0032190000638365746 0.008495000191032888
v -0.020705999806523323 0.002337000099942088 0.010453999973833563
v -0.020705999806523323 0.00044100001105107367 0.01347099989652634
v -0.020618999376893044 0.0009459999855607748 0.012955999933183197
v -0.020618999376893044 0.00241800001822412 0.01049300003796816
v -0.020705999806523323 -0.005096000153571367 0.017886999994516376
v -0.020618999376893044 -0.0025939999613910913 0.016496000811457637
v -0.020705999806523323 -0.002078999998047948 0.01599100045859814
v -0.020618999376893044 -0.0020230000372976065 0.01606100052595139
v -0.020618999376893044 0.0005109999910928309 0.013527000322937969
v -0.020618999376893044 -0.008438999764621258 0.01915100030601025
v -0.020618999376893044 -0.007054999936372042 0.01876899972558022
v -0.020618999376893044 -0.0050570000894367695 0.017968000844120983
v -0.02181999944150448 -0.012000000104308128 0.017991000786423687
v -0.02181999944150448 -0.008786999620497227 0.01762899942696095
v -0.02181999944150448 -0.005733999889343977 0.0165609996765852
v -0.02181999944150448 -0.0029959999956190586 0.014840000309050087
v -0.02181999944150448 -0.0007099999929778278 0.012554000131785873
v -0.02181999944150448 0.0010110000148415565 0.009816000238060953
v -0.02181999944150448 0.002078999998047948 0.006763000041246416
v -0.022386999800801277 -0.012000000104308128 0.016550000756978992
v -0.022386999800801277 -0.009107000194489956 0.01622400060296059
v -0.022386999800801277 -0.0063599999994039536 0.01526299957185984
v -0.022386999800801277 -0.0038950000889599323 0.013713999651372436
v -0.022386999800801277 -0.0018360000103712082 0.011655000038444998
v -0.022386999800801277 -0.00028700000257231295 0.009189999662339689
v -0.022386999800801277 0.000674000009894371 0.006442999932914974
v 0.008031999692320824 -0.0610009990632534 0.028444999828934676
v 0.008092000149190426 -0.061159998178482056 0.02845799922943116
v 0.007530000060796738 -0.061083000153303146 0.028334999457001693
v 0.007025999948382378 -0.061159998178482056 0.028232999145984657
v 0.001500000013038516 -0.06306000053882599 0.027581000700593
v 0.0014949999749660492 -0.0631600022315979 0.027581000700593
v 0.0 -0.0631600022315979 0.02755000069737435
v -0.001500000013038516 -0.06306000053882599 0.027581000700593
v -0.0014949999749660492 -0.0631600022315979 0.027581000700593
v -0.019579999148845673 -0.06366000324487686 0.07362200319767
v -0.019543999806046486 -0.06366000324487686 0.07180699706077577
v -0.019579999148845673 -0.06407199800014496 0.07362200319767
v -0.019555000588297844 -0.06465999782085419 0.07185400277376176
v -0.019572999328374863 -0.06433200091123581 0.07365799695253374
v -0.019655000418424606 -0.06465999782085419 0.07283899933099748
v -0.019551999866962433 -0.06457000225782394 0.07376100122928621
v -0.019538000226020813 -0.06465999782085419 0.07382100075483324
v -0.018660999834537506 -0.06366000324487686 0.06997899711132051
v -0.017064999788999557 -0.06366000324487686 0.06872499734163286
v -0.017114000394940376 -0.06465999782085419 0.06874900311231615
v -0.017976000905036926 -0.06465999782085419 0.06929399818181993
v -0.01869400031864643 -0.06465999782085419 0.0700189992785454
v -0.019229000434279442 -0.06465999782085419 0.0708879977464676
v -0.015080000273883343 -0.06366000324487686 0.06830099970102312
v -0.013164999894797802 -0.06366000324487686 0.06876400113105775
v -0.013164999894797802 -0.06465999782085419 0.06876400113105775
v -0.01412499975413084 -0.06465999782085419 0.06842000037431718
v -0.015138000249862671 -0.06465999782085419 0.06830000132322313
v -0.016152000054717064 -0.06465999782085419 0.06841199845075609
v -0.018079999834299088 -0.06366000324487686 0.051879998296499266
v -0.016489999368786812 -0.06366000324487686 0.05100199952721597
v -0.018079999834299088 -0.06407199800014496 0.051879998296499266
v -0.01653599925339222 -0.06465999782085419 0.05101700127124788
v -0.01810700073838234 -0.06433200091123581 0.05190299823880197
v -0.01743900030851364 -0.06465999782085419 0.05142199993133546
v -0.018185999244451523 -0.06457000225782394 0.05197300016880037
v -0.018231000751256943 -0.06465999782085419 0.05201499909162523
v -0.014464999549090862 -0.06366000324487686 0.05085299909114839
v -0.012582000344991684 -0.06366000324487686 0.051608998328447356
v -0.012626999989151955 -0.06465999782085419 0.051578000187873854
v -0.013530000112950802 -0.06465999782085419 0.05110400170087816
v -0.01451599970459938 -0.06465999782085419 0.05084599927067758
v -0.015536000020802021 -0.06465999782085419 0.05081599950790407
v -0.011220999993383884 -0.06366000324487686 0.05311499908566476
v -0.010665000416338444 -0.06366000324487686 0.05500600114464761
v -0.010665000416338444 -0.06465999782085419 0.05500600114464761
v -0.010847000405192375 -0.06465999782085419 0.05400199815630914
v -0.011250000447034836 -0.06465999782085419 0.05306499823927881
v -0.011853000149130821 -0.06465999782085419 0.05224300175905229
v 0.001500000013038516 -0.06366000324487686 0.04230700060725213
v 0.00305499997921288 -0.06366000324487686 0.043246001005172736
v 0.001500000013038516 -0.06407199800014496 0.04230700060725213
v 0.0030189999379217625 -0.06465999782085419 0.04321299865841866
v 0.0014659999869763851 -0.06433200091123581 0.04229500144720078
v 0.0022169998846948147 -0.06465999782085419 0.04263399913907052
v 0.001366000040434301 -0.06457000225782394 0.04226199910044671
v 0.0013070000568404794 -0.06465999782085419 0.04224399849772454
v 0.0041959998197853565 -0.06366000324487686 0.04492399841547013
v 0.004484000150114298 -0.06366000324487686 0.04693299904465677
v 0.004488000180572271 -0.06465999782085419 0.04687900096178056
v 0.004447000101208687 -0.06465999782085419 0.04585999995470048
v 0.004176999907940626 -0.06465999782085419 0.04487600177526475
v 0.0036929999478161335 -0.06465999782085419 0.043979000300169
v 0.0038590000476688147 -0.06366000324487686 0.04886500164866449
v 0.0024999999441206455 -0.06366000324487686 0.050292000174522414
v 0.0024999999441206455 -0.06465999782085419 0.050292000174522414
v 0.003278000047430396 -0.06465999782085419 0.0496330000460148
v 0.0038880000356584787 -0.06465999782085419 0.04881500080227853
v 0.004298999905586243 -0.06465999782085419 0.04788099974393846
v 0.019579999148845673 -0.06407199800014496 0.05447800084948541
v 0.019579999148845673 -0.06366000324487686 0.05447800084948541
v 0.019543999806046486 -0.06366000324487686 0.05629299953579904
v 0.019538000226020813 -0.06465999782085419 0.054278999567031874
v 0.019564000889658928 -0.06445399671792984 0.05439899861812593
v 0.019655000418424606 -0.06465999782085419 0.05526100099086763
v 0.019555000588297844 -0.06465999782085419 0.056246001273393645
v 0.018660999834537506 -0.06366000324487686 0.0581209994852543
v 0.017064999788999557 -0.06366000324487686 0.059374999254941954
v 0.017114000394940376 -0.06465999782085419 0.05935100093483926
v 0.017976000905036926 -0.06465999782085419 0.05880599841475488
v 0.01869400031864643 -0.06465999782085419 0.058081001043319716
v 0.019229000434279442 -0.06465999782085419 0.05721199885010721
v 0.015080000273883343 -0.06366000324487686 0.059799000620841994
v 0.013164999894797802 -0.06366000324487686 0.059335999190807356
v 0.013164999894797802 -0.06465999782085419 0.059335999190807356
v 0.01412499975413084 -0.06465999782085419 0.059679999947547926
v 0.015138000249862671 -0.06465999782085419 0.05979999899864198
v 0.016152000054717064 -0.06465999782085419 0.059687998145818724
v 0.018079999834299088 -0.06407199800014496 0.07621999830007554
v 0.018079999834299088 -0.06366000324487686 0.07621999830007554
v 0.016489999368786812 -0.06366000324487686 0.07709799706935884
v 0.016752999275922775 -0.06465999782085419 0.07700700312852861
v 0.018231000751256943 -0.06465999782085419 0.07608500123023988
v 0.018185999244451523 -0.06457000225782394 0.07612700015306474
v 0.01810700073838234 -0.06433200091123581 0.07619699835777284
v 0.015035999938845634 -0.06465999782085419 0.07729800045490266
v 0.014464999549090862 -0.06366000324487686 0.07724700123071672
v 0.01451599970459938 -0.06465999782085419 0.07725399732589723
v 0.013337000273168087 -0.06465999782085419 0.07691600173711778
v 0.012582000344991684 -0.06366000324487686 0.07649099826812746
v 0.012626999989151955 -0.06465999782085419 0.07652200013399126
v 0.011220999993383884 -0.06366000324487686 0.07498499751091005
v 0.010665000416338444 -0.06366000324487686 0.0730940029025078
v 0.010665000416338444 -0.06465999782085419 0.0730940029025078
v 0.010968999937176704 -0.06465999782085419 0.07445099949836732
v 0.011250000447034836 -0.06465999782085419 0.075034998357296
v 0.011909999884665012 -0.06465999782085419 0.07591699808835985
v -0.001500000013038516 -0.06407199800014496 0.08579300343990327
v -0.001500000013038516 -0.06366000324487686 0.08579300343990327
v -0.00305499997921288 -0.06366000324487686 0.08485399931669237
v -0.0028440000023692846 -0.06465999782085419 0.08503700047731401
v -0.0013070000568404794 -0.06465999782085419 0.08585599809885026
v -0.001366000040434301 -0.06457000225782394 0.0858379974961281
v -0.0014659999869763851 -0.06433200091123581 0.08580499887466432
v -0.003955000080168247 -0.06465999782085419 0.08369600027799608
v -0.0041959998197853565 -0.06366000324487686 0.08317600190639497
v -0.004176999907940626 -0.06465999782085419 0.08322399854660036
v -0.004474000073969364 -0.06465999782085419 0.08203300088644029
v -0.004484000150114298 -0.06366000324487686 0.08116699755191804
v -0.004488000180572271 -0.06465999782085419 0.08122099936008455
v -0.0038590000476688147 -0.06366000324487686 0.07923500239849092
v -0.0024999999441206455 -0.06366000324487686 0.0778080001473427
v -0.0024999999441206455 -0.06465999782085419 0.0778080001473427
v -0.0035230000503361225 -0.06465999782085419 0.07874999940395357
v -0.0038880000356584787 -0.06465999782085419 0.07928500324487688
v -0.0043219998478889465 -0.06465999782085419 0.08029799908399583
v 0.02250000089406967 -0.05615999922156334 0.06404999643564226
v 0.02250000089406967 -0.05316000059247017 0.06404999643564226
v 0.021733000874519348 -0.05615999922156334 0.05822699889540674
v 0.021733000874519348 -0.05316000059247017 0.05822699889540674
v 0.019486000761389732 -0.05615999922156334 0.05279999971389772
v 0.019486000761389732 -0.05316000059247017 0.05279999971389772
v 0.01590999960899353 -0.05615999922156334 0.048140000551939024
v 0.01590999960899353 -0.05316000059247017 0.048140000551939024
v 0.011250000447034836 -0.05615999922156334 0.044564001262187965
v 0.011250000447034836 -0.05316000059247017 0.044564001262187965
v 0.005822999868541956 -0.05615999922156334 0.0423169992864132
v 0.005822999868541956 -0.05316000059247017 0.0423169992864132
v 0.0 -0.05615999922156334 0.041549999266862876
v 0.0 -0.05316000059247017 0.041549999266862876
v -0.005822999868541956 -0.05615999922156334 0.0423169992864132
v -0.005822999868541956 -0.05316000059247017 0.0423169992864132
v -0.011250000447034836 -0.05615999922156334 0.044564001262187965
v -0.011250000447034836 -0.05316000059247017 0.044564001262187965
v -0.01590999960899353 -0.05615999922156334 0.048140000551939024
v -0.01590999960899353 -0.05316000059247017 0.048140000551939024
v -0.019486000761389732 -0.05615999922156334 0.05279999971389772
v -0.019486000761389732 -0.05316000059247017 0.05279999971389772
v -0.021733000874519348 -0.05615999922156334 0.05822699889540674
v -0.021733000874519348 -0.05316000059247017 0.05822699889540674
v -0.02250000089406967 -0.05615999922156334 0.06404999643564226
v -0.02250000089406967 -0.05316000059247017 0.06404999643564226
v -0.021733000874519348 -0.05615999922156334 0.06987299770116807
v -0.021733000874519348 -0.05316000059247017 0.06987299770116807
v -0.019486000761389732 -0.05615999922156334 0.07530000060796739
v -0.019486000761389732 -0.05316000059247017 0.07530000060796739
v -0.01590999960899353 -0.05615999922156334 0.07996000349521638
v -0.01590999960899353 -0.05316000059247017 0.07996000349521638
v -0.011250000447034836 -0.05615999922156334 0.08353599905967714
v -0.011250000447034836 -0.05316000059247017 0.08353599905967714
v -0.005822999868541956 -0.05615999922156334 0.0857829973101616
v -0.005822999868541956 -0.05316000059247017 0.0857829973101616
v 0.0 -0.05615999922156334 0.08654999732971193
v 0.0 -0.05316000059247017 0.08654999732971193
v 0.005822999868541956 -0.05615999922156334 0.0857829973101616
v 0.005822999868541956 -0.05316000059247017 0.0857829973101616
v 0.011250000447034836 -0.05615999922156334 0.08353599905967714
v 0.011250000447034836 -0.05316000059247017 0.08353599905967714
v 0.01590999960899353 -0.05615999922156334 0.07996000349521638
v 0.01590999960899353 -0.05316000059247017 0.07996000349521638
v 0.019486000761389732 -0.05615999922156334 0.07530000060796739
v 0.019486000761389732 -0.05316000059247017 0.07530000060796739
v 0.021733000874519348 -0.05615999922156334 0.06987299770116807
v 0.021733000874519348 -0.05316000059247017 0.06987299770116807
v -0.032333001494407654 -0.04115999862551689 0.047113999724388136
v -0.032333001494407654 -0.061159998178482056 0.047113999724388136
v -0.033521998673677444 -0.04115999862551689 0.04960900172591211
v -0.033514998853206635 -0.061159998178482056 0.0495939999818802
v -0.03451799973845482 -0.04115999862551689 0.05218699946999551
v -0.03451799973845482 -0.061159998178482056 0.05218699946999551
v 0.03451799973845482 -0.04115999862551689 0.05218699946999551
v 0.03451799973845482 -0.061159998178482056 0.05218699946999551
v 0.033521998673677444 -0.04115999862551689 0.04960900172591211
v 0.033514998853206635 -0.061159998178482056 0.0495939999818802
v 0.032333001494407654 -0.04115999862551689 0.047113999724388136
v 0.032333001494407654 -0.061159998178482056 0.047113999724388136
v 0.031408000737428665 -0.04066000133752823 0.05569599941372873
v 0.031307999044656754 -0.04029399901628494 0.05533000081777574
v 0.03116600029170513 -0.04016000032424927 0.054834999144077315
v -0.031408000737428665 -0.04066000133752823 0.05569599941372873
v -0.03143399953842163 -0.04089999943971634 0.05579499900341035
v -0.030611999332904816 -0.04136500135064125 0.05313299968838693
v -0.031442999839782715 -0.04115999862551689 0.0558300018310547
v -0.031442999839782715 -0.04136500135064125 0.0558300018310547
v -0.02890400029718876 -0.04016000032424927 0.049189999699592604
v -0.03116600029170513 -0.04016000032424927 0.054834999144077315
v -0.031307999044656754 -0.04029399901628494 0.05533000081777574
v 0.031442999839782715 -0.04136500135064125 0.0558300018310547
v 0.031442999839782715 -0.04115999862551689 0.0558300018310547
v 0.030611999332904816 -0.04136500135064125 0.05313299968838693
v 0.03143399953842163 -0.040901001542806625 0.05579600110650064
v 0.024980999529361725 -0.04016000032424927 0.043260999023914344
v 0.024980999529361725 -0.04136500135064125 0.043260999023914344
v 0.0258799996227026 -0.04136500135064125 0.04439099878072739
v 0.02890400029718876 -0.04016000032424927 0.049189999699592604
v 0.02890400029718876 -0.04136500135064125 0.049189999699592604
v 0.028581999242305756 -0.04136500135064125 0.04857999831438066
v 0.019863000139594078 -0.04016000032424927 0.03832599893212319
v 0.013794999569654465 -0.04016000032424927 0.03462300077080727
v 0.01444500032812357 -0.04136500135064125 0.03493700176477433
v 0.018727999180555344 -0.04136500135064125 0.03748799860477448
v 0.019863000139594078 -0.04136500135064125 0.03832599893212319
v 0.022569000720977783 -0.04136500135064125 0.04066500067710877
v 0.004970000125467777 -0.04136500135064125 0.031932000070810325
v 0.007067000027745962 -0.04136500135064125 0.032327998429536826
v 0.007067000027745962 -0.04016000032424927 0.032327998429536826
v 0.009823000058531761 -0.04136500135064125 0.03307000175118447
v 0.013794999569654465 -0.04136500135064125 0.03462300077080727
v 0.0 -0.04136500135064125 0.03155000135302544
v 0.0 -0.04016000032424927 0.03155000135302544
v -0.004970000125467777 -0.04136500135064125 0.031932000070810325
v -0.007067000027745962 -0.04016000032424927 0.032327998429536826
v -0.007067000027745962 -0.04136500135064125 0.032327998429536826
v -0.019863000139594078 -0.04016000032424927 0.03832599893212319
v -0.019863000139594078 -0.04136500135064125 0.03832599893212319
v -0.018727999180555344 -0.04136500135064125 0.03748799860477448
v -0.013794999569654465 -0.04016000032424927 0.03462300077080727
v -0.01444500032812357 -0.04136500135064125 0.03493700176477433
v -0.013794999569654465 -0.04136500135064125 0.03462300077080727
v -0.009823000058531761 -0.04136500135064125 0.03307000175118447
v -0.022569000720977783 -0.04136500135064125 0.04066500067710877
v -0.024980999529361725 -0.04016000032424927 0.043260999023914344
v -0.024980999529361725 -0.04136500135064125 0.043260999023914344
v -0.02890400029718876 -0.04136500135064125 0.049189999699592604
v -0.028581999242305756 -0.04136500135064125 0.04857999831438066
v -0.0258799996227026 -0.04136500135064125 0.04439099878072739
v -0.026750000193715096 -0.061159998178482056 0.058540001511573805
v -0.026750000193715096 -0.05235999822616577 0.058540001511573805
v -0.03362699970602989 -0.061159998178482056 0.05456899851560594
v -0.02692200057208538 -0.05235999822616577 0.058439999818801894
v -0.031286001205444336 -0.04267600178718567 0.05592099949717523
v -0.03362699970602989 -0.04115999862551689 0.05456899851560594
v -0.030852999538183212 -0.043841999024152756 0.05617100000381471
v -0.030621999874711037 -0.04424599930644035 0.0563040003180504
v -0.02847599983215332 -0.04606400057673454 0.057542998343706145
v -0.029495999217033386 -0.04548199847340584 0.05695400014519693
v -0.029854999855160713 -0.04517799988389015 0.056747000664472594
v -0.03137100115418434 -0.04225999861955643 0.05587200075387956
v -0.02692200057208538 -0.04636500030755997 0.058439999818801894
v -0.028074000030755997 -0.046202000230550766 0.05777499824762346
v 0.026750000193715096 -0.05235999822616577 0.058540001511573805
v 0.026750000193715096 -0.061159998178482056 0.058540001511573805
v 0.02692200057208538 -0.05235999822616577 0.058439999818801894
v 0.03362699970602989 -0.061159998178482056 0.05456899851560594
v 0.03362699970602989 -0.04115999862551689 0.05456899851560594
v 0.031300000846385956 -0.04261799901723862 0.05591300129890443
v 0.031204000115394592 -0.04297399893403053 0.055968001484870925
v 0.030704999342560768 -0.044110000133514404 0.05625599995255472
v 0.030518999323248863 -0.04440100118517876 0.05636300146579744
v 0.029714999720454216 -0.04530299827456474 0.05682799965143205
v 0.02945699915289879 -0.045510999858379364 0.05697700008749963
v 0.028658999130129814 -0.04598499834537506 0.05743699893355371
v 0.02692200057208538 -0.04636500030755997 0.058439999818801894
v 0.028098000213503838 -0.046195000410079956 0.05776099860668184
v 0.028426000848412514 -0.0460829995572567 0.05757199972867967
v 0.033225998282432556 -0.04016000032424927 0.04659900069236756
v 0.03146599978208542 -0.04016000032424927 0.047614999115467085
v 0.03175399824976921 -0.04021599888801575 0.04744900017976762
v 0.03189999982714653 -0.04029399901628494 0.047364998608827605
v 0.03200799971818924 -0.04037899896502495 0.047302000224590315
v 0.03220200166106224 -0.0406309999525547 0.04718999937176706
v 0.033225998282432556 -0.06306000053882599 0.04659900069236756
v 0.032235998660326004 -0.06182200089097023 0.0471710003912449
v 0.03265700116753578 -0.06306000053882599 0.046927001327276244
v 0.031954001635313034 -0.06240899860858917 0.04733299836516382
v 0.03200399875640869 -0.06308600306510925 0.04730499908328058
v 0.03152000159025192 -0.06285499781370163 0.047584000974893584
v 0.03126300126314163 -0.06300800293684006 0.04773199930787088
v 0.03221699967980385 -0.04066000133752823 0.047180999070405974
v 0.032311998307704926 -0.04094099998474121 0.04712700098752977
v 0.03060000017285347 -0.0631600022315979 0.04811500012874605
v 0.0200360007584095 -0.0631600022315979 0.05421400070190431
v 0.0309820007532835 -0.06311099976301193 0.04789499938488008
v 0.03172599896788597 -0.04016000032424927 0.044000998139381416
v 0.03172599896788597 -0.06306000053882599 0.044000998139381416
v 0.03079099953174591 -0.06159700080752373 0.04454100131988526
v 0.018079999834299088 -0.06366000324487686 0.051879998296499266
v 0.018535999581217766 -0.0631600022315979 0.051615998148918166
v 0.018079999834299088 -0.06407199800014496 0.051879998296499266
v 0.029100000858306885 -0.0631600022315979 0.04551700130105019
v 0.030503999441862106 -0.06308600306510925 0.044707000255584724
v 0.029673999175429344 -0.06304699927568436 0.045186001807451255
v 0.029966000467538834 -0.06289199739694595 0.04501700028777123
v 0.03018300049006939 -0.06272099912166595 0.04489199817180634
v 0.031156999990344048 -0.06306000053882599 0.04432899877429009
v 0.030570000410079956 -0.06221900135278702 0.044668000191450126
v 0.030601000413298607 -0.06216000020503998 0.04464999958872796
v -0.03172599896788597 -0.04016000032424927 0.044000998139381416
v -0.03172599896788597 -0.06306000053882599 0.044000998139381416
v -0.029100000858306885 -0.0631600022315979 0.04551700130105019
v -0.018535999581217766 -0.0631600022315979 0.051615998148918166
v -0.03073599934577942 -0.06182200089097023 0.04457300156354905
v -0.030601000413298607 -0.06216000020503998 0.04464999958872796
v -0.031156999990344048 -0.06306000053882599 0.04432899877429009
v -0.0304540004581213 -0.06240899860858917 0.044734999537467963
v -0.030503999441862106 -0.06308600306510925 0.044707000255584724
v -0.03002000041306019 -0.06285499781370163 0.04498599842190743
v -0.029966000467538834 -0.06289199739694595 0.04501700028777123
v -0.029481999576091766 -0.06311099976301193 0.045297000557184226
v -0.019579999148845673 -0.06366000324487686 0.05447800084948541
v -0.0200360007584095 -0.0631600022315979 0.05421400070190431
v -0.019579999148845673 -0.06407199800014496 0.05447800084948541
v -0.03060000017285347 -0.0631600022315979 0.04811500012874605
v -0.03200399875640869 -0.06308600306510925 0.04730499908328058
v -0.03117400035262108 -0.06304699927568436 0.04778400063514711
v -0.031683001667261124 -0.06272099912166595 0.047490000724792494
v -0.03265700116753578 -0.06306000053882599 0.046927001327276244
v -0.03206999972462654 -0.06221900135278702 0.04726599901914598
v -0.033225998282432556 -0.06306000053882599 0.04659900069236756
v -0.032200999557971954 -0.061925001442432404 0.047191001474857344
v -0.032283999025821686 -0.040828999131917953 0.04714300110936166
v -0.03221699967980385 -0.04066000133752823 0.04718200117349626
v -0.033225998282432556 -0.04016000032424927 0.04659900069236756
v -0.03214399889111519 -0.040536001324653625 0.04722400009632112
v -0.031925998628139496 -0.04031199961900711 0.04734899848699571
v -0.03189999982714653 -0.04029399901628494 0.047364998608827605
v -0.03165699914097786 -0.040185000747442245 0.0475049987435341
v -0.03146599978208542 -0.04016000032424927 0.047614999115467085
v -0.032290998846292496 -0.06159700080752373 0.047139000147581114
v 0.03359200060367584 -0.04016000032424927 0.04523300006985665
v 0.03359200060367584 -0.06306000053882599 0.04523300006985665
v 0.03309199959039688 -0.04016000032424927 0.0443670004606247
v 0.03309199959039688 -0.06306000053882599 0.0443670004606247
v -0.03309199959039688 -0.06306000053882599 0.0443670004606247
v -0.03359200060367584 -0.06306000053882599 0.04523300006985665
v -0.03309199959039688 -0.04016000032424927 0.0443670004606247
v -0.03359200060367584 -0.04016000032424927 0.04523300006985665
v 0.034627001732587814 -0.061159998178482056 0.05283699929714204
v 0.03461100161075592 -0.04115999862551689 0.053093001246452345
v 0.03461100161075592 -0.061159998178482056 0.053093001246452345
v 0.0344729982316494 -0.061159998178482056 0.05360699817538263
v 0.03429099917411804 -0.04115999862551689 0.05394599959254266
v 0.03429099917411804 -0.061159998178482056 0.05394599959254266
v 0.03403500095009804 -0.061159998178482056 0.054258000105619444
v -0.03394100069999695 -0.061159998178482056 0.054345000535249724
v -0.03429099917411804 -0.04115999862551689 0.05394599959254266
v -0.03429099917411804 -0.061159998178482056 0.05394599959254266
v -0.03441999852657318 -0.061159998178482056 0.053722999989986434
v -0.03461100161075592 -0.04115999862551689 0.053093001246452345
v -0.034623000770807266 -0.061159998178482056 0.052965000271797194
v 0.03342999890446663 -0.06306000053882599 0.04644300043582917
v 0.03359200060367584 -0.04016000032424927 0.046232998371124275
v 0.03359200060367584 -0.06306000053882599 0.046232998371124275
v 0.03372599929571152 -0.06306000053882599 0.04573300108313561
v 0.03372599929571152 -0.04016000032424927 0.04573300108313561
v 0.03209099918603897 -0.06306000053882599 0.043875999748706825
v 0.03222599998116493 -0.04016000032424927 0.04386699944734574
v 0.03222599998116493 -0.06306000053882599 0.04386699944734574
v 0.0324850007891655 -0.06306000053882599 0.0439010001718998
v 0.03272600099444389 -0.04016000032424927 0.044000998139381416
v 0.03272600099444389 -0.06306000053882599 0.044000998139381416
v 0.03283800184726715 -0.06306000053882599 0.044077001512050636
v -0.03371699899435043 -0.06306000053882599 0.0456020012497902
v -0.03371699899435043 -0.04016000032424927 0.0456020012497902
v -0.03372599929571152 -0.06306000053882599 0.04573300108313561
v -0.033691998571157455 -0.04016000032424927 0.04599199816584588
v -0.033691998571157455 -0.06306000053882599 0.04599199816584588
v -0.03364900127053261 -0.06306000053882599 0.046117998659610755
v -0.03351899981498718 -0.04016000032424927 0.04634200036525727
v -0.03342999890446663 -0.06306000053882599 0.04644300043582917
v -0.03351899981498718 -0.06306000053882599 0.04634200036525727
v -0.03283800184726715 -0.06306000053882599 0.044077001512050636
v -0.03272600099444389 -0.04016000032424927 0.044000998139381416
v -0.03272600099444389 -0.06306000053882599 0.044000998139381416
v -0.0324850007891655 -0.06306000053882599 0.0439010001718998
v -0.03222599998116493 -0.04016000032424927 0.04386699944734574
v -0.03222599998116493 -0.06306000053882599 0.04386699944734574
v -0.03209099918603897 -0.06306000053882599 0.043875999748706825
v -0.03016600012779236 -0.0631600022315979 0.0797339975833893
v -0.03016600012779236 -0.04636500030755997 0.0797339975833893
v -0.03218600153923035 -0.0631600022315979 0.07500799745321275
v -0.032319001853466034 -0.04636500030755997 0.07460899651050569
v -0.032319001853466034 -0.06311699748039246 0.07460899651050569
v -0.001500000013038516 -0.0631600022315979 0.09801699966192248
v -0.001500000013038516 -0.04636500030755997 0.09801699966192248
v -0.006603000219911337 -0.0631600022315979 0.09740299731492999
v -0.007015999872237444 -0.04636500030755997 0.09731800109148028
v -0.007015999872237444 -0.06311699748039246 0.09731800109148028
v 0.028666000813245773 -0.0631600022315979 0.08233200013637544
v 0.028666000813245773 -0.04636500030755997 0.08233200013637544
v 0.025583000853657722 -0.0631600022315979 0.08644499629735948
v 0.025303000584244728 -0.04636500030755997 0.08675999939441682
v 0.025303000584244728 -0.06311699748039246 0.08675999939441682
v -0.025583000853657722 -0.0631600022315979 0.08644499629735948
v -0.028666000813245773 -0.0631600022315979 0.08233200013637544
v -0.019146999344229698 -0.0631600022315979 0.08272899687290193
v -0.017821000888943672 -0.0631600022315979 0.08217900246381761
v -0.001500000013038516 -0.0631600022315979 0.08631999790668489
v -0.006603000219911337 -0.0631600022315979 0.08997099846601488
v -0.0033939999993890524 -0.0631600022315979 0.08522100001573564
v -0.006934999953955412 -0.0631600022315979 0.0880900025367737
v -0.004662000108510256 -0.0631600022315979 0.08335600048303606
v -0.01639699935913086 -0.0631600022315979 0.08199200034141542
v -0.004982000216841698 -0.0631600022315979 0.0811240002512932
v -0.014973999932408333 -0.0631600022315979 0.08217900246381761
v -0.010784000158309937 -0.0631600022315979 0.07522699981927873
v -0.010191000066697598 -0.0631600022315979 0.07339800149202348
v -0.003000000026077032 -0.0631600022315979 0.0718439966440201
v -0.018535999581217766 -0.0631600022315979 0.07648400217294694
v -0.016637999564409256 -0.0631600022315979 0.0775749981403351
v -0.01438899990171194 -0.0631600022315979 0.07774099707603456
v -0.012295999564230442 -0.0631600022315979 0.07690100371837617
v -0.004288000054657459 -0.0631600022315979 0.07897800207138063
v -0.003000000026077032 -0.0631600022315979 0.07755000144243242
v -0.007890000008046627 -0.0631600022315979 0.086436003446579
v -0.009352999739348888 -0.0631600022315979 0.08520799875259401
v -0.013647000305354595 -0.0631600022315979 0.08272899687290193
v -0.0037499999161809683 -0.0631600022315979 0.07054500281810762
v -0.003200999926775694 -0.0631600022315979 0.07109399884939195
v -0.0044999998062849045 -0.0631600022315979 0.07034400105476381
v -0.005249999929219484 -0.0631600022315979 0.07054500281810762
v -0.0200360007584095 -0.0631600022315979 0.0738859996199608
v -0.025750000029802322 -0.0631600022315979 0.0712919980287552
v -0.020031999796628952 -0.0631600022315979 0.0716959983110428
v -0.02428700029850006 -0.0631600022315979 0.0700649991631508
v -0.019051000475883484 -0.0631600022315979 0.06966599822044374
v -0.025750000029802322 -0.0631600022315979 0.05680799856781961
v -0.031679000705480576 -0.0631600022315979 0.0503860004246235
v -0.03262700140476227 -0.0631600022315979 0.05283699929714204
v -0.008249999955296516 -0.0631600022315979 0.06534899771213533
v -0.013190999627113342 -0.0631600022315979 0.05989800021052362
v -0.008249999955296516 -0.0631600022315979 0.06275100260972978
v -0.015072000212967396 -0.0631600022315979 0.060299001634120955
v -0.02333199977874756 -0.0631600022315979 0.06841000169515611
v -0.023000000044703484 -0.0631600022315979 0.06652899831533433
v -0.017277000471949577 -0.0631600022315979 0.06827300041913988
v -0.023000000044703484 -0.0631600022315979 0.06157099828124048
v -0.023187000304460526 -0.0631600022315979 0.060146998614072814
v -0.023737000301480293 -0.0631600022315979 0.05882100015878679
v -0.02461099997162819 -0.0631600022315979 0.057682000100612654
v -0.020031999796628952 -0.0631600022315979 0.05640399828553201
v -0.019051000475883484 -0.0631600022315979 0.05843399837613107
v -0.017277000471949577 -0.0631600022315979 0.059826999902725234
v -0.015072000212967396 -0.0631600022315979 0.06780099868774415
v -0.013190999627113342 -0.0631600022315979 0.06820199638605119
v -0.007701000198721886 -0.0631600022315979 0.06329999864101411
v -0.007499999832361937 -0.0631600022315979 0.06404999643564226
v -0.007701000198721886 -0.0631600022315979 0.064800001680851
v 0.025750000029802322 -0.0631600022315979 0.0712919980287552
v 0.03218600153923035 -0.0631600022315979 0.07500799745321275
v 0.03016600012779236 -0.0631600022315979 0.0797339975833893
v 0.031679000705480576 -0.0631600022315979 0.0503860004246235
v 0.03262700140476227 -0.0631600022315979 0.05283699929714204
v 0.025750000029802322 -0.0631600022315979 0.05680799856781961
v 0.020031999796628952 -0.0631600022315979 0.05640399828553201
v 0.02428700029850006 -0.0631600022315979 0.05803500115871431
v 0.019051000475883484 -0.0631600022315979 0.05843399837613107
v 0.015072000212967396 -0.0631600022315979 0.06780099868774415
v 0.013190999627113342 -0.0631600022315979 0.06820199638605119
v 0.008249999955296516 -0.0631600022315979 0.06275100260972978
v 0.02333199977874756 -0.0631600022315979 0.059689998626709
v 0.023000000044703484 -0.0631600022315979 0.06157099828124048
v 0.017277000471949577 -0.0631600022315979 0.059826999902725234
v 0.023000000044703484 -0.0631600022315979 0.06652899831533433
v 0.023187000304460526 -0.0631600022315979 0.067952997982502
v 0.023737000301480293 -0.0631600022315979 0.06927900016307832
v 0.02461099997162819 -0.0631600022315979 0.07041800022125246
v 0.0200360007584095 -0.0631600022315979 0.0738859996199608
v 0.020031999796628952 -0.0631600022315979 0.0716959983110428
v 0.019051000475883484 -0.0631600022315979 0.06966599822044374
v 0.017277000471949577 -0.0631600022315979 0.06827300041913988
v 0.015072000212967396 -0.0631600022315979 0.060299001634120955
v 0.013190999627113342 -0.0631600022315979 0.05989800021052362
v 0.007499999832361937 -0.0631600022315979 0.06404999643564226
v 0.007701000198721886 -0.0631600022315979 0.06329999864101411
v 0.007701000198721886 -0.0631600022315979 0.064800001680851
v 0.008249999955296516 -0.0631600022315979 0.06534899771213533
v 0.006603000219911337 -0.0631600022315979 0.08997099846601488
v 0.006603000219911337 -0.0631600022315979 0.09740299731492999
v 0.001500000013038516 -0.0631600022315979 0.09801699966192248
v 0.004288000054657459 -0.0631600022315979 0.07897800207138063
v 0.003000000026077032 -0.0631600022315979 0.07755000144243242
v 0.005249999929219484 -0.0631600022315979 0.07054500281810762
v 0.018535999581217766 -0.0631600022315979 0.07648400217294694
v 0.019146999344229698 -0.0631600022315979 0.08272899687290193
v 0.016637999564409256 -0.0631600022315979 0.0775749981403351
v 0.017351999878883362 -0.0631600022315979 0.08207599818706514
v 0.01438899990171194 -0.0631600022315979 0.07774099707603456
v 0.001500000013038516 -0.0631600022315979 0.08631999790668489
v 0.0033939999993890524 -0.0631600022315979 0.08522100001573564
v 0.004662000108510256 -0.0631600022315979 0.08335600048303606
v 0.012295999564230442 -0.0631600022315979 0.07690100371837617
v 0.004982000216841698 -0.0631600022315979 0.0811240002512932
v 0.010784000158309937 -0.0631600022315979 0.07522699981927873
v 0.010191000066697598 -0.0631600022315979 0.07339800149202348
v 0.015441999770700932 -0.0631600022315979 0.08207599818706514
v 0.013647000305354595 -0.0631600022315979 0.08272899687290193
v 0.009352999739348888 -0.0631600022315979 0.08520799875259401
v 0.008213999681174755 -0.0631600022315979 0.08608199656009675
v 0.007340000011026859 -0.0631600022315979 0.08722099661827089
v 0.0067900000140070915 -0.0631600022315979 0.0885479971766472
v 0.0037499999161809683 -0.0631600022315979 0.07054500281810762
v 0.0044999998062849045 -0.0631600022315979 0.07034400105476381
v 0.003200999926775694 -0.0631600022315979 0.07109399884939195
v 0.003000000026077032 -0.0631600022315979 0.0718439966440201
v 0.0005000000237487257 -0.06505899876356125 0.08602199703454973
v 0.0005000000237487257 -0.06450700014829636 0.09404999762773517
v -0.0004419999895617366 -0.06505800038576126 0.08602800220251085
v -0.0005000000237487257 -0.06450700014829636 0.09404999762773517
v -0.0005000000237487257 -0.06505899876356125 0.08602199703454973
v 0.01927799917757511 -0.06505899876356125 0.07460299879312517
v 0.025338999927043915 -0.06457799673080444 0.07810200005769731
v 0.01881299912929535 -0.06505800038576126 0.07542199641466142
v 0.024839000776410103 -0.06457799673080444 0.07896800339221956
v 0.0187780000269413 -0.06505899876356125 0.07546900212764741
v -0.0187780000269413 -0.06505899876356125 0.07546900212764741
v -0.025730999186635017 -0.06450700014829636 0.07948300242424013
v -0.019254999235272408 -0.06505800038576126 0.07465600222349168
v -0.02623100019991398 -0.06450700014829636 0.07861699908971788
v -0.01927799917757511 -0.06505899876356125 0.07460299879312517
v -0.011220999993383884 -0.06366000324487686 0.07498499751091005
v -0.010665000416338444 -0.06366000324487686 0.0730940029025078
v -0.018079999834299088 -0.06366000324487686 0.07621999830007554
v -0.016489999368786812 -0.06366000324487686 0.07709799706935884
v -0.014464999549090862 -0.06366000324487686 0.07724700123071672
v -0.012582000344991684 -0.06366000324487686 0.07649099826812746
v -0.015080000273883343 -0.06366000324487686 0.059799000620841994
v -0.013164999894797802 -0.06366000324487686 0.059335999190807356
v -0.019543999806046486 -0.06366000324487686 0.05629299953579904
v -0.018660999834537506 -0.06366000324487686 0.0581209994852543
v -0.017064999788999557 -0.06366000324487686 0.059374999254941954
v -0.004662000108510256 -0.0631600022315979 0.04474399983882905
v -0.004982000216841698 -0.0631600022315979 0.04697600007057191
v -0.012295999564230442 -0.0631600022315979 0.051199000328779234
v -0.01512600015848875 -0.0631600022315979 0.03304199874401093
v -0.01438899990171194 -0.0631600022315979 0.05035899952054025
v -0.016637999564409256 -0.0631600022315979 0.050524998456239714
v -0.010784000158309937 -0.0631600022315979 0.05287300050258638
v -0.02642199955880642 -0.0631600022315979 0.041866000741720207
v -0.023080000653862953 -0.0631600022315979 0.03840700164437295
v -0.019290000200271606 -0.0631600022315979 0.03544700145721436
v -0.001500000013038516 -0.0631600022315979 0.029582999646663673
v -0.001500000013038516 -0.0631600022315979 0.041779998689889915
v -0.0033939999993890524 -0.0631600022315979 0.04287900030612946
v -0.010666999965906143 -0.0631600022315979 0.031239999458193786
v -0.006000999826937914 -0.0631600022315979 0.030076000839471824
v -0.004288000054657459 -0.0631600022315979 0.04912199825048448
v -0.003000000026077032 -0.0631600022315979 0.05054999887943269
v -0.010191000066697598 -0.0631600022315979 0.05470199882984163
v -0.003000000026077032 -0.0631600022315979 0.05625599995255472
v -0.005249999929219484 -0.0631600022315979 0.05755500122904779
v -0.003200999926775694 -0.0631600022315979 0.05700600147247316
v -0.0037499999161809683 -0.0631600022315979 0.05755500122904779
v -0.0044999998062849045 -0.0631600022315979 0.0577559992671013
v -0.0038590000476688147 -0.06366000324487686 0.04886500164866449
v -0.0024999999441206455 -0.06366000324487686 0.050292000174522414
v -0.001500000013038516 -0.06366000324487686 0.04230700060725213
v -0.00305499997921288 -0.06366000324487686 0.043246001005172736
v -0.0041959998197853565 -0.06366000324487686 0.04492399841547013
v -0.004484000150114298 -0.06366000324487686 0.04693299904465677
v 0.004982000216841698 -0.0631600022315979 0.04697600007057191
v 0.02642199955880642 -0.0631600022315979 0.041866000741720207
v 0.004662000108510256 -0.0631600022315979 0.04474399983882905
v 0.016637999564409256 -0.0631600022315979 0.050524998456239714
v 0.01438899990171194 -0.0631600022315979 0.05035899952054025
v 0.012295999564230442 -0.0631600022315979 0.051199000328779234
v 0.004288000054657459 -0.0631600022315979 0.04912199825048448
v 0.0033939999993890524 -0.0631600022315979 0.04287900030612946
v 0.019290000200271606 -0.0631600022315979 0.03544700145721436
v 0.023080000653862953 -0.0631600022315979 0.03840700164437295
v 0.001500000013038516 -0.0631600022315979 0.041779998689889915
v 0.001500000013038516 -0.0631600022315979 0.029582999646663673
v 0.006000999826937914 -0.0631600022315979 0.030076000839471824
v 0.010666999965906143 -0.0631600022315979 0.031239999458193786
v 0.01512600015848875 -0.0631600022315979 0.03304199874401093
v 0.0037499999161809683 -0.0631600022315979 0.05755500122904779
v 0.003200999926775694 -0.0631600022315979 0.05700600147247316
v 0.003000000026077032 -0.0631600022315979 0.05625599995255472
v 0.010784000158309937 -0.0631600022315979 0.05287300050258638
v 0.010191000066697598 -0.0631600022315979 0.05470199882984163
v 0.003000000026077032 -0.0631600022315979 0.05054999887943269
v 0.005249999929219484 -0.0631600022315979 0.05755500122904779
v 0.0044999998062849045 -0.0631600022315979 0.0577559992671013
v 0.011220999993383884 -0.06366000324487686 0.05311499908566476
v 0.010665000416338444 -0.06366000324487686 0.05500600114464761
v 0.016489999368786812 -0.06366000324487686 0.05100199952721597
v 0.014464999549090862 -0.06366000324487686 0.05085299909114839
v 0.012582000344991684 -0.06366000324487686 0.051608998328447356
v 0.015080000273883343 -0.06366000324487686 0.06830099970102312
v 0.013164999894797802 -0.06366000324487686 0.06876400113105775
v 0.019579999148845673 -0.06366000324487686 0.07362200319767
v 0.019543999806046486 -0.06366000324487686 0.07180699706077577
v 0.018660999834537506 -0.06366000324487686 0.06997899711132051
v 0.017064999788999557 -0.06366000324487686 0.06872499734163286
v 0.0038590000476688147 -0.06366000324487686 0.07923500239849092
v 0.0024999999441206455 -0.06366000324487686 0.0778080001473427
v 0.001500000013038516 -0.06366000324487686 0.08579300343990327
v 0.00305499997921288 -0.06366000324487686 0.08485399931669237
v 0.0041959998197853565 -0.06366000324487686 0.08317600190639497
v 0.004484000150114298 -0.06366000324487686 0.08116699755191804
v 0.01831899955868721 -0.05235999822616577 0.08455999940633775
v 0.01831899955868721 -0.04636500030755997 0.08455999940633775
v 0.02222600020468235 -0.05235999822616577 0.08024399727582933
v 0.02222600020468235 -0.04636500030755997 0.08024399727582933
v 0.025136999785900116 -0.05235999822616577 0.07520200312137605
v 0.025136999785900116 -0.04636500030755997 0.07520200312137605
v 0.02692200057208538 -0.05235999822616577 0.06966000050306322
v 0.02692200057208538 -0.04636500030755997 0.06966000050306322
v -0.008603000082075596 -0.05235999822616577 0.09017000347375871
v -0.008603000082075596 -0.04636500030755997 0.09017000347375871
v -0.002911000046879053 -0.05235999822616577 0.09139499813318254
v -0.002911000046879053 -0.04636500030755997 0.09139499813318254
v 0.002911000046879053 -0.05235999822616577 0.09139499813318254
v 0.002911000046879053 -0.04636500030755997 0.09139499813318254
v 0.008603000082075596 -0.05235999822616577 0.09017000347375871
v 0.008603000082075596 -0.04636500030755997 0.09017000347375871
v -0.02692200057208538 -0.05235999822616577 0.06966000050306322
v -0.02692200057208538 -0.04636500030755997 0.06966000050306322
v -0.025136999785900116 -0.05235999822616577 0.07520200312137605
v -0.025136999785900116 -0.04636500030755997 0.07520200312137605
v -0.02222600020468235 -0.05235999822616577 0.08024399727582933
v -0.02222600020468235 -0.04636500030755997 0.08024399727582933
v -0.01831899955868721 -0.05235999822616577 0.08455999940633775
v -0.01831899955868721 -0.04636500030755997 0.08455999940633775
v 0.025901999324560165 -0.04636500030755997 0.0548130013048649
v 0.02496200054883957 -0.05235999822616577 0.05251099914312364
v 0.02496200054883957 -0.04636500030755997 0.05251099914312364
v 0.024184999987483025 -0.04636500030755997 0.05096000060439111
v 0.021716000512242317 -0.05235999822616577 0.047177001833915724
v 0.02189899981021881 -0.04636500030755997 0.04741600155830385
v 0.01909700036048889 -0.04636500030755997 0.044261999428272254
v 0.01734899915754795 -0.05235999822616577 0.04271300137043
v 0.01734899915754795 -0.04636500030755997 0.04271300137043
v 0.015845999121665955 -0.04636500030755997 0.041574999690055854
v 0.01208799984306097 -0.05235999822616577 0.03934900090098382
v 0.012222999706864357 -0.04636500030755997 0.039416000247001655
v 0.008311999961733818 -0.04636500030755997 0.0378360003232956
v 0.00620400020852685 -0.05235999822616577 0.03725900128483773
v 0.00620400020852685 -0.04636500030755997 0.03725900128483773
v 0.0042050001211464405 -0.04636500030755997 0.0368730016052723
v 0.0 -0.05235999822616577 0.03655000030994416
v 0.0 -0.04636500030755997 0.03655000030994416
v -0.0042050001211464405 -0.04636500030755997 0.0368730016052723
v -0.00620400020852685 -0.05235999822616577 0.03725900128483773
v -0.00620400020852685 -0.04636500030755997 0.03725900128483773
v -0.008311999961733818 -0.04636500030755997 0.0378360003232956
v -0.01208799984306097 -0.05235999822616577 0.03934900090098382
v -0.012222999706864357 -0.04636500030755997 0.039416000247001655
v -0.015845999121665955 -0.04636500030755997 0.041574999690055854
v -0.01734899915754795 -0.05235999822616577 0.04271300137043
v -0.01734899915754795 -0.04636500030755997 0.04271300137043
v -0.01909700036048889 -0.04636500030755997 0.044261999428272254
v -0.021716000512242317 -0.05235999822616577 0.047177001833915724
v -0.02189899981021881 -0.04636500030755997 0.04741600155830385
v -0.024184999987483025 -0.04636500030755997 0.05096000060439111
v -0.02496200054883957 -0.05235999822616577 0.05251099914312364
v -0.025901999324560165 -0.04636500030755997 0.0548130013048649
v -0.02496200054883957 -0.04636500030755997 0.05251099914312364
v 0.023245999589562416 -0.05235999822616577 0.058081001043319716
v 0.024000000208616257 -0.05235999822616577 0.06404999643564226
v 0.023245999589562416 -0.05235999822616577 0.0700189992785454
v 0.02546899951994419 -0.05235999822616577 0.0682789981365204
v 0.02500000037252903 -0.05235999822616577 0.06652899831533433
v -0.02500000037252903 -0.05235999822616577 0.06652899831533433
v -0.025211000815033913 -0.05235999822616577 0.06772600114345552
v -0.02381099946796894 -0.05235999822616577 0.06705799698829652
v -0.022314999252557755 -0.05235999822616577 0.07288499921560289
v 0.02500000037252903 -0.05235999822616577 0.06157099828124048
v 0.025211000815033913 -0.05235999822616577 0.06037399917840959
v 0.025818999856710434 -0.05235999822616577 0.05932100117206575
v -0.008813999593257904 -0.05235999822616577 0.08877400308847429
v -0.008603000082075596 -0.05235999822616577 0.08997099846601488
v 0.008603000082075596 -0.05235999822616577 0.08997099846601488
v 0.007416000124067068 -0.05235999822616577 0.08687499910593034
v 0.0015069999499246478 -0.05235999822616577 0.08800300210714342
v -0.004497000016272068 -0.05235999822616577 0.08762499690055849
v 0.01749500073492527 -0.05235999822616577 0.0804790034890175
v 0.01700500026345253 -0.05235999822616577 0.08404500037431718
v 0.026750000193715096 -0.05235999822616577 0.0695599988102913
v 0.018146999180316925 -0.05235999822616577 0.08446100354194643
v 0.021030999720096588 -0.05235999822616577 0.07561200112104417
v -0.025818999856710434 -0.05235999822616577 0.06877899914979936
v -0.026750000193715096 -0.05235999822616577 0.0695599988102913
v -0.018146999180316925 -0.05235999822616577 0.08446100354194643
v -0.019416000694036484 -0.05235999822616577 0.0781570002436638
v -0.01639699935913086 -0.05235999822616577 0.08399199694395067
v -0.015297999605536461 -0.05235999822616577 0.08254200220108034
v -0.014646999537944794 -0.05235999822616577 0.08446100354194643
v -0.010219000279903412 -0.05235999822616577 0.08576600253582002
v -0.010352999903261662 -0.05235999822616577 0.0869399979710579
v -0.009421999566257 -0.05235999822616577 0.08772200345993043
v 0.009072000160813332 -0.05235999822616577 0.08822099864482881
v 0.010352999903261662 -0.05235999822616577 0.0869399979710579
v 0.012860000133514404 -0.05235999822616577 0.08431400358676912
v 0.014646999537944794 -0.05235999822616577 0.08446100354194643
v 0.015789000317454338 -0.05235999822616577 0.08404500037431718
v -0.02500000037252903 -0.05235999822616577 0.06157099828124048
v -0.02381099946796894 -0.05235999822616577 0.06104199960827829
v -0.02546899951994419 -0.05235999822616577 0.05982099846005441
v -0.022314999252557755 -0.05235999822616577 0.05521500110626222
v -0.019416000694036484 -0.05235999822616577 0.04994300007820131
v -0.015297999605536461 -0.05235999822616577 0.045558001846075065
v -0.010219000279903412 -0.05235999822616577 0.04233400151133538
v -0.004497000016272068 -0.05235999822616577 0.04047499969601632
v 0.0015069999499246478 -0.05235999822616577 0.04009699821472169
v 0.007416000124067068 -0.05235999822616577 0.04122500121593476
v 0.012860000133514404 -0.05235999822616577 0.04378600046038628
v 0.01749500073492527 -0.05235999822616577 0.04762100055813791
v 0.021030999720096588 -0.05235999822616577 0.05248799920082094
v 0.019579999148845673 -0.06407199800014496 0.07362200319767
v 0.019538000226020813 -0.06465999782085419 0.07382100075483324
v 0.01959799975156784 -0.06465999782085419 0.07208000123500825
v 0.019551999866962433 -0.06457100063562393 0.07376100122928621
v 0.019572999328374863 -0.06433100253343582 0.07365799695253374
v 0.013164999894797802 -0.06465999782085419 0.06876400113105775
v 0.014492000453174114 -0.06465999782085419 0.0683489963412285
v 0.01781100034713745 -0.06465999782085419 0.06916700303554536
v 0.017114000394940376 -0.06465999782085419 0.06874900311231615
v 0.016232000663876534 -0.06465999782085419 0.06843099743127824
v 0.015138000249862671 -0.06465999782085419 0.06830000132322313
v 0.01869400031864643 -0.06465999782085419 0.0700189992785454
v 0.018990999087691307 -0.06465999782085419 0.07044699788093568
v 0.01653599925339222 -0.06465999782085419 0.05101700127124788
v 0.01743900030851364 -0.06465999782085419 0.05142199993133546
v 0.018139999359846115 -0.06445399671792984 0.051931999623775496
v 0.018231000751256943 -0.06465999782085419 0.05201499909162523
v 0.010665000416338444 -0.06465999782085419 0.05500600114464761
v 0.010847000405192375 -0.06465999782085419 0.05400199815630914
v 0.011250000447034836 -0.06465999782085419 0.05306499823927881
v 0.011853000149130821 -0.06465999782085419 0.05224300175905229
v 0.012626999989151955 -0.06465999782085419 0.051578000187873854
v 0.013530000112950802 -0.06465999782085419 0.05110400170087816
v 0.01451599970459938 -0.06465999782085419 0.05084599927067758
v 0.015536000020802021 -0.06465999782085419 0.05081599950790407
v -0.001500000013038516 -0.06407199800014496 0.04230700060725213
v -0.0014659999869763851 -0.06433100253343582 0.04229500144720078
v -0.0030189999379217625 -0.06465999782085419 0.04321299865841866
v -0.0022169998846948147 -0.06465999782085419 0.04263399913907052
v -0.001366000040434301 -0.06457100063562393 0.04226199910044671
v -0.0013070000568404794 -0.06465999782085419 0.04224399849772454
v -0.0024999999441206455 -0.06465999782085419 0.050292000174522414
v -0.003278000047430396 -0.06465999782085419 0.0496330000460148
v -0.0038880000356584787 -0.06465999782085419 0.04881500080227853
v -0.004298999905586243 -0.06465999782085419 0.04788099974393846
v -0.004488000180572271 -0.06465999782085419 0.04687900096178056
v -0.004447000101208687 -0.06465999782085419 0.04585999995470048
v -0.004176999907940626 -0.06465999782085419 0.04487600177526475
v -0.0036929999478161335 -0.06465999782085419 0.043979000300169
v -0.019572999328374863 -0.06433100253343582 0.054441999644041075
v -0.019555000588297844 -0.06465999782085419 0.056246001273393645
v -0.019655000418424606 -0.06465999782085419 0.05526100099086763
v -0.019551999866962433 -0.06457100063562393 0.0543389990925789
v -0.019538000226020813 -0.06465999782085419 0.054278999567031874
v -0.013164999894797802 -0.06465999782085419 0.059335999190807356
v -0.01412499975413084 -0.06465999782085419 0.059679999947547926
v -0.015138000249862671 -0.06465999782085419 0.05979999899864198
v -0.016152000054717064 -0.06465999782085419 0.059687998145818724
v -0.017114000394940376 -0.06465999782085419 0.05935100093483926
v -0.017976000905036926 -0.06465999782085419 0.05880599841475488
v -0.01869400031864643 -0.06465999782085419 0.058081001043319716
v -0.019229000434279442 -0.06465999782085419 0.05721199885010721
v -0.01653599925339222 -0.06465999782085419 0.07708299905061723
v -0.018079999834299088 -0.06407199800014496 0.07621999830007554
v -0.01743900030851364 -0.06465999782085419 0.07667800039052965
v -0.018139999359846115 -0.06445399671792984 0.07616800069808961
v -0.018231000751256943 -0.06465999782085419 0.07608500123023988
v -0.010665000416338444 -0.06465999782085419 0.0730940029025078
v -0.010847000405192375 -0.06465999782085419 0.07409799844026567
v -0.011250000447034836 -0.06465999782085419 0.075034998357296
v -0.011853000149130821 -0.06465999782085419 0.07585699856281282
v -0.012626999989151955 -0.06465999782085419 0.07652200013399126
v -0.013530000112950802 -0.06465999782085419 0.07699599862098695
v -0.01451599970459938 -0.06465999782085419 0.07725399732589723
v -0.015536000020802021 -0.06465999782085419 0.07728400081396104
v 0.001500000013038516 -0.06407199800014496 0.08579300343990327
v 0.0014659999869763851 -0.06433100253343582 0.08580499887466432
v 0.0030189999379217625 -0.06465999782085419 0.08488699793815614
v 0.0022169998846948147 -0.06465999782085419 0.08546599745750429
v 0.001366000040434301 -0.06457100063562393 0.0858379974961281
v 0.0013070000568404794 -0.06465999782085419 0.08585599809885026
v 0.0024999999441206455 -0.06465999782085419 0.0778080001473427
v 0.003278000047430396 -0.06465999782085419 0.07846699655056001
v 0.0038880000356584787 -0.06465999782085419 0.07928500324487688
v 0.004298999905586243 -0.06465999782085419 0.08021900057792665
v 0.004488000180572271 -0.06465999782085419 0.08122099936008455
v 0.004447000101208687 -0.06465999782085419 0.08224000036716463
v 0.004176999907940626 -0.06465999782085419 0.08322399854660036
v 0.0036929999478161335 -0.06465999782085419 0.0841209962964058
v 0.009634999558329582 -0.05615999922156334 0.06200199946761133
v 0.009850000031292439 -0.05615999922156334 0.06404999643564226
v 0.011652999557554722 -0.05615999922156334 0.06404999643564226
v 0.016628000885248184 -0.05615999922156334 0.07365000247955324
v 0.016005000099539757 -0.05615999922156334 0.07427199929952623
v 0.01967800036072731 -0.05615999922156334 0.07419999688863756
v 0.011652999557554722 -0.05615999922156334 0.07717499881982805
v 0.0057749999687075615 -0.05615999922156334 0.05092500150203706
v 0.011652999557554722 -0.05615999922156334 0.05092500150203706
v -0.011652999557554722 -0.05615999922156334 0.05092500150203706
v -0.01685499958693981 -0.05615999922156334 0.055300001055002226
v -0.014305000193417072 -0.05615999922156334 0.05382800102233888
v -0.013682999648153782 -0.05615999922156334 0.05445000156760217
v -0.011652999557554722 -0.05615999922156334 0.053899999707937254
v -0.013454999774694443 -0.05615999922156334 0.055300001055002226
v -0.011652999557554722 -0.05615999922156334 0.06404999643564226
v -0.013682999648153782 -0.05615999922156334 0.05615000054240228
v -0.014305000193417072 -0.05615999922156334 0.05677200108766557
v -0.015154999680817127 -0.05615999922156334 0.057000000029802336
v -0.016005000099539757 -0.05615999922156334 0.05677200108766557
v -0.016628000885248184 -0.05615999922156334 0.05615000054240228
v -0.016628000885248184 -0.05615999922156334 0.05445000156760217
v -0.016005000099539757 -0.05615999922156334 0.05382800102233888
v -0.015154999680817127 -0.05615999922156334 0.05359999835491182
v 0.0014720000326633453 -0.05615999922156334 0.04740000143647195
v 0.0017000000225380063 -0.05615999922156334 0.04654999822378159
v 0.0014720000326633453 -0.05615999922156334 0.04569999873638154
v 0.0008500000112690032 -0.05615999922156334 0.048021998256444945
v 0.0 -0.05615999922156334 0.04825000092387201
v -0.0057749999687075615 -0.05615999922156334 0.05092500150203706
v -0.0008500000112690032 -0.05615999922156334 0.048021998256444945
v -0.0014720000326633453 -0.05615999922156334 0.04740000143647195
v -0.0017000000225380063 -0.05615999922156334 0.04654999822378159
v -0.0014720000326633453 -0.05615999922156334 0.04569999873638154
v -0.0008500000112690032 -0.05615999922156334 0.04507799819111825
v 0.0 -0.05615999922156334 0.04484999924898148
v 0.0008500000112690032 -0.05615999922156334 0.04507799819111825
v 0.014305000193417072 -0.05615999922156334 0.05382800102233888
v 0.015154999680817127 -0.05615999922156334 0.05359999835491182
v 0.016005000099539757 -0.05615999922156334 0.05382800102233888
v 0.01967800036072731 -0.05615999922156334 0.053899999707937254
v 0.01967800036072731 -0.05615999922156334 0.06404999643564226
v 0.015154999680817127 -0.05615999922156334 0.07450000196695329
v 0.0057749999687075615 -0.05615999922156334 0.07717499881982805
v 0.0014720000326633453 -0.05615999922156334 0.08070000261068346
v 0.0017000000225380063 -0.05615999922156334 0.08155000209808351
v -0.0014720000326633453 -0.05615999922156334 0.08240000158548356
v -0.0017000000225380063 -0.05615999922156334 0.08155000209808351
v 0.0014720000326633453 -0.05615999922156334 0.08240000158548356
v 0.0008500000112690032 -0.05615999922156334 0.08302199840545656
v 0.0 -0.05615999922156334 0.08325000107288362
v -0.0008500000112690032 -0.05615999922156334 0.08302199840545656
v -0.0014720000326633453 -0.05615999922156334 0.08070000261068346
v -0.0057749999687075615 -0.05615999922156334 0.07717499881982805
v -0.0008500000112690032 -0.05615999922156334 0.08007799834012987
v 0.0 -0.05615999922156334 0.0798500031232834
v 0.0008500000112690032 -0.05615999922156334 0.08007799834012987
v -0.011652999557554722 -0.05615999922156334 0.07717499881982805
v -0.014305000193417072 -0.05615999922156334 0.07427199929952623
v -0.015154999680817127 -0.05615999922156334 0.07450000196695329
v -0.016005000099539757 -0.05615999922156334 0.07427199929952623
v -0.016628000885248184 -0.05615999922156334 0.07365000247955324
v -0.014305000193417072 -0.05615999922156334 0.07132799923419954
v -0.013682999648153782 -0.05615999922156334 0.07195000350475313
v -0.013454999774694443 -0.05615999922156334 0.07280000299215318
v -0.013682999648153782 -0.05615999922156334 0.07365000247955324
v -0.011652999557554722 -0.05615999922156334 0.07419999688863756
v -0.01685499958693981 -0.05615999922156334 0.07280000299215318
v -0.016628000885248184 -0.05615999922156334 0.07195000350475313
v -0.016005000099539757 -0.05615999922156334 0.07132799923419954
v -0.015154999680817127 -0.05615999922156334 0.07109999656677247
v 0.016005000099539757 -0.05615999922156334 0.07132799923419954
v 0.016628000885248184 -0.05615999922156334 0.07195000350475313
v 0.011652999557554722 -0.05615999922156334 0.07419999688863756
v 0.014305000193417072 -0.05615999922156334 0.07427199929952623
v 0.013682999648153782 -0.05615999922156334 0.07365000247955324
v 0.01685499958693981 -0.05615999922156334 0.07280000299215318
v 0.013454999774694443 -0.05615999922156334 0.07280000299215318
v 0.013682999648153782 -0.05615999922156334 0.07195000350475313
v 0.014305000193417072 -0.05615999922156334 0.07132799923419954
v 0.015154999680817127 -0.05615999922156334 0.07109999656677247
v 0.013682999648153782 -0.05615999922156334 0.05615000054240228
v 0.013454999774694443 -0.05615999922156334 0.055300001055002226
v 0.011652999557554722 -0.05615999922156334 0.053899999707937254
v 0.013682999648153782 -0.05615999922156334 0.05445000156760217
v 0.016005000099539757 -0.05615999922156334 0.05677200108766557
v 0.016628000885248184 -0.05615999922156334 0.05445000156760217
v 0.01685499958693981 -0.05615999922156334 0.055300001055002226
v 0.016628000885248184 -0.05615999922156334 0.05615000054240228
v 0.015154999680817127 -0.05615999922156334 0.057000000029802336
v 0.014305000193417072 -0.05615999922156334 0.05677200108766557
v -0.00899800006300211 -0.05615999922156334 0.06805600225925447
v -0.009634999558329582 -0.05615999922156334 0.06609799712896348
v -0.003043999895453453 -0.05615999922156334 0.07341799885034563
v -0.004925000015646219 -0.05615999922156334 0.07258000224828721
v -0.0057749999687075615 -0.05615999922156334 0.07419999688863756
v -0.0065910001285374165 -0.05615999922156334 0.0713699981570244
v -0.00796900037676096 -0.05615999922156334 0.0698399990797043
v 0.004925000015646219 -0.05615999922156334 0.07258000224828721
v 0.003043999895453453 -0.05615999922156334 0.07341799885034563
v 0.0057749999687075615 -0.05615999922156334 0.07419999688863756
v 0.0010300000431016088 -0.05615999922156334 0.07384599745273591
v -0.0010300000431016088 -0.05615999922156334 0.07384599745273591
v 0.009634999558329582 -0.05615999922156334 0.06609799712896348
v 0.00899800006300211 -0.05615999922156334 0.06805600225925447
v 0.00796900037676096 -0.05615999922156334 0.0698399990797043
v 0.0065910001285374165 -0.05615999922156334 0.0713699981570244
v 0.00899800006300211 -0.05615999922156334 0.06004400178790094
v 0.003043999895453453 -0.05615999922156334 0.054682001471519484
v 0.004925000015646219 -0.05615999922156334 0.05552000179886819
v 0.0057749999687075615 -0.05615999922156334 0.053899999707937254
v 0.0065910001285374165 -0.05615999922156334 0.056729998439550414
v 0.00796900037676096 -0.05615999922156334 0.05826000124216081
v -0.004925000015646219 -0.05615999922156334 0.05552000179886819
v -0.003043999895453453 -0.05615999922156334 0.054682001471519484
v -0.0057749999687075615 -0.05615999922156334 0.053899999707937254
v -0.0010300000431016088 -0.05615999922156334 0.054253999143838896
v 0.0010300000431016088 -0.05615999922156334 0.054253999143838896
v -0.00796900037676096 -0.05615999922156334 0.05826000124216081
v -0.0065910001285374165 -0.05615999922156334 0.056729998439550414
v -0.009850000031292439 -0.05615999922156334 0.06404999643564226
v -0.009634999558329582 -0.05615999922156334 0.06200199946761133
v -0.00899800006300211 -0.05615999922156334 0.06004400178790094
v 0.013454999774694443 -0.06515999883413315 0.07280000299215318
v 0.013682999648153782 -0.06515999883413315 0.07195000350475313
v 0.014305000193417072 -0.06515999883413315 0.07132799923419954
v 0.015154999680817127 -0.06515999883413315 0.07109999656677247
v 0.016005000099539757 -0.06515999883413315 0.07132799923419954
v 0.016628000885248184 -0.06515999883413315 0.07195000350475313
v 0.01685499958693981 -0.06515999883413315 0.07280000299215318
v 0.016628000885248184 -0.06515999883413315 0.07365000247955324
v 0.016005000099539757 -0.06515999883413315 0.07427199929952623
v 0.015154999680817127 -0.06515999883413315 0.07450000196695329
v 0.014305000193417072 -0.06515999883413315 0.07427199929952623
v 0.013682999648153782 -0.06515999883413315 0.07365000247955324
v 0.013454999774694443 -0.06515999883413315 0.055300001055002226
v 0.013682999648153782 -0.06515999883413315 0.05445000156760217
v 0.014305000193417072 -0.06515999883413315 0.05382800102233888
v 0.015154999680817127 -0.06515999883413315 0.05359999835491182
v 0.016005000099539757 -0.06515999883413315 0.05382800102233888
v 0.016628000885248184 -0.06515999883413315 0.05445000156760217
v 0.01685499958693981 -0.06515999883413315 0.055300001055002226
v 0.016628000885248184 -0.06515999883413315 0.05615000054240228
v 0.016005000099539757 -0.06515999883413315 0.05677200108766557
v 0.015154999680817127 -0.06515999883413315 0.057000000029802336
v 0.014305000193417072 -0.06515999883413315 0.05677200108766557
v 0.013682999648153782 -0.06515999883413315 0.05615000054240228
v -0.0017000000225380063 -0.06515999883413315 0.04654999822378159
v -0.0014720000326633453 -0.06515999883413315 0.04569999873638154
v -0.0008500000112690032 -0.06515999883413315 0.04507799819111825
v 0.0 -0.06515999883413315 0.04484999924898148
v 0.0008500000112690032 -0.06515999883413315 0.04507799819111825
v 0.0014720000326633453 -0.06515999883413315 0.04569999873638154
v 0.0017000000225380063 -0.06515999883413315 0.04654999822378159
v 0.0014720000326633453 -0.06515999883413315 0.04740000143647195
v 0.0008500000112690032 -0.06515999883413315 0.048021998256444945
v 0.0 -0.06515999883413315 0.04825000092387201
v -0.0008500000112690032 -0.06515999883413315 0.048021998256444945
v -0.0014720000326633453 -0.06515999883413315 0.04740000143647195
v -0.01685499958693981 -0.06515999883413315 0.055300001055002226
v -0.016628000885248184 -0.06515999883413315 0.05445000156760217
v -0.016005000099539757 -0.06515999883413315 0.05382800102233888
v -0.015154999680817127 -0.06515999883413315 0.05359999835491182
v -0.014305000193417072 -0.06515999883413315 0.05382800102233888
v -0.013682999648153782 -0.06515999883413315 0.05445000156760217
v -0.013454999774694443 -0.06515999883413315 0.055300001055002226
v -0.013682999648153782 -0.06515999883413315 0.05615000054240228
v -0.014305000193417072 -0.06515999883413315 0.05677200108766557
v -0.015154999680817127 -0.06515999883413315 0.057000000029802336
v -0.016005000099539757 -0.06515999883413315 0.05677200108766557
v -0.016628000885248184 -0.06515999883413315 0.05615000054240228
v -0.01685499958693981 -0.06515999883413315 0.07280000299215318
v -0.016628000885248184 -0.06515999883413315 0.07195000350475313
v -0.016005000099539757 -0.06515999883413315 0.07132799923419954
v -0.015154999680817127 -0.06515999883413315 0.07109999656677247
v -0.014305000193417072 -0.06515999883413315 0.07132799923419954
v -0.013682999648153782 -0.06515999883413315 0.07195000350475313
v -0.013454999774694443 -0.06515999883413315 0.07280000299215318
v -0.013682999648153782 -0.06515999883413315 0.07365000247955324
v -0.014305000193417072 -0.06515999883413315 0.07427199929952623
v -0.015154999680817127 -0.06515999883413315 0.07450000196695329
v -0.016005000099539757 -0.06515999883413315 0.07427199929952623
v -0.016628000885248184 -0.06515999883413315 0.07365000247955324
v -0.0017000000225380063 -0.06515999883413315 0.08155000209808351
v -0.0014720000326633453 -0.06515999883413315 0.08070000261068346
v -0.0008500000112690032 -0.06515999883413315 0.08007799834012987
v 0.0 -0.06515999883413315 0.0798500031232834
v 0.0008500000112690032 -0.06515999883413315 0.08007799834012987
v 0.0014720000326633453 -0.06515999883413315 0.08070000261068346
v 0.0017000000225380063 -0.06515999883413315 0.08155000209808351
v 0.0014720000326633453 -0.06515999883413315 0.08240000158548356
v 0.0008500000112690032 -0.06515999883413315 0.08302199840545656
v 0.0 -0.06515999883413315 0.08325000107288362
v -0.0008500000112690032 -0.06515999883413315 0.08302199840545656
v -0.0014720000326633453 -0.06515999883413315 0.08240000158548356
v 0.003456000005826354 -0.06515999883413315 0.04856299981474878
v -0.0020000000949949026 -0.06515999883413315 0.05001400038599969
v 0.0038209999911487103 -0.06515999883413315 0.047733001410961165
v 0.0039889998733997345 -0.06515999883413315 0.04684200137853623
v -0.0039889998733997345 -0.06515999883413315 0.04684200137853623
v -0.0038209999911487103 -0.06515999883413315 0.047733001410961165
v -0.0022219999227672815 -0.06515999883413315 0.04987600073218347
v -0.0029140000697225332 -0.06515999883413315 0.049290001392364516
v -0.003456000005826354 -0.06515999883413315 0.04856299981474878
v -0.0011620000004768372 -0.06515999883413315 0.042722001671791084
v -0.0026839999482035637 -0.06515999883413315 0.043584000319242484
v -0.001970000099390745 -0.06515999883413315 0.043069001287221916
v -0.0039530000649392605 -0.06515999883413315 0.045937001705169685
v -0.003713000100106001 -0.06515999883413315 0.04506200179457665
v -0.003283000085502863 -0.06515999883413315 0.04426399990916253
v 0.003713000100106001 -0.06515999883413315 0.04506200179457665
v 0.0039530000649392605 -0.06515999883413315 0.045937001705169685
v 0.0026839999482035637 -0.06515999883413315 0.043584000319242484
v 0.003283000085502863 -0.06515999883413315 0.04426399990916253
v -0.0009840000420808792 -0.06515999883413315 0.04264799878001214
v -0.0007859999896027148 -0.06515999883413315 0.04252500087022782
v -0.0005849999724887311 -0.06515999883413315 0.04240800067782403
v -0.00046999999904073775 -0.06515999883413315 0.042378000915050514
v 0.0004149999876972288 -0.06515999883413315 0.04237300157546998
v 0.00046999999904073775 -0.06515999883413315 0.042378000915050514
v 0.0008479999960400164 -0.06515999883413315 0.04256600141525269
v 0.0011129999766126275 -0.06515999883413315 0.04270600154995919
v 0.0011620000004768372 -0.06515999883413315 0.042722001671791084
v 0.001970000099390745 -0.06515999883413315 0.043069001287221916
v 0.0005009999731555581 -0.06515999883413315 0.04238199815154076
v 0.0006380000268109143 -0.06515999883413315 0.042433001101017005
v -0.005750000011175871 -0.06515999883413315 0.05842100083827974
v -0.0044999998062849045 -0.06515999883413315 0.058756001293659224
v -0.006500000134110451 -0.06515999883413315 0.06404999643564226
v 0.006500000134110451 -0.06515999883413315 0.06404999643564226
v -0.0032500000670552254 -0.06515999883413315 0.05842100083827974
v -0.0023350000847131014 -0.06515999883413315 0.05750599876046182
v 0.0029140000697225332 -0.06515999883413315 0.049290001392364516
v 0.0020000000949949026 -0.06515999883413315 0.05001400038599969
v -0.0020000000949949026 -0.06515999883413315 0.05092500150203706
v 0.0020000000949949026 -0.06515999883413315 0.05092500150203706
v -0.0020000000949949026 -0.06515999883413315 0.05625599995255472
v 0.0020000000949949026 -0.06515999883413315 0.05625599995255472
v -0.012907999567687511 -0.06515999883413315 0.051991000771522536
v -0.01221999991685152 -0.06515999883413315 0.05258300155401231
v -0.013155000284314156 -0.06515999883413315 0.05876399949193002
v -0.011683999560773373 -0.06515999883413315 0.053312998265028014
v -0.0068350001238286495 -0.06515999883413315 0.06279999762773515
v -0.00774999987334013 -0.06515999883413315 0.06188499927520753
v -0.01115499995648861 -0.06515999883413315 0.055300001055002226
v -0.01132499985396862 -0.06515999883413315 0.05414599925279619
v -0.018775999546051025 -0.06515999883413315 0.057000000029802336
v -0.01906600035727024 -0.06515999883413315 0.0561410002410412
v -0.018300000578165054 -0.06515999883413315 0.057771999388933196
v -0.017663000151515007 -0.06515999883413315 0.0584160014986992
v -0.016040999442338943 -0.06515999883413315 0.059200998395681395
v -0.01689700037240982 -0.06515999883413315 0.05890100076794626
v -0.013385999947786331 -0.06515999883413315 0.05888700112700464
v -0.014240000396966934 -0.06515999883413315 0.059193998575210585
v -0.01513999979943037 -0.06515999883413315 0.05930000171065332
v -0.019154999405145645 -0.06515999883413315 0.055266000330448165
v -0.019051000475883484 -0.06515999883413315 0.05439199879765512
v -0.019027000293135643 -0.06515999883413315 0.05420099943876268
v -0.019034000113606453 -0.06515999883413315 0.05396800115704538
v -0.018564999103546143 -0.06515999883413315 0.05285200104117395
v -0.018533999100327492 -0.06515999883413315 0.05280699953436853
v -0.018180999904870987 -0.06515999883413315 0.05257400125265123
v -0.017928000539541245 -0.06515999883413315 0.05241400003433229
v -0.017889000475406647 -0.06515999883413315 0.05237999930977823
v -0.017185000702738762 -0.06515999883413315 0.05185300111770631
v -0.01638299971818924 -0.06515999883413315 0.05149300023913385
v -0.01903500035405159 -0.06515999883413315 0.053736001253128066
v -0.019003000110387802 -0.06515999883413315 0.053621001541614546
v -0.015494000166654587 -0.06515999883413315 0.051314000040292754
v -0.014587000012397766 -0.06515999883413315 0.051341000944376006
v -0.01370999962091446 -0.06515999883413315 0.05156999826431276
v -0.0185139998793602 -0.06515999883413315 0.05278300121426584
v -0.01840200088918209 -0.06515999883413315 0.05268900096416475
v -0.005750000011175871 -0.06515999883413315 0.06967899948358537
v -0.0068350001238286495 -0.06515999883413315 0.06530000269412996
v -0.0044999998062849045 -0.06515999883413315 0.06934399902820589
v -0.0032500000670552254 -0.06515999883413315 0.06967899948358537
v -0.0023350000847131014 -0.06515999883413315 0.07059399783611299
v 0.0023350000847131014 -0.06515999883413315 0.07059399783611299
v -0.0020000000949949026 -0.06515999883413315 0.0718439966440201
v 0.0020000000949949026 -0.06515999883413315 0.0718439966440201
v -0.0020000000949949026 -0.06515999883413315 0.07717499881982805
v -0.01513999979943037 -0.06515999883413315 0.06880000233650209
v -0.01115499995648861 -0.06515999883413315 0.07280000299215318
v -0.016040999442338943 -0.06515999883413315 0.06889899820089342
v -0.01689700037240982 -0.06515999883413315 0.06919900327920915
v -0.014240000396966934 -0.06515999883413315 0.06890600174665452
v -0.013155000284314156 -0.06515999883413315 0.06933599710464479
v -0.00774999987334013 -0.06515999883413315 0.06621500104665758
v -0.011164000257849693 -0.06515999883413315 0.07306200265884401
v -0.01132499985396862 -0.06515999883413315 0.07395400106906892
v -0.01906600035727024 -0.06515999883413315 0.07195899635553361
v -0.017185000702738762 -0.06515999883413315 0.0762469992041588
v -0.017889000475406647 -0.06515999883413315 0.07571999728679658
v -0.018043000251054764 -0.06515999883413315 0.07560399919748308
v -0.018247999250888824 -0.06515999883413315 0.0754930004477501
v -0.01638299971818924 -0.06515999883413315 0.07660699635744096
v -0.015494000166654587 -0.06515999883413315 0.07678599655628206
v -0.011683999560773373 -0.06515999883413315 0.0747869983315468
v -0.01221999991685152 -0.06515999883413315 0.0755169987678528
v -0.018775999546051025 -0.06515999883413315 0.07109999656677247
v -0.018300000578165054 -0.06515999883413315 0.07032799720764162
v -0.017663000151515007 -0.06515999883413315 0.06968399882316591
v -0.018981000408530235 -0.06515999883413315 0.07452899962663652
v -0.019003000110387802 -0.06515999883413315 0.07447899878025056
v -0.019029000774025917 -0.06515999883413315 0.0740569978952408
v -0.019040999934077263 -0.06515999883413315 0.07375799864530565
v -0.019051000475883484 -0.06515999883413315 0.07370799779891969
v -0.019154999405145645 -0.06515999883413315 0.07283399999141695
v -0.018449999392032623 -0.06515999883413315 0.0753770023584366
v -0.018533999100327492 -0.06515999883413315 0.07529299706220628
v -0.012907999567687511 -0.06515999883413315 0.07610899955034257
v -0.01370999962091446 -0.06515999883413315 0.07653000205755235
v -0.014587000012397766 -0.06515999883413315 0.0767590031027794
v -0.019014999270439148 -0.06515999883413315 0.07445000112056734
v -0.01903899945318699 -0.06515999883413315 0.07430599629878999
v 0.0020000000949949026 -0.06515999883413315 0.07808600366115571
v -0.003515999997034669 -0.06515999883413315 0.08345700055360795
v -0.0025279999244958162 -0.06515999883413315 0.08465000241994859
v -0.003976999782025814 -0.06515999883413315 0.08197899907827379
v -0.0038419999182224274 -0.06515999883413315 0.08043699711561204
v -0.003131000092253089 -0.06515999883413315 0.07906100153923036
v -0.0020000000949949026 -0.06515999883413315 0.07808600366115571
v 0.0020000000949949026 -0.06515999883413315 0.07717499881982805
v 0.0026839999482035637 -0.06515999883413315 0.08451599627733232
v 0.003283000085502863 -0.06515999883413315 0.08383599668741228
v 0.003713000100106001 -0.06515999883413315 0.08303800225257875
v 0.0039530000649392605 -0.06515999883413315 0.08216299861669542
v 0.0029140000697225332 -0.06515999883413315 0.0788099989295006
v 0.003456000005826354 -0.06515999883413315 0.07953699678182603
v 0.0022219999227672815 -0.06515999883413315 0.07822400331497194
v 0.0038209999911487103 -0.06515999883413315 0.08036699891090394
v 0.0039889998733997345 -0.06515999883413315 0.08125799894332887
v 0.001970000099390745 -0.06515999883413315 0.08503100275993349
v -0.0011129999766126275 -0.06515999883413315 0.08539400249719621
v -0.0011620000004768372 -0.06515999883413315 0.08537799865007402
v 0.00046999999904073775 -0.06515999883413315 0.08572199940681459
v -0.0004149999876972288 -0.06515999883413315 0.08572699874639512
v -0.0008479999960400164 -0.06515999883413315 0.08553399890661241
v -0.00046999999904073775 -0.06515999883413315 0.08572199940681459
v -0.0006380000268109143 -0.06515999883413315 0.0856669992208481
v -0.0005009999731555581 -0.06515999883413315 0.08571799844503404
v 0.0005849999724887311 -0.06515999883413315 0.08569200336933137
v 0.0007859999896027148 -0.06515999883413315 0.08557499945163728
v 0.0009840000420808792 -0.06515999883413315 0.08545199781656267
v 0.0011620000004768372 -0.06515999883413315 0.08537799865007402
v 0.013155000284314156 -0.06515999883413315 0.06933599710464479
v 0.018180999904870987 -0.06515999883413315 0.07552599906921388
v 0.0032500000670552254 -0.06515999883413315 0.06967899948358537
v 0.0044999998062849045 -0.06515999883413315 0.06934399902820589
v 0.005750000011175871 -0.06515999883413315 0.06967899948358537
v 0.0068350001238286495 -0.06515999883413315 0.06530000269412996
v 0.00774999987334013 -0.06515999883413315 0.06621500104665758
v 0.018061000853776932 -0.06515999883413315 0.07005099952220918
v 0.0175160001963377 -0.06515999883413315 0.06956999748945238
v 0.01611199975013733 -0.06515999883413315 0.0689160004258156
v 0.014565999619662762 -0.06515999883413315 0.06884399801492692
v 0.01115499995648861 -0.06515999883413315 0.07280000299215318
v 0.011433999985456467 -0.06515999883413315 0.07426699995994569
v 0.012269999831914902 -0.06515999883413315 0.0755710005760193
v 0.017928000539541245 -0.06515999883413315 0.07568600028753282
v 0.017889000475406647 -0.06515999883413315 0.07571999728679658
v 0.016575999557971954 -0.06515999883413315 0.07653900235891344
v 0.015049000270664692 -0.06515999883413315 0.07679899781942369
v 0.013539000414311886 -0.06515999883413315 0.07645899802446367
v 0.019051000475883484 -0.06515999883413315 0.07370799779891969
v 0.019027000293135643 -0.06515999883413315 0.07389900088310243
v 0.019034000113606453 -0.06515999883413315 0.07413200289011003
v 0.0191040001809597 -0.06515999883413315 0.07215999811887742
v 0.018564999103546143 -0.06515999883413315 0.07070899754762651
v 0.0185139998793602 -0.06515999883413315 0.07531700283288957
v 0.01840200088918209 -0.06515999883413315 0.07541099935770036
v 0.018533999100327492 -0.06515999883413315 0.07529299706220628
v 0.018564999103546143 -0.06515999883413315 0.07524800300598146
v 0.019003000110387802 -0.06515999883413315 0.07447899878025056
v 0.01903500035405159 -0.06515999883413315 0.07436399906873704
v 0.013155000284314156 -0.06515999883413315 0.05876399949193002
v 0.01115499995648861 -0.06515999883413315 0.055300001055002226
v 0.00774999987334013 -0.06515999883413315 0.06188499927520753
v 0.005750000011175871 -0.06515999883413315 0.05842100083827974
v 0.0068350001238286495 -0.06515999883413315 0.06279999762773515
v 0.0044999998062849045 -0.06515999883413315 0.058756001293659224
v 0.0032500000670552254 -0.06515999883413315 0.05842100083827974
v 0.0023350000847131014 -0.06515999883413315 0.05750599876046182
v 0.014240000396966934 -0.06515999883413315 0.059193998575210585
v 0.016040999442338943 -0.06515999883413315 0.059200998395681395
v 0.01513999979943037 -0.06515999883413315 0.05930000171065332
v 0.01221999991685152 -0.06515999883413315 0.05258300155401231
v 0.011164000257849693 -0.06515999883413315 0.0550380013883114
v 0.01132499985396862 -0.06515999883413315 0.05414599925279619
v 0.011683999560773373 -0.06515999883413315 0.053312998265028014
v 0.015494000166654587 -0.06515999883413315 0.051314000040292754
v 0.01638299971818924 -0.06515999883413315 0.05149300023913385
v 0.017185000702738762 -0.06515999883413315 0.05185300111770631
v 0.017889000475406647 -0.06515999883413315 0.05237999930977823
v 0.018043000251054764 -0.06515999883413315 0.05249600112438203
v 0.01802399940788746 -0.06515999883413315 0.058088000863790526
v 0.017663000151515007 -0.06515999883413315 0.0584160014986992
v 0.01689700037240982 -0.06515999883413315 0.05890100076794626
v 0.012907999567687511 -0.06515999883413315 0.051991000771522536
v 0.01370999962091446 -0.06515999883413315 0.05156999826431276
v 0.014587000012397766 -0.06515999883413315 0.051341000944376006
v 0.01906600035727024 -0.06515999883413315 0.0561410002410412
v 0.018775999546051025 -0.06515999883413315 0.057000000029802336
v 0.018300000578165054 -0.06515999883413315 0.057771999388933196
v 0.018533999100327492 -0.06515999883413315 0.05280699953436853
v 0.018981000408530235 -0.06515999883413315 0.05357100069522859
v 0.019029000774025917 -0.06515999883413315 0.054042998701334014
v 0.019003000110387802 -0.06515999883413315 0.053621001541614546
v 0.01903899945318699 -0.06515999883413315 0.05379400029778482
v 0.019014999270439148 -0.06515999883413315 0.053649999201297774
v 0.018449999392032623 -0.06515999883413315 0.05272300168871881
v 0.018247999250888824 -0.06515999883413315 0.052606999874115004
v 0.019040999934077263 -0.06515999883413315 0.05434200167655946
v 0.019051000475883484 -0.06515999883413315 0.05439199879765512
v 0.019154999405145645 -0.06515999883413315 0.055266000330448165
v 0.005499999970197678 -0.06465999782085419 0.0701119974255562
v 0.005499999970197678 -0.06366000324487686 0.0701119974255562
v 0.0024999999441206455 -0.06465999782085419 0.0718439966440201
v 0.0024999999441206455 -0.06366000324487686 0.0718439966440201
v -0.0024999999441206455 -0.06465999782085419 0.0718439966440201
v -0.0024999999441206455 -0.06366000324487686 0.0718439966440201
v -0.005499999970197678 -0.06465999782085419 0.0701119974255562
v -0.005499999970197678 -0.06366000324487686 0.0701119974255562
v -0.00800000037997961 -0.06465999782085419 0.06578200310468675
v -0.00800000037997961 -0.06366000324487686 0.06578200310468675
v -0.00800000037997961 -0.06465999782085419 0.06231800094246866
v -0.00800000037997961 -0.06366000324487686 0.06231800094246866
v -0.005499999970197678 -0.06465999782085419 0.057987999171018614
v -0.005499999970197678 -0.06366000324487686 0.057987999171018614
v -0.0024999999441206455 -0.06465999782085419 0.05625599995255472
v -0.0024999999441206455 -0.06366000324487686 0.05625599995255472
v 0.0024999999441206455 -0.06465999782085419 0.05625599995255472
v 0.0024999999441206455 -0.06366000324487686 0.05625599995255472
v 0.005499999970197678 -0.06465999782085419 0.057987999171018614
v 0.005499999970197678 -0.06366000324487686 0.057987999171018614
v 0.00800000037997961 -0.06465999782085419 0.06231800094246866
v 0.00800000037997961 -0.06366000324487686 0.06231800094246866
v 0.00800000037997961 -0.06465999782085419 0.06578200310468675
v 0.00800000037997961 -0.06366000324487686 0.06578200310468675
v 0.007267999928444624 -0.06366000324487686 0.06504999846220018
v 0.007267999928444624 -0.06465999782085419 0.06504999846220018
v 0.007000000216066837 -0.06366000324487686 0.06404999643564226
v 0.007000000216066837 -0.06465999782085419 0.06404999643564226
v 0.007267999928444624 -0.06366000324487686 0.06305000185966493
v 0.007267999928444624 -0.06465999782085419 0.06305000185966493
v 0.0044999998062849045 -0.06366000324487686 0.05825600028038026
v 0.0044999998062849045 -0.06465999782085419 0.05825600028038026
v 0.0035000001080334187 -0.06366000324487686 0.057987999171018614
v 0.0035000001080334187 -0.06465999782085419 0.057987999171018614
v 0.002767999889329076 -0.06366000324487686 0.05725599825382234
v 0.002767999889329076 -0.06465999782085419 0.05725599825382234
v -0.002767999889329076 -0.06366000324487686 0.05725599825382234
v -0.002767999889329076 -0.06465999782085419 0.05725599825382234
v -0.0035000001080334187 -0.06366000324487686 0.057987999171018614
v -0.0035000001080334187 -0.06465999782085419 0.057987999171018614
v -0.0044999998062849045 -0.06366000324487686 0.05825600028038026
v -0.0044999998062849045 -0.06465999782085419 0.05825600028038026
v -0.007267999928444624 -0.06366000324487686 0.06305000185966493
v -0.007267999928444624 -0.06465999782085419 0.06305000185966493
v -0.007000000216066837 -0.06366000324487686 0.06404999643564226
v -0.007000000216066837 -0.06465999782085419 0.06404999643564226
v -0.007267999928444624 -0.06366000324487686 0.06504999846220018
v -0.007267999928444624 -0.06465999782085419 0.06504999846220018
v -0.0044999998062849045 -0.06366000324487686 0.06984400004148485
v -0.0044999998062849045 -0.06465999782085419 0.06984400004148485
v -0.0035000001080334187 -0.06366000324487686 0.0701119974255562
v -0.0035000001080334187 -0.06465999782085419 0.0701119974255562
v -0.002767999889329076 -0.06366000324487686 0.07084400206804277
v -0.002767999889329076 -0.06465999782085419 0.07084400206804277
v 0.002767999889329076 -0.06366000324487686 0.07084400206804277
v 0.002767999889329076 -0.06465999782085419 0.07084400206804277
v 0.0035000001080334187 -0.06366000324487686 0.0701119974255562
v 0.0035000001080334187 -0.06465999782085419 0.0701119974255562
v 0.0044999998062849045 -0.06366000324487686 0.06984400004148485
v 0.0044999998062849045 -0.06465999782085419 0.06984400004148485
v -0.026750000193715096 -0.061159998178482056 0.0695599988102913
v -0.03141799941658974 -0.061159998178482056 0.0722550004720688
v -0.03141799941658974 -0.04636500030755997 0.0722550004720688
v -0.02500000037252903 -0.061159998178482056 0.06652899831533433
v -0.02500000037252903 -0.061159998178482056 0.06157099828124048
v 0.02500000037252903 -0.061159998178482056 0.06157099828124048
v 0.02500000037252903 -0.061159998178482056 0.06652899831533433
v 0.03141799941658974 -0.04636500030755997 0.0722550004720688
v 0.03141799941658974 -0.061159998178482056 0.0722550004720688
v 0.026750000193715096 -0.061159998178482056 0.0695599988102913
v -0.022815000265836716 -0.04636500030755997 0.08715599775314332
v -0.022815000265836716 -0.061159998178482056 0.08715599775314332
v -0.018146999180316925 -0.061159998178482056 0.08446100354194643
v -0.008603000082075596 -0.061159998178482056 0.08997099846601488
v -0.008603000082075596 -0.061159998178482056 0.09536100178956988
v -0.008603000082075596 -0.04636500030755997 0.09536100178956988
v -0.010352999903261662 -0.061159998178482056 0.0869399979710579
v -0.014646999537944794 -0.061159998178482056 0.08446100354194643
v 0.008603000082075596 -0.04636500030755997 0.09536100178956988
v 0.008603000082075596 -0.061159998178482056 0.09536100178956988
v 0.008603000082075596 -0.061159998178482056 0.08997099846601488
v 0.018146999180316925 -0.061159998178482056 0.08446100354194643
v 0.022815000265836716 -0.061159998178482056 0.08715599775314332
v 0.022815000265836716 -0.04636500030755997 0.08715599775314332
v 0.014646999537944794 -0.061159998178482056 0.08446100354194643
v 0.010352999903261662 -0.061159998178482056 0.0869399979710579
v 0.025818999856710434 -0.061159998178482056 0.05932100117206575
v 0.025211000815033913 -0.061159998178482056 0.06037399917840959
v 0.02602499909698963 -0.061159998178482056 0.06900399923324586
v 0.025118999183177948 -0.061159998178482056 0.06743499636650087
v 0.02546899951994419 -0.061159998178482056 0.0682789981365204
v -0.02602499909698963 -0.061159998178482056 0.059096001088619246
v -0.025118999183177948 -0.061159998178482056 0.06066500023007394
v -0.02546899951994419 -0.061159998178482056 0.05982099846005441
v -0.025818999856710434 -0.061159998178482056 0.06877899914979936
v -0.025211000815033913 -0.061159998178482056 0.06772600114345552
v -0.017302999272942543 -0.061159998178482056 0.08411099761724473
v -0.01549100037664175 -0.061159998178482056 0.08411099761724473
v -0.01639699935913086 -0.061159998178482056 0.08399199694395067
v -0.008813999593257904 -0.061159998178482056 0.08877400308847429
v -0.009421999566257 -0.061159998178482056 0.08772200345993043
v 0.008721999824047089 -0.061159998178482056 0.08906500041484834
v 0.009627999737858772 -0.061159998178482056 0.08749599754810335
v 0.009072000160813332 -0.061159998178482056 0.08822099864482881
v 0.01700500026345253 -0.061159998178482056 0.08404500037431718
v 0.015789000317454338 -0.061159998178482056 0.08404500037431718
v -0.001500000013038516 -0.04636500030755997 0.0990170016884804
v -0.001500000013038516 -0.06356000155210495 0.0990170016884804
v -0.001500000013038516 -0.06350299715995789 0.0940700024366379
v -0.001500000013038516 -0.06356000155210495 0.09507899731397632
v 0.001500000013038516 -0.06350299715995789 0.0940700024366379
v 0.001500000013038516 -0.04636500030755997 0.09801699966192248
v 0.001500000013038516 -0.04636500030755997 0.0990170016884804
v 0.001500000013038516 -0.06356000155210495 0.0990170016884804
v 0.001500000013038516 -0.06356000155210495 0.09507899731397632
v 0.029532000422477722 -0.04636500030755997 0.0828320011496544
v 0.029532000422477722 -0.06356000155210495 0.0828320011496544
v 0.02428000047802925 -0.0635799989104271 0.07980000227689744
v 0.025244999676942825 -0.06356000155210495 0.08035700023174287
v 0.025779999792575836 -0.0635799989104271 0.0772019997239113
v 0.03016600012779236 -0.04636500030755997 0.0797339975833893
v 0.031031999737024307 -0.04636500030755997 0.08023399859666826
v 0.031031999737024307 -0.06356000155210495 0.08023399859666826
v 0.02674500085413456 -0.06356000155210495 0.07775899767875673
v 0.03156299889087677 -0.0640840008854866 0.04640400037169457
v 0.01927799917757511 -0.06505899876356125 0.05349700152873994
v 0.031062999740242958 -0.0640840008854866 0.04553800076246262
v 0.019254999235272408 -0.06505800038576126 0.053444001823663725
v 0.0187780000269413 -0.06505899876356125 0.052630998194217696
v 0.0005000000237487257 -0.06412400305271149 0.028480999171733863
v 0.0005000000237487257 -0.06505899876356125 0.04207799956202508
v -0.0005000000237487257 -0.06412400305271149 0.028480999171733863
v 0.0004419999895617366 -0.06505800038576126 0.04207200184464455
v -0.0005000000237487257 -0.06505899876356125 0.04207799956202508
v -0.0014949999749660492 -0.0631600022315979 0.02755000069737435
v 0.001500000013038516 -0.06216000020503998 0.0278489999473095
v 0.001500000013038516 -0.06182200089097023 0.027693999931216247
v 0.001500000013038516 -0.061159998178482056 0.027581000700593
v 0.001500000013038516 -0.06240899860858917 0.028018999844789512
v 0.001500000013038516 -0.06285499781370163 0.02851999923586846
v 0.001500000013038516 -0.06289199739694595 0.028581999242305763
v 0.001500000013038516 -0.06311099976301193 0.029140999540686614
v -0.001500000013038516 -0.06289199739694595 0.028581999242305763
v -0.001500000013038516 -0.06272099912166595 0.028331000357866294
v -0.001500000013038516 -0.06304699927568436 0.02892000041902066
v -0.001500000013038516 -0.06221900135278702 0.0278840009123087
v -0.001500000013038516 -0.06216000020503998 0.0278489999473095
v -0.001500000013038516 -0.06159700080752373 0.027628999203443534
v -0.001500000013038516 -0.061159998178482056 0.027581000700593
v 0.0014949999749660492 -0.0631600022315979 0.02755000069737435
v -0.031062999740242958 -0.0640840008854866 0.04553800076246262
v -0.0187780000269413 -0.06505899876356125 0.052630998194217696
v -0.03156299889087677 -0.0640840008854866 0.04640400037169457
v -0.01881299912929535 -0.06505800038576126 0.05267800018191339
v -0.01927799917757511 -0.06505899876356125 0.05349700152873994
v -0.031031999737024307 -0.04636500030755997 0.08023399859666826
v -0.031031999737024307 -0.06356000155210495 0.08023399859666826
v -0.02674799971282482 -0.06350299715995789 0.0777610018849373
v -0.027621999382972717 -0.06356000155210495 0.0782660022377968
v -0.025248000398278236 -0.06350299715995789 0.08035899698734285
v -0.028666000813245773 -0.04636500030755997 0.08233200013637544
v -0.029532000422477722 -0.04636500030755997 0.0828320011496544
v -0.029532000422477722 -0.06356000155210495 0.0828320011496544
v -0.026122000068426132 -0.06356000155210495 0.08086399734020235
v 0.03222599998116493 -0.06406000256538391 0.04486700147390366
v 0.03272600099444389 -0.06406000256538391 0.04573300108313561
v 0.03165699914097786 -0.06406000256538391 0.04519499838352204
v 0.03215700015425682 -0.06406000256538391 0.04606100171804429
v -0.03165699914097786 -0.06406000256538391 0.04519499838352204
v -0.03215700015425682 -0.06406000256538391 0.04606100171804429
v -0.03222599998116493 -0.06406000256538391 0.04486700147390366
v -0.03272600099444389 -0.06406000256538391 0.04573300108313561
v -0.025303000584244728 -0.06311699748039246 0.08675999939441682
v -0.025303000584244728 -0.04636500030755997 0.08675999939441682
v 0.032319001853466034 -0.06311699748039246 0.07460899651050569
v 0.032319001853466034 -0.04636500030755997 0.07460899651050569
v 0.007015999872237444 -0.06311699748039246 0.09731800109148028
v 0.007015999872237444 -0.04636500030755997 0.09731800109148028
v 0.031397998332977295 -0.04636500030755997 0.08160000294446947
v 0.030897999182343483 -0.04636500030755997 0.08246599882841112
v 0.031397998332977295 -0.06356000155210495 0.08160000294446947
v 0.030897999182343483 -0.06356000155210495 0.08246599882841112
v 0.025730999186635017 -0.06456000357866287 0.07948300242424013
v 0.02623100019991398 -0.06456000357866287 0.07861699908971788
v 0.030031999573111534 -0.06456000357866287 0.08196599781513215
v 0.030532000586390495 -0.06456000357866287 0.0811000019311905
v 0.0005000000237487257 -0.04636500030755997 0.10001700371503833
v -0.0005000000237487257 -0.04636500030755997 0.10001700371503833
v 0.0005000000237487257 -0.06356000155210495 0.10001700371503833
v -0.0005000000237487257 -0.06356000155210495 0.10001700371503833
v 0.0005000000237487257 -0.06456000357866287 0.0990170016884804
v -0.0005000000237487257 -0.06456000357866287 0.0990170016884804
v 0.0005000000237487257 -0.06456000357866287 0.09507899731397632
v -0.0005000000237487257 -0.06456000357866287 0.09507899731397632
v -0.030897999182343483 -0.04636500030755997 0.08246599882841112
v -0.031397998332977295 -0.04636500030755997 0.08160000294446947
v -0.030897999182343483 -0.06356000155210495 0.08246599882841112
v -0.031397998332977295 -0.06356000155210495 0.08160000294446947
v -0.030031999573111534 -0.06456000357866287 0.08196599781513215
v -0.030532000586390495 -0.06456000357866287 0.0811000019311905
v -0.026621999219059944 -0.06456000357866287 0.0799980014562607
v -0.027122000232338905 -0.06456000357866287 0.07913199812173845
v 0.03207699954509735 -0.04636500030755997 0.07287000119686128
v 0.03215000033378601 -0.06216000020503998 0.07298699766397478
v 0.032398998737335205 -0.04636500030755997 0.07371100038290025
v 0.03239599987864494 -0.0627250000834465 0.0736920014023781
v 0.03241800144314766 -0.06289199739694595 0.0739869996905327
v 0.026249999180436134 -0.06289199739694595 0.07042600214481355
v 0.02661599963903427 -0.06216000020503998 0.06979200243949892
v 0.024000000208616257 -0.06289199739694595 0.06652899831533433
v 0.024152999743819237 -0.06289199739694595 0.06769400089979173
v 0.02473199926316738 -0.06216000020503998 0.06652899831533433
v 0.024860000237822533 -0.06216000020503998 0.06750400364398958
v 0.02523699961602688 -0.06216000020503998 0.06841299682855607
v 0.025836000218987465 -0.06216000020503998 0.06919399648904802
v 0.024602999910712242 -0.06289199739694595 0.06877899914979936
v 0.025318000465631485 -0.06289199739694595 0.06971099972724916
v 0.02473199926316738 -0.06216000020503998 0.06157099828124048
v 0.024000000208616257 -0.06289199739694595 0.06157099828124048
v 0.02661599963903427 -0.06216000020503998 0.05830800160765649
v 0.025614000856876373 -0.06216000020503998 0.059149000793695464
v 0.026249999180436134 -0.06289199739694595 0.05767399817705156
v 0.025053000077605247 -0.06289199739694595 0.05867800116539003
v 0.024958999827504158 -0.06216000020503998 0.060281999409198775
v 0.024271000176668167 -0.06289199739694595 0.060031998902559294
v 0.03352100029587746 -0.06205800175666809 0.05438499897718431
v 0.03349300101399422 -0.06216000020503998 0.05433699861168863
v 0.03312699869275093 -0.06289199739694595 0.05370299890637399
v -0.03349699825048447 -0.06214600056409836 0.05434399843215944
v -0.02661599963903427 -0.06216000020503998 0.05830800160765649
v -0.03349300101399422 -0.06216000020503998 0.05433699861168863
v -0.03313399851322174 -0.06288400292396545 0.053715001791715636
v -0.026249999180436134 -0.06289199739694595 0.05767399817705156
v -0.03312699869275093 -0.06289199739694595 0.05370299890637399
v -0.024000000208616257 -0.06289199739694595 0.06157099828124048
v -0.024152999743819237 -0.06289199739694595 0.06040599942207338
v -0.02473199926316738 -0.06216000020503998 0.06157099828124048
v -0.024860000237822533 -0.06216000020503998 0.06059600040316583
v -0.02523699961602688 -0.06216000020503998 0.059686999768018736
v -0.025836000218987465 -0.06216000020503998 0.05890600010752679
v -0.024602999910712242 -0.06289199739694595 0.05932100117206575
v -0.025318000465631485 -0.06289199739694595 0.05838900059461595
v -0.02473199926316738 -0.06216000020503998 0.06652899831533433
v -0.024000000208616257 -0.06289199739694595 0.06652899831533433
v -0.02661599963903427 -0.06216000020503998 0.06979200243949892
v -0.025614000856876373 -0.06216000020503998 0.06895100325345994
v -0.026249999180436134 -0.06289199739694595 0.07042600214481355
v -0.025053000077605247 -0.06289199739694595 0.06942199915647508
v -0.024958999827504158 -0.06216000020503998 0.06781800091266633
v -0.024271000176668167 -0.06289199739694595 0.06806799769401552
v -0.03241800144314766 -0.06289199739694595 0.0739869996905327
v -0.032398998737335205 -0.04636500030755997 0.07371100038290025
v -0.03239599987864494 -0.0627250000834465 0.0736920014023781
v -0.03207699954509735 -0.04636500030755997 0.07287000119686128
v -0.03215000033378601 -0.06216000020503998 0.07298699766397478
v -0.023677000775933266 -0.04636500030755997 0.08741900324821474
v -0.02381500042974949 -0.06216000020503998 0.08742400258779527
v -0.02456600032746792 -0.04636500030755997 0.08727800101041795
v -0.02454799972474575 -0.0627250000834465 0.08728499710559846
v -0.024815000593662262 -0.06289199739694595 0.08715599775314332
v -0.018647000193595886 -0.06289199739694595 0.08359500020742418
v -0.01828099973499775 -0.06216000020503998 0.08422899991273881
v -0.014147000387310982 -0.06289199739694595 0.08359500020742418
v -0.015231999568641186 -0.06289199739694595 0.08314500004053117
v -0.014512999914586544 -0.06216000020503998 0.08422899991273881
v -0.015421999618411064 -0.06216000020503998 0.08385299891233446
v -0.01639699935913086 -0.06216000020503998 0.08372399955987932
v -0.017371999099850655 -0.06216000020503998 0.08385299891233446
v -0.01639699935913086 -0.06289199739694595 0.08299200236797334
v -0.017562000080943108 -0.06289199739694595 0.08314500004053117
v -0.010219000279903412 -0.06216000020503998 0.08670800179243089
v -0.009852999821305275 -0.06289199739694595 0.08607400208711626
v -0.008334999904036522 -0.06216000020503998 0.08997099846601488
v -0.008561999537050724 -0.06216000020503998 0.08868300169706346
v -0.007602999918162823 -0.06289199739694595 0.08997099846601488
v -0.007873999886214733 -0.06289199739694595 0.0884319990873337
v -0.009216000325977802 -0.06216000020503998 0.08754900097846986
v -0.008655999787151814 -0.06289199739694595 0.08707900345325471
v -0.007602999918162823 -0.06289199739694595 0.09709300100803378
v -0.007833000272512436 -0.04636500030755997 0.09693899750709536
v -0.007848000153899193 -0.0627250000834465 0.09692700207233432
v -0.00839999970048666 -0.04636500030755997 0.09623900055885318
v -0.008334999904036522 -0.06216000020503998 0.09636099636554721
v 0.024815000593662262 -0.06289199739694595 0.08715599775314332
v 0.02456600032746792 -0.04636500030755997 0.08727800101041795
v 0.02454799972474575 -0.0627250000834465 0.08728499710559846
v 0.023677000775933266 -0.04636500030755997 0.08741900324821474
v 0.02381500042974949 -0.06216000020503998 0.08742400258779527
v 0.01828099973499775 -0.06216000020503998 0.08422899991273881
v 0.018647000193595886 -0.06289199739694595 0.08359500020742418
v 0.017051000148057938 -0.06216000020503998 0.08378099650144578
v 0.01717899926006794 -0.06289199739694595 0.08305999636650087
v 0.01574300043284893 -0.06216000020503998 0.08378099650144578
v 0.015615999698638916 -0.06289199739694595 0.08305999636650087
v 0.014512999914586544 -0.06216000020503998 0.08422899991273881
v 0.014147000387310982 -0.06289199739694595 0.08359500020742418
v 0.010219000279903412 -0.06216000020503998 0.08670800179243089
v 0.009852999821305275 -0.06289199739694595 0.08607400208711626
v 0.008921000175178051 -0.06289199739694595 0.08678899705410005
v 0.009438999928534031 -0.06216000020503998 0.08730699867010118
v 0.008840000256896019 -0.06216000020503998 0.08808699995279314
v 0.008462999947369099 -0.06216000020503998 0.08899600058794023
v 0.008334999904036522 -0.06216000020503998 0.08997099846601488
v 0.008205999620258808 -0.06289199739694595 0.08772099763154985
v 0.00775599991902709 -0.06289199739694595 0.08880700170993806
v 0.007602999918162823 -0.06289199739694595 0.08997099846601488
v 0.00839999970048666 -0.04636500030755997 0.09623900055885318
v 0.008334999904036522 -0.06216000020503998 0.09636099636554721
v 0.007833000272512436 -0.04636500030755997 0.09693899750709536
v 0.007848000153899193 -0.0627250000834465 0.09692700207233432
v 0.007602999918162823 -0.06289199739694595 0.09709300100803378
v -0.033640000969171524 -0.06276500225067139 0.053468998521566405
v -0.03386000171303749 -0.06208699941635132 0.05411000177264215
v -0.03437399864196777 -0.061925001442432404 0.05223700031638147
v -0.03449799865484238 -0.061827000230550766 0.05260099843144418
v -0.03396400064229965 -0.06257399916648865 0.05237799882888795
v -0.034189000725746155 -0.0623910017311573 0.053052000701427474
v -0.033351000398397446 -0.06300800293684006 0.05258800089359285
v -0.033337999135255814 -0.0630130022764206 0.052593000233173384
v -0.03435799852013588 -0.06187000125646591 0.05354300141334535
v -0.034589000046253204 -0.0615449994802475 0.05286800116300584
v -0.03238200023770332 -0.06300800293684006 0.050083000212907805
v -0.03297699987888336 -0.06257399916648865 0.049825999885797514
v -0.033376000821590424 -0.061925001442432404 0.04965399950742723
v 0.033376000821590424 -0.061925001442432404 0.04965399950742723
v 0.03297699987888336 -0.06257399916648865 0.049825999885797514
v 0.03238200023770332 -0.06300800293684006 0.050083000212907805
v 0.033351000398397446 -0.06300800293684006 0.05258800089359285
v 0.03396400064229965 -0.06257399916648865 0.05237799882888795
v 0.034244999289512634 -0.062196001410484314 0.0522809997200966
v 0.0345040000975132 -0.06140799820423126 0.05219199880957605
v 0.03447600081562996 -0.06157999858260155 0.05220200121402742
v 0.03437399864196777 -0.061925001442432404 0.05223700031638147
v 0.0344729982316494 -0.06193000078201294 0.05283699929714204
v 0.0344729982316494 -0.061827000230550766 0.0524520017206669
v 0.033378999680280685 -0.0630130022764206 0.05283699929714204
v 0.033378999680280685 -0.06276500225067139 0.053764000535011305
v 0.03403500095009804 -0.0623910017311573 0.05354800075292589
v 0.03403500095009804 -0.06187000125646591 0.05406799912452699
v 0.0344729982316494 -0.0615449994802475 0.05350400134921075
v 0.03403500095009804 -0.06258100271224976 0.05283699929714204
v 0.0344729982316494 -0.061827000230550766 0.053222000598907485
v 0.009600000455975533 -0.06120600178837776 0.02883600071072579
v 0.006302000023424625 -0.06216000020503998 0.028370000422000892
v 0.004029999952763319 -0.06199200078845024 0.027955999597907073
v 0.0030320000369101763 -0.06206199899315834 0.027891999110579498
v 0.002899999963119626 -0.06205400079488754 0.02787699922919274
v 0.004217999987304211 -0.0619410015642643 0.0279539991170168
v 0.004372000228613615 -0.06182200089097023 0.02792599983513356
v 0.004468999803066254 -0.06165200099349022 0.02788699977099896
v 0.00634900014847517 -0.061159998178482056 0.02810600027441979
v 0.004494000226259232 -0.061459001153707504 0.027850000187754638
v 0.002498999936506152 -0.061597999185323715 0.027683999389410026
v 0.002583000110462308 -0.06184300035238266 0.02776199951767922
v 0.0027779999654740095 -0.06201300024986267 0.027846999466419227
v 0.006175000220537186 -0.06289199739694595 0.029091000556945808
v 0.027187999337911606 -0.06289199739694595 0.041223000735044486
v 0.02774900011718273 -0.06216000020503998 0.04075200110673905
v 0.008243000134825706 -0.061319999396800995 0.028500000014901168
v 0.008422999642789364 -0.061395999044179916 0.028550000861287124
v 0.008617999963462353 -0.0613970011472702 0.02859600074589253
v 0.011202000081539154 -0.06216000020503998 0.029593000188469894
v 0.010975999757647514 -0.06289199739694595 0.03028899990022183
v 0.015564000234007835 -0.06289199739694595 0.032143998891115196
v 0.019850000739097595 -0.06289199739694595 0.03461800143122674
v 0.02374899946153164 -0.06289199739694595 0.037663999944925315
v 0.015884999185800552 -0.06216000020503998 0.03148600086569787
v 0.02025900036096573 -0.06216000020503998 0.034010998904705055
v 0.02423899993300438 -0.06216000020503998 0.03711999952793122
v -0.02374899946153164 -0.06289199739694595 0.037663999944925315
v -0.02774900011718273 -0.06216000020503998 0.04075200110673905
v -0.027187999337911606 -0.06289199739694595 0.041223000735044486
v -0.006175000220537186 -0.06289199739694595 0.029091000556945808
v -0.006302000023424625 -0.06216000020503998 0.028370000422000892
v -0.004372000228613615 -0.06182200089097023 0.02792599983513356
v -0.004217999987304211 -0.0619410015642643 0.0279539991170168
v -0.004494000226259232 -0.061459001153707504 0.027850000187754638
v -0.004468999803066254 -0.06165200099349022 0.02788699977099896
v -0.004029999952763319 -0.06199200078845024 0.027955999597907073
v -0.0030320000369101763 -0.06206199899315834 0.027891999110579498
v -0.0029009999707341194 -0.06205400079488754 0.02787699922919274
v -0.011202000081539154 -0.06216000020503998 0.029593000188469894
v -0.009600000455975533 -0.06120600178837776 0.02883600071072579
v -0.008617999963462353 -0.0613970011472702 0.02859600074589253
v -0.008422999642789364 -0.061395999044179916 0.028550000861287124
v -0.008243000134825706 -0.061319999396800995 0.028500000014901168
v -0.0027779999654740095 -0.06201300024986267 0.027846999466419227
v -0.002583000110462308 -0.06184300035238266 0.02776199951767922
v -0.002498999936506152 -0.061597999185323715 0.027683999389410026
v -0.00634900014847517 -0.061159998178482056 0.02810600027441979
v -0.019850000739097595 -0.06289199739694595 0.03461800143122674
v -0.02025900036096573 -0.06216000020503998 0.034010998904705055
v -0.010975999757647514 -0.06289199739694595 0.03028899990022183
v -0.02423899993300438 -0.06216000020503998 0.03711999952793122
v -0.015564000234007835 -0.06289199739694595 0.032143998891115196
v -0.015884999185800552 -0.06216000020503998 0.03148600086569787
v -0.0011230000527575612 -0.06428799778223038 0.09405399858951571
v -0.0012860000133514404 -0.06468699872493744 0.08586200326681138
v -0.001095999963581562 -0.0648690015077591 0.0859149992465973
v -0.0010000000474974513 -0.0643720030784607 0.09405200183391574
v -0.0013460000045597553 -0.0640380010008812 0.09405899792909625
v -0.001366000040434301 -0.06400500237941742 0.09405899792909625
v -0.0014750000555068254 -0.0637269988656044 0.09406500309705737
v -0.001500000013038516 -0.06351800262928009 0.09406899660825732
v -0.0005569999921135604 -0.06505800038576126 0.08601500093936922
v -0.0008299999753944576 -0.06445100158452988 0.09405100345611575
v -0.0008030000026337802 -0.06501500308513641 0.08597800135612489
v -0.0010000000474974513 -0.06492999941110611 0.08593700081110002
v -0.0010000000474974513 -0.0644259974360466 0.09507899731397632
v -0.001366000040434301 -0.06406000256538391 0.09507899731397632
v -0.001366000040434301 -0.06406000256538391 0.0990170016884804
v -0.0010000000474974513 -0.0644259974360466 0.0990170016884804
v -0.001366000040434301 -0.06356000155210495 0.09951700270175937
v -0.001366000040434301 -0.04636500030755997 0.09951700270175937
v -0.0010000000474974513 -0.06356000155210495 0.09988299757242206
v -0.0010000000474974513 -0.04636500030755997 0.09988299757242206
v -0.0010000000474974513 -0.06399299949407578 0.09976699948310855
v -0.001366000040434301 -0.06399299949407578 0.09926699846982959
v -0.001366000040434301 -0.06380999833345413 0.09944999963045123
v -0.0010000000474974513 -0.0643099993467331 0.09944999963045123
v -0.0005000000237487257 -0.06406000256538391 0.09988299757242206
v -0.0005000000237487257 -0.0644259974360466 0.09951700270175937
v 0.0005000000237487257 -0.06406000256538391 0.09988299757242206
v 0.0005000000237487257 -0.0644259974360466 0.09951700270175937
v 0.001424000016413629 -0.04636500030755997 0.09939999878406527
v 0.001424000016413629 -0.06356000155210495 0.09939999878406527
v 0.0012069999938830733 -0.04636500030755997 0.0997240021824837
v 0.0012069999938830733 -0.06356000155210495 0.0997240021824837
v 0.0008829999715089798 -0.04636500030755997 0.09994100034236911
v 0.0008829999715089798 -0.06356000155210495 0.09994100034236911
v 0.001424000016413629 -0.06389100104570389 0.09920799732208255
v 0.001424000016413629 -0.06394299864768982 0.0990170016884804
v 0.001424000016413629 -0.06375099718570709 0.09934800118207934
v 0.0008829999715089798 -0.06436000019311905 0.09947899729013446
v 0.0008829999715089798 -0.064021997153759 0.0998170003294945
v 0.0012069999938830733 -0.06391400098800659 0.09962899982929233
v 0.0012069999938830733 -0.06417199969291687 0.09937000274658206
v 0.0008829999715089798 -0.06448400020599365 0.0990170016884804
v 0.0010000000474974513 -0.0644259974360466 0.0990170016884804
v 0.0012069999938830733 -0.06426700204610825 0.0990170016884804
v 0.001366000040434301 -0.06406000256538391 0.0990170016884804
v 0.0010000000474974513 -0.0644259974360466 0.09507899731397632
v 0.001366000040434301 -0.06406000256538391 0.09507899731397632
v 0.0011230000527575612 -0.06428799778223038 0.09405399858951571
v 0.0008299999753944576 -0.06445100158452988 0.09405100345611575
v 0.0007099999929778278 -0.06503800302743912 0.08599399775266649
v 0.0010000000474974513 -0.0643720030784607 0.09405200183391574
v 0.0010000000474974513 -0.06492999941110611 0.08593700081110002
v 0.0012130000395700336 -0.0647680014371872 0.08588299900293352
v 0.001500000013038516 -0.06351800262928009 0.09406899660825732
v 0.0014750000555068254 -0.0637269988656044 0.09406500309705737
v 0.001366000040434301 -0.06400500237941742 0.09405899792909625
v 0.0013460000045597553 -0.0640380010008812 0.09405899792909625
v -0.026746999472379684 -0.06351800262928009 0.0777610018849373
v -0.026545999571681023 -0.06428799778223038 0.0780790001153946
v -0.019533000886440277 -0.06468699872493744 0.07384199649095537
v -0.01948300004005432 -0.0648690015077591 0.0740329995751381
v -0.026482999324798584 -0.0643720030784607 0.07818499952554704
v -0.026660999283194542 -0.0640380010008812 0.07788799703121187
v -0.0266720000654459 -0.06400500237941742 0.07787200063467027
v -0.02670300006866455 -0.06388700008392334 0.0778229981660843
v -0.02673099935054779 -0.0637269988656044 0.07778000086545946
v -0.019300999119877815 -0.06505800038576126 0.07455000281333925
v -0.02639699913561344 -0.06445100158452988 0.07833199948072435
v -0.019391000270843506 -0.06501500308513641 0.07431899756193162
v -0.01945500075817108 -0.06492999941110611 0.07412800192832948
v -0.027313999831676483 -0.06448400020599365 0.07880000025033952
v -0.02755500003695488 -0.06406000256538391 0.0783820003271103
v -0.027475999668240547 -0.06426700204610825 0.07851900160312654
v -0.027372000738978386 -0.0644259974360466 0.07869900017976762
v -0.027583999559283257 -0.06394299864768982 0.07833199948072435
v -0.03097900003194809 -0.06400900334119797 0.08032699674367906
v -0.03096500039100647 -0.06406000256538391 0.08034999668598176
v -0.030781999230384827 -0.0644259974360466 0.08066699653863908
v -0.03123600035905838 -0.06356000155210495 0.08038999885320665
v -0.031397998332977295 -0.04636500030755997 0.08060000091791154
v -0.031397998332977295 -0.06356000155210495 0.08060000091791154
v -0.03153200075030327 -0.06356000155210495 0.0811000019311905
v -0.03153200075030327 -0.04636500030755997 0.0811000019311905
v -0.03145499899983406 -0.06375200301408768 0.080766998231411
v -0.03123600035905838 -0.06417500227689743 0.08074499666690828
v -0.03145499899983406 -0.06389299780130386 0.08090800046920778
v -0.03145499899983406 -0.06394500285387039 0.0811000019311905
v -0.03145499899983406 -0.06389299780130386 0.08129300177097322
v -0.03128200024366379 -0.06406000256538391 0.08153299987316133
v -0.03123600035905838 -0.06417500227689743 0.08145599812269212
v -0.03096500039100647 -0.0644259974360466 0.08134999871253969
v -0.03135799989104271 -0.06386099755764008 0.08157700300216676
v -0.03145499899983406 -0.06375200301408768 0.0814339965581894
v -0.03123600035905838 -0.06391499936580658 0.08048500120639802
v -0.03123600035905838 -0.06426999717950821 0.0811000019311905
v -0.030907999724149704 -0.06448700278997421 0.0811000019311905
v -0.030907999724149704 -0.06436199694871902 0.08063700050115587
v -0.030876999720931053 -0.06378299742937088 0.08245400339365007
v -0.030781999230384827 -0.06406000256538391 0.08239900320768358
v -0.03065899945795536 -0.06424999982118607 0.08232799917459489
v -0.030559999868273735 -0.06435299664735794 0.08227100223302843
v -0.03046499937772751 -0.0644259974360466 0.08221600204706193
v -0.030294999480247498 -0.06451299786567688 0.08211799710989
v -0.029901999980211258 -0.04636500030755997 0.08295799791812898
v -0.029897000640630722 -0.06356000155210495 0.082956999540329
v -0.0302910003811121 -0.04636500030755997 0.08293200284242631
v -0.0302910003811121 -0.06356000155210495 0.08293200284242631
v -0.03064100071787834 -0.04636500030755997 0.08275999873876573
v -0.03064499981701374 -0.06356000155210495 0.08275700360536577
v -0.029897000640630722 -0.06394100189208984 0.08288100361824037
v -0.029782000929117203 -0.0644259974360466 0.08239900320768358
v -0.029897000640630722 -0.06447800248861313 0.08233900368213655
v -0.029657000675797462 -0.06422200053930283 0.08261600136756898
v -0.029897000640630722 -0.06426399946212769 0.08266399800777437
v -0.02959899976849556 -0.06406000256538391 0.0827160030603409
v -0.029562000185251236 -0.06390299648046494 0.08278000354766847
v -0.0302910003811121 -0.06445500254631042 0.08233000338077547
v -0.0302910003811121 -0.06424599885940552 0.0826459974050522
v -0.03064499981701374 -0.06412199884653091 0.08252300322055818
v -0.03064499981701374 -0.06386400014162064 0.08269599825143815
v -0.0302910003811121 -0.06393200159072876 0.08285800367593767
v -0.026372000575065613 -0.0644259974360466 0.08043099939823152
v -0.02618899941444397 -0.06406000256538391 0.08074799925088884
v -0.025314999744296074 -0.0640380010008812 0.08021999895572664
v -0.018306000158190727 -0.0647749975323677 0.07601299881935121
v -0.02530599944293499 -0.06400500237941742 0.0802379995584488
v -0.01830199919641018 -0.0647680014371872 0.07601699978113176
v -0.025422999635338783 -0.06428799778223038 0.08002399653196336
v -0.02548299916088581 -0.0643720030784607 0.07991699874401094
v -0.018439000472426414 -0.06491699814796448 0.07587700337171556
v -0.02556700073182583 -0.06445100158452988 0.07976900041103364
v -0.018535999581217766 -0.06498699635267258 0.07577099651098253
v -0.025256000459194183 -0.0637269988656044 0.08033499866724016
v -0.0252470001578331 -0.06351800262928009 0.08035899698734285
v 0.03180500119924545 -0.06395000219345093 0.04684200137853623
v 0.019533000886440277 -0.06468699872493744 0.054258000105619444
v 0.03196699917316437 -0.06358499825000763 0.0471710003912449
v 0.03189900144934654 -0.06379099935293198 0.04702699929475786
v 0.019512999802827835 -0.0647749975323677 0.054177999496459975
v 0.01948300004005432 -0.0648690015077591 0.054067000746727004
v 0.01941799931228161 -0.06498699635267258 0.053858000785112395
v 0.0324070006608963 -0.06392599642276764 0.04649399966001511
v 0.032590001821517944 -0.06356000155210495 0.04681099951267243
v 0.03317299857735634 -0.063509002327919 0.046507000923156745
v 0.03315899893641472 -0.06356000155210495 0.046482998877763755
v 0.032976001501083374 -0.06392599642276764 0.04616599902510644
v 0.03364900127053261 -0.06325200200080872 0.0454000011086464
v 0.03364900127053261 -0.0633929967880249 0.045540999621152885
v 0.03364900127053261 -0.06344500184059143 0.04573300108313561
v 0.03364900127053261 -0.0633929967880249 0.04592499881982804
v 0.03315899893641472 -0.06392599642276764 0.04548300057649613
v 0.03310199826955795 -0.06398700177669525 0.04573300108313561
v 0.03310199826955795 -0.06386200338602066 0.04619599878787995
v 0.03342999890446663 -0.06341499835252762 0.04634800180792809
v 0.03342999890446663 -0.06367500126361847 0.04608799889683724
v 0.03347599878907204 -0.06356000155210495 0.04529999941587449
v 0.03342999890446663 -0.06367500126361847 0.045377999544143684
v 0.03342999890446663 -0.06377000361680984 0.04573300108313561
v 0.03364900127053261 -0.06325200200080872 0.046066001057624824
v 0.03355199843645096 -0.06336099654436111 0.045256000012159354
v 0.030601000413298607 -0.06358499825000763 0.04480500146746636
v 0.01830199919641018 -0.0647680014371872 0.05208300054073335
v 0.018306000158190727 -0.0647749975323677 0.0520870015025139
v 0.030691999942064285 -0.06379099935293198 0.044936001300811775
v 0.018439000472426414 -0.06491699814796448 0.05222300067543985
v 0.03080499917268753 -0.06395000219345093 0.045109998434782035
v 0.018535999581217766 -0.06498699635267258 0.052329000085592284
v 0.032659001648426056 -0.06392599642276764 0.04461700096726418
v 0.03248799964785576 -0.06401299685239792 0.04471499845385552
v 0.03275400027632713 -0.06385300308465958 0.04456200078129769
v 0.03285299986600876 -0.0637499988079071 0.044505000114440925
v 0.032976001501083374 -0.06356000155210495 0.04443399980664254
v 0.033070001751184464 -0.06328299641609192 0.044380001723766334
v 0.031223999336361885 -0.06356000155210495 0.0444450005888939
v 0.03140699863433838 -0.06392599642276764 0.044762000441551215
v 0.03283800184726715 -0.06362199783325195 0.044310998171567924
v 0.03209099918603897 -0.06397800147533417 0.04449399933218957
v 0.0324850007891655 -0.06395500153303146 0.04450400173664094
v 0.03197599947452545 -0.06392599642276764 0.04443399980664254
v 0.03179299831390381 -0.06356000155210495 0.04411699995398522
v 0.031755998730659485 -0.06340300291776657 0.044052999466657645
v 0.03209099918603897 -0.06344100087881088 0.043951999396085746
v 0.0324850007891655 -0.06374599784612656 0.04418699815869332
v 0.03185100108385086 -0.06372199952602386 0.04421800002455712
v 0.03209099918603897 -0.06376399844884872 0.04416999965906144
v 0.0324850007891655 -0.0634320005774498 0.04397499933838845
v 0.03283800184726715 -0.06336399912834167 0.04413700103759766
v 0.02446799911558628 -0.06428500264883041 0.0795710012316704
v 0.018247000873088837 -0.06468699872493744 0.07607000321149827
v 0.018386999145150185 -0.0648690015077591 0.07593099772930147
v 0.024581000208854675 -0.06444399803876877 0.07939700037240983
v 0.024376999586820602 -0.06407900154590607 0.07970099896192552
v 0.024341000244021416 -0.06396199762821198 0.07974699884653093
v 0.01845500059425831 -0.06492999941110611 0.07586000114679338
v 0.018588999286293983 -0.06501500308513641 0.07570900022983552
v 0.024643000215291977 -0.06450200080871582 0.07929699867963792
v 0.025244999676942825 -0.0635949969291687 0.08035700023174287
v 0.02525399997830391 -0.06378000229597092 0.08033400028944017
v 0.02527800016105175 -0.06394299864768982 0.08028800040483476
v 0.025313999503850937 -0.06408999860286713 0.08022099733352663
v 0.025421999394893646 -0.0643410012125969 0.08002600073814393
v 0.02556600049138069 -0.0645039975643158 0.07976999878883363
v 0.029841000214219093 -0.06448400020599365 0.08229800313711168
v 0.02967900037765503 -0.06426700204610825 0.08257900178432466
v 0.029656000435352325 -0.06421999633312225 0.08261699974536897
v 0.029570000246167183 -0.06394299864768982 0.08276700228452684
v 0.029562000185251236 -0.06390000134706497 0.08278100192546846
v 0.029897000640630722 -0.06356000155210495 0.082956999540329
v 0.030031999573111534 -0.04636500030755997 0.08296599984169008
v 0.030031999573111534 -0.06356000155210495 0.08296599984169008
v 0.0302910003811121 -0.06356000155210495 0.08293200284242631
v 0.030532000586390495 -0.04636500030755997 0.0828320011496544
v 0.03064499981701374 -0.06356000155210495 0.08275700360536577
v 0.030532000586390495 -0.06356000155210495 0.0828320011496544
v 0.0302910003811121 -0.06424599885940552 0.0826459974050522
v 0.029897000640630722 -0.06426399946212769 0.08266399800777437
v 0.029897000640630722 -0.06447800248861313 0.08233900368213655
v 0.03064499981701374 -0.06386400014162064 0.08269599825143815
v 0.030876999720931053 -0.06378299742937088 0.08245400339365007
v 0.030559999868273735 -0.06435299664735794 0.08227100223302843
v 0.0302910003811121 -0.06445500254631042 0.08233000338077547
v 0.03046499937772751 -0.0644259974360466 0.08221600204706193
v 0.030294999480247498 -0.06451299786567688 0.08211799710989
v 0.029897000640630722 -0.06394100189208984 0.08288100361824037
v 0.0302910003811121 -0.06393200159072876 0.08285800367593767
v 0.03064499981701374 -0.06412199884653091 0.08252300322055818
v 0.03065899945795536 -0.06424999982118607 0.08232799917459489
v 0.030781999230384827 -0.06406000256538391 0.08239900320768358
v 0.03135799989104271 -0.06386099755764008 0.08157700300216676
v 0.03128200024366379 -0.06406000256538391 0.08153299987316133
v 0.03096500039100647 -0.0644259974360466 0.08134999871253969
v 0.03123600035905838 -0.06356000155210495 0.08038999885320665
v 0.03132599964737892 -0.04636500030755997 0.08049199730157854
v 0.03132599964737892 -0.06356000155210495 0.08049199730157854
v 0.03145499899983406 -0.06356000155210495 0.08071599900722505
v 0.03149800002574921 -0.04636500030755997 0.08084200322628023
v 0.03149800002574921 -0.06356000155210495 0.08084200322628023
v 0.03153200075030327 -0.06356000155210495 0.0811000019311905
v 0.03152399882674217 -0.04636500030755997 0.08123099803924562
v 0.03152399882674217 -0.06356000155210495 0.08123099803924562
v 0.03123600035905838 -0.06417500227689743 0.08145599812269212
v 0.03096500039100647 -0.06406000256538391 0.08034999668598176
v 0.030907999724149704 -0.06436199694871902 0.08063700050115587
v 0.030781999230384827 -0.0644259974360466 0.08066699653863908
v 0.03097900003194809 -0.06400900334119797 0.08032699674367906
v 0.03123600035905838 -0.06391499936580658 0.08048500120639802
v 0.030907999724149704 -0.06448700278997421 0.0811000019311905
v 0.03123600035905838 -0.06426999717950821 0.0811000019311905
v 0.03145499899983406 -0.06389299780130386 0.08129300177097322
v 0.03123600035905838 -0.06417500227689743 0.08074499666690828
v 0.03145499899983406 -0.06389299780130386 0.08090800046920778
v 0.03145499899983406 -0.06375200301408768 0.080766998231411
v 0.03145499899983406 -0.06375200301408768 0.0814339965581894
v 0.03145499899983406 -0.06394500285387039 0.0811000019311905
v 0.026744000613689423 -0.0635949969291687 0.07776000350713731
v 0.026729999110102654 -0.06378000229597092 0.07777900248765947
v 0.026670999825000763 -0.06406000256538391 0.07787100225687028
v 0.02666199952363968 -0.06408999860286713 0.07788699865341188
v 0.026545999571681023 -0.0643410012125969 0.07807800173759462
v 0.026482999324798584 -0.0644259974360466 0.07818499952554704
v 0.02639699913561344 -0.0645039975643158 0.07833100110292436
v 0.025743000209331512 -0.06407900154590607 0.07733500003814699
v 0.01951500028371811 -0.0647680014371872 0.07391600310802461
v 0.02558100037276745 -0.06444399803876877 0.07766500115394594
v 0.01945500075817108 -0.06492999941110611 0.07412800192832948
v 0.019359000027179718 -0.06503800302743912 0.0744059979915619
v -0.03196699917316437 -0.06358499825000763 0.0471710003912449
v -0.01951500028371811 -0.0647680014371872 0.0541840009391308
v -0.03180500119924545 -0.06395000219345093 0.04684200137853623
v -0.01945500075817108 -0.06492999941110611 0.05397199839353563
v -0.019359000027179718 -0.06503800302743912 0.05369399860501291
v -0.032590001821517944 -0.06356000155210495 0.04681099951267243
v -0.0324070006608963 -0.06392599642276764 0.04649399966001511
v -0.032976001501083374 -0.06392599642276764 0.04616599902510644
v -0.03315899893641472 -0.06356000155210495 0.046482998877763755
v -0.03317299857735634 -0.063509002327919 0.046507000923156745
v -0.03364900127053261 -0.06344500184059143 0.04573300108313561
v -0.03364900127053261 -0.0633929967880249 0.04592499881982804
v -0.03364900127053261 -0.0633929967880249 0.045540999621152885
v -0.03364900127053261 -0.06325200200080872 0.0454000011086464
v -0.03342999890446663 -0.06341499835252762 0.04634800180792809
v -0.03342999890446663 -0.06377000361680984 0.04573300108313561
v -0.03310199826955795 -0.06386200338602066 0.04619599878787995
v -0.03342999890446663 -0.06367500126361847 0.04608799889683724
v -0.03315899893641472 -0.06392599642276764 0.04548300057649613
v -0.03310199826955795 -0.06398700177669525 0.04573300108313561
v -0.03364900127053261 -0.06325200200080872 0.046066001057624824
v -0.03342999890446663 -0.06367500126361847 0.045377999544143684
v -0.03355199843645096 -0.06336099654436111 0.045256000012159354
v -0.03347599878907204 -0.06356000155210495 0.04529999941587449
v -0.030601000413298607 -0.06358499825000763 0.04480500146746636
v -0.01845500059425831 -0.06492999941110611 0.05223999917507173
v -0.03080499917268753 -0.06395000219345093 0.045109998434782035
v -0.018386999145150185 -0.0648690015077591 0.052168998867273345
v -0.018247000873088837 -0.06468699872493744 0.052030000835657134
v -0.018743999302387238 -0.06505800038576126 0.05258499830961229
v -0.018588999286293983 -0.06501500308513641 0.052391000092029585
v -0.03248799964785576 -0.06401299685239792 0.04471499845385552
v -0.032659001648426056 -0.06392599642276764 0.04461700096726418
v -0.03275400027632713 -0.06385300308465958 0.04456200078129769
v -0.03285299986600876 -0.0637499988079071 0.044505000114440925
v -0.033070001751184464 -0.06328299641609192 0.044380001723766334
v -0.032976001501083374 -0.06356000155210495 0.04443399980664254
v -0.03140699863433838 -0.06392599642276764 0.044762000441551215
v -0.031223999336361885 -0.06356000155210495 0.0444450005888939
v -0.03283800184726715 -0.06362199783325195 0.044310998171567924
v -0.0324850007891655 -0.06395500153303146 0.04450400173664094
v -0.03209099918603897 -0.06397800147533417 0.04449399933218957
v -0.03197599947452545 -0.06392599642276764 0.04443399980664254
v -0.03209099918603897 -0.06376399844884872 0.04416999965906144
v -0.03185100108385086 -0.06372199952602386 0.04421800002455712
v -0.03179299831390381 -0.06356000155210495 0.04411699995398522
v -0.03209099918603897 -0.06344100087881088 0.043951999396085746
v -0.031755998730659485 -0.06340300291776657 0.044052999466657645
v -0.03283800184726715 -0.06336399912834167 0.04413700103759766
v -0.0324850007891655 -0.06374599784612656 0.04418699815869332
v -0.0324850007891655 -0.0634320005774498 0.04397499933838845
v 0.0009980000322684646 -0.06395699828863144 0.027992999181151397
v 0.0013299999991431832 -0.0636259987950325 0.02768299914896489
v 0.001095999963581562 -0.0648690015077591 0.0421850010752678
v 0.0013650000328198075 -0.06356800347566605 0.027651999145746238
v 0.0012860000133514404 -0.06468699872493744 0.042238000780344016
v 0.0014509999891743064 -0.06336800009012222 0.027579000219702728
v 0.0008030000026337802 -0.06501500308513641 0.04212199896574021
v 0.0010000000474974513 -0.06492999941110611 0.04216299951076508
v 0.0009699999936856329 -0.06397499889135361 0.02802000008523465
v -0.0014509999891743064 -0.06336800009012222 0.027579000219702728
v -0.001366000040434301 -0.06356599926948547 0.02765100076794625
v -0.0010000000474974513 -0.06395599991083145 0.027991000562906272
v -0.0007099999929778278 -0.06503800302743912 0.04210599884390832
v -0.0010000000474974513 -0.06492999941110611 0.04216299951076508
v -0.0013269999762997031 -0.06363099813461304 0.0276859998703003
v -0.0012130000395700336 -0.0647680014371872 0.042217001318931587
v -0.03312699869275093 -0.04016000032424927 0.05370299890637399
v 0.032604001462459564 -0.04016000032424927 0.05000500008463861
v 0.033573001623153687 -0.04016000032424927 0.05251200124621393
v -0.032604001462459564 -0.04016000032424927 0.05000500008463861
v -0.033573001623153687 -0.04016000032424927 0.05251200124621393
v 0.03312699869275093 -0.04016000032424927 0.05370299890637399
v -0.033619001507759094 -0.04016000032424927 0.052965000271797194
v -0.033459000289440155 -0.04016000032424927 0.053392000496387496
v 0.033459000289440155 -0.04016000032424927 0.053392000496387496
v 0.033619001507759094 -0.04016000032424927 0.052965000271797194
v -0.03337699919939041 -0.04029399901628494 0.054136000573635115
v -0.033560000360012054 -0.04066000133752823 0.05445300042629243
v -0.0338749997317791 -0.04029399901628494 0.05366899818181993
v -0.03418000042438507 -0.04066000133752823 0.053872000426054015
v -0.03411500155925751 -0.04029399901628494 0.05302900075912477
v -0.03447800129652023 -0.04066000133752823 0.053075999021530165
v -0.034046001732349396 -0.04029399901628494 0.052349999547004714
v -0.03439199924468994 -0.04066000133752823 0.052230998873710646
v -0.03339900076389313 -0.04066000133752823 0.049662001430988326
v -0.033062998205423355 -0.04029399901628494 0.04980700090527536
v 0.033560000360012054 -0.04066000133752823 0.05445300042629243
v 0.03337699919939041 -0.04029399901628494 0.054136000573635115
v 0.034046001732349396 -0.04029399901628494 0.052349999547004714
v 0.03411500155925751 -0.04029399901628494 0.05302900075912477
v 0.03439199924468994 -0.04066000133752823 0.052230998873710646
v 0.03447800129652023 -0.04066000133752823 0.053075999021530165
v 0.0338749997317791 -0.04029399901628494 0.05366899818181993
v 0.03418000042438507 -0.04066000133752823 0.053872000426054015
v 0.033062998205423355 -0.04029399901628494 0.04980700090527536
v 0.03339900076389313 -0.04066000133752823 0.049662001430988326
v 0.024000000208616257 -0.05316000059247017 0.06404999643564226
v 0.023245999589562416 -0.05316000059247017 0.058081001043319716
v 0.021030999720096588 -0.05316000059247017 0.05248799920082094
v 0.01749500073492527 -0.05316000059247017 0.04762100055813791
v 0.012860000133514404 -0.05316000059247017 0.04378600046038628
v 0.007416000124067068 -0.05316000059247017 0.04122500121593476
v 0.0015069999499246478 -0.05316000059247017 0.04009699821472169
v -0.004497000016272068 -0.05316000059247017 0.04047499969601632
v -0.010219000279903412 -0.05316000059247017 0.04233400151133538
v -0.015297999605536461 -0.05316000059247017 0.045558001846075065
v -0.019416000694036484 -0.05316000059247017 0.04994300007820131
v -0.022314999252557755 -0.05316000059247017 0.05521500110626222
v -0.02381099946796894 -0.05316000059247017 0.06104199960827829
v -0.02381099946796894 -0.05316000059247017 0.06705799698829652
v -0.022314999252557755 -0.05316000059247017 0.07288499921560289
v -0.019416000694036484 -0.05316000059247017 0.0781570002436638
v -0.015297999605536461 -0.05316000059247017 0.08254200220108034
v -0.010219000279903412 -0.05316000059247017 0.08576600253582002
v -0.004497000016272068 -0.05316000059247017 0.08762499690055849
v 0.0015069999499246478 -0.05316000059247017 0.08800300210714342
v 0.007416000124067068 -0.05316000059247017 0.08687499910593034
v 0.012860000133514404 -0.05316000059247017 0.08431400358676912
v 0.01749500073492527 -0.05316000059247017 0.0804790034890175
v 0.021030999720096588 -0.05316000059247017 0.07561200112104417
v 0.023245999589562416 -0.05316000059247017 0.0700189992785454
v -0.0023089998867362738 -0.06505300104618073 0.05018800124526025
v -0.002248999895527959 -0.06509300321340561 0.05015499889850618
v -0.0022499999031424522 -0.06509300321340561 0.05625599995255472
v -0.0020039998926222324 -0.06515999883413315 0.050016999244689955
v -0.0021689999848604202 -0.06513100117444992 0.05011000111699106
v -0.002432999899610877 -0.06491000205278397 0.05625599995255472
v -0.0024770000018179417 -0.06481099873781204 0.05027899891138078
v -0.002432999899610877 -0.06491000205278397 0.05025599896907808
v -0.0024109999649226665 -0.06494399905204773 0.05024399980902673
v -0.0023610000498592854 -0.06509300321340561 0.05008399859070779
v -0.0024629998952150345 -0.06491000205278397 0.050236001610755934
v -0.0030960000585764647 -0.06509300321340561 0.049460999667644515
v -0.0036720000207424164 -0.06509300321340561 0.048689000308513655
v -0.00406000018119812 -0.06509300321340561 0.04780700057744981
v -0.004238999914377928 -0.06509300321340561 0.04686100035905839
v -0.00419999985024333 -0.06509300321340561 0.04589800164103509
v -0.0039450000040233135 -0.06509300321340561 0.04496899992227555
v -0.003488000016659498 -0.06509300321340561 0.04412100091576577
v -0.0028510000556707382 -0.06509300321340561 0.04339800029993058
v -0.002093000104650855 -0.06509300321340561 0.04285100102424622
v -0.0012339999666437507 -0.06509300321340561 0.04248299822211266
v -0.003229999914765358 -0.06491000205278397 0.04958700016140939
v -0.0038300000596791506 -0.06491000205278397 0.04878100007772447
v -0.004234999883919954 -0.06491000205278397 0.04786099866032602
v -0.004420999903231859 -0.06491000205278397 0.04687400162220002
v -0.004381000064313412 -0.06491000205278397 0.04586999863386155
v -0.0041149999015033245 -0.06491000205278397 0.044900998473167426
v -0.0036379999946802855 -0.06491000205278397 0.04401699826121331
v -0.002974000060930848 -0.06491000205278397 0.04326299950480462
v -0.0021840000990778208 -0.06491000205278397 0.04269199818372727
v -0.0012870000209659338 -0.06491000205278397 0.042307998985052116
v -0.005625000223517418 -0.06509300321340561 0.05820399895310403
v -0.0044999998062849045 -0.06509300321340561 0.058506000787019743
v -0.005532999988645315 -0.06491000205278397 0.05804599821567537
v -0.0044999998062849045 -0.06491000205278397 0.0583229996263981
v -0.003467000089585781 -0.06491000205278397 0.05804599821567537
v -0.0027099999133497477 -0.06491000205278397 0.057289000600576415
v -0.003375000087544322 -0.06509300321340561 0.05820399895310403
v -0.0025510000996291637 -0.06509300321340561 0.05738100036978723
v -0.0011680000461637974 -0.064970001578331 0.042300999164581306
v -0.0010860000038519502 -0.06510999798774719 0.04245499894022942
v -0.0009619999909773469 -0.06504599750041962 0.04226100072264672
v -0.0006730000022798777 -0.06510499864816666 0.042197000235319145
v -0.0004910000134259462 -0.06511399894952774 0.04216999933123589
v -0.0008789999992586672 -0.06513100117444992 0.04238500073552132
v -0.0006300000241026282 -0.06514599919319153 0.04230000078678132
v -0.0004799999878741801 -0.0651480033993721 0.04227099940180779
v -0.010688000358641148 -0.06481099873781204 0.05502000078558923
v -0.010730000212788582 -0.06491000205278397 0.0550459995865822
v -0.010750999674201012 -0.06494399905204773 0.05505900084972383
v -0.010851000435650349 -0.06505300104618073 0.055119998753070845
v -0.011150999926030636 -0.06515999883413315 0.05529800057411195
v -0.010987999849021435 -0.06513100117444992 0.05520199984312059
v -0.010909000411629677 -0.06509300321340561 0.05515500158071519
v 0.0004290000069886446 -0.06513399630784988 0.042213998734951026
v 0.00048600000445730984 -0.06513399630784988 0.04222000017762185
v -0.010910999961197376 -0.06491000205278397 0.054021000862121596
v -0.011086000129580498 -0.06509300321340561 0.054074000567197814
v -0.011466999538242817 -0.06509300321340561 0.05318899825215341
v -0.012036999687552452 -0.06509300321340561 0.0524130016565323
v -0.012767000123858452 -0.06509300321340561 0.05178499966859819
v -0.013620000332593918 -0.06509300321340561 0.05133699998259546
v -0.014551999978721142 -0.06509300321340561 0.0510930009186268
v -0.015514999628067017 -0.06509300321340561 0.05106500163674356
v -0.01645899936556816 -0.06509300321340561 0.051254998892545714
v -0.017311999574303627 -0.06509300321340561 0.05163799971342088
v -0.018060000613331795 -0.06509300321340561 0.05219800025224687
v -0.011308000423014164 -0.06491000205278397 0.05309800058603288
v -0.011901999823749065 -0.06491000205278397 0.05228799954056741
v -0.012663999572396278 -0.06491000205278397 0.051633000373840346
v -0.013554000295698643 -0.06491000205278397 0.05116600170731546
v -0.014526000246405602 -0.06491000205278397 0.05091200023889543
v -0.015530000440776348 -0.06491000205278397 0.050882998853921904
v -0.01651499979197979 -0.06491000205278397 0.05108100175857545
v -0.01740499958395958 -0.06491000205278397 0.05147999897599222
v -0.018185000866651535 -0.06491000205278397 0.052064001560211196
v 0.0005210000090301037 -0.0651480033993721 0.042277000844478614
v 0.000539999979082495 -0.06511399894952774 0.042176000773906715
v 0.0010359999723732471 -0.06502299755811691 0.0422779992222786
v 0.0007539999787695706 -0.0650940015912056 0.04221300035715104
v 0.0012600000482052565 -0.06492500007152557 0.0423090010881424
v 0.0012870000209659338 -0.06491000205278397 0.042307998985052116
v 0.0006980000180192292 -0.06514299660921097 0.04231999814510346
v 0.0009490000084042549 -0.06512399762868881 0.04241099953651429
v 0.0011970000341534615 -0.06509699672460556 0.04247900098562241
v 0.0012339999666437507 -0.06509300321340561 0.04248299822211266
v -0.01862099952995777 -0.0651480033993721 0.05274499952793123
v -0.018703000620007515 -0.06511399894952774 0.0526850000023842
v -0.01867399923503399 -0.06511399894952774 0.052645001560449614
v -0.018595999106764793 -0.0651480033993721 0.05271200090646745
v -0.018338000401854515 -0.06502299755811691 0.05226700007915498
v -0.018533999100327492 -0.0650940015912056 0.05247899889945985
v -0.018199000507593155 -0.06492500007152557 0.05208799988031389
v -0.018470000475645065 -0.06514299660921097 0.05257999897003175
v -0.018264999613165855 -0.06512399762868881 0.05240799859166147
v -0.0180830005556345 -0.06509699672460556 0.052228000015020384
v 0.002248999895527959 -0.06509300321340561 0.05015499889850618
v 0.0021689999848604202 -0.06513100117444992 0.05011000111699106
v 0.0020039998926222324 -0.06515999883413315 0.050016999244689955
v 0.002432999899610877 -0.06491000205278397 0.05025599896907808
v 0.0024109999649226665 -0.06494399905204773 0.05024399980902673
v 0.0030960000585764647 -0.06509300321340561 0.049460999667644515
v 0.0023089998867362738 -0.06505300104618073 0.05018800124526025
v 0.0024770000018179417 -0.06481099873781204 0.05027899891138078
v 0.003229999914765358 -0.06491000205278397 0.04958700016140939
v 0.0036720000207424164 -0.06509300321340561 0.048689000308513655
v 0.00406000018119812 -0.06509300321340561 0.04780700057744981
v 0.004238999914377928 -0.06509300321340561 0.04686100035905839
v 0.00419999985024333 -0.06509300321340561 0.04589800164103509
v 0.0039450000040233135 -0.06509300321340561 0.04496899992227555
v 0.003488000016659498 -0.06509300321340561 0.04412100091576577
v 0.0028510000556707382 -0.06509300321340561 0.04339800029993058
v 0.002093000104650855 -0.06509300321340561 0.04285100102424622
v 0.0038300000596791506 -0.06491000205278397 0.04878100007772447
v 0.004234999883919954 -0.06491000205278397 0.04786099866032602
v 0.004420999903231859 -0.06491000205278397 0.04687400162220002
v 0.004381000064313412 -0.06491000205278397 0.04586999863386155
v 0.0041149999015033245 -0.06491000205278397 0.044900998473167426
v 0.0036379999946802855 -0.06491000205278397 0.04401699826121331
v 0.002974000060930848 -0.06491000205278397 0.04326299950480462
v 0.0021840000990778208 -0.06491000205278397 0.04269199818372727
v -0.018696000799536705 -0.06513399630784988 0.05276000127196313
v -0.019147999584674835 -0.06513399630784988 0.0535550005733967
v 0.002432999899610877 -0.06491000205278397 0.05625599995255472
v 0.0022499999031424522 -0.06509300321340561 0.05625599995255472
v -0.0194729994982481 -0.06491000205278397 0.05429400131106378
v -0.019294999539852142 -0.06509300321340561 0.05433500185608865
v -0.019245000556111336 -0.06510999798774719 0.05419399961829187
v -0.01920199953019619 -0.06513100117444992 0.05397899821400644
v -0.019151000306010246 -0.06514599919319153 0.05372000113129617
v -0.019418999552726746 -0.064970001578331 0.05418799817562105
v -0.01935099996626377 -0.06504599750041962 0.05398799851536752
v -0.019262000918388367 -0.06510499864816666 0.05370600149035455
v 0.0025510000996291637 -0.06509300321340561 0.05738100036978723
v 0.0027099999133497477 -0.06491000205278397 0.057289000600576415
v 0.003467000089585781 -0.06491000205278397 0.05804599821567537
v 0.0044999998062849045 -0.06491000205278397 0.0583229996263981
v 0.005532999988645315 -0.06491000205278397 0.05804599821567537
v 0.003375000087544322 -0.06509300321340561 0.05820399895310403
v 0.0044999998062849045 -0.06509300321340561 0.058506000787019743
v 0.005625000223517418 -0.06509300321340561 0.05820399895310403
v -0.013156999833881855 -0.06513100117444992 0.05895800143480302
v -0.013158000074326992 -0.06509300321340561 0.059050999581813826
v -0.013275999575853348 -0.06509300321340561 0.05911200121045114
v -0.013159000314772129 -0.06505300104618073 0.059117998927831664
v -0.013162000104784966 -0.06494399905204773 0.05923499912023546
v -0.013194999657571316 -0.06491000205278397 0.05927599966526033
v -0.013163000345230103 -0.06491000205278397 0.059259999543428435
v -0.013163999654352665 -0.06481099873781204 0.059308998286724104
v -0.013155000284314156 -0.06515999883413315 0.05876899883151056
v -0.014182000420987606 -0.06509300321340561 0.059436999261379256
v -0.015138999558985233 -0.06509300321340561 0.0595499984920025
v -0.016095999628305435 -0.06509300321340561 0.05944500118494035
v -0.017006000503897667 -0.06509300321340561 0.05912600085139276
v -0.017820000648498535 -0.06509300321340561 0.05861100181937219
v -0.018496999517083168 -0.06509300321340561 0.05792599916458131
v -0.019003000110387802 -0.06509300321340561 0.05710599943995477
v -0.0193099994212389 -0.06509300321340561 0.05619300156831743
v -0.019404999911785126 -0.06509300321340561 0.05526399984955789
v -0.014139999635517597 -0.06491000205278397 0.05961500108242036
v -0.015138000249862671 -0.06491000205278397 0.059732999652624144
v -0.016137000173330307 -0.06491000205278397 0.05962299928069116
v -0.017085000872612 -0.06491000205278397 0.059291001409292235
v -0.017934000119566917 -0.06491000205278397 0.05875400081276895
v -0.018641000613570213 -0.06491000205278397 0.05803899839520456
v -0.019168000668287277 -0.06491000205278397 0.05718399956822397
v -0.019488999620079994 -0.06491000205278397 0.056232001632452025
v -0.01958799920976162 -0.06491000205278397 0.055261999368667616
v 0.010851000435650349 -0.06505300104618073 0.055119998753070845
v 0.010909000411629677 -0.06509300321340561 0.05515500158071519
v 0.011150999926030636 -0.06515999883413315 0.05529800057411195
v 0.010987999849021435 -0.06513100117444992 0.05520199984312059
v 0.010688000358641148 -0.06481099873781204 0.05502000078558923
v 0.010730000212788582 -0.06491000205278397 0.0550459995865822
v 0.010750999674201012 -0.06494399905204773 0.05505900084972383
v -0.00787500012665987 -0.06509300321340561 0.06210099905729295
v -0.007966999895870686 -0.06491000205278397 0.062259998172521605
v 0.01091499999165535 -0.06509300321340561 0.055022001266479506
v 0.010731999762356281 -0.06491000205278397 0.05500999838113786
v 0.011086000129580498 -0.06509300321340561 0.054074000567197814
v 0.011466999538242817 -0.06509300321340561 0.05318899825215341
v 0.012036999687552452 -0.06509300321340561 0.0524130016565323
v 0.012767000123858452 -0.06509300321340561 0.05178499966859819
v 0.013620000332593918 -0.06509300321340561 0.05133699998259546
v 0.014551999978721142 -0.06509300321340561 0.0510930009186268
v 0.015514999628067017 -0.06509300321340561 0.05106500163674356
v 0.01645899936556816 -0.06509300321340561 0.051254998892545714
v 0.017311999574303627 -0.06509300321340561 0.05163799971342088
v 0.018060000613331795 -0.06509300321340561 0.05219800025224687
v 0.010910999961197376 -0.06491000205278397 0.054021000862121596
v 0.011308000423014164 -0.06491000205278397 0.05309800058603288
v 0.011901999823749065 -0.06491000205278397 0.05228799954056741
v 0.012663999572396278 -0.06491000205278397 0.051633000373840346
v 0.013554000295698643 -0.06491000205278397 0.05116600170731546
v 0.014526000246405602 -0.06491000205278397 0.05091200023889543
v 0.015530000440776348 -0.06491000205278397 0.050882998853921904
v 0.01651499979197979 -0.06491000205278397 0.05108100175857545
v 0.01740499958395958 -0.06491000205278397 0.05147999897599222
v 0.018185000866651535 -0.06491000205278397 0.052064001560211196
v -0.00787500012665987 -0.06509300321340561 0.06599900126457216
v -0.007050999905914068 -0.06509300321340561 0.06517499685287477
v -0.007966999895870686 -0.06491000205278397 0.0658399984240532
v -0.007209999952465296 -0.06491000205278397 0.06508299708366395
v -0.006932999938726425 -0.06491000205278397 0.06404999643564226
v -0.007209999952465296 -0.06491000205278397 0.06301700323820116
v -0.006750000175088644 -0.06509300321340561 0.06404999643564226
v -0.007050999905914068 -0.06509300321340561 0.06292500346899034
v 0.018250999972224236 -0.064970001578331 0.05216399952769281
v 0.018157999962568283 -0.06510999798774719 0.0523120015859604
v 0.01838899962604046 -0.06504599750041962 0.05232299864292146
v 0.018588999286293983 -0.06510499864816666 0.052540998905897154
v 0.018703000620007515 -0.06511399894952774 0.0526850000023842
v 0.018323000520467758 -0.06513100117444992 0.05245599895715715
v 0.01852099969983101 -0.06514599919319153 0.05262900143861772
v 0.01862099952995777 -0.0651480033993721 0.05274499952793123
v -0.013163999654352665 -0.06481099873781204 0.068791002035141
v -0.013163000345230103 -0.06491000205278397 0.06883999705314638
v -0.013162000104784966 -0.06494399905204773 0.06886500120162965
v -0.013159000314772129 -0.06505300104618073 0.06898199766874315
v -0.013155000284314156 -0.06515999883413315 0.06933099776506425
v -0.013156999833881855 -0.06513100117444992 0.06914199888706209
v -0.013158000074326992 -0.06509300321340561 0.06904999911785127
v 0.01912499964237213 -0.06513399630784988 0.05350400134921075
v 0.019147999584674835 -0.06513399630784988 0.0535550005733967
v -0.014139999635517597 -0.06491000205278397 0.06848499923944475
v -0.014182000420987606 -0.06509300321340561 0.06866300106048585
v -0.015138999558985233 -0.06509300321340561 0.06854999810457231
v -0.016095999628305435 -0.06509300321340561 0.06865499913692476
v -0.017006000503897667 -0.06509300321340561 0.06897400319576265
v -0.017820000648498535 -0.06509300321340561 0.06948900222778322
v -0.018496999517083168 -0.06509300321340561 0.0701740011572838
v -0.019003000110387802 -0.06509300321340561 0.07099399715662004
v -0.0193099994212389 -0.06509300321340561 0.07190699875354768
v -0.019404999911785126 -0.06509300321340561 0.07283599674701692
v -0.019294999539852142 -0.06509300321340561 0.07376500219106676
v -0.015138000249862671 -0.06491000205278397 0.06836699694395067
v -0.016137000173330307 -0.06491000205278397 0.06847699731588365
v -0.017085000872612 -0.06491000205278397 0.06880900263786317
v -0.017934000119566917 -0.06491000205278397 0.06934600323438646
v -0.018641000613570213 -0.06491000205278397 0.07006099820137025
v -0.019168000668287277 -0.06491000205278397 0.07091599702835084
v -0.019488999620079994 -0.06491000205278397 0.07186800241470338
v -0.01958799920976162 -0.06491000205278397 0.0728380009531975
v -0.0194729994982481 -0.06491000205278397 0.07380600273609163
v 0.019116999581456184 -0.0651480033993721 0.053614001721143736
v 0.019214000552892685 -0.06511399894952774 0.05358099937438966
v 0.019287999719381332 -0.0650940015912056 0.053784999996423735
v 0.01945899985730648 -0.06492500007152557 0.054271001368761076
v 0.019372999668121338 -0.06502299755811691 0.05406099930405618
v 0.0194729994982481 -0.06491000205278397 0.05429400131106378
v 0.019168000668287277 -0.06514299660921097 0.05378900095820428
v 0.019215000793337822 -0.06512399762868881 0.0540519990026951
v 0.019279999658465385 -0.06509699672460556 0.05430100113153459
v 0.019294999539852142 -0.06509300321340561 0.05433500185608865
v -0.01910099945962429 -0.0651480033993721 0.074523001909256
v -0.019193999469280243 -0.06511399894952774 0.07456500083208085
v -0.019214000552892685 -0.06511399894952774 0.07451900094747545
v -0.019116999581456184 -0.0651480033993721 0.07448600232601167
v -0.019372999668121338 -0.06502299755811691 0.07403899729251863
v -0.019287999719381332 -0.0650940015912056 0.07431499660015108
v -0.01945899985730648 -0.06492500007152557 0.07382900267839433
v -0.019168000668287277 -0.06514299660921097 0.07431100308895112
v -0.019215000793337822 -0.06512399762868881 0.07404799759387971
v -0.019279999658465385 -0.06509699672460556 0.07379899919033052
v 0.013155000284314156 -0.06515999883413315 0.05876899883151056
v 0.013156999833881855 -0.06513100117444992 0.05895800143480302
v 0.013163000345230103 -0.06491000205278397 0.059259999543428435
v 0.013162000104784966 -0.06494399905204773 0.05923499912023546
v 0.014182000420987606 -0.06509300321340561 0.059436999261379256
v 0.013159000314772129 -0.06505300104618073 0.059117998927831664
v 0.013158000074326992 -0.06509300321340561 0.059050999581813826
v 0.013163999654352665 -0.06481099873781204 0.059308998286724104
v 0.014139999635517597 -0.06491000205278397 0.05961500108242036
v 0.017006000503897667 -0.06509300321340561 0.05912600085139276
v 0.016095999628305435 -0.06509300321340561 0.05944500118494035
v 0.015138999558985233 -0.06509300321340561 0.0595499984920025
v 0.018496999517083168 -0.06509300321340561 0.05792599916458131
v 0.017820000648498535 -0.06509300321340561 0.05861100181937219
v 0.019003000110387802 -0.06509300321340561 0.05710599943995477
v 0.0193099994212389 -0.06509300321340561 0.05619300156831743
v 0.019404999911785126 -0.06509300321340561 0.05526399984955789
v 0.015138000249862671 -0.06491000205278397 0.059732999652624144
v 0.016137000173330307 -0.06491000205278397 0.05962299928069116
v 0.017085000872612 -0.06491000205278397 0.059291001409292235
v 0.017934000119566917 -0.06491000205278397 0.05875400081276895
v 0.018641000613570213 -0.06491000205278397 0.05803899839520456
v 0.019168000668287277 -0.06491000205278397 0.05718399956822397
v 0.019488999620079994 -0.06491000205278397 0.056232001632452025
v 0.01958799920976162 -0.06491000205278397 0.055261999368667616
v -0.01912499964237213 -0.06513399630784988 0.07459600269794465
v -0.01866300031542778 -0.06513399630784988 0.07538600265979768
v -0.018722999840974808 -0.0651020035147667 0.07542899996042253
v -0.018598999828100204 -0.06515300273895264 0.07534000277519227
v 0.007966999895870686 -0.06491000205278397 0.062259998172521605
v 0.00787500012665987 -0.06509300321340561 0.06210099905729295
v -0.01840299926698208 -0.06501799821853638 0.07580599933862688
v -0.01813100092113018 -0.06513199955224991 0.07574400305747987
v -0.018268000334501266 -0.06492400169372559 0.07596399635076524
v -0.018205000087618828 -0.06485100090503693 0.07605700194835664
v -0.01802000030875206 -0.06512200087308884 0.07585900276899339
v -0.018060000613331795 -0.06509300321340561 0.07590200006961824
v -0.018208999186754227 -0.06504999846220016 0.07586900144815446
v -0.01813100092113018 -0.06501399725675583 0.07597800344228746
v -0.018185000866651535 -0.06491000205278397 0.07603599876165391
v -0.01830499991774559 -0.06514299660921097 0.07560700178146364
v -0.018357999622821808 -0.06509499996900558 0.07571399956941606
v -0.018503999337553978 -0.06515199691057205 0.07544799894094469
v -0.018556000664830208 -0.06512899696826935 0.07551600039005281
v -0.018604999408125877 -0.06509000062942505 0.07558000087738038
v 0.007050999905914068 -0.06509300321340561 0.06292500346899034
v 0.007209999952465296 -0.06491000205278397 0.06301700323820116
v 0.006932999938726425 -0.06491000205278397 0.06404999643564226
v 0.007209999952465296 -0.06491000205278397 0.06508299708366395
v 0.007966999895870686 -0.06491000205278397 0.0658399984240532
v 0.006750000175088644 -0.06509300321340561 0.06404999643564226
v 0.007050999905914068 -0.06509300321340561 0.06517499685287477
v 0.00787500012665987 -0.06509300321340561 0.06599900126457216
v -0.010987999849021435 -0.06513100117444992 0.07289800047874452
v -0.010909000411629677 -0.06509300321340561 0.07294499874114992
v -0.01091499999165535 -0.06509300321340561 0.0730779990553856
v -0.010851000435650349 -0.06505300104618073 0.07298000156879426
v -0.01080700010061264 -0.06501399725675583 0.07300700247287752
v -0.010750999674201012 -0.06494399905204773 0.07304099947214128
v -0.010731999762356281 -0.06491000205278397 0.07309000194072725
v -0.010730000212788582 -0.06491000205278397 0.07305400073528291
v -0.010688000358641148 -0.06481099873781204 0.07308000326156618
v -0.011150999926030636 -0.06515999883413315 0.07280199974775316
v -0.017311999574303627 -0.06509300321340561 0.07646200060844423
v -0.01740499958395958 -0.06491000205278397 0.0766199976205826
v -0.011086000129580498 -0.06509300321340561 0.0740260034799576
v -0.011466999538242817 -0.06509300321340561 0.0749109983444214
v -0.012036999687552452 -0.06509300321340561 0.07568699866533281
v -0.012767000123858452 -0.06509300321340561 0.07631500065326692
v -0.013620000332593918 -0.06509300321340561 0.07676299661397935
v -0.014551999978721142 -0.06509300321340561 0.07700700312852861
v -0.015514999628067017 -0.06509300321340561 0.07703500241041185
v -0.01645899936556816 -0.06509300321340561 0.0768449977040291
v -0.010910999961197376 -0.06491000205278397 0.07407899945974351
v -0.011308000423014164 -0.06491000205278397 0.07500199973583223
v -0.011901999823749065 -0.06491000205278397 0.0758119970560074
v -0.012663999572396278 -0.06491000205278397 0.07646699994802476
v -0.013554000295698643 -0.06491000205278397 0.07693400233983995
v -0.014526000246405602 -0.06491000205278397 0.07718800008296968
v -0.015530000440776348 -0.06491000205278397 0.07721699774265291
v -0.01651499979197979 -0.06491000205278397 0.07701899856328966
v 0.013155000284314156 -0.06515999883413315 0.06933099776506425
v 0.013159999623894691 -0.06501399725675583 0.0689309984445572
v 0.013159000314772129 -0.06505300104618073 0.06898199766874315
v 0.013158000074326992 -0.06509300321340561 0.06904900074005128
v 0.013156999833881855 -0.06513100117444992 0.06914199888706209
v 0.013163999654352665 -0.06481099873781204 0.068791002035141
v 0.013163999654352665 -0.06485199928283691 0.0688069984316826
v 0.013163000345230103 -0.06491000205278397 0.06883999705314638
v 0.013162000104784966 -0.06494399905204773 0.06886500120162965
v -0.005625000223517418 -0.06509300321340561 0.06989599764347078
v -0.005572999827563763 -0.06501399725675583 0.06998500227928163
v -0.005532999988645315 -0.06491000205278397 0.07005400210618974
v 0.01622300036251545 -0.06485100090503693 0.06846799701452257
v 0.017788000404834747 -0.06485100090503693 0.06919799745082857
v 0.017627999186515808 -0.06512200087308884 0.06941600143909456
v 0.014498000033199787 -0.06485100090503693 0.06838700175285341
v 0.014514000155031681 -0.06501399725675583 0.06849399954080583
v 0.014537000097334385 -0.06512200087308884 0.06865400075912477
v 0.019453000277280807 -0.06501399725675583 0.07210399955511095
v 0.019294999539852142 -0.06509300321340561 0.07376500219106676
v 0.019293000921607018 -0.06512200087308884 0.07213000208139421
v 0.01955999992787838 -0.06485100090503693 0.07208599895238878
v 0.0194729994982481 -0.06491000205278397 0.07380600273609163
v 0.019394999369978905 -0.06501399725675583 0.07378800213336946
v 0.018727999180555344 -0.06512200087308884 0.0706090033054352
v 0.018866999074816704 -0.06501399725675583 0.07052399963140489
v 0.01772399991750717 -0.06501399725675583 0.06928499788045885
v 0.01895900070667267 -0.06485100090503693 0.07046700268983842
v 0.01950100064277649 -0.06485100090503693 0.07381299883127214
v 0.016157999634742737 -0.06512200087308884 0.06872999668121339
v 0.016196999698877335 -0.06501399725675583 0.06857299804687501
v -0.0022499999031424522 -0.06509300321340561 0.0718439966440201
v -0.0025510000996291637 -0.06509300321340561 0.07071900367736818
v -0.0044999998062849045 -0.06509300321340561 0.06959400326013566
v -0.002432999899610877 -0.06491000205278397 0.0718439966440201
v -0.0027099999133497477 -0.06491000205278397 0.070811003446579
v -0.003467000089585781 -0.06491000205278397 0.07005400210618974
v -0.0044999998062849045 -0.06491000205278397 0.06977699697017671
v -0.003375000087544322 -0.06509300321340561 0.06989599764347078
v 0.019418999552726746 -0.064970001578331 0.07391200214624406
v 0.019245000556111336 -0.06510999798774719 0.07390599697828294
v 0.01935099996626377 -0.06504599750041962 0.07411199808120729
v 0.019262000918388367 -0.06510499864816666 0.07439400255680086
v 0.019193999469280243 -0.06511399894952774 0.07456500083208085
v 0.01920199953019619 -0.06513100117444992 0.07412099838256837
v 0.019151000306010246 -0.06514599919319153 0.07438000291585924
v 0.01910099945962429 -0.0651480033993721 0.074523001909256
v -0.0024770000018179417 -0.06481099873781204 0.07782100141048433
v -0.002461999887600541 -0.06485199928283691 0.07782900333404542
v -0.002248999895527959 -0.06509300321340561 0.07794500142335893
v -0.0023089998867362738 -0.06505300104618073 0.07791200280189516
v -0.0023529999889433384 -0.06501399725675583 0.07788799703121187
v -0.0024109999649226665 -0.06494399905204773 0.07785599678754808
v -0.002432999899610877 -0.06491000205278397 0.07784400135278703
v -0.0020039998926222324 -0.06515999883413315 0.07808300107717515
v -0.0021689999848604202 -0.06513100117444992 0.07799000293016435
v 0.018696000799536705 -0.06513399630784988 0.07534000277519227
v 0.01866300031542778 -0.06513399630784988 0.07538600265979768
v -0.004435999784618616 -0.06485100090503693 0.08202899992465974
v -0.0042860000394284725 -0.06485100090503693 0.0803079977631569
v -0.0034080001059919596 -0.06501399725675583 0.0788410007953644
v -0.003281000070273876 -0.06512200087308884 0.0789420008659363
v -0.003493000054731965 -0.06485100090503693 0.07877399772405626
v -0.0040259999223053455 -0.06512200087308884 0.08038300275802614
v -0.004182000178843737 -0.06501399725675583 0.08033800125122072
v -0.004327999893575907 -0.06501399725675583 0.0820169970393181
v -0.0041669998317956924 -0.06512200087308884 0.08200000226497652
v -0.00392200006172061 -0.06485100090503693 0.08367799967527391
v -0.0038270000368356705 -0.06501399725675583 0.08362600207328798
v -0.003684000112116337 -0.06512200087308884 0.08354900032281877
v -0.0026489999145269394 -0.06512200087308884 0.08479800075292589
v -0.0027520000003278255 -0.06501399725675583 0.08492399752140047
v -0.0028200000524520874 -0.06485100090503693 0.08500800281763078
v -0.0012169999536126852 -0.06512200087308884 0.08556099981069566
v -0.0012639999622479081 -0.06501399725675583 0.08571600168943407
v -0.0012959999730810523 -0.06485100090503693 0.08581999689340593
v 0.01867399923503399 -0.06511399894952774 0.0754550024867058
v 0.018338000401854515 -0.06502299755811691 0.07583300024271013
v 0.018470000475645065 -0.06514299660921097 0.07552000135183336
v 0.018533999100327492 -0.0650940015912056 0.07562100142240526
v 0.018595999106764793 -0.0651480033993721 0.07538799941539766
v 0.018199000507593155 -0.06492500007152557 0.07601200044155122
v 0.0180830005556345 -0.06509699672460556 0.07587199658155443
v 0.018264999613165855 -0.06512399762868881 0.07569199800491334
v 0.018205000087618828 -0.06485100090503693 0.07605700194835664
v 0.018185000866651535 -0.06491000205278397 0.07603599876165391
v 0.01813100092113018 -0.06501399725675583 0.07597800344228746
v 0.018060000613331795 -0.06509300321340561 0.07590200006961824
v -0.00048600000445730984 -0.06513399630784988 0.08587999641895296
v -0.000493000028654933 -0.0651020035147667 0.0859540030360222
v -0.0005450000171549618 -0.0651020035147667 0.08594799786806108
v -0.0004780000017490238 -0.06515300273895264 0.08580199629068376
v -0.0005310000269673765 -0.06513399630784988 0.08587499707937242
v -0.0005159999709576368 -0.06515300273895264 0.08579699695110322
v -0.001053999993018806 -0.06498800218105316 0.08585000038146974
v -0.0007670000195503235 -0.06507699936628342 0.08591099828481676
v -0.0012710000155493617 -0.06486999988555908 0.08581999689340593
v -0.0007270000060088933 -0.06512200087308884 0.08583500236272813
v -0.0009950000094249845 -0.06508100032806396 0.0857599973678589
v -0.0012329999590292573 -0.06502299755811691 0.08571700006723405
v -0.0006830000202171504 -0.06515000015497208 0.0857520028948784
v -0.0009250000002793968 -0.065140001475811 0.0856510028243065
v -0.0011769999982789159 -0.06512399762868881 0.08556800335645677
v 0.013352000154554844 -0.06485100090503693 0.07688099890947343
v 0.01193699985742569 -0.06485100090503693 0.07589100301265718
v 0.010750999674201012 -0.06494399905204773 0.07304099947214128
v 0.01080700010061264 -0.06501399725675583 0.07300700247287752
v 0.011105000041425228 -0.06501399725675583 0.07439699769020082
v 0.010909000411629677 -0.06509300321340561 0.07294499874114992
v 0.010987999849021435 -0.06513100117444992 0.07289800047874452
v 0.011256000027060509 -0.06512200087308884 0.07433799654245378
v 0.011150999926030636 -0.06515999883413315 0.07280199974775316
v 0.010851000435650349 -0.06505300104618073 0.07298000156879426
v 0.011005000211298466 -0.06485100090503693 0.0744369998574257
v 0.010688000358641148 -0.06481099873781204 0.07308000326156618
v 0.010701999999582767 -0.06485199928283691 0.07307100296020509
v 0.010730000212788582 -0.06491000205278397 0.07305400073528291
v 0.012132000178098679 -0.06512200087308884 0.075703002512455
v 0.012014999985694885 -0.06501399725675583 0.07581499963998796
v 0.013395999558269978 -0.06501399725675583 0.0767820030450821
v 0.01346100028604269 -0.06512200087308884 0.07663399726152421
v 0.015037000179290771 -0.06485100090503693 0.07726000249385835
v 0.015039999969303608 -0.06501399725675583 0.07715199887752534
v 0.015043999999761581 -0.06512200087308884 0.07699000090360643
v 0.01664399914443493 -0.06512200087308884 0.07671800255775453
v 0.016700999811291695 -0.06501399725675583 0.07687000185251237
v 0.016739999875426292 -0.06485100090503693 0.07697100192308427
v -0.0004290000069886446 -0.06513399630784988 0.08588600158691408
v 0.00048600000445730984 -0.06513399630784988 0.08587999641895296
v 0.005532999988645315 -0.06491000205278397 0.07005400210618974
v 0.005625000223517418 -0.06509300321340561 0.06989599764347078
v 0.0012870000209659338 -0.06491000205278397 0.08579199761152269
v 0.0012339999666437507 -0.06509300321340561 0.08561699837446214
v 0.0010860000038519502 -0.06510999798774719 0.08564499765634538
v 0.0008789999992586672 -0.06513100117444992 0.08571500331163408
v 0.0006300000241026282 -0.06514599919319153 0.08579999953508378
v 0.0011680000461637974 -0.064970001578331 0.0857990011572838
v 0.0009619999909773469 -0.06504599750041962 0.08583900332450868
v 0.0006730000022798777 -0.06510499864816666 0.08590299636125566
v 0.0044999998062849045 -0.06509300321340561 0.06959400326013566
v 0.0044999998062849045 -0.06491000205278397 0.06977699697017671
v 0.003467000089585781 -0.06491000205278397 0.07005400210618974
v 0.0027099999133497477 -0.06491000205278397 0.070811003446579
v 0.002432999899610877 -0.06491000205278397 0.0718439966440201
v 0.003375000087544322 -0.06509300321340561 0.06989599764347078
v 0.0025510000996291637 -0.06509300321340561 0.07071900367736818
v 0.0022499999031424522 -0.06509300321340561 0.0718439966440201
v 0.0021689999848604202 -0.06513100117444992 0.07799000293016435
v 0.002248999895527959 -0.06509300321340561 0.07794500142335893
v 0.0023610000498592854 -0.06509300321340561 0.07801599800586702
v 0.0023089998867362738 -0.06505300104618073 0.07791200280189516
v 0.0024109999649226665 -0.06494399905204773 0.07785599678754808
v 0.0024629998952150345 -0.06491000205278397 0.07786399871110918
v 0.002432999899610877 -0.06491000205278397 0.07784400135278703
v 0.0024770000018179417 -0.06481099873781204 0.07782100141048433
v 0.0020039998926222324 -0.06515999883413315 0.07808300107717515
v 0.0030960000585764647 -0.06509300321340561 0.0786390006542206
v 0.0036720000207424164 -0.06509300321340561 0.07941100001335145
v 0.00406000018119812 -0.06509300321340561 0.0802929997444153
v 0.004238999914377928 -0.06509300321340561 0.08123899996280672
v 0.00419999985024333 -0.06509300321340561 0.08220200240612031
v 0.0039450000040233135 -0.06509300321340561 0.08313100039958955
v 0.003488000016659498 -0.06509300321340561 0.08397900313138963
v 0.0028510000556707382 -0.06509300321340561 0.08470200002193452
v 0.002093000104650855 -0.06509300321340561 0.08524899929761888
v 0.003229999914765358 -0.06491000205278397 0.07851299643516542
v 0.0038300000596791506 -0.06491000205278397 0.07931900024414064
v 0.004234999883919954 -0.06491000205278397 0.0802389979362488
v 0.004420999903231859 -0.06491000205278397 0.08122599869966508
v 0.004381000064313412 -0.06491000205278397 0.08223000168800355
v 0.0041149999015033245 -0.06491000205278397 0.08319900184869768
v 0.0036379999946802855 -0.06491000205278397 0.0840829983353615
v 0.002974000060930848 -0.06491000205278397 0.08483699709177019
v 0.0021840000990778208 -0.06491000205278397 0.08540800213813783
v 0.008085000328719616 -0.05940999835729599 0.06044999882578851
v 0.008849999867379665 -0.05940999835729599 0.06404999643564226
v 0.008849999867379665 -0.05716000124812126 0.06404999643564226
v 0.00865700002759695 -0.05716000124812126 0.06221000105142595
v 0.008085000328719616 -0.05716000124812126 0.06044999882578851
v 0.005921999923884869 -0.05940999835729599 0.057473000138998045
v 0.007160000037401915 -0.05716000124812126 0.05884800106287004
v 0.005921999923884869 -0.05716000124812126 0.057473000138998045
v 0.004424999933689833 -0.05716000124812126 0.05638600140810014
v 0.002735000103712082 -0.05940999835729599 0.05563300102949144
v 0.002735000103712082 -0.05716000124812126 0.05563300102949144
v 0.0009250000002793968 -0.05716000124812126 0.055247999727726
v -0.0009250000002793968 -0.05940999835729599 0.055247999727726
v -0.0009250000002793968 -0.05716000124812126 0.055247999727726
v -0.004424999933689833 -0.05940999835729599 0.05638600140810014
v -0.002735000103712082 -0.05716000124812126 0.05563300102949144
v -0.004424999933689833 -0.05716000124812126 0.05638600140810014
v -0.005921999923884869 -0.05716000124812126 0.057473000138998045
v -0.007160000037401915 -0.05940999835729599 0.05884800106287004
v -0.007160000037401915 -0.05716000124812126 0.05884800106287004
v -0.00865700002759695 -0.05940999835729599 0.06221000105142595
v -0.008085000328719616 -0.05716000124812126 0.06044999882578851
v -0.00865700002759695 -0.05716000124812126 0.06221000105142595
v -0.00865700002759695 -0.05940999835729599 0.06588999927043916
v -0.008849999867379665 -0.05716000124812126 0.06404999643564226
v -0.00865700002759695 -0.05716000124812126 0.06588999927043916
v -0.008085000328719616 -0.05716000124812126 0.0676499977707863
v -0.007160000037401915 -0.05940999835729599 0.06925199925899507
v -0.007160000037401915 -0.05716000124812126 0.06925199925899507
v -0.004424999933689833 -0.05940999835729599 0.07171399891376497
v -0.005921999923884869 -0.05716000124812126 0.07062699645757677
v -0.004424999933689833 -0.05716000124812126 0.07171399891376497
v -0.002735000103712082 -0.05716000124812126 0.07246699929237367
v -0.0009250000002793968 -0.05940999835729599 0.07285200059413911
v -0.0009250000002793968 -0.05716000124812126 0.07285200059413911
v 0.0009250000002793968 -0.05716000124812126 0.07285200059413911
v 0.002735000103712082 -0.05940999835729599 0.07246699929237367
v 0.002735000103712082 -0.05716000124812126 0.07246699929237367
v 0.005921999923884869 -0.05940999835729599 0.07062699645757677
v 0.004424999933689833 -0.05716000124812126 0.07171399891376497
v 0.005921999923884869 -0.05716000124812126 0.07062699645757677
v 0.008085000328719616 -0.05940999835729599 0.0676499977707863
v 0.007160000037401915 -0.05716000124812126 0.06925199925899507
v 0.008085000328719616 -0.05716000124812126 0.0676499977707863
v 0.00865700002759695 -0.05716000124812126 0.06588999927043916
v 0.0 -0.05940999835729599 0.06404999643564226
v -0.009146000258624554 -0.05629400163888931 0.06210599839687349
v -0.008542000316083431 -0.05629400163888931 0.060247000306844725
v -0.007563999854028225 -0.05629400163888931 0.058554001152515425
v -0.006256000138819218 -0.05629400163888931 0.057101998478174223
v -0.004674999974668026 -0.05629400163888931 0.05595299974083902
v -0.0028890001121908426 -0.05629400163888931 0.055158000439405455
v -0.0009769999887794256 -0.05629400163888931 0.054751001298427596
v 0.0009769999887794256 -0.05629400163888931 0.054751001298427596
v 0.0028890001121908426 -0.05629400163888931 0.055158000439405455
v 0.004674999974668026 -0.05629400163888931 0.05595299974083902
v 0.006256000138819218 -0.05629400163888931 0.057101998478174223
v 0.007563999854028225 -0.05629400163888931 0.058554001152515425
v 0.008542000316083431 -0.05629400163888931 0.060247000306844725
v 0.009146000258624554 -0.05629400163888931 0.06210599839687349
v 0.009349999949336052 -0.05629400163888931 0.06404999643564226
v 0.009146000258624554 -0.05629400163888931 0.06599400192499162
v 0.008542000316083431 -0.05629400163888931 0.06785299628973009
v 0.007563999854028225 -0.05629400163888931 0.06954599916934968
v 0.006256000138819218 -0.05629400163888931 0.07099799811840059
v 0.004674999974668026 -0.05629400163888931 0.07214699685573579
v 0.0028890001121908426 -0.05629400163888931 0.07294200360774995
v 0.0009769999887794256 -0.05629400163888931 0.07334899902343751
v -0.0009769999887794256 -0.05629400163888931 0.07334899902343751
v -0.0028890001121908426 -0.05629400163888931 0.07294200360774995
v -0.004674999974668026 -0.05629400163888931 0.07214699685573579
v -0.006256000138819218 -0.05629400163888931 0.07099799811840059
v -0.007563999854028225 -0.05629400163888931 0.06954599916934968
v -0.008542000316083431 -0.05629400163888931 0.06785299628973009
v -0.009146000258624554 -0.05629400163888931 0.06599400192499162
v -0.009349999949336052 -0.05629400163888931 0.06404999643564226
v -0.008787999860942364 -0.0566600002348423 0.06218200176954271
v -0.008206999860703945 -0.0566600002348423 0.060396000742912306
v -0.007267999928444624 -0.0566600002348423 0.05876899883151056
v -0.006010999903082848 -0.0566600002348423 0.05737400054931642
v -0.004492000211030245 -0.0566600002348423 0.056269999593496337
v -0.0027759999502450228 -0.0566600002348423 0.055505998432636275
v -0.0009389999904669821 -0.0566600002348423 0.05511499941349031
v 0.0009389999904669821 -0.0566600002348423 0.05511499941349031
v 0.0027759999502450228 -0.0566600002348423 0.055505998432636275
v 0.004492000211030245 -0.0566600002348423 0.056269999593496337
v 0.006010999903082848 -0.0566600002348423 0.05737400054931642
v 0.007267999928444624 -0.0566600002348423 0.05876899883151056
v 0.008206999860703945 -0.0566600002348423 0.060396000742912306
v 0.008787999860942364 -0.0566600002348423 0.06218200176954271
v 0.00898400042206049 -0.0566600002348423 0.06404999643564226
v 0.008787999860942364 -0.0566600002348423 0.0659179985523224
v 0.008206999860703945 -0.0566600002348423 0.0677039995789528
v 0.007267999928444624 -0.0566600002348423 0.06933099776506425
v 0.006010999903082848 -0.0566600002348423 0.07072599977254869
v 0.004492000211030245 -0.0566600002348423 0.07182999700307847
v 0.0027759999502450228 -0.0566600002348423 0.07259400188922883
v 0.0009389999904669821 -0.0566600002348423 0.0729850009083748
v -0.0009389999904669821 -0.0566600002348423 0.0729850009083748
v -0.0027759999502450228 -0.0566600002348423 0.07259400188922883
v -0.004492000211030245 -0.0566600002348423 0.07182999700307847
v -0.006010999903082848 -0.0566600002348423 0.07072599977254869
v -0.007267999928444624 -0.0566600002348423 0.06933099776506425
v -0.008206999860703945 -0.0566600002348423 0.0677039995789528
v -0.008787999860942364 -0.0566600002348423 0.0659179985523224
v -0.00898400042206049 -0.0566600002348423 0.06404999643564226
v -0.020705999806523323 -0.04747200012207031 0.025457000359892852
v -0.020618999376893044 -0.039659999310970306 0.019551999866962436
v -0.020705999806523323 -0.039659999310970306 0.019462000578641895
v -0.020618999376893044 -0.04173000156879425 0.01982500031590462
v -0.020705999806523323 -0.041753001511096954 0.01973799988627434
v -0.020618999376893044 -0.04272099956870079 0.020160999149084095
v -0.020705999806523323 -0.04370399937033653 0.020546000450849537
v -0.020618999376893044 -0.04738499969244003 0.025480000302195556
v -0.020618999376893044 -0.04704900085926056 0.024489000439643867
v -0.020705999806523323 -0.04666399955749512 0.023506000638008125
v -0.020618999376893044 -0.04658599942922592 0.023551000282168395
v -0.020705999806523323 -0.04537900164723396 0.02183100022375584
v -0.020618999376893044 -0.04531500115990639 0.021895000711083416
v -0.020618999376893044 -0.04365900158882141 0.020624000579118732
v -0.02181999944150448 -0.0488939993083477 0.02507600001990796
v -0.02181999944150448 -0.0479389987885952 0.02277000062167645
v -0.02181999944150448 -0.04641899839043617 0.020790999755263332
v -0.02181999944150448 -0.044440001249313354 0.019270999357104305
v -0.02181999944150448 -0.04213400185108185 0.01831600069999695
v -0.02181999944150448 -0.039659999310970306 0.017991000786423687
v -0.022386999800801277 -0.05028500035405159 0.02470299974083901
v -0.022386999800801277 -0.04918599873781204 0.02205000072717667
v -0.022386999800801277 -0.04743799939751625 0.019772000610828403
v -0.022386999800801277 -0.045159999281167984 0.018023999407887462
v -0.022386999800801277 -0.042507000267505646 0.016924999654293064
v -0.022386999800801277 -0.039659999310970306 0.016550000756978992
v 0.004488000180572271 -0.061459001153707504 0.027827000245451934
v 0.005762999877333641 -0.06132600083947182 0.028008000925183303
v 0.02890400029718876 -0.01486000046133995 -0.0194499995559454
v 0.024980999529361725 -0.020788999274373055 -0.0194499995559454
v -0.03362699970602989 -0.009480999782681465 -0.0194499995559454
v -0.031442999839782715 -0.008220000192523003 -0.0194499995559454
v -0.02890400029718876 -0.01486000046133995 -0.0194499995559454
v -0.024980999529361725 -0.020788999274373055 -0.0194499995559454
v 0.03285999968647957 -0.016085000708699226 -0.0194499995559454
v 0.033225998282432556 -0.016450999304652214 -0.0194499995559454
v 0.03336000069975853 -0.016951000317931175 -0.0194499995559454
v 0.03461100161075592 -0.010956999845802784 -0.0194499995559454
v 0.03429099917411804 -0.010103999637067318 -0.0194499995559454
v 0.03362699970602989 -0.009480999782681465 -0.0194499995559454
v 0.031442999839782715 -0.008220000192523003 -0.0194499995559454
v 0.031119000166654587 -0.020515000447630882 -0.0194499995559454
v 0.03072899952530861 -0.02054000087082386 -0.0194499995559454
v 0.03146899864077568 -0.02034199982881546 -0.0194499995559454
v 0.03172599896788597 -0.020049000158905983 -0.0194499995559454
v 0.033225998282432556 -0.017450999468564987 -0.0194499995559454
v -0.03461100161075592 -0.010956999845802784 -0.0194499995559454
v -0.03429099917411804 -0.010103999637067318 -0.0194499995559454
v 0.019863000139594078 -0.025723999366164207 -0.0194499995559454
v -0.013794999569654465 -0.029426999390125275 -0.0194499995559454
v -0.007067000027745962 -0.03172200173139572 -0.0194499995559454
v 0.0 -0.032499998807907104 -0.0194499995559454
v 0.007067000027745962 -0.03172200173139572 -0.0194499995559454
v 0.013794999569654465 -0.029426999390125275 -0.0194499995559454
v 0.001500000013038516 -0.03750000149011612 -0.0194499995559454
v -0.001500000013038516 -0.03750000149011612 -0.0194499995559454
v -0.019863000139594078 -0.025723999366164207 -0.0194499995559454
v -0.030859999358654022 -0.020548999309539795 -0.0194499995559454
v -0.03136000037193298 -0.02041500061750412 -0.0194499995559454
v -0.03036000020802021 -0.02041500061750412 -0.0194499995559454
v -0.03172599896788597 -0.020049000158905983 -0.0194499995559454
v -0.03336000069975853 -0.016951000317931175 -0.0194499995559454
v -0.033225998282432556 -0.016450999304652214 -0.0194499995559454
v -0.033225998282432556 -0.017450999468564987 -0.0194499995559454
v -0.0020000000949949026 -0.037365999072790146 -0.0194499995559454
v -0.002366000087931752 -0.03700000047683716 -0.0194499995559454
v -0.0024999999441206455 -0.0364999994635582 -0.0194499995559454
v 0.002366000087931752 -0.03700000047683716 -0.0194499995559454
v 0.0020000000949949026 -0.037365999072790146 -0.0194499995559454
v 0.0024999999441206455 -0.0364999994635582 -0.0194499995559454
v -0.02288700081408024 -0.039659999310970306 0.01604999974370003
v -0.02288700081408024 -0.039659999310970306 0.015049999579787258
v -0.02288700081408024 -0.042635999619960785 0.016442000865936283
v -0.02288700081408024 -0.04244200140237808 0.015363000333309177
v -0.02288700081408024 -0.045409999787807465 0.017590999603271488
v -0.02288700081408024 -0.04508399963378906 0.016287999227643016
v -0.02288700081408024 -0.04779199883341789 0.019417999312281612
v -0.02288700081408024 -0.05215999856591225 0.02755000069737435
v -0.02288700081408024 -0.05116000026464462 0.02755000069737435
v -0.02288700081408024 -0.05184699967503548 0.024768000468611724
v -0.02288700081408024 -0.05076799914240837 0.024574000388383872
v -0.02288700081408024 -0.05092199891805649 0.02212600037455559
v -0.02288700081408024 -0.049619000405073166 0.02180000022053719
v -0.02288700081408024 -0.04943300038576126 0.01975600048899651
v -0.02288700081408024 -0.047453999519348145 0.017776999622583393
v -0.02288700081408024 -0.012000000104308128 0.015037000179290775
v -0.02288700081408024 -0.02868499979376793 0.015037000179290775
v -0.02288700081408024 -0.012000000104308128 0.01604999974370003
v -0.02288700081408024 -0.028824999928474426 0.015049999579787258
v -0.02288700081408024 -0.028828000649809837 0.015049999579787258
v -0.02288700081408024 -0.009026999585330486 0.014646000228822235
v -0.02288700081408024 -0.009217999875545502 0.01573700085282326
v -0.02288700081408024 -0.006256000138819218 0.013497999869287017
v -0.02288700081408024 -0.006575999781489372 0.014812000095844272
v -0.02288700081408024 -0.0038769999518990517 0.011672999709844591
v -0.02288700081408024 0.00018699999782256782 0.006331999786198141
v -0.02288700081408024 -0.0009040000149980187 0.006523000076413156
v -0.02288700081408024 -0.0007379999733529985 0.00897399988025427
v -0.02288700081408024 -0.0020520000252872705 0.009294000454247
v -0.02288700081408024 -0.0022269999608397484 0.011343999765813352
v -0.02288700081408024 -0.00420599989593029 0.013322999700903896
v -0.02056100033223629 -0.039659999310970306 0.01083900034427643
v -0.019795000553131104 -0.039659999310970306 0.01019600033760071
v -0.02056100033223629 -0.04292000085115433 0.011160000227391722
v -0.019795000553131104 -0.043046001344919205 0.010529999621212484
v -0.02056100033223629 -0.04398500174283981 0.011408000253140928
v -0.019795000553131104 -0.044151999056339264 0.010786999948322775
v -0.02056100033223629 -0.04605500027537346 0.012110999785363678
v -0.019795000553131104 -0.04630099982023239 0.011517000384628774
v -0.02056100033223629 -0.04801600053906441 0.0130780003964901
v -0.019795000553131104 -0.048337001353502274 0.012520999647676948
v -0.02056100033223629 -0.04894400015473366 0.013655000366270546
v -0.019795000553131104 -0.04930099844932556 0.013120999559760097
v -0.02056100033223629 -0.05147700011730194 0.015732999891042713
v -0.019795000553131104 -0.051931001245975494 0.015278999693691734
v -0.02056100033223629 -0.05355500057339668 0.018265999853610996
v -0.019795000553131104 -0.05408899858593941 0.017908999696373943
v -0.02056100033223629 -0.05413199961185455 0.019193999469280246
v -0.019795000553131104 -0.05468900129199028 0.01887300051748753
v -0.02056100033223629 -0.0550989992916584 0.021154999732971195
v -0.019795000553131104 -0.05569300055503845 0.020909000188112262
v -0.02056100033223629 -0.05580199882388115 0.02322500012814999
v -0.019795000553131104 -0.05642300099134445 0.02305799908936024
v -0.02056100033223629 -0.056049998849630356 0.02428999915719033
v -0.019795000553131104 -0.05668000131845474 0.0241640005260706
v -0.02056100033223629 -0.05637099966406822 0.02755000069737435
v -0.019795000553131104 -0.05701399967074394 0.02755000069737435
v -0.02062300033867359 -0.04906800016760826 0.014600000344216827
v -0.02062300033867359 -0.050978001207113266 0.016232000663876537
v -0.02062300033867359 -0.05260999873280525 0.018141999840736393
v -0.02062300033867359 -0.055667001754045486 0.02755000069737435
v -0.02062300033867359 -0.055358998477458954 0.024427000433206565
v -0.02062300033867359 -0.05488299950957298 0.022603999823331836
v -0.02062300033867359 -0.054448001086711884 0.021424999460577968
v -0.02062300033867359 -0.05296900123357773 0.01865700073540211
v -0.02062300033867359 -0.04855300113558769 0.0142409997060895
v -0.02062300033867359 -0.045784998685121536 0.012761999852955345
v -0.02062300033867359 -0.04460600018501282 0.012326999567449096
v -0.02062300033867359 -0.04278299957513809 0.01185099966824055
v -0.02062300033867359 -0.039659999310970306 0.011543000116944315
v -0.009600000455975533 -0.042114000767469406 0.02755000069737435
v -0.008617999963462353 -0.041923001408576965 0.02755000069737435
v -0.009600000455975533 -0.041926998645067215 0.026611000299453742
v -0.008617999963462353 -0.04162000119686127 0.026418000459671027
v -0.009600000455975533 -0.04178500175476074 0.0263229999691248
v -0.009600000455975533 -0.041395001113414764 0.025815000757575042
v -0.008617999963462353 -0.04079199954867363 0.02559000067412854
v -0.009600000455975533 -0.04088699817657471 0.025425000116229064
v -0.009600000455975533 -0.040598999708890915 0.025282999500632293
v -0.008617999963462353 -0.039659999310970306 0.02528700046241284
v -0.009600000455975533 -0.039659999310970306 0.02509599924087525
v -0.009600000455975533 -0.012000000104308128 0.02509599924087525
v -0.008617999963462353 -0.012000000104308128 0.02528700046241284
v -0.009600000455975533 -0.0082590002566576 0.024768000468611724
v -0.008617999963462353 -0.008225000463426113 0.024955999106168754
v -0.009600000455975533 -0.006424000021070242 0.024361999705433852
v -0.008617999963462353 -0.006374000106006861 0.024545999243855483
v -0.009600000455975533 -0.004631000105291605 0.02379599958658219
v -0.008617999963462353 -0.00456599984318018 0.023976000025868423
v -0.009600000455975533 -0.001227000029757619 0.022208999842405323
v -0.008617999963462353 -0.0011320000048726797 0.022374000400304798
v -0.009600000455975533 0.0018489999929443002 0.02005499973893166
v -0.008617999963462353 0.001972000114619732 0.02020099945366383
v -0.009600000455975533 0.003234999952837825 0.018784999847412113
v -0.008617999963462353 0.003370000049471855 0.018920000642538074
v -0.009600000455975533 0.004505000077188015 0.01739900000393391
v -0.008617999963462353 0.004650999791920185 0.017521999776363376
v -0.009600000455975533 0.006659000180661678 0.014322999864816669
v -0.008617999963462353 0.006823999807238579 0.014418000355362896
v -0.009600000455975533 0.008245999924838543 0.010919000022113325
v -0.008617999963462353 0.008426000364124775 0.010983999818563463
v -0.009600000455975533 0.008812000043690205 0.009126000106334688
v -0.008617999963462353 0.008995999582111835 0.00917600002139807
v -0.009600000455975533 0.009217999875545502 0.0072909998707473295
v -0.008617999963462353 0.00940600037574768 0.007325000129640104
v -0.009995000436902046 0.008462999947369099 0.00808599963784218
v -0.009995000436902046 0.00851100031286478 0.007863000035285951
v -0.009995000436902046 0.008557000197470188 0.007639000192284586
v -0.009995000436902046 0.008640999905765057 0.00718999980017543
v -0.009995000436902046 0.007275000214576721 0.011781999841332439
v -0.009995000436902046 0.0073640001937747 0.01157100033015013
v -0.009995000436902046 0.0076950001530349255 0.0107190003618598
v -0.009995000436902046 0.008244999684393406 0.008975000120699407
v -0.009995000436902046 0.0071840002201497555 0.011990999802947048
v -0.009995000436902046 0.006996000185608864 0.012408000417053703
v -0.009995000436902046 0.006151000037789345 0.014030000194907192
v -0.009995000436902046 0.005677000153809786 0.014812000095844272
v -0.009995000436902046 0.0054270001128315926 0.015193999744951728
v -0.009995000436902046 0.005299000069499016 0.015383999794721607
v -0.009995000436902046 0.0014730000402778387 0.01960599981248379
v -0.009995000436902046 0.00215999991632998 0.019003000110387806
v -0.009995000436902046 0.005169000010937452 0.015572000294923786
v -0.009995000436902046 0.004056000150740147 0.0170230008661747
v -0.009995000436902046 0.0028210000600665808 0.018371000885963443
v -0.009995000436902046 0.0026579999830573797 0.018531000241637233
v -0.009995000436902046 0.0024939998984336853 0.018689999356865886
v -0.009995000436902046 -0.0007379999733529985 0.021227000281214718
v -0.009995000436902046 -0.0005460000247694552 0.021103000268340114
v -0.009995000436902046 -0.00035600000410340726 0.020976999774575237
v -0.009995000436902046 2.2000000171829015e-05 0.02071899920701981
v -0.009995000436902046 -0.004831000231206417 0.023244999349117283
v -0.009995000436902046 -0.004403000231832266 0.023083999752998356
v -0.009995000436902046 -0.003978999797254801 0.022913999855518345
v -0.009995000436902046 -0.0031419999431818724 0.022546000778675083
v -0.009995000436902046 -0.0015200000489130616 0.021701000630855564
v -0.009995000436902046 -0.0083600003272295 0.024190999567508704
v -0.009995000436902046 -0.007911000400781631 0.024106999859213836
v -0.009995000436902046 -0.0074640000239014626 0.024012999609112747
v -0.009995000436902046 -0.0065750000067055225 0.023794999346137054
v 0.004494000226259232 -0.039659999310970306 0.0057509997859597215
v 0.004494000226259232 -0.04344499856233597 0.006082999985665085
v 0.004494000226259232 -0.045301999896764755 0.006494000088423492
v 0.004494000226259232 -0.0471160002052784 0.007065999787300827
v 0.004494000226259232 -0.05055899918079376 0.00867199990898371
v 0.004494000226259232 -0.053672000765800476 0.01085100043565035
v 0.004494000226259232 -0.055073998868465424 0.012136000208556656
v 0.004494000226259232 -0.056359000504016876 0.013538000173866752
v 0.004494000226259232 -0.05853800103068352 0.01665100082755089
v 0.004494000226259232 -0.06014399975538254 0.020093999803066257
v 0.004494000226259232 -0.06071599945425987 0.0219080001115799
v 0.004494000226259232 -0.06112699955701828 0.02376499958336354
v 0.004494000226259232 -0.061459001153707504 0.02755000069737435
v 0.004029999952763319 -0.06199200078845024 0.02755000069737435
v 0.0030320000369101763 -0.06206199899315834 0.02755000069737435
v 0.004029999952763319 -0.06165299937129021 0.023671999573707588
v 0.0030320000369101763 -0.06187000125646591 0.024625999853014953
v 0.004029999952763319 -0.06123099848628044 0.021770000457763675
v 0.0030320000369101763 -0.061298999935388565 0.021751999855041507
v 0.004029999952763319 -0.06064499914646149 0.0199120007455349
v 0.0030320000369101763 -0.060357000678777695 0.01897699944674969
v 0.004029999952763319 -0.05900000035762787 0.01638399995863438
v 0.0030320000369101763 -0.059060998260974884 0.01634900085628033
v 0.004029999952763319 -0.05676800012588501 0.01319499965757132
v 0.0030320000369101763 -0.057433001697063446 0.013911999762058262
v 0.004029999952763319 -0.05545099824666977 0.011758999899029735
v 0.0030320000369101763 -0.055500999093055725 0.011708999983966352
v 0.004029999952763319 -0.05401499941945076 0.010441999882459642
v 0.0030320000369101763 -0.05329800024628639 0.009777000173926355
v 0.004029999952763319 -0.050825998187065125 0.008209999650716783
v 0.0030320000369101763 -0.05086100101470947 0.008148999884724619
v 0.004029999952763319 -0.04729799926280975 0.006564999930560591
v 0.0030320000369101763 -0.048232998698949814 0.006852999795228245
v 0.004029999952763319 -0.04543999955058098 0.005979000125080349
v 0.0030320000369101763 -0.045458000153303146 0.005911000072956087
v 0.004029999952763319 -0.04353800043463707 0.005557000171393157
v 0.0030320000369101763 -0.042583998292684555 0.005340000148862601
v 0.004029999952763319 -0.039659999310970306 0.005218000151216985
v -0.0045289997942745686 -0.039659999310970306 0.02584699913859368
v -0.004528000019490719 -0.039659999310970306 0.025834999978542335
v -0.004528000019490719 -0.04051800072193146 0.026064999401569373
v -0.0045289997942745686 -0.04051100090146065 0.02607600018382073
v -0.004528000019490719 -0.041145000606775284 0.0266919992864132
v -0.0045289997942745686 -0.041133999824523926 0.02669899910688401
v -0.004528000019490719 -0.04137500002980232 0.02755000069737435
v -0.0045289997942745686 -0.04136300086975098 0.02755000069737435
v -0.0030320000369101763 -0.04045899957418442 0.026165999472141273
v -0.0030320000369101763 -0.041044000536203384 0.02675100043416024
v -0.0030320000369101763 -0.04125799983739853 0.02755000069737435
v -0.004528000019490719 -0.012000000104308128 0.025834999978542335
v -0.0045289997942745686 -0.012000000104308128 0.02584699913859368
v -0.0033809999004006386 -0.01659500040113926 0.025927999988198287
v -0.0035000001080334187 -0.017500000074505806 0.025918999686837203
v -0.0033809999004006386 -0.018404999747872353 0.025927999988198287
v -0.004528000019490719 0.010094000026583672 0.006459000054746868
v -0.004528000019490719 0.008588000200688839 0.012078000232577327
v -0.0045289997942745686 0.007309999782592058 0.014698999933898452
v -0.0045289997942745686 0.009538000449538231 0.009321000427007677
v -0.004528000019490719 0.009525000117719173 0.009317999705672266
v -0.004528000019490719 0.0015660000499337912 0.02122999913990498
v -0.0045289997942745686 -0.0008510000188834965 0.02285999990999699
v -0.0045289997942745686 0.0037670000456273556 0.019316999241709713
v -0.004528000019490719 0.007298999931663275 0.014692000113427642
v -0.004528000019490719 0.005679999943822622 0.017116000875830654
v -0.004528000019490719 0.0037579999770969152 0.019308000802993778
v -0.004528000019490719 -0.009091000072658062 0.025644000619649894
v -0.0045289997942745686 -0.00622900016605854 0.025087999179959304
v -0.004528000019490719 -0.0008580000139772892 0.022848999127745632
v -0.004528000019490719 -0.0034719998948276043 0.024137999862432487
v -0.004528000019490719 -0.006231999956071377 0.02507499977946282
v -0.004029999952763319 -0.039659999310970306 0.005218000151216985
v -0.004029999952763319 -0.04353800043463707 0.005557000171393157
v -0.0030320000369101763 -0.043549999594688416 0.005487999878823758
v -0.004029999952763319 -0.04543999955058098 0.005979000125080349
v -0.0030320000369101763 -0.045458000153303146 0.005911000072956087
v -0.004029999952763319 -0.04729799926280975 0.006564999930560591
v -0.0030320000369101763 -0.047322001308202744 0.0064989998936653155
v -0.004029999952763319 -0.050825998187065125 0.008209999650716783
v -0.0030320000369101763 -0.05086100101470947 0.008148999884724619
v -0.004029999952763319 -0.05401499941945076 0.010441999882459642
v -0.0030320000369101763 -0.05406000092625618 0.010389000177383425
v -0.004029999952763319 -0.05545099824666977 0.011758999899029735
v -0.0030320000369101763 -0.055500999093055725 0.011708999983966352
v -0.004029999952763319 -0.05676800012588501 0.01319499965757132
v -0.0030320000369101763 -0.05682099983096123 0.013150000013411049
v -0.004029999952763319 -0.05900000035762787 0.01638399995863438
v -0.0030320000369101763 -0.059060998260974884 0.01634900085628033
v -0.004029999952763319 -0.06064499914646149 0.0199120007455349
v -0.0030320000369101763 -0.06071100011467934 0.01988800056278706
v -0.004029999952763319 -0.06123099848628044 0.021770000457763675
v -0.0030320000369101763 -0.061298999935388565 0.021751999855041507
v -0.004029999952763319 -0.06165299937129021 0.023671999573707588
v -0.0030320000369101763 -0.06172199919819832 0.02366000041365624
v -0.004029999952763319 -0.06199200078845024 0.02755000069737435
v -0.0030320000369101763 -0.06206199899315834 0.02755000069737435
v 0.009600000455975533 -0.057746000587940216 0.015839999541640285
v 0.009600000455975533 -0.05962599813938141 0.019450999796390537
v 0.009487999603152275 -0.057753998786211014 0.015812000259757045
v 0.008617999963462353 -0.05970200151205063 0.019135000184178356
v 0.009379999712109566 -0.057750001549720764 0.0157689992338419
v 0.008617999963462353 -0.05901699885725975 0.017660999670624736
v 0.008999000303447247 -0.05772000178694725 0.01558800041675568
v 0.008617999963462353 -0.05768899992108345 0.015407999977469448
v 0.009600000455975533 -0.06120600178837776 0.02755000069737435
v 0.008617999963462353 -0.0613970011472702 0.02755000069737435
v 0.009600000455975533 -0.0608070008456707 0.023423999547958377
v 0.008617999963462353 -0.061128001660108566 0.024142000824213035
v 0.008617999963462353 -0.06032799929380417 0.020818000659346584
v 0.010010999627411366 -0.05764000117778778 0.01678399927914143
v 0.010045000351965427 -0.05741399899125099 0.01642899960279465
v 0.009995000436902046 -0.058122001588344574 0.017627000808715824
v 0.010002000257372856 -0.057771001011133194 0.01700299978256226
v 0.010006999596953392 -0.05768800154328346 0.0168639998883009
v 0.009995000436902046 -0.05908200144767761 0.019671000540256504
v 0.009995000436902046 -0.060231998562812805 0.02353600040078164
v 0.009995000436902046 -0.06061999872326851 0.02755000069737435
v -0.01984800025820732 -0.039659999310970306 0.020859999582171444
v -0.02056100033223629 -0.039659999310970306 0.020261000841856006
v -0.01984800025820732 -0.04172699898481369 0.021186999976634983
v -0.02056100033223629 -0.04191200062632561 0.02061799913644791
v -0.01984800025820732 -0.04222000017762184 0.02136900089681149
v -0.02056100033223629 -0.04244900122284889 0.02081600017845631
v -0.01984800025820732 -0.043591998517513275 0.0221369992941618
v -0.02056100033223629 -0.04394400119781494 0.021653000265359882
v -0.01984800025820732 -0.044390998780727386 0.022818999364972118
v -0.02056100033223629 -0.04481400176882744 0.022396000102162365
v -0.01984800025820732 -0.045072998851537704 0.023617999628186233
v -0.02056100033223629 -0.04555699974298477 0.02326600067317486
v -0.01984800025820732 -0.045841000974178314 0.024989999830722816
v -0.02056100033223629 -0.04639400169253349 0.024761000648140914
v -0.01984800025820732 -0.04602300003170967 0.025482999160885818
v -0.02056100033223629 -0.046592000871896744 0.02529799938201905
v -0.01984800025820732 -0.04634999856352806 0.02755000069737435
v -0.02056100033223629 -0.04694899916648865 0.02755000069737435
v -0.02062300033867359 -0.04435800015926361 0.021082999184727672
v -0.02062300033867359 -0.042718999087810516 0.020165000110864643
v -0.02062300033867359 -0.0421300008893013 0.019948000088334087
v -0.02062300033867359 -0.039659999310970306 0.019556999206542972
v -0.02062300033867359 -0.04765300080180168 0.02755000069737435
v -0.02062300033867359 -0.047262001782655716 0.025079999119043357
v -0.02062300033867359 -0.04704499989748001 0.02449100092053414
v -0.02062300033867359 -0.04612699896097183 0.022851999849081043
v -0.02062300033867359 -0.04531199857592583 0.021897999569773677
v -0.02056100033223629 -0.012000000104308128 0.020261000841856006
v -0.01984800025820732 -0.012000000104308128 0.020859999582171444
v -0.02062300033867359 -0.012000000104308128 0.019556999206542972
v -0.02056100033223629 -0.008740000426769257 0.01994000002741814
v -0.01984800025820732 -0.009740999899804592 0.020711999386549
v -0.02056100033223629 -0.007675000000745058 0.019692000001668934
v -0.01984800025820732 -0.007519999984651804 0.02026999928057194
v -0.02056100033223629 -0.0056050000712275505 0.018989000469446186
v -0.01984800025820732 -0.005375999957323074 0.019541999325156215
v -0.02056100033223629 -0.0036440000403672457 0.018022000789642337
v -0.01984800025820732 -0.0033450000919401646 0.018541000783443454
v -0.02056100033223629 -0.002715999959036708 0.017444999888539318
v -0.01984800025820732 -0.001462999964132905 0.017283000051975254
v -0.02056100033223629 -0.0001829999964684248 0.01536700036376715
v -0.01984800025820732 0.00023999999393709004 0.01579000055789948
v -0.02056100033223629 0.0018949999939650297 0.012834000401198867
v -0.01984800025820732 0.0017330000409856439 0.014086999930441383
v -0.02056100033223629 0.002471999963745475 0.011905999854207042
v -0.01984800025820732 0.0029909999575465918 0.012205000035464767
v -0.02056100033223629 0.0034390001092106104 0.009944999590516092
v -0.01984800025820732 0.003992000129073858 0.010173999704420568
v -0.02056100033223629 0.004141999874264002 0.007875000126659872
v -0.01984800025820732 0.004720000084489584 0.008030000142753126
v -0.02056100033223629 0.004389999900013208 0.006810000166296961
v -0.01984800025820732 0.005162000190466642 0.005809000227600337
v -0.02062300033867359 0.0036989999935030937 0.0066729998216033
v -0.02062300033867359 0.003223000094294548 0.008496000431478025
v -0.02062300033867359 0.002788000041618943 0.009674999862909319
v -0.02062300033867359 0.0013089999556541443 0.012443000450730327
v -0.02062300033867359 0.0009500000160187483 0.01295800041407347
v -0.02062300033867359 -0.0025919999461621046 0.016499999910593036
v -0.02062300033867359 -0.0006820000126026571 0.014867999590933326
v -0.02062300033867359 -0.003106999909505248 0.016859000548720363
v -0.02062300033867359 -0.005874999798834324 0.01833800040185452
v -0.02062300033867359 -0.007054000161588192 0.018773000687360767
v -0.02062300033867359 -0.008876999840140343 0.019248999655246738
v 0.02288700081408024 -0.04779199883341789 0.019417999312281612
v 0.02288700081408024 -0.047453999519348145 0.017776999622583393
v 0.02288700081408024 -0.045409999787807465 0.017590999603271488
v 0.02288700081408024 -0.04508399963378906 0.016287999227643016
v 0.02288700081408024 -0.042635999619960785 0.016442000865936283
v 0.02288700081408024 -0.04244200140237808 0.015363000333309177
v 0.02288700081408024 -0.039659999310970306 0.01604999974370003
v 0.02288700081408024 -0.039659999310970306 0.015049999579787258
v 0.02288700081408024 -0.05116000026464462 0.02755000069737435
v 0.02288700081408024 -0.05215999856591225 0.02755000069737435
v 0.02288700081408024 -0.05076799914240837 0.024574000388383872
v 0.02288700081408024 -0.05184699967503548 0.024768000468611724
v 0.02288700081408024 -0.049619000405073166 0.02180000022053719
v 0.02288700081408024 -0.05092199891805649 0.02212600037455559
v 0.02288700081408024 -0.04943300038576126 0.01975600048899651
v 0.02288700081408024 -0.028828000649809837 0.015049999579787258
v 0.02288700081408024 -0.028824999928474426 0.015049999579787258
v 0.02288700081408024 -0.012000000104308128 0.01604999974370003
v 0.02288700081408024 -0.02868499979376793 0.015037000179290775
v 0.02288700081408024 -0.012000000104308128 0.015037000179290775
v 0.02288700081408024 -0.009217999875545502 0.01573700085282326
v 0.02288700081408024 -0.009026999585330486 0.014646000228822235
v 0.02288700081408024 -0.006575999781489372 0.014812000095844272
v 0.02288700081408024 -0.006256000138819218 0.013497999869287017
v 0.02288700081408024 -0.00420599989593029 0.013322999700903896
v 0.02288700081408024 -0.0038769999518990517 0.011672999709844591
v 0.02288700081408024 -0.0009040000149980187 0.006523000076413156
v 0.02288700081408024 0.00018699999782256782 0.006331999786198141
v 0.02288700081408024 -0.0020520000252872705 0.009294000454247
v 0.02288700081408024 -0.0007379999733529985 0.00897399988025427
v 0.02288700081408024 -0.0022269999608397484 0.011343999765813352
v 0.0030320000369101763 -0.04125799983739853 0.02755000069737435
v 0.004029999952763319 -0.04132800176739693 0.02755000069737435
v 0.0030320000369101763 -0.041044000536203384 0.02675100043416024
v 0.004029999952763319 -0.04110400006175041 0.02671599946916104
v 0.0030320000369101763 -0.04045899957418442 0.026165999472141273
v 0.004029999952763319 -0.04049399867653847 0.026105999946594245
v 0.004029999952763319 -0.039659999310970306 0.02588200010359288
v 0.004029999952763319 -0.012000000104308128 0.02588200010359288
v 0.0033809999004006386 -0.018404999747872353 0.025927999988198287
v 0.0035000001080334187 -0.017500000074505806 0.025918999686837203
v 0.0033809999004006386 -0.01659500040113926 0.025927999988198287
v 0.004029999952763319 0.009992999956011772 0.00742800021544099
v 0.004029999952763319 0.009571000002324581 0.009329999797046186
v 0.004029999952763319 0.008984999731183052 0.011188000440597536
v 0.004029999952763319 0.007340000011026859 0.014716000296175483
v 0.004029999952763319 0.005107999779284 0.017905000597238544
v 0.004029999952763319 0.003790999995544553 0.019340999424457554
v 0.004029999952763319 0.002355000004172325 0.020657999441027645
v 0.004029999952763319 -0.0008340000058524311 0.022889999672770504
v 0.004029999952763319 -0.004362000152468681 0.024535000324249275
v 0.004029999952763319 -0.006219999864697456 0.02512099966406823
v 0.004029999952763319 -0.00812199991196394 0.025543000549077995
v -0.015634000301361084 -0.04090400040149689 0.022907000035047535
v -0.015634000301361084 -0.04305899888277054 0.02415099926292897
v -0.015634000301361084 -0.04430299997329712 0.02630599960684777
v -0.014426000416278839 -0.041117001324892044 0.02403200045228005
v -0.01534700021147728 -0.04073699936270714 0.023530999198555953
v -0.014426000416278839 -0.04156399890780449 0.02425199933350087
v -0.01534700021147728 -0.04174099862575531 0.02394600026309491
v -0.014426000416278839 -0.04235300049185753 0.02485699951648713
v -0.01534700021147728 -0.04260199889540672 0.024607999250292785
v -0.014426000416278839 -0.04295799881219864 0.02564599923789502
v -0.01534700021147728 -0.0432640016078949 0.025468999519944198
v -0.014426000416278839 -0.043177999556064606 0.026093000546097762
v -0.01534700021147728 -0.043678998947143555 0.02647300064563752
v -0.014426000416278839 -0.04346799850463867 0.02755000069737435
v -0.01534700021147728 -0.043820999562740326 0.02755000069737435
v -0.015155999921262264 -0.012249999679625034 0.02346199937164784
v 0.015651000663638115 -0.058090001344680786 0.02221300080418587
v 0.015689000487327576 -0.057764001190662384 0.021242000162601474
v 0.015626000240445137 -0.05790900066494942 0.021600000560283664
v 0.015634000301361084 -0.05855200067162514 0.024163000285625465
v 0.015634000301361084 -0.05875299870967865 0.0255929995328188
v 0.015634000301361084 -0.05885300040245056 0.02755000069737435
v 0.015034000389277935 -0.05823399871587753 0.0202459990978241
v 0.015224000439047813 -0.05820100009441376 0.020362000912427906
v 0.014413000084459782 -0.05906299874186516 0.021942999213933948
v 0.014413000084459782 -0.05821499973535538 0.01957199908792973
v 0.014627999626100063 -0.05822800099849701 0.019813999533653263
v 0.014841999858617783 -0.05823900178074837 0.02005800046026707
v 0.01534700021147728 -0.059498999267816544 0.02755000069737435
v 0.014413000084459782 -0.059856999665498734 0.02755000069737435
v 0.01534700021147728 -0.05939500033855438 0.0255270004272461
v 0.014413000084459782 -0.0596579983830452 0.02471799962222577
v 0.01534700021147728 -0.05908599868416786 0.023525999858975417
v 0.01534700021147728 -0.05816499888896942 0.020398000255227092
v 0.009600000455975533 -0.039659999310970306 0.02509599924087525
v 0.008617999963462353 -0.039659999310970306 0.02528700046241284
v 0.009600000455975533 -0.040598999708890915 0.025282999500632293
v 0.008617999963462353 -0.04079199954867363 0.02559000067412854
v 0.009600000455975533 -0.04088699817657471 0.025425000116229064
v 0.009600000455975533 -0.041395001113414764 0.025815000757575042
v 0.008617999963462353 -0.04162000119686127 0.026418000459671027
v 0.009600000455975533 -0.04178500175476074 0.0263229999691248
v 0.009600000455975533 -0.041926998645067215 0.026611000299453742
v 0.008617999963462353 -0.041923001408576965 0.02755000069737435
v 0.009600000455975533 -0.042114000767469406 0.02755000069737435
v 0.008617999963462353 -0.012000000104308128 0.02528700046241284
v 0.009600000455975533 -0.012000000104308128 0.02509599924087525
v 0.009600000455975533 0.009217999875545502 0.0072909998707473295
v 0.008617999963462353 0.00940600037574768 0.007325000129640104
v 0.009600000455975533 0.008812000043690205 0.009126000106334688
v 0.008617999963462353 0.008995999582111835 0.00917600002139807
v 0.009600000455975533 0.008245999924838543 0.010919000022113325
v 0.008617999963462353 0.008426000364124775 0.010983999818563463
v 0.009600000455975533 0.006659000180661678 0.014322999864816669
v 0.008617999963462353 0.006823999807238579 0.014418000355362896
v 0.009600000455975533 0.004505000077188015 0.01739900000393391
v 0.008617999963462353 0.004650999791920185 0.017521999776363376
v 0.009600000455975533 0.003234999952837825 0.018784999847412113
v 0.008617999963462353 0.003370000049471855 0.018920000642538074
v 0.009600000455975533 0.0018489999929443002 0.02005499973893166
v 0.008617999963462353 0.001972000114619732 0.02020099945366383
v 0.009600000455975533 -0.001227000029757619 0.022208999842405323
v 0.008617999963462353 -0.0011320000048726797 0.022374000400304798
v 0.009600000455975533 -0.004631000105291605 0.02379599958658219
v 0.008617999963462353 -0.00456599984318018 0.023976000025868423
v 0.009600000455975533 -0.006424000021070242 0.024361999705433852
v 0.008617999963462353 -0.006374000106006861 0.024545999243855483
v 0.009600000455975533 -0.0082590002566576 0.024768000468611724
v 0.008617999963462353 -0.008225000463426113 0.024955999106168754
v 0.009995000436902046 0.008640999905765057 0.00718999980017543
v 0.009995000436902046 0.008557000197470188 0.007639000192284586
v 0.009995000436902046 0.00851100031286478 0.007863000035285951
v 0.009995000436902046 0.008462999947369099 0.00808599963784218
v 0.009995000436902046 -0.0065750000067055225 0.023794999346137054
v 0.009995000436902046 -0.0074640000239014626 0.024012999609112747
v 0.009995000436902046 -0.0083600003272295 0.024190999567508704
v 0.009995000436902046 -0.007911000400781631 0.024106999859213836
v 0.009995000436902046 -0.0015200000489130616 0.021701000630855564
v 0.009995000436902046 -0.0031419999431818724 0.022546000778675083
v 0.009995000436902046 -0.003978999797254801 0.022913999855518345
v 0.009995000436902046 -0.004403000231832266 0.023083999752998356
v 0.009995000436902046 -0.004831000231206417 0.023244999349117283
v 0.009995000436902046 0.0024939998984336853 0.018689999356865886
v 0.009995000436902046 0.00215999991632998 0.019003000110387806
v 0.009995000436902046 0.0014730000402778387 0.01960599981248379
v 0.009995000436902046 2.2000000171829015e-05 0.02071899920701981
v 0.009995000436902046 -0.00035600000410340726 0.020976999774575237
v 0.009995000436902046 -0.0005460000247694552 0.021103000268340114
v 0.009995000436902046 -0.0007379999733529985 0.021227000281214718
v 0.009995000436902046 0.0026579999830573797 0.018531000241637233
v 0.009995000436902046 0.0028210000600665808 0.018371000885963443
v 0.009995000436902046 0.006151000037789345 0.014030000194907192
v 0.009995000436902046 0.005677000153809786 0.014812000095844272
v 0.009995000436902046 0.0054270001128315926 0.015193999744951728
v 0.009995000436902046 0.005299000069499016 0.015383999794721607
v 0.009995000436902046 0.005169000010937452 0.015572000294923786
v 0.009995000436902046 0.004056000150740147 0.0170230008661747
v 0.009995000436902046 0.008244999684393406 0.008975000120699407
v 0.009995000436902046 0.0076950001530349255 0.0107190003618598
v 0.009995000436902046 0.0073640001937747 0.01157100033015013
v 0.009995000436902046 0.007275000214576721 0.011781999841332439
v 0.009995000436902046 0.0071840002201497555 0.011990999802947048
v 0.009995000436902046 0.006996000185608864 0.012408000417053703
v 0.02062300033867359 -0.039659999310970306 0.011543000116944315
v 0.02062300033867359 -0.055667001754045486 0.02755000069737435
v 0.02062300033867359 -0.05553000047802925 0.02546099945902825
v 0.02062300033867359 -0.05512100085616112 0.023406999185681347
v 0.02062300033867359 -0.05488299950957298 0.022603999823331836
v 0.02062300033867359 -0.054448001086711884 0.021424999460577968
v 0.02062300033867359 -0.05352199822664261 0.0195470005273819
v 0.02062300033867359 -0.05260999873280525 0.018141999840736393
v 0.02062300033867359 -0.052358999848365784 0.01780599914491177
v 0.02062300033867359 -0.050978001207113266 0.016232000663876537
v 0.02062300033867359 -0.049403999000787735 0.01485100015997887
v 0.02062300033867359 -0.04380299896001816 0.01208900008350611
v 0.02062300033867359 -0.041749000549316406 0.011680000461637976
v 0.02062300033867359 -0.04906800016760826 0.014600000344216827
v 0.02062300033867359 -0.04766299948096275 0.013687999919056896
v 0.02062300033867359 -0.045784998685121536 0.012761999852955345
v 0.02062300033867359 -0.04460600018501282 0.012326999567449096
v 0.02056100033223629 -0.05637099966406822 0.02755000069737435
v 0.019795000553131104 -0.05701399967074394 0.02755000069737435
v 0.02056100033223629 -0.05622800067067146 0.025368999689817436
v 0.019795000553131104 -0.05686499923467636 0.025284999981522567
v 0.02056100033223629 -0.05580199882388115 0.02322500012814999
v 0.019795000553131104 -0.05642300099134445 0.02305799908936024
v 0.02056100033223629 -0.0550989992916584 0.021154999732971195
v 0.019795000553131104 -0.05569300055503845 0.020909000188112262
v 0.02056100033223629 -0.05413199961185455 0.019193999469280246
v 0.019795000553131104 -0.05468900129199028 0.01887300051748753
v 0.02056100033223629 -0.052917998284101486 0.017377000302076343
v 0.019795000553131104 -0.05342800170183182 0.01698599942028523
v 0.02056100033223629 -0.05147700011730194 0.015732999891042713
v 0.019795000553131104 -0.051931001245975494 0.015278999693691734
v 0.02056100033223629 -0.04983299970626831 0.014291999861598018
v 0.019795000553131104 -0.050223998725414276 0.013782000169157985
v 0.02056100033223629 -0.04801600053906441 0.0130780003964901
v 0.019795000553131104 -0.048337001353502274 0.012520999647676948
v 0.02056100033223629 -0.04605500027537346 0.012110999785363678
v 0.019795000553131104 -0.04630099982023239 0.011517000384628774
v 0.02056100033223629 -0.04398500174283981 0.011408000253140928
v 0.019795000553131104 -0.044151999056339264 0.010786999948322775
v 0.02056100033223629 -0.04184100031852722 0.010982000268995764
v 0.019795000553131104 -0.04192499816417694 0.010344999842345716
v 0.02056100033223629 -0.039659999310970306 0.01083900034427643
v 0.019795000553131104 -0.039659999310970306 0.01019600033760071
v 0.014413000084459782 -0.043462999165058136 0.02755000069737435
v 0.01534700021147728 -0.043820999562740326 0.02755000069737435
v 0.014413000084459782 -0.04333300143480301 0.02656600065529347
v 0.01534700021147728 -0.043678998947143555 0.02647300064563752
v 0.014413000084459782 -0.0429529994726181 0.02564899995923043
v 0.01534700021147728 -0.0432640016078949 0.025468999519944198
v 0.014413000084459782 -0.04234899953007698 0.024861000478267677
v 0.01534700021147728 -0.04260199889540672 0.024607999250292785
v 0.014413000084459782 -0.04156100004911423 0.024257000535726554
v 0.01534700021147728 -0.04174099862575531 0.02394600026309491
v 0.014413000084459782 -0.040644001215696335 0.023877000436186797
v 0.01534700021147728 -0.04073699936270714 0.023530999198555953
v 0.015634000301361084 -0.04206399992108345 0.023386999964714054
v 0.015634000301361084 -0.04090400040149689 0.022907000035047535
v 0.015634000301361084 -0.0438230000436306 0.025146000087261207
v 0.015634000301361084 -0.04305899888277054 0.02415099926292897
v 0.015634000301361084 -0.04446699842810631 0.02755000069737435
v 0.015634000301361084 -0.04430299997329712 0.02630599960684777
v 0.015155999921262264 -0.012249999679625034 0.02346199937164784
v 0.019795000553131104 -0.04630599915981293 0.02755000069737435
v 0.02056100033223629 -0.04694899916648865 0.02755000069737435
v 0.019795000553131104 -0.046177998185157776 0.026252999901771552
v 0.02056100033223629 -0.04680899903178215 0.026127999648451812
v 0.019795000553131104 -0.04580000042915344 0.025007000192999847
v 0.02056100033223629 -0.04639400169253349 0.024761000648140914
v 0.019795000553131104 -0.04518600180745125 0.023857999593019492
v 0.02056100033223629 -0.04572099819779396 0.023499999195337302
v 0.019795000553131104 -0.044360000640153885 0.02284999936819077
v 0.02056100033223629 -0.04481400176882744 0.022396000102162365
v 0.019795000553131104 -0.043352000415325165 0.022024000063538555
v 0.02056100033223629 -0.043710000813007355 0.021488999947905544
v 0.019795000553131104 -0.04220300167798996 0.02140999957919121
v 0.02056100033223629 -0.04244900122284889 0.02081600017845631
v 0.019795000553131104 -0.040957000106573105 0.02103199996054173
v 0.02056100033223629 -0.041081998497247696 0.020400999113917354
v 0.019795000553131104 -0.039659999310970306 0.020904000848531726
v 0.02056100033223629 -0.039659999310970306 0.020261000841856006
v 0.02062300033867359 -0.042718999087810516 0.020165000110864643
v 0.02062300033867359 -0.04121899977326393 0.0197100006043911
v 0.02062300033867359 -0.039659999310970306 0.019556999206542972
v 0.02062300033867359 -0.04630599915981293 0.023109000176191333
v 0.02062300033867359 -0.04704499989748001 0.02449100092053414
v 0.02062300033867359 -0.04410099983215332 0.020904000848531726
v 0.02062300033867359 -0.04531199857592583 0.021897999569773677
v 0.02062300033867359 -0.04765300080180168 0.02755000069737435
v 0.02062300033867359 -0.04749999940395355 0.025991000235080726
v 0.019795000553131104 -0.012000000104308128 0.020904000848531726
v 0.02056100033223629 -0.012000000104308128 0.020261000841856006
v 0.02062300033867359 -0.012000000104308128 0.019556999206542972
v 0.02056100033223629 0.004567999858409166 0.005731000099331141
v 0.019795000553131104 0.0050200000405311584 0.006936000194400551
v 0.02056100033223629 0.004141999874264002 0.007875000126659872
v 0.019795000553131104 0.004763000179082155 0.008042000234127046
v 0.02056100033223629 0.0034390001092106104 0.009944999590516092
v 0.019795000553131104 0.004033000208437443 0.0101910000666976
v 0.02056100033223629 0.002471999963745475 0.011905999854207042
v 0.019795000553131104 0.003029000014066696 0.012226999737322334
v 0.02056100033223629 0.0012580000329762697 0.01372299995273352
v 0.019795000553131104 0.002429000101983547 0.013190999627113346
v 0.02056100033223629 -0.0001829999964684248 0.01536700036376715
v 0.019795000553131104 0.00027099999715574086 0.01582100056111813
v 0.02056100033223629 -0.0018269999418407679 0.01680799946188927
v 0.019795000553131104 -0.0023590000346302986 0.01797899976372719
v 0.02056100033223629 -0.0036440000403672457 0.018022000789642337
v 0.019795000553131104 -0.0033229999244213104 0.018579000607132915
v 0.02056100033223629 -0.0056050000712275505 0.018989000469446186
v 0.019795000553131104 -0.005359000060707331 0.019582999870181087
v 0.02056100033223629 -0.007675000000745058 0.019692000001668934
v 0.019795000553131104 -0.0075079998932778835 0.020313000306487087
v 0.02056100033223629 -0.009819000028073788 0.020117999985814098
v 0.019795000553131104 -0.00861399993300438 0.020570000633597377
v 0.02062300033867359 0.003869999898597598 0.005638999864459039
v 0.02062300033867359 0.003461000043898821 0.0076930001378059405
v 0.02062300033867359 0.003223000094294548 0.008496000431478025
v 0.02062300033867359 0.002788000041618943 0.009674999862909319
v 0.02062300033867359 0.0018619999755173922 0.011552999727427961
v 0.02062300033867359 0.0009500000160187483 0.01295800041407347
v 0.02062300033867359 0.0006990000256337225 0.01329400017857552
v 0.02062300033867359 -0.0006820000126026571 0.014867999590933326
v 0.02062300033867359 -0.0022559999488294125 0.01624899916350842
v 0.02062300033867359 -0.007857000455260277 0.019011000171303753
v 0.02062300033867359 -0.009910999797284603 0.019419999793171886
v 0.02062300033867359 -0.0025919999461621046 0.016499999910593036
v 0.02062300033867359 -0.0039969999343156815 0.017411999404430393
v 0.02062300033867359 -0.005874999798834324 0.01833800040185452
v 0.02062300033867359 -0.007054000161588192 0.018773000687360767
v -0.01930299960076809 -0.039659999310970306 0.01010899990797043
v -0.019561000168323517 -0.039659999310970306 0.010087000206112863
v -0.01930299960076809 -0.05710100010037422 0.02755000069737435
v -0.01930299960076809 -0.056765999644994736 0.02414700016379357
v -0.019561000168323517 -0.05712300166487694 0.02755000069737435
v -0.019561000168323517 -0.05678800120949745 0.024142999202013023
v -0.019561000168323517 -0.054179999977350235 0.01784799993038178
v -0.019561000168323517 -0.05579400062561035 0.020866999402642254
v -0.019561000168323517 -0.043067000806331635 0.010421999730169775
v -0.019561000168323517 -0.04634299874305725 0.011416000314056875
v -0.019561000168323517 -0.052007999271154404 0.015201999805867675
v -0.019561000168323517 -0.049362000077962875 0.013030000030994419
v -0.01930299960076809 -0.05577300116419792 0.020875999704003338
v -0.01930299960076809 -0.05416100099682808 0.017859999090433124
v -0.01930299960076809 -0.05199199914932251 0.01521799992769957
v -0.01930299960076809 -0.04935000091791153 0.013048999942839149
v -0.01930299960076809 -0.04633399844169617 0.011436999775469305
v -0.01930299960076809 -0.043062999844551086 0.010444000363349916
v -0.02068299986422062 -0.039659999310970306 0.010990999639034273
v -0.02073800005018711 -0.039659999310970306 0.011177999898791315
v -0.02071700058877468 -0.039659999310970306 0.011371999979019167
v -0.02068299986422062 -0.045997001230716705 0.012252000160515312
v -0.02073800005018711 -0.054784998297691345 0.02128499932587147
v -0.02071700058877468 -0.05460600182414055 0.021359000355005268
v -0.02071700058877468 -0.0531110018491745 0.018562000244855884
v -0.02071700058877468 -0.04281599819660187 0.011683000251650812
v -0.02071700058877468 -0.04864799976348877 0.014099000021815303
v -0.02071700058877468 -0.05109899863600731 0.016110999509692196
v -0.02071700058877468 -0.05552700161933899 0.02439399994909764
v -0.02073800005018711 -0.055716998875141144 0.02435600012540818
v -0.02068299986422062 -0.055900998413562775 0.024320000782608993
v -0.02073800005018711 -0.053272999823093414 0.018454000353813175
v -0.02068299986422062 -0.05342800170183182 0.018349999561905864
v -0.02068299986422062 -0.054958000779151917 0.021213000640273098
v -0.02068299986422062 -0.05136900022625923 0.015840999782085422
v -0.02073800005018711 -0.051235999912023544 0.01597400009632111
v -0.02073800005018711 -0.04875599965453148 0.01393700018525124
v -0.02068299986422062 -0.04885999858379364 0.013782000169157985
v -0.02071700058877468 -0.055838000029325485 0.02755000069737435
v -0.02073800005018711 -0.05603199824690819 0.02755000069737435
v -0.02068299986422062 -0.05621900036931038 0.02755000069737435
v -0.02071700058877468 -0.045850999653339386 0.012604000046849254
v -0.02073800005018711 -0.04592499881982803 0.01242499984800816
v -0.02068299986422062 -0.042890001088380814 0.011308999732136728
v -0.02073800005018711 -0.04285399988293648 0.011493000201880934
v -0.00999400019645691 0.007879000157117844 0.010785000398755075
v -0.00999400019645691 0.006320000160485506 0.014127000235021118
v -0.00999400019645691 0.0042050001211464405 0.017147999256849292
v -0.00977999996393919 0.009146000258624554 0.007278999779373409
v -0.00977999996393919 0.0044479998759925365 0.017351999878883365
v -0.00977999996393919 -0.004656000062823296 0.02372699975967408
v -0.00999400019645691 0.008833000436425209 0.007222999818623068
v -0.00991899985820055 0.00901000015437603 0.0072550000622868555
v -0.00977999996393919 -0.012000000104308128 0.025022000074386604
v -0.00977999996393919 -0.00827100034803152 0.0246959999203682
v -0.00991899985820055 -0.012000000104308128 0.024885000661015517
v -0.00991899985820055 -0.008294999599456787 0.024560000747442252
v -0.00999400019645691 -0.012000000104308128 0.024705000221729286
v -0.00999400019645691 -0.008326999843120575 0.024382999166846282
v -0.00977999996393919 -0.0012639999622479081 0.022144999355077747
v -0.00977999996393919 0.0018019999843090773 0.019997999072074894
v -0.00991899985820055 -0.0013330000219866633 0.02202600054442883
v -0.00991899985820055 0.0017140000127255917 0.019892999902367595
v -0.00999400019645691 -0.0014230000087991357 0.021870000287890438
v -0.00999400019645691 0.0015979999443516135 0.019755000248551372
v -0.00991899985820055 -0.00470300018787384 0.02359800040721894
v -0.00999400019645691 -0.004765000194311142 0.023429000750184063
v -0.00991899985820055 0.004342999774962664 0.01726399920880795
v -0.00977999996393919 0.00659500015899539 0.014286000281572345
v -0.00991899985820055 0.00647599995136261 0.014217000454664234
v -0.00977999996393919 0.008177000097930431 0.010893999598920347
v -0.00991899985820055 0.008047999814152718 0.010847000405192377
v -0.00977999996393919 -0.039659999310970306 0.025022000074386604
v -0.00991899985820055 -0.039659999310970306 0.024885000661015517
v -0.00999400019645691 -0.039659999310970306 0.024705000221729286
v -0.00999400019645691 -0.0416719987988472 0.02553799934685231
v -0.00977999996393919 -0.040626998990774155 0.02521399967372418
v -0.00977999996393919 -0.04199599847197533 0.026582999154925353
v -0.00977999996393919 -0.04144800081849098 0.025761999189853675
v -0.00991899985820055 -0.04212300106883049 0.026529999449849136
v -0.00991899985820055 -0.04154499992728233 0.025665000081062324
v -0.00999400019645691 -0.04228900000452995 0.026460999622941024
v -0.00977999996393919 -0.042187999933958054 0.02755000069737435
v -0.00991899985820055 -0.04232500120997429 0.02755000069737435
v -0.00999400019645691 -0.04250499978661537 0.02755000069737435
v -0.00999400019645691 -0.040748998522758484 0.024921000003814704
v -0.00991899985820055 -0.04067999869585037 0.025087000802159316
v -0.015660999342799187 -0.04083799943327904 0.02315500006079674
v -0.015623999759554863 -0.044084999710321426 0.02755000069737435
v -0.015556000173091888 -0.04397299885749817 0.02755000069737435
v -0.015556000173091888 -0.04382599890232086 0.02643400058150292
v -0.015660999342799187 -0.044210001826286316 0.02755000069737435
v -0.015660999342799187 -0.04405499994754791 0.02637200057506562
v -0.015556000173091888 -0.04339500144124031 0.025392999872565276
v -0.015556000173091888 -0.04270999878644943 0.024499999359250076
v -0.015556000173091888 -0.04181699827313423 0.023815000429749496
v -0.015556000173091888 -0.040775999426841736 0.023383999243378643
v -0.015660999342799187 -0.04360000044107437 0.025274999439716346
v -0.015660999342799187 -0.04287699982523918 0.024333000183105476
v -0.015660999342799187 -0.04193500056862831 0.023609999567270286
v -0.013933000154793262 -0.04114700108766556 0.02395999990403653
v -0.014169000089168549 -0.041106998920440674 0.02405700087547303
v -0.014169000089168549 -0.04315299913287163 0.026102999225258834
v -0.014169000089168549 -0.04233299940824509 0.02487700060009957
v -0.014169000089168549 -0.04344100132584572 0.02755000069737435
v -0.013933000154793262 -0.04240800067782402 0.024801999330520637
v -0.013933000154793262 -0.04324999824166298 0.02606300078332425
v -0.013933000154793262 -0.04354599863290787 0.02755000069737435
v -0.008422999642789364 -0.0011320000048726797 0.022374000400304798
v -0.008422999642789364 0.0019710001070052385 0.020199999213218692
v -0.008422999642789364 -0.008225999772548676 0.024955000728368766
v -0.008243000134825706 -0.0011699999449774623 0.022307999432086948
v -0.008243000134825706 0.0019229999743402004 0.020143000409007076
v -0.008105999790132046 -0.0012390000047162175 0.022188000380992893
v -0.008105999790132046 0.0018339999951422215 0.02003699913620949
v -0.008105999790132046 0.004486999940127134 0.017384000122547153
v -0.008105999790132046 0.006637999787926674 0.014310999773442749
v -0.008105999790132046 0.008224000222980976 0.010910999961197378
v -0.008105999790132046 -0.012000000104308128 0.02507200092077256
v -0.008105999790132046 -0.008263000287115574 0.02474500052630902
v -0.008144999854266644 -0.012000000104308128 0.02512400038540364
v -0.008243000134825706 -0.008239000104367733 0.02488099969923497
v -0.008243000134825706 0.004592999815940857 0.017472999170422557
v -0.008243000134825706 0.006757999770343304 0.01437999960035086
v -0.008243000134825706 0.008353999815881252 0.010958000086247923
v -0.0083600003272295 -0.012000000104308128 0.025267999619245536
v -0.008243000134825706 -0.012000000104308128 0.025210000574588783
v -0.008422999642789364 0.004650000017136335 0.01752099953591824
v -0.008422999642789364 0.006823999807238579 0.014418000355362896
v -0.008422999642789364 0.008425000123679638 0.010983999818563463
v -0.008422999642789364 -0.012000000104308128 0.025286000221967704
v -0.008105999790132046 -0.004639000166207552 0.023773999884724624
v -0.008243000134825706 -0.004592000041157007 0.0239039994776249
v -0.008422999642789364 -0.00456599984318018 0.023974999785423286
v -0.008105999790132046 0.009194999933242798 0.007286999840289356
v -0.008243000134825706 0.009331000037491322 0.007311000023037197
v -0.008422999642789364 0.009405000135302544 0.007323999889194967
v -0.008144999854266644 -0.039659999310970306 0.02512400038540364
v -0.0083600003272295 -0.039659999310970306 0.025267999619245536
v -0.008144999854266644 -0.042086001485586166 0.02755000069737435
v -0.008144999854266644 -0.04176099970936775 0.02633699961006642
v -0.0083600003272295 -0.04163600131869316 0.026409000158309943
v -0.0083600003272295 -0.04194200038909912 0.02755000069737435
v -0.008243000134825706 -0.041999999433755875 0.02755000069737435
v -0.008144999854266644 -0.04087299853563309 0.025449000298976905
v -0.0083600003272295 -0.040800999850034714 0.025574000552296645
v -0.004575000144541264 0.0014140000566840172 0.02103199996054173
v -0.004575000144541264 -0.0009820000268518925 0.022632999345660213
v -0.004738999996334314 -0.006347000133246183 0.024646999314427383
v -0.004738999996334314 -0.00914900004863739 0.02520399913191796
v -0.004738999996334314 -0.012000000104308128 0.025390999391675002
v -0.004575000144541264 -0.012000000104308128 0.025584999471902854
v -0.004575000144541264 -0.009123999625444412 0.025397000834345825
v -0.004575000144541264 -0.0035669999197125435 0.023908000439405448
v -0.004738999996334314 -0.0010789999505504966 0.022464999929070476
v -0.004575000144541264 -0.006297000218182802 0.024833999574184425
v -0.004738999996334314 -0.003642000025138259 0.023729000240564353
v -0.004738999996334314 0.0012959999730810523 0.02087800018489361
v -0.004738999996334314 0.0034439999144524336 0.01899399980902672
v -0.004575000144541264 0.0035810000263154507 0.019130999222397808
v -0.004738999996334314 0.00532800005748868 0.01684599928557873
v -0.004575000144541264 0.009283999912440777 0.009252999909222128
v -0.004575000144541264 0.008357999846339226 0.011982999742031101
v -0.004575000144541264 0.007083000149577856 0.01456800010055304
v -0.004575000144541264 0.005481999833136797 0.01696399971842766
v -0.004738999996334314 0.009096999652683735 0.009202999994158747
v -0.004738999996334314 0.00817899964749813 0.011908000335097316
v -0.004738999996334314 0.0069149998016655445 0.014471000060439113
v -0.004575000144541264 0.009847000241279602 0.00642600003629923
v -0.004738999996334314 0.009654000401496887 0.00640100007876754
v -0.004575000144541264 -0.039659999310970306 0.025584999471902854
v -0.004738999996334314 -0.039659999310970306 0.025390999391675002
v -0.004738999996334314 -0.041818998754024506 0.02755000069737435
v -0.004738999996334314 -0.04152999818325043 0.026471000164747245
v -0.004738999996334314 -0.04073899984359741 0.02567999996244908
v -0.004575000144541264 -0.0416250005364418 0.02755000069737435
v -0.004575000144541264 -0.04136199876666069 0.026567999273538596
v -0.004575000144541264 -0.04064200073480606 0.025847999379038818
v -0.0025500000920146704 -0.041533999145030975 0.02755000069737435
v -0.0025500000920146704 -0.04128300026059151 0.026613000780344016
v -0.0026700000744313 -0.04137900099158287 0.02755000069737435
v -0.0026700000744313 -0.04114900156855583 0.026690000668168075
v -0.0028389999642968178 -0.04128300026059151 0.02755000069737435
v -0.0028389999642968178 -0.041064999997615814 0.026738999411463744
v -0.0025500000920146704 -0.04059699922800064 0.02592699974775315
v -0.0026700000744313 -0.04052000120282173 0.026061000302433975
v -0.0028389999642968178 -0.040470998734235764 0.026145000010728843
v 0.0028389999642968178 -0.04128300026059151 0.02755000069737435
v 0.0028389999642968178 -0.041064999997615814 0.026738999411463744
v 0.0026700000744313 -0.04137900099158287 0.02755000069737435
v 0.0026700000744313 -0.04114900156855583 0.026690000668168075
v 0.0025500000920146704 -0.041533999145030975 0.02755000069737435
v 0.0025500000920146704 -0.04128300026059151 0.026613000780344016
v 0.0028389999642968178 -0.040470998734235764 0.026145000010728843
v 0.0026700000744313 -0.04052000120282173 0.026061000302433975
v 0.0025500000920146704 -0.04059699922800064 0.02592699974775315
v 0.004217999987304211 -0.000859999970998615 0.02284600026905537
v 0.004217999987304211 0.0023219999857246876 0.02061799913644791
v 0.004217999987304211 -0.008131000213325024 0.025491999462246902
v 0.004372000228613615 -0.0009190000128000975 0.02274199947714806
v 0.004372000228613615 0.002245000097900629 0.02052699960768223
v 0.004468999803066254 -0.001003999961540103 0.02259599976241589
v 0.004468999803066254 0.0021359999664127827 0.020397000014781955
v 0.004468999803066254 0.00965800043195486 0.007368999999016525
v 0.004468999803066254 -0.004478000104427338 0.024215999990701682
v 0.004468999803066254 0.004846999887377024 0.017686000093817714
v 0.004468999803066254 0.007046000100672245 0.014546000398695472
v 0.004468999803066254 0.008666000328958035 0.011071999557316305
v 0.004372000228613615 0.004976999945938587 0.01779500022530556
v 0.004372000228613615 0.007191999815404415 0.014631000347435478
v 0.004372000228613615 0.008825000375509262 0.011130000464618208
v 0.004217999987304211 0.005067999940365553 0.01787200011312962
v 0.004217999987304211 0.007296000141650438 0.014689999632537368
v 0.004217999987304211 0.008937000297009945 0.011171000078320505
v 0.004468999803066254 -0.012000000104308128 0.025542000308632858
v 0.004468999803066254 -0.008181000128388405 0.02520800009369851
v 0.004372000228613615 -0.012000000104308128 0.02571200020611287
v 0.004372000228613615 -0.008151999674737453 0.02537499926984311
v 0.004217999987304211 -0.012000000104308128 0.025831000879406936
v 0.004372000228613615 -0.0044200001284480095 0.024374999105930335
v 0.004217999987304211 -0.004379000049084425 0.024486999958753593
v 0.004372000228613615 0.00982499960809946 0.007397999987006189
v 0.004217999987304211 0.009941999800503254 0.007418999914079906
v 0.004468999803066254 -0.039659999310970306 0.025542000308632858
v 0.004372000228613615 -0.039659999310970306 0.02571200020611287
v 0.004217999987304211 -0.039659999310970306 0.025831000879406936
v 0.004468999803066254 -0.04166800156235695 0.02755000069737435
v 0.004468999803066254 -0.041398998349905014 0.02654599957168103
v 0.004372000228613615 -0.04149800166487694 0.02755000069737435
v 0.004372000228613615 -0.04125199839472771 0.026630999520421035
v 0.004217999987304211 -0.04137900099158287 0.02755000069737435
v 0.004217999987304211 -0.04114900156855583 0.026690000668168075
v 0.004468999803066254 -0.04066399857401848 0.025810999795794494
v 0.004372000228613615 -0.04057899862527847 0.0259579997509718
v 0.004217999987304211 -0.04052000120282173 0.026061000302433975
v 0.0083600003272295 -0.04194200038909912 0.02755000069737435
v 0.008243000134825706 -0.041999999433755875 0.02755000069737435
v 0.008144999854266644 -0.042086001485586166 0.02755000069737435
v 0.0083600003272295 -0.04163600131869316 0.026409000158309943
v 0.008144999854266644 -0.04176099970936775 0.02633699961006642
v 0.0083600003272295 -0.040800999850034714 0.025574000552296645
v 0.008144999854266644 -0.04087299853563309 0.025449000298976905
v 0.0083600003272295 -0.039659999310970306 0.025267999619245536
v 0.008144999854266644 -0.039659999310970306 0.02512400038540364
v 0.008422999642789364 -0.012000000104308128 0.025286000221967704
v 0.0083600003272295 -0.012000000104308128 0.025267999619245536
v 0.008243000134825706 -0.012000000104308128 0.025210000574588783
v 0.008144999854266644 -0.012000000104308128 0.02512400038540364
v 0.008105999790132046 -0.012000000104308128 0.02507200092077256
v 0.008422999642789364 -0.008225999772548676 0.024955000728368766
v 0.008422999642789364 -0.00456599984318018 0.023974999785423286
v 0.008422999642789364 -0.0011320000048726797 0.022374000400304798
v 0.008422999642789364 0.0019710001070052385 0.020199999213218692
v 0.008422999642789364 0.004650000017136335 0.01752099953591824
v 0.008422999642789364 0.006823999807238579 0.014418000355362896
v 0.008422999642789364 0.008425000123679638 0.010983999818563463
v 0.008422999642789364 0.009405000135302544 0.007323999889194967
v 0.008243000134825706 -0.008239000104367733 0.02488099969923497
v 0.008243000134825706 -0.004592000041157007 0.0239039994776249
v 0.008243000134825706 -0.0011699999449774623 0.022307999432086948
v 0.008243000134825706 0.0019229999743402004 0.020143000409007076
v 0.008243000134825706 0.004592999815940857 0.017472999170422557
v 0.008243000134825706 0.006757999770343304 0.01437999960035086
v 0.008243000134825706 0.008353999815881252 0.010958000086247923
v 0.008243000134825706 0.009331000037491322 0.007311000023037197
v 0.008105999790132046 -0.008263000287115574 0.02474500052630902
v 0.008105999790132046 -0.004639000166207552 0.023773999884724624
v 0.008105999790132046 -0.0012390000047162175 0.022188000380992893
v 0.008105999790132046 0.0018339999951422215 0.02003699913620949
v 0.008105999790132046 0.004486999940127134 0.017384000122547153
v 0.008105999790132046 0.006637999787926674 0.014310999773442749
v 0.008105999790132046 0.008224000222980976 0.010910999961197378
v 0.008105999790132046 0.009194999933242798 0.007286999840289356
v 0.00999400019645691 -0.04250499978661537 0.02755000069737435
v 0.00991899985820055 -0.04232500120997429 0.02755000069737435
v 0.00977999996393919 -0.042187999933958054 0.02755000069737435
v 0.00977999996393919 -0.04144800081849098 0.025761999189853675
v 0.00999400019645691 -0.040748998522758484 0.024921000003814704
v 0.00999400019645691 -0.04228900000452995 0.026460999622941024
v 0.00999400019645691 -0.0416719987988472 0.02553799934685231
v 0.00991899985820055 -0.04212300106883049 0.026529999449849136
v 0.00991899985820055 -0.04154499992728233 0.025665000081062324
v 0.00977999996393919 -0.04199599847197533 0.026582999154925353
v 0.00977999996393919 -0.040626998990774155 0.02521399967372418
v 0.00991899985820055 -0.04067999869585037 0.025087000802159316
v 0.00999400019645691 -0.039659999310970306 0.024705000221729286
v 0.00991899985820055 -0.039659999310970306 0.024885000661015517
v 0.00977999996393919 -0.039659999310970306 0.025022000074386604
v 0.00999400019645691 -0.012000000104308128 0.024705000221729286
v 0.00991899985820055 -0.012000000104308128 0.024885000661015517
v 0.00977999996393919 -0.012000000104308128 0.025022000074386604
v 0.00977999996393919 -0.0012639999622479081 0.022144999355077747
v 0.00977999996393919 0.0018019999843090773 0.019997999072074894
v 0.00977999996393919 -0.00827100034803152 0.0246959999203682
v 0.00991899985820055 -0.0013330000219866633 0.02202600054442883
v 0.00991899985820055 0.0017140000127255917 0.019892999902367595
v 0.00999400019645691 0.007879000157117844 0.010785000398755075
v 0.00999400019645691 -0.0014230000087991357 0.021870000287890438
v 0.009777000173926353 0.009473999962210655 0.0036230001132935294
v 0.00977999996393919 0.009146000258624554 0.007278999779373409
v 0.00991899985820055 0.00901000015437603 0.0072550000622868555
v 0.00993099994957447 0.00931399967521429 0.003795000026002527
v 0.00999400019645691 0.008833000436425209 0.007222999818623068
v 0.009995000436902046 0.00914900004863739 0.0038739999290555724
v 0.010003999806940556 0.009053000248968601 0.0038900000508874663
v 0.00999400019645691 -0.008326999843120575 0.024382999166846282
v 0.00999400019645691 -0.004765000194311142 0.023429000750184063
v 0.00999400019645691 0.0015979999443516135 0.019755000248551372
v 0.00999400019645691 0.0042050001211464405 0.017147999256849292
v 0.00999400019645691 0.006320000160485506 0.014127000235021118
v 0.00991899985820055 0.004342999774962664 0.01726399920880795
v 0.00991899985820055 0.00647599995136261 0.014217000454664234
v 0.00991899985820055 0.008047999814152718 0.010847000405192377
v 0.00977999996393919 0.0044479998759925365 0.017351999878883365
v 0.00977999996393919 0.00659500015899539 0.014286000281572345
v 0.00977999996393919 0.008177000097930431 0.010893999598920347
v 0.00991899985820055 -0.008294999599456787 0.024560000747442252
v 0.00991899985820055 -0.00470300018787384 0.02359800040721894
v 0.00977999996393919 -0.004656000062823296 0.02372699975967408
v 0.014155999757349491 -0.043435998260974884 0.02755000069737435
v 0.014030000194907188 -0.043473001569509506 0.02755000069737435
v 0.013918999582529068 -0.04354099929332733 0.02755000069737435
v 0.014155999757349491 -0.043306998908519745 0.02657300047576428
v 0.013918999582529068 -0.04340900108218193 0.02654599957168103
v 0.014155999757349491 -0.0429299995303154 0.025661999359726913
v 0.014155999757349491 -0.042330000549554825 0.024879999458789832
v 0.014155999757349491 -0.041547998785972595 0.024280000478029258
v 0.013918999582529068 -0.04302100092172623 0.025609999895095832
v 0.013918999582529068 -0.04240399971604347 0.024806000292301185
v 0.013918999582529068 -0.041600000113248825 0.02418899908661843
v 0.013918999582529068 -0.04066399857401848 0.023801000788807876
v 0.014155999757349491 -0.040637001395225525 0.023902999237179763
v 0.015660999342799187 -0.044210001826286316 0.02755000069737435
v 0.015556000173091888 -0.04397299885749817 0.02755000069737435
v 0.015556000173091888 -0.04382599890232086 0.02643400058150292
v 0.015660999342799187 -0.04405499994754791 0.02637200057506562
v 0.015660999342799187 -0.04360000044107437 0.025274999439716346
v 0.015660999342799187 -0.04287699982523918 0.024333000183105476
v 0.015660999342799187 -0.04193500056862831 0.023609999567270286
v 0.015660999342799187 -0.04083799943327904 0.02315500006079674
v 0.015556000173091888 -0.04339500144124031 0.025392999872565276
v 0.015556000173091888 -0.04270999878644943 0.024499999359250076
v 0.015556000173091888 -0.04181699827313423 0.023815000429749496
v 0.015556000173091888 -0.040775999426841736 0.023383999243378643
v 0.019561000168323517 -0.04619700089097023 0.02755000069737435
v 0.01930299960076809 -0.04621899873018265 0.02755000069737435
v 0.019561000168323517 -0.04607100039720535 0.02627499960362912
v 0.01930299960076809 -0.04609299823641777 0.026270000264048583
v 0.01930299960076809 -0.04571999981999397 0.02504000067710877
v 0.01930299960076809 -0.045113999396562576 0.023905999958515174
v 0.01930299960076809 -0.042169999331235886 0.02149000018835068
v 0.01930299960076809 -0.04330400004982948 0.022096000611782077
v 0.01930299960076809 -0.04429800063371658 0.02291199937462807
v 0.019561000168323517 -0.04569900035858154 0.02504800073802472
v 0.019561000168323517 -0.04509500041604042 0.02391799911856652
v 0.019561000168323517 -0.04428200051188469 0.022927999496459964
v 0.019561000168323517 -0.04329200088977814 0.022114999592304233
v 0.019561000168323517 -0.04216200113296509 0.02151099964976311
v 0.019561000168323517 -0.04093499854207039 0.0211389996111393
v 0.019561000168323517 -0.039659999310970306 0.021012999117374424
v 0.01930299960076809 -0.04094000160694122 0.021116999909281734
v 0.01930299960076809 -0.039659999310970306 0.020990999415516857
v 0.019561000168323517 -0.012000000104308128 0.021012999117374424
v 0.01930299960076809 -0.012000000104308128 0.020990999415516857
v 0.01930299960076809 0.005106000229716301 0.006953000091016294
v 0.019561000168323517 0.005127999931573868 0.006957000121474268
v 0.019561000168323517 -0.0022980000358074903 0.01806999929249287
v 0.019561000168323517 -0.0053170002065598965 0.019683999940752987
v 0.019561000168323517 -0.008592999540269375 0.020678000524640087
v 0.019561000168323517 0.004133999813348055 0.010232999920845033
v 0.019561000168323517 0.0003480000013951212 0.015898000448942188
v 0.019561000168323517 0.002520000096410513 0.013252000324428085
v 0.01930299960076809 0.004112999886274338 0.01022399961948395
v 0.01930299960076809 0.002500999951735139 0.013240000233054165
v 0.01930299960076809 0.0003319999959785491 0.015882000327110294
v 0.01930299960076809 -0.002309999894350767 0.018051000311970714
v 0.01930299960076809 -0.005326000042259693 0.019663000479340557
v 0.01930299960076809 -0.008596999570727348 0.02065600082278252
v 0.020732000470161438 -0.047419000416994095 0.02755000069737435
v 0.02073800005018711 -0.04728800058364868 0.02755000069737435
v 0.02071000076830387 -0.047161001712083817 0.02755000069737435
v 0.02071000076830387 -0.04701700061559677 0.02608699910342694
v 0.020732000470161438 -0.047269999980926514 0.026035999879240997
v 0.020732000470161438 -0.046828001737594604 0.024581000208854682
v 0.020732000470161438 -0.04611099883913994 0.02323899976909161
v 0.020732000470161438 -0.045145999640226364 0.02206400036811829
v 0.020732000470161438 -0.043970998376607895 0.021098999306559566
v 0.020732000470161438 -0.042628999799489975 0.0203820001333952
v 0.020732000470161438 -0.04117399826645851 0.01994000002741814
v 0.020732000470161438 -0.039659999310970306 0.01979099959135056
v 0.02071000076830387 -0.04659000039100647 0.024679999798536308
v 0.02071000076830387 -0.045896999537944794 0.023383000865578655
v 0.02071000076830387 -0.04496400058269501 0.022245999425649646
v 0.02071000076830387 -0.04382700100541115 0.02131300047039986
v 0.02071000076830387 -0.04253000020980835 0.020619999617338184
v 0.02071000076830387 -0.04112299904227257 0.020192999392747882
v 0.02071000076830387 -0.039659999310970306 0.020049000158905986
v 0.020732000470161438 -0.012000000104308128 0.01979099959135056
v 0.02071000076830387 -0.012000000104308128 0.020049000158905986
v 0.020732000470161438 -0.005785000044852495 0.018555000424385074
v 0.02071000076830387 -0.009846000000834465 0.019907999783754352
v 0.020732000470161438 -0.009879999794065952 0.0196519996970892
v 0.020732000470161438 -0.007796000223606825 0.01923800073564053
v 0.020732000470161438 -0.002113000024110079 0.016434999182820324
v 0.020732000470161438 -0.0038789999671280384 0.01761499978601933
v 0.020732000470161438 -0.0005159999709576368 0.015034000389277938
v 0.020732000470161438 0.0008849999867379665 0.013437000103294853
v 0.020732000470161438 0.0020649998914450407 0.011671000160276892
v 0.020732000470161438 0.003005000064149499 0.009765000082552435
v 0.020732000470161438 0.0036879999097436666 0.007753999903798105
v 0.020732000470161438 0.004102000035345554 0.0056699998676776895
v 0.02071000076830387 -0.00773000018671155 0.019486999139189724
v 0.02071000076830387 -0.0056859999895095825 0.01879299990832806
v 0.02071000076830387 -0.0037499999161809683 0.017838999629020694
v 0.02071000076830387 -0.001955999992787838 0.016640000045299533
v 0.02071000076830387 -0.0003330000035930425 0.015216999687254432
v 0.02071000076830387 0.0010900000343099236 0.013593999668955806
v 0.02071000076830387 0.00228899996727705 0.011800000444054607
v 0.02071000076830387 0.0032430000137537718 0.00986399967223406
v 0.02071000076830387 0.0039369999431073666 0.00781999994069338
v 0.02071000076830387 0.004358000122010708 0.005704000126570464
v 0.022637000307440758 -0.012000000104308128 0.016482999548316005
v 0.022637000307440758 -0.009122000075876713 0.016158999875187877
v 0.02281999960541725 -0.012000000104308128 0.01630000025033951
v 0.02281999960541725 -0.00916299968957901 0.015979999676346782
v 0.02281999960541725 -0.006467999890446663 0.015037000179290775
v 0.02281999960541725 -0.004050999879837036 0.013518000021576885
v 0.02281999960541725 -0.002032000105828047 0.011498999781906607
v 0.02281999960541725 -0.0005130000063218176 0.00908199977129698
v 0.02281999960541725 0.0004299999854993075 0.006386999972164633
v 0.022637000307440758 -0.006388999987393618 0.015201999805867675
v 0.022637000307440758 -0.003936000168323517 0.013660999946296219
v 0.022637000307440758 -0.0018889999482780695 0.0116140004247427
v 0.022637000307440758 -0.0003480000013951212 0.009161000140011312
v 0.022637000307440758 0.0006089999806135893 0.006428000051528217
v 0.02281999960541725 -0.039659999310970306 0.01630000025033951
v 0.022637000307440758 -0.039659999310970306 0.016482999548316005
v 0.02281999960541725 -0.04257199913263321 0.01668299920856953
v 0.022637000307440758 -0.04252399876713753 0.0168600007891655
v 0.022637000307440758 -0.04519300162792206 0.01796600036323071
v 0.022637000307440758 -0.04748599976301193 0.01972400024533272
v 0.022637000307440758 -0.049244001507759094 0.022017000243067745
v 0.022637000307440758 -0.05034999921917915 0.02468599937856198
v 0.022637000307440758 -0.0507269985973835 0.02755000069737435
v 0.02281999960541725 -0.045285001397132874 0.017806999385356907
v 0.02281999960541725 -0.04761499911546707 0.019595000892877582
v 0.02281999960541725 -0.04940300062298775 0.02192500047385693
v 0.02281999960541725 -0.050526998937129974 0.024638000875711448
v 0.02281999960541725 -0.05090999975800514 0.02755000069737435
v 0.02263999916613102 -0.012000000104308128 0.0146059999242425
v 0.02282099984586239 -0.012000000104308128 0.014787999913096431
v 0.022700000554323196 -0.012000000104308128 0.014646999537944797
v 0.022700000554323196 -0.009127999655902386 0.014268999919295314
v 0.022700000554323196 -0.006451999768614769 0.013159999623894695
v 0.022700000554323196 -0.004153000190854073 0.011397000402212145
v 0.022700000554323196 -0.0023900000378489494 0.009097999893128874
v 0.022700000554323196 -0.0012809999752789736 0.006422000005841257
v 0.02283800020813942 -0.012000000104308128 0.014821000397205356
v 0.02283800020813942 -0.009083000011742115 0.014437000267207626
v 0.02283800020813942 -0.006364999804645777 0.013310999609529976
v 0.02283800020813942 -0.004029999952763319 0.011520000174641611
v 0.02283800020813942 -0.002239000052213669 0.009185000322759153
v 0.02283800020813942 -0.0011129999766126275 0.006467000115662815
v 0.022405000403523445 -0.02867799997329712 0.014537000097334388
v 0.022655000910162926 -0.028730999678373337 0.014615000225603584
v 0.022575000301003456 -0.02873699925839901 0.014573999680578712
v 0.022525999695062637 -0.028738999739289284 0.014557000249624256
v 0.02250000089406967 -0.02873999997973442 0.014550000429153446
v 0.02239600010216236 -0.028742000460624695 0.014537000097334388
v 0.022436000406742096 -0.028450999408960342 0.014538999646902088
v 0.022484000772237778 -0.027977000921964645 0.014546999707818035
v 0.022495999932289124 -0.02774599939584732 0.014549000188708309
v 0.02288700081408024 -0.028686000034213066 0.015026999637484554
v 0.022859999909996986 -0.028700999915599823 0.014874000102281574
v 0.02277900092303753 -0.028717000037431717 0.01472599990665913
v 0.02282099984586239 -0.028710000216960907 0.014787999913096431
v 0.022846000269055367 -0.02870500087738037 0.014836999587714676
v 0.022835999727249146 -0.028826000168919563 0.014829000458121303
v 0.02239600010216236 -0.028744999319314957 0.014538000337779525
v 0.02269200049340725 -0.0288270004093647 0.014654000289738182
v 0.022485999390482903 -0.0288270004093647 0.014560000039637092
v 0.022835999727249146 -0.028828000649809837 0.014829000458121303
v 0.02281999960541725 -0.028828000649809837 0.014800000004470352
v 0.022637000307440758 -0.028828000649809837 0.014616999775171283
v 0.022637000307440758 -0.039659999310970306 0.014616999775171283
v 0.02281999960541725 -0.039659999310970306 0.014800000004470352
v 0.022637000307440758 -0.04253799840807915 0.014941000379621986
v 0.02281999960541725 -0.042497001588344574 0.015119999647140506
v 0.02281999960541725 -0.04519199952483177 0.016062999144196514
v 0.02281999960541725 -0.04760900139808655 0.017581999301910404
v 0.02281999960541725 -0.04962800070643425 0.019601000472903255
v 0.02281999960541725 -0.05114699900150299 0.022018000483512882
v 0.02281999960541725 -0.05209000036120415 0.024713000282645232
v 0.02281999960541725 -0.05240999907255173 0.02755000069737435
v 0.022637000307440758 -0.045271001756191254 0.015898000448942188
v 0.022637000307440758 -0.04772400110960007 0.017439000308513645
v 0.022637000307440758 -0.04977099969983101 0.019486000761389736
v 0.022637000307440758 -0.051311999559402466 0.02193900011479855
v 0.022637000307440758 -0.05226900056004524 0.02467199973762036
v 0.022637000307440758 -0.05259300023317337 0.02755000069737435
v 0.020732000470161438 -0.039659999310970306 0.011308999732136728
v 0.02073800005018711 -0.039659999310970306 0.011177999898791315
v 0.02071000076830387 -0.039659999310970306 0.011051000095903875
v 0.020732000470161438 -0.055762000381946564 0.0254299994558096
v 0.020732000470161438 -0.055348001420497894 0.023345999419689182
v 0.02073800005018711 -0.05603199824690819 0.02755000069737435
v 0.02071000076830387 -0.05615900084376335 0.02755000069737435
v 0.02071000076830387 -0.05601799860596657 0.025396000593900687
v 0.020732000470161438 -0.055900998413562775 0.02755000069737435
v 0.020732000470161438 -0.053725000470876694 0.01942900009453297
v 0.020732000470161438 -0.05466499924659729 0.021335000172257427
v 0.020732000470161438 -0.04954700171947479 0.014665000140666965
v 0.020732000470161438 -0.05114400014281273 0.016065999865531925
v 0.020732000470161438 -0.05254499986767769 0.01766300015151501
v 0.020732000470161438 -0.04778100177645683 0.01348499953746796
v 0.020732000470161438 -0.045875001698732376 0.012544999830424789
v 0.02071000076830387 -0.05559699982404709 0.02328000031411648
v 0.02071000076830387 -0.054903000593185425 0.0212360005825758
v 0.02071000076830387 -0.05394899845123291 0.01930000074207783
v 0.02071000076830387 -0.05274999886751175 0.017505999654531482
v 0.02071000076830387 -0.05132700130343437 0.01588300056755543
v 0.02071000076830387 -0.04970400035381317 0.01446000020951033
v 0.02071000076830387 -0.04791000112891197 0.013260999694466594
v 0.02071000076830387 -0.045974001288414 0.012307000346481804
v 0.02071000076830387 -0.04393000155687332 0.011613000184297563
v 0.02071000076830387 -0.04181399941444397 0.011191999539732935
v 0.020732000470161438 -0.04386400058865547 0.011862000450491909
v 0.020732000470161438 -0.04177999868988991 0.011447999626398088
v 0.019561000168323517 -0.039659999310970306 0.010087000206112863
v 0.01930299960076809 -0.039659999310970306 0.01010899990797043
v 0.019561000168323517 -0.05712300166487694 0.02755000069737435
v 0.019561000168323517 -0.05697400122880936 0.025271000340580947
v 0.01930299960076809 -0.05710100010037422 0.02755000069737435
v 0.01930299960076809 -0.05695100128650665 0.02527399919927121
v 0.01930299960076809 -0.05650600045919418 0.023035999387502674
v 0.01930299960076809 -0.05577300116419792 0.020875999704003338
v 0.01930299960076809 -0.054763998836278915 0.018829999491572384
v 0.01930299960076809 -0.05349700152873993 0.01693299971520901
v 0.01930299960076809 -0.05199199914932251 0.01521799992769957
v 0.01930299960076809 -0.050276998430490494 0.013713000342249874
v 0.01930299960076809 -0.04837999865412712 0.012446000240743164
v 0.01930299960076809 -0.04633399844169617 0.011436999775469305
v 0.01930299960076809 -0.04417400062084198 0.010703999549150469
v 0.01930299960076809 -0.0419359989464283 0.010258999653160574
v 0.019561000168323517 -0.0565279982984066 0.023029999807477
v 0.019561000168323517 -0.05579400062561035 0.020866999402642254
v 0.019561000168323517 -0.05478399991989136 0.018818000331521038
v 0.019561000168323517 -0.0535149984061718 0.01691900007426739
v 0.019561000168323517 -0.052007999271154404 0.015201999805867675
v 0.019561000168323517 -0.05029100179672241 0.013694999739527706
v 0.019561000168323517 -0.048392001539468765 0.012426000088453296
v 0.019561000168323517 -0.04634299874305725 0.011416000314056875
v 0.019561000168323517 -0.044179998338222504 0.010681999847292902
v 0.019561000168323517 -0.04193900153040886 0.01023599971085787
v 0.014334999956190586 -0.05816100165247917 0.019392000511288646
v 0.01422099955379963 -0.059094998985528946 0.021933000534772876
v 0.014281000010669231 -0.05814199894666672 0.019329000264406208
v 0.01387100014835596 -0.05894500017166138 0.02197699993848801
v 0.013805000111460686 -0.05792799964547157 0.019437000155448917
v 0.013914999552071095 -0.05804000049829483 0.019376000389456752
v 0.014058999717235565 -0.058115001767873764 0.019340999424457554
v 0.014030000194907188 -0.059053998440504074 0.021944999694824222
v 0.014223000034689903 -0.05813699960708618 0.019311999902129177
v 0.01425199955701828 -0.05813699960708618 0.01931400038301945
v 0.01422099955379963 -0.059689998626708984 0.02471400052309037
v 0.01422099955379963 -0.05988999828696251 0.02755000069737435
v 0.014030000194907188 -0.059647999703884125 0.024720000103116042
v 0.014030000194907188 -0.05984700098633766 0.02755000069737435
v 0.01387100014835596 -0.05953599885106087 0.024736000224947936
v 0.01387100014835596 -0.059735000133514404 0.02755000069737435
v 0.01566700078547001 -0.057976000010967255 0.021247999742627147
v 0.01564900018274784 -0.05840599909424782 0.023230999708175663
v 0.015660999342799187 -0.058706000447273254 0.02360500022768975
v 0.015660999342799187 -0.05900900065898895 0.025567000731825835
v 0.01566700078547001 -0.05796299874782562 0.021190000697970394
v 0.01566299982368946 -0.05789700150489807 0.02083300054073334
v 0.015654999762773514 -0.05789000168442726 0.020678000524640087
v 0.015636999160051346 -0.05791499838232994 0.02057299949228764
v 0.015556000173091888 -0.05893699824810028 0.023556999862194068
v 0.01559900026768446 -0.05797399953007698 0.020498000085353855
v 0.015556000173091888 -0.05802600085735321 0.020462999120354656
v 0.01549100037664175 -0.058086998760700226 0.02043399959802628
v 0.015556000173091888 -0.0593469999730587 0.02755000069737435
v 0.015556000173091888 -0.05924399942159653 0.025543000549077995
v 0.015660999342799187 -0.05911000072956085 0.02755000069737435
v 0.010003999806940556 -0.05776200070977211 0.016803000122308735
v 0.010003999806940556 -0.05779600143432617 0.016883000731468204
v 0.00999400019645691 -0.05926299840211868 0.019597999751567844
v 0.009998999536037445 -0.057610999792814255 0.01640800014138222
v 0.009984999895095825 -0.05756999924778938 0.016218999400734905
v 0.009956000372767448 -0.05757800117135048 0.01608799956738949
v 0.00991899985820055 -0.05942999944090843 0.01953000016510487
v 0.009885000064969063 -0.05763600021600723 0.01597799919545651
v 0.00977999996393919 -0.0595569983124733 0.019478999078273777
v 0.009757000021636486 -0.057711001485586166 0.015895999968051914
v 0.00977999996393919 -0.061131998896598816 0.02755000069737435
v 0.00977999996393919 -0.06073400005698204 0.0234379991889
v 0.00991899985820055 -0.06099500134587288 0.02755000069737435
v 0.00991899985820055 -0.060600001364946365 0.023465000092983253
v 0.00999400019645691 -0.0608149990439415 0.02755000069737435
v 0.00999400019645691 -0.060423001646995544 0.023499000817537315
v 0.008422999642789364 -0.06032700091600418 0.02081900089979172
v 0.008105999790132046 -0.05882599949836731 0.017759000882506374
v 0.008580000139772892 -0.05767099931836128 0.015371000394225124
v 0.008422999642789364 -0.05901600047945976 0.017661999911069873
v 0.008050999604165554 -0.05703900009393692 0.015042999759316448
v 0.008070999756455421 -0.05717200040817261 0.015146000310778621
v 0.00811699964106083 -0.057321999222040176 0.015224000439047817
v 0.008228999562561512 -0.05750099942088127 0.015285000205039981
v 0.008243000134825706 -0.058949001133441925 0.017696000635623935
v 0.008375000208616257 -0.05761399865150452 0.015320999547839168
v 0.00853899959474802 -0.057663001120090485 0.015352999791502956
v 0.008422999642789364 -0.06112699955701828 0.024142000824213035
v 0.008422999642789364 -0.061395999044179916 0.02755000069737435
v 0.008243000134825706 -0.061051998287439346 0.02415399998426438
v 0.008243000134825706 -0.061319999396800995 0.02755000069737435
v 0.008105999790132046 -0.0609159991145134 0.024175999686121948
v 0.008105999790132046 -0.06118199974298477 0.02755000069737435
v 0.008105999790132046 -0.060123998671770096 0.02088500000536442
v 0.008243000134825706 -0.06025499850511551 0.020842000842094425
v 0.004468999803066254 -0.039659999310970306 0.005557999946177007
v 0.004372000228613615 -0.039659999310970306 0.005388000048696996
v 0.004217999987304211 -0.039659999310970306 0.005268999841064216
v 0.004468999803066254 -0.058706000447273254 0.01655399985611439
v 0.004468999803066254 -0.05650699883699417 0.013414000160992149
v 0.004468999803066254 -0.06131799891591072 0.023731000721454627
v 0.004372000228613615 -0.058851998299360275 0.016468999907374385
v 0.004372000228613615 -0.0566370002925396 0.013305000029504303
v 0.004217999987304211 -0.058956000953912735 0.016410000622272495
v 0.004217999987304211 -0.056728001683950424 0.013228000141680244
v 0.004217999987304211 -0.043529000133275986 0.005607999861240388
v 0.004217999987304211 -0.060596998780965805 0.019928999245166782
v 0.004217999987304211 -0.053982000797986984 0.010482000187039377
v 0.004217999987304211 -0.05079999938607216 0.008253999985754492
v 0.004217999987304211 -0.04728100076317787 0.006612999830394985
v 0.004372000228613615 -0.053904999047517776 0.010572999715805055
v 0.004372000228613615 -0.05074099823832512 0.008357999846339228
v 0.004372000228613615 -0.047240000218153 0.006725000217556955
v 0.004468999803066254 -0.05379600077867508 0.010703000240027906
v 0.004468999803066254 -0.050655998289585114 0.008503999561071398
v 0.004468999803066254 -0.047182001173496246 0.006883999798446895
v 0.004217999987304211 -0.0619410015642643 0.02755000069737435
v 0.004217999987304211 -0.06160200014710426 0.02368099987506867
v 0.004372000228613615 -0.06182200089097023 0.02755000069737435
v 0.004372000228613615 -0.06148499995470047 0.0237019993364811
v 0.004468999803066254 -0.06165200099349022 0.02755000069737435
v 0.004372000228613615 -0.060485001653432846 0.019969999790191654
v 0.004468999803066254 -0.060325998812913895 0.020028000697493557
v 0.004468999803066254 -0.04347899928689003 0.0058920001611113566
v 0.004372000228613615 -0.043508000671863556 0.005725000053644181
v 0.002583000110462308 -0.04255500063300133 0.005557000171393157
v 0.002583000110462308 -0.04540099948644638 0.006122999824583532
v 0.0027779999654740095 -0.06201300024986267 0.02755000069737435
v 0.0027779999654740095 -0.061820998787879944 0.024631999433040626
v 0.002583000110462308 -0.06184300035238266 0.02755000069737435
v 0.002583000110462308 -0.06165299937129021 0.02465499937534333
v 0.002583000110462308 -0.061087001115083694 0.021809000521898273
v 0.002583000110462308 -0.06015399843454361 0.01906099915504456
v 0.002583000110462308 -0.05887100100517273 0.016458999365568164
v 0.002583000110462308 -0.05725900083780289 0.014046000316739086
v 0.002583000110462308 -0.05534600093960762 0.011864000000059608
v 0.002583000110462308 -0.05316400155425072 0.00995100010186434
v 0.002583000110462308 -0.05075100064277649 0.008338999934494497
v 0.002583000110462308 -0.048149000853300095 0.0070560001768171805
v 0.0027779999654740095 -0.06125099956989288 0.02176499925553799
v 0.0027779999654740095 -0.06031100079417229 0.018996000289916996
v 0.0027779999654740095 -0.05901800096035004 0.01637399941682816
v 0.0027779999654740095 -0.05739400163292885 0.013942999765276912
v 0.0027779999654740095 -0.055465999990701675 0.011744000017642978
v 0.0027779999654740095 -0.05326699838042259 0.009816000238060953
v 0.0027779999654740095 -0.050836000591516495 0.00819199997931719
v 0.0027779999654740095 -0.04821399971842766 0.00689900014549494
v 0.0027779999654740095 -0.045444998890161514 0.005958999972790481
v 0.0027779999654740095 -0.04257800057530403 0.005388999823480845
v -0.002583000110462308 -0.06184300035238266 0.02755000069737435
v -0.002583000110462308 -0.0615059994161129 0.023698000237345702
v -0.0027779999654740095 -0.06201300024986267 0.02755000069737435
v -0.0027779999654740095 -0.06167300045490265 0.023669000715017326
v -0.0027779999654740095 -0.06066500023007393 0.01990500092506409
v -0.0027779999654740095 -0.05901800096035004 0.01637399941682816
v -0.0027779999654740095 -0.05678299814462662 0.013182000257074836
v -0.0027779999654740095 -0.05402800068259239 0.010427000001072885
v -0.0027779999654740095 -0.050836000591516495 0.00819199997931719
v -0.0027779999654740095 -0.04730499908328056 0.006544999778270723
v -0.0027779999654740095 -0.04354099929332733 0.0055370000191032895
v -0.002583000110462308 -0.06050499901175499 0.019962999969720844
v -0.002583000110462308 -0.05887100100517273 0.016458999365568164
v -0.002583000110462308 -0.05665300041437149 0.013291000388562683
v -0.002583000110462308 -0.053918998688459396 0.010556999593973162
v -0.002583000110462308 -0.05075100064277649 0.008338999934494497
v -0.002583000110462308 -0.04724700003862381 0.006705000065267088
v -0.002583000110462308 -0.043512001633644104 0.005704000126570464
v -0.004217999987304211 -0.039659999310970306 0.005268999841064216
v -0.004372000228613615 -0.039659999310970306 0.005388000048696996
v -0.004468999803066254 -0.039659999310970306 0.005557999946177007
v -0.004217999987304211 -0.058956000953912735 0.016410000622272495
v -0.004217999987304211 -0.056728001683950424 0.013228000141680244
v -0.004217999987304211 -0.06160200014710426 0.02368099987506867
v -0.004372000228613615 -0.058851998299360275 0.016468999907374385
v -0.004372000228613615 -0.0566370002925396 0.013305000029504303
v -0.004468999803066254 -0.058706000447273254 0.01655399985611439
v -0.004468999803066254 -0.05650699883699417 0.013414000160992149
v -0.004468999803066254 -0.04347899928689003 0.0058920001611113566
v -0.004468999803066254 -0.060325998812913895 0.020028000697493557
v -0.004468999803066254 -0.05379600077867508 0.010703000240027906
v -0.004468999803066254 -0.050655998289585114 0.008503999561071398
v -0.004468999803066254 -0.047182001173496246 0.006883999798446895
v -0.004372000228613615 -0.053904999047517776 0.010572999715805055
v -0.004372000228613615 -0.05074099823832512 0.008357999846339228
v -0.004372000228613615 -0.047240000218153 0.006725000217556955
v -0.004217999987304211 -0.053982000797986984 0.010482000187039377
v -0.004217999987304211 -0.05079999938607216 0.008253999985754492
v -0.004217999987304211 -0.04728100076317787 0.006612999830394985
v -0.004468999803066254 -0.06165200099349022 0.02755000069737435
v -0.004468999803066254 -0.06131799891591072 0.023731000721454627
v -0.004372000228613615 -0.06182200089097023 0.02755000069737435
v -0.004372000228613615 -0.06148499995470047 0.0237019993364811
v -0.004217999987304211 -0.0619410015642643 0.02755000069737435
v -0.004372000228613615 -0.060485001653432846 0.019969999790191654
v -0.004217999987304211 -0.060596998780965805 0.019928999245166782
v -0.004217999987304211 -0.043529000133275986 0.005607999861240388
v -0.004372000228613615 -0.043508000671863556 0.005725000053644181
v -0.02071700058877468 0.0029460000805556774 0.009740999899804594
v -0.02071700058877468 -0.0005610000225715339 0.014988999813795093
v -0.02071700058877468 -0.003011999884620309 0.017000999301671985
v -0.02071700058877468 -0.008844000287353992 0.019416999071836475
v -0.02068299986422062 0.0042409999296069145 0.0067799999378621596
v -0.02068299986422062 0.00329799996688962 0.009886999614536764
v -0.02068299986422062 -0.00279999990016222 0.017317999154329303
v -0.02068299986422062 -0.005663000047206879 0.01884800009429455
v -0.02068299986422062 -0.012000000104308128 0.020108999684453014
v -0.02068299986422062 -0.00877000018954277 0.01979099959135056
v -0.02073800005018711 -0.012000000104308128 0.019921999424695972
v -0.02073800005018711 -0.008806000463664532 0.019607000052928928
v -0.02071700058877468 -0.012000000104308128 0.01972799934446812
v -0.02071700058877468 -0.005809000227600336 0.018495999276638034
v -0.02073800005018711 -0.005735000129789114 0.01867499947547913
v -0.02073800005018711 -0.0029039999935775995 0.01716200076043606
v -0.02068299986422062 -0.000291000003926456 0.015258999541401867
v -0.02073800005018711 -0.0004239999980200082 0.015126000158488754
v -0.02071700058877468 0.0014509999891743064 0.01253800000995398
v -0.02073800005018711 0.0016120000509545207 0.012645999900996688
v -0.02068299986422062 0.0017679999582469463 0.012749999761581424
v -0.02073800005018711 0.0031250000465661287 0.009814999997615816
v -0.02073800005018711 0.004056999925523996 0.0067440001294016855
v -0.02071700058877468 0.0038670001085847616 0.0067059998400509375
v -0.02068299986422062 -0.039659999310970306 0.020108999684453014
v -0.02073800005018711 -0.039659999310970306 0.019921999424695972
v -0.02071700058877468 -0.039659999310970306 0.01972799934446812
v -0.02071700058877468 -0.0442579984664917 0.021221999078989032
v -0.02071700058877468 -0.04598800092935562 0.022951999679207805
v -0.02068299986422062 -0.041958998888731 0.020472999662160877
v -0.02068299986422062 -0.04403400048613548 0.021530000492930416
v -0.02068299986422062 -0.04568000137805939 0.02317599952220917
v -0.02068299986422062 -0.04673700034618378 0.025250999256968505
v -0.02073800005018711 -0.046914998441934586 0.02519300021231175
v -0.02073800005018711 -0.045830998569726944 0.023065999150276188
v -0.02071700058877468 -0.047099001705646515 0.025133000686764724
v -0.02068299986422062 -0.04710099846124649 0.02755000069737435
v -0.02073800005018711 -0.04728800058364868 0.02755000069737435
v -0.02071700058877468 -0.047481998801231384 0.02755000069737435
v -0.02073800005018711 -0.044144000858068466 0.02137899957597256
v -0.02071700058877468 -0.04207700118422508 0.020111000165343288
v -0.02073800005018711 -0.042017001658678055 0.02029499970376492
v -0.01961500011384487 -0.012000000104308128 0.02096899971365929
v -0.01961500011384487 -0.009726000018417835 0.02081999927759171
v -0.01961500011384487 0.005270000081509352 0.005824000108987094
v -0.019360000267624855 0.0053980001248419285 0.0036720000207424172
v -0.019359000027179718 0.005249000154435635 0.00582099985331297
v -0.01933700032532215 0.0053889998234808445 0.0036849998869001874
v -0.01923700049519539 0.005332999862730503 0.0037269999738782653
v -0.019359000027179718 -0.012000000104308128 0.02094800025224686
v -0.019359000027179718 -0.009728999808430672 0.02079899981617928
v -0.019359000027179718 -0.0074970000423491 0.020354999229311947
v -0.019359000027179718 -0.005342000164091587 0.019623000174760822
v -0.019359000027179718 -0.0033009999897331 0.018617000430822376
v -0.019359000027179718 -0.0014090000186115503 0.017353000119328502
v -0.019359000027179718 0.0003020000003743917 0.01585200056433678
v -0.019359000027179718 0.0018029999919235706 0.014140999875962738
v -0.019359000027179718 0.0030670000705868006 0.012249000370502475
v -0.019359000027179718 0.00407300004735589 0.01020800042897463
v -0.019359000027179718 0.0048050000332295895 0.00805300008505583
v -0.01961500011384487 0.004825000185519457 0.00805800035595894
v -0.01961500011384487 0.004093000199645758 0.010215999558568003
v -0.01961500011384487 0.0030849999748170376 0.012258999980986122
v -0.01961500011384487 0.0018189999973401427 0.014154000207781795
v -0.01961500011384487 0.0003169999981764704 0.015867000445723537
v -0.01961500011384487 -0.0013960000360384583 0.017369000241160396
v -0.01961500011384487 -0.0032909999135881662 0.018634999170899395
v -0.01961500011384487 -0.00533400010317564 0.019642999395728115
v -0.01961500011384487 -0.00749199977144599 0.02037500031292439
v -0.019359000027179718 -0.039659999310970306 0.02094800025224686
v -0.01961500011384487 -0.039659999310970306 0.02096899971365929
v -0.019359000027179718 -0.04170000180602074 0.02127099968492985
v -0.01961500011384487 -0.041694000363349915 0.021291000768542293
v -0.01961500011384487 -0.043528001755476 0.022226000204682354
v -0.01961500011384487 -0.04498400166630745 0.02368200011551381
v -0.01961500011384487 -0.04591900110244751 0.025515999644994743
v -0.01961500011384487 -0.046241000294685364 0.02755000069737435
v -0.019359000027179718 -0.04354099929332733 0.022208999842405323
v -0.019359000027179718 -0.04500100016593933 0.023669000715017326
v -0.019359000027179718 -0.04593899846076965 0.02551000006496907
v -0.019359000027179718 -0.046261999756097794 0.02755000069737435
v -0.022637000307440758 0.0006089999806135893 0.006428000051528217
v -0.02281999960541725 0.0004299999854993075 0.006386999972164633
v -0.02281999960541725 -0.0005130000063218176 0.00908199977129698
v -0.02281999960541725 -0.002032000105828047 0.011498999781906607
v -0.02281999960541725 -0.004050999879837036 0.013518000021576885
v -0.02281999960541725 -0.006467999890446663 0.015037000179290775
v -0.02281999960541725 -0.00916299968957901 0.015979999676346782
v -0.02281999960541725 -0.012000000104308128 0.01630000025033951
v -0.022637000307440758 -0.0003480000013951212 0.009161000140011312
v -0.022637000307440758 -0.0018889999482780695 0.0116140004247427
v -0.022637000307440758 -0.003936000168323517 0.013660999946296219
v -0.022637000307440758 -0.006388999987393618 0.015201999805867675
v -0.022637000307440758 -0.009122000075876713 0.016158999875187877
v -0.022637000307440758 -0.012000000104308128 0.016482999548316005
v -0.022637000307440758 -0.039659999310970306 0.016482999548316005
v -0.02281999960541725 -0.039659999310970306 0.01630000025033951
v -0.02281999960541725 -0.05090999975800514 0.02755000069737435
v -0.02281999960541725 -0.050526998937129974 0.024638000875711448
v -0.022637000307440758 -0.0507269985973835 0.02755000069737435
v -0.022637000307440758 -0.05034999921917915 0.02468599937856198
v -0.022637000307440758 -0.049244001507759094 0.022017000243067745
v -0.022637000307440758 -0.04748599976301193 0.01972400024533272
v -0.022637000307440758 -0.04519300162792206 0.01796600036323071
v -0.022637000307440758 -0.04252399876713753 0.0168600007891655
v -0.02281999960541725 -0.04940300062298775 0.02192500047385693
v -0.02281999960541725 -0.04761499911546707 0.019595000892877582
v -0.02281999960541725 -0.045285001397132874 0.017806999385356907
v -0.02281999960541725 -0.04257199913263321 0.01668299920856953
v -0.02283800020813942 -0.0011129999766126275 0.006467000115662815
v -0.02282099984586239 -0.012000000104308128 0.014787999913096431
v -0.02283800020813942 -0.012000000104308128 0.014821000397205356
v -0.02283800020813942 -0.009083000011742115 0.014437000267207626
v -0.022700000554323196 -0.0012809999752789736 0.006422000005841257
v -0.02263999916613102 -0.012000000104308128 0.0146059999242425
v -0.022700000554323196 -0.012000000104308128 0.014646999537944797
v -0.022700000554323196 -0.009127999655902386 0.014268999919295314
v -0.022700000554323196 -0.0023900000378489494 0.009097999893128874
v -0.022700000554323196 -0.004153000190854073 0.011397000402212145
v -0.022700000554323196 -0.006451999768614769 0.013159999623894695
v -0.02283800020813942 -0.002239000052213669 0.009185000322759153
v -0.02283800020813942 -0.004029999952763319 0.011520000174641611
v -0.02283800020813942 -0.006364999804645777 0.013310999609529976
v -0.022846000269055367 -0.02870500087738037 0.014836999587714676
v -0.022859999909996986 -0.028700999915599823 0.014874000102281574
v -0.02288700081408024 -0.028686000034213066 0.015026999637484554
v -0.022655000910162926 -0.028730999678373337 0.014615000225603584
v -0.02277900092303753 -0.028717000037431717 0.01472599990665913
v -0.02282099984586239 -0.028710000216960907 0.014787999913096431
v -0.022525999695062637 -0.028738999739289284 0.014557000249624256
v -0.022425999864935875 -0.028528999537229538 0.014538999646902088
v -0.02250000089406967 -0.02873999997973442 0.014550000429153446
v -0.02239600010216236 -0.028742000460624695 0.014537000097334388
v -0.022575000301003456 -0.02873699925839901 0.014573999680578712
v -0.022485999390482903 -0.0288270004093647 0.014560000039637092
v -0.02239600010216236 -0.028744999319314957 0.014538000337779525
v -0.02269200049340725 -0.0288270004093647 0.014654000289738182
v -0.022835999727249146 -0.028826000168919563 0.014829000458121303
v -0.022835999727249146 -0.028828000649809837 0.014829000458121303
v -0.02281999960541725 -0.028828000649809837 0.014800000004470352
v -0.022637000307440758 -0.028828000649809837 0.014616999775171283
v -0.02281999960541725 -0.039659999310970306 0.014800000004470352
v -0.022637000307440758 -0.039659999310970306 0.014616999775171283
v -0.022637000307440758 -0.05259300023317337 0.02755000069737435
v -0.022637000307440758 -0.05226900056004524 0.02467199973762036
v -0.02281999960541725 -0.05240999907255173 0.02755000069737435
v -0.02281999960541725 -0.05209000036120415 0.024713000282645232
v -0.02281999960541725 -0.05114699900150299 0.022018000483512882
v -0.02281999960541725 -0.04962800070643425 0.019601000472903255
v -0.02281999960541725 -0.04760900139808655 0.017581999301910404
v -0.02281999960541725 -0.04519199952483177 0.016062999144196514
v -0.02281999960541725 -0.042497001588344574 0.015119999647140506
v -0.022637000307440758 -0.051311999559402466 0.02193900011479855
v -0.022637000307440758 -0.04977099969983101 0.019486000761389736
v -0.022637000307440758 -0.04772400110960007 0.017439000308513645
v -0.022637000307440758 -0.045271001756191254 0.015898000448942188
v -0.022637000307440758 -0.04253799840807915 0.014941000379621986
v 0.024980999529361725 -0.020788999274373055 -0.018100000917911533
v 0.0258799996227026 -0.019658999517560005 -0.018100000917911533
v 0.028581999242305756 -0.015469999983906746 -0.018100000917911533
v 0.02890400029718876 -0.01486000046133995 -0.018100000917911533
v 0.030611999332904816 -0.01091699954122305 -0.018100000917911533
v 0.031442999839782715 -0.008220000192523003 -0.018100000917911533
v 0.019863000139594078 -0.025723999366164207 -0.018100000917911533
v 0.022569000720977783 -0.023384999483823776 -0.018100000917911533
v 0.01444500032812357 -0.029113000258803368 -0.018100000917911533
v 0.018727999180555344 -0.026561999693512917 -0.018100000917911533
v 0.004970000125467777 -0.03211800009012222 -0.018100000917911533
v 0.007067000027745962 -0.03172200173139572 -0.018100000917911533
v 0.009823000058531761 -0.030980000272393227 -0.018100000917911533
v 0.013794999569654465 -0.029426999390125275 -0.018100000917911533
v 0.0 -0.032499998807907104 -0.018100000917911533
v -0.004970000125467777 -0.03211800009012222 -0.018100000917911533
v -0.007067000027745962 -0.03172200173139572 -0.018100000917911533
v -0.018727999180555344 -0.026561999693512917 -0.018100000917911533
v -0.01444500032812357 -0.029113000258803368 -0.018100000917911533
v -0.013794999569654465 -0.029426999390125275 -0.018100000917911533
v -0.009823000058531761 -0.030980000272393227 -0.018100000917911533
v -0.0258799996227026 -0.019658999517560005 -0.018100000917911533
v -0.024980999529361725 -0.020788999274373055 -0.018100000917911533
v -0.022569000720977783 -0.023384999483823776 -0.018100000917911533
v -0.019863000139594078 -0.025723999366164207 -0.018100000917911533
v -0.028581999242305756 -0.015469999983906746 -0.018100000917911533
v -0.02890400029718876 -0.01486000046133995 -0.018100000917911533
v -0.030611999332904816 -0.01091699954122305 -0.018100000917911533
v -0.031442999839782715 -0.008220000192523003 -0.018100000917911533
v -0.009634999558329582 0.002047999994829297 -0.0032500000670552262
v -0.009850000031292439 0.0 -0.0032500000670552262
v -0.011652999557554722 0.0 -0.0032500000670552262
v 0.009634999558329582 -0.002047999994829297 -0.0032500000670552262
v 0.009850000031292439 0.0 -0.0032500000670552262
v 0.011652999557554722 0.0 -0.0032500000670552262
v 0.005888000130653381 -0.021974999457597733 -0.0032500000670552262
v -0.005888000130653381 0.021974999457597733 -0.0032500000670552262
v -0.0057749999687075615 0.013124999590218067 -0.0032500000670552262
v -0.011652999557554722 0.013124999590218067 -0.0032500000670552262
v 0.01608699932694435 0.01608699932694435 -0.0032500000670552262
v 0.01970200054347515 0.011374999769032001 -0.0032500000670552262
v 0.011652999557554722 0.013124999590218067 -0.0032500000670552262
v 0.021974999457597733 0.005888000130653381 -0.0032500000670552262
v 0.022749999538064003 0.0 -0.0032500000670552262
v -0.0008500000112690032 0.01897200010716915 -0.0032500000670552262
v 0.0 0.019200000911951065 -0.0032500000670552262
v 0.0 0.022749999538064003 -0.0032500000670552262
v 0.0008500000112690032 0.01897200010716915 -0.0032500000670552262
v 0.005888000130653381 0.021974999457597733 -0.0032500000670552262
v 0.0014720000326633453 0.01834999956190586 -0.0032500000670552262
v 0.0017000000225380063 0.017500000074505806 -0.0032500000670552262
v -0.0014720000326633453 0.01834999956190586 -0.0032500000670552262
v -0.0017000000225380063 0.017500000074505806 -0.0032500000670552262
v -0.0014720000326633453 0.01665000058710575 -0.0032500000670552262
v -0.0008500000112690032 0.01602800004184246 -0.0032500000670552262
v 0.0 0.015799999237060547 -0.0032500000670552262
v 0.0057749999687075615 0.013124999590218067 -0.0032500000670552262
v 0.0008500000112690032 0.01602800004184246 -0.0032500000670552262
v 0.0014720000326633453 0.01665000058710575 -0.0032500000670552262
v 0.011374999769032001 0.01970200054347515 -0.0032500000670552262
v -0.01970200054347515 0.011374999769032001 -0.0032500000670552262
v -0.01608699932694435 0.01608699932694435 -0.0032500000670552262
v -0.011374999769032001 0.01970200054347515 -0.0032500000670552262
v -0.01980300061404705 0.0101500004529953 -0.0032500000670552262
v -0.021974999457597733 0.005888000130653381 -0.0032500000670552262
v -0.01980300061404705 0.0 -0.0032500000670552262
v -0.022749999538064003 0.0 -0.0032500000670552262
v -0.01980300061404705 -0.0101500004529953 -0.0032500000670552262
v -0.021974999457597733 -0.005888000130653381 -0.0032500000670552262
v -0.01970200054347515 -0.011374999769032001 -0.0032500000670552262
v -0.011652999557554722 -0.013124999590218067 -0.0032500000670552262
v -0.01608699932694435 -0.01608699932694435 -0.0032500000670552262
v 0.0057749999687075615 -0.013124999590218067 -0.0032500000670552262
v -0.011374999769032001 -0.01970200054347515 -0.0032500000670552262
v -0.0057749999687075615 -0.013124999590218067 -0.0032500000670552262
v -0.005888000130653381 -0.021974999457597733 -0.0032500000670552262
v 0.0 -0.022749999538064003 -0.0032500000670552262
v 0.011652999557554722 -0.013124999590218067 -0.0032500000670552262
v 0.011374999769032001 -0.01970200054347515 -0.0032500000670552262
v 0.01970200054347515 -0.011374999769032001 -0.0032500000670552262
v 0.01608699932694435 -0.01608699932694435 -0.0032500000670552262
v 0.021974999457597733 -0.005888000130653381 -0.0032500000670552262
v 0.011652999557554722 -0.0101500004529953 -0.0032500000670552262
v -0.011652999557554722 -0.0101500004529953 -0.0032500000670552262
v -0.011652999557554722 0.0101500004529953 -0.0032500000670552262
v 0.00899800006300211 -0.004005999770015478 -0.0032500000670552262
v 0.003043999895453453 -0.009367999620735645 -0.0032500000670552262
v 0.004925000015646219 -0.00853000022470951 -0.0032500000670552262
v 0.0057749999687075615 -0.0101500004529953 -0.0032500000670552262
v 0.0065910001285374165 -0.007319999858736992 -0.0032500000670552262
v 0.00796900037676096 -0.005789999850094318 -0.0032500000670552262
v -0.004925000015646219 -0.00853000022470951 -0.0032500000670552262
v -0.003043999895453453 -0.009367999620735645 -0.0032500000670552262
v -0.0057749999687075615 -0.0101500004529953 -0.0032500000670552262
v -0.0010300000431016088 -0.009796000085771084 -0.0032500000670552262
v 0.0010300000431016088 -0.009796000085771084 -0.0032500000670552262
v -0.009634999558329582 -0.002047999994829297 -0.0032500000670552262
v -0.00899800006300211 -0.004005999770015478 -0.0032500000670552262
v -0.00796900037676096 -0.005789999850094318 -0.0032500000670552262
v -0.0065910001285374165 -0.007319999858736992 -0.0032500000670552262
v -0.00899800006300211 0.004005999770015478 -0.0032500000670552262
v 0.004925000015646219 0.00853000022470951 -0.0032500000670552262
v 0.003043999895453453 0.009367999620735645 -0.0032500000670552262
v 0.0057749999687075615 0.0101500004529953 -0.0032500000670552262
v 0.0010300000431016088 0.009796000085771084 -0.0032500000670552262
v -0.0057749999687075615 0.0101500004529953 -0.0032500000670552262
v -0.0010300000431016088 0.009796000085771084 -0.0032500000670552262
v -0.003043999895453453 0.009367999620735645 -0.0032500000670552262
v -0.004925000015646219 0.00853000022470951 -0.0032500000670552262
v -0.0065910001285374165 0.007319999858736992 -0.0032500000670552262
v -0.00796900037676096 0.005789999850094318 -0.0032500000670552262
v 0.009634999558329582 0.002047999994829297 -0.0032500000670552262
v 0.011652999557554722 0.0101500004529953 -0.0032500000670552262
v 0.00899800006300211 0.004005999770015478 -0.0032500000670552262
v 0.00796900037676096 0.005789999850094318 -0.0032500000670552262
v 0.0065910001285374165 0.007319999858736992 -0.0032500000670552262
v 0.022749999538064003 0.0 -0.006250000093132259
v 0.021974999457597733 -0.005888000130653381 -0.006250000093132259
v 0.01970200054347515 -0.011374999769032001 -0.006250000093132259
v 0.01608699932694435 -0.01608699932694435 -0.006250000093132259
v 0.011374999769032001 -0.01970200054347515 -0.006250000093132259
v 0.005888000130653381 -0.021974999457597733 -0.006250000093132259
v 0.0 -0.022749999538064003 -0.006250000093132259
v -0.005888000130653381 -0.021974999457597733 -0.006250000093132259
v -0.011374999769032001 -0.01970200054347515 -0.006250000093132259
v -0.01608699932694435 -0.01608699932694435 -0.006250000093132259
v -0.01970200054347515 -0.011374999769032001 -0.006250000093132259
v -0.021974999457597733 -0.005888000130653381 -0.006250000093132259
v -0.022749999538064003 0.0 -0.006250000093132259
v -0.021974999457597733 0.005888000130653381 -0.006250000093132259
v -0.01970200054347515 0.011374999769032001 -0.006250000093132259
v -0.01608699932694435 0.01608699932694435 -0.006250000093132259
v -0.011374999769032001 0.01970200054347515 -0.006250000093132259
v -0.005888000130653381 0.021974999457597733 -0.006250000093132259
v 0.0 0.022749999538064003 -0.006250000093132259
v 0.005888000130653381 0.021974999457597733 -0.006250000093132259
v 0.011374999769032001 0.01970200054347515 -0.006250000093132259
v 0.01608699932694435 0.01608699932694435 -0.006250000093132259
v 0.01970200054347515 0.011374999769032001 -0.006250000093132259
v 0.021974999457597733 0.005888000130653381 -0.006250000093132259
v -0.015297999605536461 -0.018492000177502632 -0.006250000093132259
v -0.019416000694036484 -0.014107000082731247 -0.006250000093132259
v -0.022314999252557755 -0.008834999985992908 -0.006250000093132259
v -0.02381099946796894 -0.003008000086992979 -0.006250000093132259
v -0.02381099946796894 0.003008000086992979 -0.006250000093132259
v -0.022314999252557755 0.008834999985992908 -0.006250000093132259
v -0.019416000694036484 0.014107000082731247 -0.006250000093132259
v -0.015297999605536461 0.018492000177502632 -0.006250000093132259
v -0.010219000279903412 0.021716000512242317 -0.006250000093132259
v -0.004497000016272068 0.02357500046491623 -0.006250000093132259
v 0.0015069999499246478 0.023953000083565712 -0.006250000093132259
v 0.007416000124067068 0.022825000807642937 -0.006250000093132259
v 0.012860000133514404 0.020263999700546265 -0.006250000093132259
v 0.01749500073492527 0.016428999602794647 -0.006250000093132259
v 0.021030999720096588 0.011562000028789043 -0.006250000093132259
v 0.023245999589562416 0.005969000048935413 -0.006250000093132259
v 0.024000000208616257 0.0 -0.006250000093132259
v 0.023245999589562416 -0.005969000048935413 -0.006250000093132259
v 0.021030999720096588 -0.011562000028789043 -0.006250000093132259
v 0.01749500073492527 -0.016428999602794647 -0.006250000093132259
v 0.012860000133514404 -0.020263999700546265 -0.006250000093132259
v 0.007416000124067068 -0.022825000807642937 -0.006250000093132259
v 0.0015069999499246478 -0.023953000083565712 -0.006250000093132259
v -0.004497000016272068 -0.02357500046491623 -0.006250000093132259
v -0.010219000279903412 -0.021716000512242317 -0.006250000093132259
v 0.024000000208616257 0.0 -0.00705000013113022
v 0.023245999589562416 -0.005969000048935413 -0.00705000013113022
v 0.021030999720096588 -0.011562000028789043 -0.00705000013113022
v 0.01749500073492527 -0.016428999602794647 -0.00705000013113022
v 0.012860000133514404 -0.020263999700546265 -0.00705000013113022
v 0.007416000124067068 -0.022825000807642937 -0.00705000013113022
v 0.0015069999499246478 -0.023953000083565712 -0.00705000013113022
v -0.004497000016272068 -0.02357500046491623 -0.00705000013113022
v -0.010219000279903412 -0.021716000512242317 -0.00705000013113022
v -0.015297999605536461 -0.018492000177502632 -0.00705000013113022
v -0.019416000694036484 -0.014107000082731247 -0.00705000013113022
v -0.022314999252557755 -0.008834999985992908 -0.00705000013113022
v -0.02381099946796894 -0.003008000086992979 -0.00705000013113022
v -0.02381099946796894 0.003008000086992979 -0.00705000013113022
v -0.022314999252557755 0.008834999985992908 -0.00705000013113022
v -0.019416000694036484 0.014107000082731247 -0.00705000013113022
v -0.015297999605536461 0.018492000177502632 -0.00705000013113022
v -0.010219000279903412 0.021716000512242317 -0.00705000013113022
v -0.004497000016272068 0.02357500046491623 -0.00705000013113022
v 0.0015069999499246478 0.023953000083565712 -0.00705000013113022
v 0.007416000124067068 0.022825000807642937 -0.00705000013113022
v 0.012860000133514404 0.020263999700546265 -0.00705000013113022
v 0.01749500073492527 0.016428999602794647 -0.00705000013113022
v 0.021030999720096588 0.011562000028789043 -0.00705000013113022
v 0.023245999589562416 0.005969000048935413 -0.00705000013113022
v -0.01639699935913086 0.01994200050830841 -0.00705000013113022
v -0.02546899951994419 0.004228999838232994 -0.00705000013113022
v -0.014646999537944794 0.020410999655723572 -0.00705000013113022
v -0.010352999903261662 0.0228899996727705 -0.00705000013113022
v -0.009072000160813332 0.024171000346541405 -0.00705000013113022
v 0.02546899951994419 0.004228999838232994 -0.00705000013113022
v -0.02692200057208538 -0.005609999876469374 -0.00705000013113022
v -0.026750000193715096 -0.005510000046342611 -0.00705000013113022
v -0.02496200054883957 -0.01153900008648634 -0.00705000013113022
v -0.01208799984306097 -0.02470099925994873 -0.00705000013113022
v -0.021716000512242317 -0.01687300018966198 -0.00705000013113022
v -0.01734899915754795 -0.021337000653147697 -0.00705000013113022
v 0.009072000160813332 0.024171000346541405 -0.00705000013113022
v 0.026750000193715096 -0.005510000046342611 -0.00705000013113022
v 0.02692200057208538 -0.005609999876469374 -0.00705000013113022
v 0.02496200054883957 -0.01153900008648634 -0.00705000013113022
v 0.021716000512242317 -0.01687300018966198 -0.00705000013113022
v 0.01734899915754795 -0.021337000653147697 -0.00705000013113022
v 0.01208799984306097 -0.02470099925994873 -0.00705000013113022
v 0.010352999903261662 0.0228899996727705 -0.00705000013113022
v 0.014646999537944794 0.020410999655723572 -0.00705000013113022
v 0.01639699935913086 0.01994200050830841 -0.00705000013113022
v 0.02500000037252903 0.0024790000170469284 -0.00705000013113022
v 0.02500000037252903 -0.0024790000170469284 -0.00705000013113022
v 0.02546899951994419 -0.004228999838232994 -0.00705000013113022
v -0.02500000037252903 0.0024790000170469284 -0.00705000013113022
v -0.02500000037252903 -0.0024790000170469284 -0.00705000013113022
v -0.02546899951994419 -0.004228999838232994 -0.00705000013113022
v -0.00620400020852685 -0.026791000738739967 -0.00705000013113022
v 0.0 -0.027499999850988388 -0.00705000013113022
v 0.00620400020852685 -0.026791000738739967 -0.00705000013113022
v 0.02692200057208538 -0.005609999876469374 -0.013100000098347667
v 0.025901999324560165 -0.009236999787390232 -0.013100000098347667
v 0.02496200054883957 -0.01153900008648634 -0.013100000098347667
v 0.024184999987483025 -0.013089999556541443 -0.013100000098347667
v 0.02189899981021881 -0.016634000465273857 -0.013100000098347667
v 0.01909700036048889 -0.019788000732660294 -0.013100000098347667
v 0.01734899915754795 -0.021337000653147697 -0.013100000098347667
v 0.015845999121665955 -0.022475000470876694 -0.013100000098347667
v 0.012222999706864357 -0.024633999913930893 -0.013100000098347667
v 0.008311999961733818 -0.026213999837636948 -0.013100000098347667
v 0.00620400020852685 -0.026791000738739967 -0.013100000098347667
v 0.0042050001211464405 -0.027177000418305397 -0.013100000098347667
v 0.0 -0.027499999850988388 -0.013100000098347667
v -0.0042050001211464405 -0.027177000418305397 -0.013100000098347667
v -0.00620400020852685 -0.026791000738739967 -0.013100000098347667
v -0.008311999961733818 -0.026213999837636948 -0.013100000098347667
v -0.012222999706864357 -0.024633999913930893 -0.013100000098347667
v -0.015845999121665955 -0.022475000470876694 -0.013100000098347667
v -0.01734899915754795 -0.021337000653147697 -0.013100000098347667
v -0.01909700036048889 -0.019788000732660294 -0.013100000098347667
v -0.02189899981021881 -0.016634000465273857 -0.013100000098347667
v -0.024184999987483025 -0.013089999556541443 -0.013100000098347667
v -0.02692200057208538 -0.005609999876469374 -0.013100000098347667
v -0.025901999324560165 -0.009236999787390232 -0.013100000098347667
v -0.02496200054883957 -0.01153900008648634 -0.013100000098347667
v -0.0017000000225380063 0.017500000074505806 0.00554999988526106
v -0.0014720000326633453 0.01665000058710575 0.00554999988526106
v -0.0008500000112690032 0.01602800004184246 0.00554999988526106
v 0.0 0.015799999237060547 0.00554999988526106
v 0.0008500000112690032 0.01602800004184246 0.00554999988526106
v 0.0014720000326633453 0.01665000058710575 0.00554999988526106
v 0.0017000000225380063 0.017500000074505806 0.00554999988526106
v 0.0014720000326633453 0.01834999956190586 0.00554999988526106
v 0.0008500000112690032 0.01897200010716915 0.00554999988526106
v 0.0 0.019200000911951065 0.00554999988526106
v -0.0008500000112690032 0.01897200010716915 0.00554999988526106
v -0.0014720000326633453 0.01834999956190586 0.00554999988526106
v 0.02500000037252903 -0.0024790000170469284 0.0015500000445172195
v 0.02500000037252903 0.0024790000170469284 0.0015500000445172195
v 0.026750000193715096 -0.005510000046342611 0.0015500000445172195
v 0.03362699970602989 -0.009480999782681465 0.0015500000445172195
v 0.031300000846385956 -0.008136999793350697 -0.016846999526023868
v 0.031204000115394592 -0.008081999607384205 -0.016490999609231952
v 0.030704999342560768 -0.007794000208377838 -0.01535500027239323
v 0.030518999323248863 -0.0076870000921189785 -0.015064000152051452
v 0.029714999720454216 -0.007222000043839216 -0.014162000268697742
v 0.02945699915289879 -0.007073000073432922 -0.013953999616205696
v 0.028658999130129814 -0.006612999830394983 -0.013480000197887424
v 0.028098000213503838 -0.006289000157266855 -0.013269999995827678
v 0.028426000848412514 -0.006477999966591597 -0.013381999917328361
v 0.014646999537944794 0.020410999655723572 0.0015500000445172195
v 0.010352999903261662 0.0228899996727705 0.0015500000445172195
v -0.010352999903261662 0.0228899996727705 0.0015500000445172195
v -0.014646999537944794 0.020410999655723572 0.0015500000445172195
v -0.02500000037252903 0.0024790000170469284 0.0015500000445172195
v -0.02500000037252903 -0.0024790000170469284 0.0015500000445172195
v -0.026750000193715096 -0.005510000046342611 0.0015500000445172195
v -0.03362699970602989 -0.009480999782681465 0.0015500000445172195
v -0.031286001205444336 -0.00812899973243475 -0.016789000481367115
v -0.030852999538183212 -0.007879000157117844 -0.015623000450432304
v -0.030621999874711037 -0.007745999842882156 -0.015219000168144706
v -0.02847599983215332 -0.006506999954581261 -0.013400999829173092
v -0.029495999217033386 -0.007096000015735626 -0.013983000069856647
v -0.029854999855160713 -0.007302999962121248 -0.014286999590694908
v -0.03137100115418434 -0.008178000338375568 -0.017204999923706058
v -0.028074000030755997 -0.006275000050663948 -0.013263000175356868
v 0.025211000815033913 -0.00367600005120039 0.0015500000445172195
v 0.025818999856710434 -0.004728999920189381 0.0015500000445172195
v 0.02546899951994419 -0.004228999838232994 0.0015500000445172195
v 0.025818999856710434 0.004728999920189381 0.0015500000445172195
v 0.025211000815033913 0.00367600005120039 0.0015500000445172195
v 0.02546899951994419 0.004228999838232994 0.0015500000445172195
v -0.025818999856710434 -0.004728999920189381 0.0015500000445172195
v -0.025211000815033913 -0.00367600005120039 0.0015500000445172195
v -0.02546899951994419 -0.004228999838232994 0.0015500000445172195
v -0.025211000815033913 0.00367600005120039 0.0015500000445172195
v -0.025818999856710434 0.004728999920189381 0.0015500000445172195
v -0.02546899951994419 0.004228999838232994 0.0015500000445172195
v -0.01700500026345253 0.01999500021338463 0.0015500000445172195
v -0.015789000317454338 0.01999500021338463 0.0015500000445172195
v -0.01639699935913086 0.01994200050830841 0.0015500000445172195
v -0.009421999566257 0.02367199957370758 0.0015500000445172195
v -0.008813999593257904 0.024723999202251434 0.0015500000445172195
v -0.009072000160813332 0.024171000346541405 0.0015500000445172195
v 0.008813999593257904 0.024723999202251434 0.0015500000445172195
v 0.009421999566257 0.02367199957370758 0.0015500000445172195
v 0.009072000160813332 0.024171000346541405 0.0015500000445172195
v 0.015789000317454338 0.01999500021338463 0.0015500000445172195
v 0.01700500026345253 0.01999500021338463 0.0015500000445172195
v 0.01639699935913086 0.01994200050830841 0.0015500000445172195
v 0.003031000029295683 -0.01575000025331974 0.0035500000230968007
v 0.0017500000540167093 -0.014468999579548836 0.0035500000230968007
v 0.0 -0.014000000432133675 0.0035500000230968007
v -0.0017500000540167093 -0.014468999579548836 0.0035500000230968007
v -0.003031000029295683 -0.01575000025331974 0.0035500000230968007
v -0.0035000001080334187 -0.017500000074505806 0.0035500000230968007
v -0.003031000029295683 -0.01924999989569187 0.0035500000230968007
v -0.0017500000540167093 -0.020531000569462776 0.0035500000230968007
v 0.0 -0.020999999716877937 0.0035500000230968007
v 0.0017500000540167093 -0.020531000569462776 0.0035500000230968007
v 0.003031000029295683 -0.01924999989569187 0.0035500000230968007
v 0.0035000001080334187 -0.017500000074505806 0.0035500000230968007
v -0.002795000094920397 -0.019605999812483788 0.025769999250769622
v -0.002795000094920397 -0.015394000336527824 0.025769999250769622
v 0.002795000094920397 -0.015394000336527824 0.025769999250769622
v 0.002795000094920397 -0.019605999812483788 0.025769999250769622
v 0.01818699948489666 -0.010499999858438969 0.0035500000230968007
v 0.018655000254511833 -0.008750000037252903 0.0035500000230968007
v 0.01818699948489666 -0.007000000216066837 0.0035500000230968007
v 0.016905000433325768 -0.00571900000795722 0.0035500000230968007
v 0.015154999680817127 -0.005249999929219484 0.0035500000230968007
v 0.013404999859631062 -0.00571900000795722 0.0035500000230968007
v 0.012124000117182732 -0.007000000216066837 0.0035500000230968007
v 0.011655000038444996 -0.008750000037252903 0.0035500000230968007
v 0.012124000117182732 -0.010499999858438969 0.0035500000230968007
v 0.013404999859631062 -0.011780999600887299 0.0035500000230968007
v 0.015154999680817127 -0.012249999679625034 0.0035500000230968007
v 0.016905000433325768 -0.011780999600887299 0.0035500000230968007
v 0.015503999777138233 -0.005266999825835228 0.022005999460816387
v 0.016201000660657883 0.005410000216215849 0.00554999988526106
v 0.014642000198364258 0.005288000218570232 0.00554999988526106
v 0.01318500004708767 0.0058570001274347305 0.00554999988526106
v 0.012121999636292458 0.0070039997808635235 0.00554999988526106
v -0.012121999636292458 0.0070039997808635235 0.00554999988526106
v -0.01318500004708767 0.0058570001274347305 0.00554999988526106
v -0.014295999892055988 0.005357000045478344 0.013890000060200695
v -0.014642000198364258 0.005288000218570232 0.00554999988526106
v -0.016201000660657883 0.005410000216215849 0.00554999988526106
v -0.012124000117182732 -0.010499999858438969 0.0035500000230968007
v -0.011655000038444996 -0.008750000037252903 0.0035500000230968007
v -0.012124000117182732 -0.007000000216066837 0.0035500000230968007
v -0.013404999859631062 -0.00571900000795722 0.0035500000230968007
v -0.015154999680817127 -0.005249999929219484 0.0035500000230968007
v -0.016905000433325768 -0.00571900000795722 0.0035500000230968007
v -0.01818699948489666 -0.007000000216066837 0.0035500000230968007
v -0.018655000254511833 -0.008750000037252903 0.0035500000230968007
v -0.01818699948489666 -0.010499999858438969 0.0035500000230968007
v -0.016905000433325768 -0.011780999600887299 0.0035500000230968007
v -0.015154999680817127 -0.012249999679625034 0.0035500000230968007
v -0.013404999859631062 -0.011780999600887299 0.0035500000230968007
v -0.01549100037664175 -0.005266000051051378 0.021867999807000164
v -0.01549100037664175 -0.01223399955779314 0.023065999150276188
v 0.011060000397264957 0.010615999810397625 0.004550000187009574
v 0.016411999240517616 0.013070999644696712 0.004550000187009574
v 0.01642500050365925 0.013066999614238739 0.0047450000420212754
v 0.01585100032389164 0.013195999898016453 0.004550000187009574
v 0.014417000114917755 0.013189000077545643 0.004550000187009574
v 0.013922000303864479 0.013078000396490097 0.004550000187009574
v 0.01247899979352951 0.012368000112473965 0.004550000187009574
v 0.012221000157296658 0.012160999700427055 0.004550000187009574
v -0.01952899992465973 0.007691000122576952 0.0047450000420212754
v -0.019525999203324318 0.0076779997907578945 0.004550000187009574
v -0.01938600093126297 0.007215999998152256 0.004550000187009574
v -0.0020000000949949026 0.00993799977004528 0.00554999988526106
v 0.0020000000949949026 0.00993799977004528 0.00554999988526106
v -0.003103999886661768 0.020757999271154404 0.0047450000420212754
v -0.0031139999628067017 0.02074900083243847 0.004550000187009574
v -0.003470000112429261 0.020364999771118164 0.004550000187009574
v -0.0043379999697208405 0.018696999177336693 0.004550000187009574
v -0.003780999919399619 0.015060000121593475 0.004550000187009574
v -0.0024999999441206455 0.013757999986410141 0.004550000187009574
v -0.0044479998759925365 0.016819000244140625 0.004550000187009574
v -0.004486999940127134 0.017160000279545784 0.004550000187009574
v -0.0024999999441206455 0.00993799977004528 0.005049999803304673
v 0.002432999899610877 0.00993799977004528 0.005299999844282866
v 0.0022499999031424522 0.00993799977004528 0.005483000073581935
v 0.0024999999441206455 0.00993799977004528 0.005049999803304673
v -0.0022499999031424522 0.00993799977004528 0.005483000073581935
v -0.002432999899610877 0.00993799977004528 0.005299999844282866
v -0.0024999999441206455 0.02181199938058853 0.004066000226885081
v -0.0028510000556707382 0.021059000864624977 0.004490000195801259
v -0.02013999968767166 0.008740999735891819 0.004066000226885081
v -0.019663000479340553 0.008061000145971775 0.004490000195801259
v 0.017640000209212303 0.013070999644696712 0.004066000226885081
v 0.016812000423669815 0.012997999787330627 0.004490000195801259
v 0.025303000584244728 0.022709999233484268 0.0035069999285042295
v -0.007015999872237444 0.033268000930547714 0.0035069999285042295
v -0.032319001853466034 0.010559000074863434 0.0035069999285042295
v -0.0024999999441206455 0.022190000861883163 0.004435999784618617
v -0.0024999999441206455 0.022182999178767204 0.004430000204592944
v 0.0024999999441206455 0.03500000014901161 0.0034499999601393947
v 0.0008689999813213944 0.021908000111579895 0.005466000176966191
v 0.001500000013038516 0.02164199948310852 0.005491000134497882
v 0.001500000013038516 0.03289400041103363 0.004449999891221524
v -0.0010900000343099236 0.021834999322891235 0.005472999997437001
v -0.001500000013038516 0.03289400041103363 0.004449999891221524
v -0.0013859999598935246 0.02170499972999096 0.005485000088810922
v -0.001500000013038516 0.02164199948310852 0.005491000134497882
v -0.00035200000274926424 0.022009000182151794 0.005456999875605107
v -0.00019700000120792538 0.022021999582648277 0.0054549998603761205
v 0.0006009999779053032 0.02197200059890747 0.005460000131279231
v 0.001500000013038516 0.03500000014901161 0.004449999891221524
v -0.001500000013038516 0.03500000014901161 0.004449999891221524
v 0.001500000013038516 0.035999998450279236 0.0034499999601393947
v -0.001500000013038516 0.035999998450279236 0.0034499999601393947
v -0.0024949999060481787 0.022187000140547752 0.00454000011086464
v -0.002366000087931752 0.032871000468730927 0.003949999809265138
v -0.0024790000170469284 0.022213000804185867 0.0046399999409914025
v -0.0024059999268501997 0.022254999727010727 0.0048549999482929715
v -0.0023769999388605356 0.02225000038743019 0.0049129999242723
v -0.0020000000949949026 0.03288700059056282 0.004315999802201987
v -0.002240000059828162 0.022172000259160995 0.005113000050187112
v -0.002203000010922551 0.02214200049638748 0.005154999904334546
v -0.0020099999383091927 0.021956000477075577 0.0053209997713565835
v -0.0017590000061318278 0.032891999930143356 0.004416000097990037
v -0.0019650000613182783 0.021908000111579895 0.005350999999791385
v -0.001563000027090311 0.021568000316619873 0.005495000164955855
v -0.0015350000467151403 0.02159000001847744 0.005495000164955855
v -0.0015820000553503633 0.021615000441670418 0.005489999894052745
v -0.0015920000150799751 0.02155900001525879 0.005493999924510718
v -0.0016280000563710928 0.021567000076174736 0.005489000119268895
v -0.0016629999736323953 0.021587999537587166 0.005481999833136798
v -0.0017430000007152557 0.02166000008583069 0.005458999890834094
v -0.002366000087931752 0.03500000014901161 0.003949999809265138
v -0.0020000000949949026 0.03500000014901161 0.004315999802201987
v -0.002366000087931752 0.03550000116229057 0.0034499999601393947
v -0.0020000000949949026 0.03586599975824356 0.0034499999601393947
v -0.0020000000949949026 0.035750001668930054 0.0038829999975860128
v -0.002366000087931752 0.03525000065565109 0.0038829999975860128
v -0.002366000087931752 0.035433001816272736 0.003700000001117588
v -0.0020000000949949026 0.035433001816272736 0.004199999850243331
v -0.001500000013038516 0.03586599975824356 0.003949999809265138
v -0.001500000013038516 0.03550000116229057 0.004315999802201987
v 0.001500000013038516 0.03550000116229057 0.004315999802201987
v 0.001500000013038516 0.03586599975824356 0.003949999809265138
v 0.002366000087931752 0.03550000116229057 0.0034499999601393947
v 0.0020000000949949026 0.03586599975824356 0.0034499999601393947
v 0.0015879999846220016 0.021560000255703926 0.005493999924510718
v 0.0016189999878406525 0.021562999114394188 0.005491000134497882
v 0.001724999980069697 0.02164199948310852 0.005464999936521054
v 0.0015569999814033508 0.021570999175310135 0.005495999939739705
v 0.001883000019006431 0.03288999944925308 0.004373999778181315
v 0.0017770000267773867 0.021696999669075012 0.005446000024676324
v 0.002005999907851219 0.021952999755740166 0.005324000027030707
v 0.0020000000949949026 0.03288700059056282 0.004315999802201987
v 0.0020959998946636915 0.02204499952495098 0.005255000200122596
v 0.0022070000413805246 0.03288000077009201 0.004157000221312047
v 0.0024240000639110804 0.032864999026060104 0.0038330000825226316
v 0.0022720000706613064 0.022196000441908836 0.005073000211268664
v 0.002340999897569418 0.02223600074648857 0.004974000155925752
v 0.002366000087931752 0.032871000468730927 0.003949999809265138
v 0.002423000056296587 0.02225399948656559 0.004815000109374524
v 0.002443999983370304 0.022249000146985054 0.004761999938637019
v 0.0024679999332875013 0.02222900092601776 0.004683000035583974
v 0.0024790000170469284 0.022213000804185867 0.0046399999409914025
v 0.0024949999060481787 0.022187000140547752 0.00454000011086464
v 0.0020000000949949026 0.035750001668930054 0.0038829999975860128
v 0.0020000000949949026 0.035433001816272736 0.004199999850243331
v 0.002366000087931752 0.035433001816272736 0.003700000001117588
v 0.002366000087931752 0.03525000065565109 0.0038829999975860128
v 0.0020000000949949026 0.03500000014901161 0.004315999802201987
v 0.002366000087931752 0.03500000014901161 0.003949999809265138
v 0.017967000603675842 0.013260000385344028 0.004435999784618617
v 0.01796099916100502 0.013256999664008617 0.004430000204592944
v 0.031560998409986496 0.01533500012010336 0.0034499999601393947
v 0.0194070003926754 0.010200999677181244 0.005466000176966191
v 0.019492000341415405 0.009522000327706337 0.005491000134497882
v 0.02923700027167797 0.015147999860346317 0.004449999891221524
v 0.018364999443292618 0.011862000450491905 0.005472999997437001
v 0.027736999094486237 0.01774599961936474 0.004449999891221524
v 0.01810400001704693 0.012052999809384346 0.005485000088810922
v 0.01799199916422367 0.012120000086724758 0.005491000134497882
v 0.018883999437093735 0.011308999732136726 0.005456999875605107
v 0.01897300034761429 0.011181999929249287 0.0054549998603761205
v 0.019328000023961067 0.010466000065207481 0.005460000131279231
v 0.031060999259352684 0.016201000660657883 0.004449999891221524
v 0.0295609999448061 0.01879899948835373 0.004449999891221524
v 0.03192700073122978 0.016700999811291695 0.0034499999601393947
v 0.030426999554038048 0.01929900050163269 0.0034499999601393947
v -0.0204670000821352 0.00892999954521656 0.004435999784618617
v -0.020461000502109528 0.008926999755203724 0.004430000204592944
v -0.029061000794172287 0.019664999097585678 0.0034499999601393947
v -0.01853800006210804 0.011707000434398651 0.005466000176966191
v -0.01799199916422367 0.012120000086724758 0.005491000134497882
v -0.027736999094486237 0.01774599961936474 0.004449999891221524
v -0.01945500075817108 0.009974000044167042 0.005472999997437001
v -0.02923700027167797 0.015147999860346317 0.004449999891221524
v -0.01948999986052513 0.009651999920606613 0.005485000088810922
v -0.019492000341415405 0.009522000327706337 0.005491000134497882
v -0.019236000254750252 0.010699000209569931 0.005456999875605107
v -0.019169999286532402 0.01083999965339899 0.0054549998603761205
v -0.018727999180555344 0.011505999602377415 0.005460000131279231
v -0.0295609999448061 0.01879899948835373 0.004449999891221524
v -0.031060999259352684 0.016201000660657883 0.004449999891221524
v -0.030426999554038048 0.01929900050163269 0.0034499999601393947
v -0.03192700073122978 0.016700999811291695 0.0034499999601393947
v 0.017967000603675842 0.013253999873995781 0.00454000011086464
v 0.017998000606894493 0.013252999633550644 0.0046399999409914025
v 0.018069999292492867 0.01321099977940321 0.0048549999482929715
v 0.02728400006890297 0.018484000116586685 0.003949999809265138
v 0.02737100049853325 0.018350999802350998 0.004157000221312047
v 0.018079999834299088 0.013182999566197395 0.0049129999242723
v 0.01808200031518936 0.013026000000536442 0.005113000050187112
v 0.01807500049471855 0.012978999875485897 0.005154999904334546
v 0.027481000870466232 0.01817600056529045 0.004315999802201987
v 0.027542000636458397 0.01807600073516369 0.004373999778181315
v 0.01800999976694584 0.01271899975836277 0.0053209997713565835
v 0.017990000545978546 0.012656000442802906 0.005350999999791385
v 0.017896000295877457 0.012137999758124352 0.005495000164955855
v 0.01792999915778637 0.012125000357627869 0.005495000164955855
v 0.017928000539541245 0.01217699982225895 0.005489999894052745
v 0.017875000834465027 0.012157999910414219 0.005493999924510718
v 0.01786400005221367 0.012192999944090843 0.005489000119268895
v 0.01786400005221367 0.01223399955779314 0.005481999833136798
v 0.017886999994516373 0.012338999658823013 0.005458999890834094
v 0.02931099943816662 0.019231999292969704 0.004315999802201987
v 0.0290910005569458 0.019612999632954597 0.0037930000107735404
v 0.029128000140190125 0.019548999145627022 0.003949999809265138
v 0.029185999184846878 0.019447999075055122 0.004112000111490489
v 0.029425999149680138 0.01978999935090542 0.0034499999601393947
v 0.0295609999448061 0.019798999652266502 0.0034499999601393947
v 0.029820000752806664 0.01976500079035759 0.0034499999601393947
v 0.03017299994826317 0.019589999690651894 0.0034499999601393947
v 0.03006099909543991 0.019664999097585678 0.0034499999601393947
v 0.029820000752806664 0.019478999078273773 0.0041359998285770425
v 0.029425999149680138 0.019495999440550804 0.004153999965637923
v 0.029425999149680138 0.019171999767422676 0.004368000198155642
v 0.03017299994826317 0.01952899992465973 0.0037539999466389426
v 0.03040499985218048 0.019286999478936195 0.0036730000283569106
v 0.0300890002399683 0.0191040001809597 0.004242999944835902
v 0.029820000752806664 0.019161999225616455 0.004344999790191651
v 0.029993999749422073 0.01904899999499321 0.004315999802201987
v 0.029822999611496925 0.01895100064575672 0.004403000231832267
v 0.029425999149680138 0.019713999703526497 0.003831000067293645
v 0.029820000752806664 0.019690999761223793 0.0038219999987632045
v 0.03017299994826317 0.01935500092804432 0.004011999815702439
v 0.030186999589204788 0.019161000847816467 0.004139999859035016
v 0.03031099960207939 0.019231999292969704 0.003949999809265138
v 0.03149399906396866 0.016450999304652214 0.004315999802201987
v 0.03181099891662598 0.016634000465273857 0.003949999809265138
v 0.0318869985640049 0.01667799986898899 0.0037509999237954625
v 0.03176499903202057 0.01549100037664175 0.0034499999601393947
v 0.03185399994254112 0.01559200044721365 0.0034499999601393947
v 0.03198400139808655 0.01581599935889244 0.0034499999601393947
v 0.032026998698711395 0.015941999852657318 0.0034499999601393947
v 0.03206099942326546 0.016201000660657883 0.0034499999601393947
v 0.03205199912190437 0.01633100025355816 0.0034499999601393947
v 0.019464999437332153 0.009405000135302544 0.005493999924510718
v 0.01948400028049946 0.009379999712109566 0.005491000134497882
v 0.01960499957203865 0.009327000007033348 0.005464999936521054
v 0.019460000097751617 0.009437000378966331 0.005495999939739705
v 0.029364999383687973 0.014922999776899815 0.004416000097990037
v 0.019679000601172447 0.009309999644756317 0.005446000024676324
v 0.02948099933564663 0.014712000265717506 0.004315999802201987
v 0.02001499943435192 0.009239000268280506 0.005324000027030707
v 0.02013999968767166 0.009207000024616718 0.005255000200122596
v 0.020357999950647354 0.00913000013679266 0.005073000211268664
v 0.020428000018000603 0.009089999832212925 0.004974000155925752
v 0.029650000855326653 0.014386000111699104 0.003949999809265138
v 0.020447999238967896 0.009073999710381031 0.004933000076562167
v 0.020490000024437904 0.009007999673485756 0.004761999938637019
v 0.02048500068485737 0.008976999670267105 0.004683000035583974
v 0.02047700062394142 0.008960000239312649 0.0046399999409914025
v 0.020462000742554665 0.008933000266551971 0.00454000011086464
v 0.03176499903202057 0.01655600033700466 0.004064999986439944
v 0.03149399906396866 0.015451000072062016 0.003949999809265138
v 0.03143699839711189 0.015737999230623245 0.004251999780535699
v 0.031311001628637314 0.015768000856041908 0.004315999802201987
v 0.03150799870491028 0.015426999889314175 0.003898999886587263
v 0.03176499903202057 0.015585999935865402 0.003805000102147461
v 0.03143699839711189 0.016201000660657883 0.004377000033855439
v 0.03176499903202057 0.016201000660657883 0.004160000011324883
v 0.03198400139808655 0.01639300025999546 0.0037829999346286067
v 0.03176499903202057 0.015845999121665955 0.004064999986439944
v 0.03198400139808655 0.016008999198675156 0.0037829999346286067
v 0.03198400139808655 0.01586800068616867 0.00364200002513826
v 0.03198400139808655 0.016534000635147095 0.00364200002513826
v 0.03198400139808655 0.016201000660657883 0.0038350000977516183
v -0.020462000742554665 0.008933000266551971 0.00454000011086464
v -0.029650000855326653 0.014386000111699104 0.003949999809265138
v -0.02047700062394142 0.008960000239312649 0.0046399999409914025
v -0.020476000383496284 0.009043999947607517 0.0048549999482929715
v -0.02045699954032898 0.009065999649465084 0.0049129999242723
v -0.02948099933564663 0.014712000265717506 0.004315999802201987
v -0.020322000607848167 0.009146000258624554 0.005113000050187112
v -0.020276999101042747 0.009163999930024147 0.005154999904334546
v -0.020020000636577606 0.009238000027835369 0.0053209997713565835
v -0.029364999383687973 0.014922999776899815 0.004416000097990037
v -0.019954999908804893 0.009251999668776989 0.005350999999791385
v -0.019460000097751617 0.009429999627172947 0.005495000164955855
v -0.01946599967777729 0.009464999660849571 0.005495000164955855
v -0.019509999081492424 0.009437999688088894 0.005489999894052745
v -0.019466999918222427 0.00940100010484457 0.005493999924510718
v -0.019491000100970268 0.009374000132083893 0.005489000119268895
v -0.019526999443769455 0.009353999979794025 0.005481999833136798
v -0.01962999999523163 0.009321000427007675 0.005458999890834094
v -0.03150799870491028 0.015426999889314175 0.003898999886587263
v -0.03149399906396866 0.015451000072062016 0.003949999809265138
v -0.031311001628637314 0.015768000856041908 0.004315999802201987
v -0.03176499903202057 0.01549100037664175 0.0034499999601393947
v -0.03192700073122978 0.01570099964737892 0.0034499999601393947
v -0.03206099942326546 0.016201000660657883 0.0034499999601393947
v -0.03198400139808655 0.01586800068616867 0.00364200002513826
v -0.03176499903202057 0.015845999121665955 0.004064999986439944
v -0.03198400139808655 0.016008999198675156 0.0037829999346286067
v -0.03198400139808655 0.016201000660657883 0.0038350000977516183
v -0.03198400139808655 0.01639300025999546 0.0037829999346286067
v -0.03181099891662598 0.016634000465273857 0.003949999809265138
v -0.03176499903202057 0.01655600033700466 0.004064999986439944
v -0.03149399906396866 0.016450999304652214 0.004315999802201987
v -0.0318869985640049 0.01667799986898899 0.0037509999237954625
v -0.03198400139808655 0.016534000635147095 0.00364200002513826
v -0.03176499903202057 0.015585999935865402 0.003805000102147461
v -0.03176499903202057 0.016201000660657883 0.004160000011324883
v -0.03143699839711189 0.016201000660657883 0.004377000033855439
v -0.03143699839711189 0.015737999230623245 0.004251999780535699
v -0.029993999749422073 0.01904899999499321 0.004315999802201987
v -0.029822999611496925 0.01895100064575672 0.004403000231832267
v -0.03040499985218048 0.019286999478936195 0.0036730000283569106
v -0.03031099960207939 0.019231999292969704 0.003949999809265138
v -0.030186999589204788 0.019161000847816467 0.004139999859035016
v -0.0300890002399683 0.0191040001809597 0.004242999944835902
v -0.029425999149680138 0.01978999935090542 0.0034499999601393947
v -0.0295609999448061 0.019798999652266502 0.0034499999601393947
v -0.029820000752806664 0.01976500079035759 0.0034499999601393947
v -0.03006099909543991 0.019664999097585678 0.0034499999601393947
v -0.03017299994826317 0.019589999690651894 0.0034499999601393947
v -0.01787699945271015 0.012155000120401382 0.005493999924510718
v -0.017865000292658806 0.01218399964272976 0.005491000134497882
v -0.017880000174045563 0.012315000407397747 0.005464999936521054
v -0.017903000116348267 0.012133999727666378 0.005495999939739705
v -0.027605999261140823 0.017968999221920967 0.004416000097990037
v -0.01790199987590313 0.012387000024318695 0.005446000024676324
v -0.027481000870466232 0.01817600056529045 0.004315999802201987
v -0.018007999286055565 0.012714000418782234 0.005324000027030707
v -0.0180440004914999 0.012838000431656837 0.005255000200122596
v -0.01808599941432476 0.013066000305116177 0.005073000211268664
v -0.01808599941432476 0.013145999982953072 0.004974000155925752
v -0.02728400006890297 0.018484000116586685 0.003949999809265138
v -0.0180830005556345 0.013171999715268612 0.004933000076562167
v -0.018045999109745026 0.013240999542176723 0.004761999938637019
v -0.01801699958741665 0.013252000324428082 0.004683000035583974
v -0.017998000606894493 0.013252999633550644 0.0046399999409914025
v -0.017967000603675842 0.013253999873995781 0.00454000011086464
v -0.02931099943816662 0.019231999292969704 0.004315999802201987
v -0.029425999149680138 0.019171999767422676 0.004368000198155642
v -0.029185999184846878 0.019447999075055122 0.004112000111490489
v -0.029425999149680138 0.019495999440550804 0.004153999965637923
v -0.029128000140190125 0.019548999145627022 0.003949999809265138
v -0.029425999149680138 0.019713999703526497 0.003831000067293645
v -0.0290910005569458 0.019612999632954597 0.0037930000107735404
v -0.029820000752806664 0.019161999225616455 0.004344999790191651
v -0.029820000752806664 0.019478999078273773 0.0041359998285770425
v -0.03017299994826317 0.01935500092804432 0.004011999815702439
v -0.03017299994826317 0.01952899992465973 0.0037539999466389426
v -0.029820000752806664 0.019690999761223793 0.0038219999987632045
v -0.03349699825048447 -0.009705999866127968 0.0025359999854117636
v -0.02661599963903427 -0.005741999950259924 0.002550000092014671
v -0.03349300101399422 -0.009712999686598778 0.002550000092014671
v -0.03313399851322174 -0.010335000231862068 0.0032740000169724235
v -0.026249999180436134 -0.0063760001212358475 0.0032820000778883704
v -0.03312699869275093 -0.010347000323235989 0.0032820000778883704
v -0.025614000856876373 -0.004900999832898378 0.002550000092014671
v -0.025053000077605247 -0.005371999926865101 0.0032820000778883704
v -0.024958999827504158 -0.003768000053241849 0.002550000092014671
v -0.024271000176668167 -0.004017999861389399 0.0032820000778883704
v -0.024000000208616257 -0.0024790000170469284 0.0032820000778883704
v -0.02473199926316738 -0.0024790000170469284 0.002550000092014671
v -0.02473199926316738 0.0024790000170469284 0.002550000092014671
v -0.024000000208616257 0.0024790000170469284 0.0032820000778883704
v -0.03241800144314766 0.009937000460922718 0.0032820000778883704
v -0.03239599987864494 0.009642000310122967 0.003114999970421196
v -0.03215000033378601 0.008937000297009945 0.002550000092014671
v -0.024958999827504158 0.003768000053241849 0.002550000092014671
v -0.024271000176668167 0.004017999861389399 0.0032820000778883704
v -0.025614000856876373 0.004900999832898378 0.002550000092014671
v -0.025053000077605247 0.005371999926865101 0.0032820000778883704
v -0.026249999180436134 0.0063760001212358475 0.0032820000778883704
v -0.02661599963903427 0.005741999950259924 0.002550000092014671
v 0.03215000033378601 0.008937000297009945 0.002550000092014671
v 0.03239599987864494 0.009642000310122967 0.003114999970421196
v 0.03241800144314766 0.009937000460922718 0.0032820000778883704
v 0.026249999180436134 0.0063760001212358475 0.0032820000778883704
v 0.02661599963903427 0.005741999950259924 0.002550000092014671
v 0.025053000077605247 0.005371999926865101 0.0032820000778883704
v 0.025614000856876373 0.004900999832898378 0.002550000092014671
v 0.024271000176668167 0.004017999861389399 0.0032820000778883704
v 0.024000000208616257 0.0024790000170469284 0.0032820000778883704
v 0.024958999827504158 0.003768000053241849 0.002550000092014671
v 0.02473199926316738 0.0024790000170469284 0.002550000092014671
v 0.02473199926316738 -0.0024790000170469284 0.002550000092014671
v 0.024000000208616257 -0.0024790000170469284 0.0032820000778883704
v 0.024958999827504158 -0.003768000053241849 0.002550000092014671
v 0.024271000176668167 -0.004017999861389399 0.0032820000778883704
v 0.025614000856876373 -0.004900999832898378 0.002550000092014671
v 0.025053000077605247 -0.005371999926865101 0.0032820000778883704
v 0.026249999180436134 -0.0063760001212358475 0.0032820000778883704
v 0.02661599963903427 -0.005741999950259924 0.002550000092014671
v 0.033553000539541245 -0.009608999826014042 0.002304000081494451
v 0.03349300101399422 -0.009712999686598778 0.002550000092014671
v 0.03333999961614609 -0.009978000074625015 0.002951999893411995
v 0.03312699869275093 -0.010347000323235989 0.0032820000778883704
v 0.03301599994301796 -0.010540000163018703 0.00339299999177456
v -0.007602999918162823 0.03304300084710121 0.0032820000778883704
v -0.007848000153899193 0.03287699818611145 0.003114999970421196
v -0.008334999904036522 0.03231099992990494 0.002550000092014671
v -0.008334999904036522 0.02592100016772747 0.002550000092014671
v -0.007602999918162823 0.02592100016772747 0.0032820000778883704
v -0.009852999821305275 0.02202400006353855 0.0032820000778883704
v -0.008655999787151814 0.02302899956703186 0.0032820000778883704
v -0.010219000279903412 0.022657999768853188 0.002550000092014671
v -0.009216000325977802 0.023499000817537308 0.002550000092014671
v -0.007873999886214733 0.024382000789046288 0.0032820000778883704
v -0.008561999537050724 0.024632999673485756 0.002550000092014671
v -0.014570999890565872 0.02027899958193302 0.0023149999324232344
v -0.014512999914586544 0.02017899975180626 0.002550000092014671
v -0.014353999868035316 0.01990400068461895 0.0029639999847859153
v -0.014030000194907188 0.019341999664902687 0.0033980000298470267
v -0.014147000387310982 0.019545000046491623 0.0032820000778883704
v -0.018223000690340996 0.02027899958193302 0.0023149999324232344
v -0.017031000927090645 0.01984499953687191 0.0023149999324232344
v -0.015575000084936619 0.018779000267386436 0.0033980000298470267
v -0.01876400038599968 0.019341999664902687 0.0033980000298470267
v -0.017218999564647675 0.018779000267386436 0.0033980000298470267
v -0.01568800024688244 0.01941799931228161 0.0029639999847859153
v -0.017107000574469566 0.01941799931228161 0.0029639999847859153
v -0.01828099973499775 0.02017899975180626 0.002550000092014671
v -0.01844000071287155 0.01990400068461895 0.0029639999847859153
v -0.018647000193595886 0.019545000046491623 0.0032820000778883704
v -0.015762999653816223 0.01984499953687191 0.0023149999324232344
v -0.02381500042974949 0.023374000564217567 0.002550000092014671
v -0.02454799972474575 0.023235000669956207 0.003114999970421196
v -0.024815000593662262 0.02310599945485592 0.0032820000778883704
v 0.008334999904036522 0.03231099992990494 0.002550000092014671
v 0.007848000153899193 0.03287699818611145 0.003114999970421196
v 0.007602999918162823 0.03304300084710121 0.0032820000778883704
v 0.007602999918162823 0.02592100016772747 0.0032820000778883704
v 0.008334999904036522 0.02592100016772747 0.002550000092014671
v 0.008561999537050724 0.024632999673485756 0.002550000092014671
v 0.007873999886214733 0.024382000789046288 0.0032820000778883704
v 0.009216000325977802 0.023499000817537308 0.002550000092014671
v 0.008655999787151814 0.02302899956703186 0.0032820000778883704
v 0.009852999821305275 0.02202400006353855 0.0032820000778883704
v 0.010219000279903412 0.022657999768853188 0.002550000092014671
v 0.014512999914586544 0.02017899975180626 0.002550000092014671
v 0.014147000387310982 0.019545000046491623 0.0032820000778883704
v 0.024815000593662262 0.02310599945485592 0.0032820000778883704
v 0.02454799972474575 0.023235000669956207 0.003114999970421196
v 0.02381500042974949 0.023374000564217567 0.002550000092014671
v 0.015615999698638916 0.019009999930858612 0.0032820000778883704
v 0.01574300043284893 0.019731000065803528 0.002550000092014671
v 0.01717899926006794 0.019009999930858612 0.0032820000778883704
v 0.018647000193595886 0.019545000046491623 0.0032820000778883704
v 0.017051000148057938 0.019731000065803528 0.002550000092014671
v 0.01828099973499775 0.02017899975180626 0.002550000092014671
v 0.007160000037401915 -0.00520200002938509 -0.0022499999031424527
v 0.005921999923884869 -0.006577000021934509 0.0
v 0.008085000328719616 -0.003599999938160181 -0.0022499999031424527
v 0.008085000328719616 -0.003599999938160181 0.0
v 0.00865700002759695 -0.0018400000408291817 -0.0022499999031424527
v 0.008849999867379665 0.0 0.0
v 0.008849999867379665 0.0 -0.0022499999031424527
v 0.005921999923884869 -0.006577000021934509 -0.0022499999031424527
v 0.004424999933689833 -0.007664000149816275 -0.0022499999031424527
v 0.002735000103712082 -0.008417000062763691 0.0
v 0.002735000103712082 -0.008417000062763691 -0.0022499999031424527
v 0.0009250000002793968 -0.008802000433206558 -0.0022499999031424527
v -0.0009250000002793968 -0.008802000433206558 0.0
v -0.0009250000002793968 -0.008802000433206558 -0.0022499999031424527
v -0.004424999933689833 -0.007664000149816275 0.0
v -0.002735000103712082 -0.008417000062763691 -0.0022499999031424527
v -0.004424999933689833 -0.007664000149816275 -0.0022499999031424527
v -0.007160000037401915 -0.00520200002938509 0.0
v -0.005921999923884869 -0.006577000021934509 -0.0022499999031424527
v -0.007160000037401915 -0.00520200002938509 -0.0022499999031424527
v -0.008085000328719616 -0.003599999938160181 -0.0022499999031424527
v -0.00865700002759695 -0.0018400000408291817 0.0
v -0.00865700002759695 -0.0018400000408291817 -0.0022499999031424527
v -0.008849999867379665 0.0 -0.0022499999031424527
v -0.00865700002759695 0.0018400000408291817 0.0
v -0.00865700002759695 0.0018400000408291817 -0.0022499999031424527
v -0.008085000328719616 0.003599999938160181 -0.0022499999031424527
v -0.007160000037401915 0.00520200002938509 0.0
v -0.007160000037401915 0.00520200002938509 -0.0022499999031424527
v -0.004424999933689833 0.007664000149816275 0.0
v -0.005921999923884869 0.006577000021934509 -0.0022499999031424527
v -0.004424999933689833 0.007664000149816275 -0.0022499999031424527
v -0.002735000103712082 0.008417000062763691 -0.0022499999031424527
v -0.0009250000002793968 0.008802000433206558 0.0
v -0.0009250000002793968 0.008802000433206558 -0.0022499999031424527
v 0.002735000103712082 0.008417000062763691 0.0
v 0.0009250000002793968 0.008802000433206558 -0.0022499999031424527
v 0.002735000103712082 0.008417000062763691 -0.0022499999031424527
v 0.004424999933689833 0.007664000149816275 -0.0022499999031424527
v 0.005921999923884869 0.006577000021934509 0.0
v 0.005921999923884869 0.006577000021934509 -0.0022499999031424527
v 0.008085000328719616 0.003599999938160181 0.0
v 0.007160000037401915 0.00520200002938509 -0.0022499999031424527
v 0.008085000328719616 0.003599999938160181 -0.0022499999031424527
v 0.00865700002759695 0.0018400000408291817 -0.0022499999031424527
v 0.0 0.0 0.0
v 0.008787999860942364 -0.0018680000212043524 -0.0027499999850988392
v 0.008206999860703945 -0.0036539998836815357 -0.0027499999850988392
v 0.007267999928444624 -0.005280999932438135 -0.0027499999850988392
v 0.006010999903082848 -0.006676000077277422 -0.0027499999850988392
v 0.004492000211030245 -0.007780000101774931 -0.0027499999850988392
v 0.0027759999502450228 -0.00854399986565113 -0.0027499999850988392
v 0.0009389999904669821 -0.008934999816119671 -0.0027499999850988392
v -0.0009389999904669821 -0.008934999816119671 -0.0027499999850988392
v -0.0027759999502450228 -0.00854399986565113 -0.0027499999850988392
v -0.004492000211030245 -0.007780000101774931 -0.0027499999850988392
v -0.006010999903082848 -0.006676000077277422 -0.0027499999850988392
v -0.007267999928444624 -0.005280999932438135 -0.0027499999850988392
v -0.008206999860703945 -0.0036539998836815357 -0.0027499999850988392
v -0.008787999860942364 -0.0018680000212043524 -0.0027499999850988392
v -0.00898400042206049 0.0 -0.0027499999850988392
v -0.008787999860942364 0.0018680000212043524 -0.0027499999850988392
v -0.008206999860703945 0.0036539998836815357 -0.0027499999850988392
v -0.007267999928444624 0.005280999932438135 -0.0027499999850988392
v -0.006010999903082848 0.006676000077277422 -0.0027499999850988392
v -0.004492000211030245 0.007780000101774931 -0.0027499999850988392
v -0.0027759999502450228 0.00854399986565113 -0.0027499999850988392
v -0.0009389999904669821 0.008934999816119671 -0.0027499999850988392
v 0.0009389999904669821 0.008934999816119671 -0.0027499999850988392
v 0.0027759999502450228 0.00854399986565113 -0.0027499999850988392
v 0.004492000211030245 0.007780000101774931 -0.0027499999850988392
v 0.006010999903082848 0.006676000077277422 -0.0027499999850988392
v 0.007267999928444624 0.005280999932438135 -0.0027499999850988392
v 0.008206999860703945 0.0036539998836815357 -0.0027499999850988392
v 0.008787999860942364 0.0018680000212043524 -0.0027499999850988392
v 0.00898400042206049 0.0 -0.0027499999850988392
v 0.009146000258624554 -0.0019440000178292394 -0.0031159999780356893
v 0.008542000316083431 -0.0038030000869184732 -0.0031159999780356893
v 0.007563999854028225 -0.005495999939739704 -0.0031159999780356893
v 0.006256000138819218 -0.006947999820113182 -0.0031159999780356893
v 0.004674999974668026 -0.008097000420093536 -0.0031159999780356893
v 0.0028890001121908426 -0.0088919997215271 -0.0031159999780356893
v 0.0009769999887794256 -0.009298999793827534 -0.0031159999780356893
v -0.0009769999887794256 -0.009298999793827534 -0.0031159999780356893
v -0.0028890001121908426 -0.0088919997215271 -0.0031159999780356893
v -0.004674999974668026 -0.008097000420093536 -0.0031159999780356893
v -0.006256000138819218 -0.006947999820113182 -0.0031159999780356893
v -0.007563999854028225 -0.005495999939739704 -0.0031159999780356893
v -0.008542000316083431 -0.0038030000869184732 -0.0031159999780356893
v -0.009146000258624554 -0.0019440000178292394 -0.0031159999780356893
v -0.009349999949336052 0.0 -0.0031159999780356893
v -0.009146000258624554 0.0019440000178292394 -0.0031159999780356893
v -0.008542000316083431 0.0038030000869184732 -0.0031159999780356893
v -0.007563999854028225 0.005495999939739704 -0.0031159999780356893
v -0.006256000138819218 0.006947999820113182 -0.0031159999780356893
v -0.004674999974668026 0.008097000420093536 -0.0031159999780356893
v -0.0028890001121908426 0.0088919997215271 -0.0031159999780356893
v -0.0009769999887794256 0.009298999793827534 -0.0031159999780356893
v 0.0009769999887794256 0.009298999793827534 -0.0031159999780356893
v 0.0028890001121908426 0.0088919997215271 -0.0031159999780356893
v 0.004674999974668026 0.008097000420093536 -0.0031159999780356893
v 0.006256000138819218 0.006947999820113182 -0.0031159999780356893
v 0.007563999854028225 0.005495999939739704 -0.0031159999780356893
v 0.008542000316083431 0.0038030000869184732 -0.0031159999780356893
v 0.009146000258624554 0.0019440000178292394 -0.0031159999780356893
v 0.009349999949336052 0.0 -0.0031159999780356893
v 0.004912000149488449 -0.031741999089717865 -0.016186999157071117
v 0.025868000462651253 -0.014000999741256237 -0.013481000438332561
v 0.02770400047302246 -0.009879999794065952 -0.013481000438332561
v 0.029231999069452286 -0.010425000451505184 -0.014564000070095066
v -0.0169489998370409 -0.024039000272750854 -0.013481000438332561
v -0.013073000125586987 -0.026348000392317772 -0.013481000438332561
v -0.013794000260531902 -0.027800999581813812 -0.014564000070095066
v 0.0169489998370409 -0.024039000272750854 -0.013481000438332561
v 0.013073000125586987 -0.026348000392317772 -0.013481000438332561
v 0.0088900001719594 -0.02803800068795681 -0.013481000438332561
v 0.0 -0.029412999749183655 -0.013481000438332561
v -0.004497999791055918 -0.02906700037419796 -0.013481000438332561
v -0.025868000462651253 -0.014000999741256237 -0.013481000438332561
v -0.030253000557422638 -0.010789000429213047 -0.016186999157071117
v 0.030253000557422638 -0.010789000429213047 -0.016186999157071117
v -0.02770400047302246 -0.009879999794065952 -0.013481000438332561
v -0.029231999069452286 -0.010425000451505184 -0.014564000070095066
v 0.004497999791055918 -0.02906700037419796 -0.013481000438332561
v -0.02155200019478798 -0.022331999614834785 -0.014564000070095066
v -0.024714000523090363 -0.018773000687360764 -0.014564000070095066
v -0.02342200092971325 -0.017791999503970146 -0.013481000438332561
v -0.009708000347018242 -0.0306170005351305 -0.016186999157071117
v -0.009380999952554703 -0.029583999887108803 -0.014564000070095066
v -0.0088900001719594 -0.02803800068795681 -0.013481000438332561
v 0.02155200019478798 -0.022331999614834785 -0.014564000070095066
v 0.01788399927318096 -0.02536500059068203 -0.014564000070095066
v 0.02342200092971325 -0.017791999503970146 -0.013481000438332561
v 0.02729400061070919 -0.014773000031709671 -0.014564000070095066
v -0.0255769994109869 -0.019429000094532967 -0.016186999157071117
v -0.022305000573396683 -0.02311200089752674 -0.016186999157071117
v -0.018508000299334526 -0.02625099942088127 -0.016186999157071117
v -0.02042599953711033 -0.021164000034332275 -0.013481000438332561
v -0.01788399927318096 -0.02536500059068203 -0.014564000070095066
v -0.014275999739766121 -0.02877200022339821 -0.016186999157071117
v 0.018508000299334526 -0.02625099942088127 -0.016186999157071117
v 0.022305000573396683 -0.02311200089752674 -0.016186999157071117
v 0.0255769994109869 -0.019429000094532967 -0.016186999157071117
v 0.02042599953711033 -0.021164000034332275 -0.013481000438332561
v 0.024714000523090363 -0.018773000687360764 -0.014564000070095066
v 0.02824700064957142 -0.015289000235497952 -0.016186999157071117
v -0.02824700064957142 -0.015289000235497952 -0.016186999157071117
v -0.02729400061070919 -0.014773000031709671 -0.014564000070095066
v -0.004912000149488449 -0.031741999089717865 -0.016186999157071117
v -0.004745999816805124 -0.03067000024020672 -0.014564000070095066
v 0.0 -0.031036000698804855 -0.014564000070095066
v 0.0 -0.03211899846792221 -0.016186999157071117
v 0.004745999816805124 -0.03067000024020672 -0.014564000070095066
v 0.009380999952554703 -0.029583999887108803 -0.014564000070095066
v 0.009708000347018242 -0.0306170005351305 -0.016186999157071117
v 0.014275999739766121 -0.02877200022339821 -0.016186999157071117
v 0.013794000260531902 -0.027800999581813812 -0.014564000070095066
v 0.004912000149488449 -0.04327800124883652 0.03230800107121468
v 0.025868000462651253 -0.04598399996757507 0.05004899948835374
v 0.02770400047302246 -0.04598399996757507 0.05417000129818918
v 0.029231999069452286 -0.04490099847316742 0.053624998778104796
v -0.0169489998370409 -0.04598399996757507 0.04001099988818169
v -0.013073000125586987 -0.04598399996757507 0.037702001631259925
v -0.013794000260531902 -0.04490099847316742 0.036249000579118736
v 0.0169489998370409 -0.04598399996757507 0.04001099988818169
v 0.013073000125586987 -0.04598399996757507 0.037702001631259925
v 0.0088900001719594 -0.04598399996757507 0.03601200133562089
v 0.0 -0.04598399996757507 0.03463700041174889
v -0.004497999791055918 -0.04598399996757507 0.03498300164937974
v -0.025868000462651253 -0.04598399996757507 0.05004899948835374
v -0.030253000557422638 -0.04327800124883652 0.05326100066304208
v -0.02770400047302246 -0.04598399996757507 0.05417000129818918
v -0.029231999069452286 -0.04490099847316742 0.053624998778104796
v 0.030253000557422638 -0.04327800124883652 0.05326100066304208
v 0.004497999791055918 -0.04598399996757507 0.03498300164937974
v -0.02155200019478798 -0.04490099847316742 0.04171799868345261
v -0.024714000523090363 -0.04490099847316742 0.045276999473571784
v -0.02342200092971325 -0.04598399996757507 0.04625799879431725
v -0.009708000347018242 -0.04327800124883652 0.033433001488447196
v -0.009380999952554703 -0.04490099847316742 0.034465998411178596
v -0.0088900001719594 -0.04598399996757507 0.03601200133562089
v 0.02155200019478798 -0.04490099847316742 0.04171799868345261
v 0.01788399927318096 -0.04490099847316742 0.03868500143289567
v 0.02342200092971325 -0.04598399996757507 0.04625799879431725
v 0.02729400061070919 -0.04490099847316742 0.049277000129222884
v -0.0255769994109869 -0.04327800124883652 0.04462099820375443
v -0.022305000573396683 -0.04327800124883652 0.040938001126050956
v -0.018508000299334526 -0.04327800124883652 0.037799000740051276
v -0.02042599953711033 -0.04598399996757507 0.04288600012660027
v -0.01788399927318096 -0.04490099847316742 0.03868500143289567
v -0.014275999739766121 -0.04327800124883652 0.03527799993753434
v 0.018508000299334526 -0.04327800124883652 0.037799000740051276
v 0.022305000573396683 -0.04327800124883652 0.040938001126050956
v 0.0255769994109869 -0.04327800124883652 0.04462099820375443
v 0.02042599953711033 -0.04598399996757507 0.04288600012660027
v 0.024714000523090363 -0.04490099847316742 0.045276999473571784
v 0.02824700064957142 -0.04327800124883652 0.04876099899411203
v -0.02824700064957142 -0.04327800124883652 0.04876099899411203
v -0.02729400061070919 -0.04490099847316742 0.049277000129222884
v -0.004912000149488449 -0.04327800124883652 0.03230800107121468
v -0.004745999816805124 -0.04490099847316742 0.03338000178337098
v 0.0 -0.04490099847316742 0.03301399946212769
v 0.0 -0.04327800124883652 0.03193100169301034
v 0.004745999816805124 -0.04490099847316742 0.03338000178337098
v 0.009380999952554703 -0.04490099847316742 0.034465998411178596
v 0.009708000347018242 -0.04327800124883652 0.033433001488447196
v 0.014275999739766121 -0.04327800124883652 0.03527799993753434
v 0.013794000260531902 -0.04490099847316742 0.036249000579118736
v 0.0172169990837574 0.013005999848246574 0.004331000149250031
v 0.01721400022506714 0.013001999817788601 0.004633999895304442
v 0.017249999567866325 0.012989000417292118 0.0048270002007484445
v 0.017920000478625298 0.011989999562501907 0.0055080000311136254
v 0.017847999930381775 0.012025999836623669 0.005512000061571599
v 0.01780099980533123 0.01205699983984232 0.005512000061571599
v 0.01776299998164177 0.012091999873518944 0.005510000046342612
v 0.01772500015795231 0.012138999998569489 0.005506000015884639
v 0.017697999253869057 0.012186000123620033 0.005497999954968692
v 0.01765199936926365 0.01229500025510788 0.005475000012665988
v 0.01756400056183338 0.012577000074088573 0.0053659998811781415
v 0.017548000440001488 0.012626999989151955 0.005336999893188477
v 0.017470000311732292 0.012818999588489532 0.005187000147998334
v 0.01745299994945526 0.012849999591708183 0.0051520001143217095
v 0.017371000722050667 0.01294699963182211 0.005001999903470279
v 0.017347000539302826 0.012962999753654003 0.004962999839335681
v 0.01934400014579296 0.009523999877274036 0.0055080000311136254
v 0.019874000921845436 0.008444000035524368 0.0048270002007484445
v 0.01988299936056137 0.008462999947369099 0.004852000158280135
v 0.019895000383257866 0.008497999981045723 0.004902000073343516
v 0.019890999421477318 0.008603000082075596 0.0050459997728467
v 0.01986899971961975 0.008662999607622623 0.005119999870657922
v 0.0197720006108284 0.008809000253677368 0.005274999886751176
v 0.019706999883055687 0.008886000141501427 0.005338999908417464
v 0.019505999982357025 0.009103000164031982 0.005462000146508218
v 0.019456999376416206 0.009158999659121037 0.005481000058352948
v 0.01936900056898594 0.009294000454246998 0.005506999790668488
v 0.019352000206708908 0.009344000369310379 0.005510999821126462
v 0.01934099942445755 0.009399999864399433 0.005512000061571599
v 0.019872000440955162 0.008407000452280045 0.004331000149250031
v 0.019866999238729477 0.008407000452280045 0.004633999895304442
v -0.019872000440955162 0.008407000452280045 0.004331000149250031
v -0.019866999238729477 0.008407000452280045 0.004633999895304442
v -0.019874000921845436 0.008444000035524368 0.0048270002007484445
v -0.01934400014579296 0.009523999877274036 0.0055080000311136254
v -0.019339000806212425 0.009444000199437141 0.005512000061571599
v -0.019342999905347824 0.009387999773025513 0.005512000061571599
v -0.019354000687599182 0.009336999617516994 0.005510000046342612
v -0.019375000149011612 0.00928100012242794 0.005506000015884639
v -0.019401999190449715 0.009232999756932259 0.005497999954968692
v -0.019473999738693237 0.009139000438153744 0.005475000012665988
v -0.019673999398946762 0.00892299972474575 0.0053659998811781415
v -0.01970900036394596 0.00888300035148859 0.005336999893188477
v -0.019835999235510826 0.00872000027447939 0.005187000147998334
v -0.01985500007867813 0.008689000271260738 0.0051520001143217095
v -0.019897999241948128 0.008569999597966671 0.005001999903470279
v -0.019899999722838402 0.008542000316083431 0.004962999839335681
v -0.017920000478625298 0.011989999562501907 0.0055080000311136254
v -0.017270000651478767 0.012988000176846981 0.004852000158280135
v -0.017249999567866325 0.012989000417292118 0.0048270002007484445
v -0.01730700023472309 0.012980000115931034 0.004902000073343516
v -0.017395999282598495 0.012924999929964542 0.0050459997728467
v -0.01743599958717823 0.012876000255346298 0.005119999870657922
v -0.017514999955892563 0.01271899975836277 0.005274999886751176
v -0.017549000680446625 0.012622999958693981 0.005338999908417464
v -0.017635999247431755 0.012341000139713287 0.005462000146508218
v -0.017660999670624733 0.012271000072360039 0.005481000058352948
v -0.017734000459313393 0.012126999907195568 0.005506999790668488
v -0.017767999321222305 0.012086999602615833 0.005510999821126462
v -0.01781100034713745 0.01205000001937151 0.005512000061571599
v -0.0172169990837574 0.013005999848246574 0.004331000149250031
v -0.01721400022506714 0.013001999817788601 0.004633999895304442
v -0.0026549999602138996 0.021414000540971756 0.004331000149250031
v -0.002652999944984913 0.02140899933874607 0.004633999895304442
v -0.002623999956995249 0.021432999521493912 0.0048270002007484445
v -0.001424000016413629 0.02151400037109852 0.0055080000311136254
v -0.0014909999445080757 0.021469999104738235 0.005512000061571599
v -0.0015409999759867787 0.021445000544190407 0.005512000061571599
v -0.0015910000074654818 0.021429000422358513 0.005510000046342612
v -0.0016499999910593033 0.02142000012099743 0.005506000015884639
v -0.0017049999441951513 0.02142000012099743 0.005497999954968692
v -0.0018220000201836228 0.021435000002384186 0.005475000012665988
v -0.0021089999936521053 0.02149900048971176 0.0053659998811781415
v -0.0021619999315589666 0.021510999649763107 0.005336999893188477
v -0.002366000087931752 0.021539000794291496 0.005187000147998334
v -0.0024019998963922262 0.021539999172091484 0.0051520001143217095
v -0.002526999916881323 0.02151699922978878 0.005001999903470279
v -0.0025530001148581505 0.021505000069737434 0.004962999839335681
v 0.001424000016413629 0.02151400037109852 0.0055080000311136254
v 0.0024319998919963837 0.02153800055384636 0.005119999870657922
v 0.0024949999060481787 0.021528000012040138 0.0050459997728467
v 0.002623999956995249 0.021432999521493912 0.0048270002007484445
v 0.0026130001060664654 0.021449999883770943 0.004852000158280135
v 0.002587999915704131 0.021477999165654182 0.004902000073343516
v 0.002256999956443906 0.021528000012040138 0.005274999886751176
v 0.002157999901100993 0.02150999940931797 0.005338999908417464
v 0.0018700000364333391 0.02144400030374527 0.005462000146508218
v 0.0017960000550374389 0.02143000066280365 0.005481000058352948
v 0.001636000000871718 0.021422000601887703 0.005506999790668488
v 0.0015839999541640282 0.021431000903248787 0.005510999821126462
v 0.0015300000086426735 0.021449999883770943 0.005512000061571599
v 0.0026549999602138996 0.021414000540971756 0.004331000149250031
v 0.002652999944984913 0.02140899933874607 0.004633999895304442
v -0.020786000415682793 -0.030003000050783157 0.0015569999814033513
v -0.02114100009202957 -0.029725000262260437 0.0018579999450594191
v -0.022043000906705856 -0.02857699990272522 0.011711999773979189
v -0.02238200046122074 -0.02768700011074543 0.0032190000638365754
v -0.021990999579429626 -0.028673000633716583 0.0027010000776499514
v -0.021877000108361244 -0.02886500023305416 0.0025730000343173747
v -0.022394999861717224 -0.028387999162077904 0.01418200042098761
v -0.022355999797582626 -0.02834000065922737 0.013846999965608123
v -0.022272000089287758 -0.02831299975514412 0.013195999898016456
v -0.02220200002193451 -0.028349999338388443 0.01270100008696318
v -0.022084999829530716 -0.028501000255346298 0.01195899955928326
v 0.022043000906705856 -0.02857699990272522 0.011711999773979189
v 0.02239600010216236 -0.02838899940252304 0.014192000031471256
v 0.022357000038027763 -0.028341000899672508 0.013859000056982044
v 0.022088000550866127 -0.02849699929356575 0.011974999681115154
v 0.022204000502824783 -0.028348000720143318 0.012717000208795074
v 0.022274000570178032 -0.028311999514698982 0.013209999538958076
v 0.034265000373125076 -0.011776000261306763 0.002550000092014671
v 0.033337999135255814 -0.01145699992775917 0.0034030000679194936
v 0.031136000528931618 -0.01508999988436699 0.003548000007867814
v 0.03151499852538109 -0.015309000387787819 0.003476999932900072
v 0.03170499950647354 -0.01541799958795309 0.0034020000603050002
v 0.033573001623153687 -0.011537999846041203 0.0032820000778883704
v 0.0319180004298687 -0.015541000291705132 0.0032820000778883704
v 0.03395799919962883 -0.011669999919831753 0.002971000038087369
v 0.03220000118017197 -0.015704000368714333 0.0030479999259114274
v 0.032565001398324966 -0.015915000811219215 0.00252599990926683
v 0.03376400098204613 -0.010218000039458275 0.0028599998913705353
v 0.03356900066137314 -0.010786999948322773 0.003261999925598503
v 0.03394100069999695 -0.00970499962568283 0.0015500000445172195
v 0.03389500081539154 -0.009837999939918518 0.002258999971672893
v 0.03429099917411804 -0.010103999637067318 0.0015500000445172195
v 0.03438499942421913 -0.010428999550640583 0.002094000112265349
v 0.03441999852657318 -0.010327000170946121 0.0015500000445172195
v 0.03413499891757965 -0.011156000196933746 0.0028629999142140154
v 0.034623000770807266 -0.01108499988913536 0.0015500000445172195
v 0.03460400179028511 -0.011140000075101852 0.0018449999624863271
v 0.03428500145673752 -0.01071999967098236 0.002554999897256494
v 0.03454999998211861 -0.011297999881207943 0.002094000112265349
v 0.03446799889206886 -0.011533999815583229 0.0022609999869018797
v -0.02302199974656105 -0.02702300064265728 0.0032820000778883704
v -0.02863599918782711 -0.019419999793171883 0.003548000007867814
v -0.02901500090956688 -0.019639000296592712 0.003476999932900072
v -0.02538299933075905 -0.02481899969279766 0.0032820000778883704
v -0.023497000336647034 -0.027580000460147858 0.002550000092014671
v -0.0281009990721941 -0.022871000692248344 0.002550000092014671
v -0.03006500005722046 -0.02024500072002411 0.00252599990926683
v -0.029205000028014183 -0.019749000668525696 0.0034020000603050002
v -0.02941799908876419 -0.019871000200510025 0.0032820000778883704
v -0.027533000335097313 -0.022408999502658844 0.0032820000778883704
v -0.02969999983906746 -0.020034000277519226 0.0030479999259114274
v -0.025906000286340714 -0.025330999866127968 0.002550000092014671
v -0.033640000969171524 -0.010580999776721 0.003155000042170287
v -0.03386000171303749 -0.009940000250935555 0.002477000001817942
v -0.03449799865484238 -0.011448999866843224 0.002216999884694815
v -0.034189000725746155 -0.010998000390827656 0.00278099998831749
v -0.03435799852013588 -0.010506999678909779 0.0022599999792873864
v -0.034589000046253204 -0.011181999929249287 0.0019349999492987995
v -0.03394100069999695 -0.00970499962568283 0.0015500000445172195
v -0.03429099917411804 -0.010103999637067318 0.0015500000445172195
v -0.03441999852657318 -0.010327000170946121 0.0015500000445172195
v -0.034623000770807266 -0.01108499988913536 0.0015500000445172195
v 0.029972000047564507 -0.019036000594496727 0.004451000131666661
v 0.03147200122475624 -0.01643799990415573 0.004451000131666661
v 0.029558999463915825 -0.018797999247908592 0.004474999848753215
v 0.03105900064110756 -0.016200000420212746 0.004474999848753215
v 0.029325999319553375 -0.018664000555872917 0.004488999955356122
v 0.03082600049674511 -0.016064999625086784 0.004488999955356122
v 0.029092000797390938 -0.018530000001192093 0.004503000061959029
v 0.030594000592827797 -0.015930000692605972 0.004503000061959029
v 0.028697000816464424 -0.01830100081861019 0.004526000004261733
v 0.03019700013101101 -0.01570199988782406 0.004526000004261733
v 0.028301000595092773 -0.01807199977338314 0.004548999946564437
v 0.02980099990963936 -0.01547400001436472 0.004548999946564437
v 0.023455999791622162 -0.015274999663233757 0.004831000231206418
v 0.023455999791622162 -0.01181000005453825 0.00491899996995926
v 0.024000000208616257 -0.016743000596761703 0.003769000060856343
v 0.03285999968647957 -0.016085000708699226 0.0034499999601393947
v 0.032016001641750336 -0.015598000027239323 0.0034499999601393947
v 0.03192799910902977 -0.015546999871730804 0.003452999982982875
v 0.033225998282432556 -0.017450999468564987 0.0034499999601393947
v 0.03172599896788597 -0.020049000158905983 0.0034499999601393947
v 0.03235999867320061 -0.016951000317931175 0.004449999891221524
v 0.031516000628471375 -0.016464000567793846 0.004449999891221524
v 0.030859999358654022 -0.019548999145627022 0.004449999891221524
v 0.03001599945127964 -0.019061999395489693 0.004449999891221524
v -0.03147200122475624 -0.01643799990415573 0.004451000131666661
v -0.029972000047564507 -0.019036000594496727 0.004451000131666661
v -0.03105900064110756 -0.016200000420212746 0.004474999848753215
v -0.029558999463915825 -0.018797999247908592 0.004474999848753215
v -0.03082600049674511 -0.016064999625086784 0.004488999955356122
v -0.029325999319553375 -0.018664000555872917 0.004488999955356122
v -0.030594000592827797 -0.015930000692605972 0.004503000061959029
v -0.029092000797390938 -0.018530000001192093 0.004503000061959029
v -0.03019700013101101 -0.01570199988782406 0.004526000004261733
v -0.028697000816464424 -0.01830100081861019 0.004526000004261733
v -0.02980099990963936 -0.01547400001436472 0.004548999946564437
v -0.028301000595092773 -0.01807199977338314 0.004548999946564437
v -0.023455999791622162 -0.01181000005453825 0.00491899996995926
v -0.023455999791622162 -0.015274999663233757 0.004831000231206418
v -0.023000000044703484 -0.01039199996739626 0.003973000217229129
v -0.03036000020802021 -0.02041500061750412 0.0034499999601393947
v -0.029516000300645828 -0.01992800086736679 0.0034499999601393947
v -0.02942799963057041 -0.019876999780535698 0.003452999982982875
v -0.03172599896788597 -0.020049000158905983 0.0034499999601393947
v -0.033225998282432556 -0.017450999468564987 0.0034499999601393947
v -0.031516000628471375 -0.016464000567793846 0.004449999891221524
v -0.03235999867320061 -0.016951000317931175 0.004449999891221524
v -0.03001599945127964 -0.019061999395489693 0.004449999891221524
v -0.030859999358654022 -0.019548999145627022 0.004449999891221524
v 0.029989000409841537 -0.01513999979943037 0.004472999833524228
v 0.02327200025320053 -0.011272000148892403 0.004867000039666892
v 0.0231890007853508 -0.011021999642252922 0.00478600012138486
v 0.030141999945044518 -0.014853999949991703 0.004255999810993672
v 0.02311999909579754 -0.010809999890625477 0.004674999974668027
v 0.030236000195145607 -0.014658000320196152 0.003932000137865544
v 0.023036999627947807 -0.010545000433921814 0.004430999979376794
v 0.02300499938428402 -0.010431000031530857 0.004220999777317048
v 0.030628999695181847 -0.014891999773681164 0.003924999851733447
v 0.03053399920463562 -0.015088999643921852 0.004240999929606915
v 0.030381999909877777 -0.01537299994379282 0.004451999906450511
v 0.0310210008174181 -0.01512600015848875 0.003918000031262637
v 0.030925000086426735 -0.015324000269174576 0.0042260000482201585
v 0.030775999650359154 -0.01560600008815527 0.004430999979376794
v 0.02781200036406517 -0.018856000155210495 0.003932000137865544
v 0.023976000025868416 -0.016697999089956284 0.00400400022044778
v 0.02384199947118759 -0.016356000676751137 0.004455999936908484
v 0.027935000136494637 -0.0186769999563694 0.004255999810993672
v 0.023821000009775162 -0.016297999769449234 0.004499000031501056
v 0.028106000274419785 -0.018401000648736954 0.004472999833524228
v 0.02358900010585785 -0.015654999762773514 0.0047809998504817494
v 0.031259000301361084 -0.015262000262737274 0.0039009999018162498
v 0.03116299957036972 -0.015459000132977962 0.004211000166833402
v 0.031011000275611877 -0.01573999971151352 0.004416999872773887
v 0.03149399906396866 -0.015383999794721603 0.0038590000476688155
v 0.03139999881386757 -0.01558000035583973 0.004182999953627587
v 0.03124699927866459 -0.015867000445723534 0.004399000201374293
v 0.03336000069975853 -0.016951000317931175 0.0034499999601393947
v 0.033225998282432556 -0.016450999304652214 0.0034499999601393947
v 0.03306400030851364 -0.016240999102592468 0.0034499999601393947
v 0.028504999354481697 -0.01862500049173832 0.004451999906450511
v 0.02833399921655655 -0.018897999078035355 0.004240999929606915
v 0.028210999444127083 -0.019078999757766724 0.003924999851733447
v 0.028903000056743622 -0.018850000575184822 0.004430999979376794
v 0.028734000399708748 -0.019120000302791595 0.0042260000482201585
v 0.028610000386834145 -0.019301999360322952 0.003918000031262637
v 0.0317160002887249 -0.016001999378204346 0.004317000042647124
v 0.03181299939751625 -0.015819000080227852 0.004158999770879746
v 0.03188300132751465 -0.015675999224185944 0.003951999824494124
v 0.03280699998140335 -0.016177000477910042 0.003898999886587263
v 0.0319489985704422 -0.015714000910520554 0.003949999809265138
v 0.03279300034046173 -0.016201000660657883 0.003949999809265138
v 0.031766001135110855 -0.01603100076317787 0.004315999802201987
v 0.03260999917984009 -0.0165180005133152 0.004315999802201987
v 0.03328299894928932 -0.017284000292420387 0.00364200002513826
v 0.03328299894928932 -0.017142999917268753 0.0037829999346286067
v 0.03328299894928932 -0.016951000317931175 0.0038350000977516183
v 0.03328299894928932 -0.016759000718593597 0.0037829999346286067
v 0.03279300034046173 -0.017201000824570656 0.004315999802201987
v 0.032735999673604965 -0.016951000317931175 0.004377000033855439
v 0.032735999673604965 -0.016488000750541687 0.004251999780535699
v 0.03306400030851364 -0.016335999593138695 0.003805000102147461
v 0.03306400030851364 -0.016596000641584396 0.004064999986439944
v 0.03311000019311905 -0.01738400012254715 0.003949999809265138
v 0.03306400030851364 -0.017305999994277954 0.004064999986439944
v 0.03306400030851364 -0.016951000317931175 0.004160000011324883
v 0.03328299894928932 -0.016618000343441963 0.00364200002513826
v 0.03318599984049797 -0.017427999526262283 0.0037509999237954625
v 0.02913700044155121 -0.01898599974811077 0.004416999872773887
v 0.028968999162316322 -0.01925799995660782 0.004211000166833402
v 0.028846999630331993 -0.019440000876784325 0.0039009999018162498
v 0.029363999143242836 -0.019127000123262405 0.004399000201374293
v 0.029193000867962837 -0.01940299943089485 0.004182999953627587
v 0.029069999232888222 -0.019582999870181084 0.0038590000476688155
v 0.03170400112867355 -0.0200360007584095 0.0036730000283569106
v 0.031610000878572464 -0.019982000812888145 0.003949999809265138
v 0.03148600086569786 -0.01991100050508976 0.004139999859035016
v 0.03138799965381622 -0.019853999838232994 0.004242999944835902
v 0.031293001025915146 -0.019798999652266502 0.004315999802201987
v 0.031122000887989998 -0.019701000303030014 0.004403000231832267
v 0.03147200122475624 -0.020339999347925186 0.0034499999601393947
v 0.031119000166654587 -0.020515000447630882 0.0034499999601393947
v 0.03072500042617321 -0.02054000087082386 0.0034499999601393947
v 0.029715999960899353 -0.01946599967777729 0.004317000042647124
v 0.02960599958896637 -0.019641000777482986 0.004158999770879746
v 0.029517000541090965 -0.019773999229073524 0.003951999824494124
v 0.03147200122475624 -0.02010500058531761 0.004011999815702439
v 0.03072500042617321 -0.01992199942469597 0.004368000198155642
v 0.031119000166654587 -0.019912000745534897 0.004344999790191651
v 0.03061000071465969 -0.019982000812888145 0.004315999802201987
v 0.030426999554038048 -0.020299000665545464 0.003949999809265138
v 0.030389999970793724 -0.02036299929022789 0.0037930000107735404
v 0.03072500042617321 -0.02046399936079979 0.003831000067293645
v 0.031119000166654587 -0.020229000598192215 0.0041359998285770425
v 0.03048500046133995 -0.020198000594973564 0.004112000111490489
v 0.03072500042617321 -0.020245999097824097 0.004153999965637923
v 0.031119000166654587 -0.020440999418497086 0.0038219999987632045
v 0.03147200122475624 -0.02027899958193302 0.0037539999466389426
v 0.029582999646663666 -0.019812000915408134 0.003949999809265138
v 0.02976600080728531 -0.019494999200105667 0.004315999802201987
v -0.028106000274419785 -0.018401000648736954 0.004472999833524228
v -0.02381799928843975 -0.016289999708533287 0.004505000077188016
v -0.023744000121951103 -0.01608699932694435 0.004625999834388495
v -0.02364799939095974 -0.015821000561118126 0.004734999965876342
v -0.027935000136494637 -0.0186769999563694 0.004255999810993672
v -0.02781200036406517 -0.018856000155210495 0.003932000137865544
v -0.023932000622153282 -0.01659099943935871 0.004207999911159278
v -0.02397800050675869 -0.01670200005173683 0.003992999903857709
v -0.028210999444127083 -0.019078999757766724 0.003924999851733447
v -0.02833399921655655 -0.018897999078035355 0.004240999929606915
v -0.028504999354481697 -0.01862500049173832 0.004451999906450511
v -0.028610000386834145 -0.019301999360322952 0.003918000031262637
v -0.028734000399708748 -0.019120000302791595 0.0042260000482201585
v -0.028903000056743622 -0.018850000575184822 0.004430999979376794
v -0.023003000766038895 -0.010424000211060047 0.004199999850243331
v -0.030236000195145607 -0.014658000320196152 0.003932000137865544
v -0.023034000769257545 -0.010534999892115593 0.004418999888002873
v -0.030141999945044518 -0.014853999949991703 0.004255999810993672
v -0.02311999909579754 -0.010809999890625477 0.004674000199884177
v -0.029989000409841537 -0.01513999979943037 0.004472999833524228
v -0.023446999490261078 -0.01178400032222271 0.004920000210404397
v -0.02327200025320053 -0.011272000148892403 0.004867999814450742
v -0.023182999342679977 -0.011002999730408192 0.004778000060468913
v -0.028846999630331993 -0.019440000876784325 0.0039009999018162498
v -0.028968999162316322 -0.01925799995660782 0.004211000166833402
v -0.02913700044155121 -0.01898599974811077 0.004416999872773887
v -0.029069999232888222 -0.019582999870181084 0.0038590000476688155
v -0.029193000867962837 -0.01940299943089485 0.004182999953627587
v -0.029363999143242836 -0.019127000123262405 0.004399000201374293
v -0.03147200122475624 -0.020339999347925186 0.0034499999601393947
v -0.03136000037193298 -0.02041500061750412 0.0034499999601393947
v -0.031119000166654587 -0.020515000447630882 0.0034499999601393947
v -0.030859999358654022 -0.020548999309539795 0.0034499999601393947
v -0.03072500042617321 -0.02054000087082386 0.0034499999601393947
v -0.030381999909877777 -0.01537299994379282 0.004451999906450511
v -0.03053399920463562 -0.015088999643921852 0.004240999929606915
v -0.030628999695181847 -0.014891999773681164 0.003924999851733447
v -0.0310210008174181 -0.01512600015848875 0.003918000031262637
v -0.03099600039422512 -0.015181000344455242 0.00402999995276332
v -0.030925000086426735 -0.015324000269174576 0.0042260000482201585
v -0.030775999650359154 -0.01560600008815527 0.004430999979376794
v -0.03082999959588051 -0.01550500001758337 0.004375999793410302
v -0.029715999960899353 -0.01946599967777729 0.004317000042647124
v -0.02960599958896637 -0.019641000777482986 0.004158999770879746
v -0.029517000541090965 -0.019773999229073524 0.003951999824494124
v -0.03061000071465969 -0.019982000812888145 0.004315999802201987
v -0.02976600080728531 -0.019494999200105667 0.004315999802201987
v -0.03048500046133995 -0.020198000594973564 0.004112000111490489
v -0.029582999646663666 -0.019812000915408134 0.003949999809265138
v -0.030389999970793724 -0.02036299929022789 0.0037930000107735404
v -0.030426999554038048 -0.020299000665545464 0.003949999809265138
v -0.03138799965381622 -0.019853999838232994 0.004242999944835902
v -0.03148600086569786 -0.01991100050508976 0.004139999859035016
v -0.03147200122475624 -0.02010500058531761 0.004011999815702439
v -0.031610000878572464 -0.019982000812888145 0.003949999809265138
v -0.03147200122475624 -0.02027899958193302 0.0037539999466389426
v -0.03170400112867355 -0.0200360007584095 0.0036730000283569106
v -0.031119000166654587 -0.020229000598192215 0.0041359998285770425
v -0.031119000166654587 -0.019912000745534897 0.004344999790191651
v -0.031293001025915146 -0.019798999652266502 0.004315999802201987
v -0.031122000887989998 -0.019701000303030014 0.004403000231832267
v -0.03072500042617321 -0.01992199942469597 0.004368000198155642
v -0.03072500042617321 -0.020245999097824097 0.004153999965637923
v -0.03072500042617321 -0.02046399936079979 0.003831000067293645
v -0.031119000166654587 -0.020440999418497086 0.0038219999987632045
v -0.031233999878168106 -0.015316000208258629 0.004013000056147576
v -0.03106600046157837 -0.015639999881386757 0.004362000152468682
v -0.03130299970507622 -0.01576399989426136 0.004342000000178815
v -0.03147000074386597 -0.015437000431120396 0.003976000007241965
v -0.03318599984049797 -0.017427999526262283 0.0037509999237954625
v -0.03311000019311905 -0.01738400012254715 0.003949999809265138
v -0.03279300034046173 -0.017201000824570656 0.004315999802201987
v -0.03306400030851364 -0.016240999102592468 0.0034499999601393947
v -0.033225998282432556 -0.016450999304652214 0.0034499999601393947
v -0.03336000069975853 -0.016951000317931175 0.0034499999601393947
v -0.0317160002887249 -0.016001999378204346 0.004317000042647124
v -0.03188300132751465 -0.015675999224185944 0.003951999824494124
v -0.03328299894928932 -0.016951000317931175 0.0038350000977516183
v -0.03328299894928932 -0.016759000718593597 0.0037829999346286067
v -0.03328299894928932 -0.017142999917268753 0.0037829999346286067
v -0.03328299894928932 -0.017284000292420387 0.00364200002513826
v -0.03306400030851364 -0.016951000317931175 0.004160000011324883
v -0.032735999673604965 -0.016488000750541687 0.004251999780535699
v -0.03306400030851364 -0.016596000641584396 0.004064999986439944
v -0.03279300034046173 -0.016201000660657883 0.003949999809265138
v -0.03306400030851364 -0.016335999593138695 0.003805000102147461
v -0.03280699998140335 -0.016177000477910042 0.003898999886587263
v -0.032735999673604965 -0.016951000317931175 0.004377000033855439
v -0.03260999917984009 -0.0165180005133152 0.004315999802201987
v -0.03306400030851364 -0.017305999994277954 0.004064999986439944
v -0.03328299894928932 -0.016618000343441963 0.00364200002513826
v -0.0319489985704422 -0.015714000910520554 0.003949999809265138
v -0.031766001135110855 -0.01603100076317787 0.004315999802201987
v -0.006000000052154064 -0.05362600088119507 0.010335999540984632
v -0.006000000052154064 -0.04808799922466278 0.0006699999794363977
v -0.006000000052154064 -0.03722599893808365 -0.007972000166773798
v -0.006000000052154064 -0.03966899961233139 -0.0066249999217689055
v -0.006000000052154064 -0.04622099921107292 -0.0014140000566840174
v -0.006000000052154064 -0.044185999780893326 -0.003333000000566245
v -0.006000000052154064 -0.04199700057506561 -0.005073999986052514
v -0.006000000052154064 -0.0525519996881485 0.007753000129014255
v -0.006000000052154064 -0.05126500129699707 0.005270000081509353
v -0.006000000052154064 -0.04977300018072128 0.0029029999859631066
v -0.017999999225139618 -0.05546100065112114 0.018128000199794773
v -0.017999999225139618 -0.05100899934768677 0.004831000231206418
v -0.017999999225139618 -0.052646998316049576 0.007957999594509603
v -0.017999999225139618 -0.053943999111652374 0.01124200038611889
v -0.017999999225139618 -0.05488499999046326 0.01464399974793196
v -0.017999999225139618 -0.04678799957036972 -0.0008169999928213658
v -0.017999999225139618 -0.049049001187086105 0.0018949999939650302
v -0.017999999225139618 -0.03197599947452545 -0.010049000382423403
v -0.017999999225139618 -0.03529899939894676 -0.008855000138282778
v -0.017999999225139618 -0.03847600147128105 -0.00731599982827902
v -0.017999999225139618 -0.041471999138593674 -0.00544899981468916
v -0.017999999225139618 -0.04425299912691116 -0.0032740000169724235
v -0.008070999756455421 -0.05689999833703041 0.01449800003319979
v -0.00800000037997961 -0.05640599876642227 0.012465000152587894
v -0.008070999756455421 -0.05575000122189522 0.010339999571442606
v -0.00800000037997961 -0.038116998970508575 -0.009762000292539598
v -0.008070999756455421 -0.039726000279188156 -0.008909000083804132
v -0.00800000037997961 -0.040706999599933624 -0.008334999904036524
v -0.008070999756455421 -0.04398899897933006 -0.006078999955207111
v -0.00800000037997961 -0.043175000697374344 -0.006690000183880331
v -0.00800000037997961 -0.045496001839637756 -0.004844000097364188
v -0.008070999756455421 -0.045496001839637756 -0.004844000097364188
v -0.008070999756455421 -0.04779699817299843 -0.0026620000135153536
v -0.00800000037997961 -0.04765300080180168 -0.002809999976307154
v -0.008070999756455421 -0.049633000046014786 -0.0006009999779053033
v -0.00800000037997961 -0.049633000046014786 -0.0006009999779053033
v -0.008070999756455421 -0.05107000097632408 0.0012700000079348686
v -0.00800000037997961 -0.05141900107264519 0.00176599994301796
v -0.00800000037997961 -0.05299999937415123 0.00427500018849969
v -0.008070999756455421 -0.0537399984896183 0.005634999834001065
v -0.00800000037997961 -0.05436500161886215 0.006909000221639873
v -0.00800000037997961 -0.055502999573946 0.009646999649703504
v 0.017999999225139618 -0.03529899939894676 -0.008855000138282778
v 0.017999999225139618 -0.05100899934768677 0.004831000231206418
v 0.017999999225139618 -0.049049001187086105 0.0018949999939650302
v 0.017999999225139618 -0.05546100065112114 0.018128000199794773
v 0.017999999225139618 -0.05488499999046326 0.01464399974793196
v 0.017999999225139618 -0.053943999111652374 0.01124200038611889
v 0.017999999225139618 -0.052646998316049576 0.007957999594509603
v 0.017999999225139618 -0.04678799957036972 -0.0008169999928213658
v 0.017999999225139618 -0.04425299912691116 -0.0032740000169724235
v 0.017999999225139618 -0.041471999138593674 -0.00544899981468916
v 0.017999999225139618 -0.03847600147128105 -0.00731599982827902
v 0.006000000052154064 -0.0465020015835762 -0.0011230000527575614
v 0.006000000052154064 -0.04954399913549423 0.0025750000495463614
v 0.006000000052154064 -0.0520239993929863 0.00667200004681945
v 0.006000000052154064 -0.05389000102877617 0.011082000099122526
v 0.006000000052154064 -0.03899100050330162 -0.007025999948382379
v 0.006000000052154064 -0.042959000915288925 -0.004344999790191651
v 0.015699999406933784 -0.05762099847197533 0.020050000399351123
v 0.01600000075995922 -0.05744900181889534 0.01790699921548367
v 0.015699999406933784 -0.057259999215602875 0.01647800020873547
v 0.01600000075995922 -0.05683799833059311 0.014213999733328823
v 0.015699999406933784 -0.05683799833059311 0.014213999733328823
v 0.015699999406933784 -0.05653899908065796 0.012962000444531444
v 0.01600000075995922 -0.05584000051021576 0.010607000440359117
v 0.015699999406933784 -0.055463001132011414 0.009538000449538233
v 0.01600000075995922 -0.054464999586343765 0.007125999778509142
v 0.015699999406933784 -0.054464999586343765 0.007125999778509142
v 0.015699999406933784 -0.054044999182224274 0.006240999791771175
v 0.01600000075995922 -0.05272899940609932 0.003809999907389284
v 0.015699999406933784 -0.052299000322818756 0.003104999894276262
v 0.01600000075995922 -0.05065099895000458 0.0006970000104047359
v 0.015699999406933784 -0.05065099895000458 0.0006970000104047359
v 0.015699999406933784 -0.05024300143122673 0.00016199999663513157
v 0.01600000075995922 -0.04825500026345253 -0.002178000053390861
v 0.015699999406933784 -0.047899000346660614 -0.002554999897256494
v 0.01600000075995922 -0.045566998422145844 -0.0047820000909268865
v 0.015699999406933784 -0.03616200014948845 -0.010661999695003034
v 0.01600000075995922 -0.03607400134205818 -0.010699000209569933
v 0.015699999406933784 -0.03939099982380867 -0.009095000103116037
v 0.01600000075995922 -0.039441999047994614 -0.009066999889910223
v 0.015699999406933784 -0.042445000261068344 -0.007207999937236311
v 0.01600000075995922 -0.04261799901723862 -0.007087999954819681
v 0.015699999406933784 -0.04529000073671341 -0.005020999815315009
v 0.015699999406933784 -0.045566998422145844 -0.0047820000909268865
v -0.0142000000923872 -0.05805300176143646 0.0189839992672205
v -0.014283999800682068 -0.05805300176143646 0.018984999507665638
v -0.0142000000923872 -0.05772000178694725 0.016183000057935718
v -0.015200000256299973 -0.057022999972105026 0.012837000191211704
v -0.015200000256299973 -0.0577550008893013 0.016403000801801685
v -0.014365999959409237 -0.05805400013923645 0.018998999148607257
v -0.01459100004285574 -0.058063000440597534 0.019107999280095104
v -0.014770999550819397 -0.05807499960064888 0.019274000078439716
v -0.01498700026422739 -0.058090999722480774 0.01951899938285351
v -0.015200000256299973 -0.05810600146651268 0.01976599916815758
v -0.015200000256299973 -0.03635700047016144 -0.01112200040370226
v -0.0142000000923872 -0.03657199814915657 -0.01102999970316887
v -0.015200000256299973 -0.03963200002908707 -0.009533000178635122
v -0.0142000000923872 -0.03963200002908707 -0.009533000178635122
v -0.015200000256299973 -0.04272900149226189 -0.007619999814778568
v -0.0142000000923872 -0.04272900149226189 -0.007619999814778568
v -0.015200000256299973 -0.045614998787641525 -0.005400999914854766
v -0.0142000000923872 -0.045614998787641525 -0.005400999914854766
v -0.015200000256299973 -0.048259999603033066 -0.00290099997073412
v -0.0142000000923872 -0.048259999603033066 -0.00290099997073412
v -0.015200000256299973 -0.050638001412153244 -0.0001440000050934032
v -0.0142000000923872 -0.050638001412153244 -0.0001440000050934032
v -0.015200000256299973 -0.052723001688718796 0.0028399999719113116
v -0.0142000000923872 -0.052723001688718796 0.0028399999719113116
v -0.015200000256299973 -0.05449400097131729 0.006020000204443933
v -0.0142000000923872 -0.05449400097131729 0.006020000204443933
v -0.015200000256299973 -0.055932000279426575 0.009363999590277674
v -0.0142000000923872 -0.055932000279426575 0.009363999590277674
v -0.0142000000923872 -0.057022999972105026 0.012837000191211704
v -0.015633000060915947 -0.05044100061058998 9.0000003183377e-06
v -0.015402999706566334 -0.05808199942111969 0.020121999084949497
v -0.015452000312507153 -0.058058001101017 0.020150000229477886
v -0.015449999831616879 -0.05768800154328346 0.016412999480962757
v -0.015533999539911747 -0.05800100043416023 0.02021400071680546
v -0.01562800072133541 -0.05789399892091751 0.020355999469757084
v -0.015633000060915947 -0.057507000863552094 0.016441000625491146
v -0.015689000487327576 -0.057764001190662384 0.02123700082302094
v -0.015449999831616879 -0.03633100166916847 -0.01106000039726496
v -0.015633000060915947 -0.0362589992582798 -0.010892000049352648
v -0.015665000304579735 -0.0578249990940094 0.02050000056624413
v -0.01568100042641163 -0.05778399854898453 0.020678000524640087
v -0.0156870000064373 -0.05776600167155266 0.020894000306725505
v -0.015242000110447407 -0.058111999183893204 0.019896000623703006
v -0.015310999937355518 -0.05810900032520294 0.020049000158905986
v -0.015339000150561333 -0.05810299888253212 0.020084999501705173
v -0.015368999913334846 -0.05809500068426132 0.020106000825762752
v -0.015633000060915947 -0.05678100138902664 0.012900000438094143
v -0.015633000060915947 -0.05569799989461899 0.009451000019907953
v -0.015633000060915947 -0.05426900088787079 0.006130000110715629
v -0.015633000060915947 -0.05251099914312363 0.0029720000457018622
v -0.015633000060915947 -0.04545300081372261 -0.005210999865084887
v -0.015633000060915947 -0.04808000102639198 -0.0027280000504106288
v -0.015633000060915947 -0.042587000876665115 -0.007414000108838083
v -0.015633000060915947 -0.03951200097799301 -0.009313999675214292
v -0.015449999831616879 -0.03959999978542328 -0.009475000202655794
v -0.015449999831616879 -0.04269099980592728 -0.007565000094473364
v -0.015449999831616879 -0.04557099938392639 -0.005350000225007535
v -0.015449999831616879 -0.048211999237537384 -0.002855000086128712
v -0.015449999831616879 -0.050585001707077026 -0.00010299999848939481
v -0.015449999831616879 -0.05266600102186203 0.002875000005587936
v -0.015449999831616879 -0.054434001445770264 0.006049999967217447
v -0.015449999831616879 -0.05586899816989899 0.009387000463902952
v -0.015449999831616879 -0.05695800110697746 0.01285399962216616
v -0.013767000287771225 -0.05251099914312363 0.0029720000457018622
v -0.013767000287771225 -0.05044100061058998 9.0000003183377e-06
v -0.013767000287771225 -0.036472998559474945 -0.010800999589264395
v -0.013949999585747719 -0.03654500097036362 -0.010968999937176706
v -0.013949999585747719 -0.0576540008187294 0.016194000840187076
v -0.013949000276625156 -0.05799200013279915 0.019079999998211864
v -0.014037000015377998 -0.05802899971604347 0.01903299987316132
v -0.013767000287771225 -0.0578249990940094 0.01930700056254864
v -0.013783000409603119 -0.05784900113940239 0.019267000257968906
v -0.013767000287771225 -0.05747300013899803 0.016222000122070316
v -0.01389199960976839 -0.0579570010304451 0.019122000783681873
v -0.013767000287771225 -0.05678100138902664 0.012900000438094143
v -0.013767000287771225 -0.05569799989461899 0.009451000019907953
v -0.013767000287771225 -0.05426900088787079 0.006130000110715629
v -0.013767000287771225 -0.042587000876665115 -0.007414000108838083
v -0.013767000287771225 -0.04545300081372261 -0.005210999865084887
v -0.013767000287771225 -0.04808000102639198 -0.0027280000504106288
v -0.013949999585747719 -0.03959999978542328 -0.009475000202655794
v -0.013949999585747719 -0.04269099980592728 -0.007565000094473364
v -0.013949999585747719 -0.04557099938392639 -0.005350000225007535
v -0.013949999585747719 -0.048211999237537384 -0.002855000086128712
v -0.013949999585747719 -0.050585001707077026 -0.00010299999848939481
v -0.013949999585747719 -0.05266600102186203 0.002875000005587936
v -0.013949999585747719 -0.054434001445770264 0.006049999967217447
v -0.013949999585747719 -0.05586899816989899 0.009387000463902952
v -0.013949999585747719 -0.05695800110697746 0.01285399962216616
v -0.013767000287771225 -0.03951200097799301 -0.009313999675214292
v -0.009189999662339687 -0.057555001229047775 0.015228999778628353
v -0.009571000002324581 -0.05758899822831154 0.015412000007927421
v -0.009571000002324581 -0.05678100138902664 0.01195000018924475
v -0.009571000002324581 -0.055601999163627625 0.008508999831974508
v -0.008570999838411808 -0.05622300133109093 0.010177999734878542
v -0.008570999838411808 -0.055601999163627625 0.008508999831974508
v -0.008570999838411808 -0.05750799924135208 0.01498300023376942
v -0.008693000301718712 -0.05751299858093262 0.015004999935626987
v -0.008809000253677368 -0.05752100050449371 0.015048000030219558
v -0.008570999838411808 -0.05418400093913078 0.005406000185757876
v -0.009571000002324581 -0.055167000740766525 0.0074700000695884245
v -0.008570999838411808 -0.05215400084853172 0.0019590000156313185
v -0.009571000002324581 -0.03930100053548813 -0.00971299968659878
v -0.008570999838411808 -0.03997199982404709 -0.00934400036931038
v -0.009571000002324581 -0.04163600131869316 -0.008345000445842745
v -0.008570999838411808 -0.04163600131869316 -0.008345000445842745
v -0.009571000002324581 -0.04333899915218353 -0.00718900002539158
v -0.008570999838411808 -0.04429500177502632 -0.006473999936133625
v -0.009571000002324581 -0.047005001455545425 -0.004151000175625087
v -0.008570999838411808 -0.04743099957704544 -0.003740000072866679
v -0.009571000002324581 -0.04743099957704544 -0.003740000072866679
v -0.008570999838411808 -0.04815699905157089 -0.0030090000946074733
v -0.009571000002324581 -0.050234999507665634 -0.0006530000246129931
v -0.008570999838411808 -0.05147700011730194 0.0009790000040084126
v -0.009571000002324581 -0.05215400084853172 0.0019590000156313185
v -0.009571000002324581 -0.05297200009226799 0.003244000021368266
v -0.009762000292539597 -0.04331599920988083 -0.00715800002217293
v -0.009762000292539597 -0.05020600184798241 -0.000629000016488135
v -0.009762000292539597 -0.0529399998486042 0.0032639999408274898
v -0.009762000292539597 -0.05674400180578232 0.011959999799728397
v -0.010033000260591507 -0.043157998472452164 -0.006938999984413387
v -0.010033000260591507 -0.05270799994468689 0.003404000075533987
v -0.01004400011152029 -0.05741199851036072 0.016398999840021137
v -0.009925000369548798 -0.03923200070858002 -0.00958400033414364
v -0.009762000292539597 -0.03928299993276596 -0.00968000013381243
v -0.010033000260591507 -0.03915499895811081 -0.009441000409424307
v -0.010030999779701233 -0.05740800127387047 0.016152000054717067
v -0.010033000260591507 -0.05648399889469147 0.012035000137984756
v -0.009925000369548798 -0.05663999915122986 0.01198999956250191
v -0.009934999980032444 -0.05748999863862991 0.01575499959290028
v -0.010002999566495419 -0.05743199959397316 0.015952000394463543
v -0.009643999859690666 -0.05759600177407265 0.015480999834835533
v -0.009685000404715538 -0.0575920008122921 0.015502000227570537
v -0.009765000082552433 -0.05757499858736992 0.015553000383079055
v -0.009835000149905682 -0.05754899978637695 0.015615000389516357
v -0.009607000276446342 -0.05759499967098236 0.015455000102519992
v -0.009762000292539597 -0.055132001638412476 0.007484999950975181
v -0.009925000369548798 -0.05503299832344055 0.007528999820351602
v -0.010033000260591507 -0.05488400161266327 0.007594000082463028
v -0.009925000369548798 -0.0528470017015934 0.003319999901577831
v -0.010033000260591507 -0.049995001405477524 -0.00045900000259280216
v -0.009925000369548798 -0.0501209981739521 -0.000561000022571534
v -0.009762000292539597 -0.04697899892926216 -0.004122999962419272
v -0.009925000369548798 -0.046904001384973526 -0.004044999834150077
v -0.010033000260591507 -0.046792998909950256 -0.003926999866962434
v -0.009925000369548798 -0.04325300082564354 -0.0070699998177588
v -0.008108999580144882 -0.04793500155210495 -0.0027950000949203972
v -0.008379999548196793 -0.03995300084352493 -0.009310999885201456
v -0.008379999548196793 -0.04427099972963333 -0.006444000173360111
v -0.008379999548196793 -0.05144599825143814 0.001001000055111945
v -0.008379999548196793 -0.05415000021457672 0.00542300008237362
v -0.008379999548196793 -0.05618700012564659 0.010189999826252462
v -0.008108999580144882 -0.039820000529289246 -0.00907499995082617
v -0.008217999711632729 -0.039900001138448715 -0.009216999635100366
v -0.008407000452280045 -0.05747700110077858 0.01496400032192469
v -0.008217999711632729 -0.05608399957418442 0.010224999859929087
v -0.008262000046670437 -0.0573979988694191 0.014976999722421173
v -0.008148999884724617 -0.057273998856544495 0.01499199960380793
v -0.008108999580144882 -0.05593099817633629 0.010277999565005304
v -0.00810300000011921 -0.057176001369953156 0.01496599987149239
v -0.008217999711632729 -0.05405399948358536 0.005472999997437001
v -0.008108999580144882 -0.05390999838709831 0.005547000095248223
v -0.008217999711632729 -0.051357999444007874 0.0010649999603629114
v -0.008108999580144882 -0.05122600123286247 0.0011589999776333573
v -0.008073999546468258 -0.057009000331163406 0.014754000119864944
v -0.008082999847829342 -0.057092998176813126 0.014893000014126304
v -0.008379999548196793 -0.04812899976968765 -0.0029819998890161523
v -0.008217999711632729 -0.04805099964141846 -0.00290700001642108
v -0.008108999580144882 -0.044105999171733856 -0.006229999940842392
v -0.008217999711632729 -0.04420499876141548 -0.006359000224620106
v 0.015200000256299973 -0.05810600146651268 0.01976599916815758
v 0.01498700026422739 -0.058090999722480774 0.01951899938285351
v 0.015200000256299973 -0.0577550008893013 0.016403000801801685
v 0.014770999550819397 -0.05807499960064888 0.019274000078439716
v 0.014538000337779522 -0.05806000158190727 0.019073000177741054
v 0.01437699981033802 -0.05805499851703644 0.01900199986994267
v 0.014289000071585178 -0.05805300176143646 0.018984999507665638
v 0.015200000256299973 -0.057022999972105026 0.012837000191211704
v 0.0142000000923872 -0.03657199814915657 -0.01102999970316887
v 0.015200000256299973 -0.03635700047016144 -0.01112200040370226
v 0.0142000000923872 -0.03963200002908707 -0.009533000178635122
v 0.015200000256299973 -0.03963200002908707 -0.009533000178635122
v 0.0142000000923872 -0.04272900149226189 -0.007619999814778568
v 0.015200000256299973 -0.04272900149226189 -0.007619999814778568
v 0.0142000000923872 -0.045614998787641525 -0.005400999914854766
v 0.015200000256299973 -0.045614998787641525 -0.005400999914854766
v 0.0142000000923872 -0.048259999603033066 -0.00290099997073412
v 0.015200000256299973 -0.048259999603033066 -0.00290099997073412
v 0.0142000000923872 -0.050638001412153244 -0.0001440000050934032
v 0.015200000256299973 -0.050638001412153244 -0.0001440000050934032
v 0.0142000000923872 -0.052723001688718796 0.0028399999719113116
v 0.015200000256299973 -0.052723001688718796 0.0028399999719113116
v 0.0142000000923872 -0.05449400097131729 0.006020000204443933
v 0.015200000256299973 -0.05449400097131729 0.006020000204443933
v 0.0142000000923872 -0.055932000279426575 0.009363999590277674
v 0.015200000256299973 -0.055932000279426575 0.009363999590277674
v 0.0142000000923872 -0.057022999972105026 0.012837000191211704
v 0.0142000000923872 -0.05772000178694725 0.016183000057935718
v 0.0142000000923872 -0.05805300176143646 0.0189839992672205
v 0.014037000015377998 -0.05802899971604347 0.01903299987316132
v 0.013949000276625156 -0.05799200013279915 0.019079999998211864
v 0.013949999585747719 -0.0576540008187294 0.016194000840187076
v 0.013949999585747719 -0.03654500097036362 -0.010968999937176706
v 0.013767000287771225 -0.036472998559474945 -0.010800999589264395
v 0.013767000287771225 -0.05747300013899803 0.016222000122070316
v 0.01389199960976839 -0.0579570010304451 0.019122000783681873
v 0.013783000409603119 -0.05784900113940239 0.019267000257968906
v 0.013767000287771225 -0.0578249990940094 0.01930700056254864
v 0.013767000287771225 -0.05678100138902664 0.012900000438094143
v 0.013767000287771225 -0.05569799989461899 0.009451000019907953
v 0.013767000287771225 -0.05426900088787079 0.006130000110715629
v 0.013767000287771225 -0.05251099914312363 0.0029720000457018622
v 0.013767000287771225 -0.04545300081372261 -0.005210999865084887
v 0.013767000287771225 -0.04808000102639198 -0.0027280000504106288
v 0.013767000287771225 -0.05044100061058998 9.0000003183377e-06
v 0.013767000287771225 -0.03951200097799301 -0.009313999675214292
v 0.013767000287771225 -0.042587000876665115 -0.007414000108838083
v 0.013949999585747719 -0.03959999978542328 -0.009475000202655794
v 0.013949999585747719 -0.04269099980592728 -0.007565000094473364
v 0.013949999585747719 -0.04557099938392639 -0.005350000225007535
v 0.013949999585747719 -0.048211999237537384 -0.002855000086128712
v 0.013949999585747719 -0.050585001707077026 -0.00010299999848939481
v 0.013949999585747719 -0.05266600102186203 0.002875000005587936
v 0.013949999585747719 -0.054434001445770264 0.006049999967217447
v 0.013949999585747719 -0.05586899816989899 0.009387000463902952
v 0.013949999585747719 -0.05695800110697746 0.01285399962216616
v 0.015633000060915947 -0.05787000060081482 0.02003699913620949
v 0.015633000060915947 -0.057507000863552094 0.016441000625491146
v 0.015689000487327576 -0.057764001190662384 0.02121599949896336
v 0.015689000487327576 -0.0577629990875721 0.021190000697970394
v 0.015684999525547028 -0.057771001011133194 0.020796999335289005
v 0.015633000060915947 -0.0362589992582798 -0.010892000049352648
v 0.015449999831616879 -0.05805300176143646 0.020028000697493557
v 0.01526500005275011 -0.05811300128698349 0.019954999908804897
v 0.015449999831616879 -0.05768800154328346 0.016412999480962757
v 0.015513000078499317 -0.058017998933792114 0.02019399963319302
v 0.015368999913334846 -0.05809500068426132 0.020106000825762752
v 0.01532800029963255 -0.05810600146651268 0.02007200010120869
v 0.01567699946463108 -0.057794999331235886 0.020609999075531963
v 0.015659000724554062 -0.05783800035715103 0.020465999841690067
v 0.01563500054180622 -0.05788299813866615 0.02037400007247925
v 0.015620999969542027 -0.05790499970316887 0.020338000729680065
v 0.015633000060915947 -0.05569799989461899 0.009451000019907953
v 0.015633000060915947 -0.05678100138902664 0.012900000438094143
v 0.015633000060915947 -0.05251099914312363 0.0029720000457018622
v 0.015633000060915947 -0.05426900088787079 0.006130000110715629
v 0.015633000060915947 -0.04808000102639198 -0.0027280000504106288
v 0.015633000060915947 -0.05044100061058998 9.0000003183377e-06
v 0.015449999831616879 -0.05695800110697746 0.01285399962216616
v 0.015449999831616879 -0.05586899816989899 0.009387000463902952
v 0.015449999831616879 -0.054434001445770264 0.006049999967217447
v 0.015449999831616879 -0.05266600102186203 0.002875000005587936
v 0.015449999831616879 -0.050585001707077026 -0.00010299999848939481
v 0.015449999831616879 -0.048211999237537384 -0.002855000086128712
v 0.015449999831616879 -0.04557099938392639 -0.005350000225007535
v 0.015449999831616879 -0.04269099980592728 -0.007565000094473364
v 0.015449999831616879 -0.03959999978542328 -0.009475000202655794
v 0.015449999831616879 -0.03633100166916847 -0.01106000039726496
v 0.015633000060915947 -0.03951200097799301 -0.009313999675214292
v 0.015633000060915947 -0.042587000876665115 -0.007414000108838083
v 0.015633000060915947 -0.04545300081372261 -0.005210999865084887
v 0.009929999709129333 -0.05749399960041046 0.015745000913739208
v 0.009823000058531761 -0.05755399912595749 0.015603000298142437
v 0.009820999577641487 -0.056735001504421234 0.012033999897539619
v 0.009607000276446342 -0.05759499967098236 0.015455000102519992
v 0.009571000002324581 -0.05758899822831154 0.015412000007927421
v 0.009571000002324581 -0.0568000003695488 0.012016000226140026
v 0.01004400011152029 -0.057413000613451004 0.01640499942004681
v 0.01004400011152029 -0.05741100013256073 0.016381999477744106
v 0.010003999806940556 -0.0565590001642704 0.012083999812603
v 0.010003999806940556 -0.038300998508930206 -0.009949999861419203
v 0.009820999577641487 -0.03838299959897995 -0.010112999938428404
v 0.009571000002324581 -0.038412999361753464 -0.010173000395298006
v 0.009801000356674194 -0.05756299942731857 0.015581999905407432
v 0.009643999859690666 -0.05759600177407265 0.015480999834835533
v 0.010029000230133533 -0.057408999651670456 0.016135999932885173
v 0.009999999776482582 -0.05743499845266342 0.015940999612212185
v 0.010003999806940556 -0.0519459992647171 0.0020979999098926787
v 0.010003999806940556 -0.05382699891924858 0.005260999780148269
v 0.010003999806940556 -0.05536999925971031 0.00860199984163046
v 0.010003999806940556 -0.047256000339984894 -0.003562000114470721
v 0.010003999806940556 -0.049747999757528305 -0.0008539999835193159
v 0.009571000002324581 -0.055601999163627625 0.008508999831974508
v 0.009820999577641487 -0.05553999915719032 0.008534000255167486
v 0.009571000002324581 -0.054048001766204834 0.005144000053405763
v 0.009820999577641487 -0.053989000618457794 0.005175999831408263
v 0.009571000002324581 -0.05215400084853172 0.0019590000156313185
v 0.009820999577641487 -0.052097998559474945 0.0019960000645369296
v 0.009571000002324581 -0.04994099959731102 -0.0010130000300705435
v 0.009820999577641487 -0.04988899827003479 -0.0009699999936856332
v 0.009571000002324581 -0.04743099957704544 -0.003740000072866679
v 0.009820999577641487 -0.047384001314640045 -0.003691999940201641
v 0.009571000002324581 -0.04465299844741821 -0.006192999891936781
v 0.009820999577641487 -0.04461200162768364 -0.006140999961644413
v 0.009571000002324581 -0.04163600131869316 -0.008345000445842745
v 0.009820999577641487 -0.041600000113248825 -0.008289000019431116
v 0.010003999806940556 -0.04449800029397011 -0.005996999796479942
v 0.010003999806940556 -0.04150199890136719 -0.008134000003337862
v 0.008570999838411808 -0.04163600131869316 -0.008345000445842745
v 0.008570999838411808 -0.04429500177502632 -0.006473999936133625
v 0.008379999548196793 -0.04427099972963333 -0.006444000173360111
v 0.008570999838411808 -0.04743099957704544 -0.003740000072866679
v 0.008570999838411808 -0.04815699905157089 -0.0030090000946074733
v 0.008379999548196793 -0.04812899976968765 -0.0029819998890161523
v 0.008570999838411808 -0.05215400084853172 0.0019590000156313185
v 0.008570999838411808 -0.05418400093913078 0.005406000185757876
v 0.008379999548196793 -0.05415000021457672 0.00542300008237362
v 0.008570999838411808 -0.055601999163627625 0.008508999831974508
v 0.008570999838411808 -0.05622300133109093 0.010177999734878542
v 0.008379999548196793 -0.05618700012564659 0.010189999826252462
v 0.008108999580144882 -0.039820000529289246 -0.00907499995082617
v 0.008108999580144882 -0.044105999171733856 -0.006229999940842392
v 0.008108999580144882 -0.04793500155210495 -0.0027950000949203972
v 0.008108999580144882 -0.05122600123286247 0.0011589999776333573
v 0.008108999580144882 -0.05593099817633629 0.010277999565005304
v 0.008570999838411808 -0.03997199982404709 -0.00934400036931038
v 0.008379999548196793 -0.03995300084352493 -0.009310999885201456
v 0.008217999711632729 -0.039900001138448715 -0.009216999635100366
v 0.00810300000011921 -0.057176001369953156 0.01496599987149239
v 0.008082999847829342 -0.057092998176813126 0.014893000014126304
v 0.008073999546468258 -0.057009000331163406 0.014754000119864944
v 0.008148999884724617 -0.057273998856544495 0.01499199960380793
v 0.008217999711632729 -0.05608399957418442 0.010224999859929087
v 0.008262000046670437 -0.0573979988694191 0.014976999722421173
v 0.008407000452280045 -0.05747700110077858 0.01496400032192469
v 0.008570999838411808 -0.05750799924135208 0.01498300023376942
v 0.008108999580144882 -0.05390999838709831 0.005547000095248223
v 0.008217999711632729 -0.05405399948358536 0.005472999997437001
v 0.008570999838411808 -0.05147700011730194 0.0009790000040084126
v 0.008379999548196793 -0.05144599825143814 0.001001000055111945
v 0.008217999711632729 -0.051357999444007874 0.0010649999603629114
v 0.008217999711632729 -0.04805099964141846 -0.00290700001642108
v 0.008217999711632729 -0.04420499876141548 -0.006359000224620106
v 0.009189999662339687 -0.057555001229047775 0.015228999778628353
v 0.008809000253677368 -0.05752100050449371 0.015048000030219558
v 0.008693000301718712 -0.05751299858093262 0.015004999935626987
v 0.009619000367820263 -0.057652998715639114 0.01566799916327
v 0.010015999898314476 -0.057509999722242355 0.016395000740885738
v 0.010002999566495419 -0.05748799815773964 0.016178000718355182
v 0.009972999803721905 -0.05750399827957153 0.01601500064134598
v 0.00989999994635582 -0.057558998465538025 0.015863999724388126
v 0.009770999662578106 -0.05762400105595589 0.01574400067329407
v 0.01535400003194809 -0.058118999004364014 0.020253999158740047
v 0.015496999956667423 -0.05804700031876564 0.02031500078737736
v 0.015673000365495682 -0.05787000060081482 0.02125000022351742
v 0.015673000365495682 -0.05786300078034401 0.021190000697970394
v 0.015672000125050545 -0.057833001017570496 0.020814999938011173
v 0.015664000064134598 -0.05784200131893158 0.020643999800086025
v 0.01564599946141243 -0.05787599831819534 0.02051999978721142
v 0.01560600008815527 -0.057937998324632645 0.020417999476194385
v -0.015667999163269997 -0.05790900066494942 0.021561000496149067
v -0.015673000365495682 -0.057868000119924545 0.0212360005825758
v -0.01535400003194809 -0.058118999004364014 0.020253999158740047
v -0.015387999825179577 -0.05810699984431267 0.020266000181436542
v -0.015518000349402428 -0.05803000181913376 0.02032900042831898
v -0.015614000149071217 -0.057927001267671585 0.020431999117136005
v -0.01567400060594082 -0.057836998254060745 0.02090599946677685
v -0.015667999163269997 -0.05783599987626076 0.02070499956607819
v -0.015652000904083252 -0.05786500126123428 0.0205489993095398
v -0.009619000367820263 -0.057652998715639114 0.01566799916327
v -0.00965800043195486 -0.05764999985694885 0.015683999285101894
v -0.009805000387132168 -0.05761199817061424 0.01576800085604191
v -0.009975999593734741 -0.05750200152397156 0.016024999320507053
v -0.009906000457704067 -0.05755599960684776 0.015870999544858936
v -0.010005000047385693 -0.05748799815773964 0.016192000359296802
v -0.010017000138759613 -0.05751200020313263 0.016411000862717632
v 0.01773199997842312 -0.03568600118160248 -0.009777000173926355
v 0.017000000923871994 -0.03596999868750572 -0.010452000424265863
v 0.017470000311732292 -0.05701899901032448 0.021498000249266628
v 0.017000000923871994 -0.057395000010728836 0.021498000249266628
v 0.017000000923871994 -0.05718199908733368 0.017936000600457195
v 0.01693899929523468 -0.0574290007352829 0.021498000249266628
v 0.016301000490784645 -0.05764000117778778 0.02149700000882149
v 0.01773199997842312 -0.05645500123500824 0.018016999587416652
v 0.01773199997842312 -0.05586199834942818 0.014429000206291679
v 0.01773199997842312 -0.05489199981093407 0.010924000293016435
v 0.01773199997842312 -0.05355599895119667 0.00754200015217066
v 0.01773199997842312 -0.05186900123953819 0.004321000073105098
v 0.01773199997842312 -0.04984999820590019 0.0012959999730810525
v 0.01773199997842312 -0.04752099886536598 -0.0014969999901950364
v 0.01773199997842312 -0.0449099987745285 -0.004027999937534333
v 0.01773199997842312 -0.042045000940561295 -0.00626800023019314
v 0.01773199997842312 -0.03895900025963783 -0.00819199997931719
v 0.017000000923871994 -0.05657700076699257 0.014271999709308151
v 0.017000000923871994 -0.05558599904179573 0.010692000389099123
v 0.017000000923871994 -0.054221998900175095 0.007236999925225975
v 0.017000000923871994 -0.05249800160527229 0.003947000019252301
v 0.017000000923871994 -0.050436001271009445 0.0008580000139772894
v 0.017000000923871994 -0.04805799946188927 -0.001995000056922436
v 0.017000000923871994 -0.04539100080728531 -0.004579999949783088
v 0.017000000923871994 -0.042465001344680786 -0.006868000142276289
v 0.017000000923871994 -0.039312999695539474 -0.00883300043642521
v 0.0061519998125731945 -0.054614000022411346 0.010835999622941019
v 0.006585999857634306 -0.05522900074720383 0.01062699966132641
v 0.007234999909996986 -0.05563899874687195 0.010487000457942488
v 0.006585999857634306 -0.03969600051641464 -0.008252000436186792
v 0.0061519998125731945 -0.0393729992210865 -0.007689000107347967
v 0.007234999909996986 -0.03991200029850006 -0.008627000264823438
v 0.007234999909996986 -0.04410099983215332 -0.005797999911010266
v 0.007234999909996986 -0.047839999198913574 -0.00239600008353591
v 0.007234999909996986 -0.05105200037360191 0.0015069999499246482
v 0.007234999909996986 -0.0536700002849102 0.005830999929457904
v 0.006585999857634306 -0.053282998502254486 0.00602900004014373
v 0.006585999857634306 -0.05069800093770027 0.001757999998517335
v 0.006585999857634306 -0.04752599820494652 -0.0020969999022781853
v 0.006585999857634306 -0.04383299872279167 -0.005456999875605107
v 0.0061519998125731945 -0.052705999463796616 0.006324000190943481
v 0.0061519998125731945 -0.050168998539447784 0.002132999943569303
v 0.0061519998125731945 -0.04705600067973137 -0.0016499999910593037
v 0.0061519998125731945 -0.043432001024484634 -0.004947000183165074
v -0.017000000923871994 -0.03247400000691414 -0.011707999743521215
v -0.017000000923871994 -0.03596999868750572 -0.010452000424265863
v -0.01773199997842312 -0.03226400166749954 -0.011006999760866167
v -0.01773199997842312 -0.05645500123500824 0.018016999587416652
v -0.017470000311732292 -0.05701899901032448 0.021498000249266628
v -0.017000000923871994 -0.05718199908733368 0.017936000600457195
v -0.017000000923871994 -0.057395000010728836 0.021498000249266628
v -0.01693899929523468 -0.0574290007352829 0.021498000249266628
v -0.016301000490784645 -0.05764000117778778 0.02149700000882149
v -0.017000000923871994 -0.039312999695539474 -0.00883300043642521
v -0.017000000923871994 -0.042465001344680786 -0.006868000142276289
v -0.017000000923871994 -0.04539100080728531 -0.004579999949783088
v -0.017000000923871994 -0.04805799946188927 -0.001995000056922436
v -0.017000000923871994 -0.050436001271009445 0.0008580000139772894
v -0.017000000923871994 -0.05249800160527229 0.003947000019252301
v -0.017000000923871994 -0.054221998900175095 0.007236999925225975
v -0.017000000923871994 -0.05558599904179573 0.010692000389099123
v -0.017000000923871994 -0.05657700076699257 0.014271999709308151
v -0.01773199997842312 -0.03568600118160248 -0.009777000173926355
v -0.01773199997842312 -0.03895900025963783 -0.00819199997931719
v -0.01773199997842312 -0.042045000940561295 -0.00626800023019314
v -0.01773199997842312 -0.0449099987745285 -0.004027999937534333
v -0.01773199997842312 -0.04752099886536598 -0.0014969999901950364
v -0.01773199997842312 -0.04984999820590019 0.0012959999730810525
v -0.01773199997842312 -0.05186900123953819 0.004321000073105098
v -0.01773199997842312 -0.05355599895119667 0.00754200015217066
v -0.01773199997842312 -0.05489199981093407 0.010924000293016435
v -0.01773199997842312 -0.05586199834942818 0.014429000206291679
v -0.006268000230193138 -0.055442001670598984 0.012729999609291557
v -0.006268000230193138 -0.05456500127911568 0.009991999715566637
v -0.007000000216066837 -0.05614800006151199 0.01253600046038628
v -0.006268000230193138 -0.03767099976539612 -0.008867000229656698
v -0.007000000216066837 -0.03799799829721451 -0.009522000327706339
v -0.007000000216066837 -0.04056800156831741 -0.008105999790132047
v -0.007000000216066837 -0.04301699995994568 -0.006473999936133625
v -0.007000000216066837 -0.04532000049948692 -0.004641999956220389
v -0.007000000216066837 -0.04746200144290924 -0.002622999949380756
v -0.007000000216066837 -0.04942600056529045 -0.000430999993113801
v -0.007000000216066837 -0.05119900032877922 0.0019189999438822274
v -0.007000000216066837 -0.05276799947023392 0.00440899981185794
v -0.007000000216066837 -0.05412200093269348 0.007021999917924406
v -0.007000000216066837 -0.05525200068950653 0.009739000350236894
v -0.006268000230193138 -0.04018799960613251 -0.007480000145733358
v -0.006268000230193138 -0.04258599877357483 -0.005882000084966423
v -0.006268000230193138 -0.04484099894762039 -0.004087999928742648
v -0.006268000230193138 -0.0469370000064373 -0.002112000016495586
v -0.006268000230193138 -0.04885999858379364 3.500000093481504e-05
v -0.006268000230193138 -0.050595998764038086 0.002335000084713102
v -0.006268000230193138 -0.05213199928402901 0.0047729997895658025
v -0.006268000230193138 -0.05345800146460533 0.007331000175327064
v -0.02273399941623211 -0.01016900036484003 0.003973000217229129
v -0.0225600004196167 -0.009867999702692032 0.003973000217229129
v -0.022633999586105347 -0.010026000440120697 0.003973000217229129
v -0.02297000028192997 -0.011785999871790409 0.0050699999555945405
v -0.022626999765634537 -0.011823000386357307 0.00542999990284443
v -0.022624999284744263 -0.011788999661803246 0.005433999933302403
v -0.022974999621510506 -0.011814000084996223 0.005067000165581704
v -0.02282699942588806 -0.010900000110268593 0.004960000049322844
v -0.022585000842809677 -0.010734999552369118 0.005251999944448472
v -0.022564999759197235 -0.010077999904751778 0.004687999840825797
v -0.02275099977850914 -0.010343999601900578 0.004532000049948693
v -0.022735999897122383 -0.01020899973809719 0.004257999826222659
v -0.022561000660061836 -0.009917999617755413 0.004337000194936992
v -0.02315800078213215 -0.015275999903678894 0.004891000222414733
v -0.02268099971115589 -0.015285000205039978 0.0052570002153515824
v -0.022890999913215637 -0.015279999934136868 0.005036999937146903
v -0.022974999621510506 -0.015278000384569168 0.004978999961167575
v -0.02254600077867508 -0.015292000025510788 0.0055289999581873426
v -0.022626999765634537 -0.015286999754607677 0.005342999938875438
v -0.02338300086557865 -0.016075000166893005 0.004606000147759915
v -0.022585999220609665 -0.017201999202370644 0.003769000060856343
v -0.02283100038766861 -0.01686600036919117 0.003769000060856343
v -0.02258400060236454 -0.017162999138236046 0.004112999886274339
v -0.023584000766277313 -0.01658800058066845 0.003963000141084195
v -0.02354300022125244 -0.01650499925017357 0.00416200002655387
v -0.023037999868392944 -0.016131000593304634 0.004697000142186881
v -0.023148000240325928 -0.016560999676585197 0.004191999789327384
v -0.023176999762654305 -0.016635999083518982 0.003976000007241965
v -0.023605000227689743 -0.016614999622106552 0.003769000060856343
v -0.022579999640583992 -0.017038000747561455 0.004451000131666661
v -0.022564999759197235 -0.016408000141382217 0.005150000099092723
v -0.022753000259399414 -0.01624700054526329 0.004887000191956759
v -0.022808000445365906 -0.016749000176787376 0.00429400010034442
v -0.022823000326752663 -0.016838999465107918 0.004027999937534333
v -0.023190999403595924 -0.016658000648021698 0.003769000060856343
v 0.023499999195337296 -0.01660900004208088 0.003769000060856343
v 0.023000000044703484 -0.016743000596761703 0.003769000060856343
v 0.022633999586105347 -0.01710899919271469 0.003769000060856343
v 0.022974999621510506 -0.015278000384569168 0.004978999961167575
v 0.022778000682592392 -0.015282000415027142 0.005138999782502652
v 0.022825000807642937 -0.015720000490546227 0.005030000116676093
v 0.022571999579668045 -0.015289999544620514 0.005458000116050244
v 0.022585000842809677 -0.015805000439286232 0.005353999789804221
v 0.022626999765634537 -0.015286999754607677 0.005342999938875438
v 0.023180000483989716 -0.01566700078547001 0.004827999975532294
v 0.023087000474333763 -0.015277000144124031 0.00491899996995926
v 0.02336999960243702 -0.016318999230861664 0.004418999888002873
v 0.022613000124692917 -0.016690999269485474 0.004796000197529794
v 0.022631000727415085 -0.017069000750780106 0.004106000065803529
v 0.022988000884652138 -0.01671699993312359 0.0040099998004734525
v 0.022926999256014824 -0.016440000385046005 0.00454099988564849
v 0.023478999733924866 -0.016581999137997627 0.003973000217229129
v 0.022974999621510506 -0.011814000084996223 0.005067000165581704
v 0.022626999765634537 -0.011823000386357307 0.00542999990284443
v 0.022830000147223473 -0.010923000052571297 0.004968999885022641
v 0.022752000018954277 -0.010355000384151936 0.00454699993133545
v 0.0225600004196167 -0.009867999702692032 0.003973000217229129
v 0.022561000660061836 -0.009928000159561634 0.004372000228613616
v 0.022633999586105347 -0.010026000440120697 0.003973000217229129
v 0.022735999897122383 -0.010218000039458275 0.004284999798983336
v 0.02273399941623211 -0.01016900036484003 0.003973000217229129
v 0.022564999759197235 -0.010091000236570835 0.004707999993115664
v 0.022585999220609665 -0.01076200045645237 0.005264000035822392
v 0.01743599958717823 -0.05702900141477585 0.0216010008007288
v 0.016925999894738197 -0.05740400031208992 0.021626999601721767
v 0.016296999529004097 -0.05761300027370453 0.02162599936127663
v -0.017449000850319862 -0.05699799954891205 0.021630000323057178
v -0.01692499965429306 -0.057402998208999634 0.021630000323057178
v -0.016330000013113022 -0.05761700123548508 0.021602999418973926
f 1 2 3
f 4 5 6
f 1 3 7
f 7 3 8
f 7 8 9
f 9 8 10
f 9 10 11
f 11 10 12
f 11 12 13
f 13 12 14
f 13 14 15
f 15 14 16
f 15 16 17
f 4 6 18
f 18 6 19
f 18 19 20
f 16 21 17
f 17 21 22
f 17 22 23
f 23 22 24
f 23 24 25
f 25 24 20
f 25 20 26
f 26 20 19
f 27 28 29
f 30 31 32
f 27 29 32
f 32 29 33
f 32 33 30
f 31 30 34
f 34 30 35
f 34 35 36
f 36 35 37
f 36 37 38
f 38 37 39
f 39 37 40
f 39 40 41
f 40 42 41
f 41 42 43
f 41 43 44
f 44 43 45
f 44 45 46
f 45 47 46
f 46 47 48
f 46 48 49
f 49 48 50
f 49 50 51
f 51 50 52
f 51 52 53
f 53 52 54
f 53 54 55
f 55 54 56
f 55 56 57
f 58 59 60
f 61 62 63
f 63 62 64
f 65 66 67
f 67 66 68
f 67 68 69
f 69 68 70
f 69 70 71
f 71 70 72
f 71 72 73
f 73 72 74
f 73 74 75
f 75 74 76
f 75 76 64
f 64 76 77
f 64 77 63
f 78 79 60
f 60 79 80
f 60 80 58
f 58 80 81
f 58 81 82
f 81 83 82
f 82 83 84
f 82 84 85
f 85 84 86
f 85 86 65
f 65 86 87
f 65 87 66
f 88 89 90
f 90 89 91
f 90 91 92
f 93 94 95
f 95 94 96
f 95 96 97
f 97 96 98
f 97 98 99
f 99 98 100
f 99 100 101
f 100 102 101
f 101 102 103
f 101 103 104
f 104 103 105
f 104 105 106
f 107 108 109
f 105 110 106
f 106 110 111
f 106 111 109
f 109 111 112
f 109 112 107
f 107 113 108
f 108 113 114
f 108 114 115
f 115 114 116
f 115 116 88
f 88 116 117
f 88 117 89
f 118 119 120
f 120 119 121
f 120 121 122
f 123 124 125
f 123 125 126
f 126 125 127
f 126 127 128
f 127 129 128
f 128 129 130
f 128 130 131
f 131 130 132
f 131 132 133
f 134 135 136
f 136 135 137
f 136 137 132
f 132 137 138
f 132 138 133
f 139 140 141
f 139 141 142
f 143 144 145
f 145 144 141
f 145 141 146
f 146 141 140
f 147 148 149
f 149 148 150
f 149 150 151
f 151 150 152
f 151 152 141
f 141 152 153
f 141 153 142
f 143 135 144
f 144 135 134
f 144 134 141
f 141 134 154
f 141 154 151
f 155 147 156
f 156 147 149
f 156 149 157
f 157 149 151
f 157 151 158
f 158 151 154
f 159 160 123
f 123 160 161
f 123 161 124
f 162 78 60
f 60 59 163
f 163 164 60
f 60 164 165
f 60 165 166
f 167 162 168
f 168 162 60
f 168 60 166
f 169 170 171
f 171 170 172
f 171 172 168
f 168 172 173
f 168 173 167
f 174 169 175
f 175 169 171
f 175 171 176
f 176 171 168
f 176 168 177
f 177 168 166
f 178 179 180
f 180 179 181
f 180 181 182
f 183 184 185
f 185 184 186
f 185 186 187
f 186 188 187
f 187 188 92
f 187 92 189
f 189 92 91
f 190 191 192
f 192 191 193
f 194 195 192
f 192 195 196
f 192 196 190
f 192 197 194
f 194 197 198
f 194 198 199
f 199 198 200
f 199 200 201
f 201 200 202
f 201 202 203
f 203 202 204
f 203 204 205
f 205 204 206
f 205 206 207
f 208 209 210
f 210 209 180
f 210 180 183
f 183 180 182
f 183 182 184
f 209 211 180
f 180 211 193
f 180 193 178
f 178 193 191
f 212 213 214
f 214 213 215
f 214 215 216
f 216 215 217
f 216 217 218
f 218 219 216
f 216 219 220
f 216 220 221
f 222 223 214
f 214 223 224
f 214 224 212
f 225 208 210
f 225 210 183
f 226 227 228
f 228 229 226
f 226 229 230
f 226 230 231
f 232 233 234
f 234 233 235
f 234 235 236
f 236 235 237
f 236 237 227
f 227 237 238
f 227 238 228
f 176 177 239
f 240 241 177
f 177 241 242
f 177 242 239
f 240 177 243
f 243 177 166
f 239 244 176
f 176 244 245
f 176 245 175
f 175 245 246
f 175 246 174
f 239 242 247
f 247 248 249
f 249 248 250
f 249 250 251
f 251 250 252
f 251 252 237
f 237 252 253
f 237 253 238
f 247 254 248
f 248 254 255
f 248 255 256
f 242 241 247
f 247 241 240
f 247 240 243
f 243 166 247
f 247 166 257
f 247 257 254
f 244 258 245
f 245 258 246
f 174 246 259
f 259 246 258
f 259 258 260
f 260 258 261
f 262 263 261
f 261 263 264
f 261 264 260
f 235 233 262
f 262 233 265
f 262 265 263
f 244 239 258
f 258 239 247
f 258 247 261
f 261 247 249
f 261 249 262
f 262 249 251
f 262 251 235
f 235 251 237
f 227 226 266
f 267 268 142
f 269 270 266
f 266 270 271
f 266 271 272
f 272 271 273
f 272 273 274
f 226 231 266
f 266 231 275
f 266 275 269
f 236 227 276
f 276 227 266
f 276 266 277
f 277 266 272
f 277 272 278
f 278 272 274
f 150 148 279
f 232 234 280
f 280 234 281
f 280 281 282
f 282 281 283
f 282 283 279
f 279 283 284
f 279 284 150
f 150 284 152
f 234 236 281
f 281 236 276
f 281 276 283
f 283 276 277
f 283 277 284
f 284 277 278
f 284 278 152
f 152 278 274
f 152 274 153
f 153 274 273
f 153 273 142
f 142 273 285
f 142 285 267
f 286 287 167
f 167 173 286
f 286 173 288
f 286 288 289
f 289 288 290
f 221 291 216
f 216 291 292
f 292 293 216
f 216 293 294
f 216 294 290
f 290 294 295
f 290 295 289
f 214 216 296
f 296 216 290
f 296 290 297
f 297 290 288
f 297 288 172
f 172 288 173
f 222 214 298
f 298 214 296
f 298 296 299
f 299 296 297
f 299 297 300
f 300 297 172
f 300 172 170
f 301 213 212
f 301 212 302
f 302 212 303
f 302 303 304
f 305 306 307
f 183 308 309
f 309 308 310
f 304 303 307
f 307 303 309
f 307 309 305
f 305 309 310
f 305 310 311
f 208 225 312
f 312 225 313
f 312 313 314
f 314 313 315
f 314 315 223
f 223 315 224
f 225 183 313
f 313 183 309
f 313 309 315
f 315 309 303
f 315 303 224
f 224 303 212
f 316 317 318
f 319 320 316
f 318 321 316
f 316 321 322
f 316 322 323
f 324 325 316
f 316 325 326
f 326 327 316
f 316 327 328
f 316 328 329
f 330 319 331
f 331 319 316
f 331 316 332
f 332 316 329
f 320 333 316
f 316 333 334
f 316 334 335
f 335 334 336
f 335 336 337
f 323 338 316
f 316 338 339
f 316 339 324
f 324 339 340
f 324 340 159
f 159 340 341
f 159 341 160
f 160 341 161
f 342 343 344
f 344 343 345
f 346 347 348
f 349 350 351
f 351 350 352
f 351 352 353
f 354 355 356
f 356 355 357
f 357 358 356
f 356 358 359
f 356 359 348
f 348 359 360
f 348 360 346
f 361 362 363
f 363 362 364
f 364 365 363
f 363 365 366
f 363 366 367
f 367 366 368
f 367 368 93
f 93 368 94
f 367 369 363
f 363 369 370
f 363 370 371
f 350 354 352
f 352 354 356
f 352 356 371
f 371 356 372
f 371 372 363
f 363 372 373
f 363 373 345
f 345 373 374
f 345 374 344
f 337 375 335
f 335 375 376
f 335 376 361
f 361 376 377
f 361 377 378
f 378 379 380
f 380 379 381
f 380 381 61
f 61 381 382
f 61 382 62
f 383 384 361
f 380 385 378
f 378 385 386
f 378 386 361
f 361 386 387
f 361 387 383
f 384 388 361
f 361 388 389
f 361 389 362
f 390 57 56
f 391 392 56
f 56 392 393
f 56 393 390
f 394 395 396
f 396 395 397
f 396 397 56
f 56 397 398
f 56 398 391
f 394 399 395
f 395 399 400
f 395 400 401
f 401 400 402
f 399 403 400
f 400 403 404
f 400 404 405
f 405 404 406
f 405 406 407
f 408 409 410
f 410 411 408
f 408 411 412
f 408 412 413
f 413 412 414
f 413 414 415
f 415 416 413
f 413 416 417
f 413 417 418
f 419 420 421
f 421 420 422
f 423 424 425
f 425 424 426
f 425 426 427
f 427 428 425
f 425 428 429
f 425 429 430
f 431 425 420
f 420 425 430
f 420 430 422
f 431 432 425
f 425 432 433
f 425 433 400
f 400 433 434
f 400 434 402
f 418 435 423
f 423 435 436
f 423 436 437
f 418 423 413
f 413 423 425
f 413 425 438
f 438 425 439
f 438 439 440
f 440 439 441
f 441 439 442
f 441 442 443
f 444 118 120
f 445 444 446
f 446 444 120
f 446 120 122
f 447 448 449
f 407 450 405
f 405 450 451
f 405 451 449
f 449 451 452
f 449 452 447
f 453 454 4
f 4 454 5
f 455 449 453
f 453 449 448
f 453 448 454
f 455 456 449
f 449 456 457
f 449 457 445
f 458 459 449
f 445 446 449
f 449 446 460
f 449 460 458
f 459 461 449
f 449 461 462
f 449 462 463
f 463 464 449
f 449 464 465
f 449 465 466
f 467 468 469
f 469 468 470
f 467 471 468
f 468 471 472
f 468 472 473
f 474 475 476
f 476 477 474
f 474 477 478
f 474 478 479
f 479 480 474
f 474 480 481
f 474 481 482
f 482 481 483
f 482 483 468
f 468 483 484
f 468 484 470
f 462 485 486
f 462 486 463
f 463 486 487
f 463 487 464
f 464 487 488
f 464 488 465
f 465 488 468
f 465 468 473
f 473 489 465
f 465 489 490
f 465 490 466
f 475 474 491
f 317 492 318
f 318 492 493
f 318 493 475
f 475 491 318
f 318 491 494
f 318 494 321
f 321 494 495
f 321 495 322
f 322 495 496
f 322 496 323
f 497 498 499
f 500 501 502
f 503 504 505
f 505 504 502
f 505 502 506
f 506 502 501
f 502 507 500
f 500 507 508
f 500 508 509
f 509 508 510
f 511 512 513
f 514 515 516
f 442 517 443
f 443 517 516
f 443 516 518
f 518 516 515
f 516 519 514
f 514 519 520
f 514 520 521
f 521 520 522
f 505 523 503
f 503 523 524
f 525 526 527
f 528 529 530
f 531 532 533
f 533 532 534
f 533 534 527
f 527 534 535
f 527 535 525
f 530 536 537
f 537 536 538
f 537 538 539
f 539 538 540
f 539 540 541
f 542 543 533
f 533 543 544
f 533 544 531
f 525 545 526
f 526 545 546
f 526 546 547
f 548 549 547
f 547 549 550
f 547 550 526
f 526 550 551
f 526 551 552
f 552 551 553
f 552 553 537
f 537 553 554
f 537 554 530
f 530 554 555
f 530 555 528
f 533 556 542
f 542 556 557
f 542 557 558
f 558 557 559
f 560 561 562
f 562 561 563
f 562 563 559
f 559 563 564
f 559 564 558
f 565 566 567
f 568 569 570
f 571 572 573
f 567 574 575
f 568 570 576
f 576 570 577
f 576 577 578
f 578 577 579
f 578 579 580
f 580 579 543
f 580 543 542
f 569 568 581
f 581 568 582
f 581 582 583
f 582 584 583
f 583 584 585
f 583 585 586
f 586 585 573
f 586 573 587
f 587 573 572
f 565 567 588
f 588 567 575
f 588 575 589
f 589 575 573
f 573 575 590
f 573 590 571
f 500 509 591
f 591 509 510
f 591 510 592
f 560 562 593
f 593 562 592
f 593 592 594
f 594 592 510
f 500 591 501
f 501 591 595
f 501 595 506
f 595 596 506
f 506 596 523
f 506 523 505
f 597 598 599
f 599 598 600
f 599 600 601
f 601 600 602
f 601 602 603
f 602 604 605
f 603 602 606
f 606 602 605
f 606 605 607
f 608 603 609
f 609 603 606
f 610 611 612
f 613 614 615
f 615 614 616
f 617 618 619
f 619 618 616
f 619 616 620
f 620 616 614
f 621 603 622
f 622 603 608
f 622 608 623
f 623 608 612
f 623 612 624
f 624 612 611
f 610 612 625
f 625 612 626
f 625 626 617
f 617 626 627
f 617 627 618
f 613 615 628
f 628 615 629
f 628 629 630
f 630 629 631
f 630 631 632
f 633 597 599
f 413 438 634
f 634 438 635
f 636 637 638
f 638 637 639
f 638 639 640
f 633 599 522
f 515 514 641
f 641 514 521
f 641 521 522
f 642 518 515
f 441 443 518
f 518 642 441
f 441 642 643
f 441 643 440
f 440 643 638
f 440 638 438
f 438 638 640
f 438 640 635
f 515 641 642
f 642 641 644
f 642 644 643
f 643 644 645
f 643 645 638
f 638 645 646
f 638 646 636
f 522 599 641
f 641 599 601
f 641 601 644
f 644 601 603
f 644 603 645
f 645 603 621
f 645 621 646
f 647 648 649
f 649 648 650
f 651 652 653
f 653 652 654
f 655 656 657
f 657 656 658
f 657 658 659
f 660 661 662
f 662 661 663
f 664 665 666
f 666 665 667
f 666 667 668
f 669 670 671
f 672 673 674
f 670 669 675
f 675 669 676
f 675 676 677
f 678 679 669
f 669 679 680
f 669 680 676
f 676 680 681
f 676 681 682
f 682 681 683
f 682 683 684
f 684 683 685
f 685 683 686
f 685 686 687
f 687 686 688
f 687 688 674
f 674 688 689
f 674 689 672
f 690 691 692
f 692 691 655
f 692 655 693
f 693 655 657
f 693 657 694
f 694 657 695
f 694 695 696
f 696 695 697
f 696 697 676
f 676 697 698
f 676 698 677
f 699 700 677
f 677 700 701
f 677 701 675
f 702 703 704
f 704 705 702
f 702 705 669
f 702 669 706
f 706 669 671
f 706 671 707
f 708 709 710
f 710 709 711
f 710 711 712
f 713 714 715
f 716 717 715
f 715 717 718
f 715 718 713
f 712 711 719
f 719 711 720
f 719 720 721
f 721 720 722
f 722 720 723
f 722 723 718
f 718 723 724
f 718 724 713
f 725 699 677
f 709 726 727
f 709 727 711
f 711 727 728
f 711 728 729
f 725 677 729
f 657 659 695
f 695 659 730
f 695 730 731
f 729 677 711
f 711 677 698
f 711 698 720
f 720 698 697
f 720 697 723
f 731 714 695
f 695 714 713
f 695 713 697
f 697 713 724
f 697 724 723
f 712 719 732
f 721 722 733
f 734 735 736
f 737 738 739
f 740 741 742
f 743 744 745
f 746 747 748
f 748 747 745
f 748 745 749
f 749 745 744
f 750 751 745
f 745 751 752
f 745 752 743
f 753 754 755
f 755 754 756
f 755 756 751
f 751 756 757
f 751 757 752
f 742 741 758
f 717 716 742
f 742 716 759
f 742 759 740
f 710 760 708
f 708 760 761
f 761 760 762
f 762 760 763
f 762 763 764
f 764 763 765
f 765 763 766
f 765 766 767
f 767 766 768
f 768 766 769
f 768 769 770
f 738 771 739
f 739 771 772
f 739 772 773
f 774 775 737
f 776 777 778
f 778 777 779
f 778 779 774
f 774 779 780
f 774 780 775
f 776 778 781
f 781 778 782
f 781 782 783
f 784 785 774
f 774 785 786
f 774 786 778
f 778 786 787
f 778 787 782
f 737 739 774
f 774 739 788
f 774 788 784
f 789 790 791
f 791 790 792
f 789 793 790
f 790 793 794
f 790 794 795
f 794 796 795
f 795 796 797
f 795 797 798
f 746 799 747
f 747 799 800
f 747 800 790
f 790 800 801
f 790 801 792
f 798 802 795
f 795 802 736
f 795 736 773
f 773 736 735
f 773 735 739
f 739 735 734
f 739 734 788
f 750 803 751
f 751 803 804
f 751 804 755
f 755 804 758
f 755 758 753
f 753 758 741
f 803 805 804
f 804 805 806
f 804 806 758
f 758 806 807
f 758 807 742
f 742 807 733
f 733 722 742
f 742 722 718
f 742 718 717
f 719 721 732
f 732 721 733
f 732 733 808
f 808 733 807
f 808 807 809
f 809 807 806
f 809 806 810
f 810 806 805
f 710 712 760
f 760 712 732
f 760 732 763
f 763 732 808
f 763 808 766
f 766 808 809
f 766 809 769
f 769 809 810
f 692 811 812
f 812 813 692
f 692 813 814
f 692 814 690
f 815 816 817
f 817 816 818
f 819 817 820
f 820 817 818
f 820 818 821
f 821 818 822
f 821 822 823
f 823 822 824
f 823 824 825
f 825 824 826
f 827 828 829
f 829 828 830
f 831 832 833
f 834 826 835
f 835 826 824
f 835 824 666
f 666 824 836
f 666 836 664
f 664 836 837
f 664 837 838
f 838 837 839
f 828 630 830
f 830 630 632
f 830 632 840
f 840 632 841
f 816 842 818
f 818 842 843
f 818 843 829
f 829 843 844
f 829 844 827
f 632 845 841
f 841 845 511
f 841 511 833
f 833 511 513
f 833 513 831
f 846 847 848
f 849 850 846
f 849 846 851
f 851 846 848
f 851 848 852
f 853 834 835
f 851 854 849
f 849 854 855
f 849 855 856
f 853 835 857
f 856 857 849
f 849 857 835
f 849 835 850
f 850 835 858
f 666 668 835
f 835 668 859
f 835 859 858
f 860 861 862
f 863 864 865
f 866 867 868
f 869 870 871
f 872 873 874
f 874 873 852
f 874 852 848
f 875 876 877
f 877 876 878
f 877 878 879
f 880 881 882
f 869 871 883
f 883 871 884
f 883 884 885
f 886 887 888
f 888 889 886
f 886 889 890
f 886 890 884
f 884 890 891
f 884 891 885
f 892 893 894
f 894 893 895
f 896 897 898
f 898 897 899
f 898 899 900
f 901 902 903
f 904 905 906
f 906 905 907
f 906 907 908
f 907 909 908
f 908 909 910
f 908 910 911
f 912 913 914
f 914 913 915
f 914 915 906
f 906 915 916
f 906 916 904
f 917 918 919
f 919 920 917
f 917 920 921
f 917 921 914
f 914 921 922
f 914 922 912
f 923 924 874
f 874 924 876
f 874 876 872
f 872 876 875
f 924 925 876
f 876 925 926
f 876 926 878
f 878 926 927
f 878 927 928
f 928 927 929
f 928 929 917
f 917 929 930
f 917 930 918
f 848 847 874
f 874 847 931
f 874 931 923
f 932 866 901
f 901 866 868
f 901 868 902
f 902 868 908
f 902 908 933
f 933 908 911
f 917 934 928
f 928 934 880
f 928 880 878
f 878 880 882
f 878 882 879
f 903 896 901
f 901 896 898
f 901 898 932
f 932 898 900
f 932 900 895
f 895 900 935
f 895 935 894
f 870 936 871
f 871 936 937
f 871 937 884
f 884 937 938
f 884 938 886
f 886 938 865
f 865 864 886
f 886 864 939
f 886 939 887
f 936 940 937
f 937 940 941
f 937 941 938
f 938 941 942
f 938 942 865
f 865 942 862
f 865 862 863
f 863 862 861
f 893 860 895
f 895 860 862
f 895 862 932
f 932 862 942
f 932 942 866
f 866 942 941
f 866 941 867
f 867 941 940
f 837 943 944
f 944 945 837
f 837 945 946
f 837 946 839
f 947 948 949
f 949 948 950
f 951 952 953
f 953 952 954
f 953 954 955
f 956 957 958
f 958 957 959
f 960 961 962
f 963 964 965
f 962 961 953
f 966 967 968
f 969 970 971
f 972 973 974
f 974 973 960
f 974 960 957
f 957 960 962
f 957 962 959
f 965 975 976
f 971 977 969
f 969 977 975
f 969 975 958
f 958 975 965
f 958 965 978
f 972 974 979
f 979 974 980
f 979 980 981
f 981 980 982
f 981 982 968
f 968 982 983
f 968 983 966
f 961 984 953
f 953 984 985
f 953 985 951
f 951 985 986
f 951 986 987
f 987 986 988
f 976 989 965
f 965 989 990
f 965 990 963
f 978 991 958
f 958 991 992
f 958 992 956
f 956 992 993
f 956 993 994
f 995 996 997
f 995 997 998
f 999 1000 1001
f 1001 1000 1002
f 1003 1004 1002
f 1002 1004 1005
f 1002 1005 1001
f 1006 1007 997
f 997 1007 1008
f 997 1008 998
f 998 1008 1009
f 998 1009 1003
f 1003 1009 1010
f 1003 1010 1004
f 1002 1000 970
f 1011 996 962
f 953 955 962
f 962 955 1012
f 962 1012 1011
f 996 995 962
f 962 995 998
f 962 998 959
f 959 998 1003
f 959 1003 958
f 958 1003 1002
f 958 1002 969
f 969 1002 970
f 1005 1004 1013
f 1010 1009 1014
f 1008 1007 1015
f 1016 1017 1018
f 1019 1020 1021
f 1022 1023 1024
f 1025 1026 1027
f 1028 1029 1030
f 1031 1032 1015
f 1033 1034 1035
f 1036 1037 1035
f 1038 1039 1036
f 1036 1039 1040
f 1036 1040 1041
f 1034 1042 1035
f 1035 1042 1043
f 1035 1043 1036
f 1036 1043 1044
f 1036 1044 1038
f 1015 1032 1045
f 1007 1006 1015
f 1015 1006 1046
f 1015 1046 1031
f 999 1001 1047
f 1047 1001 1048
f 1047 1048 1049
f 1049 1048 1050
f 1050 1048 1051
f 1050 1051 1052
f 1053 1054 1055
f 1055 1054 1056
f 1055 1056 1051
f 1051 1056 1057
f 1051 1057 1052
f 1058 1059 1055
f 1055 1059 1060
f 1055 1060 1053
f 1030 1029 1061
f 1061 1029 1062
f 1061 1062 1063
f 1027 1026 1030
f 1030 1026 1064
f 1030 1064 1028
f 1065 1066 1067
f 1067 1068 1065
f 1065 1068 1069
f 1065 1069 1027
f 1027 1069 1070
f 1027 1070 1025
f 1071 1072 1073
f 1073 1072 1074
f 1073 1074 1075
f 1076 1077 1074
f 1074 1077 1078
f 1074 1078 1075
f 1079 1080 1081
f 1081 1080 1082
f 1081 1082 1083
f 1084 1085 1086
f 1086 1085 1087
f 1086 1087 1088
f 1087 1089 1088
f 1088 1089 1090
f 1088 1090 1091
f 1040 1092 1041
f 1041 1092 1093
f 1041 1093 1094
f 1094 1095 1041
f 1041 1095 1096
f 1041 1096 1086
f 1086 1096 1097
f 1086 1097 1084
f 1091 1098 1088
f 1088 1098 1079
f 1088 1079 1024
f 1024 1079 1081
f 1024 1081 1022
f 1022 1081 1083
f 1022 1083 1076
f 1076 1083 1099
f 1076 1099 1077
f 1037 1100 1035
f 1035 1100 1101
f 1035 1101 1033
f 1033 1101 1045
f 1033 1045 1102
f 1102 1045 1032
f 1061 1103 1030
f 1030 1103 1104
f 1030 1104 1027
f 1027 1104 1105
f 1027 1105 1065
f 1065 1105 1021
f 1021 1020 1065
f 1065 1020 1106
f 1065 1106 1066
f 1103 1107 1104
f 1104 1107 1108
f 1104 1108 1105
f 1105 1108 1109
f 1105 1109 1021
f 1021 1109 1018
f 1021 1018 1019
f 1019 1018 1017
f 1072 1016 1074
f 1074 1016 1018
f 1074 1018 1076
f 1076 1018 1109
f 1076 1109 1022
f 1022 1109 1108
f 1022 1108 1023
f 1023 1108 1107
f 1100 1110 1101
f 1101 1110 1111
f 1101 1111 1045
f 1045 1111 1112
f 1045 1112 1015
f 1015 1112 1014
f 1015 1014 1008
f 1008 1014 1009
f 1004 1010 1013
f 1013 1010 1014
f 1013 1014 1113
f 1113 1014 1112
f 1113 1112 1114
f 1114 1112 1111
f 1114 1111 1115
f 1115 1111 1110
f 1001 1005 1048
f 1048 1005 1013
f 1048 1013 1051
f 1051 1013 1113
f 1051 1113 1055
f 1055 1113 1114
f 1055 1114 1058
f 1058 1114 1115
f 986 1116 1117
f 1117 1118 986
f 986 1118 1119
f 986 1119 988
f 497 567 566
f 567 497 1120
f 1120 497 499
f 1120 499 1121
f 1121 499 1122
f 1121 1122 1123
f 1124 1125 1126
f 1126 1125 497
f 1126 497 1127
f 1127 497 566
f 1128 1129 1130
f 1131 1132 1133
f 1133 1132 1134
f 1133 1134 1135
f 1135 1136 1133
f 1133 1136 1137
f 1133 1137 1138
f 1139 1140 1141
f 1141 1140 1142
f 1141 1142 1143
f 1144 1145 1146
f 1146 1145 1147
f 1146 1147 1148
f 1148 1147 1149
f 1148 1149 1150
f 1150 1149 1151
f 1150 1151 1152
f 1152 1151 1153
f 1152 1153 1154
f 1154 1153 1155
f 1154 1155 1156
f 1156 1155 1157
f 1156 1157 1158
f 1158 1157 1159
f 1158 1159 1130
f 1130 1159 1141
f 1130 1141 1128
f 1128 1141 1143
f 1160 1144 1161
f 1161 1144 1146
f 1161 1146 1162
f 1162 1146 1148
f 1162 1148 1163
f 1163 1148 1150
f 1163 1150 1164
f 1164 1150 1152
f 1164 1152 1165
f 1165 1152 1154
f 1165 1154 1166
f 1166 1154 1156
f 1166 1156 1167
f 1167 1156 1158
f 1167 1158 1133
f 1133 1158 1130
f 1133 1130 1131
f 1131 1130 1129
f 1168 1169 1170
f 1171 1172 1173
f 1169 1174 1175
f 1174 1176 1177
f 1167 1133 1178
f 1162 1163 1176
f 1179 1180 1181
f 1181 1180 1182
f 1180 1183 1182
f 1182 1183 1184
f 1182 1184 1185
f 1185 1184 1186
f 1185 1186 1187
f 1179 1181 1188
f 1188 1181 1178
f 1188 1178 1189
f 1189 1178 1133
f 1189 1133 1138
f 1176 1163 1177
f 1177 1163 1164
f 1177 1164 1190
f 1190 1164 1165
f 1190 1165 1191
f 1191 1165 1166
f 1191 1166 1192
f 1174 1177 1175
f 1175 1177 1190
f 1175 1190 1193
f 1193 1190 1191
f 1193 1191 1194
f 1194 1191 1192
f 1194 1192 1195
f 1169 1175 1170
f 1170 1175 1193
f 1170 1193 1196
f 1196 1193 1194
f 1196 1194 1197
f 1197 1194 1195
f 1197 1195 1198
f 1172 1199 1173
f 1173 1199 1200
f 1173 1200 1201
f 1201 1200 1202
f 1201 1202 1203
f 1203 1202 1204
f 1203 1204 1160
f 1160 1161 1203
f 1203 1161 1205
f 1203 1205 1201
f 1201 1205 1206
f 1201 1206 1173
f 1173 1206 1207
f 1173 1207 1171
f 1171 1207 1208
f 1161 1162 1205
f 1205 1162 1176
f 1205 1176 1206
f 1206 1176 1174
f 1206 1174 1207
f 1207 1174 1169
f 1207 1169 1208
f 1208 1169 1168
f 1209 1210 1198
f 1198 1210 1211
f 1198 1211 1197
f 1197 1211 1212
f 1197 1212 1196
f 1196 1212 1213
f 1196 1213 1170
f 1170 1213 1214
f 1170 1214 1168
f 1166 1167 1192
f 1192 1167 1178
f 1192 1178 1195
f 1195 1178 1181
f 1195 1181 1198
f 1198 1181 1182
f 1198 1182 1209
f 1209 1182 1185
f 1215 1216 1217
f 1218 1139 1141
f 1218 1141 1219
f 1220 1221 1222
f 1223 1224 1221
f 1215 1217 1225
f 1225 1217 1226
f 1225 1226 1227
f 1226 1228 1227
f 1227 1228 1229
f 1227 1229 1230
f 1230 1229 1231
f 1230 1231 1232
f 1232 1231 1233
f 1232 1233 1234
f 1235 1224 1236
f 1236 1224 1223
f 1236 1223 1237
f 1237 1223 1238
f 1237 1238 1239
f 1239 1238 1240
f 1239 1240 1241
f 1241 1240 1234
f 1241 1234 1242
f 1242 1234 1233
f 1221 1220 1223
f 1223 1220 1243
f 1223 1243 1238
f 1238 1243 1244
f 1238 1244 1240
f 1240 1244 1245
f 1240 1245 1234
f 1234 1245 1246
f 1234 1246 1232
f 1232 1246 1247
f 1232 1247 1230
f 1230 1247 1248
f 1230 1248 1227
f 1227 1248 1249
f 1227 1249 1225
f 1225 1249 1250
f 1225 1250 1215
f 1222 1251 1220
f 1220 1251 1252
f 1220 1252 1243
f 1243 1252 1253
f 1243 1253 1244
f 1244 1253 1254
f 1244 1254 1245
f 1245 1254 1255
f 1245 1255 1246
f 1246 1255 1256
f 1246 1256 1247
f 1247 1256 1257
f 1247 1257 1248
f 1248 1257 1258
f 1248 1258 1249
f 1249 1258 1259
f 1249 1259 1250
f 1222 1219 1251
f 1251 1219 1141
f 1251 1141 1252
f 1252 1141 1159
f 1252 1159 1253
f 1253 1159 1157
f 1253 1157 1254
f 1254 1157 1155
f 1254 1155 1255
f 1255 1155 1153
f 1255 1153 1256
f 1256 1153 1151
f 1256 1151 1257
f 1257 1151 1149
f 1257 1149 1258
f 1258 1149 1147
f 1258 1147 1259
f 1259 1147 1145
f 1260 1261 1262
f 1263 1264 1265
f 1265 1264 1266
f 1261 1260 1267
f 1268 1269 1270
f 1270 1269 1271
f 1270 1271 1260
f 1260 1271 1272
f 1260 1272 1267
f 1262 1273 1260
f 1260 1273 1274
f 1260 1274 1275
f 1275 1274 1276
f 1275 1276 1277
f 1277 1276 1278
f 1277 1278 1266
f 1266 1278 1279
f 1266 1279 1265
f 1280 1281 1282
f 1280 1282 1283
f 1283 1282 1284
f 1283 1284 1285
f 1286 1287 1288
f 1286 1288 1289
f 1289 1288 1290
f 1289 1290 1291
f 1290 1292 1291
f 1291 1292 1293
f 1291 1293 1294
f 1294 1293 1295
f 1294 1295 1284
f 1284 1295 1296
f 1284 1296 1285
f 1297 1298 1299
f 1300 1301 1302
f 1303 1304 1305
f 1305 1304 1306
f 1305 1306 1307
f 1307 1306 1308
f 1307 1308 1309
f 1310 1305 1307
f 1309 1311 1312
f 1312 1313 1309
f 1309 1313 1314
f 1309 1314 1307
f 1307 1314 1315
f 1307 1315 1310
f 1316 1317 1318
f 1316 1318 1319
f 1317 1320 1318
f 1318 1320 1321
f 1318 1321 1311
f 1311 1321 1322
f 1311 1322 1312
f 1323 1324 1325
f 1323 1325 1281
f 1326 1327 1328
f 1328 1327 1329
f 1330 1331 1332
f 1332 1331 1328
f 1332 1328 1333
f 1333 1328 1329
f 854 851 1334
f 1334 851 852
f 1334 852 873
f 873 872 1334
f 1334 872 875
f 1334 875 877
f 879 882 1326
f 882 881 1326
f 1326 881 1335
f 1326 1335 1327
f 877 879 1334
f 1334 879 1326
f 1334 1326 1336
f 1336 1326 1328
f 1336 1328 1337
f 1337 1328 1331
f 1337 1331 1338
f 1324 1319 1325
f 1325 1319 1318
f 1325 1318 1339
f 1339 1318 1340
f 1339 1340 1341
f 1340 1338 1341
f 1341 1338 1331
f 1341 1331 1289
f 1289 1331 1330
f 1289 1330 1286
f 1289 1291 1341
f 1341 1291 1294
f 1341 1294 1339
f 1339 1294 1284
f 1339 1284 1325
f 1325 1284 1282
f 1325 1282 1281
f 1342 1343 1344
f 1345 869 1346
f 869 883 1346
f 1346 883 885
f 1346 885 891
f 891 890 1346
f 1346 890 889
f 1346 889 1347
f 1347 889 888
f 1347 888 1348
f 1349 1350 1351
f 1351 1350 1352
f 1351 1352 1353
f 1354 1355 1356
f 1357 1358 1359
f 1359 1358 1360
f 1359 1360 1361
f 1301 1300 1362
f 1362 1300 1363
f 1362 1363 1364
f 1365 1366 1367
f 1367 1366 1368
f 1367 1368 1369
f 1369 1368 1362
f 1369 1362 1370
f 1370 1362 1364
f 1361 1342 1359
f 1359 1342 1344
f 1359 1344 1371
f 1371 1344 1372
f 1371 1372 1373
f 1373 1372 1374
f 1373 1374 1356
f 1356 1374 1375
f 1356 1375 1354
f 1355 1349 1356
f 1356 1349 1351
f 1356 1351 1376
f 1376 1351 1353
f 1376 1353 1377
f 1377 1353 1378
f 1377 1378 1346
f 1346 1378 1379
f 1346 1379 1345
f 1376 1380 1356
f 1356 1380 1381
f 1356 1381 1373
f 1373 1381 1382
f 1373 1382 1371
f 1365 1383 1366
f 1366 1383 1384
f 1366 1384 1385
f 1385 1384 1357
f 1385 1357 1386
f 1386 1357 1359
f 1386 1359 1387
f 1387 1359 1371
f 1387 1371 1388
f 1388 1371 1382
f 1389 1268 1270
f 1390 1391 1392
f 1390 1392 1393
f 1393 1392 1394
f 1393 1394 1395
f 1396 1264 1394
f 1394 1264 1397
f 1394 1397 1395
f 1398 1399 1400
f 1400 1399 1401
f 1402 1403 1404
f 1402 1404 1405
f 1405 1404 1406
f 1405 1406 1407
f 1408 1409 1410
f 1410 1409 1402
f 1402 1409 1411
f 1402 1411 1403
f 1412 1413 1414
f 1414 1415 1412
f 1412 1415 1416
f 1412 1416 1410
f 1410 1416 1417
f 1410 1417 1408
f 771 738 1418
f 1418 738 737
f 737 775 1418
f 1418 775 780
f 1418 780 779
f 1419 1420 776
f 776 1420 1418
f 776 1418 777
f 777 1418 779
f 1421 1277 1396
f 1396 1277 1266
f 1396 1266 1264
f 1401 1389 1400
f 1400 1389 1270
f 1400 1270 1422
f 1422 1270 1260
f 1422 1260 1421
f 1421 1260 1275
f 1421 1275 1277
f 1407 1398 1405
f 1405 1398 1400
f 1405 1400 1423
f 1423 1400 1422
f 1423 1422 1424
f 1424 1422 1421
f 1424 1421 1425
f 1425 1421 1396
f 1425 1396 1426
f 1426 1396 1394
f 1426 1394 1418
f 1418 1394 1392
f 1418 1392 771
f 771 1392 1391
f 1410 1427 1428
f 1429 1430 1413
f 1429 1413 1428
f 1428 1413 1412
f 1428 1412 1410
f 1431 1432 1433
f 1434 1435 1436
f 1436 1435 1437
f 1436 1437 1438
f 1438 1437 1439
f 1438 1439 1433
f 1433 1439 1440
f 1433 1440 1431
f 1441 1442 1145
f 1443 1444 1160
f 1160 1444 1445
f 1160 1445 1144
f 1144 1445 1446
f 1144 1446 1145
f 1145 1446 1447
f 1145 1447 1441
f 1448 1449 1450
f 1451 1452 1453
f 1299 1298 1454
f 1454 1298 1455
f 1454 1455 1456
f 1456 1455 1457
f 1458 1459 1460
f 1460 1459 1461
f 1459 1462 1461
f 1461 1462 1463
f 1461 1463 1455
f 1455 1463 1464
f 1455 1464 1457
f 1449 1465 1450
f 1450 1465 1466
f 1450 1466 1467
f 1467 1468 1450
f 1450 1468 1469
f 1450 1469 1470
f 1471 1472 1473
f 1474 1475 1476
f 1476 1475 1477
f 1476 1477 1471
f 1471 1477 1478
f 1471 1478 1472
f 1479 1480 1481
f 1481 1480 1482
f 1481 1482 1483
f 761 1479 708
f 708 1479 726
f 708 726 709
f 761 762 1479
f 1479 762 764
f 1479 764 765
f 765 767 1479
f 1479 767 768
f 1479 768 1480
f 1480 768 770
f 1480 770 1484
f 1482 1474 1483
f 1483 1474 1476
f 1483 1476 1485
f 1485 1476 1471
f 1485 1471 1486
f 1486 1471 1487
f 1488 1489 1490
f 1491 1487 1453
f 1453 1487 1471
f 1453 1471 1451
f 1451 1471 1473
f 1451 1473 1492
f 1452 1493 1453
f 1453 1493 1490
f 1453 1490 1491
f 1491 1490 1489
f 1493 1448 1490
f 1490 1448 1450
f 1490 1450 1488
f 1488 1450 1470
f 1488 1470 1494
f 1494 1470 1495
f 1494 1495 1460
f 1460 1495 1496
f 1460 1496 1458
f 1497 1498 1499
f 1500 1501 1502
f 1502 1501 1503
f 1502 1503 1504
f 1505 1497 1506
f 1506 1497 1499
f 1506 1499 1507
f 1507 1499 1508
f 1507 1508 1509
f 1509 1508 1510
f 1509 1510 1503
f 1503 1510 1511
f 1503 1511 1504
f 1512 1513 1514
f 1515 1516 1517
f 1517 1516 1518
f 1517 1518 1519
f 1519 1518 1520
f 1519 1520 1521
f 1521 1520 1522
f 1521 1522 1523
f 1523 1522 1524
f 1523 1524 1525
f 1525 1524 1512
f 1525 1512 1526
f 1526 1512 1514
f 1508 1499 1527
f 1279 1278 1528
f 1263 1265 1529
f 1529 1265 1530
f 1279 1528 1265
f 1265 1528 1530
f 1530 1528 1531
f 1530 1531 1532
f 1532 1531 1527
f 1532 1527 1533
f 1533 1527 1499
f 1533 1499 1498
f 1272 1534 1535
f 1535 1534 1536
f 1535 1536 1537
f 1537 1536 1538
f 1537 1538 1539
f 1539 1538 1504
f 1539 1504 1511
f 1272 1271 1534
f 1534 1271 1269
f 1534 1269 1268
f 1262 1261 1535
f 1535 1261 1267
f 1535 1267 1272
f 1511 1510 1539
f 1539 1510 1540
f 1539 1540 1537
f 1537 1540 1541
f 1537 1541 1535
f 1535 1541 1542
f 1535 1542 1262
f 1276 1274 1542
f 1542 1274 1273
f 1542 1273 1262
f 1278 1276 1528
f 1528 1276 1542
f 1528 1542 1531
f 1531 1542 1541
f 1531 1541 1527
f 1527 1541 1540
f 1527 1540 1508
f 1508 1540 1510
f 1430 1429 1543
f 1430 1543 1544
f 1544 1543 1545
f 1544 1545 1546
f 1546 1545 1547
f 1546 1547 1548
f 1548 1547 1549
f 1548 1549 1550
f 1551 1505 1506
f 1552 1553 1554
f 1554 1553 1555
f 1554 1555 1556
f 1551 1506 1556
f 1557 1552 1558
f 1492 1559 1451
f 1451 1559 1560
f 1561 1562 1563
f 1563 1465 1449
f 1564 1565 1566
f 1501 1500 1567
f 1563 1449 1561
f 1561 1449 1448
f 1561 1448 1568
f 1568 1448 1493
f 1568 1493 1569
f 1569 1493 1452
f 1569 1452 1570
f 1570 1452 1451
f 1570 1451 1558
f 1558 1451 1560
f 1558 1560 1557
f 1552 1554 1558
f 1558 1554 1571
f 1558 1571 1570
f 1570 1571 1572
f 1570 1572 1569
f 1569 1572 1573
f 1569 1573 1568
f 1568 1573 1564
f 1568 1564 1561
f 1561 1564 1566
f 1561 1566 1562
f 1556 1506 1554
f 1554 1506 1507
f 1554 1507 1571
f 1571 1507 1509
f 1571 1509 1572
f 1572 1509 1503
f 1572 1503 1573
f 1573 1503 1501
f 1573 1501 1564
f 1564 1501 1567
f 1564 1567 1565
f 1574 1575 1576
f 1574 1576 1577
f 1577 1576 1578
f 1577 1578 1579
f 1579 1578 1297
f 1297 1578 1580
f 1297 1580 1298
f 1581 1582 1583
f 1581 1583 1584
f 1584 1583 1585
f 1584 1585 1586
f 1586 1585 1587
f 1586 1587 1588
f 1433 1432 1587
f 1587 1432 1589
f 1587 1589 1588
f 1443 1160 1590
f 1590 1160 1204
f 1590 1204 1591
f 1591 1204 1202
f 1591 1202 1592
f 1592 1202 1200
f 1592 1200 1593
f 1593 1200 1199
f 1593 1199 1594
f 1595 1434 1436
f 1595 1436 1596
f 1436 1597 1596
f 1596 1597 1598
f 1596 1598 1599
f 1599 1598 1600
f 1599 1600 1601
f 1601 1600 1602
f 1601 1602 1603
f 1604 1216 1215
f 1604 1215 1605
f 1605 1215 1250
f 1605 1250 1606
f 1606 1250 1259
f 1606 1259 1607
f 1145 1442 1259
f 1259 1442 1608
f 1259 1608 1607
f 1301 1609 1302
f 1302 1609 1610
f 1302 1610 1611
f 1611 1610 1612
f 1611 1612 1613
f 1613 1612 1614
f 1613 1614 1615
f 1616 1513 1512
f 1617 1618 1616
f 1619 1620 1621
f 1621 1620 1622
f 1344 1343 1623
f 1624 1625 1626
f 1626 1625 1627
f 1626 1627 1628
f 1629 1630 1631
f 1631 1630 1632
f 1631 1632 1624
f 1616 1512 1617
f 1617 1512 1524
f 1617 1524 1633
f 1524 1522 1633
f 1633 1522 1520
f 1633 1520 1631
f 1631 1520 1518
f 1631 1518 1629
f 1629 1518 1516
f 1624 1626 1631
f 1631 1626 1634
f 1631 1634 1633
f 1633 1634 1621
f 1633 1621 1617
f 1617 1621 1622
f 1617 1622 1618
f 1623 1619 1344
f 1344 1619 1621
f 1344 1621 1372
f 1372 1621 1634
f 1372 1634 1374
f 1374 1634 1626
f 1374 1626 1375
f 1375 1626 1628
f 1375 1628 1354
f 1635 1636 1637
f 1637 1636 1638
f 1638 1636 1639
f 1639 1636 1640
f 1639 1640 1641
f 1641 1640 1642
f 1642 1640 1643
f 1642 1643 1644
f 1645 1515 1517
f 1646 1280 1283
f 1647 1648 1646
f 1649 1650 1651
f 1651 1650 1652
f 1525 1526 1653
f 1654 1655 1656
f 1656 1655 1645
f 1656 1645 1657
f 1288 1287 1658
f 1646 1283 1647
f 1647 1283 1285
f 1647 1285 1659
f 1659 1285 1296
f 1659 1296 1660
f 1296 1295 1660
f 1660 1295 1293
f 1660 1293 1661
f 1661 1293 1292
f 1661 1292 1662
f 1645 1517 1657
f 1657 1517 1519
f 1657 1519 1663
f 1663 1519 1521
f 1663 1521 1664
f 1664 1521 1523
f 1664 1523 1665
f 1665 1523 1525
f 1665 1525 1650
f 1650 1525 1653
f 1650 1653 1652
f 1292 1290 1662
f 1662 1290 1288
f 1662 1288 1666
f 1666 1288 1658
f 1666 1658 1654
f 1654 1656 1666
f 1666 1656 1657
f 1666 1657 1662
f 1662 1657 1663
f 1662 1663 1661
f 1661 1663 1664
f 1661 1664 1660
f 1660 1664 1665
f 1660 1665 1659
f 1659 1665 1650
f 1659 1650 1647
f 1647 1650 1649
f 1647 1649 1648
f 1667 1668 1669
f 1669 1668 1670
f 1669 1670 1671
f 1671 1670 1672
f 1671 1672 1673
f 1673 1672 1674
f 1673 1674 1675
f 1675 1674 1676
f 1675 1676 1677
f 1677 1676 1678
f 1677 1678 1679
f 1679 1678 1680
f 1679 1680 1681
f 1681 1680 1682
f 1681 1682 1683
f 1683 1682 1684
f 1683 1684 1685
f 1685 1684 1686
f 1685 1686 1687
f 1687 1686 1688
f 1687 1688 1689
f 1689 1688 1690
f 1689 1690 1667
f 1667 1690 1668
f 1691 1692 1693
f 1693 1692 1694
f 1693 1694 1695
f 1695 1694 1696
f 1695 1696 1697
f 1697 1696 1698
f 1697 1698 1699
f 1699 1698 1700
f 1699 1700 1701
f 1701 1700 1702
f 1701 1702 1703
f 1703 1702 1704
f 1703 1704 1705
f 1705 1704 1706
f 1705 1706 1707
f 1707 1706 1708
f 1707 1708 1709
f 1709 1708 1710
f 1709 1710 1711
f 1711 1710 1712
f 1711 1712 1713
f 1713 1712 1714
f 1713 1714 1691
f 1691 1714 1692
f 1715 1716 1717
f 1717 1716 1718
f 1717 1718 1719
f 1719 1718 1720
f 1719 1720 1721
f 1721 1720 1722
f 1721 1722 1723
f 1723 1722 1724
f 1723 1724 1725
f 1725 1724 1726
f 1725 1726 1727
f 1727 1726 1728
f 1727 1728 1729
f 1729 1728 1730
f 1729 1730 1731
f 1731 1730 1732
f 1731 1732 1733
f 1733 1732 1734
f 1733 1734 1735
f 1735 1734 1736
f 1735 1736 1737
f 1737 1736 1738
f 1737 1738 1715
f 1715 1738 1716
f 1739 1740 1741
f 1741 1740 1742
f 1741 1742 1743
f 1743 1742 1744
f 1743 1744 1745
f 1745 1744 1746
f 1745 1746 1747
f 1747 1746 1748
f 1747 1748 1749
f 1749 1748 1750
f 1749 1750 1751
f 1751 1750 1752
f 1751 1752 1753
f 1753 1752 1754
f 1753 1754 1755
f 1755 1754 1756
f 1755 1756 1757
f 1757 1756 1758
f 1757 1758 1759
f 1759 1758 1760
f 1759 1760 1761
f 1761 1760 1762
f 1761 1762 1739
f 1739 1762 1740
f 1763 1764 1765
f 1765 1764 1766
f 1765 1766 1767
f 1767 1766 1768
f 1767 1768 1769
f 1769 1768 1770
f 1769 1770 1771
f 1771 1770 1772
f 1771 1772 1773
f 1773 1772 1774
f 1773 1774 1775
f 1775 1774 1776
f 1775 1776 1777
f 1777 1776 1778
f 1777 1778 1779
f 1779 1778 1780
f 1779 1780 1781
f 1781 1780 1782
f 1781 1782 1783
f 1783 1782 1784
f 1783 1784 1785
f 1785 1784 1786
f 1785 1786 1763
f 1763 1786 1764
f 1787 1788 1789
f 1789 1788 1790
f 1789 1790 1791
f 1791 1790 1792
f 1793 1794 1795
f 1795 1794 1796
f 1795 1796 1797
f 1797 1796 1798
f 1799 1800 1801
f 1801 1800 1802
f 1801 1802 1803
f 1803 1802 1804
f 1805 1806 1807
f 1807 1806 1808
f 1807 1808 1809
f 1809 1808 1810
f 1811 1812 1813
f 1813 1812 1814
f 1813 1814 1815
f 1815 1814 1816
f 1817 1818 1819
f 1819 1818 1820
f 1819 1820 1821
f 1821 1820 1822
f 1823 813 652
f 1812 1811 1824
f 1822 1825 1826
f 1827 1828 651
f 651 1828 1829
f 1824 813 812
f 1824 1830 813
f 813 1830 1821
f 813 1821 652
f 652 1821 1822
f 652 1822 1831
f 1831 1822 1826
f 1832 1833 1834
f 1834 1833 1823
f 1834 1823 1829
f 1829 1823 652
f 1829 652 651
f 812 1835 1824
f 1824 1835 1836
f 1824 1836 1812
f 1837 1838 947
f 947 1838 1839
f 1840 1841 1842
f 1809 1810 1843
f 1843 1810 1844
f 1842 1845 1840
f 1840 1845 1118
f 1840 1118 1839
f 1839 1118 948
f 1839 948 947
f 1846 1847 1117
f 1117 1847 1800
f 1117 1800 1118
f 1118 1800 1799
f 1118 1799 948
f 1799 1848 948
f 948 1848 1843
f 948 1843 1849
f 1849 1843 1844
f 1849 1844 1850
f 1851 661 1852
f 945 661 1853
f 1853 661 660
f 1854 1851 1855
f 1855 1851 1852
f 1855 1852 1798
f 1798 1852 1797
f 1856 1853 1857
f 1857 1853 660
f 1857 660 1858
f 1858 660 1859
f 1856 1860 1853
f 1853 1860 1861
f 1853 1861 1862
f 1863 1864 944
f 944 1864 1788
f 944 1788 945
f 945 1788 1787
f 945 1787 661
f 661 1787 1865
f 661 1865 1852
f 1819 1821 1866
f 1866 1821 1830
f 1866 1830 1867
f 1867 1830 1824
f 1867 1824 1813
f 1813 1824 1811
f 1807 1809 1868
f 1868 1809 1843
f 1868 1843 1869
f 1869 1843 1848
f 1869 1848 1801
f 1801 1848 1799
f 1795 1797 1870
f 1870 1797 1852
f 1870 1852 1871
f 1871 1852 1865
f 1871 1865 1789
f 1789 1865 1787
f 1872 1873 1874
f 1874 1873 1875
f 1874 1875 1876
f 1876 1875 1877
f 1878 1879 1880
f 1880 1879 1881
f 1880 1881 1882
f 1882 1881 1883
f 1884 1885 1886
f 1884 1886 1887
f 1887 1886 1888
f 1887 1888 1889
f 1890 1891 1892
f 1892 1891 1893
f 1892 1893 1894
f 1894 1893 1895
f 1894 1895 1896
f 1897 1898 1899
f 1899 1898 1900
f 1899 1900 1901
f 1901 1900 1902
f 1903 1904 1905
f 1905 1904 1906
f 1905 1906 1907
f 1907 1906 1908
f 1909 1910 1911
f 1911 1910 1912
f 1913 1914 1915
f 1915 1914 1916
f 1915 1916 1917
f 1917 1916 1918
f 1917 1918 1919
f 1920 1921 1922
f 1920 1922 1923
f 1923 1922 1924
f 1923 1924 1925
f 1925 1924 1926
f 1925 1926 1927
f 1928 1929 1930
f 1931 1932 1933
f 1934 1912 1935
f 1936 1934 1937
f 1937 1934 1935
f 1937 1935 1938
f 1931 1933 1939
f 1936 1940 1934
f 1934 1940 1941
f 1934 1941 1933
f 1933 1941 1942
f 1933 1942 1943
f 1943 1944 1933
f 1933 1944 1945
f 1933 1945 1939
f 1946 1947 1934
f 1891 1948 1949
f 1949 1948 1950
f 1949 1950 1951
f 1951 1952 1949
f 1949 1952 1953
f 1949 1953 1934
f 1934 1953 1954
f 1934 1954 1946
f 1947 1909 1934
f 1934 1909 1911
f 1934 1911 1912
f 1882 1955 1956
f 1957 1958 1959
f 1880 1882 1956
f 1880 1956 1878
f 1960 1957 1955
f 1955 1957 1959
f 1955 1959 1956
f 1961 1962 1949
f 1961 1949 1963
f 1960 1964 1957
f 1957 1964 1965
f 1957 1965 1949
f 1949 1965 1966
f 1949 1966 1963
f 1893 1891 1949
f 1893 1949 1895
f 1895 1949 1962
f 1895 1962 1896
f 1967 1877 1875
f 1968 1969 1970
f 1970 1969 1971
f 1970 1971 1972
f 1972 1971 1967
f 1972 1967 1873
f 1873 1967 1875
f 1972 1973 1970
f 1970 1973 1974
f 1970 1974 1975
f 1975 1976 1970
f 1970 1976 1977
f 1970 1977 1957
f 1957 1977 1978
f 1957 1978 1958
f 1979 1980 1981
f 1982 1983 1984
f 1979 1985 1930
f 1930 1985 1982
f 1979 1981 1985
f 1985 1981 1986
f 1985 1986 1987
f 1988 1989 1990
f 1990 1989 1991
f 1990 1991 1992
f 1992 1993 1990
f 1990 1993 1913
f 1990 1913 1915
f 1915 1917 1990
f 1990 1917 1994
f 1990 1994 1970
f 1970 1994 1995
f 1970 1995 1968
f 1919 1996 1917
f 1917 1996 1997
f 1917 1997 1994
f 1982 1984 1930
f 1930 1984 1998
f 1930 1998 1928
f 1999 2000 2001
f 2001 2000 2002
f 2000 2003 1983
f 1983 2003 2004
f 2004 2005 1983
f 1983 2005 2006
f 1983 2006 1984
f 1886 1885 2007
f 1888 1886 2008
f 2008 1886 2007
f 2008 2007 2009
f 2009 2007 2003
f 2009 2003 2010
f 2010 2003 2000
f 2010 2000 2011
f 2011 2000 1999
f 2012 2013 2002
f 2002 2013 2014
f 2002 2014 2001
f 2015 2016 2017
f 2017 2016 2018
f 2017 2018 2019
f 2019 1897 1899
f 2002 2017 2012
f 2012 2017 2019
f 2012 2019 2020
f 2020 2019 1899
f 2020 1899 1901
f 2021 2022 2023
f 2023 2022 2024
f 2023 2024 2025
f 2025 2024 2026
f 2025 2026 2027
f 2027 2028 2025
f 2025 2028 2029
f 2025 2029 2030
f 2031 2032 2033
f 2034 2035 2036
f 2037 2038 2036
f 2036 2038 2034
f 2035 2039 2036
f 2036 2039 2040
f 2036 2040 2041
f 2041 2040 2042
f 2041 2042 2043
f 2043 2042 2031
f 2043 2031 2044
f 2044 2031 2033
f 2039 2045 2040
f 2040 2045 2046
f 2040 2046 2047
f 2047 2048 2040
f 2040 2048 2049
f 2040 2049 2025
f 2025 2049 2050
f 2025 2050 2023
f 1927 2051 1925
f 1925 2051 2052
f 1925 2052 1923
f 2053 2054 2055
f 2053 2055 2056
f 2051 2057 2052
f 2052 2057 2058
f 2052 2058 2059
f 2054 2060 2055
f 2055 2060 2061
f 2055 2061 2062
f 2062 2063 2055
f 2055 2063 2032
f 2055 2032 2064
f 2064 2032 2031
f 2065 2066 2063
f 2063 2066 2067
f 2063 2067 2032
f 2068 2069 2052
f 2052 2069 2070
f 2052 2070 1923
f 1923 2070 2071
f 1923 2071 1920
f 2072 2073 2074
f 2075 2076 2077
f 2078 2079 2074
f 2080 2078 2074
f 2080 2074 2081
f 2081 2074 2073
f 2077 2072 2075
f 2075 2072 2074
f 2075 2074 2068
f 2068 2074 2082
f 2068 2082 2083
f 2083 2084 2068
f 2068 2084 2085
f 2068 2085 2069
f 1932 2086 1933
f 1933 2086 2087
f 1933 2087 2088
f 2088 2089 1933
f 1933 2089 2090
f 1933 2090 2075
f 2075 2090 2091
f 2075 2091 2092
f 2093 2094 2075
f 2075 2094 2095
f 2075 2095 2076
f 1905 1907 2093
f 1903 1905 2093
f 1903 2093 2096
f 2096 2093 2075
f 2096 2075 2097
f 2097 2075 2092
f 2098 2099 2100
f 2100 2099 2052
f 2100 2052 2055
f 2055 2052 2059
f 2055 2059 2056
f 1987 1988 1985
f 1985 1988 1990
f 1985 1990 2101
f 2101 1990 2102
f 2101 2102 2103
f 1929 2104 2105
f 1929 2105 1930
f 1930 2105 2106
f 1930 2106 1979
f 1979 2106 2107
f 1979 2107 1980
f 2108 2109 2110
f 2110 2111 2108
f 2108 2111 2112
f 2108 2112 2113
f 1939 2114 1931
f 1931 2114 2115
f 1931 2115 1932
f 1932 2115 2116
f 1932 2116 2086
f 2117 2118 148
f 155 2119 147
f 147 2119 2120
f 147 2120 148
f 148 2120 2121
f 148 2121 2117
f 2121 2122 2117
f 2117 2122 2118
f 2123 2124 2125
f 2125 2124 2126
f 2125 2126 2109
f 2021 170 2022
f 2022 170 169
f 2022 169 2024
f 2024 169 174
f 2127 2079 2078
f 2127 2078 2128
f 2128 2078 2080
f 2128 2080 2129
f 208 2034 209
f 209 2034 2038
f 209 2038 211
f 211 2038 2037
f 2061 2130 2062
f 2062 2130 2131
f 2062 2131 2063
f 2063 2131 2132
f 2063 2132 2065
f 2133 2134 2135
f 1916 1914 2136
f 2136 1914 2137
f 2136 2137 2138
f 2138 2137 2139
f 2138 2139 2140
f 2140 2139 2141
f 2140 2141 2142
f 2143 2135 2144
f 2144 2135 2134
f 2144 2134 2145
f 2143 2146 2135
f 2135 2146 2142
f 2135 2142 2133
f 2133 2142 2141
f 2146 2147 2142
f 2142 2147 2148
f 2142 2148 2140
f 2140 2148 2149
f 2140 2149 2138
f 2138 2149 2150
f 2138 2150 2136
f 1918 1916 2151
f 2151 1916 2136
f 2151 2136 2152
f 2152 2136 2150
f 2145 2153 2154
f 2145 2154 2144
f 2144 2154 2155
f 2144 2155 2143
f 2156 2157 2158
f 2159 815 817
f 2160 2159 2161
f 2158 2157 2162
f 2162 2157 2163
f 2162 2163 2164
f 2154 2153 2165
f 2165 2153 2166
f 2165 2166 2167
f 2159 817 2161
f 2161 817 819
f 2161 819 2168
f 2168 2169 2161
f 2161 2169 2156
f 2161 2156 2160
f 2160 2156 2158
f 2170 2163 2171
f 2171 2163 2157
f 2171 2157 2172
f 2172 2157 2156
f 2172 2156 2173
f 2173 2156 2169
f 2170 2174 2163
f 2163 2174 2167
f 2163 2167 2164
f 2164 2167 2166
f 2155 2154 2175
f 2175 2154 2165
f 2175 2165 2176
f 2176 2165 2167
f 2176 2167 2177
f 2177 2167 2174
f 2178 2179 2180
f 2181 2182 2183
f 1308 1306 2184
f 2184 1306 2185
f 2182 2186 2183
f 2183 2186 2187
f 2183 2187 2185
f 2185 2187 2188
f 2185 2188 2184
f 2178 2180 2189
f 2189 2180 2190
f 2189 2190 2191
f 2191 2190 2192
f 2192 2190 1874
f 2192 1874 1876
f 1306 1304 2185
f 2185 1304 2193
f 2185 2193 2183
f 2183 2193 2194
f 2194 2195 2183
f 2183 2195 2180
f 2183 2180 2181
f 2181 2180 2179
f 1872 1874 2196
f 2196 1874 2190
f 2196 2190 2197
f 2197 2190 2180
f 2197 2180 2198
f 2198 2180 2195
f 2199 2105 2104
f 2200 2201 2202
f 2203 2204 2205
f 2205 2204 2206
f 2205 2206 2207
f 2207 2206 2208
f 2202 2209 2200
f 2200 2209 2210
f 2200 2210 2208
f 2208 2210 2211
f 2208 2211 2207
f 2104 2212 2199
f 2199 2212 2213
f 2199 2213 2214
f 2214 2213 2215
f 2214 2215 2201
f 2201 2215 2216
f 2201 2216 2202
f 2106 2105 2217
f 2217 2105 2199
f 2217 2199 2218
f 2218 2199 2214
f 2218 2214 2219
f 2219 2214 2201
f 2219 2201 2220
f 2220 2201 2200
f 2220 2200 2221
f 2221 2200 2208
f 2221 2208 2222
f 2222 2208 2206
f 2222 2206 2223
f 2223 2206 2204
f 2107 2106 2224
f 2224 2106 2217
f 2224 2217 2225
f 2225 2217 2218
f 2225 2218 2226
f 2226 2218 2219
f 2226 2219 2227
f 2227 2219 2220
f 2227 2220 2228
f 2228 2220 2221
f 2228 2221 2229
f 2229 2221 2222
f 2229 2222 2230
f 2230 2222 2223
f 2231 2232 2230
f 2230 2232 2233
f 2230 2233 2234
f 408 2235 2223
f 2235 2236 2223
f 2223 2236 2237
f 2223 2237 2230
f 2230 2237 2238
f 2230 2238 2231
f 2223 2204 408
f 408 2204 2203
f 408 2203 409
f 2239 2240 2241
f 2240 2239 2242
f 2242 2239 2243
f 2242 2243 2244
f 2244 2243 2245
f 2245 2243 2246
f 2245 2246 2247
f 2247 2246 2248
f 2248 2246 1881
f 2248 1881 1879
f 2249 2239 2250
f 2250 2239 2241
f 2250 2241 1609
f 2249 2251 2239
f 2239 2251 2252
f 2239 2252 2243
f 2243 2252 2253
f 2243 2253 2246
f 1883 1881 2254
f 2254 1881 2246
f 2254 2246 2255
f 2255 2246 2253
f 1609 1301 1362
f 1609 1362 2250
f 2250 1362 1368
f 2250 1368 2249
f 2256 1884 1887
f 2257 2258 2259
f 2260 2261 2259
f 2262 2263 2264
f 2262 2264 2265
f 2265 2264 2266
f 2265 2266 2267
f 2267 2266 2268
f 2267 2268 2269
f 2269 2268 2270
f 2269 2270 2271
f 2271 2270 2272
f 2271 2272 2273
f 2273 2272 2274
f 2274 2272 2275
f 2274 2275 2276
f 2256 2277 2275
f 2275 2277 2278
f 2278 2279 2275
f 2275 2279 2280
f 2275 2280 2276
f 2281 2282 2283
f 2283 2282 2284
f 2283 2284 2285
f 2285 2284 2258
f 2284 2286 2258
f 2258 2286 2287
f 2258 2287 2259
f 2259 2287 2288
f 2259 2288 2260
f 1889 2257 1887
f 1887 2257 2259
f 1887 2259 2256
f 2256 2259 2261
f 2256 2261 2277
f 435 2263 436
f 436 2263 2262
f 436 2262 437
f 2289 2290 2291
f 1429 1428 2292
f 2292 1428 2293
f 2292 2293 2294
f 2294 2293 2289
f 2294 2289 2295
f 2295 2289 2291
f 2128 2129 2296
f 2296 2129 2297
f 2296 2297 2290
f 2290 2297 2298
f 2290 2298 2291
f 2127 2128 2299
f 2299 2128 2296
f 2299 2296 2300
f 2300 2296 2290
f 2300 2290 2301
f 2301 2290 2289
f 2301 2289 2302
f 2302 2289 2293
f 2302 2293 1427
f 1427 2293 1428
f 1912 1910 2303
f 2303 1910 2304
f 2303 2304 2305
f 2305 2304 2306
f 2305 2306 1438
f 1438 2306 1436
f 2307 1912 2308
f 2308 1912 2303
f 2308 2303 2309
f 2309 2303 2305
f 2309 2305 1433
f 1433 2305 1438
f 1892 1894 2310
f 2310 1894 2311
f 2310 2311 2312
f 2312 2311 2313
f 2312 2313 2314
f 2314 2313 2315
f 1890 1892 2316
f 2316 1892 2310
f 2316 2310 2317
f 2317 2310 2312
f 2317 2312 2318
f 2318 2312 2314
f 2315 2319 2320
f 2315 2320 2314
f 2314 2320 2321
f 2314 2321 2318
f 2322 1906 1904
f 2323 2324 2325
f 2325 2324 2326
f 1904 2327 2322
f 2322 2327 2328
f 2322 2328 2329
f 2329 2328 2330
f 2329 2330 2323
f 2323 2330 2331
f 2323 2331 2324
f 1908 1906 2332
f 2332 1906 2322
f 2332 2322 2333
f 2333 2322 2329
f 2333 2329 2334
f 2334 2329 2323
f 2334 2323 1580
f 1580 2323 2325
f 2326 1461 1455
f 2326 1455 2325
f 2325 1455 1298
f 2325 1298 1580
f 2335 33 29
f 29 28 2336
f 2336 28 2337
f 2335 29 2338
f 2338 29 2339
f 2339 29 2336
f 2339 2336 2340
f 2340 2336 2341
f 2341 2336 2342
f 2341 2342 2343
f 2343 2342 2344
f 2344 2342 1900
f 2344 1900 1898
f 1902 1900 2345
f 2345 1900 2342
f 2345 2342 2346
f 2346 2342 2336
f 2346 2336 2347
f 2347 2336 2337
f 2115 2114 2348
f 2348 2114 2349
f 2348 2349 2350
f 2350 2349 2351
f 2350 2351 2352
f 2352 2351 2353
f 2116 2115 2354
f 2354 2115 2348
f 2354 2348 2355
f 2355 2348 2350
f 2355 2350 2356
f 2356 2350 2352
f 2353 2357 2358
f 2353 2358 2352
f 2352 2358 2359
f 2352 2359 2356
f 2360 2358 2357
f 702 706 2361
f 2361 706 2362
f 2361 2362 2363
f 2363 2362 2364
f 2365 2366 2367
f 2367 2366 2368
f 2367 2368 2369
f 2369 2368 2370
f 2369 2370 2364
f 2364 2370 2371
f 2364 2371 2363
f 2357 2372 2360
f 2360 2372 2373
f 2360 2373 2374
f 2374 2373 2375
f 2374 2375 2376
f 2376 2375 2377
f 2376 2377 2365
f 2365 2377 2378
f 2365 2378 2366
f 2359 2358 2379
f 2379 2358 2360
f 2379 2360 2380
f 2380 2360 2374
f 2380 2374 2381
f 2381 2374 2376
f 2381 2376 2382
f 2382 2376 2365
f 2382 2365 2383
f 2383 2365 2367
f 2383 2367 2384
f 2384 2367 2369
f 2384 2369 2385
f 2385 2369 2364
f 2385 2364 2386
f 2386 2364 2362
f 2386 2362 707
f 707 2362 706
f 2387 2388 2389
f 3 2 2390
f 2388 2387 2391
f 2391 2387 2392
f 2391 2392 2393
f 2394 2395 2396
f 2396 2395 2397
f 2396 2397 2398
f 2398 2397 2399
f 2398 2399 2400
f 2401 2402 2394
f 2394 2402 2403
f 2394 2403 2395
f 2401 2404 2402
f 2402 2404 121
f 2402 121 119
f 2405 2406 2391
f 2391 2406 2407
f 2391 2407 2388
f 2388 2407 2408
f 2388 2408 2389
f 2389 2408 2400
f 2389 2400 2409
f 2409 2400 2399
f 2410 2411 2412
f 2412 2411 2413
f 2412 2413 2405
f 2405 2413 2414
f 2405 2414 2406
f 2415 2410 2416
f 2416 2410 2412
f 2416 2412 2417
f 2417 2412 2405
f 2417 2405 2390
f 2390 2405 2391
f 2390 2391 3
f 3 2391 2393
f 349 351 206
f 206 351 353
f 206 353 207
f 2320 2319 2418
f 2418 2319 2419
f 2418 2419 2420
f 2420 2419 2421
f 2420 2421 2422
f 2422 2421 2423
f 2422 2423 2424
f 2424 2423 2425
f 2424 2425 2426
f 2426 2425 2427
f 2426 2427 2428
f 2428 2427 2429
f 2428 2429 2430
f 2430 2429 2431
f 2430 2431 2432
f 2432 2431 2433
f 990 2432 963
f 963 2432 2433
f 963 2433 964
f 990 2434 2432
f 2432 2434 2435
f 2432 2435 2430
f 2430 2435 2436
f 2430 2436 2428
f 2428 2436 2437
f 2428 2437 2426
f 2437 2438 2426
f 2426 2438 2439
f 2426 2439 2424
f 2424 2439 2440
f 2424 2440 2422
f 2422 2440 2441
f 2422 2441 2420
f 2321 2320 2442
f 2442 2320 2418
f 2442 2418 2443
f 2443 2418 2420
f 2443 2420 2444
f 2444 2420 2441
f 2445 2446 2447
f 2109 2108 2448
f 2448 2108 2449
f 2448 2449 2450
f 2450 2449 2451
f 2450 2451 2452
f 2452 2451 2453
f 2452 2453 2454
f 2454 2453 2455
f 2454 2455 2456
f 2456 2455 2457
f 2456 2457 2458
f 2458 2457 2459
f 2458 2459 2460
f 468 2447 482
f 482 2447 2446
f 482 2446 474
f 468 2461 2447
f 2447 2461 2460
f 2447 2460 2445
f 2445 2460 2459
f 2461 2462 2460
f 2460 2462 2463
f 2460 2463 2458
f 2458 2463 2464
f 2458 2464 2456
f 2464 2465 2456
f 2456 2465 2466
f 2456 2466 2454
f 2454 2466 2467
f 2454 2467 2452
f 2452 2467 2468
f 2452 2468 2450
f 2450 2468 2469
f 2450 2469 2448
f 2125 2109 2470
f 2470 2109 2448
f 2470 2448 2471
f 2471 2448 2469
f 2472 2473 2474
f 2475 2476 2477
f 2478 2475 2479
f 2474 2473 2480
f 2480 2473 2481
f 2480 2481 2482
f 2131 2130 2483
f 2483 2130 2484
f 2483 2484 2485
f 2475 2477 2479
f 2479 2477 2486
f 2479 2486 2487
f 2487 2488 2479
f 2479 2488 2472
f 2479 2472 2478
f 2478 2472 2474
f 2489 2481 2490
f 2490 2481 2473
f 2490 2473 2491
f 2491 2473 2472
f 2491 2472 2492
f 2492 2472 2488
f 2489 2493 2481
f 2481 2493 2485
f 2481 2485 2482
f 2482 2485 2484
f 2132 2131 2494
f 2494 2131 2483
f 2494 2483 2495
f 2495 2483 2485
f 2495 2485 2496
f 2496 2485 2493
f 347 2486 348
f 348 2486 2477
f 348 2477 2497
f 2497 2477 2498
f 2499 2476 2500
f 2500 2476 2501
f 2499 2502 2476
f 2476 2502 2503
f 2476 2503 2477
f 2477 2503 2504
f 2477 2504 2498
f 2505 2506 2507
f 548 547 2508
f 2508 547 2509
f 2508 2509 2510
f 2510 2509 2511
f 2512 2513 2511
f 2511 2513 2514
f 2511 2514 2510
f 2515 2516 2517
f 2517 2516 2518
f 2517 2518 2512
f 2512 2518 2519
f 2512 2519 2513
f 2507 2520 2505
f 2505 2520 2521
f 2505 2521 2515
f 2515 2521 2522
f 2515 2522 2516
f 2523 2506 2524
f 2524 2506 2505
f 2524 2505 2525
f 2525 2505 2515
f 2525 2515 2526
f 2526 2515 2517
f 2526 2517 2527
f 2527 2517 2512
f 2527 2512 2528
f 2528 2512 2511
f 2528 2511 2529
f 2529 2511 2509
f 2529 2509 546
f 546 2509 547
f 2530 2523 2531
f 2531 2523 2524
f 2531 2524 2532
f 2532 2524 2525
f 2532 2525 2533
f 2533 2525 2526
f 2533 2526 2534
f 2534 2526 2527
f 2534 2527 2535
f 2535 2527 2528
f 2535 2528 2536
f 2536 2528 2529
f 2536 2529 545
f 545 2529 546
f 2537 2538 2539
f 2539 2538 2540
f 2541 2542 2543
f 2544 2111 2110
f 2126 2541 2109
f 2109 2541 2543
f 2109 2543 2110
f 2110 2543 2545
f 2110 2545 2544
f 2546 2547 2548
f 2548 2547 2549
f 2548 2549 2550
f 2550 2549 2551
f 2550 2551 2552
f 2552 2551 2553
f 2554 2555 2556
f 2556 2557 2554
f 2554 2557 2558
f 2554 2558 2547
f 2547 2558 2559
f 2547 2559 2549
f 2560 2561 2562
f 2562 2563 2560
f 2560 2563 2564
f 2560 2564 2555
f 2555 2564 2565
f 2555 2565 2556
f 2566 2567 2568
f 2568 2567 2569
f 2568 2569 2570
f 2570 2569 2571
f 2570 2571 2572
f 2572 2571 2573
f 2574 2575 2576
f 2576 2577 2574
f 2574 2577 2578
f 2574 2578 2567
f 2567 2578 2579
f 2567 2579 2569
f 2580 2581 2582
f 2582 2583 2580
f 2580 2583 2584
f 2580 2584 2575
f 2575 2584 2585
f 2575 2585 2576
f 2586 2587 2588
f 2588 2587 2589
f 2588 2589 2590
f 2590 2589 2591
f 2590 2591 2592
f 2592 2591 2593
f 2594 2595 2596
f 2596 2597 2594
f 2594 2597 2598
f 2594 2598 2587
f 2587 2598 2599
f 2587 2599 2589
f 2600 2601 2602
f 2602 2603 2600
f 2600 2603 2604
f 2600 2604 2595
f 2595 2604 2605
f 2595 2605 2596
f 2606 2607 2608
f 2609 2610 2611
f 2611 2610 2606
f 2611 2606 2612
f 2612 2606 2608
f 2613 2614 2615
f 2615 2616 2613
f 2613 2616 2617
f 2613 2617 2608
f 2608 2617 2618
f 2608 2618 2612
f 2619 2620 2621
f 2621 2622 2619
f 2619 2622 2623
f 2619 2623 2614
f 2614 2623 2624
f 2614 2624 2615
f 2625 2626 2627
f 2628 2629 2630
f 2625 2627 2631
f 2630 2631 2628
f 2628 2631 2627
f 2628 2627 2632
f 2632 2627 2633
f 2632 2633 2634
f 2634 2633 2635
f 2635 2633 2636
f 2635 2636 2637
f 2638 2639 2640
f 2640 2641 2638
f 2638 2641 2642
f 2638 2642 2636
f 2636 2642 2643
f 2636 2643 2637
f 2644 2645 2646
f 2647 2648 2649
f 2644 2646 2650
f 2649 2650 2647
f 2647 2650 2646
f 2647 2646 2651
f 2651 2646 2652
f 2651 2652 2653
f 2653 2652 2654
f 2654 2652 2655
f 2654 2655 2656
f 2657 2658 2659
f 2659 2660 2657
f 2657 2660 2661
f 2657 2661 2655
f 2655 2661 2662
f 2655 2662 2656
f 2663 2664 2665
f 2665 2664 2666
f 2665 2666 2667
f 2667 2666 2668
f 2667 2668 2669
f 2669 2668 2670
f 2669 2670 2671
f 2671 2670 2672
f 2671 2672 2673
f 2673 2672 2674
f 2673 2674 2675
f 2675 2674 2676
f 2675 2676 2677
f 2677 2676 2678
f 2677 2678 2679
f 2679 2678 2680
f 2679 2680 2681
f 2681 2680 2682
f 2681 2682 2683
f 2683 2682 2684
f 2683 2684 2685
f 2685 2684 2686
f 2685 2686 2687
f 2687 2686 2688
f 2687 2688 2689
f 2689 2688 2690
f 2689 2690 2691
f 2691 2690 2692
f 2691 2692 2693
f 2693 2692 2694
f 2693 2694 2695
f 2695 2694 2696
f 2695 2696 2697
f 2697 2696 2698
f 2697 2698 2699
f 2699 2698 2700
f 2699 2700 2701
f 2701 2700 2702
f 2701 2702 2703
f 2703 2702 2704
f 2703 2704 2705
f 2705 2704 2706
f 2705 2706 2707
f 2707 2706 2708
f 2707 2708 2709
f 2709 2708 2710
f 2709 2710 2663
f 2663 2710 2664
f 2711 2712 2713
f 2713 2712 2714
f 2713 2714 2715
f 2715 2714 2716
f 2717 2718 2719
f 2719 2718 2720
f 2719 2720 2721
f 2721 2720 2722
f 2723 2724 2725
f 2726 2727 2728
f 2728 2727 2729
f 2728 2729 2730
f 2731 2732 2728
f 2728 2732 2733
f 2728 2733 2726
f 2734 2735 2736
f 2736 2735 2737
f 2738 2739 2740
f 2738 2740 2741
f 2737 2723 2736
f 2736 2723 2725
f 2736 2725 2742
f 2742 2725 2741
f 2742 2741 2743
f 2743 2741 2740
f 2744 2745 2746
f 2746 2747 2744
f 2744 2747 2748
f 2744 2748 2738
f 2738 2748 2749
f 2738 2749 2739
f 2750 2751 2752
f 2752 2751 2753
f 2752 2753 2745
f 2745 2753 2754
f 2745 2754 2746
f 2750 2752 2755
f 2755 2752 2756
f 2755 2756 2757
f 2757 2756 2758
f 2757 2758 2759
f 2760 2761 2762
f 2760 2762 2763
f 2762 2764 2763
f 2763 2764 2765
f 2763 2765 2758
f 2758 2765 2766
f 2758 2766 2759
f 2761 2760 2767
f 2767 2760 2768
f 2767 2768 2769
f 2728 2770 2731
f 2731 2770 2771
f 2731 2771 2768
f 2768 2771 2772
f 2768 2772 2769
f 2773 2774 2775
f 2775 2774 2776
f 2777 2778 2779
f 2779 2778 2775
f 2779 2775 2780
f 2781 2782 2775
f 2775 2782 2783
f 2775 2783 2780
f 2777 2784 2778
f 2778 2784 2730
f 2778 2730 2729
f 2776 2785 2775
f 2775 2785 2786
f 2775 2786 2781
f 2787 2788 2789
f 2789 2788 2790
f 2791 2735 2734
f 2734 2792 2791
f 2791 2792 2793
f 2791 2793 2790
f 2790 2793 2794
f 2790 2794 2795
f 2795 2796 2790
f 2790 2796 2797
f 2790 2797 2798
f 2799 2789 2800
f 2800 2789 2790
f 2800 2790 2801
f 2801 2790 2798
f 2802 2803 2804
f 2804 2805 2802
f 2802 2805 2806
f 2802 2806 2807
f 2808 2802 2721
f 2721 2722 2808
f 2808 2722 2809
f 2808 2809 2810
f 2810 2809 2811
f 2810 2811 2812
f 2812 2811 2813
f 2812 2813 2814
f 2807 2815 2802
f 2802 2815 2816
f 2802 2816 2721
f 2817 2818 2607
f 2607 2606 2817
f 2817 2606 2812
f 2817 2812 2819
f 2819 2812 2814
f 2102 2820 2103
f 2103 2820 2821
f 2103 2821 2822
f 2823 2824 2825
f 2825 2824 2826
f 2825 2826 2827
f 2827 2826 2828
f 2828 2829 2827
f 2827 2829 2830
f 2827 2830 2831
f 2831 2830 2832
f 2831 2832 2821
f 2821 2832 2833
f 2821 2833 2822
f 2834 2099 2835
f 2835 2099 2098
f 2836 2837 2566
f 2098 2838 2835
f 2835 2838 2839
f 2835 2839 2840
f 2840 2839 2841
f 2840 2841 2842
f 2842 2841 2843
f 2842 2843 2844
f 2566 2568 2836
f 2836 2568 2842
f 2836 2842 2845
f 2845 2842 2844
f 2846 2847 2848
f 2848 2847 2849
f 2848 2849 2850
f 2849 2851 2850
f 2850 2851 2852
f 2850 2852 2853
f 2853 2852 2854
f 2853 2854 2855
f 2855 2854 2856
f 2857 2858 2859
f 2859 2858 2860
f 2859 2860 2861
f 2861 2862 2859
f 2859 2862 2863
f 2859 2863 2864
f 2856 2865 2855
f 2855 2865 2712
f 2855 2712 2859
f 2859 2712 2711
f 2859 2711 2857
f 2866 2867 2868
f 2868 2867 2869
f 2870 2871 2872
f 2872 2871 2873
f 2718 2717 2874
f 2874 2717 2875
f 2874 2875 2876
f 2876 2875 2877
f 2877 2875 2878
f 2877 2878 2879
f 2879 2878 2880
f 2880 2878 2791
f 2880 2791 2790
f 2775 2778 2881
f 2881 2778 2882
f 2881 2882 2883
f 2883 2882 2884
f 2884 2882 2885
f 2884 2885 2886
f 2886 2885 2715
f 2886 2715 2716
f 2802 2808 2887
f 2802 2887 2888
f 2887 2889 2888
f 2888 2889 2890
f 2888 2890 2891
f 2891 2890 2867
f 2891 2867 2866
f 2821 2820 2892
f 2892 2820 2893
f 2892 2893 2894
f 2894 2893 2895
f 2895 2893 2896
f 2895 2896 2897
f 2897 2896 2898
f 2898 2896 2868
f 2898 2868 2869
f 2873 2871 2899
f 2873 2899 2900
f 2900 2899 2901
f 2900 2901 2902
f 2901 2903 2902
f 2902 2903 2904
f 2902 2904 2905
f 2855 2859 2906
f 2906 2859 2905
f 2906 2905 2907
f 2907 2905 2904
f 2870 2872 2908
f 2908 2872 2909
f 2908 2909 2910
f 2910 2909 2911
f 2911 2909 2912
f 2911 2912 2913
f 2913 2912 2914
f 2914 2912 2834
f 2914 2834 2835
f 2915 2916 2917
f 2917 2916 2918
f 2917 2918 2919
f 2920 2921 2922
f 2922 2921 2923
f 2922 2923 2924
f 2925 2926 2927
f 2927 2926 2928
f 2927 2928 2929
f 2930 2931 2932
f 2932 2931 2933
f 2920 2922 2934
f 2934 2922 2935
f 2934 2935 2936
f 2936 2935 2937
f 2936 2937 2938
f 2933 2931 2939
f 2939 2931 2940
f 2939 2940 2941
f 2942 2943 2944
f 2945 2946 2931
f 2931 2946 2947
f 2931 2947 2940
f 2940 2947 2948
f 2940 2948 2949
f 2949 2948 2942
f 2949 2942 2950
f 2950 2942 2944
f 2937 2951 2938
f 2938 2951 2952
f 2938 2952 2940
f 2940 2952 2953
f 2940 2953 2941
f 2954 2955 2956
f 2956 2955 2944
f 2956 2944 2957
f 2957 2944 2943
f 2915 2917 2958
f 2958 2917 2959
f 2958 2959 2960
f 2960 2959 2961
f 2960 2961 2962
f 2849 2963 2964
f 2964 2963 2965
f 2966 2967 2968
f 2967 2966 2969
f 2961 2970 2962
f 2962 2970 2971
f 2962 2971 2972
f 2972 2971 2973
f 2973 2974 2972
f 2972 2974 2975
f 2972 2975 2849
f 2849 2975 2976
f 2849 2976 2963
f 2847 2977 2849
f 2849 2977 2978
f 2849 2978 2972
f 2972 2978 2979
f 2972 2979 2980
f 2980 2979 2969
f 2980 2969 2981
f 2981 2969 2966
f 2968 2982 2966
f 2966 2982 2983
f 2966 2983 2984
f 2985 2986 2987
f 2988 2989 2990
f 2817 2988 2818
f 2818 2988 2990
f 2818 2990 2991
f 2991 2990 2992
f 2991 2992 2993
f 2994 2995 2996
f 2992 2997 2993
f 2993 2997 2998
f 2993 2998 2999
f 2999 2998 3000
f 3000 3001 2999
f 2999 3001 3002
f 2999 3002 2987
f 2987 3002 3003
f 2987 3003 2985
f 3004 3005 2987
f 2987 3005 3006
f 2987 3006 2999
f 2999 3006 3007
f 2999 3007 3008
f 3008 3007 2994
f 3008 2994 3009
f 3009 2994 2996
f 3010 3011 3012
f 3012 3011 2996
f 3012 2996 3013
f 3013 2996 2995
f 3014 3015 3016
f 3017 3018 3019
f 2925 2927 3020
f 3020 2927 3021
f 3020 3021 3022
f 3022 3021 3023
f 3022 3023 3024
f 3025 3026 3016
f 3016 3026 3027
f 3016 3027 3028
f 3028 3027 3029
f 3028 3029 3030
f 3030 3029 3017
f 3030 3017 3031
f 3031 3017 3019
f 3023 3032 3024
f 3024 3032 3033
f 3024 3033 3028
f 3028 3033 3034
f 3034 3035 3028
f 3028 3035 3036
f 3028 3036 3016
f 3016 3036 3037
f 3016 3037 3014
f 3038 3039 3040
f 3040 3039 3019
f 3040 3019 3041
f 3041 3019 3018
f 3042 3043 3044
f 3044 3043 3045
f 3044 3045 3046
f 3047 3048 3049
f 3049 3048 3050
f 3049 3050 3051
f 3052 3053 3054
f 3054 3053 3055
f 3054 3055 3056
f 3057 3058 2943
f 2946 2945 3059
f 3059 3060 2946
f 2946 3060 3061
f 2946 3061 2947
f 2947 3061 3062
f 2947 3062 2948
f 2948 3062 3057
f 2948 3057 2942
f 2942 3057 2943
f 3063 3064 2967
f 2977 2847 2846
f 2846 3065 2977
f 2977 3065 3066
f 2977 3066 2978
f 2978 3066 3067
f 2978 3067 2979
f 2979 3067 3063
f 2979 3063 2969
f 2969 3063 2967
f 3068 3069 3070
f 3071 3072 3073
f 3070 3069 3074
f 2837 2836 3073
f 3073 2836 3075
f 3075 3076 3073
f 3073 3076 3077
f 3073 3077 3071
f 3078 3079 3080
f 3071 3081 3072
f 3072 3081 3082
f 3072 3082 3070
f 3070 3082 3078
f 3070 3078 3068
f 3068 3078 3080
f 3069 3083 3074
f 3074 3083 3084
f 3074 3084 3085
f 3085 3084 3086
f 3085 3086 3087
f 3088 3089 3086
f 3086 3089 3090
f 3086 3090 3087
f 3091 3092 3084
f 3080 3079 3093
f 3093 3094 3080
f 3080 3094 3095
f 3080 3095 3068
f 3068 3095 3096
f 3068 3096 3069
f 3069 3096 3091
f 3069 3091 3083
f 3083 3091 3084
f 2826 3097 3098
f 3098 3097 3099
f 2824 3100 2826
f 2826 3100 3101
f 2826 3101 3097
f 3097 3101 3102
f 3097 3102 3103
f 3104 3105 3099
f 3099 3105 3106
f 3099 3106 3098
f 3107 3108 3104
f 3104 3108 3109
f 3109 3110 3104
f 3104 3110 3111
f 3104 3111 3105
f 3112 3113 3114
f 3102 3115 3103
f 3103 3115 3116
f 3103 3116 3117
f 3117 3116 3118
f 3117 3118 3114
f 3114 3118 3119
f 3114 3119 3112
f 3120 3121 3116
f 3100 2824 2823
f 2823 3122 3100
f 3100 3122 3123
f 3100 3123 3101
f 3101 3123 3124
f 3101 3124 3102
f 3102 3124 3120
f 3102 3120 3115
f 3115 3120 3116
f 3125 3126 2995
f 3005 3004 3127
f 3127 3128 3005
f 3005 3128 3129
f 3005 3129 3006
f 3006 3129 3130
f 3006 3130 3007
f 3007 3130 3125
f 3007 3125 2994
f 2994 3125 2995
f 3131 3132 3018
f 3026 3025 3133
f 3133 3134 3026
f 3026 3134 3135
f 3026 3135 3027
f 3027 3135 3136
f 3027 3136 3029
f 3029 3136 3131
f 3029 3131 3017
f 3017 3131 3018
f 3137 3138 3139
f 3139 3138 3140
f 3139 3140 3141
f 3141 3140 3142
f 3141 3142 3143
f 3143 3142 3144
f 3145 3146 3147
f 3147 3146 3148
f 3147 3148 3149
f 3149 3148 3150
f 3149 3150 3151
f 3151 3150 3152
f 3153 3154 3155
f 3155 3154 3156
f 3155 3156 3157
f 3157 3156 3158
f 3157 3158 3159
f 3159 3158 3160
f 2799 3161 2789
f 2789 3161 3162
f 3161 3163 3162
f 3162 3163 3164
f 3162 3164 3165
f 3164 3166 3165
f 3165 3166 3167
f 3165 3167 3168
f 3167 3169 3168
f 3168 3169 3170
f 3168 3170 3171
f 3170 3172 3171
f 3171 3172 3173
f 3171 3173 3174
f 3173 3175 3174
f 3174 3175 3176
f 3174 3176 3177
f 3176 3178 3177
f 3177 3178 3179
f 3177 3179 3180
f 3179 3181 3180
f 3180 3181 3182
f 3180 3182 3183
f 3182 3184 3183
f 3183 3184 3185
f 3183 3185 3186
f 3185 3187 3186
f 3186 3187 3188
f 3186 3188 3189
f 3188 3190 3189
f 3189 3190 3191
f 3189 3191 3192
f 2785 2776 3193
f 3193 2776 3192
f 3193 3192 3194
f 3194 3192 3191
f 2787 2789 3162
f 3195 3196 3162
f 3197 3198 3199
f 3186 3189 3192
f 3197 3199 3196
f 2776 2774 3192
f 3192 2774 3183
f 3192 3183 3186
f 3200 3201 3202
f 3202 3201 3203
f 3199 3204 3196
f 3196 3204 3205
f 3196 3205 3162
f 3162 3205 3206
f 3162 3206 2787
f 3207 3208 3209
f 3209 3208 3145
f 3210 3211 3209
f 3209 3211 3212
f 3209 3212 3207
f 3213 3214 3215
f 3215 3214 3216
f 3215 3216 3137
f 3198 3197 3215
f 3215 3197 3217
f 3215 3217 3213
f 3218 3219 3220
f 3220 3219 3153
f 3201 3218 3203
f 3203 3218 3220
f 3203 3220 3221
f 3221 3220 3222
f 3221 3222 3223
f 3223 3222 3224
f 3223 3224 3225
f 3225 3224 3226
f 3225 3226 3212
f 3212 3226 3227
f 3212 3227 3207
f 3145 3147 3209
f 3209 3147 3149
f 3209 3149 3151
f 3209 3228 3210
f 3210 3228 3229
f 3210 3229 3230
f 3230 3229 3231
f 3230 3231 3213
f 3213 3231 3232
f 3213 3232 3214
f 3137 3139 3215
f 3215 3139 3141
f 3215 3141 3143
f 3200 3202 3233
f 3233 3202 3234
f 3233 3234 3235
f 3235 3234 3236
f 3235 3236 2774
f 2774 3236 3237
f 2774 3237 3183
f 3153 3155 3220
f 3220 3155 3157
f 3220 3157 3159
f 3237 3238 3183
f 3183 3238 3239
f 3183 3239 3180
f 3180 3239 3240
f 3180 3240 3177
f 3177 3240 3241
f 3177 3241 3174
f 3174 3241 3242
f 3174 3242 3171
f 3171 3242 3243
f 3171 3243 3168
f 3168 3243 3165
f 3165 3243 3244
f 3165 3244 3162
f 3162 3244 3245
f 3162 3245 3195
f 3128 3127 3246
f 3247 3248 3249
f 3249 3248 3250
f 3251 3126 3252
f 3252 3126 3125
f 3253 3254 3130
f 3130 3254 3255
f 3130 3255 3125
f 3125 3255 3256
f 3125 3256 3252
f 3253 3130 3257
f 3257 3130 3129
f 3257 3129 3258
f 3258 3129 3128
f 3258 3128 3248
f 3248 3128 3246
f 3248 3246 3250
f 3259 2825 3260
f 3260 2825 3261
f 3260 3261 3262
f 3263 3121 3264
f 3264 3121 3120
f 3264 3120 3265
f 3265 3120 3266
f 3266 3120 3124
f 3266 3124 3267
f 3267 3124 3268
f 3268 3124 3123
f 3268 3123 3269
f 3269 3123 3270
f 3270 3123 3122
f 3270 3122 3259
f 3259 3122 2823
f 3259 2823 2825
f 3271 3272 3273
f 3273 3272 3274
f 3274 3272 3275
f 3274 3275 3276
f 3277 3092 3278
f 3278 3092 3091
f 3278 3091 3279
f 3279 3091 3280
f 3280 3091 3096
f 3280 3096 3281
f 3281 3096 3282
f 3282 3096 3095
f 3282 3095 3283
f 3283 3095 3284
f 3284 3095 3094
f 3284 3094 3273
f 3273 3094 3093
f 3273 3093 3271
f 2848 3285 3286
f 3286 3285 3287
f 3287 3285 3288
f 3287 3288 3289
f 3290 3064 3291
f 3291 3064 3063
f 3291 3063 3292
f 3292 3063 3293
f 3293 3063 3067
f 3293 3067 3294
f 3294 3067 3295
f 3295 3067 3066
f 3295 3066 3296
f 3296 3066 3297
f 3297 3066 3065
f 3297 3065 3286
f 3286 3065 2846
f 3286 2846 2848
f 3298 3299 3300
f 3300 3299 3301
f 3300 3301 3302
f 3303 3058 3304
f 3304 3058 3057
f 3304 3057 3305
f 3305 3057 3306
f 3306 3057 3062
f 3306 3062 3307
f 3307 3062 3308
f 3308 3062 3061
f 3308 3061 3309
f 3309 3061 3310
f 3310 3061 3060
f 3310 3060 3298
f 3298 3060 3059
f 3298 3059 3299
f 3311 3312 3313
f 3313 3312 3314
f 3314 3312 3315
f 3314 3315 3316
f 3317 3132 3318
f 3318 3132 3131
f 3318 3131 3319
f 3319 3131 3320
f 3320 3131 3136
f 3320 3136 3321
f 3321 3136 3322
f 3322 3136 3135
f 3322 3135 3323
f 3323 3135 3324
f 3324 3135 3134
f 3324 3134 3313
f 3313 3134 3133
f 3313 3133 3311
f 3325 3326 3327
f 3328 3329 3330
f 2705 2707 3331
f 2673 3332 3333
f 2681 2683 3334
f 2683 2685 3335
f 3336 3337 3338
f 3338 3337 3339
f 3338 3339 3340
f 3340 3339 3341
f 3341 3342 3340
f 3340 3342 3343
f 3340 3343 2687
f 2687 3343 3344
f 2687 3344 2685
f 2685 3344 3345
f 2685 3345 3335
f 3335 3346 2683
f 2683 3346 3347
f 2683 3347 3334
f 3334 3347 3348
f 3349 3332 3350
f 3350 3332 2673
f 3350 2673 3351
f 3349 3352 3332
f 3332 3352 3353
f 3332 3353 3354
f 3354 3353 3355
f 3354 3355 3356
f 2681 3334 2679
f 2679 3334 3354
f 2679 3354 2677
f 2677 3354 3356
f 2677 3356 3357
f 3357 3358 2677
f 2677 3358 3359
f 2677 3359 2675
f 2675 3359 3360
f 2675 3360 2673
f 2673 3360 3361
f 2673 3361 3351
f 2667 2669 3333
f 3333 2669 2671
f 3333 2671 2673
f 3362 3363 3333
f 3333 3363 3364
f 3333 3364 2667
f 2667 3364 3365
f 2667 3365 2665
f 2665 3365 3366
f 2665 3366 2663
f 2663 3366 2709
f 2709 3366 3330
f 2709 3330 2707
f 2707 3330 3331
f 3331 3330 3329
f 3331 3329 3367
f 2705 3331 2703
f 2703 3331 3368
f 2703 3368 2701
f 2701 3368 3369
f 2701 3369 3370
f 3371 3372 2697
f 3370 3373 2701
f 2701 3373 3374
f 2701 3374 2699
f 2699 3374 3375
f 2699 3375 2697
f 2697 3375 3376
f 2697 3376 3371
f 3372 3377 3378
f 3377 3379 3378
f 3378 3379 3380
f 3378 3380 3368
f 3368 3380 3381
f 3368 3381 3369
f 3372 3378 2697
f 2697 3378 3382
f 2697 3382 2695
f 3383 3384 3382
f 3384 2691 3382
f 3382 2691 2693
f 3382 2693 2695
f 3384 3385 2691
f 2691 3385 3386
f 2691 3386 2689
f 3387 3388 3340
f 3389 3390 3391
f 3386 3392 2689
f 2689 3392 3393
f 2689 3393 2687
f 2687 3393 3394
f 2687 3394 3340
f 3340 3394 3395
f 3340 3395 3387
f 3389 3391 3388
f 3396 3397 3366
f 3398 3399 3400
f 3366 3397 3330
f 3330 3397 3401
f 3330 3401 3328
f 3402 3403 3327
f 3327 3403 3404
f 3327 3404 3405
f 3406 3407 3408
f 3408 3407 3409
f 3410 3327 3366
f 3366 3327 3405
f 3366 3405 3396
f 3364 3411 3365
f 3365 3411 3412
f 3365 3412 3366
f 3366 3412 3413
f 3366 3413 3410
f 3410 3414 3327
f 3327 3414 3415
f 3327 3415 3406
f 3388 3391 3340
f 3340 3391 3416
f 3340 3416 3417
f 3418 3419 3420
f 3420 3419 3421
f 3420 3421 3391
f 3391 3421 3422
f 3391 3422 3416
f 3423 3424 3425
f 3425 3424 3426
f 3425 3426 3420
f 3420 3426 3427
f 3420 3427 3418
f 3326 3428 3327
f 3327 3428 3398
f 3327 3398 3402
f 3402 3398 3400
f 3428 3429 3398
f 3398 3429 3430
f 3398 3430 3425
f 3425 3430 3431
f 3425 3431 3423
f 3406 3408 3327
f 3327 3408 3432
f 3327 3432 3325
f 3433 3434 3435
f 3435 3434 3436
f 3435 3436 3408
f 3408 3436 3437
f 3408 3437 3432
f 3438 3439 3440
f 3440 3439 3441
f 3440 3441 3435
f 3435 3441 3442
f 3435 3442 3433
f 3338 3443 3440
f 3440 3443 3444
f 3440 3444 3438
f 3417 3445 3340
f 3340 3445 3446
f 3340 3446 3338
f 3338 3446 3447
f 3338 3447 3443
f 3367 3399 3331
f 3331 3399 3398
f 3331 3398 3368
f 3368 3398 3425
f 3368 3425 3378
f 3378 3425 3420
f 3378 3420 3382
f 3382 3420 3391
f 3382 3391 3383
f 3383 3391 3390
f 3409 3362 3408
f 3408 3362 3333
f 3408 3333 3435
f 3435 3333 3332
f 3435 3332 3440
f 3440 3332 3354
f 3440 3354 3338
f 3338 3354 3334
f 3338 3334 3336
f 3336 3334 3348
f 3402 3448 3403
f 3403 3448 3449
f 3403 3449 3404
f 3404 3449 3450
f 3404 3450 3405
f 3405 3450 3451
f 3405 3451 3396
f 3396 3451 3452
f 3396 3452 3397
f 3397 3452 3453
f 3397 3453 3401
f 3401 3453 3454
f 3401 3454 3328
f 3328 3454 3455
f 3328 3455 3329
f 3329 3455 3456
f 3329 3456 3367
f 3367 3456 3457
f 3367 3457 3399
f 3399 3457 3458
f 3399 3458 3400
f 3400 3458 3459
f 3400 3459 3402
f 3402 3459 3448
f 3407 3460 3409
f 3409 3460 3461
f 3409 3461 3362
f 3362 3461 3462
f 3362 3462 3363
f 3363 3462 3463
f 3363 3463 3364
f 3364 3463 3464
f 3364 3464 3411
f 3411 3464 3465
f 3411 3465 3412
f 3412 3465 3466
f 3412 3466 3413
f 3413 3466 3467
f 3413 3467 3410
f 3410 3467 3468
f 3410 3468 3414
f 3414 3468 3469
f 3414 3469 3415
f 3415 3469 3470
f 3415 3470 3406
f 3406 3470 3471
f 3406 3471 3407
f 3407 3471 3460
f 3357 3472 3358
f 3358 3472 3473
f 3358 3473 3359
f 3359 3473 3474
f 3359 3474 3360
f 3360 3474 3475
f 3360 3475 3361
f 3361 3475 3476
f 3361 3476 3351
f 3351 3476 3477
f 3351 3477 3350
f 3350 3477 3478
f 3350 3478 3349
f 3349 3478 3479
f 3349 3479 3352
f 3352 3479 3480
f 3352 3480 3353
f 3353 3480 3481
f 3353 3481 3355
f 3355 3481 3482
f 3355 3482 3356
f 3356 3482 3483
f 3356 3483 3357
f 3357 3483 3472
f 3335 3484 3346
f 3346 3484 3485
f 3346 3485 3347
f 3347 3485 3486
f 3347 3486 3348
f 3348 3486 3487
f 3348 3487 3336
f 3336 3487 3488
f 3336 3488 3337
f 3337 3488 3489
f 3337 3489 3339
f 3339 3489 3490
f 3339 3490 3341
f 3341 3490 3491
f 3341 3491 3342
f 3342 3491 3492
f 3342 3492 3343
f 3343 3492 3493
f 3343 3493 3344
f 3344 3493 3494
f 3344 3494 3345
f 3345 3494 3495
f 3345 3495 3335
f 3335 3495 3484
f 3392 3496 3393
f 3393 3496 3497
f 3393 3497 3394
f 3394 3497 3498
f 3394 3498 3395
f 3395 3498 3499
f 3395 3499 3387
f 3387 3499 3500
f 3387 3500 3388
f 3388 3500 3501
f 3388 3501 3389
f 3389 3501 3502
f 3389 3502 3390
f 3390 3502 3503
f 3390 3503 3383
f 3383 3503 3504
f 3383 3504 3384
f 3384 3504 3505
f 3384 3505 3385
f 3385 3505 3506
f 3385 3506 3386
f 3386 3506 3507
f 3386 3507 3392
f 3392 3507 3496
f 3372 3508 3377
f 3377 3508 3509
f 3377 3509 3379
f 3379 3509 3510
f 3379 3510 3380
f 3380 3510 3511
f 3380 3511 3381
f 3381 3511 3512
f 3381 3512 3369
f 3369 3512 3513
f 3369 3513 3370
f 3370 3513 3514
f 3370 3514 3373
f 3373 3514 3515
f 3373 3515 3374
f 3374 3515 3516
f 3374 3516 3375
f 3375 3516 3517
f 3375 3517 3376
f 3376 3517 3518
f 3376 3518 3371
f 3371 3518 3519
f 3371 3519 3372
f 3372 3519 3508
f 3520 3521 3522
f 3522 3521 3523
f 3524 3472 3525
f 3525 3472 3483
f 3521 3526 3482
f 3482 3526 3527
f 3482 3527 3483
f 3483 3527 3528
f 3483 3528 3525
f 3482 3481 3521
f 3521 3481 3480
f 3521 3480 3523
f 3523 3480 3479
f 3523 3479 3478
f 3529 3475 3474
f 3473 3530 3474
f 3474 3530 3531
f 3474 3531 3529
f 3524 3532 3472
f 3472 3532 3533
f 3472 3533 3473
f 3473 3533 3534
f 3473 3534 3530
f 3477 3535 3478
f 3478 3535 3536
f 3478 3536 3523
f 3476 3537 3477
f 3477 3537 3538
f 3477 3538 3535
f 3529 3539 3475
f 3475 3539 3540
f 3475 3540 3541
f 3541 3542 3475
f 3475 3542 3543
f 3475 3543 3544
f 3545 3546 3475
f 3475 3546 3547
f 3475 3547 3476
f 3476 3547 3548
f 3476 3548 3537
f 3544 3549 3475
f 3475 3549 3550
f 3475 3550 3545
f 3551 3552 3553
f 3553 3552 3554
f 3554 3552 3555
f 3554 3555 3556
f 3520 3557 3521
f 3521 3557 3558
f 3521 3558 3559
f 3559 3558 3560
f 3559 3560 3561
f 3561 3560 3562
f 3561 3562 3556
f 3563 3564 3565
f 3565 3564 3566
f 3553 3567 3551
f 3551 3567 3568
f 3551 3568 3569
f 3569 3568 3565
f 3569 3565 3570
f 3570 3565 3566
f 3571 3572 3495
f 3495 3572 3484
f 3571 3495 3573
f 3573 3495 3494
f 3573 3494 3574
f 3493 3575 3494
f 3494 3575 3576
f 3494 3576 3574
f 3565 3577 3492
f 3492 3577 3578
f 3492 3578 3493
f 3493 3578 3579
f 3493 3579 3575
f 3572 3580 3484
f 3484 3580 3581
f 3484 3581 3485
f 3485 3581 3582
f 3485 3582 3583
f 3492 3491 3565
f 3565 3491 3490
f 3565 3490 3563
f 3563 3490 3489
f 3563 3489 3488
f 3485 3584 3585
f 3586 3587 3485
f 3485 3587 3588
f 3485 3588 3486
f 3588 3589 3486
f 3486 3589 3590
f 3486 3590 3487
f 3583 3591 3485
f 3485 3591 3592
f 3485 3592 3584
f 3590 3593 3487
f 3487 3593 3594
f 3487 3594 3488
f 3488 3594 3595
f 3488 3595 3563
f 3585 3596 3485
f 3485 3596 3597
f 3485 3597 3586
f 3598 3599 3600
f 3600 3599 3601
f 3602 3603 3604
f 3604 3603 3605
f 3604 3605 3606
f 3607 3608 3609
f 3609 3608 3610
f 3607 3611 3608
f 3608 3611 3612
f 3608 3612 3598
f 3598 3612 3613
f 3598 3613 3599
f 3608 3614 3502
f 3502 3614 3615
f 3502 3615 3503
f 3497 3496 3616
f 3506 3617 3618
f 3506 3618 3507
f 3507 3618 3619
f 3507 3619 3620
f 3617 3506 3621
f 3621 3506 3505
f 3621 3505 3622
f 3615 3623 3503
f 3503 3623 3624
f 3503 3624 3504
f 3502 3501 3608
f 3608 3501 3500
f 3608 3500 3610
f 3610 3500 3499
f 3610 3499 3498
f 3616 3625 3497
f 3497 3625 3626
f 3497 3626 3498
f 3498 3626 3627
f 3498 3627 3610
f 3507 3628 3629
f 3630 3631 3507
f 3507 3631 3632
f 3507 3632 3496
f 3496 3632 3633
f 3496 3633 3616
f 3620 3634 3507
f 3507 3634 3635
f 3507 3635 3628
f 3624 3636 3504
f 3504 3636 3637
f 3504 3637 3505
f 3505 3637 3638
f 3505 3638 3622
f 3629 3639 3507
f 3507 3639 3640
f 3507 3640 3630
f 3641 3513 3512
f 3508 3519 3642
f 3642 3519 3643
f 3642 3644 3508
f 3508 3644 3645
f 3508 3645 3509
f 3509 3645 3646
f 3509 3646 3510
f 3510 3646 3647
f 3510 3647 3511
f 3605 3648 3606
f 3606 3648 3641
f 3606 3641 3647
f 3647 3641 3512
f 3647 3512 3511
f 3519 3518 3643
f 3643 3518 3517
f 3643 3517 3649
f 3649 3517 3516
f 3649 3516 3650
f 3650 3516 3515
f 3650 3515 3651
f 3651 3515 3514
f 3651 3514 3652
f 3653 3654 3514
f 3513 3641 3514
f 3514 3641 3655
f 3514 3655 3653
f 3654 3656 3514
f 3514 3656 3657
f 3514 3657 3652
f 3658 3659 3649
f 3649 3659 3660
f 3649 3660 3643
f 3661 3662 3663
f 3663 3662 3664
f 3663 3664 3665
f 3665 3664 3666
f 3667 3661 3668
f 3668 3661 3663
f 3668 3663 3669
f 3669 3663 3659
f 3669 3659 3670
f 3670 3659 3658
f 3671 3450 3449
f 3672 3455 3454
f 3602 3601 3603
f 3603 3601 3599
f 3603 3599 3673
f 3673 3599 3553
f 3673 3553 3674
f 3674 3553 3554
f 3674 3554 3675
f 3675 3554 3676
f 3675 3676 3677
f 3678 3453 3679
f 3679 3453 3452
f 3680 3679 3681
f 3681 3679 3452
f 3681 3452 3671
f 3671 3452 3451
f 3671 3451 3450
f 3677 3671 3675
f 3675 3671 3449
f 3675 3449 3682
f 3682 3449 3448
f 3682 3448 3683
f 3683 3448 3459
f 3683 3459 3684
f 3684 3459 3458
f 3672 3685 3455
f 3455 3685 3686
f 3455 3686 3456
f 3456 3686 3687
f 3456 3687 3457
f 3457 3687 3688
f 3457 3688 3458
f 3458 3688 3689
f 3458 3689 3684
f 3690 3691 3672
f 3672 3691 3692
f 3693 3690 3694
f 3694 3690 3672
f 3694 3672 3678
f 3678 3672 3454
f 3678 3454 3453
f 3695 3696 3697
f 3697 3696 3672
f 3697 3672 3698
f 3698 3672 3699
f 3699 3672 3692
f 3699 3692 3700
f 3460 3701 3702
f 3702 3701 3703
f 3702 3703 3704
f 3704 3703 3705
f 3704 3705 3706
f 3706 3705 3554
f 3706 3554 3707
f 3707 3554 3556
f 3707 3556 3708
f 3708 3556 3562
f 3460 3471 3701
f 3701 3471 3470
f 3701 3470 3709
f 3709 3470 3469
f 3468 3710 3469
f 3469 3710 3711
f 3469 3711 3709
f 3462 3461 3712
f 3702 3713 3460
f 3460 3713 3714
f 3460 3714 3461
f 3461 3714 3715
f 3461 3715 3712
f 3716 3717 3463
f 3463 3717 3464
f 3717 3718 3464
f 3464 3718 3719
f 3464 3719 3465
f 3465 3719 3720
f 3465 3720 3466
f 3466 3720 3721
f 3466 3721 3467
f 3467 3721 3722
f 3467 3722 3468
f 3468 3722 3723
f 3468 3723 3710
f 3712 3724 3462
f 3462 3724 3725
f 3462 3725 3463
f 3463 3725 3726
f 3463 3726 3716
f 3727 3728 3729
f 3730 3731 3732
f 3732 3731 3733
f 3732 3733 3734
f 3734 3733 3735
f 3736 3730 3737
f 3737 3730 3732
f 3737 3732 3720
f 3720 3732 3738
f 3720 3738 3721
f 3721 3738 3739
f 3721 3739 3729
f 3729 3739 3740
f 3729 3740 3727
f 2640 2639 3741
f 3741 2639 3742
f 3743 3744 3317
f 3317 3744 3132
f 2659 2658 3745
f 3745 2658 3746
f 3747 3748 3303
f 3303 3748 3058
f 2562 2561 3749
f 3749 2561 3750
f 3751 3752 3290
f 3290 3752 3064
f 2582 2581 3753
f 3753 2581 3754
f 3755 3756 3277
f 3277 3756 3092
f 2602 2601 3757
f 3757 2601 3758
f 3759 3760 3263
f 3263 3760 3121
f 2621 2620 3761
f 3761 2620 3762
f 3763 3764 3251
f 3251 3764 3126
f 3764 3763 3765
f 3765 3763 3766
f 3765 3766 3767
f 3767 3766 3768
f 3767 3768 3769
f 3769 3768 3770
f 3769 3770 3762
f 3762 3770 3761
f 3760 3759 3771
f 3771 3759 3772
f 3771 3772 3773
f 3773 3772 3774
f 3773 3774 3775
f 3775 3774 3776
f 3775 3776 3758
f 3758 3776 3757
f 3756 3755 3777
f 3777 3755 3778
f 3777 3778 3779
f 3779 3778 3780
f 3779 3780 3781
f 3781 3780 3782
f 3781 3782 3754
f 3754 3782 3753
f 3752 3751 3783
f 3783 3751 3784
f 3783 3784 3785
f 3785 3784 3786
f 3785 3786 3787
f 3787 3786 3788
f 3787 3788 3750
f 3750 3788 3749
f 3748 3747 3789
f 3789 3747 3790
f 3789 3790 3791
f 3791 3790 3792
f 3791 3792 3793
f 3793 3792 3794
f 3793 3794 3746
f 3746 3794 3745
f 3744 3743 3795
f 3795 3743 3796
f 3795 3796 3797
f 3797 3796 3798
f 3797 3798 3799
f 3799 3798 3800
f 3799 3800 3742
f 3742 3800 3741
f 2967 3064 2968
f 2968 3064 3752
f 3074 3085 2581
f 2567 2566 2837
f 2581 2580 3074
f 3074 2580 2575
f 3074 2575 3070
f 3070 2575 2574
f 3070 2574 3072
f 3072 2574 2567
f 3072 2567 3073
f 3073 2567 2837
f 2968 3752 2982
f 2982 3752 3783
f 2982 3783 2983
f 2983 3783 3785
f 2983 3785 2984
f 2984 3785 3787
f 2984 3787 2966
f 2966 3787 3750
f 3087 3754 3085
f 3085 3754 2581
f 2561 2981 3750
f 3750 2981 2966
f 3086 3756 3088
f 3088 3756 3777
f 3088 3777 3089
f 3089 3777 3779
f 3089 3779 3090
f 3090 3779 3781
f 3090 3781 3087
f 3087 3781 3754
f 2980 2981 2561
f 2547 2546 2958
f 2561 2560 2980
f 2980 2560 2555
f 2980 2555 2972
f 2972 2555 2554
f 2972 2554 2962
f 2962 2554 2547
f 2962 2547 2960
f 2960 2547 2958
f 3084 3092 3086
f 3086 3092 3756
f 3748 2957 3058
f 3058 2957 2943
f 3103 3117 2601
f 2587 2586 3107
f 2601 2600 3103
f 3103 2600 2595
f 3103 2595 3097
f 3097 2595 2594
f 3097 2594 3099
f 3099 2594 2587
f 3099 2587 3104
f 3104 2587 3107
f 2957 3748 2956
f 2956 3748 3789
f 2956 3789 2954
f 2954 3789 3791
f 2954 3791 2955
f 2955 3791 3793
f 2955 3793 2944
f 2944 3793 3746
f 3114 3758 3117
f 3117 3758 2601
f 2658 2950 3746
f 3746 2950 2944
f 3118 3760 3119
f 3119 3760 3771
f 3119 3771 3112
f 3112 3771 3773
f 3112 3773 3113
f 3113 3773 3775
f 3113 3775 3114
f 3114 3775 3758
f 2949 2950 2658
f 2646 2645 2934
f 2658 2657 2949
f 2949 2657 2655
f 2949 2655 2940
f 2940 2655 2652
f 2940 2652 2938
f 2938 2652 2646
f 2938 2646 2936
f 2936 2646 2934
f 3116 3121 3118
f 3118 3121 3760
f 3744 3041 3132
f 3132 3041 3018
f 3008 3009 2620
f 2608 2607 2818
f 2620 2619 3008
f 3008 2619 2614
f 3008 2614 2999
f 2999 2614 2613
f 2999 2613 2993
f 2993 2613 2608
f 2993 2608 2991
f 2991 2608 2818
f 3041 3744 3040
f 3040 3744 3795
f 3040 3795 3038
f 3038 3795 3797
f 3038 3797 3039
f 3039 3797 3799
f 3039 3799 3019
f 3019 3799 3742
f 2996 3762 3009
f 3009 3762 2620
f 2639 3031 3742
f 3742 3031 3019
f 3013 3764 3012
f 3012 3764 3765
f 3012 3765 3010
f 3010 3765 3767
f 3010 3767 3011
f 3011 3767 3769
f 3011 3769 2996
f 2996 3769 3762
f 3030 3031 2639
f 2627 2626 3020
f 2639 2638 3030
f 3030 2638 2636
f 3030 2636 3028
f 3028 2636 2633
f 3028 2633 3024
f 3024 2633 2627
f 3024 2627 3022
f 3022 2627 3020
f 2995 3126 3013
f 3013 3126 3764
f 3219 3801 3153
f 3153 3801 3802
f 3153 3802 3154
f 3154 3802 3803
f 3804 3200 3805
f 3805 3200 3233
f 3806 3204 3807
f 3807 3204 3199
f 3144 3808 3143
f 3143 3808 3809
f 3143 3809 3215
f 3215 3809 3810
f 3160 3811 3159
f 3159 3811 3812
f 3159 3812 3220
f 3220 3812 3813
f 3208 3814 3145
f 3145 3814 3815
f 3145 3815 3146
f 3146 3815 3816
f 3817 3226 3818
f 3818 3226 3224
f 3152 3819 3151
f 3151 3819 3820
f 3151 3820 3209
f 3209 3820 3821
f 3216 3822 3137
f 3137 3822 3823
f 3137 3823 3138
f 3138 3823 3824
f 3825 3231 3826
f 3826 3231 3229
f 2788 2787 3827
f 3827 2787 3206
f 3827 3206 3828
f 3828 3206 3205
f 3828 3205 3806
f 3806 3205 3204
f 3215 3810 3829
f 3215 3829 3198
f 3807 3199 3830
f 3830 3199 3198
f 3830 3198 3831
f 3831 3198 3829
f 2774 2773 3832
f 2774 3832 3235
f 3805 3233 3833
f 3833 3233 3235
f 3833 3235 3834
f 3834 3235 3832
f 3801 3219 3835
f 3835 3219 3218
f 3835 3218 3836
f 3836 3218 3201
f 3836 3201 3804
f 3804 3201 3200
f 3220 3813 3837
f 3220 3837 3222
f 3818 3224 3838
f 3838 3224 3222
f 3838 3222 3839
f 3839 3222 3837
f 3814 3208 3840
f 3840 3208 3207
f 3840 3207 3841
f 3841 3207 3227
f 3841 3227 3817
f 3817 3227 3226
f 3209 3821 3842
f 3209 3842 3228
f 3826 3229 3843
f 3843 3229 3228
f 3843 3228 3844
f 3844 3228 3842
f 3822 3216 3845
f 3845 3216 3214
f 3845 3214 3846
f 3846 3214 3232
f 3846 3232 3825
f 3825 3232 3231
f 3847 2921 3848
f 3848 2921 2920
f 2645 2644 2934
f 2934 2644 3849
f 2934 3849 2920
f 2920 3849 3850
f 2920 3850 3848
f 3851 3311 3133
f 3852 3853 3016
f 3016 3853 3854
f 3854 3855 3016
f 3016 3855 3851
f 3016 3851 3025
f 3025 3851 3133
f 3856 2926 3857
f 3857 2926 2925
f 2626 2625 3020
f 3020 2625 3858
f 3020 3858 2925
f 2925 3858 3859
f 2925 3859 3857
f 3860 3246 3127
f 3861 3862 2987
f 2987 3862 3863
f 3863 3864 2987
f 2987 3864 3860
f 2987 3860 3004
f 3004 3860 3127
f 3865 3866 3867
f 3867 3866 3868
f 3867 3868 3869
f 3870 3871 3872
f 3872 3871 3873
f 3872 3873 3874
f 3875 2545 2543
f 3876 2541 3877
f 3877 2541 2126
f 3877 2126 3878
f 3108 3107 2586
f 3876 3879 2541
f 2541 3879 3880
f 2541 3880 3881
f 2586 2588 3108
f 3108 2588 2541
f 3108 2541 3882
f 3882 2541 3881
f 3883 3884 2544
f 3093 3079 3271
f 3271 3079 3078
f 3271 3078 2544
f 2544 3078 3885
f 2544 3885 3883
f 3884 3886 2544
f 2544 3886 3887
f 2544 3887 2111
f 2111 3887 3888
f 2111 3888 3889
f 2542 3890 2543
f 3891 3892 3893
f 3893 3892 3894
f 3893 3894 3895
f 3896 2916 3897
f 3897 2916 2915
f 2546 2548 2958
f 2958 2548 3898
f 2958 3898 2915
f 2915 3898 3899
f 2915 3899 3897
f 3900 3299 3059
f 3901 3902 2931
f 2931 3902 3903
f 3903 3904 2931
f 2931 3904 3900
f 2931 3900 2945
f 2945 3900 3059
f 3905 3906 3907
f 3907 3906 3908
f 3909 3910 3911
f 3911 3910 3912
f 3913 3914 2930
f 2930 3914 3901
f 2930 3901 2931
f 3915 3916 2986
f 2986 3916 3861
f 2986 3861 2987
f 3917 3918 3015
f 3015 3918 3852
f 3015 3852 3016
f 3919 3920 3921
f 3921 3920 3922
f 3923 3924 3925
f 3925 3924 3926
f 3927 3928 3929
f 3929 3928 3930
f 3931 3932 3933
f 3933 3932 3934
f 3935 3936 3937
f 3937 3936 3938
f 3939 3940 3941
f 3941 3940 3942
f 3053 3941 3055
f 3055 3941 3942
f 3043 3933 3045
f 3045 3933 3934
f 3924 3923 3048
f 3048 3923 3050
f 3910 3909 3893
f 3893 3909 3891
f 3907 3908 3867
f 3867 3908 3865
f 3809 3808 3943
f 3809 3943 3944
f 3944 3943 3945
f 3944 3945 3946
f 3946 3945 3947
f 3947 3945 3916
f 3947 3916 3915
f 2986 2985 3915
f 3915 2985 3948
f 3944 3946 3948
f 3948 3946 3947
f 3948 3947 3915
f 3948 3949 3944
f 3944 3949 3810
f 3944 3810 3809
f 3000 3950 3951
f 3950 3952 3953
f 3952 3807 3830
f 3952 3830 3953
f 3953 3830 3831
f 3953 3831 3954
f 3954 3831 3829
f 3954 3829 3955
f 3955 3829 3810
f 3955 3810 3949
f 3950 3953 3951
f 3951 3953 3954
f 3951 3954 3956
f 3956 3954 3955
f 3956 3955 3957
f 3957 3955 3949
f 3957 3949 3948
f 3000 3951 3001
f 3001 3951 3956
f 3001 3956 3002
f 3002 3956 3957
f 3002 3957 3003
f 3003 3957 3948
f 3003 3948 2985
f 3806 3807 3952
f 3806 3952 3958
f 3958 3952 3950
f 3958 3950 3959
f 3959 3950 3000
f 3959 3000 2998
f 2788 3827 3960
f 3960 3827 3961
f 3960 3961 3962
f 3962 3961 3963
f 3962 3963 2990
f 2990 3963 2992
f 3827 3828 3961
f 3961 3828 3964
f 3961 3964 3963
f 3963 3964 3965
f 3963 3965 2992
f 2992 3965 2997
f 3828 3806 3964
f 3964 3806 3958
f 3964 3958 3965
f 3965 3958 3959
f 3965 3959 2997
f 2997 3959 2998
f 2790 2788 3966
f 3966 2788 3960
f 3966 3960 3967
f 3967 3960 3962
f 3967 3962 3968
f 3968 3962 2990
f 3968 2990 2989
f 2775 3969 2773
f 2773 3969 3970
f 3969 3971 3970
f 3970 3971 3972
f 3970 3972 3973
f 3972 3974 3973
f 3973 3974 2965
f 3973 2965 2963
f 2973 3975 3976
f 3975 3977 3978
f 3977 3805 3833
f 3977 3833 3978
f 3978 3833 3834
f 3978 3834 3979
f 3979 3834 3832
f 3979 3832 3980
f 3980 3832 2773
f 3980 2773 3970
f 3975 3978 3976
f 3976 3978 3979
f 3976 3979 3981
f 3981 3979 3980
f 3981 3980 3982
f 3982 3980 3970
f 3982 3970 3973
f 2973 3976 2974
f 2974 3976 3981
f 2974 3981 2975
f 2975 3981 3982
f 2975 3982 2976
f 2976 3982 3973
f 2976 3973 2963
f 3804 3805 3977
f 3804 3977 3983
f 3983 3977 3975
f 3983 3975 3984
f 3984 3975 2973
f 3984 2973 2971
f 3801 3835 3985
f 3985 3835 3986
f 3985 3986 3987
f 3987 3986 3988
f 3987 3988 2959
f 2959 3988 2961
f 3835 3836 3986
f 3986 3836 3989
f 3986 3989 3988
f 3988 3989 3990
f 3988 3990 2961
f 2961 3990 2970
f 3836 3804 3989
f 3989 3804 3983
f 3989 3983 3990
f 3990 3983 3984
f 3990 3984 2970
f 2970 3984 2971
f 2919 2918 3991
f 3991 2918 3992
f 3991 3992 3993
f 3993 3992 3994
f 3993 3994 3995
f 3995 3994 3803
f 3995 3803 3802
f 3801 3985 3802
f 3802 3985 3995
f 3995 3985 3993
f 3993 3985 3987
f 3993 3987 3991
f 3991 3987 2919
f 2919 3987 2959
f 2919 2959 2917
f 3812 3811 3996
f 3812 3996 3997
f 3997 3996 3998
f 3997 3998 3999
f 3999 3998 4000
f 4000 3998 3914
f 4000 3914 3913
f 2930 2932 3913
f 3913 2932 4001
f 3997 3999 4001
f 4001 3999 4000
f 4001 4000 3913
f 4001 4002 3997
f 3997 4002 3813
f 3997 3813 3812
f 2953 4003 4004
f 4003 4005 4006
f 4005 3818 3838
f 4005 3838 4006
f 4006 3838 3839
f 4006 3839 4007
f 4007 3839 3837
f 4007 3837 4008
f 4008 3837 3813
f 4008 3813 4002
f 4003 4006 4004
f 4004 4006 4007
f 4004 4007 4009
f 4009 4007 4008
f 4009 4008 4010
f 4010 4008 4002
f 4010 4002 4001
f 2953 4004 2941
f 2941 4004 4009
f 2941 4009 2939
f 2939 4009 4010
f 2939 4010 2933
f 2933 4010 4001
f 2933 4001 2932
f 3817 3818 4005
f 3817 4005 4011
f 4011 4005 4003
f 4011 4003 4012
f 4012 4003 2953
f 4012 2953 2952
f 3814 3840 4013
f 4013 3840 4014
f 4013 4014 4015
f 4015 4014 4016
f 4015 4016 2935
f 2935 4016 2937
f 3840 3841 4014
f 4014 3841 4017
f 4014 4017 4016
f 4016 4017 4018
f 4016 4018 2937
f 2937 4018 2951
f 3841 3817 4017
f 4017 3817 4011
f 4017 4011 4018
f 4018 4011 4012
f 4018 4012 2951
f 2951 4012 2952
f 2924 2923 4019
f 4019 2923 4020
f 4019 4020 4021
f 4021 4020 4022
f 4021 4022 4023
f 4023 4022 3816
f 4023 3816 3815
f 3814 4013 3815
f 3815 4013 4023
f 4023 4013 4021
f 4021 4013 4015
f 4021 4015 4019
f 4019 4015 2924
f 2924 4015 2935
f 2924 2935 2922
f 2929 2928 4024
f 4024 2928 4025
f 4024 4025 4026
f 4026 4025 4027
f 4026 4027 4028
f 4028 4027 3824
f 4028 3824 3823
f 3823 3822 4029
f 3021 2927 2929
f 3021 2929 4030
f 2929 4024 4030
f 4030 4024 4026
f 4030 4026 4029
f 4029 4026 4028
f 4029 4028 3823
f 3822 3845 4029
f 4029 3845 4031
f 4029 4031 4030
f 4030 4031 4032
f 4030 4032 3021
f 3021 4032 3023
f 3845 3846 4031
f 4031 3846 4033
f 4031 4033 4032
f 4032 4033 4034
f 4032 4034 3023
f 3023 4034 3032
f 3846 3825 4033
f 4033 3825 4035
f 4033 4035 4034
f 4034 4035 4036
f 4034 4036 3032
f 3032 4036 3033
f 3825 3826 4037
f 3825 4037 4035
f 4035 4037 4038
f 4035 4038 4036
f 4036 4038 3034
f 4036 3034 3033
f 3034 4038 4039
f 4038 4037 4040
f 4037 3826 3843
f 4037 3843 4040
f 4040 3843 3844
f 4040 3844 4041
f 4041 3844 3842
f 4041 3842 4042
f 4042 3842 3821
f 4042 3821 4043
f 4038 4040 4039
f 4039 4040 4041
f 4039 4041 4044
f 4044 4041 4042
f 4044 4042 4045
f 4045 4042 4043
f 4045 4043 4046
f 3034 4039 3035
f 3035 4039 4044
f 3035 4044 3036
f 3036 4044 4045
f 3036 4045 3037
f 3037 4045 4046
f 3037 4046 3014
f 3820 3819 4047
f 3820 4047 4048
f 4048 4047 4049
f 4048 4049 4050
f 4050 4049 4051
f 4051 4049 3918
f 4051 3918 3917
f 3015 3014 3917
f 3917 3014 4046
f 4048 4050 4046
f 4046 4050 4051
f 4046 4051 3917
f 4046 4043 4048
f 4048 4043 3821
f 4048 3821 3820
f 3974 3972 4052
f 3971 3969 4053
f 4053 3969 2775
f 2716 4054 4055
f 4055 4054 4056
f 4055 4056 4057
f 4057 4056 4058
f 4057 4058 4052
f 4052 4058 4059
f 4052 4059 3974
f 3974 4059 2965
f 3972 3971 4052
f 4052 3971 4053
f 4052 4053 4057
f 4057 4053 4060
f 4057 4060 4055
f 4055 4060 4061
f 4055 4061 2716
f 2775 2881 4053
f 4053 2881 2883
f 4053 2883 4060
f 4060 2883 2884
f 4060 2884 4061
f 4061 2884 2886
f 4061 2886 2716
f 2849 2964 4062
f 2849 4062 2851
f 2851 4062 4063
f 2851 4063 2852
f 2852 4063 2854
f 2854 4063 4064
f 2854 4064 2856
f 2856 4064 2865
f 2865 4064 2714
f 2865 2714 2712
f 2716 2714 4054
f 4054 2714 4064
f 4054 4064 4056
f 4056 4064 4063
f 4056 4063 4058
f 4058 4063 4062
f 4058 4062 4059
f 4059 4062 2964
f 4059 2964 2965
f 2722 2720 4065
f 2722 4065 2809
f 2809 4065 4066
f 2809 4066 2811
f 2811 4066 2813
f 2813 4066 4067
f 2813 4067 2814
f 2814 4067 2819
f 2819 4067 2988
f 2819 2988 2817
f 2989 2988 4068
f 4068 2988 4067
f 4068 4067 4069
f 4069 4067 4066
f 4069 4066 4070
f 4070 4066 4065
f 2718 4071 2720
f 2720 4071 4072
f 2720 4072 4065
f 4065 4072 4073
f 4065 4073 4070
f 4074 4075 2874
f 4068 4076 2989
f 4075 4074 4070
f 3968 2989 4077
f 4077 2989 4076
f 4077 4076 4078
f 4079 3966 3967
f 2790 3966 2880
f 2880 3966 4079
f 2880 4079 2879
f 2874 4072 4071
f 2718 2874 4071
f 4070 4073 4075
f 4075 4073 4072
f 4075 4072 2874
f 3968 4077 3967
f 3967 4077 4078
f 3967 4078 4079
f 4079 4078 4080
f 4079 4080 2879
f 2874 2876 4080
f 4080 2876 2877
f 4080 2877 2879
f 4068 4069 4076
f 4076 4069 4081
f 4076 4081 4078
f 4078 4081 4082
f 4078 4082 4080
f 4080 4082 2874
f 4069 4070 4081
f 4081 4070 4074
f 4081 4074 4082
f 4082 4074 2874
f 4083 2015 2017
f 3879 3876 4084
f 4085 4084 4086
f 4086 4084 3876
f 4086 3876 4087
f 4085 4088 4084
f 4084 4088 4089
f 4084 4089 4090
f 4091 4092 3878
f 3878 4092 4093
f 3878 4093 3877
f 3877 4093 4094
f 3877 4094 3876
f 3876 4094 4095
f 3876 4095 4087
f 3882 3881 4096
f 4096 3881 3880
f 4096 3880 3879
f 3109 3108 3882
f 4097 2829 2828
f 2833 2832 4098
f 4098 2832 2830
f 2833 4098 2822
f 2822 4098 2101
f 2822 2101 2103
f 2538 4099 2540
f 2540 4099 4084
f 2540 4084 4091
f 4091 4084 4090
f 4091 4090 4092
f 4099 4100 4084
f 4084 4100 4101
f 4084 4101 4102
f 4102 4101 4083
f 3882 4096 3109
f 3109 4096 4103
f 3109 4103 3110
f 3110 4103 4104
f 3110 4104 3111
f 3111 4104 4105
f 3111 4105 3105
f 3105 4105 4106
f 3105 4106 3106
f 3106 4106 4097
f 3106 4097 3098
f 3098 4097 2828
f 3098 2828 2826
f 3879 4084 4096
f 4096 4084 4102
f 4096 4102 4103
f 4103 4102 4107
f 4103 4107 4104
f 4104 4107 4108
f 4104 4108 4105
f 4105 4108 4109
f 4105 4109 4106
f 4106 4109 4098
f 4106 4098 4097
f 4097 4098 2830
f 4097 2830 2829
f 4083 2017 4102
f 4102 2017 2002
f 4102 2002 4107
f 4107 2002 2000
f 4107 2000 4108
f 4108 2000 1983
f 4108 1983 4109
f 4109 1983 1982
f 4109 1982 4098
f 4098 1982 1985
f 4098 1985 2101
f 4110 3076 3075
f 4111 2839 2838
f 2845 2844 4112
f 4112 2844 2843
f 4112 2843 2841
f 3078 3082 3885
f 3885 3082 4113
f 3887 3886 4114
f 4114 3886 3884
f 4114 3884 4113
f 4113 3884 3883
f 4113 3883 3885
f 4115 4116 4114
f 4114 4117 4118
f 4114 4118 4115
f 4116 4119 4114
f 4114 4119 4120
f 4114 4120 3887
f 3887 4120 4121
f 2025 2030 4122
f 4122 2030 4123
f 4124 4125 4114
f 4114 4125 4126
f 4114 4126 2122
f 4121 4127 3887
f 3887 4127 4128
f 3887 4128 3888
f 3888 4128 4129
f 3888 4129 3889
f 3889 4129 4117
f 3889 4117 4130
f 4130 4117 4114
f 4130 4114 2121
f 2121 4114 2122
f 3077 3076 4131
f 4131 3076 4110
f 4131 4110 4132
f 3082 3081 4113
f 4113 3081 4133
f 4113 4133 4114
f 4114 4133 4122
f 4114 4122 4124
f 4124 4122 4123
f 4134 4112 4111
f 4111 4112 2841
f 4111 2841 2839
f 3081 3071 4133
f 4133 3071 4135
f 4133 4135 4122
f 4122 4135 4136
f 4122 4136 2025
f 2025 4136 2040
f 3071 3077 4135
f 4135 3077 4131
f 4135 4131 4136
f 4136 4131 4132
f 4136 4132 2040
f 2040 4132 2042
f 4134 2064 2031
f 2836 2845 3075
f 3075 2845 4112
f 3075 4112 4110
f 4110 4112 4134
f 4110 4134 4132
f 4132 4134 2031
f 4132 2031 2042
f 2064 4134 2055
f 2055 4134 4111
f 2055 4111 2100
f 2100 4111 2838
f 2100 2838 2098
f 4137 2649 2648
f 2648 4138 4137
f 4137 4138 4139
f 4137 4139 4140
f 4137 4141 2649
f 2649 4141 4142
f 2649 4142 2650
f 2650 4142 4143
f 2650 4143 2644
f 2644 4143 4144
f 2644 4144 3849
f 3046 3045 4145
f 4145 3045 4146
f 4145 4146 4147
f 4147 4146 4140
f 4147 4140 4148
f 4148 4140 4139
f 3045 3934 4146
f 4146 3934 4149
f 4146 4149 4140
f 4150 4141 4149
f 4149 4141 4137
f 4149 4137 4140
f 3849 4144 3850
f 3850 4144 4143
f 3850 4143 4150
f 4150 4143 4142
f 4150 4142 4141
f 3848 3850 4150
f 3848 4150 4151
f 4151 4150 4149
f 4151 4149 4152
f 4152 4149 3934
f 4152 3934 3932
f 3847 3848 4153
f 3847 4153 4154
f 4154 4153 4155
f 4154 4155 4156
f 4156 4155 3930
f 4156 3930 3928
f 3930 4155 4157
f 3848 4151 4158
f 4155 4159 4157
f 4157 4159 4158
f 4157 4158 4160
f 4160 4158 4151
f 4160 4151 4152
f 3930 4157 4161
f 4161 4157 4160
f 4161 4160 4162
f 4162 4160 4152
f 4162 4152 3932
f 4159 3848 4158
f 4155 4153 4159
f 4159 4153 3848
f 3929 3930 4161
f 3929 4161 4163
f 4163 4161 4162
f 4163 4162 4164
f 4164 4162 3932
f 4164 3932 3931
f 3854 3853 4165
f 3854 4165 4166
f 4166 4165 4167
f 4166 4167 4168
f 4168 4167 4169
f 4168 4169 4170
f 4170 4169 3927
f 4170 3927 3929
f 4171 4172 3854
f 4171 3854 4173
f 4166 4173 3854
f 4174 4164 3931
f 3929 4163 4170
f 4170 4163 4175
f 4170 4175 4168
f 4168 4175 4176
f 4168 4176 4166
f 4163 4164 4175
f 4175 4164 4174
f 4175 4174 4176
f 4176 4174 4177
f 3931 4178 4174
f 4174 4178 4179
f 4174 4179 4177
f 4177 4179 4180
f 4177 4180 4181
f 4166 4176 4173
f 4173 4176 4177
f 4173 4177 4171
f 4171 4177 4181
f 4171 4181 4172
f 3931 3933 4178
f 4178 3933 4182
f 4178 4182 4179
f 4179 4182 4180
f 4180 4182 4183
f 4180 4183 4181
f 4181 4183 4172
f 4172 4183 3855
f 4172 3855 3854
f 3316 3315 4184
f 3043 3042 4185
f 4185 3042 4186
f 4185 4186 4187
f 4187 4186 4188
f 4187 4188 4184
f 4184 4188 4189
f 4184 4189 3316
f 3851 4190 3311
f 3311 4190 4191
f 3311 4191 3312
f 3312 4191 4192
f 3312 4192 3315
f 3315 4192 4193
f 3315 4193 4184
f 4190 3851 3855
f 4182 4187 4184
f 4182 4184 4183
f 4184 4193 4183
f 4183 4193 4192
f 4183 4192 3855
f 3855 4192 4191
f 3855 4191 4190
f 3933 3043 4182
f 4182 3043 4185
f 4182 4185 4187
f 4194 3898 2548
f 4195 2552 2553
f 2553 4196 4195
f 4195 4196 4197
f 4195 4197 4198
f 4195 4199 2552
f 2552 4199 4200
f 2552 4200 2550
f 2550 4200 4201
f 2550 4201 2548
f 2548 4201 4202
f 2548 4202 4194
f 3056 3055 4203
f 4203 3055 4204
f 4203 4204 4205
f 4205 4204 4198
f 4205 4198 4206
f 4206 4198 4197
f 3055 3942 4207
f 4208 4199 4209
f 4209 4199 4195
f 4209 4195 4210
f 4210 4195 4198
f 4210 4198 4207
f 4207 4198 4204
f 4207 4204 3055
f 3898 4194 3899
f 3899 4194 4202
f 3899 4202 4211
f 4211 4202 4201
f 4211 4201 4208
f 4208 4201 4200
f 4208 4200 4199
f 3897 3899 4211
f 3897 4211 4212
f 4212 4211 4208
f 4212 4208 4213
f 4213 4208 4209
f 4213 4209 4214
f 3942 3940 4207
f 4207 3940 4214
f 4207 4214 4210
f 4210 4214 4209
f 3896 3897 4215
f 3896 4215 4216
f 4215 4217 4216
f 4216 4217 4218
f 4216 4218 4219
f 4219 4218 3938
f 4219 3938 3936
f 4218 4217 4220
f 4221 4222 4220
f 4220 4222 4218
f 4218 4223 4224
f 4225 4226 4227
f 4228 4229 4225
f 4225 4229 4224
f 4225 4224 4226
f 4213 4230 4212
f 4212 4230 4215
f 4212 4215 3897
f 4224 4223 4226
f 4226 4223 4231
f 4226 4231 4227
f 4227 4231 4232
f 4227 4232 3940
f 4229 4218 4224
f 4228 3938 4229
f 4229 3938 4218
f 4217 4215 4220
f 4220 4215 4230
f 4220 4230 4221
f 4221 4230 4213
f 4221 4213 4233
f 4233 4213 4214
f 4214 3940 4233
f 4233 3940 4232
f 4233 4232 4221
f 4221 4232 4231
f 4221 4231 4222
f 4222 4231 4223
f 4222 4223 4218
f 3937 3938 4234
f 4234 3938 4228
f 4234 4228 4235
f 4235 4228 4225
f 4235 4225 4236
f 4236 4225 4237
f 4237 4225 4227
f 4237 4227 4238
f 4238 4227 4239
f 4239 4227 3940
f 4239 3940 3939
f 3903 3902 4240
f 3903 4240 4241
f 4241 4240 4242
f 4241 4242 4243
f 4243 4242 4244
f 4243 4244 4245
f 4245 4244 3935
f 4245 3935 3937
f 3903 4241 4246
f 3939 4247 4248
f 4248 4247 4249
f 4248 4249 4250
f 4250 4249 4251
f 4250 4251 4246
f 4246 4251 4252
f 4246 4252 3903
f 4238 4239 4253
f 4253 4239 3939
f 4238 4253 4237
f 4237 4253 4254
f 4237 4254 4236
f 4236 4255 4235
f 4235 4255 4256
f 4235 4256 4234
f 4234 4256 4245
f 4234 4245 3937
f 4236 4254 4255
f 4255 4254 4257
f 4255 4257 4256
f 4256 4257 4243
f 4256 4243 4245
f 3939 4248 4253
f 4253 4248 4250
f 4253 4250 4254
f 4254 4250 4246
f 4254 4246 4257
f 4257 4246 4241
f 4257 4241 4243
f 3941 4258 3939
f 3939 4258 4247
f 4247 4258 4249
f 4249 4258 4259
f 4249 4259 4251
f 4251 4259 4252
f 4252 4259 3904
f 4252 3904 3903
f 4260 4261 4262
f 4262 4261 4263
f 4260 4264 4261
f 4261 4264 4265
f 4261 4265 4266
f 4266 4265 4267
f 4266 4267 4268
f 4268 4267 3053
f 4268 3053 3052
f 4263 3302 4262
f 4262 3302 3301
f 4262 3301 4269
f 4269 3301 3299
f 4269 3299 4270
f 4270 3299 3900
f 4270 3900 3904
f 4258 4265 4264
f 4258 4264 4259
f 4264 4260 4259
f 4259 4260 4262
f 4259 4262 3904
f 3904 4262 4269
f 3904 4269 4270
f 3941 3053 4258
f 4258 3053 4267
f 4258 4267 4265
f 3866 3865 4271
f 2609 4272 4273
f 4273 4272 4274
f 2609 4273 2610
f 2610 4273 2812
f 2610 2812 2606
f 4272 4275 4274
f 4274 4275 4276
f 4274 4276 4271
f 4271 4276 4277
f 4271 4277 3866
f 3865 3908 4271
f 4271 3908 4278
f 4271 4278 4274
f 4274 4278 4279
f 2810 2812 4279
f 4279 2812 4273
f 4279 4273 4274
f 2808 2810 4280
f 4280 2810 4279
f 4280 4279 4281
f 4281 4279 4278
f 4281 4278 4282
f 4282 4278 3908
f 4282 3908 3906
f 4283 2867 2890
f 4283 2890 4284
f 4285 4284 2890
f 4286 4285 2890
f 4287 4288 3906
f 3906 4288 4289
f 3906 4289 4282
f 4290 4280 4281
f 4290 4281 4291
f 4292 4293 4287
f 4287 4293 4294
f 4287 4294 4288
f 4288 4294 4291
f 4288 4291 4289
f 4289 4291 4281
f 4289 4281 4282
f 2890 2889 4295
f 4295 2889 2887
f 4286 2890 4295
f 2808 4280 2887
f 2887 4280 4290
f 2887 4290 4295
f 4295 4290 4291
f 4295 4291 4286
f 4286 4291 4294
f 4286 4294 4285
f 4285 4294 4293
f 4285 4293 4284
f 4284 4293 4292
f 4284 4292 4283
f 4283 4292 4296
f 4283 4296 2867
f 4297 4298 3262
f 4298 4297 4299
f 4299 4297 4300
f 4299 4300 4301
f 4301 4300 4302
f 4301 4302 4303
f 4303 4302 3867
f 4303 3867 3869
f 3262 3261 4297
f 4297 3261 2825
f 4297 2825 2827
f 4304 4287 4305
f 4305 4287 3906
f 4305 3906 3905
f 4304 4306 4287
f 4287 4306 4307
f 4287 4307 4292
f 4292 4307 4308
f 4292 4308 4296
f 4296 4308 4309
f 4296 4309 2867
f 2867 4309 2869
f 2827 2831 4297
f 4297 2831 4310
f 3907 3867 4311
f 4311 3867 4302
f 4311 4302 4310
f 4310 4302 4300
f 4310 4300 4297
f 4307 4312 4308
f 3905 4313 4314
f 4313 3905 4315
f 4316 4317 4318
f 4318 4317 2821
f 4306 4304 4314
f 4314 4304 4305
f 4314 4305 3905
f 4312 4307 4319
f 4315 4320 4313
f 4313 4320 4321
f 4313 4321 4314
f 4314 4321 4319
f 4314 4319 4306
f 4306 4319 4307
f 2821 2892 4318
f 4318 2892 2894
f 4318 2894 4322
f 4320 4316 4321
f 4321 4316 4318
f 4321 4318 4319
f 4319 4318 4322
f 4319 4322 4312
f 4312 4322 4323
f 4312 4323 4308
f 4308 4323 4309
f 2869 4309 2898
f 2898 4309 4323
f 2898 4323 2897
f 2897 4323 4322
f 2897 4322 2895
f 2895 4322 2894
f 2821 4317 2831
f 2831 4317 4310
f 4317 4316 4310
f 4310 4316 4320
f 4310 4320 4311
f 4320 4315 4311
f 4311 4315 3905
f 4311 3905 3907
f 4324 4325 4326
f 4324 4326 4327
f 4325 4324 2629
f 2629 4324 4328
f 2629 4328 2630
f 2630 4328 4329
f 2630 4329 2631
f 2631 4329 3858
f 2631 3858 2625
f 4326 4330 4327
f 4327 4330 4331
f 4327 4331 4332
f 4332 4331 3051
f 4332 3051 3050
f 3859 3858 4333
f 4333 3858 4334
f 4334 3858 4335
f 4335 3858 4329
f 4335 4329 4336
f 4336 4329 4328
f 4336 4328 4337
f 4328 4324 4337
f 4337 4324 4327
f 4337 4327 4338
f 4327 4332 4338
f 4338 4332 3050
f 4338 3050 3923
f 3923 3925 4339
f 3923 4339 4338
f 4338 4339 4340
f 4338 4340 4337
f 4337 4340 4336
f 4336 4340 4341
f 4336 4341 4335
f 4341 4342 4335
f 4335 4342 4343
f 4335 4343 4334
f 4334 4343 3857
f 4334 3857 4333
f 4333 3857 3859
f 3857 4344 3856
f 3856 4344 4345
f 4344 4346 4345
f 4345 4346 4347
f 4345 4347 4348
f 3922 3920 4349
f 4349 3920 4348
f 4349 4348 4350
f 4350 4348 4347
f 4351 4352 4353
f 4354 4355 3922
f 4356 4357 4358
f 4358 4357 4359
f 4342 4341 4352
f 4352 4341 4340
f 4352 4340 4353
f 4353 4340 4339
f 4353 4339 3925
f 3857 4343 4344
f 4344 4343 4360
f 4344 4360 4346
f 4346 4360 4361
f 3925 4359 4353
f 4353 4359 4357
f 4353 4357 4351
f 4351 4357 4356
f 4351 4356 4362
f 4362 4356 4363
f 4362 4363 4364
f 3922 4349 4354
f 4354 4349 4350
f 4354 4350 4361
f 4361 4350 4347
f 4361 4347 4346
f 4343 4342 4360
f 4360 4342 4352
f 4360 4352 4361
f 4361 4352 4351
f 4361 4351 4354
f 4354 4351 4362
f 4354 4362 4355
f 4355 4362 4364
f 3921 3922 4365
f 4365 3922 4355
f 4365 4355 4366
f 4356 4367 4363
f 4363 4367 4366
f 4363 4366 4364
f 4364 4366 4355
f 3925 3926 4359
f 4359 3926 4367
f 4359 4367 4358
f 4358 4367 4356
f 3863 3862 4368
f 4368 3862 4369
f 4368 4369 4370
f 4370 4369 4371
f 4371 4369 4372
f 4371 4372 4373
f 4373 4372 4374
f 4374 4372 4375
f 4374 4375 4376
f 4376 4375 3919
f 4376 3919 3921
f 4367 4377 4366
f 4378 4379 4380
f 4378 4381 4382
f 4382 4381 3863
f 3926 4383 4367
f 4367 4383 4384
f 4367 4384 4377
f 4377 4384 4385
f 4377 4385 4366
f 4366 4385 4365
f 4379 4378 4386
f 4386 4378 4382
f 4386 4382 4387
f 4387 4382 4388
f 4387 4388 4374
f 4373 4374 4388
f 4374 4376 4389
f 4389 4376 3921
f 4389 3921 4365
f 4365 4385 4389
f 4389 4385 4374
f 4384 4390 4385
f 4385 4390 4374
f 3863 4368 4382
f 4382 4368 4370
f 4382 4370 4388
f 4388 4370 4371
f 4388 4371 4373
f 3926 4380 4383
f 4383 4380 4379
f 4383 4379 4384
f 4384 4379 4386
f 4384 4386 4390
f 4390 4386 4387
f 4390 4387 4374
f 4391 3864 3863
f 4391 3863 4392
f 4392 3863 4381
f 4392 4381 4393
f 4393 4381 4378
f 4393 4378 4394
f 4394 4378 4395
f 4395 4378 4380
f 4395 4380 4396
f 4396 4380 4397
f 4397 4380 3926
f 4397 3926 3924
f 3247 4398 4399
f 4399 4398 4400
f 4399 4400 4401
f 3048 3047 4400
f 4400 3047 4402
f 4400 4402 4401
f 3246 3860 3250
f 3250 3860 4398
f 3250 4398 3249
f 3249 4398 3247
f 3924 3048 4397
f 4397 3048 4400
f 4397 4400 4396
f 4398 4394 4400
f 4400 4394 4395
f 4400 4395 4396
f 3864 4391 3860
f 3860 4391 4392
f 3860 4392 4398
f 4398 4392 4393
f 4398 4393 4394
f 3289 4403 4404
f 4404 4403 4405
f 4404 4405 4406
f 3893 3895 4405
f 4405 3895 4407
f 4405 4407 4406
f 2848 2850 3285
f 3285 2850 4403
f 3285 4403 3288
f 3288 4403 3289
f 2850 2853 4403
f 4403 2853 4408
f 4403 4408 4405
f 4405 4408 4409
f 4405 4409 3893
f 3893 4409 3910
f 3912 3910 4409
f 3912 4409 4410
f 4410 4409 4408
f 4410 4408 4411
f 4411 4408 4412
f 4412 4408 2853
f 4412 2853 2855
f 2901 4413 4414
f 4415 4413 2901
f 4416 4415 2901
f 2855 2906 4417
f 4418 4419 4420
f 4420 4419 4411
f 4420 4411 4417
f 4417 4411 4412
f 4417 4412 2855
f 4421 3912 4422
f 4422 3912 4410
f 2907 2904 4423
f 4423 2904 2903
f 4423 2903 2901
f 2899 4416 2901
f 4417 4414 4420
f 4420 4414 4413
f 4420 4413 4418
f 4418 4413 4415
f 4418 4415 4424
f 2906 2907 4417
f 4417 2907 4423
f 4417 4423 4414
f 4414 4423 2901
f 2899 2871 4416
f 4416 2871 4425
f 4416 4425 4415
f 4415 4425 4426
f 4415 4426 4424
f 4424 4426 4421
f 4424 4421 4418
f 4418 4421 4422
f 4418 4422 4419
f 4419 4422 4410
f 4419 4410 4411
f 4427 2572 2573
f 4428 4429 4430
f 4430 4429 4427
f 4430 4427 4431
f 4431 4427 2573
f 2572 4427 2570
f 2570 4427 2842
f 2570 2842 2568
f 3892 3891 4432
f 4432 3891 4429
f 4432 4429 4433
f 4433 4429 4428
f 3911 3912 4434
f 4434 3912 4421
f 4434 4421 4435
f 4435 4421 4436
f 4436 4421 4426
f 4436 4426 4437
f 2871 2870 4425
f 4425 2870 4438
f 4425 4438 4426
f 4426 4438 4439
f 4426 4439 4437
f 3891 3909 4429
f 4429 3909 4440
f 4429 4440 4427
f 4427 4440 4441
f 4427 4441 2842
f 2842 4441 2840
f 4436 4437 4442
f 4442 4437 4439
f 3911 4434 4443
f 3911 4444 4445
f 4445 4444 4446
f 4445 4446 4447
f 4447 4446 4448
f 4448 4446 4449
f 4448 4449 4450
f 4450 4449 2914
f 4450 2914 2835
f 4451 4438 2870
f 4442 4452 4436
f 4436 4452 4443
f 4436 4443 4435
f 4435 4443 4434
f 4439 4438 4442
f 4442 4438 4451
f 4442 4451 4452
f 4452 4451 4453
f 2870 2908 4451
f 4451 2908 2910
f 4451 2910 4453
f 4453 2910 2911
f 4453 2911 2913
f 3911 4443 4444
f 4444 4443 4452
f 4444 4452 4446
f 4446 4452 4453
f 4446 4453 4449
f 4449 4453 2913
f 4449 2913 2914
f 2835 2840 4450
f 4450 2840 4441
f 4450 4441 4448
f 4448 4441 4447
f 4447 4441 4440
f 4447 4440 4445
f 4445 4440 3909
f 4445 3909 3911
f 4454 4455 4456
f 4456 4455 4457
f 4456 4457 4458
f 3890 2542 4459
f 4459 2542 4457
f 2541 2588 2590
f 2541 2590 2542
f 2542 2590 2592
f 2542 2592 4457
f 4457 2592 2593
f 4457 2593 4458
f 4460 3871 3870
f 4456 4461 4454
f 4454 4461 4460
f 4454 4460 4462
f 4462 4460 3870
f 3271 2544 3272
f 3272 2544 2545
f 3272 2545 3275
f 3875 4463 2545
f 2545 4463 4464
f 2545 4464 3275
f 4465 3872 3874
f 3874 4466 4465
f 4465 4466 4467
f 4465 4467 4468
f 4468 4467 4469
f 4468 4469 4464
f 4464 4469 3276
f 4464 3276 3275
f 4468 4464 2543
f 2543 4464 4463
f 2543 4463 3875
f 3890 4459 2543
f 2543 4459 4457
f 2543 4457 4468
f 4457 4455 4468
f 4468 4455 4454
f 4468 4454 4465
f 4454 4462 4465
f 4465 4462 3870
f 4465 3870 3872
f 3811 3160 3158
f 2916 3154 3803
f 3936 3935 3902
f 3896 4216 4219
f 3998 3996 3914
f 3914 3996 3811
f 3914 3811 3901
f 3901 3811 3158
f 3901 3158 3156
f 3994 3992 3803
f 3803 3992 2918
f 3803 2918 2916
f 4219 3936 3896
f 3896 3936 3902
f 3896 3902 2916
f 2916 3902 3901
f 2916 3901 3154
f 3154 3901 3156
f 3935 4244 3902
f 3902 4244 4242
f 3902 4242 4240
f 3808 3144 3142
f 2926 3138 3824
f 3856 4345 4348
f 3945 3943 3916
f 3916 3943 3808
f 3916 3808 3861
f 3861 3808 3142
f 3861 3142 3140
f 4027 4025 3824
f 3824 4025 2928
f 3824 2928 2926
f 4348 3920 3856
f 3856 3920 3862
f 3856 3862 2926
f 2926 3862 3861
f 2926 3861 3138
f 3138 3861 3140
f 4372 4369 4375
f 4375 4369 3862
f 4375 3862 3919
f 3919 3862 3920
f 3819 3152 3150
f 2921 3146 3816
f 3847 4154 4156
f 4022 4020 3816
f 3816 4020 2923
f 3816 2923 2921
f 4156 3928 3847
f 3847 3928 3853
f 3847 3853 2921
f 2921 3853 3852
f 2921 3852 3146
f 3146 3852 3148
f 4167 4165 4169
f 4169 4165 3853
f 4169 3853 3927
f 3927 3853 3928
f 4049 4047 3918
f 3918 4047 3819
f 3918 3819 3852
f 3852 3819 3150
f 3852 3150 3148
f 4470 2732 2731
f 2744 2738 2803
f 2803 2738 2741
f 2803 2741 4471
f 4471 2741 4472
f 2896 2893 2820
f 2768 2864 2731
f 2731 2864 4473
f 2731 4473 4474
f 2741 2725 4475
f 2802 2888 2891
f 2896 2803 2868
f 2868 2803 2802
f 2868 2802 2866
f 2866 2802 2891
f 4474 4476 2731
f 2731 4476 4477
f 2731 4477 4470
f 2902 2905 2900
f 2900 2905 2859
f 2900 2859 2873
f 2873 2859 2864
f 2873 2864 2872
f 4475 4478 2741
f 2741 4478 4479
f 2741 4479 4472
f 2834 2912 2864
f 2864 2912 2909
f 2864 2909 2872
f 2896 2820 2803
f 2803 2820 2102
f 2803 2102 2744
f 2102 1990 2744
f 2744 1990 1970
f 2744 1970 2745
f 2745 1970 1957
f 2745 1957 2752
f 2752 1957 1949
f 2752 1949 2756
f 2756 1949 1934
f 2756 1934 2758
f 2758 1934 1933
f 2758 1933 2763
f 2763 1933 2075
f 2763 2075 2760
f 2760 2075 2068
f 2760 2068 2768
f 2768 2068 2052
f 2768 2052 2864
f 2864 2052 2099
f 2864 2099 2834
f 2732 4470 4480
f 2732 4480 2733
f 2733 4480 4481
f 2733 4481 2726
f 2726 4481 2727
f 2727 4481 2778
f 2727 2778 2729
f 4470 4477 4480
f 4480 4477 4482
f 4480 4482 4481
f 4481 4482 4483
f 4481 4483 2778
f 2778 4483 2882
f 4477 4476 4482
f 4482 4476 4484
f 4482 4484 4483
f 4483 4484 4485
f 4483 4485 2882
f 2882 4485 2885
f 4476 4474 4484
f 4484 4474 4486
f 4484 4486 4485
f 4485 4486 4487
f 4485 4487 2885
f 2885 4487 2715
f 2711 2713 2857
f 2857 2713 4488
f 2862 2861 4489
f 4489 2861 2860
f 4489 2860 4488
f 4488 2860 2858
f 4488 2858 2857
f 2862 4489 2863
f 2863 4489 4473
f 2863 4473 2864
f 4474 4473 4486
f 4486 4473 4489
f 4486 4489 4487
f 4487 4489 4488
f 4487 4488 2715
f 2715 4488 2713
f 2735 2791 2737
f 2737 2791 4490
f 2737 4490 2723
f 2723 4490 4491
f 2723 4491 2724
f 2724 4491 4475
f 2724 4475 2725
f 4472 4479 4492
f 4492 4479 4493
f 4492 4493 4494
f 4494 4493 4495
f 4494 4495 2717
f 2717 4495 2875
f 4479 4478 4493
f 4493 4478 4496
f 4493 4496 4495
f 4495 4496 4497
f 4495 4497 2875
f 2875 4497 2878
f 4478 4475 4496
f 4496 4475 4491
f 4496 4491 4497
f 4497 4491 4490
f 4497 4490 2878
f 2878 4490 2791
f 2803 4471 2804
f 2804 4471 4498
f 2815 2807 4499
f 4499 2807 2806
f 4499 2806 4498
f 4498 2806 2805
f 4498 2805 2804
f 2815 4499 2816
f 2816 4499 2719
f 2816 2719 2721
f 4471 4472 4498
f 4498 4472 4492
f 4498 4492 4499
f 4499 4492 4494
f 4499 4494 2719
f 2719 4494 2717
f 4500 3196 4501
f 4501 3196 3195
f 4501 3195 4502
f 4502 3195 3245
f 4502 3245 4503
f 4503 3245 3244
f 4503 3244 4504
f 4504 3244 3243
f 4504 3243 4505
f 4505 3243 3242
f 4505 3242 4506
f 4506 3242 3241
f 4506 3241 4507
f 4507 3241 3240
f 4507 3240 4508
f 4508 3240 3239
f 4508 3239 4509
f 4509 3239 3238
f 4509 3238 4510
f 4510 3238 3237
f 4510 3237 4511
f 4511 3237 3236
f 4511 3236 4512
f 4512 3236 3234
f 4512 3234 4513
f 4513 3234 3202
f 4513 3202 4514
f 4514 3202 3203
f 4514 3203 4515
f 4515 3203 3221
f 4515 3221 4516
f 4516 3221 3223
f 4516 3223 4517
f 4517 3223 3225
f 4517 3225 4518
f 4518 3225 3212
f 4518 3212 4519
f 4519 3212 3211
f 4519 3211 4520
f 4520 3211 3210
f 4520 3210 4521
f 4521 3210 3230
f 4521 3230 4522
f 4522 3230 3213
f 4522 3213 4523
f 4523 3213 3217
f 4523 3217 4524
f 4524 3217 3197
f 4524 3197 4500
f 4500 3197 3196
f 4511 4512 2688
f 2688 4512 4513
f 2688 4513 2690
f 2690 4513 4514
f 2690 4514 2692
f 2692 4514 4515
f 2692 4515 2694
f 2694 4515 4516
f 2694 4516 2696
f 2696 4516 4517
f 2696 4517 2698
f 2698 4517 4518
f 2698 4518 2700
f 2700 4518 4519
f 2700 4519 2702
f 2702 4519 4520
f 2702 4520 2704
f 2704 4520 4521
f 2704 4521 2706
f 2706 4521 4522
f 2706 4522 2708
f 2708 4522 4523
f 2708 4523 2710
f 2710 4523 4524
f 2710 4524 2664
f 2664 4524 4500
f 2664 4500 2666
f 2666 4500 4501
f 2666 4501 2668
f 2668 4501 4502
f 2668 4502 2670
f 2670 4502 4503
f 2670 4503 2672
f 2672 4503 4504
f 2672 4504 2674
f 2674 4504 4505
f 2674 4505 2676
f 2676 4505 4506
f 2676 4506 2678
f 2678 4506 4507
f 2678 4507 2680
f 2680 4507 4508
f 2680 4508 2682
f 2682 4508 4509
f 2682 4509 2684
f 2684 4509 4510
f 2684 4510 2686
f 2686 4510 4511
f 2686 4511 2688
f 4525 4526 4527
f 4528 3521 3559
f 3559 3561 4527
f 4527 4526 3559
f 3559 4526 4529
f 3559 4529 4528
f 4530 3755 3277
f 3277 4531 4530
f 4530 4531 4532
f 4530 4532 4527
f 4527 4532 4533
f 4527 4533 4525
f 4529 4526 4534
f 4534 4526 4525
f 4525 4533 4535
f 4535 4533 4532
f 4535 4532 4531
f 4529 3526 4528
f 4528 3526 3521
f 4529 4534 3526
f 3526 4534 4536
f 3526 4536 3527
f 3527 4536 4537
f 3527 4537 3528
f 3528 4537 4538
f 3528 4538 3525
f 3525 4538 4539
f 3525 4539 3524
f 3524 4539 4540
f 3524 4540 3532
f 3532 4540 4541
f 3532 4541 3533
f 3533 4541 4542
f 3533 4542 3534
f 3534 4542 4543
f 3534 4543 3530
f 3530 4543 4544
f 3530 4544 3531
f 3531 4544 4545
f 3531 4545 3529
f 4525 4535 4534
f 4534 4535 4546
f 4534 4546 4536
f 4536 4546 4547
f 4536 4547 4537
f 4537 4547 4548
f 4537 4548 4538
f 4538 4548 4549
f 4538 4549 4539
f 4539 4549 4550
f 4539 4550 4540
f 4540 4550 4551
f 4540 4551 4541
f 4541 4551 4552
f 4541 4552 4542
f 4542 4552 4553
f 4542 4553 4543
f 4543 4553 4554
f 4543 4554 4544
f 4544 4554 4555
f 4544 4555 4545
f 4531 3277 4535
f 4535 3277 3278
f 4535 3278 4546
f 4546 3278 3279
f 4546 3279 4547
f 4547 3279 3280
f 4547 3280 4548
f 4548 3280 3281
f 4548 3281 4549
f 4549 3281 3282
f 4549 3282 4550
f 4550 3282 3283
f 4550 3283 4551
f 4551 3283 3284
f 4551 3284 4552
f 4552 3284 3273
f 4552 3273 4553
f 4553 3273 3274
f 4553 3274 4554
f 4554 3274 3276
f 4554 3276 4555
f 3551 4556 4557
f 4556 4558 4559
f 4558 3753 3782
f 4558 3782 4559
f 4559 3782 3780
f 4559 3780 4560
f 4560 3780 3778
f 4560 3778 4561
f 4561 3778 3755
f 4561 3755 4530
f 4556 4559 4557
f 4557 4559 4560
f 4557 4560 4562
f 4562 4560 4561
f 4562 4561 4563
f 4563 4561 4530
f 4563 4530 4527
f 3551 4557 3552
f 3552 4557 4562
f 3552 4562 3555
f 3555 4562 4563
f 3555 4563 3556
f 3556 4563 4527
f 3556 4527 3561
f 4555 3276 4469
f 4545 4555 4564
f 3529 4545 4565
f 4555 4469 4564
f 4564 4469 4467
f 4564 4467 4566
f 4566 4467 4466
f 4566 4466 4567
f 4567 4466 3874
f 4567 3874 4568
f 4545 4564 4565
f 4565 4564 4566
f 4565 4566 4569
f 4569 4566 4567
f 4569 4567 4570
f 4570 4567 4568
f 4570 4568 4571
f 3529 4565 3539
f 3539 4565 4569
f 3539 4569 3540
f 3540 4569 4570
f 3540 4570 3541
f 3541 4570 4571
f 3541 4571 3542
f 2582 3753 4572
f 4572 3753 4558
f 4572 4558 4573
f 4573 4558 4574
f 4574 4558 4556
f 4574 4556 4575
f 3569 4576 3551
f 3551 4576 4577
f 3551 4577 4556
f 4556 4577 4578
f 4556 4578 4575
f 3874 3873 4568
f 4568 3873 4579
f 4568 4579 4571
f 4571 4579 3543
f 4571 3543 3542
f 3544 3543 4580
f 4580 3543 4579
f 4580 4579 3871
f 3871 4579 3873
f 4572 4573 4581
f 4578 4577 3570
f 3570 4577 4576
f 3570 4576 3569
f 4573 4574 4582
f 4582 4574 4575
f 4582 4575 4578
f 4572 4581 2582
f 4578 3570 4582
f 4582 3570 3566
f 4582 3566 4583
f 4583 3566 3564
f 4583 3564 4584
f 4584 3564 3563
f 4584 3563 4585
f 4585 3563 3595
f 4585 3595 4586
f 4586 3595 3594
f 4586 3594 4587
f 4587 3594 3593
f 4587 3593 4588
f 4588 3593 3590
f 4588 3590 4589
f 4589 3590 3589
f 4589 3589 4590
f 4590 3589 3588
f 4590 3588 4591
f 4573 4582 4581
f 4581 4582 4583
f 4581 4583 4592
f 4592 4583 4584
f 4592 4584 4593
f 4593 4584 4585
f 4593 4585 4594
f 4594 4585 4586
f 4594 4586 4595
f 4595 4586 4587
f 4595 4587 4596
f 4596 4587 4588
f 4596 4588 4597
f 4597 4588 4589
f 4597 4589 4598
f 4598 4589 4590
f 4598 4590 4599
f 4599 4590 4591
f 4599 4591 4600
f 2582 4581 2583
f 2583 4581 4592
f 2583 4592 2584
f 2584 4592 4593
f 2584 4593 2585
f 2585 4593 4594
f 2585 4594 2576
f 2576 4594 4595
f 2576 4595 2577
f 2577 4595 4596
f 2577 4596 2578
f 2578 4596 4597
f 2578 4597 2579
f 2579 4597 4598
f 2579 4598 2569
f 2569 4598 4599
f 2569 4599 2571
f 2571 4599 4600
f 2571 4600 2573
f 3544 4580 4601
f 4580 3871 4602
f 4602 3871 4460
f 4461 4603 4460
f 4460 4603 4604
f 4460 4604 4602
f 4461 4456 4603
f 4603 4456 4458
f 4603 4458 4605
f 4605 4458 2593
f 4605 2593 4606
f 4580 4602 4601
f 4601 4602 4604
f 4601 4604 4607
f 4607 4604 4603
f 4607 4603 4608
f 4608 4603 4605
f 4608 4605 4609
f 4609 4605 4606
f 4609 4606 4610
f 3544 4601 3549
f 3549 4601 4607
f 3549 4607 3550
f 3550 4607 4608
f 3550 4608 3545
f 3545 4608 4609
f 3545 4609 3546
f 3546 4609 4610
f 3546 4610 3547
f 4611 4612 4613
f 3585 4611 4614
f 4433 4613 4432
f 4432 4613 4612
f 4432 4612 3892
f 4428 4615 4433
f 4433 4615 4616
f 4433 4616 4613
f 4428 4430 4615
f 4615 4430 4431
f 4615 4431 4617
f 4617 4431 2573
f 4617 2573 4600
f 4611 4613 4614
f 4614 4613 4616
f 4614 4616 4618
f 4618 4616 4615
f 4618 4615 4619
f 4619 4615 4617
f 4619 4617 4620
f 4620 4617 4600
f 4620 4600 4591
f 3585 4614 3596
f 3596 4614 4618
f 3596 4618 3597
f 3597 4618 4619
f 3597 4619 3586
f 3586 4619 4620
f 3586 4620 3587
f 3587 4620 4591
f 3587 4591 3588
f 4621 4622 3557
f 3557 4622 4623
f 3557 4623 3558
f 4624 4625 4626
f 4626 4625 4627
f 4626 4627 4621
f 2602 4628 4629
f 4629 4628 4624
f 4621 3557 4626
f 4626 3557 3520
f 4626 3520 4630
f 4630 3520 3522
f 4630 3522 4631
f 4631 3522 3523
f 4631 3523 4632
f 4632 3523 3536
f 4632 3536 4633
f 4633 3536 3535
f 4633 3535 4634
f 4634 3535 3538
f 4634 3538 4635
f 4635 3538 3537
f 4635 3537 4636
f 4636 3537 3548
f 4636 3548 4637
f 4637 3548 3547
f 4637 3547 4610
f 4624 4626 4629
f 4629 4626 4630
f 4629 4630 4638
f 4638 4630 4631
f 4638 4631 4639
f 4639 4631 4632
f 4639 4632 4640
f 4640 4632 4633
f 4640 4633 4641
f 4641 4633 4634
f 4641 4634 4642
f 4642 4634 4635
f 4642 4635 4643
f 4643 4635 4636
f 4643 4636 4644
f 4644 4636 4637
f 4644 4637 4645
f 4645 4637 4610
f 4645 4610 4606
f 2602 4629 2603
f 2603 4629 4638
f 2603 4638 2604
f 2604 4638 4639
f 2604 4639 2605
f 2605 4639 4640
f 2605 4640 2596
f 2596 4640 4641
f 2596 4641 2597
f 2597 4641 4642
f 2597 4642 2598
f 2598 4642 4643
f 2598 4643 2599
f 2599 4643 4644
f 2599 4644 2589
f 2589 4644 4645
f 2589 4645 2591
f 2591 4645 4606
f 2591 4606 2593
f 3584 3592 4646
f 4646 3592 4647
f 3892 4646 3894
f 3894 4646 4647
f 3894 4647 3895
f 3585 3584 4611
f 4611 3584 4646
f 4611 4646 4612
f 4612 4646 3892
f 2602 3757 4628
f 4628 3757 4648
f 4649 4621 4627
f 4627 4625 4649
f 4649 4625 4624
f 4649 4624 4648
f 4648 4624 4628
f 3560 3558 4623
f 4649 3562 4621
f 4621 3562 3560
f 4621 3560 4622
f 4622 3560 4623
f 4650 3289 4404
f 3581 4651 4652
f 3581 4652 3582
f 3582 4652 4653
f 3582 4653 3583
f 3583 4653 4654
f 3583 4654 3591
f 4650 4404 4655
f 4655 4404 4406
f 4655 4406 4656
f 4656 4406 4407
f 4656 4407 4657
f 4657 4407 3895
f 4657 3895 4647
f 3592 3591 4647
f 4647 3591 4654
f 4647 4654 4657
f 4657 4654 4653
f 4657 4653 4656
f 4656 4653 4652
f 4656 4652 4655
f 4655 4652 4651
f 4655 4651 4650
f 3562 4649 4658
f 4649 4648 4659
f 4648 3757 3776
f 4648 3776 4659
f 4659 3776 3774
f 4659 3774 4660
f 4660 3774 3772
f 4660 3772 4661
f 4661 3772 3759
f 4661 3759 4662
f 4649 4659 4658
f 4658 4659 4660
f 4658 4660 4663
f 4663 4660 4661
f 4663 4661 4664
f 4664 4661 4662
f 4664 4662 4665
f 3562 4658 3708
f 3708 4658 4663
f 3708 4663 3707
f 3707 4663 4664
f 3707 4664 3706
f 3706 4664 4665
f 3706 4665 3704
f 4666 4667 4668
f 4668 4667 4669
f 4669 4670 4671
f 4671 4670 4672
f 4671 4672 4673
f 4666 3577 4674
f 4674 3577 3565
f 4666 4668 3577
f 3577 4668 4675
f 3577 4675 3578
f 3578 4675 4676
f 3578 4676 3579
f 3579 4676 4677
f 3579 4677 3575
f 3575 4677 4678
f 3575 4678 3576
f 3576 4678 4679
f 3576 4679 3574
f 3574 4679 4680
f 3574 4680 3573
f 3573 4680 4681
f 3573 4681 3571
f 3571 4681 4682
f 3571 4682 3572
f 3572 4682 4683
f 3572 4683 3580
f 3580 4683 4651
f 3580 4651 3581
f 4669 4671 4668
f 4668 4671 4684
f 4668 4684 4675
f 4675 4684 4685
f 4675 4685 4676
f 4676 4685 4686
f 4676 4686 4677
f 4677 4686 4687
f 4677 4687 4678
f 4678 4687 4688
f 4678 4688 4679
f 4679 4688 4689
f 4679 4689 4680
f 4680 4689 4690
f 4680 4690 4681
f 4681 4690 4691
f 4681 4691 4682
f 4682 4691 4692
f 4682 4692 4683
f 4683 4692 4650
f 4683 4650 4651
f 4673 3290 4671
f 4671 3290 3291
f 4671 3291 4684
f 4684 3291 3292
f 4684 3292 4685
f 4685 3292 3293
f 4685 3293 4686
f 4686 3293 3294
f 4686 3294 4687
f 4687 3294 3295
f 4687 3295 4688
f 4688 3295 3296
f 4688 3296 4689
f 4689 3296 3297
f 4689 3297 4690
f 4690 3297 3286
f 4690 3286 4691
f 4691 3286 3287
f 4691 3287 4692
f 4692 3287 3289
f 4692 3289 4650
f 4693 4694 4665
f 4695 3702 3704
f 4665 4694 3704
f 3704 4694 4696
f 3704 4696 4695
f 4662 3759 3263
f 3263 4697 4662
f 4662 4697 4698
f 4662 4698 4665
f 4665 4698 4699
f 4665 4699 4693
f 4669 4667 4700
f 4674 3565 3568
f 4700 4667 3568
f 3568 4667 4666
f 3568 4666 4674
f 4701 3751 3290
f 3290 4673 4701
f 4701 4673 4672
f 4701 4672 4700
f 4700 4672 4670
f 4700 4670 4669
f 4696 4694 4702
f 4702 4694 4693
f 4693 4699 4703
f 4703 4699 4698
f 4703 4698 4697
f 4696 3713 4695
f 4695 3713 3702
f 4696 4702 3713
f 3713 4702 4704
f 3713 4704 3714
f 3714 4704 4705
f 3714 4705 3715
f 3715 4705 4706
f 3715 4706 3712
f 3712 4706 4707
f 3712 4707 3724
f 3724 4707 4708
f 3724 4708 3725
f 3725 4708 4709
f 3725 4709 3726
f 3726 4709 4710
f 3726 4710 3716
f 3716 4710 4711
f 3716 4711 3717
f 3717 4711 4712
f 3717 4712 3718
f 3718 4712 4713
f 3718 4713 3719
f 4693 4703 4702
f 4702 4703 4714
f 4702 4714 4704
f 4704 4714 4715
f 4704 4715 4705
f 4705 4715 4716
f 4705 4716 4706
f 4706 4716 4717
f 4706 4717 4707
f 4707 4717 4718
f 4707 4718 4708
f 4708 4718 4719
f 4708 4719 4709
f 4709 4719 4720
f 4709 4720 4710
f 4710 4720 4721
f 4710 4721 4711
f 4711 4721 4722
f 4711 4722 4712
f 4712 4722 4723
f 4712 4723 4713
f 4697 3263 4703
f 4703 3263 3264
f 4703 3264 4714
f 4714 3264 3265
f 4714 3265 4715
f 4715 3265 3266
f 4715 3266 4716
f 4716 3266 3267
f 4716 3267 4717
f 4717 3267 3268
f 4717 3268 4718
f 4718 3268 3269
f 4718 3269 4719
f 4719 3269 3270
f 4719 3270 4720
f 4720 3270 3259
f 4720 3259 4721
f 4721 3259 3260
f 4721 3260 4722
f 4722 3260 3262
f 4722 3262 4723
f 3613 4724 4725
f 4724 4726 4727
f 4726 3749 3788
f 4726 3788 4727
f 4727 3788 3786
f 4727 3786 4728
f 4728 3786 3784
f 4728 3784 4729
f 4729 3784 3751
f 4729 3751 4701
f 4724 4727 4725
f 4725 4727 4728
f 4725 4728 4730
f 4730 4728 4729
f 4730 4729 4731
f 4731 4729 4701
f 4731 4701 4700
f 3613 4725 3599
f 3599 4725 4730
f 3599 4730 3553
f 3553 4730 4731
f 3553 4731 3567
f 3567 4731 4700
f 3567 4700 3568
f 4723 3262 4298
f 4713 4723 4732
f 3719 4713 4733
f 4723 4298 4732
f 4732 4298 4299
f 4732 4299 4734
f 4299 4301 4734
f 4734 4301 4303
f 4734 4303 4735
f 4735 4303 3869
f 4735 3869 4736
f 4713 4732 4733
f 4733 4732 4734
f 4733 4734 4737
f 4737 4734 4735
f 4737 4735 4738
f 4738 4735 4736
f 4738 4736 4739
f 3719 4733 3720
f 3720 4733 4737
f 3720 4737 3737
f 3737 4737 4738
f 3737 4738 3736
f 3736 4738 4739
f 3736 4739 3730
f 2562 3749 4740
f 4740 3749 4726
f 4740 4726 4741
f 4741 4726 4742
f 4742 4726 4724
f 4742 4724 4743
f 3612 4744 3613
f 3613 4744 4745
f 3613 4745 4724
f 4724 4745 4746
f 4724 4746 4743
f 3869 3868 4736
f 4736 3868 4747
f 4736 4747 4739
f 4739 4747 3731
f 4739 3731 3730
f 3733 3731 4748
f 4748 3731 4747
f 4748 4747 3866
f 3866 4747 3868
f 4740 4741 4749
f 4746 4745 3611
f 3611 4745 4744
f 3611 4744 3612
f 4741 4742 4750
f 4750 4742 4743
f 4750 4743 4746
f 4740 4749 2562
f 4746 3611 4750
f 4750 3611 3607
f 4750 3607 4751
f 4751 3607 3609
f 4751 3609 4752
f 4752 3609 3610
f 4752 3610 4753
f 4753 3610 3627
f 4753 3627 4754
f 4754 3627 3626
f 4754 3626 4755
f 4755 3626 3625
f 4755 3625 4756
f 4756 3625 3616
f 4756 3616 4757
f 4757 3616 3633
f 4757 3633 4758
f 4758 3633 3632
f 4758 3632 4759
f 4741 4750 4749
f 4749 4750 4751
f 4749 4751 4760
f 4760 4751 4752
f 4760 4752 4761
f 4761 4752 4753
f 4761 4753 4762
f 4762 4753 4754
f 4762 4754 4763
f 4763 4754 4755
f 4763 4755 4764
f 4764 4755 4756
f 4764 4756 4765
f 4765 4756 4757
f 4765 4757 4766
f 4766 4757 4758
f 4766 4758 4767
f 4767 4758 4759
f 4767 4759 4768
f 2562 4749 2563
f 2563 4749 4760
f 2563 4760 2564
f 2564 4760 4761
f 2564 4761 2565
f 2565 4761 4762
f 2565 4762 2556
f 2556 4762 4763
f 2556 4763 2557
f 2557 4763 4764
f 2557 4764 2558
f 2558 4764 4765
f 2558 4765 2559
f 2559 4765 4766
f 2559 4766 2549
f 2549 4766 4767
f 2549 4767 2551
f 2551 4767 4768
f 2551 4768 2553
f 3733 4748 4769
f 4748 3866 4770
f 4770 3866 4277
f 4770 4277 4771
f 4771 4277 4276
f 4275 4772 4276
f 4276 4772 4773
f 4276 4773 4771
f 4275 4272 4772
f 4772 4272 2609
f 4772 2609 4774
f 4748 4770 4769
f 4769 4770 4771
f 4769 4771 4775
f 4775 4771 4773
f 4775 4773 4776
f 4776 4773 4772
f 4776 4772 4777
f 4777 4772 4774
f 4777 4774 4778
f 3733 4769 3735
f 3735 4769 4775
f 3735 4775 3734
f 3734 4775 4776
f 3734 4776 3732
f 3732 4776 4777
f 3732 4777 3738
f 3738 4777 4778
f 3738 4778 3739
f 4779 4780 4781
f 3629 4779 4782
f 4205 4781 4203
f 4203 4781 4780
f 4203 4780 3056
f 4206 4783 4205
f 4205 4783 4784
f 4205 4784 4781
f 4206 4197 4783
f 4783 4197 4196
f 4783 4196 4785
f 4785 4196 2553
f 4785 2553 4768
f 4779 4781 4782
f 4782 4781 4784
f 4782 4784 4786
f 4786 4784 4783
f 4786 4783 4787
f 4787 4783 4785
f 4787 4785 4788
f 4788 4785 4768
f 4788 4768 4759
f 3629 4782 3639
f 3639 4782 4786
f 3639 4786 3640
f 3640 4786 4787
f 3640 4787 3630
f 3630 4787 4788
f 3630 4788 3631
f 3631 4788 4759
f 3631 4759 3632
f 3701 3709 4789
f 4789 3709 4790
f 4791 4792 4793
f 4793 4792 4794
f 4793 4794 4795
f 2621 4796 4797
f 4797 4796 4791
f 3722 4798 3723
f 3723 4798 4799
f 3723 4799 3710
f 3710 4799 4800
f 3710 4800 3711
f 3711 4800 4793
f 3711 4793 3709
f 3709 4793 4795
f 3709 4795 4790
f 3721 4801 3722
f 3722 4801 4802
f 3722 4802 4798
f 3721 3729 4801
f 4801 3729 3728
f 4801 3728 4803
f 4803 3728 3727
f 4803 3727 4804
f 4804 3727 3740
f 4804 3740 4805
f 4805 3740 3739
f 4805 3739 4778
f 4791 4793 4797
f 4797 4793 4800
f 4797 4800 4806
f 4806 4800 4799
f 4806 4799 4807
f 4807 4799 4798
f 4807 4798 4808
f 4808 4798 4802
f 4808 4802 4809
f 4809 4802 4801
f 4809 4801 4810
f 4810 4801 4803
f 4810 4803 4811
f 4811 4803 4804
f 4811 4804 4812
f 4812 4804 4805
f 4812 4805 4813
f 4813 4805 4778
f 4813 4778 4774
f 2621 4797 2622
f 2622 4797 4806
f 2622 4806 2623
f 2623 4806 4807
f 2623 4807 2624
f 2624 4807 4808
f 2624 4808 2615
f 2615 4808 4809
f 2615 4809 2616
f 2616 4809 4810
f 2616 4810 2617
f 2617 4810 4811
f 2617 4811 2618
f 2618 4811 4812
f 2618 4812 2612
f 2612 4812 4813
f 2612 4813 2611
f 2611 4813 4774
f 2611 4774 2609
f 4814 4815 4816
f 4815 4814 4817
f 4817 4814 3628
f 4817 3628 3635
f 3056 4814 3054
f 3054 4814 4816
f 3054 4816 3052
f 3629 3628 4779
f 4779 3628 4814
f 4779 4814 4780
f 4780 4814 3056
f 2621 3761 4796
f 4796 3761 4818
f 4794 4792 4819
f 4819 4792 4791
f 4819 4791 4818
f 4818 4791 4796
f 3701 4789 3703
f 3703 4789 4790
f 3703 4790 4819
f 4819 4790 4795
f 4819 4795 4794
f 4261 4266 4820
f 4821 3619 3618
f 4822 4823 4263
f 4263 4823 3302
f 3618 4824 4821
f 4821 4824 4825
f 4821 4825 4826
f 4826 4825 4827
f 4826 4827 4822
f 4822 4827 4828
f 4822 4828 4823
f 3620 3619 4829
f 4829 3619 4821
f 4829 4821 4830
f 4830 4821 4826
f 4830 4826 4820
f 4820 4826 4822
f 4820 4822 4261
f 4261 4822 4263
f 3634 3620 4831
f 4831 3620 4829
f 4831 4829 4832
f 4832 4829 4830
f 4832 4830 4833
f 4833 4830 4820
f 4833 4820 4268
f 4268 4820 4266
f 3635 3634 4817
f 4817 3634 4831
f 4817 4831 4815
f 4815 4831 4832
f 4815 4832 4816
f 4816 4832 4833
f 4816 4833 3052
f 3052 4833 4268
f 3703 4819 4834
f 4819 4818 4835
f 4818 3761 3770
f 4818 3770 4835
f 4835 3770 3768
f 4835 3768 4836
f 4836 3768 3766
f 4836 3766 4837
f 4837 3766 3763
f 4837 3763 4838
f 4819 4835 4834
f 4834 4835 4836
f 4834 4836 4839
f 4839 4836 4837
f 4839 4837 4840
f 4840 4837 4838
f 4840 4838 4841
f 3703 4834 3705
f 3705 4834 4839
f 3705 4839 3554
f 3554 4839 4840
f 3554 4840 3676
f 3676 4840 4841
f 3676 4841 3677
f 4842 4843 4844
f 4844 4843 4845
f 4844 4845 4846
f 4846 4847 4848
f 4848 4847 4849
f 4848 4849 4850
f 4842 3614 4851
f 4851 3614 3608
f 4852 4825 4824
f 4853 4828 4827
f 3300 3302 4823
f 4842 4844 3614
f 3614 4844 4854
f 3614 4854 3615
f 3615 4854 4855
f 3615 4855 3623
f 3623 4855 4856
f 3623 4856 3624
f 3624 4856 4857
f 3624 4857 3636
f 3636 4857 4858
f 3636 4858 3637
f 3637 4858 4859
f 3637 4859 3638
f 3638 4859 4860
f 3638 4860 3622
f 3622 4860 4861
f 3622 4861 3621
f 3621 4861 4852
f 3621 4852 3617
f 3617 4852 4824
f 3617 4824 3618
f 4846 4848 4844
f 4844 4848 4862
f 4844 4862 4854
f 4854 4862 4863
f 4854 4863 4855
f 4855 4863 4864
f 4855 4864 4856
f 4856 4864 4865
f 4856 4865 4857
f 4857 4865 4866
f 4857 4866 4858
f 4858 4866 4867
f 4858 4867 4859
f 4859 4867 4868
f 4859 4868 4860
f 4860 4868 4869
f 4860 4869 4861
f 4861 4869 4853
f 4861 4853 4852
f 4852 4853 4827
f 4852 4827 4825
f 4850 3303 4848
f 4848 3303 3304
f 4848 3304 4862
f 4862 3304 3305
f 4862 3305 4863
f 4863 3305 3306
f 4863 3306 4864
f 4864 3306 3307
f 4864 3307 4865
f 4865 3307 3308
f 4865 3308 4866
f 4866 3308 3309
f 4866 3309 4867
f 4867 3309 3310
f 4867 3310 4868
f 4868 3310 3298
f 4868 3298 4869
f 4869 3298 3300
f 4869 3300 4853
f 4853 3300 4823
f 4853 4823 4828
f 4870 3671 3677
f 4871 4872 4841
f 4841 4872 4873
f 4841 4873 3677
f 3677 4873 4874
f 3677 4874 4870
f 3763 3251 4838
f 4838 3251 4875
f 4875 4876 4838
f 4838 4876 4877
f 4838 4877 4841
f 4841 4877 4878
f 4841 4878 4871
f 4843 4842 4879
f 4879 4842 3598
f 3598 4842 4851
f 3598 4851 3608
f 4850 4849 4880
f 4849 4847 4880
f 4880 4847 4846
f 4880 4846 4879
f 4879 4846 4845
f 4879 4845 4843
f 4880 4881 4850
f 4850 4881 3747
f 4850 3747 3303
f 3256 3255 4882
f 3254 3253 4883
f 3678 3679 4884
f 3251 3252 4875
f 4875 3252 4885
f 4875 4885 4876
f 4876 4885 4877
f 4877 4885 4886
f 4877 4886 4878
f 4874 4873 4887
f 4887 4873 4872
f 4887 4872 4886
f 4886 4872 4871
f 4886 4871 4878
f 3681 3671 4887
f 4887 3671 4870
f 4887 4870 4874
f 4888 4889 4890
f 4890 4889 3690
f 4890 3690 3693
f 4891 4892 4888
f 4888 4892 4893
f 4888 4893 4889
f 3694 3678 4894
f 4894 3678 4884
f 4894 4884 4895
f 4895 4884 4896
f 4895 4896 4897
f 4897 4896 4883
f 3248 3247 4891
f 4891 3247 4898
f 4891 4898 4892
f 3693 3694 4890
f 4890 3694 4894
f 4890 4894 4888
f 4888 4894 4895
f 4888 4895 4891
f 4891 4895 4897
f 4891 4897 3248
f 3248 4897 3258
f 4883 3253 4897
f 4897 3253 3257
f 4897 3257 3258
f 3679 3680 4884
f 4884 3680 4899
f 4884 4899 4896
f 4896 4899 4900
f 4896 4900 4883
f 4883 4900 4882
f 4883 4882 3254
f 3254 4882 3255
f 3252 3256 4885
f 4885 3256 4882
f 4885 4882 4886
f 4886 4882 4900
f 4886 4900 4887
f 4887 4900 4899
f 4887 4899 3681
f 3681 4899 3680
f 3604 4901 4902
f 4880 4879 4903
f 4901 4904 4905
f 4904 3745 3794
f 4904 3794 4905
f 4905 3794 3792
f 4905 3792 4906
f 4906 3792 3790
f 4906 3790 4907
f 4907 3790 3747
f 4907 3747 4881
f 4901 4905 4902
f 4902 4905 4906
f 4902 4906 4908
f 4908 4906 4907
f 4908 4907 4903
f 4903 4907 4881
f 4903 4881 4880
f 3604 4902 3602
f 3602 4902 4908
f 3602 4908 3601
f 3601 4908 4903
f 3601 4903 3600
f 3600 4903 4879
f 3600 4879 3598
f 4893 4892 4909
f 4898 3247 4399
f 4898 4399 4892
f 4893 4909 4889
f 3690 4889 4910
f 4892 4399 4909
f 4909 4399 4401
f 4909 4401 4911
f 4911 4401 4402
f 4911 4402 4912
f 4912 4402 3047
f 4912 3047 4913
f 4889 4909 4910
f 4910 4909 4911
f 4910 4911 4914
f 4914 4911 4912
f 4914 4912 4915
f 4915 4912 4913
f 4915 4913 4916
f 3690 4910 3691
f 3691 4910 4914
f 3691 4914 3692
f 3692 4914 4915
f 3692 4915 3700
f 3700 4915 4916
f 3700 4916 3699
f 2659 3745 4917
f 4917 3745 4904
f 4917 4904 4918
f 4901 4919 4920
f 4920 4921 4901
f 4901 4921 4922
f 4901 4922 4904
f 4904 4922 4923
f 4904 4923 4918
f 3606 3647 4924
f 4901 3604 4919
f 4919 3604 3606
f 4919 3606 4925
f 4925 3606 4924
f 3047 3049 4913
f 4913 3049 4926
f 4913 4926 4916
f 4916 4926 3698
f 4916 3698 3699
f 3697 3698 4927
f 4927 3698 4926
f 4927 4926 3051
f 3051 4926 3049
f 2653 2654 4928
f 2656 2662 4929
f 4922 4921 4930
f 4919 4925 4931
f 4931 4925 3646
f 3646 4925 4924
f 3646 4924 3647
f 4930 4921 4931
f 4931 4921 4920
f 4931 4920 4919
f 4932 2660 2659
f 2659 4917 4932
f 4932 4917 4918
f 4932 4918 4930
f 4930 4918 4923
f 4930 4923 4922
f 3646 3645 4931
f 4931 3645 4933
f 4931 4933 4930
f 4930 4933 4934
f 4930 4934 4932
f 4932 4934 4929
f 4929 2662 4932
f 4932 2662 2661
f 4932 2661 2660
f 2654 2656 4928
f 4928 2656 4929
f 4928 4929 4935
f 4935 4929 4934
f 4935 4934 4936
f 4936 4934 4933
f 4936 4933 3644
f 3644 4933 3645
f 2651 2653 4937
f 4937 2653 4928
f 4937 4928 4938
f 4938 4928 4935
f 4938 4935 4939
f 4939 4935 4936
f 4939 4936 3642
f 3642 4936 3644
f 3642 3643 4939
f 4939 3643 4940
f 4939 4940 4938
f 4938 4940 4941
f 4938 4941 4937
f 4937 4941 4942
f 4937 4942 2651
f 2651 4942 2647
f 3643 3660 4940
f 4940 3660 4943
f 4940 4943 4941
f 4941 4943 4944
f 4941 4944 4942
f 4942 4944 4945
f 4942 4945 2647
f 2647 4945 2648
f 4927 3051 4946
f 4946 3051 4331
f 4947 4948 4949
f 4949 4948 4950
f 3697 4927 4950
f 4950 4927 4946
f 4950 4946 4949
f 4949 4946 4331
f 4949 4331 4947
f 4331 4330 4947
f 4947 4330 4326
f 4947 4326 4325
f 4951 4952 4953
f 2629 4954 4325
f 4325 4954 4951
f 4325 4951 4947
f 4947 4951 4953
f 4947 4953 4948
f 4954 4955 4951
f 4951 4955 4956
f 4951 4956 4952
f 4952 4956 4957
f 3697 4950 3695
f 3695 4950 4948
f 3695 4948 3696
f 3696 4948 4953
f 3696 4953 3672
f 3672 4953 4952
f 3672 4952 3685
f 3685 4952 4957
f 3685 4957 3686
f 4958 4959 4960
f 4961 4958 4962
f 3664 4961 4963
f 4147 4960 4145
f 4145 4960 4959
f 4145 4959 3046
f 4148 4964 4147
f 4147 4964 4965
f 4147 4965 4960
f 4148 4139 4964
f 4964 4139 4138
f 4964 4138 4966
f 4966 4138 2648
f 4966 2648 4945
f 4958 4960 4962
f 4962 4960 4965
f 4962 4965 4967
f 4967 4965 4964
f 4967 4964 4968
f 4968 4964 4966
f 4968 4966 4969
f 4969 4966 4945
f 4969 4945 4944
f 4961 4962 4963
f 4963 4962 4967
f 4963 4967 4970
f 4970 4967 4968
f 4970 4968 4971
f 4971 4968 4969
f 4971 4969 4972
f 4972 4969 4944
f 4972 4944 4943
f 3664 4963 3666
f 3666 4963 4970
f 3666 4970 3665
f 3665 4970 4971
f 3665 4971 3663
f 3663 4971 4972
f 3663 4972 3659
f 3659 4972 4943
f 3659 4943 3660
f 2634 2635 4973
f 2637 2643 4974
f 4975 4976 4977
f 4978 4979 4980
f 4980 4979 3683
f 3683 4979 4981
f 3683 4981 3682
f 4977 4976 4980
f 4980 4976 4982
f 4980 4982 4978
f 4983 2641 2640
f 2640 4984 4983
f 4983 4984 4985
f 4983 4985 4977
f 4977 4985 4986
f 4977 4986 4975
f 3683 3684 4980
f 4980 3684 4987
f 4980 4987 4977
f 4977 4987 4988
f 4977 4988 4983
f 4983 4988 4974
f 4974 2643 4983
f 4983 2643 2642
f 4983 2642 2641
f 2635 2637 4973
f 4973 2637 4974
f 4973 4974 4989
f 4989 4974 4988
f 4989 4988 4990
f 4990 4988 4987
f 4990 4987 3689
f 3689 4987 3684
f 2632 2634 4991
f 4991 2634 4973
f 4991 4973 4992
f 4992 4973 4989
f 4992 4989 4993
f 4993 4989 4990
f 4993 4990 3688
f 3688 4990 3689
f 3688 3687 4993
f 4993 3687 4994
f 4993 4994 4992
f 4992 4994 4995
f 4992 4995 4991
f 4991 4995 4996
f 4991 4996 2632
f 2632 4996 2628
f 2629 2628 4954
f 4954 2628 4996
f 4954 4996 4955
f 4955 4996 4995
f 4955 4995 4956
f 4956 4995 4994
f 4956 4994 4957
f 4957 4994 3687
f 4957 3687 3686
f 4997 3662 3661
f 4998 3042 3044
f 3046 4959 3044
f 3044 4959 4997
f 3044 4997 4998
f 4998 4997 3661
f 3664 3662 4961
f 4961 3662 4997
f 4961 4997 4958
f 4958 4997 4959
f 2640 3741 4984
f 4984 3741 4999
f 4984 4999 4985
f 4982 4976 5000
f 5000 4976 4975
f 5000 4975 4999
f 4999 4975 4986
f 4999 4986 4985
f 3682 4981 3675
f 3675 4981 4979
f 3675 4979 5000
f 5000 4979 4978
f 5000 4978 4982
f 5001 3316 4189
f 3670 5002 5003
f 3670 5003 3669
f 3669 5003 5004
f 3669 5004 3668
f 3668 5004 5005
f 3668 5005 3667
f 5001 4189 5006
f 5006 4189 4188
f 5006 4188 5007
f 5007 4188 4186
f 5007 4186 5008
f 5008 4186 3042
f 5008 3042 4998
f 3661 3667 4998
f 4998 3667 5005
f 4998 5005 5008
f 5008 5005 5004
f 5008 5004 5007
f 5007 5004 5003
f 5007 5003 5006
f 5006 5003 5002
f 5006 5002 5001
f 3675 5000 5009
f 5000 4999 5010
f 4999 3741 3800
f 4999 3800 5010
f 5010 3800 3798
f 5010 3798 5011
f 5011 3798 3796
f 5011 3796 5012
f 5012 3796 3743
f 5012 3743 5013
f 5000 5010 5009
f 5009 5010 5011
f 5009 5011 5014
f 5014 5011 5012
f 5014 5012 5015
f 5015 5012 5013
f 5015 5013 5016
f 3675 5009 3674
f 3674 5009 5014
f 3674 5014 3673
f 3673 5014 5015
f 3673 5015 3603
f 3603 5015 5016
f 3603 5016 3605
f 5017 5018 5019
f 5019 5018 5020
f 5020 5021 5022
f 5022 5021 5023
f 5022 5023 5024
f 5017 3655 5025
f 5025 3655 3641
f 5017 5019 3655
f 3655 5019 5026
f 3655 5026 3653
f 3653 5026 5027
f 3653 5027 3654
f 3654 5027 5028
f 3654 5028 3656
f 3656 5028 5029
f 3656 5029 3657
f 3657 5029 5030
f 3657 5030 3652
f 3652 5030 5031
f 3652 5031 3651
f 3651 5031 5032
f 3651 5032 3650
f 3650 5032 5033
f 3650 5033 3649
f 3649 5033 5034
f 3649 5034 3658
f 3658 5034 5002
f 3658 5002 3670
f 5020 5022 5019
f 5019 5022 5035
f 5019 5035 5026
f 5026 5035 5036
f 5026 5036 5027
f 5027 5036 5037
f 5027 5037 5028
f 5028 5037 5038
f 5028 5038 5029
f 5029 5038 5039
f 5029 5039 5030
f 5030 5039 5040
f 5030 5040 5031
f 5031 5040 5041
f 5031 5041 5032
f 5032 5041 5042
f 5032 5042 5033
f 5033 5042 5043
f 5033 5043 5034
f 5034 5043 5001
f 5034 5001 5002
f 5024 3317 5022
f 5022 3317 3318
f 5022 3318 5035
f 5035 3318 3319
f 5035 3319 5036
f 5036 3319 3320
f 5036 3320 5037
f 5037 3320 3321
f 5037 3321 5038
f 5038 3321 3322
f 5038 3322 5039
f 5039 3322 3323
f 5039 3323 5040
f 5040 3323 3324
f 5040 3324 5041
f 5041 3324 3313
f 5041 3313 5042
f 5042 3313 3314
f 5042 3314 5043
f 5043 3314 3316
f 5043 3316 5001
f 5020 5018 5016
f 5025 3641 3648
f 3648 3605 5016
f 5016 5018 3648
f 3648 5018 5017
f 3648 5017 5025
f 5013 3743 3317
f 3317 5024 5013
f 5013 5024 5023
f 5013 5023 5016
f 5016 5023 5021
f 5016 5021 5020
f 5044 5045 5046
f 5046 5047 5044
f 5044 5047 5048
f 5044 5048 5049
f 5049 5048 5050
f 5050 5051 5049
f 5049 5051 5052
f 5049 5052 5053
f 5052 5054 5053
f 5053 5054 5055
f 5053 5055 5056
f 5056 5055 5057
f 5056 5057 5058
f 5058 5057 5059
f 5059 5060 5058
f 5058 5060 5061
f 5058 5061 5062
f 5062 5061 5063
f 5062 5063 5064
f 5063 5065 5064
f 5064 5065 5066
f 5064 5066 5067
f 5067 5066 5068
f 5068 5069 5067
f 5067 5069 5070
f 5067 5070 5071
f 5071 5070 5072
f 5071 5072 5073
f 5073 5072 5074
f 5074 5075 5073
f 5073 5075 5076
f 5073 5076 5077
f 5076 5078 5077
f 5077 5078 5079
f 5077 5079 5080
f 5080 5079 5081
f 5080 5081 5082
f 5081 5083 5082
f 5082 5083 5084
f 5082 5084 5085
f 5084 5086 5085
f 5085 5086 5087
f 5085 5087 5045
f 5045 5087 5088
f 5045 5088 5046
f 5082 5085 5089
f 5089 5085 5045
f 5089 5045 5044
f 5073 5077 5089
f 5089 5077 5080
f 5089 5080 5082
f 5064 5067 5089
f 5089 5067 5071
f 5089 5071 5073
f 5056 5058 5089
f 5089 5058 5062
f 5089 5062 5064
f 5044 5049 5089
f 5089 5049 5053
f 5089 5053 5056
f 3445 5090 3446
f 3446 5090 5091
f 3446 5091 3447
f 3447 5091 5092
f 3447 5092 3443
f 3443 5092 5093
f 3443 5093 3444
f 3444 5093 5094
f 3444 5094 3438
f 3438 5094 5095
f 3438 5095 3439
f 3439 5095 5096
f 3439 5096 3441
f 3441 5096 5097
f 3441 5097 3442
f 3442 5097 5098
f 3442 5098 3433
f 3433 5098 5099
f 3433 5099 3434
f 3434 5099 5100
f 3434 5100 3436
f 3436 5100 5101
f 3436 5101 3437
f 3437 5101 5102
f 3437 5102 3432
f 3432 5102 5103
f 3432 5103 3325
f 3325 5103 5104
f 3325 5104 3326
f 3326 5104 5105
f 3326 5105 3428
f 3428 5105 5106
f 3428 5106 3429
f 3429 5106 5107
f 3429 5107 3430
f 3430 5107 5108
f 3430 5108 3431
f 3431 5108 5109
f 3431 5109 3423
f 3423 5109 5110
f 3423 5110 3424
f 3424 5110 5111
f 3424 5111 3426
f 3426 5111 5112
f 3426 5112 3427
f 3427 5112 5113
f 3427 5113 3418
f 3418 5113 5114
f 3418 5114 3419
f 3419 5114 5115
f 3419 5115 3421
f 3421 5115 5116
f 3421 5116 3422
f 3422 5116 5117
f 3422 5117 3416
f 3416 5117 5118
f 3416 5118 3417
f 3417 5118 5119
f 3417 5119 3445
f 3445 5119 5090
f 5119 5120 5090
f 5090 5120 5121
f 5090 5121 5091
f 5091 5121 5122
f 5091 5122 5092
f 5092 5122 5123
f 5092 5123 5093
f 5093 5123 5124
f 5093 5124 5094
f 5094 5124 5125
f 5094 5125 5095
f 5095 5125 5126
f 5095 5126 5096
f 5096 5126 5127
f 5096 5127 5097
f 5097 5127 5128
f 5097 5128 5098
f 5098 5128 5129
f 5098 5129 5099
f 5099 5129 5130
f 5099 5130 5100
f 5100 5130 5131
f 5100 5131 5101
f 5101 5131 5132
f 5101 5132 5102
f 5102 5132 5133
f 5102 5133 5103
f 5103 5133 5134
f 5103 5134 5104
f 5104 5134 5135
f 5104 5135 5105
f 5105 5135 5136
f 5105 5136 5106
f 5106 5136 5137
f 5106 5137 5107
f 5107 5137 5138
f 5107 5138 5108
f 5108 5138 5139
f 5108 5139 5109
f 5109 5139 5140
f 5109 5140 5110
f 5110 5140 5141
f 5110 5141 5111
f 5111 5141 5142
f 5111 5142 5112
f 5112 5142 5143
f 5112 5143 5113
f 5113 5143 5144
f 5113 5144 5114
f 5114 5144 5145
f 5114 5145 5115
f 5115 5145 5146
f 5115 5146 5116
f 5116 5146 5147
f 5116 5147 5117
f 5117 5147 5148
f 5117 5148 5118
f 5118 5148 5149
f 5118 5149 5119
f 5119 5149 5120
f 5149 5066 5120
f 5120 5066 5065
f 5120 5065 5121
f 5121 5065 5063
f 5121 5063 5122
f 5122 5063 5061
f 5122 5061 5123
f 5123 5061 5060
f 5123 5060 5124
f 5124 5060 5059
f 5124 5059 5125
f 5125 5059 5057
f 5125 5057 5126
f 5126 5057 5055
f 5126 5055 5127
f 5127 5055 5054
f 5127 5054 5128
f 5128 5054 5052
f 5128 5052 5129
f 5129 5052 5051
f 5129 5051 5130
f 5130 5051 5050
f 5130 5050 5131
f 5131 5050 5048
f 5131 5048 5132
f 5132 5048 5047
f 5132 5047 5133
f 5133 5047 5046
f 5133 5046 5134
f 5134 5046 5088
f 5134 5088 5135
f 5135 5088 5087
f 5135 5087 5136
f 5136 5087 5086
f 5136 5086 5137
f 5137 5086 5084
f 5137 5084 5138
f 5138 5084 5083
f 5138 5083 5139
f 5139 5083 5081
f 5139 5081 5140
f 5140 5081 5079
f 5140 5079 5141
f 5141 5079 5078
f 5141 5078 5142
f 5142 5078 5076
f 5142 5076 5143
f 5143 5076 5075
f 5143 5075 5144
f 5144 5075 5074
f 5144 5074 5145
f 5145 5074 5072
f 5145 5072 5146
f 5146 5072 5070
f 5146 5070 5147
f 5147 5070 5069
f 5147 5069 5148
f 5148 5069 5068
f 5148 5068 5149
f 5149 5068 5066
f 2119 2113 3889
f 3889 2113 2112
f 3889 2112 2111
f 2119 3889 2120
f 2120 3889 4130
f 2120 4130 2121
f 1912 2307 1935
f 1935 2307 1938
f 5150 1922 1921
f 5151 5152 5153
f 5153 5152 5154
f 5153 5154 5155
f 5155 5154 5156
f 1921 5157 5150
f 5150 5157 5158
f 5150 5158 5159
f 5159 5158 5160
f 5159 5160 5161
f 5161 5160 5162
f 5161 5162 5156
f 5156 5162 5163
f 5156 5163 5155
f 1924 1922 5164
f 5164 1922 5150
f 5164 5150 5165
f 5165 5150 5159
f 5165 5159 5166
f 5166 5159 5161
f 5166 5161 5167
f 5167 5161 5156
f 5167 5156 5168
f 5168 5156 5154
f 5168 5154 5169
f 5169 5154 5152
f 1926 1924 5170
f 5170 1924 5164
f 5170 5164 5171
f 5171 5164 5165
f 5171 5165 5172
f 5172 5165 5166
f 5172 5166 5173
f 5173 5166 5167
f 5173 5167 5174
f 5174 5167 5168
f 5174 5168 5175
f 5175 5168 5169
f 5151 2507 2506
f 5151 2506 5152
f 5152 2506 2523
f 5152 2523 5169
f 5169 2523 2530
f 5169 2530 5175
f 2126 2124 3878
f 3878 2124 2123
f 2123 5176 3878
f 3878 5176 5177
f 3878 5177 4091
f 4091 5177 2540
f 5176 2411 5177
f 5177 2411 2410
f 5177 2410 2540
f 2540 2410 2415
f 2540 2415 2539
f 2539 2415 2537
f 649 650 5178
f 5178 650 5179
f 5180 5181 5182
f 5183 503 5182
f 5182 503 524
f 5184 5185 5186
f 5187 649 5188
f 5188 649 5178
f 5188 5178 5189
f 5189 5178 5190
f 5191 5192 5193
f 5193 5192 517
f 5193 517 5194
f 5194 517 442
f 5194 442 5195
f 524 5196 5182
f 5182 5196 5197
f 5182 5197 5180
f 5186 5195 5184
f 5184 5195 442
f 5184 442 650
f 650 442 5198
f 650 5198 5179
f 5199 5200 449
f 449 5200 5201
f 449 5201 405
f 405 5201 5202
f 405 5202 400
f 400 5202 5203
f 400 5203 425
f 425 5203 5198
f 425 5198 439
f 439 5198 442
f 5204 5205 316
f 504 503 343
f 343 503 5183
f 343 5183 345
f 345 5183 5206
f 5199 361 5206
f 5206 361 363
f 5206 363 345
f 5207 5208 5209
f 5209 5208 5210
f 5211 5212 5213
f 5213 5212 504
f 5213 504 5210
f 5210 504 343
f 5210 343 5209
f 5214 5215 5205
f 5205 5215 5216
f 5205 5216 316
f 5217 5218 5219
f 5219 5218 5204
f 5219 5204 449
f 449 5204 316
f 449 316 5199
f 5199 316 335
f 5199 335 361
f 5220 5221 5222
f 5222 5221 5223
f 5222 5223 5224
f 5224 5223 5225
f 5224 5225 5226
f 2056 2059 5227
f 5227 2059 5228
f 5227 5228 5229
f 5229 5228 5230
f 5229 5230 5231
f 5231 5230 5232
f 5231 5232 5233
f 5233 5232 5226
f 5233 5226 5234
f 5234 5226 5225
f 5235 5236 5237
f 5237 5236 5238
f 5237 5238 5220
f 5220 5238 5239
f 5220 5239 5221
f 5235 5237 5240
f 5240 5237 5241
f 5240 5241 5242
f 5242 5241 5243
f 5242 5243 5244
f 534 532 5245
f 5245 532 5246
f 5245 5246 5247
f 5247 5246 5248
f 5247 5248 5249
f 5249 5248 5244
f 5249 5244 5250
f 5250 5244 5243
f 5251 5252 5253
f 5253 5252 5254
f 5253 5254 5255
f 5255 5254 5256
f 5255 5256 5257
f 5257 5256 5258
f 5257 5258 5259
f 5259 5258 5260
f 5259 5260 5261
f 5261 5260 5262
f 5261 5262 5263
f 5263 5262 5264
f 5263 5264 5265
f 5265 5264 5266
f 5265 5266 5267
f 5267 5266 5268
f 5267 5268 5269
f 5269 5268 5270
f 5269 5270 5271
f 5271 5270 5272
f 5271 5272 5273
f 5273 5272 5274
f 5273 5274 5275
f 5275 5274 5276
f 5277 5278 5279
f 5280 2132 5281
f 5281 2132 2494
f 5281 2494 5282
f 5282 2494 2495
f 5282 2495 5283
f 5283 2495 2496
f 5283 2496 5284
f 5284 2496 2493
f 5284 2493 5279
f 5279 2493 2489
f 5279 2489 5277
f 2489 2490 5277
f 5277 2490 2491
f 5277 2491 5285
f 5285 2491 2492
f 5285 2492 5286
f 5286 2492 2488
f 5286 2488 5287
f 5287 2488 2487
f 5287 2487 5288
f 5288 2487 2486
f 5288 2486 5289
f 5252 5251 355
f 355 5251 357
f 5289 2486 346
f 346 2486 347
f 5290 5291 5292
f 5292 5291 5293
f 5292 5293 5294
f 5294 5293 5295
f 5295 5293 5296
f 5295 5296 5297
f 5297 5296 5298
f 5298 5296 5299
f 5298 5299 5300
f 5300 5299 5301
f 5301 5299 5302
f 5301 5302 5303
f 5303 5302 5304
f 5303 5304 5305
f 5305 5304 5306
f 5305 5306 5307
f 5307 5306 5308
f 5307 5308 5309
f 5309 5308 5310
f 5309 5310 5311
f 5311 5310 5312
f 5311 5312 5313
f 5313 5312 5314
f 5313 5314 5315
f 5315 5314 5316
f 5315 5316 5317
f 5317 5316 5318
f 5317 5318 5319
f 5319 5318 5320
f 5319 5320 5321
f 5321 5320 5322
f 5321 5322 5323
f 5323 5322 5324
f 5323 5324 700
f 700 5324 701
f 1481 5325 5326
f 1481 5326 1479
f 1479 5326 5327
f 1479 5327 726
f 726 5327 5328
f 5329 5330 1483
f 1483 5330 5331
f 1483 5331 1481
f 1481 5331 5332
f 1481 5332 5325
f 5333 5329 5334
f 5334 5329 1483
f 5334 1483 5335
f 5335 1483 1485
f 5335 1485 5336
f 5336 1485 1486
f 5336 1486 5337
f 5337 1486 5338
f 1487 5339 5340
f 5341 5338 5342
f 5342 5338 1486
f 5342 1486 5343
f 5343 1486 1487
f 5343 1487 5344
f 5344 1487 5340
f 5344 5340 5345
f 1489 5346 5347
f 1489 5347 1491
f 1491 5347 5348
f 1491 5348 1487
f 1487 5348 5349
f 1487 5349 5339
f 1494 5350 5351
f 1494 5351 1488
f 5351 5352 1488
f 1488 5352 5353
f 1488 5353 1489
f 1489 5353 5354
f 1489 5354 5346
f 1461 5355 1460
f 5355 5356 1460
f 1460 5356 5357
f 1460 5357 1494
f 1494 5357 5358
f 1494 5358 5350
f 121 5359 122
f 122 5359 446
f 5359 121 5360
f 5360 121 2404
f 5360 2404 5361
f 5361 2404 2401
f 5361 2401 5362
f 5362 2401 2394
f 5362 2394 5363
f 5363 2394 2396
f 5363 2396 5364
f 5364 2396 2398
f 5364 2398 5365
f 5365 2398 2400
f 5365 2400 5366
f 5366 2400 2408
f 5366 2408 5367
f 5367 2408 2407
f 5367 2407 5368
f 5368 2407 2406
f 5368 2406 5369
f 5369 2406 2414
f 5369 2414 5370
f 5370 2414 2413
f 5370 2413 5371
f 5371 2413 2411
f 5372 5373 5374
f 5374 5373 5375
f 5374 5375 5376
f 5376 5375 5377
f 5376 5377 5378
f 5378 5377 5379
f 5378 5379 5380
f 5380 5379 5381
f 5380 5381 5382
f 5382 5381 5383
f 5382 5383 5384
f 5384 5383 5385
f 5384 5385 5386
f 5386 5385 5387
f 5386 5387 5388
f 5388 5387 5389
f 5388 5389 5390
f 5390 5389 5391
f 5390 5391 5392
f 5392 5391 5393
f 5392 5393 5394
f 5394 5393 5395
f 5394 5395 5396
f 5396 5395 485
f 5396 485 461
f 461 485 462
f 5397 5398 5399
f 5397 5399 5400
f 5400 5399 5401
f 5400 5401 5402
f 5402 5401 5403
f 5402 5403 5404
f 1582 5397 5405
f 5405 5397 5400
f 5405 5400 5406
f 5406 5400 5402
f 5406 5402 5407
f 5407 5402 5404
f 5398 5397 5408
f 5408 5397 5409
f 5397 1582 1581
f 1594 1199 5410
f 5410 1199 5409
f 5410 5409 5411
f 5411 5409 5397
f 5411 5397 5412
f 5412 5397 1581
f 669 705 5413
f 5414 5415 5416
f 669 5413 5416
f 5416 5413 5417
f 5416 5417 5414
f 5418 5419 5420
f 5414 5421 5415
f 5415 5421 5422
f 5415 5422 5420
f 5420 5422 5423
f 5420 5423 5418
f 5408 5409 5424
f 5424 5409 5425
f 5418 5426 5419
f 5419 5426 5427
f 5419 5427 5425
f 5425 5427 5428
f 5425 5428 5424
f 5416 1209 1185
f 1187 678 1185
f 1185 678 669
f 1185 669 5416
f 5409 1199 5425
f 5425 1199 1172
f 1172 1171 5425
f 5425 1171 1208
f 5425 1208 5419
f 5419 1208 1168
f 5419 1168 5420
f 5420 1168 1214
f 1214 1213 5420
f 5420 1213 1212
f 5420 1212 5415
f 5415 1212 1211
f 5415 1211 5416
f 5416 1211 1210
f 5416 1210 1209
f 5429 496 5430
f 5430 496 5431
f 5430 5431 5432
f 5432 5431 5433
f 5432 5433 5434
f 5434 5433 5435
f 5434 5435 5436
f 5436 5435 5437
f 5436 5437 5438
f 5438 5437 5439
f 5438 5439 5440
f 5440 5439 5441
f 5440 5441 5442
f 5442 5441 5443
f 5442 5443 5444
f 5444 5443 5445
f 5444 5445 5446
f 5446 5445 5447
f 5446 5447 5448
f 5448 5447 5449
f 5448 5449 5450
f 5450 5449 5451
f 5450 5451 5452
f 5452 5451 5453
f 496 5429 323
f 323 5429 338
f 5454 5455 5456
f 5456 5455 5457
f 5456 5457 5458
f 5458 5457 5459
f 5458 5459 5460
f 5460 5459 5461
f 5462 5463 5464
f 5464 5463 5465
f 5464 5465 5455
f 5455 5465 5466
f 5455 5466 5457
f 5467 5468 2339
f 5469 5470 2339
f 2339 5470 5471
f 2339 5471 5467
f 2339 2340 5469
f 5469 2340 2341
f 5469 2341 5472
f 5472 2341 5473
f 1898 5474 2344
f 2344 5474 5473
f 2344 5473 2343
f 2343 5473 2341
f 5475 5476 5477
f 5477 5476 5478
f 5477 5478 5479
f 5479 5478 5480
f 5479 5480 5481
f 5481 5480 5482
f 5481 5482 5483
f 5483 5482 5484
f 5483 5484 5485
f 5485 5484 5486
f 5485 5486 5487
f 5487 5486 5488
f 5487 5488 5489
f 5489 5488 5490
f 5489 5490 5491
f 5491 5490 5492
f 5162 5493 5163
f 5163 5493 5494
f 5163 5494 5155
f 5155 5494 5495
f 5155 5495 5153
f 5153 5495 5496
f 5153 5496 5151
f 1921 5497 5157
f 5157 5497 5498
f 5157 5498 5158
f 5158 5498 5499
f 5158 5499 5160
f 5160 5499 5500
f 5160 5500 5162
f 5162 5500 5501
f 5162 5501 5493
f 5476 5475 5502
f 5502 5475 5503
f 5504 2507 5496
f 5496 2507 5151
f 5502 5503 5505
f 5505 5503 5506
f 5505 5506 5507
f 5507 5506 5508
f 5507 5508 5509
f 5509 5508 5510
f 5509 5510 5511
f 5511 5510 5512
f 5511 5512 5513
f 5513 5512 5514
f 5513 5514 5515
f 5515 5514 5516
f 5515 5516 5517
f 5517 5516 5518
f 5517 5518 5519
f 5519 5518 5520
f 5519 5520 5521
f 5521 5520 5522
f 5521 5522 5523
f 5523 5522 5524
f 5523 5524 5525
f 5525 5524 5526
f 5525 5526 554
f 554 5526 555
f 549 548 5527
f 5527 548 2508
f 5527 2508 5528
f 5528 2508 2510
f 5528 2510 5529
f 5529 2510 2514
f 5529 2514 5530
f 5530 2514 2513
f 5530 2513 5531
f 2519 5532 2513
f 2513 5532 5533
f 2513 5533 5531
f 2519 2518 5532
f 5532 2518 2516
f 5532 2516 5534
f 5534 2516 2522
f 5534 2522 5535
f 5535 2522 2521
f 5535 2521 5536
f 5536 2521 2520
f 5536 2520 5537
f 5537 2520 2507
f 5537 2507 5504
f 5538 5539 5540
f 5540 5539 5541
f 5540 5541 5542
f 5542 5541 5543
f 5542 5543 5544
f 5544 5543 5545
f 1989 1988 5546
f 5546 1988 5547
f 5546 5547 5548
f 5548 5547 5549
f 5548 5549 5550
f 5550 5549 5551
f 5550 5551 5538
f 5538 5551 5552
f 5538 5552 5539
f 5545 5553 5544
f 5544 5553 5554
f 5544 5554 5555
f 5555 5554 5556
f 5555 5556 5557
f 5555 5557 5558
f 5558 5557 5559
f 5558 5559 5560
f 5560 5559 5561
f 5560 5561 5562
f 5562 5561 5563
f 844 843 5564
f 5564 843 5565
f 5564 5565 5566
f 5566 5565 5567
f 5566 5567 5563
f 5563 5567 5568
f 5563 5568 5562
f 5569 5570 5571
f 5571 5570 5572
f 5571 5572 5573
f 5573 5572 5574
f 5573 5574 1602
f 1602 5574 5575
f 5576 1216 1604
f 1603 1602 5577
f 5577 1602 5575
f 5577 5575 5578
f 5578 5575 5576
f 5578 5576 5579
f 5579 5576 1604
f 971 1235 1236
f 977 971 5580
f 5580 971 1236
f 5580 1236 5581
f 5581 1236 1237
f 5581 1237 5582
f 5582 1237 1239
f 5582 1239 5583
f 5583 1239 1241
f 5583 1241 5584
f 5584 1241 1242
f 5584 1242 5585
f 5585 1242 1233
f 5585 1233 5586
f 5586 1233 1231
f 5586 1231 5587
f 5587 1231 1229
f 5587 1229 5588
f 5588 1229 1228
f 5588 1228 5589
f 5589 1228 1226
f 5589 1226 5590
f 5590 1226 1217
f 5590 1217 5576
f 5576 1217 1216
f 5591 1429 2292
f 5591 2292 2294
f 2294 2295 5592
f 5592 2295 2291
f 5592 2291 2298
f 2298 2297 5593
f 5593 2297 2129
f 1575 1549 5594
f 5594 1549 5595
f 5594 5595 5596
f 5596 5595 5597
f 5596 5597 5598
f 5598 5597 5599
f 5598 5599 5600
f 5600 5599 5601
f 5600 5601 5602
f 5602 5601 5603
f 5602 5603 5604
f 5604 5603 5605
f 1550 1549 5606
f 5606 1549 1575
f 5606 1575 1574
f 5607 5608 5609
f 5609 2285 5607
f 5607 2285 2258
f 5607 2258 5610
f 5610 2258 2257
f 5610 2257 5611
f 5611 2257 1889
f 5611 1889 5612
f 5613 5614 5615
f 5616 5617 5615
f 5615 5617 5618
f 5615 5618 5613
f 5619 5620 5621
f 5621 5620 5622
f 5621 5622 5623
f 5623 5622 5615
f 5623 5615 5624
f 5624 5615 5614
f 5625 5626 5627
f 5627 5626 5628
f 5627 5628 5629
f 5629 5628 5630
f 5630 5628 5631
f 5630 5631 5632
f 5632 5631 5633
f 5633 5631 5634
f 5633 5634 5635
f 5626 5625 5636
f 5636 5625 5637
f 993 992 5638
f 5638 992 5639
f 5638 5639 5640
f 5640 5639 5641
f 5640 5641 5642
f 5642 5641 5643
f 5642 5643 5644
f 5644 5643 5645
f 5644 5645 5646
f 5646 5645 5647
f 5646 5647 5648
f 5648 5647 5649
f 5648 5649 5650
f 5650 5649 5651
f 5650 5651 5652
f 5652 5651 5653
f 5652 5653 5654
f 5654 5653 5655
f 5654 5655 5656
f 5656 5655 5657
f 5656 5657 5658
f 5658 5657 5659
f 5658 5659 5637
f 5637 5659 5636
f 1347 5660 5661
f 1347 5661 1346
f 1346 5661 5662
f 1346 5662 1377
f 1377 5662 5663
f 5664 5665 1385
f 1385 5665 1366
f 5666 1368 1366
f 5666 1366 5667
f 5667 1366 5665
f 5668 5669 1387
f 1387 5669 1386
f 5669 5670 1386
f 1386 5670 5671
f 1386 5671 1385
f 1385 5671 5672
f 1385 5672 5664
f 5673 5674 1388
f 1388 5674 5675
f 5675 5676 5677
f 5675 5677 1388
f 1388 5677 5678
f 1388 5678 1387
f 1387 5678 5679
f 1387 5679 5668
f 5673 1388 5680
f 5680 1388 1382
f 5680 1382 5681
f 5682 5683 1380
f 1380 5683 1381
f 5683 5684 1381
f 1381 5684 5685
f 1381 5685 1382
f 1382 5685 5686
f 1382 5686 5681
f 5681 5686 5687
f 5663 5688 1377
f 1377 5688 5689
f 1377 5689 1376
f 5689 5690 1376
f 1376 5690 5691
f 1376 5691 1380
f 1380 5691 5692
f 1380 5692 5682
f 5682 5692 5693
f 2203 5694 409
f 409 5694 410
f 2104 5695 5696
f 2104 5696 2212
f 2212 5696 5697
f 2212 5697 2213
f 5697 5698 2213
f 2213 5698 5699
f 2213 5699 2215
f 2215 5699 5700
f 2215 5700 2216
f 5700 5701 2216
f 2216 5701 5702
f 2216 5702 2202
f 2202 5702 5703
f 2202 5703 2209
f 2209 5703 5704
f 2209 5704 2210
f 2207 5705 2205
f 2205 5705 5706
f 2205 5706 2203
f 2203 5706 5694
f 5704 5707 2210
f 2210 5707 5708
f 2210 5708 2211
f 2211 5708 5709
f 2211 5709 2207
f 2207 5709 5710
f 2207 5710 5705
f 5711 5712 5713
f 5713 5712 5714
f 5713 5714 5715
f 5715 5714 5716
f 5715 5716 5717
f 5717 5716 5718
f 5717 5718 5719
f 5719 5718 5720
f 5719 5720 5721
f 5721 5720 5722
f 5721 5722 5723
f 5723 5722 5724
f 5723 5724 5725
f 5725 5724 5726
f 5725 5726 5727
f 5727 5726 5728
f 5727 5728 5729
f 5729 5728 5730
f 5729 5730 5731
f 5731 5730 5732
f 5731 5732 5733
f 5733 5732 5734
f 5733 5734 5735
f 5735 5734 5736
f 5735 5736 415
f 415 5736 416
f 5737 5738 5739
f 5739 5738 5740
f 5739 5740 5741
f 5741 5740 5742
f 5741 5742 5743
f 5743 5742 5744
f 5743 5744 5745
f 5745 5744 5746
f 5745 5746 5747
f 5747 5746 5748
f 5747 5748 1614
f 1614 5748 1635
f 5749 2193 5750
f 5750 2193 1304
f 5750 1304 1643
f 5751 2198 5752
f 5752 2198 2195
f 5752 2195 5749
f 5749 2195 2194
f 5749 2194 2193
f 5753 1872 5754
f 5754 1872 2196
f 5754 2196 5751
f 5751 2196 2197
f 5751 2197 2198
f 1635 1637 1614
f 1614 1637 5755
f 1614 5755 1615
f 1644 1643 1303
f 1303 1643 1304
f 5756 5757 5758
f 5758 5757 5759
f 5758 5759 5760
f 5760 5759 5761
f 5760 5761 5762
f 5762 5761 5763
f 5762 5763 5764
f 5764 5763 5765
f 5764 5765 5766
f 5766 5765 5767
f 5766 5767 5768
f 5768 5767 5769
f 5768 5769 5770
f 5770 5769 5771
f 5770 5771 5772
f 5772 5771 5773
f 5774 2147 2146
f 5774 2146 5775
f 5775 2146 2143
f 5775 2143 5776
f 2149 5777 2150
f 2150 5777 5778
f 2147 5774 2148
f 2148 5774 5779
f 2148 5779 2149
f 2149 5779 5780
f 2149 5780 5777
f 5781 1918 5782
f 5782 1918 2151
f 5782 2151 5778
f 5778 2151 2152
f 5778 2152 2150
f 5772 5773 5783
f 5783 5773 5784
f 2155 5785 2143
f 2143 5785 5776
f 825 826 5786
f 5786 826 5787
f 5786 5787 5788
f 5788 5787 5789
f 5788 5789 5790
f 5790 5789 5791
f 5790 5791 5792
f 5792 5791 5793
f 5792 5793 5794
f 5794 5793 5795
f 5794 5795 5796
f 5796 5795 5797
f 5796 5797 5798
f 5798 5797 5799
f 5798 5799 5800
f 5800 5799 5801
f 5800 5801 5802
f 5802 5801 5803
f 5802 5803 5804
f 5804 5803 5805
f 5804 5805 5806
f 5806 5805 5807
f 5806 5807 5784
f 5784 5807 5783
f 819 820 5808
f 819 5808 2168
f 2168 5808 5809
f 2168 5809 2169
f 5809 5810 2169
f 2169 5810 5811
f 2169 5811 2173
f 2173 5811 5812
f 2173 5812 2172
f 5812 5813 2172
f 2172 5813 5814
f 2172 5814 2171
f 2171 5814 5815
f 2171 5815 2170
f 2170 5815 5816
f 2170 5816 2174
f 2176 5817 2175
f 2175 5817 5818
f 2175 5818 2155
f 2155 5818 5785
f 5816 5819 2174
f 2174 5819 5820
f 2174 5820 2177
f 2177 5820 5821
f 2177 5821 2176
f 2176 5821 5822
f 2176 5822 5817
f 2043 2044 5276
f 5276 2044 5275
f 2066 2065 5280
f 5280 2065 2132
f 2091 2090 5290
f 5290 2090 5291
f 2048 2047 222
f 222 2047 223
f 5371 2411 5176
f 2123 4093 5176
f 5176 4093 4092
f 5176 4092 5371
f 4085 4086 5372
f 5372 4086 5373
f 233 232 4123
f 4123 232 4124
f 1943 1942 5403
f 5403 1942 5404
f 5407 5404 1941
f 1941 5404 1942
f 4120 4119 5453
f 5453 4119 5452
f 2113 2119 4129
f 4129 2119 4117
f 2119 155 4117
f 4083 4101 5462
f 5462 4101 5463
f 2019 5474 1897
f 1897 5474 1898
f 5497 1921 2071
f 2071 1921 1920
f 2084 2083 5492
f 5492 2083 5491
f 1953 1952 5569
f 5569 1952 5570
f 2077 2076 5605
f 5605 2076 5604
f 2008 5612 1888
f 1888 5612 1889
f 5620 5619 2014
f 2014 5619 2001
f 1966 1965 5634
f 5634 1965 5635
f 1928 5695 1929
f 1929 5695 2104
f 2005 2004 5711
f 5711 2004 5712
f 1978 1977 5737
f 5737 1977 5738
f 1873 1872 1972
f 1972 1872 5753
f 1969 1968 5756
f 5756 1968 5757
f 1919 1918 1996
f 1996 1918 5781
f 349 206 5823
f 349 5823 350
f 350 5823 5824
f 350 5824 354
f 354 5824 5252
f 354 5252 355
f 211 5825 5826
f 5825 5827 5828
f 5827 5276 5274
f 5268 5829 5830
f 5827 5274 5828
f 5828 5274 5272
f 5828 5272 5830
f 5830 5272 5270
f 5830 5270 5268
f 5256 5831 5832
f 5268 5266 5829
f 5829 5266 5264
f 5829 5264 5833
f 5833 5264 5262
f 5833 5262 5834
f 5834 5262 5260
f 5834 5260 5832
f 5832 5260 5258
f 5832 5258 5256
f 5256 5254 5831
f 5831 5254 5252
f 5831 5252 5824
f 5825 5828 5826
f 5826 5828 5830
f 5826 5830 5835
f 5835 5830 5829
f 5835 5829 5836
f 5836 5829 5833
f 5836 5833 5837
f 5837 5833 5834
f 5837 5834 5838
f 5838 5834 5832
f 5838 5832 5839
f 5839 5832 5831
f 5839 5831 5840
f 5840 5831 5824
f 5840 5824 5823
f 211 5826 193
f 193 5826 5835
f 193 5835 192
f 192 5835 5836
f 192 5836 197
f 197 5836 5837
f 197 5837 198
f 198 5837 5838
f 198 5838 200
f 200 5838 5839
f 200 5839 202
f 202 5839 5840
f 202 5840 204
f 204 5840 5823
f 204 5823 206
f 2043 5276 5827
f 2043 5827 2041
f 2041 5827 5825
f 2041 5825 2036
f 2036 5825 211
f 2036 211 2037
f 357 5251 5841
f 357 5841 358
f 358 5841 5842
f 358 5842 359
f 359 5842 5843
f 359 5843 360
f 360 5843 5289
f 360 5289 346
f 5255 5257 5844
f 5845 5846 5847
f 5287 5288 5848
f 5277 5285 5849
f 5279 5278 5850
f 5282 5283 5846
f 5846 5283 5284
f 5846 5284 5847
f 5847 5284 5279
f 5281 5282 5851
f 5851 5282 5846
f 5851 5846 5852
f 5852 5846 5845
f 5852 5845 5853
f 5854 5855 5856
f 5857 5855 5858
f 5858 5855 5854
f 5858 5854 5850
f 5278 5277 5850
f 5850 5277 5849
f 5850 5849 5858
f 5858 5849 5859
f 5858 5859 5857
f 5857 5859 5860
f 5280 5281 5861
f 5861 5281 5851
f 5861 5851 5862
f 5862 5851 5852
f 5862 5852 5863
f 5863 5852 5853
f 5863 5853 5275
f 5275 5853 5273
f 5279 5850 5847
f 5847 5850 5854
f 5847 5854 5845
f 5845 5854 5856
f 5845 5856 5853
f 5853 5856 5271
f 5853 5271 5273
f 5259 5261 5860
f 5860 5261 5263
f 5860 5263 5857
f 5857 5263 5265
f 5857 5265 5855
f 5855 5265 5267
f 5855 5267 5856
f 5856 5267 5269
f 5856 5269 5271
f 5285 5286 5849
f 5849 5286 5864
f 5849 5864 5859
f 5859 5864 5865
f 5859 5865 5860
f 5860 5865 5844
f 5860 5844 5259
f 5259 5844 5257
f 5253 5255 5866
f 5866 5255 5844
f 5866 5844 5867
f 5867 5844 5865
f 5867 5865 5848
f 5848 5865 5864
f 5848 5864 5287
f 5287 5864 5286
f 5288 5289 5848
f 5848 5289 5843
f 5848 5843 5867
f 5867 5843 5842
f 5867 5842 5866
f 5866 5842 5841
f 5866 5841 5253
f 5253 5841 5251
f 2066 5280 5861
f 2066 5861 2067
f 2067 5861 5862
f 2067 5862 2032
f 2032 5862 5863
f 2032 5863 2033
f 2033 5863 5275
f 2033 5275 2044
f 5332 5331 5868
f 5334 5335 5869
f 5341 5342 5870
f 5321 5323 5871
f 5313 5315 5872
f 5305 5307 5873
f 727 726 5328
f 727 5874 728
f 728 5874 5875
f 728 5875 729
f 729 5875 5871
f 729 5871 725
f 725 5871 699
f 699 5871 5323
f 699 5323 700
f 5301 5303 5876
f 5876 5303 5877
f 5876 5877 5878
f 5878 5877 5879
f 5878 5879 5880
f 5880 5879 5881
f 5880 5881 1461
f 5309 5311 5882
f 5882 5311 5883
f 5882 5883 5884
f 5884 5883 5885
f 5884 5885 5886
f 5886 5885 5887
f 5358 5357 5881
f 5303 5305 5877
f 5877 5305 5873
f 5877 5873 5879
f 5879 5873 5888
f 5879 5888 5881
f 5881 5888 5889
f 5881 5889 5358
f 5357 5356 5881
f 5881 5356 5355
f 5881 5355 1461
f 5353 5352 5889
f 5307 5309 5873
f 5873 5309 5882
f 5873 5882 5888
f 5888 5882 5884
f 5888 5884 5889
f 5889 5884 5886
f 5889 5886 5353
f 5352 5351 5889
f 5889 5351 5350
f 5889 5350 5358
f 5347 5346 5886
f 5886 5346 5354
f 5886 5354 5353
f 5340 5339 5887
f 5887 5339 5349
f 5887 5349 5886
f 5886 5349 5348
f 5886 5348 5347
f 5343 5344 5887
f 5887 5344 5345
f 5887 5345 5340
f 5342 5343 5870
f 5870 5343 5887
f 5870 5887 5890
f 5890 5887 5885
f 5890 5885 5872
f 5872 5885 5883
f 5872 5883 5313
f 5313 5883 5311
f 5335 5336 5869
f 5869 5336 5337
f 5869 5337 5338
f 5315 5317 5872
f 5872 5317 5891
f 5872 5891 5890
f 5890 5891 5892
f 5890 5892 5870
f 5870 5892 5869
f 5870 5869 5341
f 5341 5869 5338
f 5331 5330 5868
f 5868 5330 5329
f 5868 5329 5333
f 5317 5319 5891
f 5891 5319 5893
f 5891 5893 5892
f 5892 5893 5894
f 5892 5894 5869
f 5869 5894 5868
f 5869 5868 5334
f 5334 5868 5333
f 5326 5325 5874
f 727 5328 5874
f 5874 5328 5327
f 5874 5327 5326
f 5319 5321 5893
f 5893 5321 5871
f 5893 5871 5894
f 5894 5871 5875
f 5894 5875 5868
f 5868 5875 5874
f 5868 5874 5332
f 5332 5874 5325
f 5300 5301 5876
f 5300 5876 5895
f 5895 5876 5878
f 5895 5878 5896
f 5896 5878 5880
f 5896 5880 5897
f 5897 5880 1461
f 5897 1461 2326
f 2331 2330 5898
f 5297 5298 5899
f 5297 5899 5295
f 5292 5294 5900
f 5900 5294 5901
f 5900 5901 5902
f 5902 5901 5903
f 5902 5903 5904
f 5904 5903 5898
f 5290 5292 5905
f 5905 5292 5900
f 5905 5900 5906
f 5906 5900 5902
f 5906 5902 5907
f 5907 5902 5904
f 5907 5904 1904
f 1904 5904 2327
f 5898 2330 5904
f 5904 2330 2328
f 5904 2328 2327
f 2324 2331 5908
f 5908 2331 5898
f 5908 5898 5909
f 5909 5898 5903
f 5909 5903 5899
f 5899 5903 5901
f 5899 5901 5295
f 5295 5901 5294
f 5298 5300 5899
f 5899 5300 5895
f 5899 5895 5909
f 5909 5895 5896
f 5909 5896 5908
f 5908 5896 5897
f 5908 5897 2324
f 2324 5897 2326
f 2091 5290 5905
f 2091 5905 2092
f 2092 5905 5906
f 2092 5906 2097
f 2097 5906 5907
f 2097 5907 2096
f 2096 5907 1904
f 2096 1904 1903
f 1545 1543 5910
f 5911 5912 5913
f 5912 5605 5603
f 2129 5914 5915
f 5915 5914 5911
f 5912 5603 5913
f 5913 5603 5601
f 5913 5601 5916
f 5916 5601 5599
f 5916 5599 5917
f 5917 5599 5597
f 5917 5597 5918
f 5918 5597 5595
f 5918 5595 5919
f 5919 5595 1549
f 5919 1549 1547
f 5911 5913 5915
f 5915 5913 5916
f 5915 5916 5920
f 5920 5916 5917
f 5920 5917 5921
f 5921 5917 5918
f 5921 5918 5922
f 5922 5918 5919
f 5922 5919 5910
f 5910 5919 1547
f 5910 1547 1545
f 2129 5915 5593
f 5593 5915 5920
f 5593 5920 2298
f 2298 5920 5921
f 2298 5921 5592
f 5592 5921 5922
f 5592 5922 2294
f 2294 5922 5910
f 2294 5910 5591
f 5591 5910 1543
f 5591 1543 1429
f 2077 5605 5912
f 2077 5912 2072
f 2072 5912 5911
f 2072 5911 2073
f 2073 5911 5914
f 2073 5914 2081
f 2081 5914 2129
f 2081 2129 2080
f 1580 1578 5923
f 1578 1576 5924
f 5600 5925 5598
f 5598 5925 5926
f 5598 5926 5596
f 5596 5926 5924
f 5596 5924 5594
f 5594 5924 1576
f 5594 1576 1575
f 5600 5602 5925
f 5925 5602 5604
f 5925 5604 5927
f 1578 5924 5923
f 5923 5924 5926
f 5923 5926 5928
f 5928 5926 5925
f 5928 5925 5929
f 5929 5925 5927
f 5929 5927 5930
f 1580 5923 2334
f 2334 5923 5928
f 2334 5928 2333
f 2333 5928 5929
f 2333 5929 2332
f 2332 5929 5930
f 2332 5930 1908
f 1907 1908 2093
f 2093 1908 5930
f 2093 5930 2094
f 2094 5930 5927
f 2094 5927 2095
f 2095 5927 5604
f 2095 5604 2076
f 5310 5931 5932
f 5306 5304 5933
f 5931 5934 5935
f 5934 5936 5937
f 5936 2381 2382
f 5936 2382 5937
f 5937 2382 2383
f 5937 2383 5938
f 5938 2383 2384
f 5938 2384 5939
f 5939 2384 2385
f 5939 2385 5940
f 2359 2379 5941
f 5941 2379 5942
f 5941 5942 5943
f 5943 5942 5944
f 5934 5937 5935
f 5935 5937 5938
f 5935 5938 5945
f 5945 5938 5939
f 5945 5939 5946
f 5946 5939 5940
f 5946 5940 5947
f 5933 5948 5944
f 5944 5948 5949
f 5944 5949 5943
f 5931 5935 5932
f 5932 5935 5945
f 5932 5945 5950
f 5950 5945 5946
f 5950 5946 5951
f 5951 5946 5947
f 5951 5947 5952
f 5304 5302 5933
f 5933 5302 5953
f 5933 5953 5948
f 2379 2380 5942
f 5942 2380 5954
f 5942 5954 5944
f 5944 5954 5955
f 5944 5955 5933
f 5933 5955 5956
f 5933 5956 5306
f 5306 5956 5308
f 2380 2381 5954
f 5954 2381 5936
f 5954 5936 5955
f 5955 5936 5934
f 5955 5934 5956
f 5956 5934 5931
f 5956 5931 5308
f 5308 5931 5310
f 5322 5320 5952
f 5952 5320 5318
f 5952 5318 5951
f 5951 5318 5316
f 5951 5316 5950
f 5950 5316 5314
f 5950 5314 5932
f 5932 5314 5312
f 5932 5312 5310
f 2385 2386 5940
f 5940 2386 5957
f 5940 5957 5947
f 5947 5957 5958
f 5947 5958 5952
f 5952 5958 5959
f 5952 5959 5322
f 5322 5959 5324
f 2386 707 5957
f 5957 707 671
f 5957 671 5958
f 5958 671 670
f 5958 670 5959
f 5959 670 675
f 5959 675 5324
f 5324 675 701
f 2359 5941 2356
f 2356 5941 5960
f 5941 5943 5960
f 5960 5943 5949
f 5960 5949 5961
f 5961 5949 5948
f 5961 5948 5299
f 5299 5948 5953
f 5299 5953 5302
f 2116 2354 5962
f 5962 2354 5963
f 5293 5291 5964
f 5964 5291 5965
f 5964 5965 5963
f 5963 5965 5966
f 5963 5966 5962
f 2354 2355 5963
f 5963 2355 5967
f 5963 5967 5964
f 5964 5967 5968
f 5964 5968 5293
f 5293 5968 5296
f 2355 2356 5967
f 5967 2356 5960
f 5967 5960 5968
f 5968 5960 5961
f 5968 5961 5296
f 5296 5961 5299
f 2086 2116 5962
f 2086 5962 2087
f 2087 5962 5966
f 2087 5966 2088
f 2088 5966 5965
f 2088 5965 2089
f 2089 5965 5291
f 2089 5291 2090
f 5969 5970 5426
f 2375 2373 5971
f 2372 2357 5972
f 5972 2357 5973
f 5972 5973 5974
f 2373 2372 5971
f 5971 2372 5972
f 5971 5972 5975
f 5975 5972 5974
f 5975 5974 5408
f 5428 5427 5976
f 5977 5976 5970
f 5970 5976 5427
f 5970 5427 5426
f 5408 5424 5975
f 5975 5424 5978
f 5975 5978 5971
f 5971 5978 5979
f 5971 5979 2375
f 2375 5979 2377
f 5977 5970 5980
f 5980 5970 5969
f 5980 5969 5981
f 2368 2366 5981
f 5981 2366 2378
f 5981 2378 5980
f 5980 2378 2377
f 5980 2377 5977
f 5977 2377 5979
f 5977 5979 5976
f 5976 5979 5978
f 5976 5978 5428
f 5428 5978 5424
f 5426 5418 5969
f 5969 5418 5982
f 5969 5982 5981
f 5981 5982 5983
f 5981 5983 2368
f 2368 5983 2370
f 5417 5984 5414
f 5414 5984 5985
f 5414 5985 5421
f 5421 5985 5986
f 5421 5986 5422
f 5422 5986 5987
f 5422 5987 5423
f 5984 5988 5985
f 5985 5988 5989
f 5985 5989 5986
f 5986 5989 5990
f 5986 5990 5987
f 5418 5423 5982
f 5982 5423 5987
f 5982 5987 5983
f 5983 5987 5990
f 5983 5990 2370
f 2370 5990 5989
f 2370 5989 2371
f 2371 5989 5988
f 2371 5988 2363
f 5417 5413 5991
f 5417 5991 5984
f 5984 5991 5992
f 5984 5992 5988
f 5988 5992 2361
f 5988 2361 2363
f 5413 705 704
f 5413 704 5991
f 5991 704 703
f 5991 703 5992
f 5992 703 702
f 5992 702 2361
f 5398 5408 5993
f 5993 5408 5974
f 5993 5974 5994
f 5994 5974 5973
f 5994 5973 2353
f 2353 5973 2357
f 2114 5995 2349
f 2349 5995 5996
f 2349 5996 2351
f 2351 5996 5997
f 2351 5997 2353
f 2353 5997 5994
f 5995 5998 5996
f 5996 5998 5999
f 5996 5999 5997
f 5997 5999 6000
f 5997 6000 5994
f 5994 6000 5993
f 5998 5403 5999
f 5999 5403 5401
f 5999 5401 6000
f 6000 5401 5399
f 6000 5399 5993
f 5993 5399 5398
f 1943 5403 5998
f 1943 5998 1944
f 1944 5998 5995
f 1944 5995 1945
f 1945 5995 2114
f 1945 2114 1939
f 2307 2308 6001
f 6001 2308 6002
f 6001 6002 6003
f 6003 6002 6004
f 6003 6004 6005
f 6005 6004 6006
f 6005 6006 5407
f 5407 6006 5406
f 2308 2309 6002
f 6002 2309 6007
f 6002 6007 6004
f 6004 6007 6008
f 6004 6008 6006
f 6006 6008 6009
f 6006 6009 5406
f 5406 6009 5405
f 2309 1433 6007
f 6007 1433 1587
f 6007 1587 6008
f 6008 1587 1585
f 6008 1585 6009
f 6009 1585 1583
f 6009 1583 5405
f 5405 1583 1582
f 1938 2307 6001
f 1938 6001 1937
f 1937 6001 6003
f 1937 6003 1936
f 1936 6003 6005
f 1936 6005 1940
f 1940 6005 5407
f 1940 5407 1941
f 5569 5571 6010
f 6010 5571 6011
f 6010 6011 6012
f 6012 6011 6013
f 6012 6013 6014
f 6014 6013 6015
f 6014 6015 1910
f 1910 6015 2304
f 5571 5573 6011
f 6011 5573 6016
f 6011 6016 6013
f 6013 6016 6017
f 6013 6017 6015
f 6015 6017 6018
f 6015 6018 2304
f 2304 6018 2306
f 5573 1602 6016
f 6016 1602 1600
f 6016 1600 6017
f 6017 1600 1598
f 6017 1598 6018
f 6018 1598 1597
f 6018 1597 2306
f 2306 1597 1436
f 1953 5569 6010
f 1953 6010 1954
f 1954 6010 6012
f 1954 6012 1946
f 1946 6012 6014
f 1946 6014 1947
f 1947 6014 1910
f 1947 1910 1909
f 5587 6019 6020
f 5589 5590 6021
f 6019 6022 6023
f 6022 6024 6025
f 2435 2434 6026
f 6024 2441 2440
f 2443 2444 6027
f 6024 2440 6025
f 6025 2440 2439
f 6025 2439 6028
f 2439 2438 6028
f 6028 2438 2437
f 6028 2437 6029
f 6029 2437 2436
f 6029 2436 6030
f 6022 6025 6023
f 6023 6025 6028
f 6023 6028 6031
f 6031 6028 6029
f 6031 6029 6032
f 6032 6029 6030
f 6032 6030 6033
f 6019 6023 6020
f 6020 6023 6031
f 6020 6031 6034
f 6034 6031 6032
f 6034 6032 6035
f 6035 6032 6033
f 6035 6033 6036
f 2321 2442 6037
f 6037 2442 6038
f 6037 6038 6039
f 6039 6038 6040
f 6039 6040 6041
f 6041 6040 6021
f 6041 6021 5576
f 5576 6021 5590
f 2442 2443 6038
f 6038 2443 6027
f 6038 6027 6040
f 6040 6027 6042
f 6040 6042 6021
f 6021 6042 6043
f 6021 6043 5589
f 5589 6043 5588
f 2444 2441 6027
f 6027 2441 6024
f 6027 6024 6042
f 6042 6024 6022
f 6042 6022 6043
f 6043 6022 6019
f 6043 6019 5588
f 5588 6019 5587
f 5581 5582 6036
f 6036 5582 5583
f 6036 5583 6035
f 6035 5583 5584
f 6035 5584 6034
f 6034 5584 5585
f 6034 5585 6020
f 6020 5585 5586
f 6020 5586 5587
f 2436 2435 6030
f 6030 2435 6026
f 6030 6026 6033
f 6033 6026 6044
f 6033 6044 6036
f 6036 6044 6045
f 6036 6045 5581
f 5581 6045 5580
f 2434 990 6026
f 6026 990 989
f 6026 989 6044
f 6044 989 976
f 6044 976 6045
f 6045 976 975
f 6045 975 5580
f 5580 975 977
f 2318 2321 6037
f 2318 6037 6046
f 6046 6037 6039
f 6046 6039 6047
f 6047 6039 6041
f 6047 6041 6048
f 6048 6041 5576
f 6048 5576 5575
f 1890 2316 6049
f 6049 2316 6050
f 6049 6050 6051
f 6051 6050 6052
f 6051 6052 6053
f 6053 6052 6054
f 6053 6054 5570
f 5570 6054 5572
f 2316 2317 6050
f 6050 2317 6055
f 6050 6055 6052
f 6052 6055 6056
f 6052 6056 6054
f 6054 6056 6057
f 6054 6057 5572
f 5572 6057 5574
f 2317 2318 6055
f 6055 2318 6046
f 6055 6046 6056
f 6056 6046 6047
f 6056 6047 6057
f 6057 6047 6048
f 6057 6048 5574
f 5574 6048 5575
f 1891 1890 6049
f 1891 6049 1948
f 1948 6049 6051
f 1948 6051 1950
f 1950 6051 6053
f 1950 6053 1951
f 1951 6053 5570
f 1951 5570 1952
f 1966 5634 6058
f 1966 6058 1963
f 1963 6058 6059
f 1963 6059 1961
f 1961 6059 6060
f 1961 6060 1962
f 1962 6060 1894
f 1962 1894 1896
f 5634 5631 6058
f 6058 5631 6061
f 6058 6061 6059
f 6059 6061 6062
f 2311 1894 6062
f 6062 1894 6060
f 6062 6060 6059
f 5631 5628 6061
f 6061 5628 6063
f 6061 6063 6062
f 6062 6063 6064
f 6062 6064 2311
f 2311 6064 2313
f 5628 5626 6063
f 6063 5626 6065
f 6063 6065 6064
f 6064 6065 6066
f 6064 6066 2313
f 2313 6066 2315
f 5626 5636 6067
f 5626 6067 6065
f 6065 6067 6068
f 6065 6068 6066
f 6068 6069 6066
f 6066 6069 6070
f 6066 6070 2315
f 2315 6070 6071
f 2315 6071 2319
f 6068 6067 6072
f 6067 5636 5659
f 6067 5659 6072
f 6072 5659 5657
f 6072 5657 6073
f 5657 5655 6073
f 6073 5655 5653
f 6073 5653 6074
f 6074 5653 5651
f 6074 5651 6075
f 6075 5651 5649
f 6075 5649 6076
f 5649 5647 6076
f 6076 5647 5645
f 6076 5645 6077
f 6077 5645 5643
f 6077 5643 6078
f 6078 5643 5641
f 6078 5641 6079
f 5641 5639 6079
f 6079 5639 992
f 6079 992 991
f 6070 6069 6080
f 6080 6069 6068
f 6068 6072 6080
f 6080 6072 6073
f 6080 6073 6081
f 6081 6073 6074
f 6081 6074 6082
f 6082 6074 6075
f 6082 6075 6083
f 6083 6075 6076
f 6083 6076 6084
f 6084 6076 6077
f 6084 6077 6085
f 6085 6077 6078
f 6085 6078 6086
f 6086 6078 6079
f 6086 6079 6087
f 6087 6079 991
f 6087 991 978
f 2319 6071 6088
f 6088 6071 6070
f 6070 6080 6088
f 6088 6080 6081
f 6088 6081 6089
f 6089 6081 6082
f 6089 6082 6090
f 6090 6082 6083
f 6090 6083 6091
f 6091 6083 6084
f 6091 6084 6092
f 6092 6084 6085
f 6092 6085 6093
f 6093 6085 6086
f 6093 6086 6094
f 6094 6086 6087
f 6094 6087 6095
f 6095 6087 978
f 6095 978 965
f 2319 6088 2419
f 2419 6088 6089
f 2419 6089 2421
f 2421 6089 6090
f 2421 6090 2423
f 2423 6090 6091
f 2423 6091 2425
f 2425 6091 6092
f 2425 6092 2427
f 2427 6092 6093
f 2427 6093 2429
f 2429 6093 6094
f 2429 6094 2431
f 2431 6094 6095
f 2431 6095 2433
f 2433 6095 965
f 2433 965 964
f 1882 1883 6096
f 1882 6096 1955
f 1955 6096 6097
f 1955 6097 1960
f 1960 6097 6098
f 1960 6098 1964
f 1964 6098 5635
f 1964 5635 1965
f 5629 5630 6099
f 2252 2251 6100
f 2252 6100 2253
f 2254 2255 6101
f 6101 2255 6102
f 6101 6102 6103
f 6103 6102 6104
f 6103 6104 6105
f 6105 6104 6099
f 1883 2254 6096
f 6096 2254 6101
f 6096 6101 6097
f 6097 6101 6103
f 6097 6103 6098
f 6098 6103 6105
f 6098 6105 5635
f 5635 6105 5633
f 6099 5630 6105
f 6105 5630 5632
f 6105 5632 5633
f 5627 5629 6106
f 6106 5629 6099
f 6106 6099 6107
f 6107 6099 6104
f 6107 6104 6100
f 6100 6104 6102
f 6100 6102 2253
f 2253 6102 2255
f 2251 2249 6100
f 6100 2249 6108
f 6100 6108 6107
f 6107 6108 6109
f 6107 6109 6106
f 6106 6109 6110
f 6106 6110 5627
f 5627 6110 5625
f 2249 1368 6111
f 2249 6111 6108
f 6108 6111 6112
f 6108 6112 6109
f 6109 6112 6113
f 6109 6113 6110
f 6110 6113 5637
f 6110 5637 5625
f 5652 6114 6115
f 5656 5658 6116
f 6114 6117 6118
f 5690 5689 6119
f 5669 5668 6120
f 994 993 5638
f 994 5638 6121
f 5638 6122 6121
f 6121 6122 6123
f 6121 6123 6124
f 6124 6123 6125
f 6124 6125 6126
f 5660 1347 6125
f 6125 1347 6127
f 6125 6127 6126
f 5665 6128 5667
f 5667 6128 5666
f 5664 5672 6129
f 6129 5672 5671
f 6129 5671 5670
f 5668 5679 6120
f 6120 5679 5678
f 6120 5678 5677
f 5677 5676 6120
f 6120 5676 6130
f 6120 6130 6117
f 5676 5675 6130
f 6130 5675 5674
f 6130 5674 5673
f 5673 5680 6130
f 6130 5680 5681
f 6130 5681 6131
f 5684 5683 6132
f 5681 5687 6131
f 6131 5687 5686
f 6131 5686 6132
f 6132 5686 5685
f 6132 5685 5684
f 5690 6119 5691
f 5683 5682 6132
f 6132 5682 5693
f 6132 5693 6119
f 6119 5693 5692
f 6119 5692 5691
f 5688 5663 6125
f 5663 5662 6125
f 6125 5662 5661
f 6125 5661 5660
f 6117 6130 6118
f 6118 6130 6131
f 6118 6131 6133
f 6133 6131 6132
f 6133 6132 6134
f 6134 6132 6119
f 6134 6119 6135
f 6114 6118 6115
f 6115 6118 6133
f 6115 6133 6136
f 6136 6133 6134
f 6136 6134 6137
f 6137 6134 6135
f 6137 6135 6138
f 1368 5666 6111
f 6111 5666 6128
f 6111 6128 6112
f 6112 6128 6139
f 6112 6139 6113
f 6113 6139 6116
f 6113 6116 5637
f 5637 6116 5658
f 5665 5664 6128
f 6128 5664 6129
f 6128 6129 6139
f 6139 6129 6140
f 6139 6140 6116
f 6116 6140 6141
f 6116 6141 5656
f 5656 6141 5654
f 5670 5669 6129
f 6129 5669 6120
f 6129 6120 6140
f 6140 6120 6117
f 6140 6117 6141
f 6141 6117 6114
f 6141 6114 5654
f 5654 6114 5652
f 5640 5642 6138
f 6138 5642 5644
f 6138 5644 6137
f 6137 5644 5646
f 6137 5646 6136
f 6136 5646 5648
f 6136 5648 6115
f 6115 5648 5650
f 6115 5650 5652
f 5689 5688 6119
f 6119 5688 6125
f 6119 6125 6135
f 6135 6125 6123
f 6135 6123 6138
f 6138 6123 6122
f 6138 6122 5640
f 5640 6122 5638
f 1978 5737 6142
f 1978 6142 1958
f 1958 6142 6143
f 1958 6143 1959
f 1959 6143 6144
f 1959 6144 1956
f 1956 6144 1879
f 1956 1879 1878
f 6143 6142 6145
f 6142 5737 5739
f 1879 6144 6146
f 6146 6144 6143
f 6142 5739 6145
f 6145 5739 5741
f 6145 5741 6147
f 6147 5741 5743
f 6147 5743 6148
f 6148 5743 5745
f 6148 5745 6149
f 6143 6145 6146
f 6146 6145 6147
f 6146 6147 6150
f 6150 6147 6148
f 6150 6148 6151
f 6151 6148 6149
f 6151 6149 6152
f 2240 2242 6152
f 6152 2242 2244
f 6152 2244 6151
f 6151 2244 2245
f 6151 2245 6150
f 6150 2245 2247
f 6150 2247 6146
f 6146 2247 2248
f 6146 2248 1879
f 2241 2240 6153
f 6153 2240 6152
f 6153 6152 6154
f 6154 6152 6149
f 6154 6149 5747
f 5747 6149 5745
f 5747 1614 6154
f 6154 1614 1612
f 6154 1612 6153
f 6153 1612 1610
f 6153 1610 2241
f 2241 1610 1609
f 1972 5753 1973
f 1973 5753 6155
f 1973 6155 1974
f 1974 6155 1975
f 1975 6155 6156
f 1975 6156 1976
f 1976 6156 5738
f 1976 5738 1977
f 5738 6156 6157
f 6156 6155 6158
f 6155 5753 5754
f 6155 5754 6158
f 6158 5754 5751
f 6158 5751 6159
f 6159 5751 5752
f 6159 5752 6160
f 6160 5752 5749
f 6160 5749 6161
f 6161 5749 5750
f 6161 5750 6162
f 6162 5750 1643
f 6162 1643 1640
f 6156 6158 6157
f 6157 6158 6159
f 6157 6159 6163
f 6163 6159 6160
f 6163 6160 6164
f 6164 6160 6161
f 6164 6161 6165
f 6165 6161 6162
f 6165 6162 6166
f 6166 6162 1640
f 6166 1640 1636
f 5738 6157 5740
f 5740 6157 6163
f 5740 6163 5742
f 5742 6163 6164
f 5742 6164 5744
f 5744 6164 6165
f 5744 6165 5746
f 5746 6165 6166
f 5746 6166 5748
f 5748 6166 1636
f 5748 1636 1635
f 1969 5756 6167
f 1969 6167 1971
f 1971 6167 6168
f 1971 6168 1967
f 1967 6168 1876
f 1967 1876 1877
f 6168 6167 6169
f 6167 5756 5758
f 6168 6170 1876
f 1876 6170 2192
f 2192 6170 2191
f 2191 6170 6171
f 2191 6171 2189
f 2189 6171 6172
f 2189 6172 2178
f 6173 2186 6174
f 6174 2186 2182
f 6174 2182 6175
f 6175 2182 2181
f 6175 2181 6172
f 6172 2181 2179
f 6172 2179 2178
f 6167 5758 6169
f 6169 5758 5760
f 6169 5760 6176
f 6176 5760 5762
f 6176 5762 6177
f 6177 5762 5764
f 6177 5764 6178
f 6178 5764 5766
f 6178 5766 6179
f 6179 5766 5768
f 6179 5768 6180
f 6168 6169 6170
f 6170 6169 6176
f 6170 6176 6171
f 6171 6176 6177
f 6171 6177 6172
f 6172 6177 6178
f 6172 6178 6175
f 6175 6178 6179
f 6175 6179 6174
f 6174 6179 6180
f 6174 6180 6173
f 2184 2188 6173
f 6173 2188 2187
f 6173 2187 2186
f 5770 5772 6181
f 6181 5772 6182
f 6181 6182 6183
f 6183 6182 6184
f 5768 5770 6180
f 6180 5770 6181
f 6180 6181 6173
f 6173 6181 6183
f 6173 6183 2184
f 2184 6183 6184
f 2184 6184 1308
f 5772 5783 6185
f 5772 6185 6182
f 6182 6185 6186
f 6182 6186 6184
f 6184 6186 1309
f 6184 1309 1308
f 6185 5783 5807
f 857 856 6187
f 855 854 1334
f 834 853 6188
f 6188 853 857
f 5801 6189 6190
f 6185 5807 6191
f 6191 5807 5805
f 6191 5805 6190
f 6190 5805 5803
f 6190 5803 5801
f 826 834 5787
f 5787 834 6188
f 5787 6188 5789
f 5789 6188 6192
f 5801 5799 6189
f 6189 5799 5797
f 6189 5797 6193
f 6193 5797 5795
f 6193 5795 6194
f 6194 5795 5793
f 6194 5793 6192
f 6192 5793 5791
f 6192 5791 5789
f 857 6187 6188
f 6188 6187 6195
f 6188 6195 6192
f 6192 6195 6196
f 6192 6196 6194
f 6194 6196 6197
f 6194 6197 6193
f 6193 6197 6198
f 6193 6198 6189
f 6189 6198 6199
f 6189 6199 6190
f 6190 6199 6200
f 6190 6200 6191
f 6191 6200 6186
f 6191 6186 6185
f 856 855 6187
f 6187 855 1334
f 6187 1334 6195
f 6195 1334 1336
f 6195 1336 6196
f 6196 1336 1337
f 6196 1337 6197
f 6197 1337 1338
f 6197 1338 6198
f 6198 1338 1340
f 6198 1340 6199
f 6199 1340 1318
f 6199 1318 6200
f 6200 1318 1311
f 6200 1311 6186
f 6186 1311 1309
f 1996 5781 6201
f 1996 6201 1997
f 1997 6201 6202
f 1997 6202 1994
f 1994 6202 6203
f 1994 6203 1995
f 1995 6203 5757
f 1995 5757 1968
f 5757 6203 6204
f 6202 6201 6205
f 6201 5781 5782
f 6202 6205 6203
f 6201 5782 6205
f 6205 5782 5778
f 6205 5778 6206
f 6206 5778 5777
f 6206 5777 6207
f 6207 5777 5780
f 6207 5780 6208
f 6208 5780 5779
f 6208 5779 6209
f 6209 5779 5774
f 6209 5774 6210
f 6210 5774 5775
f 6210 5775 6211
f 6211 5775 5776
f 6211 5776 6212
f 6203 6205 6204
f 6204 6205 6206
f 6204 6206 6213
f 6213 6206 6207
f 6213 6207 6214
f 6214 6207 6208
f 6214 6208 6215
f 6215 6208 6209
f 6215 6209 6216
f 6216 6209 6210
f 6216 6210 6217
f 6217 6210 6211
f 6217 6211 6218
f 6218 6211 6212
f 6218 6212 6219
f 5757 6204 5759
f 5759 6204 6213
f 5759 6213 5761
f 5761 6213 6214
f 5761 6214 5763
f 5763 6214 6215
f 5763 6215 5765
f 5765 6215 6216
f 5765 6216 5767
f 5767 6216 6217
f 5767 6217 5769
f 5769 6217 6218
f 5769 6218 5771
f 5771 6218 6219
f 5771 6219 5773
f 5776 5785 6220
f 5776 6220 6212
f 6212 6220 6221
f 6212 6221 6219
f 6219 6221 5784
f 6219 5784 5773
f 6222 5821 5820
f 5784 6221 6223
f 6221 6220 6224
f 5821 6222 5822
f 5822 6222 6225
f 5822 6225 5817
f 5817 6225 6224
f 5817 6224 5818
f 5818 6224 6220
f 5818 6220 5785
f 5819 6226 5820
f 5820 6226 6227
f 5820 6227 6222
f 5819 5816 6226
f 6226 5816 5815
f 6226 5815 6228
f 6228 5815 5814
f 6228 5814 6229
f 6229 5814 5813
f 6229 5813 6230
f 5813 5812 6230
f 6230 5812 5811
f 6230 5811 6231
f 6231 5811 5810
f 6231 5810 6232
f 5810 5809 6232
f 6232 5809 5808
f 6232 5808 6233
f 6233 5808 820
f 6233 820 821
f 6221 6224 6223
f 6223 6224 6225
f 6223 6225 6234
f 6234 6225 6222
f 6234 6222 6235
f 6235 6222 6227
f 6235 6227 6236
f 6236 6227 6226
f 6236 6226 6237
f 6237 6226 6228
f 6237 6228 6238
f 6238 6228 6229
f 6238 6229 6239
f 6239 6229 6230
f 6239 6230 6240
f 6240 6230 6231
f 6240 6231 6241
f 6241 6231 6232
f 6241 6232 6242
f 6242 6232 6233
f 6242 6233 6243
f 6243 6233 821
f 6243 821 823
f 5784 6223 5806
f 5806 6223 6234
f 5806 6234 5804
f 5804 6234 6235
f 5804 6235 5802
f 5802 6235 6236
f 5802 6236 5800
f 5800 6236 6237
f 5800 6237 5798
f 5798 6237 6238
f 5798 6238 5796
f 5796 6238 6239
f 5796 6239 5794
f 5794 6239 6240
f 5794 6240 5792
f 5792 6240 6241
f 5792 6241 5790
f 5790 6241 6242
f 5790 6242 5788
f 5788 6242 6243
f 5788 6243 5786
f 5786 6243 823
f 5786 823 825
f 2153 6244 6245
f 6244 6246 6247
f 6246 5555 5558
f 6246 5558 6247
f 6247 5558 5560
f 6247 5560 6248
f 6248 5560 5562
f 6248 5562 6249
f 6249 5562 5568
f 6249 5568 6250
f 6250 5568 5567
f 6250 5567 6251
f 6251 5567 5565
f 6251 5565 6252
f 6252 5565 843
f 6252 843 842
f 6244 6247 6245
f 6245 6247 6248
f 6245 6248 6253
f 6253 6248 6249
f 6253 6249 6254
f 6254 6249 6250
f 6254 6250 6255
f 6255 6250 6251
f 6255 6251 6256
f 6256 6251 6252
f 6256 6252 6257
f 6257 6252 842
f 6257 842 816
f 2153 6245 2166
f 2166 6245 6253
f 2166 6253 2164
f 2164 6253 6254
f 2164 6254 2162
f 2162 6254 6255
f 2162 6255 2158
f 2158 6255 6256
f 2158 6256 2160
f 2160 6256 6257
f 2160 6257 2159
f 2159 6257 816
f 2159 816 815
f 5544 5555 6246
f 5544 6246 6258
f 6258 6246 6244
f 6258 6244 6259
f 6259 6244 2153
f 6259 2153 2145
f 5544 6258 6260
f 6258 6259 6261
f 6259 2145 2134
f 6259 2134 6261
f 6261 2134 2133
f 6261 2133 6262
f 6262 2133 2141
f 6262 2141 6263
f 6263 2141 2139
f 6263 2139 6264
f 6264 2139 2137
f 6264 2137 6265
f 6265 2137 1914
f 6265 1914 6266
f 6258 6261 6260
f 6260 6261 6262
f 6260 6262 6267
f 6267 6262 6263
f 6267 6263 6268
f 6268 6263 6264
f 6268 6264 6269
f 6269 6264 6265
f 6269 6265 6270
f 6270 6265 6266
f 6270 6266 6271
f 5544 6260 5542
f 5542 6260 6267
f 5542 6267 5540
f 5540 6267 6268
f 5540 6268 5538
f 5538 6268 6269
f 5538 6269 5550
f 5550 6269 6270
f 5550 6270 5548
f 5548 6270 6271
f 5548 6271 5546
f 1989 5546 1991
f 1991 5546 6271
f 1991 6271 1992
f 1992 6271 6266
f 1992 6266 1993
f 1993 6266 1914
f 1993 1914 1913
f 6272 617 619
f 6273 6274 6275
f 6275 6274 6272
f 6272 619 6275
f 6275 619 620
f 6275 620 6276
f 6276 620 614
f 6276 614 6277
f 6277 614 613
f 6277 613 6278
f 6278 613 628
f 6278 628 6279
f 6279 628 630
f 6279 630 828
f 5557 6280 6281
f 6281 6280 6273
f 6273 6275 6281
f 6281 6275 6276
f 6281 6276 6282
f 6282 6276 6277
f 6282 6277 6283
f 6283 6277 6278
f 6283 6278 6284
f 6284 6278 6279
f 6284 6279 6285
f 6285 6279 828
f 6285 828 827
f 5557 6281 5559
f 5559 6281 6282
f 5559 6282 5561
f 5561 6282 6283
f 5561 6283 5563
f 5563 6283 6284
f 5563 6284 5566
f 5566 6284 6285
f 5566 6285 5564
f 5564 6285 827
f 5564 827 844
f 625 617 6272
f 6286 6287 6288
f 6288 6289 6286
f 6286 6289 6290
f 6286 6290 6291
f 6286 6292 6287
f 6287 6292 6293
f 6287 6293 6294
f 6295 6296 6273
f 6295 6273 5556
f 5556 6273 6280
f 5556 6280 5557
f 6294 625 6287
f 6287 625 6272
f 6287 6272 6297
f 6297 6272 6274
f 6297 6274 6298
f 6298 6274 6273
f 6298 6273 6299
f 6299 6273 6296
f 6300 5554 5553
f 6295 5556 5554
f 6291 6290 6301
f 6301 6290 6289
f 6301 6289 2234
f 6295 5554 6296
f 6296 5554 6300
f 6296 6300 6299
f 6302 6297 6300
f 6300 6297 6298
f 6300 6298 6299
f 2234 6289 6303
f 6303 6289 6288
f 6303 6288 6302
f 6302 6288 6287
f 6302 6287 6297
f 5553 6304 6300
f 6300 6304 6305
f 6300 6305 6302
f 6303 6302 6306
f 2230 2234 6303
f 2230 6303 6307
f 6303 6306 6307
f 6307 6306 6302
f 6307 6302 6308
f 6308 6302 6305
f 6308 6305 5545
f 5545 6305 6304
f 5545 6304 5553
f 2230 6307 6309
f 6307 6308 6310
f 6308 5545 5543
f 6308 5543 6310
f 6310 5543 5541
f 6310 5541 6311
f 6311 5541 5539
f 6311 5539 6312
f 6312 5539 5552
f 6312 5552 6313
f 6313 5552 5551
f 6313 5551 6314
f 6314 5551 5549
f 6314 5549 6315
f 6315 5549 5547
f 6315 5547 6316
f 6307 6310 6309
f 6309 6310 6311
f 6309 6311 6317
f 6317 6311 6312
f 6317 6312 6318
f 6318 6312 6313
f 6318 6313 6319
f 6319 6313 6314
f 6319 6314 6320
f 6320 6314 6315
f 6320 6315 6321
f 6321 6315 6316
f 6321 6316 6322
f 2230 6309 2229
f 2229 6309 6317
f 2229 6317 2228
f 2228 6317 6318
f 2228 6318 2227
f 2227 6318 6319
f 2227 6319 2226
f 2226 6319 6320
f 2226 6320 2225
f 2225 6320 6321
f 2225 6321 2224
f 2224 6321 6322
f 2224 6322 2107
f 1980 2107 6322
f 1980 6322 1981
f 1981 6322 6316
f 1981 6316 1986
f 1986 6316 1987
f 1987 6316 5547
f 1987 5547 1988
f 410 5694 6323
f 410 6323 411
f 411 6323 6324
f 411 6324 412
f 412 6324 6325
f 412 6325 414
f 414 6325 5735
f 414 5735 415
f 5696 6326 6327
f 6328 6329 6330
f 6329 5711 5713
f 5696 5695 6326
f 6326 5695 6331
f 6326 6331 6328
f 6332 5699 6333
f 6333 5699 5698
f 6333 5698 6327
f 6327 5698 5697
f 6327 5697 5696
f 6334 5703 6335
f 6335 5703 5702
f 6335 5702 6336
f 6336 5702 5701
f 6336 5701 6332
f 6332 5701 5700
f 6332 5700 5699
f 5708 5707 6334
f 6334 5707 5704
f 6334 5704 5703
f 6334 6337 5708
f 5708 6337 6338
f 5708 6338 5709
f 6329 5713 6330
f 6330 5713 5715
f 6330 5715 6339
f 6339 5715 5717
f 6339 5717 6340
f 6340 5717 5719
f 6340 5719 6341
f 6341 5719 5721
f 6341 5721 6342
f 6342 5721 5723
f 6342 5723 6343
f 6343 5723 5725
f 6343 5725 6344
f 6344 5725 5727
f 6344 5727 6345
f 6345 5727 5729
f 6345 5729 6346
f 6346 5729 5731
f 6346 5731 6347
f 6347 5731 5733
f 6347 5733 6348
f 5733 5735 6348
f 6348 5735 6325
f 6348 6325 6324
f 6328 6330 6326
f 6326 6330 6339
f 6326 6339 6327
f 6327 6339 6340
f 6327 6340 6333
f 6333 6340 6341
f 6333 6341 6332
f 6332 6341 6342
f 6332 6342 6336
f 6336 6342 6343
f 6336 6343 6335
f 6335 6343 6344
f 6335 6344 6334
f 6334 6344 6345
f 6334 6345 6337
f 6337 6345 6346
f 6337 6346 6338
f 6338 6346 6347
f 6338 6347 6349
f 6349 6347 6348
f 6349 6348 6350
f 6350 6348 6324
f 6350 6324 6323
f 5709 6338 5710
f 5710 6338 6349
f 5710 6349 5705
f 5705 6349 6350
f 5705 6350 5706
f 5706 6350 6323
f 5706 6323 5694
f 2005 5711 6329
f 2005 6329 2006
f 2006 6329 6328
f 2006 6328 1984
f 1984 6328 6331
f 1984 6331 1998
f 1998 6331 5695
f 1998 5695 1928
f 416 5736 6351
f 416 6351 417
f 417 6351 6352
f 417 6352 418
f 418 6352 2263
f 418 2263 435
f 5712 6353 6354
f 6353 6355 6356
f 6355 1884 6356
f 6356 1884 2256
f 6356 2256 6357
f 6357 2256 2275
f 6357 2275 6358
f 6358 2275 6359
f 6359 2275 2272
f 6359 2272 6360
f 6360 2272 2270
f 6360 2270 6361
f 6361 2270 6362
f 6362 2270 2268
f 6362 2268 6363
f 6363 2268 2266
f 6363 2266 6364
f 6364 2266 6365
f 6365 2266 2264
f 6365 2264 6366
f 6366 2264 2263
f 6366 2263 6352
f 6353 6356 6354
f 6354 6356 6357
f 6354 6357 6367
f 6367 6357 6358
f 6367 6358 6368
f 6368 6358 6359
f 6368 6359 6369
f 6369 6359 6360
f 6369 6360 6370
f 6370 6360 6361
f 6370 6361 6371
f 6371 6361 6362
f 6371 6362 6372
f 6372 6362 6363
f 6372 6363 6373
f 6373 6363 6364
f 6373 6364 6374
f 6374 6364 6365
f 6374 6365 6375
f 6375 6365 6366
f 6375 6366 6376
f 6376 6366 6352
f 6376 6352 6351
f 5712 6354 5714
f 5714 6354 6367
f 5714 6367 5716
f 5716 6367 6368
f 5716 6368 5718
f 5718 6368 6369
f 5718 6369 5720
f 5720 6369 6370
f 5720 6370 5722
f 5722 6370 6371
f 5722 6371 5724
f 5724 6371 6372
f 5724 6372 5726
f 5726 6372 6373
f 5726 6373 5728
f 5728 6373 6374
f 5728 6374 5730
f 5730 6374 6375
f 5730 6375 5732
f 5732 6375 6376
f 5732 6376 5734
f 5734 6376 6351
f 5734 6351 5736
f 1885 1884 6355
f 1885 6355 2007
f 2007 6355 6353
f 2007 6353 2003
f 2003 6353 5712
f 2003 5712 2004
f 5616 5615 6377
f 6377 5615 6378
f 6377 6378 6379
f 6380 2345 2346
f 2347 6381 2346
f 2346 6381 6382
f 2346 6382 6380
f 6380 6382 6383
f 6380 6383 6384
f 6384 6383 6385
f 6384 6385 6378
f 6378 6385 6386
f 6378 6386 6379
f 5622 5620 6387
f 6387 5620 6388
f 6387 6388 6389
f 6389 6388 6390
f 6389 6390 6391
f 6391 6390 6392
f 6391 6392 1902
f 1902 2345 6391
f 6391 2345 6380
f 6391 6380 6389
f 6389 6380 6384
f 6389 6384 6387
f 6387 6384 6378
f 6387 6378 5622
f 5622 6378 5615
f 1901 1902 6392
f 1901 6392 2020
f 2020 6392 6390
f 2020 6390 2012
f 2012 6390 6388
f 2012 6388 2013
f 2013 6388 5620
f 2013 5620 2014
f 6393 6394 6395
f 5610 5611 6396
f 6393 6395 6397
f 6398 6397 6399
f 6399 6397 6395
f 6399 6395 6400
f 6400 6395 6401
f 6400 6401 6402
f 6402 6401 6403
f 6403 6401 6404
f 6404 6401 5623
f 6404 5623 5624
f 5619 5621 6405
f 6405 5621 6406
f 6405 6406 6407
f 6407 6406 6396
f 6407 6396 5612
f 5612 6396 5611
f 5621 5623 6406
f 6406 5623 6401
f 6406 6401 6396
f 6396 6401 6395
f 6396 6395 5610
f 5610 6395 6394
f 5619 6405 2001
f 2001 6405 1999
f 1999 6405 2011
f 2011 6405 6407
f 2011 6407 2010
f 2010 6407 2009
f 2009 6407 5612
f 2009 5612 2008
f 6408 6409 6410
f 6410 6409 5469
f 6410 5469 5472
f 6411 6408 6412
f 6412 6408 6410
f 6412 6410 6413
f 6413 6410 6414
f 6413 6414 6415
f 6415 6414 6416
f 6415 6416 6417
f 6417 6416 5455
f 6417 5455 5454
f 5462 5464 6418
f 6418 5464 6419
f 6418 6419 6420
f 6420 6419 6421
f 6420 6421 6422
f 6422 6421 6423
f 6422 6423 5474
f 5474 6423 5473
f 5464 5455 6419
f 6419 5455 6416
f 6419 6416 6421
f 6421 6416 6414
f 6421 6414 6423
f 6423 6414 6410
f 6423 6410 5473
f 5473 6410 5472
f 2015 4083 5462
f 5462 6418 2015
f 2015 6418 6420
f 2015 6420 2016
f 2016 6420 6422
f 2016 6422 2018
f 2018 6422 5474
f 2018 5474 2019
f 5457 5466 6424
f 2417 2390 6425
f 5461 5459 6426
f 6426 5459 6427
f 1 6428 2
f 2 6428 6429
f 2 6429 2390
f 2390 6429 6430
f 2390 6430 6425
f 6425 6430 6431
f 6425 6431 6432
f 6432 6431 6433
f 6432 6433 6427
f 6427 6433 6434
f 6427 6434 6426
f 5465 5463 6435
f 6435 5463 6436
f 6435 6436 6437
f 6437 6436 6438
f 6437 6438 6439
f 6439 6438 6440
f 6439 6440 2415
f 2415 2416 6439
f 6439 2416 6441
f 6439 6441 6437
f 6437 6441 6442
f 6437 6442 6435
f 6435 6442 6424
f 6435 6424 5465
f 5465 6424 5466
f 5459 5457 6427
f 6427 5457 6424
f 6427 6424 6432
f 6432 6424 6442
f 6432 6442 6425
f 6425 6442 6441
f 6425 6441 2417
f 2417 6441 2416
f 2538 2537 2415
f 2415 6440 2538
f 2538 6440 6438
f 2538 6438 4099
f 4099 6438 6436
f 4099 6436 4100
f 4100 6436 5463
f 4100 5463 4101
f 446 5359 6443
f 446 6443 460
f 460 6443 6444
f 460 6444 458
f 458 6444 6445
f 458 6445 459
f 459 6445 5396
f 459 5396 461
f 5367 6446 6447
f 5369 5370 6448
f 6446 6449 6450
f 6449 6451 6452
f 5392 5394 6453
f 6451 5380 5382
f 5376 5378 6454
f 6451 5382 6452
f 6452 5382 5384
f 6452 5384 6455
f 5384 5386 6455
f 6455 5386 5388
f 6455 5388 6456
f 6456 5388 5390
f 6456 5390 6457
f 6449 6452 6450
f 6450 6452 6455
f 6450 6455 6458
f 6458 6455 6456
f 6458 6456 6459
f 6459 6456 6457
f 6459 6457 6460
f 6446 6450 6447
f 6447 6450 6458
f 6447 6458 6461
f 6461 6458 6459
f 6461 6459 6462
f 6462 6459 6460
f 6462 6460 6463
f 5372 5374 6464
f 6464 5374 6465
f 6464 6465 6466
f 6466 6465 6467
f 6466 6467 6468
f 6468 6467 6448
f 6468 6448 5371
f 5371 6448 5370
f 5374 5376 6465
f 6465 5376 6454
f 6465 6454 6467
f 6467 6454 6469
f 6467 6469 6448
f 6448 6469 6470
f 6448 6470 5369
f 5369 6470 5368
f 5378 5380 6454
f 6454 5380 6451
f 6454 6451 6469
f 6469 6451 6449
f 6469 6449 6470
f 6470 6449 6446
f 6470 6446 5368
f 5368 6446 5367
f 5361 5362 6463
f 6463 5362 5363
f 6463 5363 6462
f 6462 5363 5364
f 6462 5364 6461
f 6461 5364 5365
f 6461 5365 6447
f 6447 5365 5366
f 6447 5366 5367
f 5360 5361 6471
f 6471 5361 6463
f 6471 6463 6472
f 6472 6463 6460
f 6472 6460 6453
f 6453 6460 6457
f 6453 6457 5392
f 5392 6457 5390
f 5394 5396 6453
f 6453 5396 6445
f 6453 6445 6472
f 6472 6445 6444
f 6472 6444 6471
f 6471 6444 6443
f 6471 6443 5360
f 5360 6443 5359
f 4085 5372 6464
f 4085 6464 4088
f 4088 6464 6466
f 4088 6466 4089
f 4089 6466 6468
f 4089 6468 4090
f 4090 6468 5371
f 4090 5371 4092
f 2461 6473 6474
f 5373 6475 6476
f 6477 2125 2470
f 6475 6477 6478
f 6478 6477 2470
f 6478 2470 6479
f 2470 2471 6479
f 6479 2471 2469
f 6479 2469 6480
f 6480 2469 2468
f 6480 2468 6481
f 6481 2468 2467
f 6481 2467 6482
f 6482 2467 6483
f 2467 2466 6483
f 6483 2466 2465
f 6483 2465 6484
f 6484 2465 2464
f 6484 2464 6485
f 6485 2464 2463
f 6485 2463 6486
f 6486 2463 6474
f 6474 2463 2462
f 6474 2462 2461
f 2461 468 6473
f 6473 468 488
f 6473 488 487
f 6475 6478 6476
f 6476 6478 6479
f 6476 6479 6487
f 6487 6479 6480
f 6487 6480 6488
f 6488 6480 6481
f 6488 6481 6489
f 6489 6481 6482
f 6489 6482 6490
f 6490 6482 6483
f 6490 6483 6491
f 6491 6483 6484
f 6491 6484 6492
f 6492 6484 6485
f 6492 6485 6493
f 6493 6485 6486
f 6493 6486 6494
f 6494 6486 6474
f 6494 6474 6495
f 6495 6474 6473
f 6495 6473 6496
f 6496 6473 487
f 6496 487 486
f 5373 6476 5375
f 5375 6476 6487
f 5375 6487 5377
f 5377 6487 6488
f 5377 6488 5379
f 5379 6488 6489
f 5379 6489 5381
f 5381 6489 6490
f 5381 6490 5383
f 5383 6490 6491
f 5383 6491 5385
f 5385 6491 6492
f 5385 6492 5387
f 5387 6492 6493
f 5387 6493 5389
f 5389 6493 6494
f 5389 6494 5391
f 5391 6494 6495
f 5391 6495 5393
f 5393 6495 6496
f 5393 6496 5395
f 5395 6496 486
f 5395 486 485
f 2123 2125 6477
f 4094 4093 2123
f 2123 6477 4094
f 4094 6477 6475
f 4094 6475 4095
f 4095 6475 4087
f 4087 6475 5373
f 4087 5373 4086
f 2108 6497 6498
f 6497 6499 6500
f 6499 5453 5451
f 6499 5451 6500
f 6500 5451 5449
f 6500 5449 6501
f 5449 5447 6501
f 6501 5447 5445
f 6501 5445 6502
f 6502 5445 5443
f 6502 5443 6503
f 6503 5443 5441
f 6503 5441 6504
f 5441 5439 6504
f 6504 5439 5437
f 6504 5437 6505
f 6505 5437 5435
f 6505 5435 6506
f 6506 5435 5433
f 6506 5433 6507
f 6507 5433 5431
f 5431 496 6507
f 6507 496 495
f 6507 495 494
f 6497 6500 6498
f 6498 6500 6501
f 6498 6501 6508
f 6508 6501 6502
f 6508 6502 6509
f 6509 6502 6503
f 6509 6503 6510
f 6510 6503 6504
f 6510 6504 6511
f 6511 6504 6505
f 6511 6505 6512
f 6512 6505 6506
f 6512 6506 6513
f 6513 6506 6507
f 6513 6507 6514
f 6514 6507 494
f 6514 494 491
f 2108 6498 2449
f 2449 6498 6508
f 2449 6508 2451
f 2451 6508 6509
f 2451 6509 2453
f 2453 6509 6510
f 2453 6510 2455
f 2455 6510 6511
f 2455 6511 2457
f 2457 6511 6512
f 2457 6512 2459
f 2459 6512 6513
f 2459 6513 2445
f 2445 6513 6514
f 2445 6514 2446
f 2446 6514 491
f 2446 491 474
f 6497 2108 2113
f 4120 5453 4121
f 4121 5453 6499
f 4121 6499 4127
f 4127 6499 6497
f 4127 6497 4128
f 4128 6497 2113
f 4128 2113 4129
f 338 5429 6515
f 338 6515 339
f 339 6515 6516
f 339 6516 340
f 340 6516 6517
f 340 6517 341
f 341 6517 124
f 341 124 161
f 5444 6518 6519
f 5448 5450 6520
f 6518 6521 6522
f 6521 6523 6524
f 127 125 6525
f 6523 154 134
f 157 158 6526
f 6523 134 6524
f 6524 134 136
f 6524 136 6527
f 136 132 6527
f 6527 132 130
f 6527 130 6528
f 6528 130 129
f 6528 129 6529
f 6521 6524 6522
f 6522 6524 6527
f 6522 6527 6530
f 6530 6527 6528
f 6530 6528 6531
f 6531 6528 6529
f 6531 6529 6532
f 6518 6522 6519
f 6519 6522 6530
f 6519 6530 6533
f 6533 6530 6531
f 6533 6531 6534
f 6534 6531 6532
f 6534 6532 6535
f 155 156 6536
f 6536 156 6537
f 6536 6537 6538
f 6538 6537 6539
f 6538 6539 6540
f 6540 6539 6520
f 6540 6520 5452
f 5452 6520 5450
f 156 157 6537
f 6537 157 6526
f 6537 6526 6539
f 6539 6526 6541
f 6539 6541 6520
f 6520 6541 6542
f 6520 6542 5448
f 5448 6542 5446
f 158 154 6526
f 6526 154 6523
f 6526 6523 6541
f 6541 6523 6521
f 6541 6521 6542
f 6542 6521 6518
f 6542 6518 5446
f 5446 6518 5444
f 5432 5434 6535
f 6535 5434 5436
f 6535 5436 6534
f 6534 5436 5438
f 6534 5438 6533
f 6533 5438 5440
f 6533 5440 6519
f 6519 5440 5442
f 6519 5442 5444
f 5430 5432 6543
f 6543 5432 6535
f 6543 6535 6544
f 6544 6535 6532
f 6544 6532 6525
f 6525 6532 6529
f 6525 6529 127
f 127 6529 129
f 125 124 6525
f 6525 124 6517
f 6525 6517 6544
f 6544 6517 6516
f 6544 6516 6543
f 6543 6516 6515
f 6543 6515 5430
f 5430 6515 5429
f 4117 155 6536
f 4117 6536 4118
f 4118 6536 6538
f 4118 6538 4115
f 4115 6538 6540
f 4115 6540 4116
f 4116 6540 5452
f 4116 5452 4119
f 233 4123 265
f 265 4123 2030
f 265 2030 263
f 263 2030 2029
f 263 2029 264
f 264 2029 2028
f 264 2028 260
f 260 2028 2027
f 260 2027 259
f 259 2027 2026
f 259 2026 174
f 174 2026 2024
f 148 2118 2122
f 148 2122 279
f 279 2122 4126
f 279 4126 282
f 282 4126 4125
f 282 4125 280
f 280 4125 4124
f 280 4124 232
f 2048 222 298
f 2048 298 2049
f 2049 298 299
f 2049 299 2050
f 2050 299 300
f 2050 300 2023
f 2023 300 170
f 2023 170 2021
f 2034 208 2035
f 2035 208 312
f 2035 312 2039
f 2039 312 2045
f 2045 312 314
f 2045 314 2046
f 2046 314 223
f 2046 223 2047
f 5528 5529 6545
f 5531 5533 6546
f 5532 5534 6547
f 5536 5537 6548
f 5523 5525 6549
f 5519 5521 6550
f 5511 5513 6551
f 5507 5509 6552
f 5502 5505 6553
f 6553 5505 6554
f 6553 6554 6555
f 6555 6554 6556
f 6555 6556 6557
f 6557 6556 6548
f 6557 6548 5504
f 5504 6548 5537
f 5535 5536 6558
f 6558 5536 6548
f 6558 6548 6559
f 6559 6548 6556
f 6559 6556 6552
f 6552 6556 6554
f 6552 6554 5507
f 5507 6554 5505
f 5509 5511 6552
f 6552 5511 6551
f 6552 6551 6559
f 6559 6551 6560
f 6559 6560 6558
f 6558 6560 6547
f 6558 6547 5535
f 5535 6547 5534
f 5513 5515 6551
f 6551 5515 6561
f 6551 6561 6560
f 6560 6561 6562
f 6560 6562 6547
f 6547 6562 6546
f 6547 6546 5532
f 5532 6546 5533
f 5530 5531 6563
f 6563 5531 6546
f 6563 6546 6564
f 6564 6546 6562
f 6564 6562 6565
f 6565 6562 6561
f 6565 6561 5517
f 5517 6561 5515
f 5517 5519 6565
f 6565 5519 6550
f 6565 6550 6564
f 6564 6550 6566
f 6564 6566 6563
f 6563 6566 6545
f 6563 6545 5530
f 5530 6545 5529
f 5521 5523 6550
f 6550 5523 6549
f 6550 6549 6566
f 6566 6549 6567
f 6566 6567 6545
f 6545 6567 6568
f 6545 6568 5528
f 5528 6568 5527
f 5525 554 6549
f 6549 554 553
f 6549 553 6567
f 6567 553 551
f 6567 551 6568
f 6568 551 550
f 6568 550 5527
f 5527 550 549
f 5476 5502 6553
f 5476 6553 6569
f 6569 6553 6555
f 6569 6555 6570
f 6570 6555 6557
f 6570 6557 6571
f 6571 6557 5504
f 6571 5504 5496
f 5494 5493 6572
f 5501 5500 6573
f 5480 5478 6574
f 5484 5482 6575
f 5488 5486 6576
f 5490 5488 6577
f 6577 5488 6576
f 6577 6576 6578
f 6578 6576 6579
f 6578 6579 6580
f 6580 6579 6573
f 5492 5490 6581
f 6581 5490 6577
f 6581 6577 6582
f 6582 6577 6578
f 6582 6578 6583
f 6583 6578 6580
f 6583 6580 5497
f 5497 6580 5498
f 6573 5500 6580
f 6580 5500 5499
f 6580 5499 5498
f 5493 5501 6572
f 6572 5501 6573
f 6572 6573 6584
f 6584 6573 6579
f 6584 6579 6575
f 6575 6579 6576
f 6575 6576 5484
f 5484 6576 5486
f 5495 5494 6585
f 6585 5494 6572
f 6585 6572 6586
f 6586 6572 6584
f 6586 6584 6574
f 6574 6584 6575
f 6574 6575 5480
f 5480 6575 5482
f 5478 5476 6574
f 6574 5476 6569
f 6574 6569 6586
f 6586 6569 6570
f 6586 6570 6585
f 6585 6570 6571
f 6585 6571 5495
f 5495 6571 5496
f 2084 5492 6581
f 2084 6581 2085
f 2085 6581 6582
f 2085 6582 2069
f 2069 6582 6583
f 2069 6583 2070
f 2070 6583 5497
f 2070 5497 2071
f 5503 6587 6588
f 529 528 6589
f 529 6589 6590
f 6590 6591 6592
f 6592 6591 6593
f 6594 1410 6595
f 6595 1410 1402
f 6595 1402 6596
f 6596 1402 1405
f 6596 1405 6597
f 6597 1405 6598
f 6598 1405 1423
f 6598 1423 6599
f 6599 1423 1424
f 6599 1424 6600
f 6600 1424 6601
f 6601 1424 1425
f 6601 1425 6602
f 6602 1425 1426
f 6602 1426 6603
f 6603 1426 6604
f 6604 1426 1418
f 6604 1418 6591
f 6591 1418 1420
f 6591 1420 6593
f 6590 6589 6591
f 6591 6589 6605
f 6591 6605 6604
f 6604 6605 6606
f 6604 6606 6603
f 6603 6606 6607
f 6603 6607 6602
f 6602 6607 6608
f 6602 6608 6601
f 6601 6608 6609
f 6601 6609 6600
f 6600 6609 6610
f 6600 6610 6599
f 6599 6610 6611
f 6599 6611 6598
f 6598 6611 6612
f 6598 6612 6597
f 6597 6612 6613
f 6597 6613 6596
f 6596 6613 6588
f 6596 6588 6595
f 6595 6588 6587
f 6595 6587 6594
f 5503 6588 5506
f 5506 6588 6613
f 5506 6613 5508
f 5508 6613 6612
f 5508 6612 5510
f 5510 6612 6611
f 5510 6611 5512
f 5512 6611 6610
f 5512 6610 5514
f 5514 6610 6609
f 5514 6609 5516
f 5516 6609 6608
f 5516 6608 5518
f 5518 6608 6607
f 5518 6607 5520
f 5520 6607 6606
f 5520 6606 5522
f 5522 6606 6605
f 5522 6605 5524
f 5524 6605 6589
f 5524 6589 5526
f 5526 6589 528
f 5526 528 555
f 1427 1410 6594
f 1427 6594 6614
f 6614 6594 6587
f 6614 6587 6615
f 6615 6587 5503
f 6615 5503 5475
f 1427 6614 6616
f 6614 6615 6617
f 6615 5475 5477
f 6615 5477 6617
f 6617 5477 5479
f 6617 5479 6618
f 5479 5481 6618
f 6618 5481 5483
f 6618 5483 6619
f 6619 5483 5485
f 6619 5485 6620
f 6620 5485 5487
f 5487 5489 6620
f 6620 5489 5491
f 6620 5491 6621
f 6614 6617 6616
f 6616 6617 6618
f 6616 6618 6622
f 6622 6618 6619
f 6622 6619 6623
f 6623 6619 6620
f 6623 6620 6624
f 6624 6620 6621
f 6624 6621 6625
f 1427 6616 2302
f 2302 6616 6622
f 2302 6622 2301
f 2301 6622 6623
f 2301 6623 2300
f 2300 6623 6624
f 2300 6624 2299
f 2299 6624 6625
f 2299 6625 2127
f 2079 2127 6625
f 2079 6625 2074
f 2074 6625 6621
f 2074 6621 2082
f 2082 6621 5491
f 2082 5491 2083
f 545 525 6626
f 525 535 6627
f 535 534 5245
f 535 5245 6627
f 6627 5245 5247
f 6627 5247 6628
f 6628 5247 5249
f 6628 5249 6629
f 6629 5249 5250
f 6629 5250 6630
f 6630 5250 5243
f 6630 5243 6631
f 6631 5243 5241
f 6631 5241 6632
f 6632 5241 5237
f 6632 5237 6633
f 525 6627 6626
f 6626 6627 6628
f 6626 6628 6634
f 6634 6628 6629
f 6634 6629 6635
f 6635 6629 6630
f 6635 6630 6636
f 6636 6630 6631
f 6636 6631 6637
f 6637 6631 6632
f 6637 6632 6638
f 6638 6632 6633
f 6638 6633 6639
f 545 6626 2536
f 2536 6626 6634
f 2536 6634 2535
f 2535 6634 6635
f 2535 6635 2534
f 2534 6635 6636
f 2534 6636 2533
f 2533 6636 6637
f 2533 6637 2532
f 2532 6637 6638
f 2532 6638 2531
f 2531 6638 6639
f 2531 6639 2530
f 5175 2530 6639
f 5175 6639 6640
f 6640 6639 6633
f 6640 6633 6641
f 6641 6633 5237
f 6641 5237 5220
f 5228 6642 6643
f 6642 6644 6645
f 6644 1926 5170
f 6644 5170 6645
f 6645 5170 5171
f 6645 5171 6646
f 6646 5171 5172
f 6646 5172 6647
f 6647 5172 5173
f 6647 5173 6648
f 6648 5173 5174
f 6648 5174 6649
f 6649 5174 5175
f 6649 5175 6640
f 6642 6645 6643
f 6643 6645 6646
f 6643 6646 6650
f 6650 6646 6647
f 6650 6647 6651
f 6651 6647 6648
f 6651 6648 6652
f 6652 6648 6649
f 6652 6649 6653
f 6653 6649 6640
f 6653 6640 6641
f 5228 6643 5230
f 5230 6643 6650
f 5230 6650 5232
f 5232 6650 6651
f 5232 6651 5226
f 5226 6651 6652
f 5226 6652 5224
f 5224 6652 6653
f 5224 6653 5222
f 5222 6653 6641
f 5222 6641 5220
f 1927 1926 6644
f 1927 6644 2051
f 2051 6644 6642
f 2051 6642 2057
f 2057 6642 2058
f 2058 6642 5228
f 2058 5228 2059
f 532 531 6654
f 6655 6656 6657
f 531 544 6658
f 6659 6660 6661
f 544 543 579
f 544 579 6658
f 6658 579 577
f 6658 577 6662
f 6662 577 570
f 6662 570 6663
f 6663 570 569
f 6663 569 6664
f 6664 569 581
f 6664 581 6661
f 6661 581 583
f 6661 583 6659
f 531 6658 6654
f 6654 6658 6662
f 6654 6662 6665
f 6665 6662 6663
f 6665 6663 6666
f 6666 6663 6664
f 6666 6664 6667
f 6667 6664 6661
f 6667 6661 6657
f 6657 6661 6660
f 6657 6660 6655
f 532 6654 5246
f 5246 6654 6665
f 5246 6665 5248
f 5248 6665 6666
f 5248 6666 5244
f 5244 6666 6667
f 5244 6667 5242
f 5242 6667 6657
f 5242 6657 5240
f 5240 6657 6656
f 5240 6656 5235
f 6668 6669 6655
f 6655 6669 6670
f 6655 6670 6656
f 6656 6670 5236
f 6656 5236 5235
f 6659 6671 6660
f 6660 6671 6672
f 6660 6672 6655
f 6655 6672 6673
f 6655 6673 6668
f 6674 6675 6676
f 6676 6675 6677
f 6674 6678 6675
f 6675 6678 6671
f 6675 6671 586
f 586 6671 6659
f 586 6659 583
f 2501 6679 6674
f 2501 6674 6680
f 6680 6674 6676
f 6680 6676 6677
f 6681 6671 6679
f 6679 6671 6678
f 6679 6678 6674
f 6682 6673 6681
f 6681 6673 6672
f 6681 6672 6671
f 5236 6670 5238
f 5238 6670 6669
f 5238 6669 6682
f 6682 6669 6668
f 6682 6668 6673
f 5239 5238 6683
f 6683 5238 6682
f 6683 6682 6684
f 6684 6682 6681
f 6681 6679 6685
f 5239 6683 5221
f 5221 6683 6686
f 6683 6684 6686
f 6686 6684 6681
f 6686 6681 6687
f 2501 2476 6679
f 6679 2476 6687
f 6679 6687 6685
f 6685 6687 6681
f 2130 6688 6689
f 6688 6690 6691
f 6690 5227 5229
f 6690 5229 6691
f 6691 5229 5231
f 6691 5231 6692
f 6692 5231 5233
f 6692 5233 6693
f 6693 5233 5234
f 6693 5234 6694
f 6694 5234 5225
f 6694 5225 6695
f 6695 5225 5223
f 6695 5223 6696
f 6696 5223 5221
f 6696 5221 6686
f 6688 6691 6689
f 6689 6691 6692
f 6689 6692 6697
f 6697 6692 6693
f 6697 6693 6698
f 6698 6693 6694
f 6698 6694 6699
f 6699 6694 6695
f 6699 6695 6700
f 6700 6695 6696
f 6700 6696 6701
f 6701 6696 6686
f 6701 6686 6687
f 2130 6689 2484
f 2484 6689 6697
f 2484 6697 2482
f 2482 6697 6698
f 2482 6698 2480
f 2480 6698 6699
f 2480 6699 2474
f 2474 6699 6700
f 2474 6700 2478
f 2478 6700 6701
f 2478 6701 2475
f 2475 6701 6687
f 2475 6687 2476
f 2056 5227 2053
f 2053 5227 6690
f 2053 6690 2054
f 2054 6690 6688
f 2054 6688 2060
f 2060 6688 2130
f 2060 2130 2061
f 5179 6702 6703
f 5179 6703 5178
f 6703 6704 5178
f 5178 6704 6705
f 5178 6705 5190
f 5190 6705 6706
f 5190 6706 6707
f 5198 6708 5179
f 5179 6708 6709
f 5179 6709 6702
f 5203 6710 5198
f 5198 6710 6711
f 5198 6711 6708
f 6712 6713 5202
f 5202 6713 6714
f 5202 6714 5203
f 5203 6714 6715
f 5203 6715 6710
f 6712 5202 6716
f 6716 5202 5201
f 6716 5201 6717
f 6717 5201 5200
f 6717 5200 6718
f 5199 5206 6719
f 6719 6720 5199
f 5199 6720 6721
f 5199 6721 5200
f 5200 6721 6722
f 5200 6722 6718
f 6723 6724 5183
f 5183 6724 6725
f 5183 6725 5206
f 5206 6725 6726
f 5206 6726 6719
f 6723 5183 6727
f 6727 5183 5182
f 6727 5182 6728
f 6728 5182 6729
f 6729 5182 5181
f 6729 5181 6730
f 6731 6732 6733
f 6734 6735 6736
f 1773 1775 6737
f 6738 6739 6740
f 6741 6742 6743
f 6742 6744 1727
f 1715 1717 6736
f 1717 1719 6736
f 6736 1719 1721
f 6736 1721 6745
f 6745 1721 1723
f 6745 1723 6744
f 6744 1723 1725
f 6744 1725 1727
f 1727 1729 6742
f 6742 1729 1731
f 6742 1731 6743
f 6743 1731 1733
f 6743 1733 1735
f 6746 6738 6747
f 6747 6738 6748
f 6747 6748 6749
f 6749 6748 6750
f 6749 6750 6751
f 6751 6750 6752
f 6746 6753 6738
f 6738 6753 6754
f 6738 6754 6739
f 6739 6754 6755
f 6755 6756 6739
f 6739 6756 6757
f 6739 6757 6758
f 6758 6757 6759
f 6758 6759 6760
f 6741 6743 6761
f 6761 6743 6758
f 6761 6758 6750
f 6750 6758 6760
f 6750 6760 6752
f 6762 6763 6740
f 6740 6763 6764
f 6740 6764 6738
f 1707 1709 6740
f 6740 1709 1711
f 6740 1711 6762
f 6762 1711 6765
f 6762 6765 6766
f 6766 6765 6767
f 6766 6767 6768
f 6768 6767 6769
f 6768 6769 6770
f 6770 6769 6771
f 6771 6769 6772
f 6771 6772 6773
f 1775 1777 6774
f 6773 6772 6775
f 6775 6772 6776
f 6775 6776 6777
f 6777 6776 1785
f 6777 1785 1763
f 1763 1765 6777
f 6777 1765 1767
f 6777 1767 6778
f 6778 1767 1769
f 6778 1769 6737
f 6737 1769 1771
f 6737 1771 1773
f 1777 1779 6774
f 6774 1779 1781
f 6774 1781 6776
f 6776 1781 1783
f 6776 1783 1785
f 1775 6774 6737
f 6737 6774 6779
f 6737 6779 6780
f 1745 6781 6779
f 6779 6781 6782
f 6779 6782 6780
f 1759 1761 6736
f 1745 1747 6781
f 6781 1747 1749
f 6781 1749 6783
f 1761 1739 6784
f 6784 1739 1741
f 6784 1741 1743
f 1749 1751 6783
f 6783 1751 1753
f 6783 1753 6745
f 6745 1753 1755
f 6745 1755 6736
f 6736 1755 1757
f 6736 1757 1759
f 6785 1675 1677
f 1679 1681 6733
f 6733 1681 1683
f 6733 1683 1685
f 1667 1669 6769
f 6769 1669 1671
f 6769 1671 6772
f 6772 1671 1673
f 6772 1673 1675
f 1667 6769 1689
f 1689 6769 6767
f 1689 6767 1687
f 1695 6733 6767
f 6767 6733 1685
f 6767 1685 1687
f 1711 1713 6765
f 6765 1713 1691
f 6765 1691 6767
f 6767 1691 1693
f 6767 1693 1695
f 1695 1697 6733
f 6733 1697 1699
f 6733 1699 1701
f 1701 1703 6786
f 6786 1703 1705
f 6786 1705 1707
f 1761 6784 6736
f 6736 6784 6787
f 6736 6787 6734
f 6788 6789 6790
f 6790 6789 6791
f 6790 6791 6784
f 6784 6791 6792
f 6784 6792 6787
f 6793 6794 6795
f 6795 6794 6796
f 6795 6796 6790
f 6790 6796 6797
f 6790 6797 6788
f 6732 6798 6733
f 6733 6798 6785
f 6733 6785 1679
f 1679 6785 1677
f 6798 6799 6785
f 6785 6799 6800
f 6785 6800 6795
f 6795 6800 6801
f 6795 6801 6793
f 1701 6786 6733
f 6733 6786 6802
f 6733 6802 6731
f 6803 6804 6805
f 6805 6804 6806
f 6805 6806 6807
f 6807 6806 6808
f 6807 6808 6809
f 6809 6810 6807
f 6807 6810 6811
f 6807 6811 6786
f 6786 6811 6812
f 6786 6812 6802
f 6735 6813 6736
f 6736 6813 6814
f 6736 6814 1715
f 1715 6814 1737
f 6813 6815 6814
f 6814 6815 6816
f 6814 6816 6805
f 6805 6816 6817
f 6805 6817 6803
f 1675 6785 6772
f 6772 6785 6795
f 6772 6795 6776
f 6776 6795 6790
f 6776 6790 6774
f 6774 6790 6784
f 6774 6784 6779
f 6779 6784 1743
f 6779 1743 1745
f 1707 6740 6786
f 6786 6740 6739
f 6786 6739 6807
f 6807 6739 6758
f 6807 6758 6805
f 6805 6758 6743
f 6805 6743 6814
f 6814 6743 1735
f 6814 1735 1737
f 6745 6818 6783
f 6783 6818 6819
f 6783 6819 6781
f 6781 6819 6820
f 6781 6820 6782
f 6782 6820 6821
f 6782 6821 6780
f 6780 6821 6822
f 6780 6822 6737
f 6737 6822 6823
f 6737 6823 6778
f 6778 6823 6824
f 6778 6824 6777
f 6777 6824 6825
f 6777 6825 6775
f 6775 6825 6826
f 6775 6826 6773
f 6773 6826 6827
f 6773 6827 6771
f 6771 6827 6828
f 6771 6828 6770
f 6770 6828 6829
f 6770 6829 6768
f 6768 6829 6830
f 6768 6830 6766
f 6766 6830 6831
f 6766 6831 6762
f 6762 6831 6832
f 6762 6832 6763
f 6763 6832 6833
f 6763 6833 6764
f 6764 6833 6834
f 6764 6834 6738
f 6738 6834 6835
f 6738 6835 6748
f 6748 6835 6836
f 6748 6836 6750
f 6750 6836 6837
f 6750 6837 6761
f 6761 6837 6838
f 6761 6838 6741
f 6741 6838 6839
f 6741 6839 6742
f 6742 6839 6840
f 6742 6840 6744
f 6744 6840 6841
f 6744 6841 6745
f 6745 6841 6818
f 6842 6843 6828
f 6828 6843 6844
f 6828 6844 6829
f 6829 6844 6845
f 6829 6845 6830
f 6830 6845 6846
f 6830 6846 6831
f 6831 6846 6847
f 6831 6847 6832
f 6832 6847 6848
f 6832 6848 6833
f 6833 6848 6849
f 6833 6849 6834
f 6834 6849 6850
f 6834 6850 6835
f 6835 6850 6851
f 6835 6851 6836
f 6836 6851 6852
f 6836 6852 6837
f 6837 6852 6853
f 6837 6853 6838
f 6838 6853 6854
f 6838 6854 6839
f 6839 6854 6855
f 6839 6855 6840
f 6840 6855 6856
f 6840 6856 6841
f 6841 6856 6857
f 6841 6857 6818
f 6818 6857 6858
f 6818 6858 6819
f 6819 6858 6859
f 6819 6859 6820
f 6820 6859 6860
f 6820 6860 6821
f 6821 6860 6861
f 6821 6861 6822
f 6822 6861 6862
f 6822 6862 6823
f 6823 6862 6863
f 6823 6863 6824
f 6824 6863 6864
f 6824 6864 6825
f 6825 6864 6865
f 6825 6865 6826
f 6826 6865 6866
f 6826 6866 6827
f 6827 6866 6842
f 6827 6842 6828
f 6858 6867 6859
f 6859 6867 6868
f 6859 6868 6860
f 6860 6868 6869
f 6860 6869 6861
f 6861 6869 6870
f 6861 6870 6862
f 6862 6870 6871
f 6862 6871 6863
f 6863 6871 6872
f 6863 6872 6864
f 6864 6872 6873
f 6864 6873 6865
f 6865 6873 6874
f 6865 6874 6866
f 6866 6874 6875
f 6866 6875 6842
f 6842 6875 6876
f 6842 6876 6843
f 6843 6876 6877
f 6843 6877 6844
f 6844 6877 6878
f 6844 6878 6845
f 6845 6878 6879
f 6845 6879 6846
f 6846 6879 6880
f 6846 6880 6847
f 6847 6880 6881
f 6847 6881 6848
f 6848 6881 6882
f 6848 6882 6849
f 6849 6882 6883
f 6849 6883 6850
f 6850 6883 6884
f 6850 6884 6851
f 6851 6884 6885
f 6851 6885 6852
f 6852 6885 6886
f 6852 6886 6853
f 6853 6886 6887
f 6853 6887 6854
f 6854 6887 6888
f 6854 6888 6855
f 6855 6888 6889
f 6855 6889 6856
f 6856 6889 6890
f 6856 6890 6857
f 6857 6890 6891
f 6857 6891 6858
f 6858 6891 6867
f 1815 6892 1817
f 6881 6893 1817
f 1813 1815 1867
f 1867 1815 1817
f 1867 1817 1866
f 1866 1817 1819
f 6881 1817 6882
f 6882 1817 6892
f 6882 6892 6883
f 6883 6892 6894
f 6883 6894 6884
f 6884 6894 6895
f 6884 6895 6885
f 6885 6895 6896
f 6885 6896 6886
f 6867 6891 6897
f 6897 6891 6890
f 6898 6899 6900
f 6900 6899 6901
f 6900 6901 6902
f 6902 6901 6903
f 6904 1805 1803
f 1803 1805 1807
f 1789 1791 1871
f 1871 1791 1793
f 1871 1793 1870
f 1870 1793 1795
f 6905 6906 6907
f 6907 6908 6905
f 6905 6908 6909
f 6905 6909 6910
f 1807 1868 1803
f 1803 1868 1869
f 1803 1869 1801
f 6896 1805 6886
f 6886 1805 6904
f 6886 6904 6887
f 6887 6904 6911
f 6887 6911 6888
f 6888 6911 6912
f 6888 6912 6889
f 6889 6912 6913
f 6889 6913 6890
f 6890 6913 1793
f 6890 1793 6897
f 6897 1793 1791
f 6897 6914 6867
f 6867 6914 6915
f 6867 6915 6868
f 6868 6915 6916
f 6868 6916 6869
f 6869 6916 6905
f 6869 6905 6870
f 6870 6905 6910
f 6893 6881 6917
f 6917 6881 6880
f 6917 6880 6918
f 6918 6880 6879
f 6918 6879 6919
f 6919 6879 6878
f 6919 6878 6899
f 6899 6878 6877
f 6899 6877 6901
f 6877 6876 6901
f 6901 6876 6875
f 6901 6875 6920
f 6920 6875 6874
f 6920 6874 6921
f 6921 6874 6873
f 6921 6873 6922
f 6922 6873 6872
f 6922 6872 6910
f 6910 6872 6871
f 6910 6871 6870
f 6923 6924 6906
f 6906 6924 6907
f 6924 6925 6907
f 6907 6925 6926
f 6907 6926 6908
f 6926 6927 6908
f 6908 6927 6928
f 6908 6928 6909
f 6928 6929 6909
f 6909 6929 6930
f 6909 6930 6910
f 6930 6931 6910
f 6910 6931 6932
f 6910 6932 6922
f 6932 6933 6922
f 6922 6933 6934
f 6922 6934 6921
f 6934 6935 6921
f 6921 6935 6936
f 6921 6936 6920
f 6936 6937 6920
f 6920 6937 6938
f 6920 6938 6901
f 6938 6939 6901
f 6901 6939 6940
f 6901 6940 6903
f 6940 6941 6903
f 6903 6941 6942
f 6903 6942 6902
f 6942 6943 6902
f 6902 6943 6944
f 6902 6944 6900
f 6945 6898 6946
f 6946 6898 6900
f 6946 6900 6947
f 6947 6900 6944
f 6754 6948 6755
f 6755 6948 6949
f 6755 6949 6756
f 6756 6949 6950
f 6756 6950 6757
f 6757 6950 6951
f 6757 6951 6759
f 6759 6951 6952
f 6759 6952 6760
f 6760 6952 6953
f 6760 6953 6752
f 6752 6953 6954
f 6752 6954 6751
f 6751 6954 6955
f 6751 6955 6749
f 6749 6955 6956
f 6749 6956 6747
f 6747 6956 6957
f 6747 6957 6746
f 6746 6957 6958
f 6746 6958 6753
f 6753 6958 6959
f 6753 6959 6754
f 6754 6959 6948
f 6960 6915 6961
f 6961 6915 6914
f 6905 6962 6906
f 6906 6962 6963
f 5190 6707 5189
f 5189 6707 6964
f 5189 6964 6963
f 6964 6965 6963
f 6963 6965 6966
f 6963 6966 6967
f 6967 6968 6963
f 6963 6968 6969
f 6963 6969 6970
f 6923 6906 6971
f 6971 6906 6963
f 6971 6963 6972
f 6972 6963 6970
f 6973 6912 6974
f 6974 6912 6911
f 6975 6895 6976
f 6976 6895 6894
f 6977 6917 6978
f 6978 6917 6918
f 6979 6899 6980
f 6980 6899 6898
f 6981 5180 6982
f 6982 5180 6980
f 6982 6980 6983
f 6984 6985 6980
f 6980 6985 6986
f 6980 6986 6983
f 6981 6987 5180
f 5180 6987 6730
f 5180 6730 5181
f 6898 6945 6980
f 6980 6945 6988
f 6980 6988 6984
f 6960 6989 6915
f 6915 6989 6916
f 6962 6905 6990
f 6990 6905 6916
f 6990 6916 6991
f 6991 6916 6989
f 1792 6992 1791
f 1791 6992 6897
f 6961 6914 6993
f 6993 6914 6897
f 6993 6897 6994
f 6994 6897 6992
f 6979 6995 6899
f 6899 6995 6919
f 6978 6918 6996
f 6996 6918 6919
f 6996 6919 6997
f 6997 6919 6995
f 6977 6998 6917
f 6917 6998 6893
f 1818 1817 6999
f 6999 1817 6893
f 6999 6893 7000
f 7000 6893 6998
f 1816 7001 1815
f 1815 7001 6892
f 6976 6894 7002
f 7002 6894 6892
f 7002 6892 7003
f 7003 6892 7001
f 6975 7004 6895
f 6895 7004 6896
f 1806 1805 7005
f 7005 1805 6896
f 7005 6896 7006
f 7006 6896 7004
f 1804 7007 1803
f 1803 7007 6904
f 6974 6911 7008
f 7008 6911 6904
f 7008 6904 7009
f 7009 6904 7007
f 6973 7010 6912
f 6912 7010 6913
f 1794 1793 7011
f 7011 1793 6913
f 7011 6913 7012
f 7012 6913 7010
f 1778 7013 1780
f 1780 7013 7014
f 1780 7014 1782
f 1782 7014 7015
f 1782 7015 1784
f 1784 7015 7016
f 1784 7016 1786
f 1786 7016 7017
f 1786 7017 1764
f 1764 7017 7018
f 1764 7018 1766
f 1766 7018 7019
f 1766 7019 1768
f 1768 7019 7020
f 1768 7020 1770
f 1770 7020 7021
f 1770 7021 1772
f 1772 7021 7022
f 1772 7022 1774
f 1774 7022 7023
f 1774 7023 1776
f 1776 7023 7024
f 1776 7024 1778
f 1778 7024 7013
f 5579 1604 7013
f 5412 1581 7019
f 1581 1584 7025
f 7025 1584 1586
f 1586 1588 7025
f 7025 1588 1589
f 7025 1589 1432
f 1581 7025 7019
f 7019 7025 1432
f 7019 1432 7020
f 7026 1590 1591
f 5412 7019 5411
f 5411 7019 7018
f 5411 7018 5410
f 5410 7018 7017
f 5410 7017 1594
f 1594 7017 7026
f 1594 7026 1593
f 1593 7026 1591
f 1593 1591 1592
f 1590 7026 1443
f 1443 7026 7017
f 1443 7017 1444
f 1444 7017 7016
f 1444 7016 1445
f 1445 7016 7015
f 1445 7015 1446
f 1446 7015 1447
f 1447 7015 7014
f 1447 7014 1441
f 7027 1605 1606
f 1606 1607 7027
f 7027 1607 1608
f 7027 1608 1442
f 1441 7014 1442
f 1442 7014 7013
f 1442 7013 7027
f 7027 7013 1604
f 7027 1604 1605
f 5579 7013 5578
f 5578 7013 7024
f 5578 7024 5577
f 5577 7024 7023
f 5577 7023 1603
f 1603 7023 7028
f 1603 7028 1601
f 1601 7028 1596
f 1601 1596 1599
f 7021 1437 7022
f 7022 1437 1435
f 7022 1435 7023
f 7023 1435 1434
f 7023 1434 7028
f 7028 1434 1595
f 7028 1595 1596
f 1432 1431 7020
f 7020 1431 1440
f 7020 1440 7021
f 7021 1440 1439
f 7021 1439 1437
f 1750 7029 1752
f 1752 7029 7030
f 1752 7030 1754
f 1754 7030 7031
f 1754 7031 1756
f 1756 7031 7032
f 1756 7032 1758
f 1758 7032 7033
f 1758 7033 1760
f 1760 7033 7034
f 1760 7034 1762
f 1762 7034 7035
f 1762 7035 1740
f 1740 7035 7036
f 1740 7036 1742
f 1742 7036 7037
f 1742 7037 1744
f 1744 7037 7038
f 1744 7038 1746
f 1746 7038 7039
f 1746 7039 1748
f 1748 7039 7040
f 1748 7040 1750
f 1750 7040 7029
f 1319 1324 7032
f 5755 1637 1303
f 1303 1637 1638
f 1303 1638 1639
f 1639 1641 1303
f 1303 1641 1642
f 1303 1642 1644
f 5755 1303 7039
f 7039 1303 1305
f 7039 1305 7040
f 1302 1611 1613
f 1613 1615 1302
f 1302 1615 5755
f 1302 5755 1300
f 1300 5755 7039
f 1300 7039 1363
f 1363 7039 7038
f 1363 7038 1364
f 1364 7038 7037
f 1364 7037 1370
f 1370 7037 1369
f 1369 7037 1367
f 1367 7037 7036
f 1367 7036 1365
f 1357 1384 7036
f 7036 1384 1383
f 7036 1383 1365
f 1357 7036 1358
f 1358 7036 7035
f 1358 7035 1360
f 1360 7035 7034
f 1360 7034 1361
f 1618 7033 1616
f 1616 7033 1513
f 1618 1622 7033
f 7033 1622 1620
f 7033 1620 1619
f 1619 1623 7033
f 7033 1623 1343
f 7033 1343 7034
f 7034 1343 1342
f 7034 1342 1361
f 7032 1324 7033
f 7033 1324 1323
f 7033 1323 1281
f 7041 1281 1280
f 1513 7033 1514
f 1514 7033 1281
f 1514 1281 1526
f 1526 1281 7041
f 1526 7041 1653
f 1280 1646 7041
f 7041 1646 1648
f 7041 1648 1649
f 1649 1651 7041
f 7041 1651 1652
f 7041 1652 1653
f 7030 1322 1321
f 7030 1321 7031
f 1321 1320 7031
f 7031 1320 1317
f 7031 1317 7032
f 7032 1317 1316
f 7032 1316 1319
f 7029 1313 7030
f 7030 1313 1312
f 7030 1312 1322
f 1305 1310 7040
f 7040 1310 1315
f 7040 1315 7029
f 7029 1315 1314
f 7029 1314 1313
f 7042 1332 1333
f 1333 1329 7042
f 7042 1329 1327
f 7042 1327 1335
f 1516 1515 1645
f 1645 1655 1516
f 1516 1655 1654
f 1516 1654 1658
f 1332 7042 1330
f 1330 7042 7043
f 1330 7043 1286
f 1628 1627 7043
f 7043 1627 1625
f 1625 1624 7043
f 7043 1624 1632
f 7043 1632 1630
f 1630 1629 7043
f 7043 1629 1516
f 7043 1516 1286
f 1286 1516 1658
f 1286 1658 1287
f 1350 7044 1352
f 1352 7044 7045
f 1352 7045 1353
f 1350 1349 7044
f 7044 1349 1355
f 7044 1355 7043
f 7043 1355 1354
f 7043 1354 1628
f 1345 1379 7045
f 7045 1379 1378
f 7045 1378 1353
f 7046 1475 1474
f 1474 1482 7046
f 7046 1482 1480
f 7046 1480 1484
f 1475 7046 1477
f 1477 7046 7047
f 1477 7047 1478
f 1497 1505 7048
f 7048 1505 1551
f 7048 1551 1556
f 1556 1555 7048
f 7048 1555 1553
f 7048 1553 1497
f 1497 1553 1552
f 1497 1552 1557
f 1557 1560 1497
f 1497 1560 1559
f 1497 1559 7049
f 1559 1492 7049
f 7049 1492 1473
f 7049 1473 7047
f 7047 1473 1472
f 7047 1472 1478
f 7050 1397 7049
f 7049 1397 1264
f 7049 1264 1497
f 1497 1264 1263
f 1497 1263 1529
f 1533 1498 1532
f 1532 1498 1497
f 1532 1497 1530
f 1530 1497 1529
f 7050 1391 1390
f 1390 1393 7050
f 7050 1393 1395
f 7050 1395 1397
f 1678 7051 1680
f 1680 7051 7052
f 1680 7052 1682
f 1682 7052 7053
f 1682 7053 1684
f 1684 7053 7054
f 1684 7054 1686
f 1686 7054 7055
f 1686 7055 1688
f 1688 7055 7056
f 1688 7056 1690
f 1690 7056 7057
f 1690 7057 1668
f 1668 7057 7058
f 1668 7058 1670
f 1670 7058 7059
f 1670 7059 1672
f 1672 7059 7060
f 1672 7060 1674
f 1674 7060 7061
f 1674 7061 1676
f 1676 7061 7062
f 1676 7062 1678
f 1678 7062 7051
f 1404 1403 7058
f 1457 1464 7051
f 1268 7063 1536
f 1268 1536 1534
f 1401 7056 1389
f 1389 7056 7055
f 1389 7055 1268
f 1567 1500 7055
f 7055 1500 1502
f 7055 1502 1268
f 1268 1502 1504
f 1268 1504 7063
f 7063 1504 1538
f 7063 1538 1536
f 1563 1562 1566
f 7055 1465 1563
f 1563 1566 7055
f 7055 1566 1565
f 7055 1565 1567
f 1465 7055 1466
f 1466 7055 7054
f 1466 7054 1467
f 1467 7054 7053
f 1467 7053 1468
f 7052 1458 1496
f 1496 1495 7052
f 7052 1495 1470
f 7052 1470 7053
f 7053 1470 1469
f 7053 1469 1468
f 1464 1463 7051
f 7051 1463 1462
f 7051 1462 7052
f 7052 1462 1459
f 7052 1459 1458
f 1577 1579 1574
f 1574 1579 1297
f 1574 1297 5606
f 7061 1299 7062
f 7062 1299 1454
f 7062 1454 7051
f 7051 1454 1456
f 7051 1456 1457
f 1430 7061 1413
f 1413 7061 7060
f 1413 7060 1414
f 1414 7060 1415
f 7064 1430 1544
f 1546 1548 1550
f 1544 1546 7064
f 7064 1546 1550
f 7064 1550 1430
f 1430 1550 5606
f 1430 5606 7061
f 7061 5606 1297
f 7061 1297 1299
f 7058 1403 7059
f 7059 1403 1411
f 7059 1411 1409
f 1409 1408 7059
f 7059 1408 1417
f 7059 1417 7060
f 7060 1417 1416
f 7060 1416 1415
f 1401 1399 7056
f 7056 1399 1398
f 7056 1398 7057
f 7057 1398 1407
f 7057 1407 7058
f 7058 1407 1406
f 7058 1406 1404
f 1720 1718 1345
f 1345 1718 1716
f 1345 1716 869
f 881 880 1335
f 1335 880 934
f 1335 934 917
f 917 914 1335
f 1335 914 906
f 1335 906 908
f 869 1716 870
f 870 1716 1738
f 870 1738 936
f 936 1738 1736
f 936 1736 940
f 908 1728 1335
f 1335 1728 1726
f 1335 1726 1724
f 1345 7045 1720
f 1720 7045 7044
f 1720 7044 1722
f 1722 7044 7043
f 1722 7043 1724
f 1724 7043 7042
f 1724 7042 1335
f 940 1736 867
f 867 1736 1734
f 867 1734 868
f 868 1734 1732
f 868 1732 908
f 908 1732 1730
f 908 1730 1728
f 7065 1348 888
f 7066 860 7067
f 7067 860 893
f 7067 893 892
f 7066 7068 860
f 860 7068 7069
f 860 7069 861
f 861 7069 7070
f 861 7070 863
f 863 7070 7071
f 863 7071 864
f 864 7071 7072
f 864 7072 939
f 939 7072 7065
f 939 7065 887
f 887 7065 888
f 7050 7049 7047
f 1700 1698 1391
f 1391 1698 1696
f 1391 1696 1694
f 810 805 769
f 769 805 803
f 769 803 770
f 770 803 1484
f 771 1391 772
f 772 1391 1694
f 772 1694 773
f 773 1694 1692
f 773 1692 795
f 795 1692 1714
f 795 1714 790
f 790 1714 747
f 747 1714 1712
f 747 1712 745
f 745 1712 750
f 750 1712 1710
f 750 1710 803
f 1391 7050 1700
f 1700 7050 7047
f 1700 7047 1702
f 1702 7047 7046
f 1702 7046 1704
f 1704 7046 1484
f 1704 1484 1706
f 1706 1484 803
f 1706 803 1708
f 1708 803 1710
f 7073 7074 7075
f 783 7073 781
f 781 7073 7075
f 781 7075 776
f 776 7075 1419
f 7076 7077 1063
f 1063 7077 1059
f 1063 1059 1061
f 1061 1059 1103
f 6953 6952 1059
f 6958 6957 1086
f 6955 1037 6956
f 6956 1037 1036
f 6956 1036 6957
f 6957 1036 1041
f 6957 1041 1086
f 1086 1088 6958
f 6958 1088 1024
f 6958 1024 6959
f 6959 1024 1023
f 6959 1023 6948
f 6948 1023 1107
f 6948 1107 6949
f 6949 1107 1103
f 6949 1103 6950
f 6950 1103 1059
f 6950 1059 6951
f 6951 1059 6952
f 1059 1058 6953
f 6953 1058 1115
f 6953 1115 6954
f 6954 1115 1110
f 6954 1110 6955
f 6955 1110 1100
f 6955 1100 1037
f 1072 1071 7078
f 7078 7079 7080
f 1072 7078 1016
f 1016 7078 7080
f 1016 7080 7081
f 7082 7083 1067
f 1067 1066 7082
f 7082 1066 1106
f 7082 1106 7084
f 7084 1106 1020
f 7084 1020 7085
f 7085 1020 1019
f 7085 1019 7081
f 7081 1019 1017
f 7081 1017 1016
f 1067 7083 7086
f 7086 7083 1189
f 7087 7088 7077
f 1128 1218 7089
f 1128 1143 1218
f 1218 1143 1142
f 1218 1142 1140
f 1218 1140 1139
f 7089 7087 1128
f 1128 7087 7077
f 1128 7077 1129
f 1129 7077 7076
f 1129 7076 1131
f 7090 1134 7076
f 7076 1134 1132
f 7076 1132 1131
f 1138 1137 1189
f 1189 1137 1136
f 1189 1136 1135
f 1189 1135 7086
f 7086 1135 1134
f 7086 1134 7091
f 7091 1134 7090
f 7089 1218 999
f 999 1218 1000
f 1000 1222 1221
f 971 970 1235
f 1235 970 1000
f 1235 1000 1224
f 1224 1000 1221
f 1222 1000 1219
f 1219 1000 1218
f 7080 686 683
f 680 679 7083
f 7092 688 7093
f 7093 688 686
f 7093 686 7079
f 7079 686 7080
f 7083 7082 680
f 680 7082 7084
f 680 7084 681
f 681 7084 7085
f 681 7085 683
f 683 7085 7081
f 683 7081 7080
f 1188 1189 7083
f 1188 7083 1179
f 1186 1184 7083
f 1184 1183 7083
f 7083 1183 1180
f 7083 1180 1179
f 1186 7083 1187
f 1187 7083 679
f 1187 679 678
f 530 529 7075
f 7075 529 6590
f 1420 1419 6593
f 6593 1419 7075
f 6593 7075 6592
f 6592 7075 6590
f 7094 536 7095
f 7095 536 530
f 7095 530 7074
f 7074 530 7075
f 956 994 6121
f 6121 6124 7065
f 7065 6124 6126
f 7065 6126 1348
f 1348 6126 6127
f 1348 6127 1347
f 7096 982 7097
f 7097 982 980
f 7097 980 7066
f 974 7069 980
f 980 7069 7068
f 980 7068 7066
f 6121 7065 956
f 956 7065 7072
f 956 7072 957
f 957 7072 7071
f 957 7071 974
f 974 7071 7070
f 974 7070 7069
f 1060 1059 7077
f 1057 1056 7088
f 7088 1056 1054
f 7088 1054 7077
f 7077 1054 1053
f 7077 1053 1060
f 7089 999 7087
f 7087 999 1047
f 1047 1049 7087
f 7087 1049 1050
f 7087 1050 7088
f 7088 1050 1052
f 7088 1052 1057
f 1067 7086 1068
f 1068 7086 7091
f 1068 7091 1069
f 1064 1026 7090
f 7090 1026 1025
f 7090 1025 7091
f 7091 1025 1070
f 7091 1070 1069
f 1063 1062 7076
f 7076 1062 1029
f 7076 1029 7090
f 7090 1029 1028
f 7090 1028 1064
f 968 967 663
f 663 661 968
f 968 661 1851
f 968 1851 7098
f 674 673 950
f 950 948 674
f 674 948 1849
f 674 1849 7099
f 539 541 654
f 654 652 539
f 539 652 1831
f 539 1831 7100
f 7101 689 7102
f 7102 689 688
f 7102 688 7092
f 1119 1118 7103
f 7103 1118 1845
f 7104 7105 7106
f 7107 7108 7109
f 7109 7108 7110
f 7107 7111 7108
f 7108 7111 7112
f 7108 7112 7106
f 7106 7112 7113
f 7106 7113 7104
f 7114 7115 7106
f 7106 7115 7108
f 1840 1839 7116
f 7116 1839 7117
f 689 7101 7118
f 7119 672 689
f 7118 7120 689
f 689 7120 7121
f 689 7121 7119
f 7119 7121 7122
f 7119 7122 7123
f 7123 7122 7124
f 7124 7125 7123
f 7123 7125 7126
f 7123 7126 7127
f 7127 7126 7128
f 7127 7128 7108
f 7129 7130 7131
f 7131 7130 7110
f 7131 7110 7108
f 7132 7129 7133
f 7133 7129 7131
f 7133 7131 7134
f 7134 7131 7108
f 7134 7108 7135
f 7135 7108 7128
f 949 950 7136
f 7136 950 673
f 7108 7115 7127
f 7127 7115 7137
f 7127 7137 7123
f 7123 7137 7136
f 7123 7136 7119
f 7119 7136 673
f 7119 673 672
f 947 949 7138
f 947 7138 1837
f 1837 7138 7139
f 1837 7139 1838
f 1838 7139 7117
f 1838 7117 1839
f 7117 7139 7140
f 949 7136 7141
f 7139 7142 7140
f 7140 7142 7141
f 7140 7141 7143
f 7143 7141 7136
f 7143 7136 7137
f 7117 7140 7144
f 7144 7140 7143
f 7144 7143 7145
f 7145 7143 7137
f 7145 7137 7115
f 7142 949 7141
f 7139 7138 7142
f 7142 7138 949
f 7115 7114 7146
f 7115 7146 7145
f 7145 7146 7147
f 7145 7147 7144
f 7144 7147 7116
f 7144 7116 7117
f 7103 1845 1842
f 7103 1842 7148
f 7148 1842 1841
f 7148 1841 7149
f 7149 1841 1840
f 7149 1840 7116
f 7150 7151 7152
f 7106 7105 7153
f 7153 7150 7106
f 7106 7150 7152
f 7106 7152 7154
f 7152 7155 7154
f 7154 7155 7156
f 7154 7156 7157
f 7157 7156 7158
f 7157 7158 7159
f 951 987 7160
f 7158 7161 7159
f 7159 7161 7162
f 7159 7162 7163
f 7163 7162 7164
f 7163 7164 7160
f 7160 7164 7165
f 7160 7165 951
f 951 7165 7166
f 7166 7167 951
f 951 7167 7168
f 951 7168 952
f 7147 7146 7169
f 7169 7146 7170
f 7169 7170 7171
f 7171 7170 7172
f 7171 7172 7103
f 7146 7114 7170
f 7170 7114 7173
f 7170 7173 7172
f 7172 7173 7174
f 7172 7174 7103
f 7116 7147 7149
f 7149 7147 7169
f 7149 7169 7148
f 7148 7169 7171
f 7148 7171 7103
f 7160 987 988
f 1119 7103 988
f 988 7103 7174
f 988 7174 7160
f 7160 7174 7163
f 7173 7114 7106
f 7106 7154 7173
f 7173 7154 7157
f 7173 7157 7174
f 7174 7157 7159
f 7174 7159 7163
f 7175 983 7176
f 7176 983 982
f 7176 982 7096
f 946 945 7177
f 7177 945 1853
f 7178 7179 7180
f 7181 7182 7183
f 7183 7182 7184
f 7181 7185 7182
f 7182 7185 7186
f 7182 7186 7180
f 7180 7186 7187
f 7180 7187 7178
f 7188 7189 7180
f 7180 7189 7182
f 1856 1857 7190
f 7190 1857 7191
f 7192 538 7193
f 7193 538 536
f 7193 536 7094
f 814 813 7194
f 7194 813 1823
f 7195 7196 7197
f 7198 7199 7200
f 7200 7199 7201
f 7198 7202 7199
f 7199 7202 7203
f 7199 7203 7197
f 7197 7203 7204
f 7197 7204 7195
f 7205 7206 7197
f 7197 7206 7199
f 1834 1829 7207
f 7207 1829 7208
f 7175 7209 983
f 983 7209 7210
f 983 7210 7211
f 966 983 7212
f 7212 983 7211
f 7212 7211 7213
f 7213 7211 7214
f 7214 7215 7213
f 7213 7215 7216
f 7213 7216 7217
f 7217 7216 7218
f 7216 7219 7218
f 7218 7219 7220
f 7218 7220 7182
f 7221 7222 7223
f 7223 7222 7184
f 7223 7184 7182
f 7224 7221 7225
f 7225 7221 7223
f 7225 7223 7226
f 7226 7223 7182
f 7226 7182 7227
f 7227 7182 7220
f 967 966 7212
f 7182 7189 7218
f 7218 7189 7228
f 662 663 7229
f 7229 663 967
f 7229 967 7230
f 7230 967 7212
f 7230 7212 7231
f 7231 7212 7213
f 7231 7213 7228
f 7228 7213 7217
f 7228 7217 7218
f 662 7232 660
f 660 7232 1859
f 7232 7233 1859
f 1859 7233 7234
f 1859 7234 1858
f 7191 1857 7235
f 7235 1857 1858
f 7235 1858 7236
f 7236 1858 7234
f 7237 7238 7239
f 7240 7241 7191
f 7242 7243 7244
f 7244 7243 7245
f 7230 7231 7238
f 7238 7231 7228
f 7238 7228 7239
f 7239 7228 7189
f 662 7229 7232
f 7232 7229 7246
f 7232 7246 7233
f 7233 7246 7247
f 7189 7245 7239
f 7239 7245 7243
f 7239 7243 7237
f 7237 7243 7242
f 7237 7242 7248
f 7248 7242 7249
f 7248 7249 7250
f 7191 7235 7240
f 7240 7235 7236
f 7240 7236 7247
f 7247 7236 7234
f 7247 7234 7233
f 7229 7230 7246
f 7246 7230 7238
f 7246 7238 7247
f 7247 7238 7237
f 7247 7237 7240
f 7240 7237 7248
f 7240 7248 7241
f 7241 7248 7250
f 7189 7188 7245
f 7245 7188 7251
f 7245 7251 7244
f 7244 7251 7242
f 7242 7251 7252
f 7242 7252 7249
f 7190 7191 7253
f 7253 7191 7241
f 7253 7241 7252
f 7252 7241 7250
f 7252 7250 7249
f 7177 1853 7254
f 7254 1853 1862
f 7254 1862 7255
f 7255 1862 7256
f 7256 1862 1861
f 7256 1861 7257
f 7257 1861 7258
f 7258 1861 1860
f 7258 1860 7259
f 7259 1860 1856
f 7259 1856 7190
f 7260 7261 7262
f 7180 7179 7263
f 7263 7260 7180
f 7180 7260 7262
f 7180 7262 7264
f 7264 7262 7265
f 7264 7265 7266
f 7266 7265 7267
f 7266 7267 7268
f 7268 7269 7266
f 7266 7269 7270
f 7266 7270 7271
f 7271 7270 7272
f 7271 7272 838
f 838 7272 7273
f 838 7273 664
f 664 7273 7274
f 7274 7275 664
f 664 7275 7276
f 664 7276 665
f 7251 7277 7252
f 7278 7279 7280
f 7278 7281 7282
f 7282 7281 7177
f 7188 7283 7251
f 7251 7283 7284
f 7251 7284 7277
f 7277 7284 7285
f 7277 7285 7252
f 7252 7285 7253
f 7279 7278 7286
f 7286 7278 7282
f 7286 7282 7287
f 7287 7282 7288
f 7287 7288 7258
f 7257 7258 7288
f 7258 7259 7289
f 7289 7259 7190
f 7289 7190 7253
f 7253 7285 7289
f 7289 7285 7258
f 7284 7290 7285
f 7285 7290 7258
f 7177 7254 7282
f 7282 7254 7255
f 7282 7255 7288
f 7288 7255 7256
f 7288 7256 7257
f 7188 7280 7283
f 7283 7280 7279
f 7283 7279 7284
f 7284 7279 7286
f 7284 7286 7290
f 7290 7286 7287
f 7290 7287 7258
f 838 839 7278
f 7278 839 7281
f 7281 839 946
f 7281 946 7177
f 838 7278 7271
f 7271 7278 7280
f 7271 7280 7266
f 7188 7180 7280
f 7280 7180 7264
f 7280 7264 7266
f 538 7192 7291
f 7292 540 538
f 7291 7293 538
f 538 7293 7294
f 538 7294 7292
f 7292 7294 7295
f 7292 7295 7296
f 7296 7295 7297
f 7297 7298 7296
f 7296 7298 7299
f 7296 7299 7300
f 7300 7299 7301
f 7300 7301 7199
f 7302 7303 7304
f 7304 7303 7201
f 7304 7201 7199
f 7305 7302 7306
f 7306 7302 7304
f 7306 7304 7307
f 7307 7304 7199
f 7307 7199 7308
f 7308 7199 7301
f 653 654 7309
f 7309 654 541
f 7309 541 7310
f 7199 7206 7300
f 7300 7206 7311
f 7300 7311 7296
f 7296 7311 7310
f 7296 7310 7292
f 7292 7310 541
f 7292 541 540
f 651 653 7312
f 651 7312 1827
f 7312 7313 1827
f 1827 7313 7314
f 1827 7314 1828
f 1828 7314 7208
f 1828 7208 1829
f 7314 7313 7315
f 7316 7317 7315
f 7315 7317 7314
f 7314 7318 7319
f 7320 7321 7322
f 7323 7324 7320
f 7320 7324 7319
f 7320 7319 7321
f 7310 7325 7309
f 7309 7325 7312
f 7309 7312 653
f 7319 7318 7321
f 7321 7318 7326
f 7321 7326 7322
f 7322 7326 7327
f 7322 7327 7206
f 7324 7314 7319
f 7323 7208 7324
f 7324 7208 7314
f 7313 7312 7315
f 7315 7312 7325
f 7315 7325 7316
f 7316 7325 7310
f 7316 7310 7328
f 7328 7310 7311
f 7311 7206 7328
f 7328 7206 7327
f 7328 7327 7316
f 7316 7327 7326
f 7316 7326 7317
f 7317 7326 7318
f 7317 7318 7314
f 7329 7322 7330
f 7330 7322 7206
f 7330 7206 7205
f 7207 7208 7331
f 7331 7208 7323
f 7331 7323 7332
f 7332 7323 7320
f 7332 7320 7333
f 7333 7320 7322
f 7333 7322 7334
f 7334 7322 7329
f 7194 1823 7335
f 7335 1823 1833
f 7335 1833 7336
f 7336 1833 7337
f 7337 1833 1832
f 7337 1832 7338
f 7338 1832 7339
f 7339 1832 1834
f 7339 1834 7207
f 7340 7341 7342
f 7197 7196 7343
f 7343 7340 7197
f 7197 7340 7342
f 7197 7342 7344
f 7344 7342 7345
f 7344 7345 7346
f 7346 7345 7347
f 7346 7347 7348
f 7348 7349 7346
f 7346 7349 7350
f 7346 7350 7351
f 7351 7350 7352
f 7351 7352 691
f 691 7352 7353
f 691 7353 655
f 655 7353 7354
f 7354 7355 655
f 655 7355 7356
f 655 7356 656
f 7205 7357 7358
f 7358 7357 7359
f 7358 7359 7360
f 7360 7359 7361
f 7360 7361 7362
f 7362 7361 7363
f 7329 7330 7364
f 7364 7330 7205
f 7329 7364 7334
f 7334 7364 7365
f 7334 7365 7333
f 7333 7366 7332
f 7332 7366 7367
f 7332 7367 7331
f 7331 7367 7339
f 7331 7339 7207
f 7368 7337 7338
f 7333 7365 7366
f 7366 7365 7368
f 7366 7368 7367
f 7367 7368 7338
f 7367 7338 7339
f 7363 7194 7362
f 7362 7194 7335
f 7362 7335 7336
f 7205 7358 7364
f 7364 7358 7360
f 7364 7360 7365
f 7365 7360 7362
f 7365 7362 7368
f 7368 7362 7336
f 7368 7336 7337
f 7361 690 7363
f 7363 690 814
f 7363 814 7194
f 7357 7205 7197
f 7197 7344 7357
f 7357 7344 7346
f 7357 7346 7359
f 7359 7346 7351
f 7359 7351 7361
f 7361 7351 691
f 7361 691 690
f 6980 7369 6979
f 6979 7369 7370
f 7369 7371 7370
f 7370 7371 7372
f 7370 7372 7373
f 7372 7374 7373
f 7373 7374 562
f 7373 562 559
f 6997 6995 7375
f 559 557 7373
f 7373 557 7376
f 7373 7376 7370
f 7370 7376 7375
f 7370 7375 6979
f 6979 7375 6995
f 6996 6997 7377
f 7377 6997 7375
f 7377 7375 7378
f 7378 7375 7376
f 7378 7376 556
f 556 7376 557
f 556 533 7378
f 7378 533 7379
f 7378 7379 7377
f 7377 7379 7380
f 7377 7380 6996
f 6996 7380 6978
f 6977 6978 7380
f 6977 7380 7381
f 7381 7380 7379
f 7381 7379 7382
f 7382 7379 533
f 7382 533 527
f 7100 1831 7383
f 7383 1831 1826
f 7383 1826 7384
f 7384 1826 1825
f 7384 1825 7385
f 7385 1825 1822
f 7385 1822 1820
f 7000 6998 7386
f 527 526 7382
f 7382 526 7387
f 7382 7387 7381
f 7381 7387 7386
f 7381 7386 6977
f 6977 7386 6998
f 6999 7000 7388
f 7388 7000 7386
f 7388 7386 7389
f 7389 7386 7387
f 7389 7387 552
f 552 7387 526
f 552 537 7389
f 7389 537 7390
f 7389 7390 7388
f 7388 7390 7391
f 7388 7391 6999
f 6999 7391 1818
f 1820 1818 7391
f 537 539 7100
f 537 7100 7390
f 7100 7383 7390
f 7390 7383 7384
f 7390 7384 7391
f 7391 7384 7385
f 7391 7385 1820
f 1790 1788 1864
f 1790 1864 7392
f 7392 1864 1863
f 7392 1863 7393
f 7393 1863 7394
f 7394 1863 944
f 7394 944 943
f 837 836 943
f 943 836 7395
f 7392 7393 7395
f 7395 7393 7394
f 7395 7394 943
f 7395 7396 7392
f 7392 7396 1792
f 7392 1792 1790
f 836 824 7395
f 7395 824 7397
f 7395 7397 7396
f 7396 7397 7398
f 7396 7398 1792
f 822 818 7399
f 7399 818 7400
f 7399 7400 7401
f 7401 7400 7402
f 6993 6994 7398
f 7398 6994 6992
f 7398 6992 1792
f 824 822 7397
f 7397 822 7399
f 7397 7399 7398
f 7398 7399 7401
f 7398 7401 6993
f 6993 7401 7402
f 6993 7402 6961
f 6960 6961 7402
f 6960 7402 7403
f 7403 7402 7400
f 7403 7400 7404
f 7404 7400 818
f 7404 818 829
f 6991 6989 7405
f 829 830 7404
f 7404 830 7406
f 7404 7406 7403
f 7403 7406 7405
f 7403 7405 6960
f 6960 7405 6989
f 6990 6991 7407
f 7407 6991 7405
f 7407 7405 7408
f 7408 7405 7406
f 7408 7406 840
f 840 7406 830
f 840 841 7408
f 7408 841 7409
f 7408 7409 7407
f 7407 7409 7410
f 7407 7410 6990
f 6990 7410 6962
f 6963 6962 7411
f 7411 6962 7410
f 7411 7410 7412
f 7412 7410 7413
f 7413 7410 7409
f 7413 7409 7414
f 7414 7409 7415
f 7415 7409 841
f 7415 841 833
f 7099 1849 7416
f 7416 1849 1850
f 7416 1850 7417
f 7417 1850 1844
f 7417 1844 7418
f 7418 1844 1810
f 7418 1810 1808
f 1808 1806 7419
f 687 674 7099
f 687 7099 7420
f 7099 7416 7420
f 7420 7416 7417
f 7420 7417 7419
f 7419 7417 7418
f 7419 7418 1808
f 682 684 7421
f 7421 684 7422
f 7421 7422 7423
f 7423 7422 7424
f 7423 7424 6975
f 685 687 7425
f 7425 687 7420
f 7425 7420 7426
f 7426 7420 7419
f 7005 7006 7424
f 7424 7006 7004
f 7424 7004 6975
f 684 685 7422
f 7422 685 7425
f 7422 7425 7424
f 7424 7425 7426
f 7424 7426 7005
f 7005 7426 7419
f 7005 7419 1806
f 6976 7427 6975
f 6975 7427 7423
f 7427 7428 7423
f 7423 7428 7429
f 7423 7429 7421
f 676 682 7430
f 7430 682 7421
f 7430 7421 7431
f 7431 7421 7429
f 1816 7432 7433
f 7434 696 676
f 693 694 7435
f 7435 694 7436
f 676 7430 7434
f 7434 7430 7431
f 7434 7431 7437
f 7433 7432 7438
f 7432 7439 7438
f 7438 7439 7440
f 7438 7440 7436
f 7436 7440 7441
f 7436 7441 7435
f 7427 7442 7428
f 7428 7442 7437
f 7428 7437 7429
f 7429 7437 7431
f 7002 7003 7433
f 7433 7003 7001
f 7433 7001 1816
f 694 696 7436
f 7436 696 7434
f 7436 7434 7438
f 7438 7434 7437
f 7438 7437 7433
f 7433 7437 7442
f 7433 7442 7002
f 7002 7442 7427
f 7002 7427 6976
f 1814 1812 1836
f 1814 1836 7443
f 7443 1836 1835
f 7443 1835 7444
f 7444 1835 7445
f 7445 1835 812
f 7445 812 811
f 692 693 811
f 811 693 7435
f 811 7435 7445
f 7445 7435 7441
f 7445 7441 7444
f 7444 7441 7440
f 7444 7440 7443
f 1816 1814 7432
f 7432 1814 7443
f 7432 7443 7439
f 7439 7443 7440
f 1802 1800 1847
f 1802 1847 7446
f 7446 1847 1846
f 7446 1846 7447
f 7447 1846 7448
f 7448 1846 1117
f 7448 1117 1116
f 986 985 1116
f 1116 985 7449
f 7446 7447 7449
f 7449 7447 7448
f 7449 7448 1116
f 7449 7450 7446
f 7446 7450 1804
f 7446 1804 1802
f 7009 7007 7451
f 985 984 7449
f 7449 984 7452
f 7449 7452 7450
f 7450 7452 7451
f 7450 7451 1804
f 1804 7451 7007
f 7008 7009 7453
f 7453 7009 7451
f 7453 7451 7454
f 7454 7451 7452
f 7454 7452 961
f 961 7452 984
f 961 960 7454
f 7454 960 7455
f 7454 7455 7453
f 7453 7455 7456
f 7453 7456 7008
f 7008 7456 6974
f 6973 6974 7456
f 6973 7456 7457
f 7457 7456 7455
f 7457 7455 7458
f 7458 7455 960
f 7458 960 973
f 7098 1851 7459
f 7459 1851 1854
f 7459 1854 7460
f 7460 1854 1855
f 7460 1855 7461
f 7461 1855 1798
f 7461 1798 1796
f 973 972 7458
f 7458 972 7462
f 7458 7462 7457
f 7457 7462 7463
f 7457 7463 6973
f 979 981 7464
f 7464 981 7465
f 7464 7465 7466
f 7466 7465 7467
f 7011 7012 7463
f 7463 7012 7010
f 7463 7010 6973
f 972 979 7462
f 7462 979 7464
f 7462 7464 7463
f 7463 7464 7466
f 7463 7466 7011
f 7011 7466 7467
f 7011 7467 1794
f 1796 1794 7467
f 981 968 7098
f 981 7098 7465
f 7098 7459 7465
f 7465 7459 7460
f 7465 7460 7467
f 7467 7460 7461
f 7467 7461 1796
f 7468 7469 7470
f 7470 7469 7471
f 7470 7471 7472
f 7472 7471 7473
f 7472 7473 7474
f 7468 7475 7469
f 7469 7475 7476
f 7469 7476 7477
f 7476 7478 7477
f 7477 7478 7479
f 7477 7479 7480
f 7480 7479 7481
f 7480 7481 7482
f 7481 7483 7482
f 7482 7483 7484
f 7482 7484 7485
f 7485 7484 7486
f 7486 7487 7485
f 7485 7487 7488
f 7485 7488 7489
f 7488 7490 7489
f 7489 7490 7491
f 7489 7491 7492
f 7491 7493 7492
f 7492 7493 7494
f 7492 7494 7495
f 7495 7494 7496
f 7495 7496 7497
f 7497 7496 7498
f 7498 7499 7497
f 7497 7499 7500
f 7497 7500 7501
f 7501 7500 7502
f 7501 7502 7503
f 7503 7502 7504
f 7504 7505 7503
f 7503 7505 7506
f 7503 7506 7507
f 7507 7506 7508
f 7507 7508 7509
f 7508 7510 7509
f 7509 7510 7511
f 7509 7511 7473
f 7473 7511 7512
f 7473 7512 7474
f 7507 7509 7513
f 7513 7509 7473
f 7513 7473 7471
f 7497 7501 7513
f 7513 7501 7503
f 7513 7503 7507
f 7489 7492 7513
f 7513 7492 7495
f 7513 7495 7497
f 7480 7482 7513
f 7513 7482 7485
f 7513 7485 7489
f 7471 7469 7513
f 7513 7469 7477
f 7513 7477 7480
f 7474 7514 7472
f 7472 7514 7515
f 7472 7515 7470
f 7470 7515 7516
f 7470 7516 7468
f 7468 7516 7517
f 7468 7517 7475
f 7475 7517 7518
f 7475 7518 7476
f 7476 7518 7519
f 7476 7519 7478
f 7478 7519 7520
f 7478 7520 7479
f 7479 7520 7521
f 7479 7521 7481
f 7481 7521 7522
f 7481 7522 7483
f 7483 7522 7523
f 7483 7523 7484
f 7484 7523 7524
f 7484 7524 7486
f 7486 7524 7525
f 7486 7525 7487
f 7487 7525 7526
f 7487 7526 7488
f 7488 7526 7527
f 7488 7527 7490
f 7490 7527 7528
f 7490 7528 7491
f 7491 7528 7529
f 7491 7529 7493
f 7493 7529 7530
f 7493 7530 7494
f 7494 7530 7531
f 7494 7531 7496
f 7496 7531 7532
f 7496 7532 7498
f 7498 7532 7533
f 7498 7533 7499
f 7499 7533 7534
f 7499 7534 7500
f 7500 7534 7535
f 7500 7535 7502
f 7502 7535 7536
f 7502 7536 7504
f 7504 7536 7537
f 7504 7537 7505
f 7505 7537 7538
f 7505 7538 7506
f 7506 7538 7539
f 7506 7539 7508
f 7508 7539 7540
f 7508 7540 7510
f 7510 7540 7541
f 7510 7541 7511
f 7511 7541 7542
f 7511 7542 7512
f 7512 7542 7543
f 7512 7543 7474
f 7474 7543 7514
f 7543 7544 7514
f 7514 7544 7545
f 7514 7545 7515
f 7515 7545 7546
f 7515 7546 7516
f 7516 7546 7547
f 7516 7547 7517
f 7517 7547 7548
f 7517 7548 7518
f 7518 7548 7549
f 7518 7549 7519
f 7519 7549 7550
f 7519 7550 7520
f 7520 7550 7551
f 7520 7551 7521
f 7521 7551 7552
f 7521 7552 7522
f 7522 7552 7553
f 7522 7553 7523
f 7523 7553 7554
f 7523 7554 7524
f 7524 7554 7555
f 7524 7555 7525
f 7525 7555 7556
f 7525 7556 7526
f 7526 7556 7557
f 7526 7557 7527
f 7527 7557 7558
f 7527 7558 7528
f 7528 7558 7559
f 7528 7559 7529
f 7529 7559 7560
f 7529 7560 7530
f 7530 7560 7561
f 7530 7561 7531
f 7531 7561 7562
f 7531 7562 7532
f 7532 7562 7563
f 7532 7563 7533
f 7533 7563 7564
f 7533 7564 7534
f 7534 7564 7565
f 7534 7565 7535
f 7535 7565 7566
f 7535 7566 7536
f 7536 7566 7567
f 7536 7567 7537
f 7537 7567 7568
f 7537 7568 7538
f 7538 7568 7569
f 7538 7569 7539
f 7539 7569 7570
f 7539 7570 7540
f 7540 7570 7571
f 7540 7571 7541
f 7541 7571 7572
f 7541 7572 7542
f 7542 7572 7573
f 7542 7573 7543
f 7543 7573 7544
f 7573 6734 7544
f 7544 6734 6787
f 7544 6787 7545
f 7545 6787 6792
f 7545 6792 7546
f 7546 6792 6791
f 7546 6791 7547
f 7547 6791 6789
f 7547 6789 7548
f 7548 6789 6788
f 7548 6788 7549
f 7549 6788 6797
f 7549 6797 7550
f 7550 6797 6796
f 7550 6796 7551
f 7551 6796 6794
f 7551 6794 7552
f 7552 6794 6793
f 7552 6793 7553
f 7553 6793 6801
f 7553 6801 7554
f 7554 6801 6800
f 7554 6800 7555
f 7555 6800 6799
f 7555 6799 7556
f 7556 6799 6798
f 7556 6798 7557
f 7557 6798 6732
f 7557 6732 7558
f 7558 6732 6731
f 7558 6731 7559
f 7559 6731 6802
f 7559 6802 7560
f 7560 6802 6812
f 7560 6812 7561
f 7561 6812 6811
f 7561 6811 7562
f 7562 6811 6810
f 7562 6810 7563
f 7563 6810 6809
f 7563 6809 7564
f 7564 6809 6808
f 7564 6808 7565
f 7565 6808 6806
f 7565 6806 7566
f 7566 6806 6804
f 7566 6804 7567
f 7567 6804 6803
f 7567 6803 7568
f 7568 6803 6817
f 7568 6817 7569
f 7569 6817 6816
f 7569 6816 7570
f 7570 6816 6815
f 7570 6815 7571
f 7571 6815 6813
f 7571 6813 7572
f 7572 6813 6735
f 7572 6735 7573
f 7573 6735 6734
f 6713 6712 7574
f 7575 7576 7577
f 7578 7579 7580
f 6931 6930 7581
f 6932 6931 7582
f 6933 6932 7583
f 6936 6935 7584
f 6937 6936 7585
f 6947 6944 7586
f 6981 6982 7587
f 6972 6970 7576
f 6707 6706 6964
f 6964 6706 7588
f 6964 7588 6965
f 6970 6969 7576
f 7576 6969 6968
f 7576 6968 7577
f 7577 6968 6967
f 7577 6967 6966
f 6924 6923 6971
f 7589 6984 6946
f 6946 6984 6988
f 6946 6988 6945
f 7587 6982 7590
f 6982 6983 7590
f 7590 6983 6986
f 7590 6986 7589
f 7589 6986 6985
f 7589 6985 6984
f 6729 6730 7587
f 7587 6730 6987
f 7587 6987 6981
f 6947 7586 6946
f 6939 7579 6940
f 6940 7579 7578
f 6940 7578 6941
f 6941 7578 6942
f 6937 7585 6938
f 6935 6934 7591
f 7591 6934 6933
f 6971 6972 6924
f 6924 6972 7576
f 6924 7576 6925
f 6925 7576 7575
f 6925 7575 6926
f 6926 7575 6927
f 7592 7593 7594
f 7595 7580 7596
f 7596 7580 7579
f 7596 7579 7597
f 7597 7579 6939
f 7597 6939 6938
f 7598 7599 7581
f 6928 6927 7600
f 7600 6927 7575
f 7600 7575 7601
f 7601 7575 7577
f 7601 7577 7588
f 7588 7577 6966
f 7588 6966 6965
f 7602 7593 7603
f 7603 7593 7592
f 7603 7592 7604
f 6944 6943 7594
f 7594 6943 7605
f 7594 7605 7592
f 7592 7605 7606
f 7592 7606 7604
f 7604 7606 7607
f 7604 7607 6720
f 6720 7607 6721
f 7608 7599 7609
f 7609 7599 7598
f 7609 7598 7610
f 6930 6929 7581
f 7581 6929 7611
f 7581 7611 7598
f 7598 7611 7612
f 7598 7612 7610
f 7610 7612 7613
f 7610 7613 6704
f 6704 7613 6705
f 7614 6727 6728
f 6946 7586 7589
f 7589 7586 7615
f 7589 7615 7590
f 7590 7615 7614
f 7590 7614 7587
f 7587 7614 6728
f 7587 6728 6729
f 6944 7594 7586
f 7586 7594 7593
f 7586 7593 7615
f 7615 7593 7602
f 7615 7602 7614
f 7614 7602 6723
f 7614 6723 6727
f 6720 6719 7604
f 7604 6719 6726
f 7604 6726 7603
f 7603 6726 6725
f 7603 6725 7602
f 7602 6725 6724
f 7602 6724 6723
f 6722 6721 7595
f 7595 6721 7607
f 7595 7607 7580
f 7580 7607 7606
f 7580 7606 7578
f 7578 7606 7605
f 7578 7605 6942
f 6942 7605 6943
f 7616 6717 6718
f 6938 7585 7597
f 7597 7585 7617
f 7597 7617 7596
f 7596 7617 7616
f 7596 7616 7595
f 7595 7616 6718
f 7595 6718 6722
f 6936 7584 7585
f 7585 7584 7618
f 7585 7618 7617
f 7617 7618 7619
f 7617 7619 7616
f 7616 7619 6716
f 7616 6716 6717
f 6935 7591 7584
f 7584 7591 7620
f 7584 7620 7618
f 7618 7620 7574
f 7618 7574 7619
f 7619 7574 6712
f 7619 6712 6716
f 6933 7583 7591
f 7591 7583 7621
f 7591 7621 7620
f 7620 7621 7622
f 7620 7622 7574
f 7574 7622 6714
f 7574 6714 6713
f 7623 6710 6715
f 6932 7582 7583
f 7583 7582 7624
f 7583 7624 7621
f 7621 7624 7623
f 7621 7623 7622
f 7622 7623 6715
f 7622 6715 6714
f 6931 7581 7582
f 7582 7581 7599
f 7582 7599 7624
f 7624 7599 7608
f 7624 7608 7623
f 7623 7608 6711
f 7623 6711 6710
f 6704 6703 7610
f 7610 6703 6702
f 7610 6702 7609
f 7609 6702 6709
f 7609 6709 7608
f 7608 6709 6708
f 7608 6708 6711
f 6706 6705 7588
f 7588 6705 7613
f 7588 7613 7601
f 7601 7613 7612
f 7601 7612 7600
f 7600 7612 7611
f 7600 7611 6928
f 6928 7611 6929
f 2751 2750 7625
f 7626 7627 7628
f 7629 7630 7631
f 3172 3170 7632
f 3173 3172 7633
f 3175 3173 7634
f 3179 3178 7635
f 3181 3179 7636
f 3194 3191 7637
f 2801 2798 7627
f 2777 2779 7638
f 7639 2781 3193
f 3193 2781 2786
f 3193 2786 2785
f 7638 2779 7640
f 2779 2780 7640
f 7640 2780 2783
f 7640 2783 7639
f 7639 2783 2782
f 7639 2782 2781
f 2728 2730 7638
f 7638 2730 2784
f 7638 2784 2777
f 2734 2736 2792
f 2792 2736 7641
f 2792 7641 2793
f 2798 2797 7627
f 7627 2797 2796
f 7627 2796 7628
f 7628 2796 2795
f 7628 2795 2794
f 3161 2799 2800
f 3194 7637 3193
f 3184 7630 3185
f 3185 7630 7629
f 3185 7629 3187
f 3187 7629 3188
f 3181 7636 3182
f 3178 3176 7642
f 7642 3176 3175
f 2800 2801 3161
f 3161 2801 7627
f 3161 7627 3163
f 3163 7627 7626
f 3163 7626 3164
f 3164 7626 3166
f 7643 7644 7645
f 7646 7631 7647
f 7647 7631 7630
f 7647 7630 7648
f 7648 7630 3184
f 7648 3184 3182
f 7649 7650 7632
f 3167 3166 7651
f 7651 3166 7626
f 7651 7626 7652
f 7652 7626 7628
f 7652 7628 7641
f 7641 7628 2794
f 7641 2794 2793
f 7653 7644 7654
f 7654 7644 7643
f 7654 7643 7655
f 3191 3190 7645
f 7645 3190 7656
f 7645 7656 7643
f 7643 7656 7657
f 7643 7657 7655
f 7655 7657 7658
f 7655 7658 2764
f 2764 7658 2765
f 7659 7650 7660
f 7660 7650 7649
f 7660 7649 7661
f 3170 3169 7632
f 7632 3169 7662
f 7632 7662 7649
f 7649 7662 7663
f 7649 7663 7661
f 7661 7663 7664
f 7661 7664 2743
f 2743 7664 2742
f 7665 2771 2770
f 3193 7637 7639
f 7639 7637 7666
f 7639 7666 7640
f 7640 7666 7665
f 7640 7665 7638
f 7638 7665 2770
f 7638 2770 2728
f 3191 7645 7637
f 7637 7645 7644
f 7637 7644 7666
f 7666 7644 7653
f 7666 7653 7665
f 7665 7653 2772
f 7665 2772 2771
f 2764 2762 7655
f 7655 2762 2761
f 7655 2761 7654
f 7654 2761 2767
f 7654 2767 7653
f 7653 2767 2769
f 7653 2769 2772
f 2766 2765 7646
f 7646 2765 7658
f 7646 7658 7631
f 7631 7658 7657
f 7631 7657 7629
f 7629 7657 7656
f 7629 7656 3188
f 3188 7656 3190
f 7667 2757 2759
f 3182 7636 7648
f 7648 7636 7668
f 7648 7668 7647
f 7647 7668 7667
f 7647 7667 7646
f 7646 7667 2759
f 7646 2759 2766
f 3179 7635 7636
f 7636 7635 7669
f 7636 7669 7668
f 7668 7669 7670
f 7668 7670 7667
f 7667 7670 2755
f 7667 2755 2757
f 3178 7642 7635
f 7635 7642 7671
f 7635 7671 7669
f 7669 7671 7625
f 7669 7625 7670
f 7670 7625 2750
f 7670 2750 2755
f 3175 7634 7642
f 7642 7634 7672
f 7642 7672 7671
f 7671 7672 7673
f 7671 7673 7625
f 7625 7673 2753
f 7625 2753 2751
f 7674 2746 2754
f 3173 7633 7634
f 7634 7633 7675
f 7634 7675 7672
f 7672 7675 7674
f 7672 7674 7673
f 7673 7674 2754
f 7673 2754 2753
f 3172 7632 7633
f 7633 7632 7650
f 7633 7650 7675
f 7675 7650 7659
f 7675 7659 7674
f 7674 7659 2747
f 7674 2747 2746
f 2743 2740 7661
f 7661 2740 2739
f 7661 2739 7660
f 7660 2739 2749
f 7660 2749 7659
f 7659 2749 2748
f 7659 2748 2747
f 2736 2742 7641
f 7641 2742 7664
f 7641 7664 7652
f 7652 7664 7663
f 7652 7663 7651
f 7651 7663 7662
f 7651 7662 3167
f 3167 7662 3169
f 7097 7676 7096
f 7097 7066 7067
f 7209 7175 7176
f 7676 7097 7677
f 7097 7067 7677
f 7677 7067 892
f 7677 892 7678
f 7096 7676 7176
f 7176 7676 7677
f 7176 7677 7209
f 7209 7677 7678
f 7209 7678 7210
f 7679 7184 7222
f 905 7679 7680
f 905 7680 907
f 907 7680 7681
f 907 7681 909
f 909 7681 7682
f 909 7682 910
f 910 7682 7683
f 910 7683 911
f 911 7683 7684
f 911 7684 933
f 933 7684 7685
f 933 7685 902
f 902 7685 7686
f 902 7686 903
f 903 7686 7687
f 903 7687 896
f 896 7687 7688
f 896 7688 897
f 897 7688 7689
f 897 7689 899
f 7679 7222 7680
f 7680 7222 7221
f 7680 7221 7681
f 7681 7221 7224
f 7681 7224 7682
f 7682 7224 7225
f 7682 7225 7683
f 7683 7225 7226
f 7683 7226 7684
f 7684 7226 7227
f 7684 7227 7685
f 7685 7227 7220
f 7685 7220 7686
f 7686 7220 7219
f 7686 7219 7687
f 7687 7219 7216
f 7687 7216 7688
f 7688 7216 7215
f 7688 7215 7689
f 7689 7215 7214
f 7689 7214 7690
f 7690 7214 7211
f 7690 7211 7691
f 7691 7211 7210
f 7691 7210 7678
f 899 7689 900
f 900 7689 7690
f 900 7690 935
f 935 7690 7691
f 935 7691 894
f 894 7691 7678
f 894 7678 892
f 7692 7179 7178
f 7679 905 904
f 7183 7184 7679
f 7679 904 7183
f 7183 904 916
f 7183 916 7181
f 7181 916 915
f 7181 915 7185
f 7185 915 913
f 7185 913 7186
f 7186 913 912
f 7186 912 7187
f 7187 912 922
f 7187 922 7178
f 7178 922 921
f 7178 921 7692
f 7693 7275 7274
f 847 7693 7694
f 7693 7274 7694
f 7694 7274 7273
f 7694 7273 7695
f 7695 7273 7272
f 7695 7272 7696
f 7272 7270 7696
f 7696 7270 7269
f 7696 7269 7697
f 7697 7269 7268
f 7697 7268 7698
f 7698 7268 7267
f 7698 7267 7699
f 7699 7267 7265
f 7699 7265 7700
f 7700 7265 7262
f 7700 7262 7701
f 7701 7262 7261
f 7701 7261 7702
f 7702 7261 7260
f 7702 7260 7703
f 7703 7260 7263
f 7703 7263 7704
f 7704 7263 7179
f 7704 7179 7692
f 847 7694 931
f 931 7694 7695
f 931 7695 923
f 923 7695 7696
f 923 7696 924
f 924 7696 7697
f 924 7697 925
f 925 7697 7698
f 925 7698 926
f 926 7698 7699
f 926 7699 927
f 927 7699 7700
f 927 7700 929
f 929 7700 7701
f 929 7701 930
f 930 7701 7702
f 930 7702 918
f 918 7702 7703
f 918 7703 919
f 919 7703 7704
f 919 7704 920
f 920 7704 7692
f 920 7692 921
f 668 667 7705
f 859 7706 858
f 858 7706 846
f 858 846 850
f 665 7276 667
f 667 7276 7706
f 667 7706 7705
f 7705 7706 859
f 7705 859 668
f 847 846 7693
f 7693 846 7706
f 7693 7706 7275
f 7275 7706 7276
f 7095 7707 7094
f 7095 7074 7073
f 7291 7192 7193
f 7707 7095 7708
f 7095 7073 7708
f 7708 7073 783
f 7708 783 7709
f 7094 7707 7193
f 7193 7707 7708
f 7193 7708 7291
f 7291 7708 7709
f 7291 7709 7293
f 7710 7201 7303
f 793 7710 7711
f 793 7711 794
f 794 7711 7712
f 794 7712 796
f 796 7712 7713
f 796 7713 797
f 797 7713 7714
f 797 7714 798
f 798 7714 7715
f 798 7715 802
f 802 7715 7716
f 802 7716 736
f 736 7716 7717
f 736 7717 734
f 734 7717 7718
f 734 7718 788
f 7710 7303 7711
f 7711 7303 7302
f 7711 7302 7712
f 7712 7302 7305
f 7712 7305 7713
f 7713 7305 7306
f 7713 7306 7714
f 7714 7306 7307
f 7714 7307 7715
f 7715 7307 7308
f 7715 7308 7716
f 7716 7308 7301
f 7716 7301 7717
f 7717 7301 7299
f 7717 7299 7718
f 7718 7299 7298
f 7718 7298 7719
f 7719 7298 7297
f 7719 7297 7720
f 7720 7297 7295
f 7720 7295 7721
f 7721 7295 7294
f 7721 7294 7722
f 7722 7294 7293
f 7722 7293 7709
f 788 7718 784
f 784 7718 7719
f 784 7719 785
f 785 7719 7720
f 785 7720 786
f 786 7720 7721
f 786 7721 787
f 787 7721 7722
f 787 7722 782
f 782 7722 7709
f 782 7709 783
f 7723 7196 7195
f 7710 793 789
f 7200 7201 7710
f 7710 789 7200
f 7200 789 791
f 7200 791 7198
f 7198 791 792
f 7198 792 7202
f 7202 792 801
f 7202 801 7203
f 7203 801 800
f 7203 800 7204
f 7204 800 799
f 7204 799 7195
f 7195 799 746
f 7195 746 7723
f 759 716 7724
f 7724 716 7725
f 7724 7725 7354
f 7354 7725 7355
f 7354 7353 7724
f 7724 7353 7726
f 7724 7726 759
f 753 741 7726
f 7726 741 740
f 7726 740 759
f 7352 7350 7727
f 7727 7350 7349
f 7727 7349 7728
f 7728 7349 7348
f 7728 7348 7729
f 7729 7348 7347
f 7729 7347 7730
f 7730 7347 7345
f 7730 7345 7731
f 7731 7345 7342
f 7731 7342 7732
f 7732 7342 7341
f 7732 7341 7733
f 7733 7341 7340
f 7733 7340 7734
f 7734 7340 7343
f 7734 7343 7735
f 7735 7343 7196
f 7735 7196 7723
f 7353 7352 7726
f 7726 7352 7727
f 7726 7727 753
f 753 7727 7728
f 753 7728 754
f 754 7728 7729
f 754 7729 756
f 756 7729 7730
f 756 7730 757
f 757 7730 7731
f 757 7731 752
f 752 7731 7732
f 752 7732 743
f 743 7732 7733
f 743 7733 744
f 744 7733 7734
f 744 7734 749
f 749 7734 7735
f 749 7735 748
f 748 7735 7723
f 748 7723 746
f 659 658 7736
f 730 7737 731
f 731 7737 715
f 731 715 714
f 656 7356 658
f 658 7356 7737
f 658 7737 7736
f 7736 7737 730
f 7736 730 659
f 716 715 7725
f 7725 715 7737
f 7725 7737 7355
f 7355 7737 7356
f 7093 7738 7092
f 7093 7079 7078
f 7118 7101 7102
f 7738 7093 7739
f 7093 7078 7739
f 7739 7078 1071
f 7739 1071 7740
f 7092 7738 7102
f 7102 7738 7739
f 7102 7739 7118
f 7118 7739 7740
f 7118 7740 7120
f 7741 7110 7130
f 1085 7741 7742
f 1085 7742 1087
f 1087 7742 7743
f 1087 7743 1089
f 1089 7743 7744
f 1089 7744 1090
f 1090 7744 7745
f 1090 7745 1091
f 1091 7745 7746
f 1091 7746 1098
f 1098 7746 7747
f 1098 7747 1079
f 1079 7747 7748
f 1079 7748 1080
f 1080 7748 7749
f 1080 7749 1082
f 1082 7749 1083
f 1083 7749 7750
f 1083 7750 1099
f 1099 7750 7751
f 1099 7751 1077
f 7741 7130 7742
f 7742 7130 7129
f 7742 7129 7743
f 7743 7129 7132
f 7743 7132 7744
f 7744 7132 7133
f 7744 7133 7745
f 7745 7133 7134
f 7745 7134 7746
f 7746 7134 7135
f 7746 7135 7747
f 7747 7135 7128
f 7747 7128 7748
f 7748 7128 7126
f 7748 7126 7749
f 7749 7126 7125
f 7749 7125 7750
f 7750 7125 7124
f 7750 7124 7751
f 7751 7124 7122
f 7751 7122 7752
f 7752 7122 7121
f 7752 7121 7753
f 7753 7121 7120
f 7753 7120 7740
f 1077 7751 1078
f 1078 7751 7752
f 1078 7752 1075
f 1075 7752 7753
f 1075 7753 1073
f 1073 7753 7740
f 1073 7740 1071
f 7754 7105 7104
f 7741 1085 1084
f 7109 7110 7741
f 7741 1084 7109
f 7109 1084 1097
f 7109 1097 7107
f 7107 1097 1096
f 7107 1096 7111
f 7111 1096 1095
f 7111 1095 7112
f 7112 1095 1094
f 7112 1094 7113
f 7113 1094 1093
f 7113 1093 7104
f 7104 1093 1092
f 7104 1092 7754
f 7161 7755 7756
f 7757 7167 7166
f 7757 7166 7758
f 7758 7166 7165
f 7758 7165 7759
f 7759 7165 7164
f 7759 7164 7756
f 7756 7164 7162
f 7756 7162 7161
f 7755 1032 7756
f 7756 1032 1031
f 7756 1031 7759
f 7759 1031 1046
f 7759 1046 7758
f 7758 1046 1006
f 7758 1006 7757
f 1034 1033 7755
f 7755 1033 1102
f 7755 1102 1032
f 7760 7158 7156
f 7760 7156 7761
f 7761 7156 7155
f 7761 7155 7762
f 7762 7155 7152
f 7762 7152 7763
f 7763 7152 7151
f 7763 7151 7764
f 7764 7151 7150
f 7764 7150 7765
f 7765 7150 7153
f 7765 7153 7766
f 7766 7153 7105
f 7766 7105 7754
f 7161 7158 7755
f 7755 7158 7760
f 7755 7760 1034
f 1034 7760 7761
f 1034 7761 1042
f 1042 7761 7762
f 1042 7762 1043
f 1043 7762 7763
f 1043 7763 1044
f 1044 7763 7764
f 1044 7764 1038
f 1038 7764 7765
f 1038 7765 1039
f 1039 7765 7766
f 1039 7766 1040
f 1040 7766 7754
f 1040 7754 1092
f 955 954 7767
f 1012 7768 1011
f 1011 7768 997
f 1011 997 996
f 952 7168 954
f 954 7168 7768
f 954 7768 7767
f 7767 7768 1012
f 7767 1012 955
f 1006 997 7757
f 7757 997 7768
f 7757 7768 7167
f 7167 7768 7168
f 356 348 7769
f 7769 348 7770
f 7771 575 574
f 574 7772 7771
f 7771 7772 7773
f 7771 7773 348
f 348 7773 7774
f 348 7774 7770
f 2500 2501 6680
f 6680 6677 2500
f 2500 6677 6675
f 2500 6675 7775
f 7775 6675 586
f 7775 586 7776
f 7771 348 2497
f 586 587 7776
f 7776 587 572
f 7776 572 7777
f 7777 572 571
f 7777 571 7778
f 7778 571 590
f 7778 590 7779
f 7779 590 575
f 7779 575 7771
f 7771 2497 7779
f 7779 2497 2498
f 7779 2498 7778
f 7778 2498 2504
f 7778 2504 7777
f 7777 2504 2503
f 7777 2503 7776
f 7776 2503 2502
f 7776 2502 7775
f 7775 2502 2499
f 7775 2499 2500
f 621 622 646
f 646 622 7780
f 646 7780 636
f 636 7780 637
f 408 413 634
f 634 635 408
f 408 635 640
f 408 640 7780
f 7780 640 639
f 7780 639 637
f 2233 6286 6291
f 6291 6301 2233
f 2233 6301 2234
f 6286 2233 6292
f 6292 2233 7781
f 6292 7781 6293
f 6293 7781 6294
f 6294 7781 7782
f 6294 7782 625
f 2235 408 7783
f 7783 408 7780
f 7783 7780 623
f 623 7780 622
f 623 624 7783
f 7783 624 7784
f 7783 7784 2235
f 2238 2237 7784
f 7784 2237 2236
f 7784 2236 2235
f 625 7782 610
f 610 7782 7785
f 610 7785 611
f 624 611 7784
f 7784 611 7785
f 7784 7785 2238
f 2238 7785 7782
f 2238 7782 2231
f 2231 7782 7781
f 2231 7781 2232
f 2232 7781 2233
f 648 647 7786
f 833 832 7787
f 7787 832 7788
f 7788 7789 7787
f 7787 7789 7790
f 7787 7790 7791
f 7791 7790 7792
f 7791 7792 7793
f 7793 7792 7794
f 7793 7794 7786
f 7786 7794 7795
f 7786 7795 648
f 7412 7413 7796
f 7414 7415 7797
f 7797 7415 833
f 6963 7411 7798
f 7798 7411 7799
f 7798 7799 7800
f 7800 7799 7801
f 7800 7801 7802
f 833 7787 7797
f 7797 7787 7791
f 7797 7791 7803
f 7802 7801 7804
f 7804 7801 7805
f 7804 7805 647
f 7413 7414 7796
f 7796 7414 7797
f 7796 7797 7806
f 7806 7797 7803
f 7806 7803 7807
f 7807 7803 7808
f 7807 7808 647
f 7791 7793 7803
f 7803 7793 7786
f 7803 7786 7808
f 7808 7786 647
f 7411 7412 7799
f 7799 7412 7796
f 7799 7796 7801
f 7801 7796 7806
f 7801 7806 7805
f 7805 7806 7807
f 7805 7807 647
f 647 649 5187
f 5189 6963 7798
f 5189 7798 5188
f 7798 7800 5188
f 5188 7800 7802
f 5188 7802 5187
f 5187 7802 7804
f 5187 7804 647
f 7773 7772 7809
f 1123 7810 1121
f 1121 7810 7811
f 7772 574 7809
f 7809 574 567
f 7809 567 7812
f 7813 7774 7773
f 356 7769 372
f 372 7769 7770
f 372 7770 373
f 7814 7815 342
f 7816 7817 7818
f 7818 7817 7819
f 567 1120 7812
f 7812 1120 1121
f 7812 1121 7818
f 7818 1121 7811
f 7818 7811 7816
f 342 344 7814
f 7814 344 374
f 7814 374 7820
f 7820 374 373
f 7820 373 7813
f 7813 373 7770
f 7813 7770 7774
f 7773 7809 7813
f 7813 7809 7812
f 7813 7812 7820
f 7820 7812 7818
f 7820 7818 7814
f 7814 7818 7819
f 7814 7819 7815
f 7374 7372 7821
f 7371 7369 7822
f 7822 7369 6980
f 523 596 7823
f 7823 596 595
f 7823 595 7824
f 7824 595 591
f 7824 591 7821
f 7821 591 592
f 7821 592 7374
f 7374 592 562
f 7372 7371 7821
f 7821 7371 7822
f 7821 7822 7824
f 7824 7822 7825
f 7824 7825 7823
f 7823 7825 7826
f 7823 7826 523
f 6980 7827 7822
f 7822 7827 7828
f 7822 7828 7825
f 7825 7828 7829
f 7825 7829 7826
f 7826 7829 7830
f 7826 7830 523
f 524 523 7830
f 524 7830 5196
f 5196 7830 7829
f 5196 7829 5197
f 6980 5180 7827
f 7827 5180 5197
f 7827 5197 7828
f 7828 5197 7829
f 492 317 5216
f 5216 317 316
f 5219 449 490
f 490 449 466
f 481 5205 483
f 483 5205 5204
f 483 5204 484
f 7831 7832 7833
f 7833 7832 7834
f 7833 7834 7835
f 7835 7834 7836
f 7835 7836 7837
f 7837 7836 7838
f 7837 7838 7839
f 7839 7838 7840
f 7839 7840 7841
f 7841 7840 7842
f 7841 7842 7843
f 7843 7842 7844
f 7845 602 600
f 7846 5184 648
f 648 5184 650
f 648 7795 7846
f 7846 7795 7794
f 7846 7794 7847
f 7847 7794 7792
f 7847 7792 7848
f 7848 7792 7790
f 7848 7790 7789
f 7849 7850 5195
f 5195 7850 5194
f 7851 7852 7853
f 7853 7852 7854
f 7855 7856 7857
f 7857 7856 7858
f 7857 7858 7859
f 7859 7858 7860
f 7859 7860 7861
f 7861 7860 7862
f 7861 7862 7863
f 7863 7862 7864
f 7863 7864 7865
f 7865 7864 7866
f 7865 7866 7867
f 7867 7866 7868
f 7869 564 563
f 7870 5209 342
f 342 5209 343
f 342 7815 7870
f 7870 7815 7819
f 7870 7819 7871
f 7871 7819 7817
f 7871 7817 7872
f 7872 7817 7816
f 7872 7816 7811
f 7873 7874 5210
f 5210 7874 5213
f 7875 7876 7877
f 7877 7876 7878
f 7842 7879 7844
f 7844 7879 7880
f 7880 7879 7881
f 7881 7879 7882
f 7881 7882 7883
f 7883 7882 7884
f 7883 7884 7885
f 7885 7884 7886
f 7886 7884 513
f 7886 513 512
f 831 513 7887
f 7887 513 7884
f 7887 7884 7888
f 7888 7884 7882
f 7888 7882 7889
f 7889 7882 7879
f 7889 7879 7840
f 7840 7879 7842
f 832 831 7890
f 7890 831 7887
f 7890 7887 7891
f 7891 7887 7888
f 7891 7888 7892
f 7892 7888 7889
f 7892 7889 7838
f 7838 7889 7840
f 600 7893 7845
f 7845 7893 7894
f 7894 7893 7895
f 7895 7893 7896
f 7895 7896 7897
f 7897 7896 7898
f 7897 7898 7899
f 7899 7898 7841
f 7899 7841 7843
f 7788 832 7900
f 7900 832 7890
f 7900 7890 7901
f 7901 7890 7891
f 7901 7891 7902
f 7902 7891 7892
f 7902 7892 7836
f 7836 7892 7838
f 7789 7788 7903
f 7903 7788 7900
f 7903 7900 7904
f 7904 7900 7901
f 7904 7901 7905
f 7905 7901 7902
f 7905 7902 7834
f 7834 7902 7836
f 7849 5195 5186
f 7849 5186 7906
f 7906 5186 5185
f 7906 5185 7907
f 7907 5185 7908
f 7908 5185 5184
f 7908 5184 7846
f 7839 7841 7909
f 7909 7841 7898
f 7909 7898 7910
f 7910 7898 7896
f 7910 7896 7911
f 7911 7896 7893
f 7911 7893 598
f 598 7893 600
f 7837 7839 7912
f 7912 7839 7909
f 7912 7909 7913
f 7913 7909 7910
f 7913 7910 7914
f 7914 7910 7911
f 7914 7911 597
f 597 7911 598
f 7834 7832 7915
f 7834 7915 7905
f 7905 7915 7916
f 7905 7916 7904
f 7904 7916 7917
f 7904 7917 7903
f 7903 7917 7848
f 7903 7848 7789
f 7846 7847 7918
f 7918 7847 7919
f 7918 7919 7920
f 7920 7919 7921
f 7920 7921 7922
f 7922 7921 7852
f 7922 7852 7851
f 7923 7849 7906
f 7923 7906 7924
f 7925 7924 7906
f 7926 7925 7906
f 7927 7928 7851
f 7851 7928 7929
f 7851 7929 7922
f 7930 7918 7920
f 7930 7920 7931
f 7932 7933 7927
f 7927 7933 7934
f 7927 7934 7928
f 7928 7934 7931
f 7928 7931 7929
f 7929 7931 7920
f 7929 7920 7922
f 7906 7907 7935
f 7935 7907 7908
f 7926 7906 7935
f 7846 7918 7908
f 7908 7918 7930
f 7908 7930 7935
f 7935 7930 7931
f 7935 7931 7926
f 7926 7931 7934
f 7926 7934 7925
f 7925 7934 7933
f 7925 7933 7924
f 7924 7933 7932
f 7924 7932 7923
f 7923 7932 7936
f 7923 7936 7849
f 7835 7837 7937
f 7937 7837 7912
f 7937 7912 7938
f 7938 7912 7913
f 7938 7913 7939
f 7939 7913 7914
f 7939 7914 633
f 633 7914 597
f 7833 7835 7940
f 7940 7835 7937
f 7940 7937 7941
f 7941 7937 7938
f 7941 7938 7942
f 7942 7938 7939
f 7942 7939 522
f 522 7939 633
f 7832 7852 7915
f 7915 7852 7921
f 7915 7921 7916
f 7916 7921 7919
f 7847 7848 7919
f 7919 7848 7917
f 7919 7917 7916
f 7850 7849 7943
f 7943 7849 7936
f 7943 7936 7944
f 7944 7936 7932
f 7944 7932 7945
f 7945 7932 7927
f 7945 7927 7946
f 7946 7927 7947
f 7947 7927 7948
f 7948 7927 7851
f 7948 7851 7853
f 5194 7850 7949
f 5194 7949 5193
f 5193 7949 7950
f 5193 7950 5191
f 5191 7950 7951
f 5191 7951 5192
f 5192 7951 516
f 5192 516 517
f 7831 7833 7940
f 7831 7940 7952
f 7952 7940 7941
f 7952 7941 7953
f 7953 7941 7942
f 7953 7942 7954
f 7954 7942 522
f 7954 522 520
f 7832 7831 7852
f 7852 7831 7854
f 7945 7955 7944
f 7853 7956 7957
f 7956 7853 7958
f 7959 7960 7961
f 7946 7947 7957
f 7957 7947 7948
f 7957 7948 7853
f 7955 7945 7962
f 7958 7963 7956
f 7956 7963 7964
f 7956 7964 7957
f 7957 7964 7962
f 7957 7962 7946
f 7946 7962 7945
f 7963 7959 7964
f 7964 7959 7961
f 7964 7961 7962
f 7962 7961 7965
f 7962 7965 7955
f 7955 7965 7966
f 7955 7966 7944
f 7944 7966 7943
f 7960 516 7961
f 7961 516 7951
f 7961 7951 7965
f 7965 7951 7950
f 7965 7950 7966
f 7966 7950 7949
f 7966 7949 7943
f 7943 7949 7850
f 520 519 7954
f 7954 519 7967
f 7954 7967 7953
f 7953 7967 7968
f 7854 7831 7968
f 7968 7831 7952
f 7968 7952 7953
f 7854 7968 7853
f 7853 7968 7958
f 7958 7968 7963
f 7963 7968 7967
f 7963 7967 7959
f 7959 7967 7960
f 7960 7967 519
f 7960 519 516
f 7868 7866 7969
f 7970 7971 7969
f 7969 7971 7972
f 7969 7972 7868
f 7969 7973 7970
f 7970 7973 7974
f 7970 7974 7975
f 499 498 7974
f 7974 498 7976
f 7974 7976 7975
f 1122 499 7977
f 7977 499 7974
f 7977 7974 7978
f 7978 7974 7973
f 7978 7973 7979
f 7979 7973 7969
f 7979 7969 7864
f 7864 7969 7866
f 1123 1122 7980
f 7980 1122 7977
f 7980 7977 7981
f 7981 7977 7978
f 7981 7978 7982
f 7982 7978 7979
f 7982 7979 7862
f 7862 7979 7864
f 7869 563 7983
f 7983 563 7984
f 7983 7984 7985
f 7985 7984 7986
f 7985 7986 7987
f 7988 7865 7867
f 7867 7989 7988
f 7988 7989 7990
f 7988 7990 7986
f 7986 7990 7991
f 7986 7991 7987
f 7810 1123 7992
f 7992 1123 7980
f 7992 7980 7993
f 7993 7980 7981
f 7993 7981 7994
f 7994 7981 7982
f 7994 7982 7860
f 7860 7982 7862
f 7811 7810 7995
f 7995 7810 7992
f 7995 7992 7996
f 7996 7992 7993
f 7996 7993 7997
f 7997 7993 7994
f 7997 7994 7858
f 7858 7994 7860
f 7873 5210 7998
f 7998 5210 5208
f 7998 5208 7999
f 7999 5208 8000
f 8000 5208 5207
f 8000 5207 8001
f 8001 5207 8002
f 8002 5207 5209
f 8002 5209 7870
f 7863 7865 8003
f 8003 7865 7988
f 8003 7988 8004
f 8004 7988 7986
f 8004 7986 8005
f 8005 7986 7984
f 560 8005 561
f 561 8005 7984
f 561 7984 563
f 560 8006 8005
f 8005 8006 8007
f 8005 8007 8004
f 8004 8007 8008
f 8004 8008 8003
f 7861 7863 8009
f 8009 7863 8003
f 8009 8003 8010
f 8010 8003 8008
f 7858 7856 8011
f 7858 8011 7997
f 7997 8011 8012
f 7997 8012 7996
f 7996 8012 8013
f 7996 8013 7995
f 7995 8013 7872
f 7995 7872 7811
f 7877 7878 8014
f 7877 8014 8015
f 8015 8014 8016
f 8015 8016 8017
f 7870 7871 8018
f 8018 7871 8017
f 8018 8017 8019
f 8019 8017 8016
f 8020 8021 8022
f 8022 8021 8023
f 8024 8025 7873
f 8022 8026 8020
f 8020 8026 8027
f 8020 8027 8028
f 8028 8027 8029
f 8030 7878 8029
f 7878 8030 8014
f 8014 8030 8031
f 8014 8031 8016
f 8016 8031 8019
f 8019 8031 8032
f 8019 8032 8018
f 8018 8032 8002
f 8018 8002 7870
f 8023 8025 8022
f 8022 8025 8024
f 8022 8024 8026
f 8026 8024 8033
f 7873 7998 8024
f 8024 7998 7999
f 8024 7999 8033
f 8033 7999 8000
f 8033 8000 8001
f 8029 8027 8030
f 8030 8027 8026
f 8030 8026 8031
f 8031 8026 8033
f 8031 8033 8032
f 8032 8033 8001
f 8032 8001 8002
f 593 594 8034
f 8006 560 593
f 8006 593 8007
f 8007 593 8034
f 8007 8034 8008
f 8008 8034 8035
f 8008 8035 8010
f 8010 8035 8009
f 8009 8035 7859
f 8009 7859 7861
f 7857 7859 8036
f 8036 7859 8035
f 8036 8035 8037
f 8037 8035 8034
f 8037 8034 510
f 510 8034 594
f 7856 7877 8011
f 8011 7877 8015
f 8011 8015 8012
f 8012 8015 8017
f 7871 7872 8017
f 8017 7872 8013
f 8017 8013 8012
f 7874 7873 8038
f 8038 7873 8025
f 8038 8025 8039
f 8039 8025 8023
f 8023 8021 8039
f 8039 8021 8020
f 8039 8020 8040
f 7878 7876 8029
f 8029 7876 8040
f 8029 8040 8028
f 8028 8040 8020
f 502 504 8041
f 8041 504 5212
f 8041 5212 8042
f 8042 5212 5211
f 8042 5211 8043
f 8043 5211 5213
f 8043 5213 7874
f 7855 7857 8036
f 7855 8036 8044
f 8044 8036 8037
f 8044 8037 8045
f 8045 8037 510
f 8045 510 508
f 7856 7855 7877
f 7877 7855 7875
f 8043 8046 8047
f 8048 8046 8043
f 8049 8048 8043
f 8050 8051 8052
f 8052 8051 8053
f 8052 8053 8054
f 8054 8053 8055
f 8054 8055 502
f 8040 7876 8056
f 8056 7876 8057
f 8054 8047 8052
f 8052 8047 8046
f 8052 8046 8050
f 8050 8046 8048
f 8050 8048 8058
f 8054 8059 8047
f 8047 8059 8043
f 8043 7874 8049
f 8049 7874 8038
f 8049 8038 8048
f 8048 8038 8039
f 8048 8039 8058
f 8058 8039 8040
f 8058 8040 8050
f 8050 8040 8056
f 8050 8056 8051
f 8051 8056 8057
f 8051 8057 8053
f 502 8041 8054
f 8054 8041 8042
f 8054 8042 8059
f 8059 8042 8043
f 508 507 8045
f 8045 507 8060
f 8045 8060 8044
f 8044 8060 8061
f 8044 8061 7855
f 7855 8061 7875
f 7876 7875 8061
f 7876 8061 8057
f 8057 8061 8060
f 8057 8060 8053
f 8053 8060 8055
f 8055 8060 507
f 8055 507 502
f 484 5204 470
f 470 5204 5218
f 470 5218 469
f 469 5218 467
f 467 5218 5217
f 467 5217 471
f 5219 490 5217
f 5217 490 489
f 489 473 5217
f 5217 473 472
f 5217 472 471
f 476 475 493
f 492 5216 493
f 493 5216 5215
f 493 5215 476
f 476 5215 477
f 477 5215 478
f 478 5215 5214
f 478 5214 479
f 5205 481 5214
f 5214 481 480
f 5214 480 479
f 133 138 8062
f 126 128 8063
f 324 159 8064
f 8064 159 123
f 8064 123 8065
f 133 8062 131
f 8063 8066 126
f 126 8066 8067
f 126 8067 123
f 123 8067 8068
f 123 8068 8065
f 8062 8069 131
f 131 8069 8070
f 131 8070 128
f 128 8070 8071
f 128 8071 8063
f 8072 195 194
f 203 8073 201
f 201 8073 8074
f 201 8074 199
f 199 8074 8075
f 199 8075 194
f 194 8075 8076
f 194 8076 8072
f 205 8077 203
f 203 8077 8078
f 203 8078 8073
f 353 352 8079
f 8079 8080 353
f 353 8080 8081
f 353 8081 207
f 207 8081 8082
f 207 8082 205
f 205 8082 8083
f 205 8083 8077
f 142 268 139
f 139 268 8084
f 139 8084 8085
f 8085 8084 8086
f 330 331 8087
f 330 8087 8088
f 8088 8087 8089
f 8088 8089 8090
f 8089 8091 8090
f 8090 8091 8092
f 8090 8092 8093
f 8093 8092 8094
f 8094 8092 8095
f 8094 8095 8096
f 8096 8095 8097
f 8096 8097 8098
f 8097 8099 8098
f 8098 8099 8100
f 8098 8100 8101
f 8101 8100 8102
f 8101 8102 8086
f 8086 8102 8103
f 8086 8103 8085
f 8104 423 437
f 2269 8105 2267
f 2267 8105 8106
f 2267 8106 2265
f 2274 8107 2273
f 2273 8107 8108
f 2273 8108 2271
f 2271 8108 8109
f 2271 8109 2269
f 2269 8109 8110
f 2269 8110 8105
f 8106 8111 2265
f 2265 8111 8112
f 2265 8112 2262
f 2262 8112 8113
f 2262 8113 437
f 437 8113 8114
f 437 8114 8104
f 2402 8115 2403
f 2403 8115 8116
f 2403 8116 2395
f 2395 8116 8117
f 2395 8117 2397
f 2397 8117 8118
f 2397 8118 2399
f 118 444 119
f 119 444 8119
f 119 8119 2402
f 2402 8119 8120
f 2402 8120 8115
f 2282 2281 8121
f 2282 8121 8122
f 8122 8121 8123
f 8122 8123 8124
f 8123 8125 8124
f 8124 8125 8126
f 8124 8126 8127
f 8127 8126 8128
f 8127 8128 8129
f 8128 8130 8129
f 8129 8130 8131
f 8129 8131 8132
f 8132 8131 8133
f 8132 8133 8134
f 8133 8135 8134
f 8134 8135 8136
f 8134 8136 8137
f 8137 8136 8138
f 8137 8138 8139
f 419 421 8140
f 8140 421 8141
f 8140 8141 8142
f 8142 8141 8143
f 8142 8143 8144
f 8144 8143 8145
f 8144 8145 8146
f 8146 8145 8139
f 8146 8139 8147
f 8147 8139 8138
f 8148 8149 8150
f 8150 8149 8151
f 8151 8149 8152
f 8152 8149 8153
f 8152 8153 8154
f 8154 8155 8152
f 8152 8155 8156
f 8152 8156 8157
f 389 388 8158
f 8158 388 8159
f 8158 8159 8160
f 8160 8159 8161
f 8160 8161 8162
f 8162 8161 8163
f 8162 8163 8164
f 8164 8163 8165
f 8164 8165 8166
f 8166 8165 8167
f 8166 8167 8168
f 8168 8167 8169
f 8168 8169 8170
f 8170 8169 8171
f 8170 8171 8172
f 8172 8171 8173
f 8172 8173 8174
f 8174 8173 8175
f 8174 8175 8151
f 8151 8175 8176
f 8151 8176 8150
f 8177 110 105
f 8178 8179 8180
f 8181 8182 8183
f 8184 189 91
f 362 389 8158
f 365 364 8185
f 8185 364 362
f 8186 366 365
f 96 94 368
f 8182 8187 89
f 89 8187 8188
f 89 8188 91
f 91 8188 8189
f 91 8189 8184
f 8180 8190 8191
f 8191 8192 8180
f 8180 8192 8193
f 8180 8193 8178
f 8182 89 8183
f 8183 89 117
f 8183 117 8194
f 117 116 8194
f 8194 116 114
f 8194 114 8195
f 8195 114 113
f 8195 113 8196
f 113 107 8196
f 8196 107 112
f 8196 112 8197
f 8197 112 8177
f 8177 112 111
f 8177 111 110
f 103 8198 105
f 105 8198 8199
f 105 8199 8177
f 103 102 8198
f 8198 102 100
f 8198 100 8200
f 8200 100 98
f 8200 98 8201
f 8201 98 96
f 8201 96 8186
f 8186 96 368
f 8186 368 366
f 365 8185 8186
f 8186 8185 8202
f 8186 8202 8201
f 8201 8202 8203
f 8201 8203 8200
f 8200 8203 8204
f 8200 8204 8198
f 8198 8204 8205
f 8198 8205 8199
f 8199 8205 8206
f 8199 8206 8177
f 8177 8206 8207
f 8177 8207 8197
f 8197 8207 8208
f 8197 8208 8196
f 8196 8208 8209
f 8196 8209 8195
f 8195 8209 8210
f 8195 8210 8194
f 8194 8210 8180
f 8194 8180 8183
f 8183 8180 8179
f 8183 8179 8181
f 362 8158 8185
f 8185 8158 8160
f 8185 8160 8202
f 8202 8160 8162
f 8202 8162 8203
f 8203 8162 8164
f 8203 8164 8204
f 8204 8164 8166
f 8204 8166 8205
f 8205 8166 8168
f 8205 8168 8206
f 8206 8168 8170
f 8206 8170 8207
f 8207 8170 8172
f 8207 8172 8208
f 8208 8172 8174
f 8208 8174 8209
f 8209 8174 8151
f 8209 8151 8210
f 8210 8151 8152
f 8210 8152 8180
f 8180 8152 8157
f 8180 8157 8190
f 87 8211 8212
f 380 61 63
f 386 385 8213
f 8213 385 380
f 384 383 8214
f 8214 383 387
f 8214 387 386
f 8159 388 384
f 8215 8216 8217
f 8218 8219 8220
f 8220 8219 8221
f 162 8218 78
f 78 8218 8220
f 78 8220 79
f 79 8220 8222
f 79 8222 80
f 80 8222 81
f 81 8222 8223
f 81 8223 83
f 83 8223 8224
f 83 8224 84
f 8211 87 8224
f 8224 87 86
f 8224 86 84
f 70 68 8212
f 8212 68 66
f 8212 66 87
f 8225 72 8226
f 8226 72 70
f 8226 70 8227
f 8227 70 8212
f 384 8214 8159
f 8159 8214 8228
f 8159 8228 8161
f 8161 8228 8229
f 8161 8229 8163
f 8163 8229 8230
f 8163 8230 8165
f 8165 8230 8231
f 8165 8231 8167
f 8167 8231 8232
f 8167 8232 8169
f 8169 8232 8233
f 8169 8233 8171
f 8171 8233 8234
f 8171 8234 8173
f 8173 8234 8235
f 8173 8235 8175
f 8175 8235 8236
f 8175 8236 8176
f 8176 8236 8215
f 8176 8215 8150
f 8150 8215 8217
f 8150 8217 8148
f 386 8213 8214
f 8214 8213 8237
f 8214 8237 8228
f 8228 8237 8225
f 8228 8225 8229
f 8229 8225 8226
f 8229 8226 8230
f 8230 8226 8227
f 8230 8227 8231
f 8231 8227 8212
f 8231 8212 8232
f 8232 8212 8211
f 8232 8211 8233
f 8233 8211 8224
f 8233 8224 8234
f 8234 8224 8223
f 8234 8223 8235
f 8235 8223 8222
f 8235 8222 8236
f 8236 8222 8220
f 8236 8220 8215
f 8215 8220 8221
f 8215 8221 8216
f 380 63 8213
f 8213 63 77
f 8213 77 8237
f 8237 77 76
f 8237 76 8225
f 8225 76 74
f 8225 74 72
f 8238 8239 8240
f 8240 8241 8242
f 8242 8241 8243
f 8242 8244 8245
f 8242 8245 8240
f 8240 8245 8246
f 8240 8246 8238
f 8243 8241 8247
f 8247 8241 8248
f 8247 8248 8249
f 375 337 8250
f 8250 337 8251
f 8250 8251 8252
f 8252 8251 8253
f 8252 8253 8254
f 8254 8253 8255
f 8254 8255 8256
f 8256 8255 8257
f 8256 8257 8258
f 8258 8257 8259
f 8258 8259 8260
f 8260 8259 8261
f 8260 8261 8262
f 8262 8261 8249
f 8262 8249 8263
f 8263 8249 8248
f 8252 8254 8264
f 8258 8260 8265
f 8262 8263 8266
f 8241 8240 8267
f 71 73 8268
f 85 65 8269
f 8270 163 59
f 8271 376 8272
f 8272 376 375
f 8272 375 8250
f 8273 378 8271
f 8271 378 377
f 8271 377 376
f 75 64 8273
f 8273 64 62
f 8273 62 382
f 382 381 8273
f 8273 381 379
f 8273 379 378
f 8270 59 8274
f 8275 8276 8277
f 59 58 8274
f 8274 58 8275
f 8274 8275 8278
f 8278 8275 8277
f 8279 8280 8267
f 8267 8280 8281
f 8267 8281 8276
f 8276 8281 8282
f 8276 8282 8277
f 8240 8239 8267
f 8267 8239 8283
f 8267 8283 8279
f 8248 8241 8284
f 8284 8241 8267
f 8284 8267 8285
f 8285 8267 8276
f 8285 8276 8286
f 8286 8276 8275
f 8286 8275 82
f 82 8275 58
f 82 85 8286
f 8286 85 8269
f 8286 8269 8285
f 8285 8269 8287
f 8285 8287 8284
f 8284 8287 8266
f 8284 8266 8248
f 8248 8266 8263
f 65 67 8269
f 8269 67 8288
f 8269 8288 8287
f 8287 8288 8289
f 8287 8289 8266
f 8266 8289 8265
f 8266 8265 8262
f 8262 8265 8260
f 8256 8258 8290
f 8290 8258 8265
f 8290 8265 8291
f 8291 8265 8289
f 8291 8289 8292
f 8292 8289 8288
f 8292 8288 69
f 69 8288 67
f 69 71 8292
f 8292 71 8268
f 8292 8268 8291
f 8291 8268 8293
f 8291 8293 8290
f 8290 8293 8264
f 8290 8264 8256
f 8256 8264 8254
f 73 75 8268
f 8268 75 8273
f 8268 8273 8293
f 8293 8273 8271
f 8293 8271 8264
f 8264 8271 8272
f 8264 8272 8252
f 8252 8272 8250
f 8093 8094 8294
f 8253 8251 8295
f 8257 8255 8296
f 8249 8261 8297
f 8243 8247 8298
f 8244 8242 8299
f 330 8088 8300
f 330 8300 319
f 319 8300 8301
f 319 8301 320
f 320 8301 333
f 333 8301 8295
f 333 8295 334
f 334 8295 336
f 336 8295 8251
f 336 8251 337
f 8244 8299 8302
f 8302 8299 8303
f 8302 8303 8304
f 8304 8303 8305
f 8305 8303 8306
f 8305 8306 8307
f 8242 8243 8299
f 8299 8243 8298
f 8299 8298 8303
f 8303 8298 8308
f 8303 8308 8306
f 8306 8308 8309
f 8247 8249 8298
f 8298 8249 8297
f 8298 8297 8308
f 8308 8297 8310
f 8308 8310 8309
f 8309 8310 8311
f 8096 8098 8311
f 8311 8098 8101
f 8311 8101 8309
f 8309 8101 8086
f 8309 8086 8306
f 8306 8086 8084
f 8306 8084 8307
f 8307 8084 8312
f 8307 8312 8313
f 8261 8259 8297
f 8297 8259 8314
f 8297 8314 8310
f 8310 8314 8315
f 8310 8315 8311
f 8311 8315 8294
f 8311 8294 8096
f 8096 8294 8094
f 8090 8093 8316
f 8316 8093 8294
f 8316 8294 8317
f 8317 8294 8315
f 8317 8315 8296
f 8296 8315 8314
f 8296 8314 8257
f 8257 8314 8259
f 8255 8253 8296
f 8296 8253 8295
f 8296 8295 8317
f 8317 8295 8301
f 8317 8301 8316
f 8316 8301 8300
f 8316 8300 8090
f 8090 8300 8088
f 8318 8319 8320
f 8320 8319 8321
f 8320 8321 8322
f 8322 8323 8320
f 8320 8323 8324
f 8320 8324 8325
f 395 401 8326
f 8326 401 8327
f 8326 8327 8328
f 8328 8327 8329
f 8328 8329 8330
f 8330 8329 8331
f 8330 8331 8332
f 8332 8331 8333
f 8332 8333 8334
f 8334 8333 8335
f 8334 8335 8336
f 8336 8335 8337
f 8336 8337 8338
f 8338 8337 8339
f 8338 8339 8340
f 8340 8339 8341
f 8340 8341 8342
f 8342 8341 8343
f 8342 8343 8344
f 8344 8343 8325
f 8344 8325 8345
f 8345 8325 8324
f 8345 8324 8346
f 8347 8348 8349
f 397 395 8326
f 392 391 8350
f 8350 391 398
f 8350 398 397
f 392 8351 393
f 393 8351 390
f 2337 28 8352
f 8353 8354 8352
f 8352 8354 8355
f 8352 8355 2337
f 28 27 8352
f 8352 27 32
f 8352 32 8356
f 8356 32 31
f 8356 31 8357
f 31 34 8357
f 8357 34 36
f 8357 36 8358
f 8358 36 38
f 8358 38 8359
f 49 8360 46
f 46 8360 8361
f 46 8361 44
f 44 8361 8362
f 44 8362 41
f 41 8362 8359
f 41 8359 39
f 39 8359 38
f 51 8363 49
f 49 8363 8364
f 49 8364 8360
f 51 53 8363
f 8363 53 55
f 8363 55 8351
f 8351 55 57
f 8351 57 390
f 392 8350 8351
f 8351 8350 8365
f 8351 8365 8363
f 8363 8365 8366
f 8363 8366 8364
f 8364 8366 8367
f 8364 8367 8360
f 8360 8367 8368
f 8360 8368 8361
f 8361 8368 8369
f 8361 8369 8362
f 8362 8369 8370
f 8362 8370 8359
f 8359 8370 8371
f 8359 8371 8358
f 8358 8371 8372
f 8358 8372 8357
f 8357 8372 8373
f 8357 8373 8356
f 8356 8373 8349
f 8356 8349 8352
f 8352 8349 8348
f 8352 8348 8353
f 397 8326 8350
f 8350 8326 8328
f 8350 8328 8365
f 8365 8328 8330
f 8365 8330 8366
f 8366 8330 8332
f 8366 8332 8367
f 8367 8332 8334
f 8367 8334 8368
f 8368 8334 8336
f 8368 8336 8369
f 8369 8336 8338
f 8369 8338 8370
f 8370 8338 8340
f 8370 8340 8371
f 8371 8340 8342
f 8371 8342 8372
f 8372 8342 8344
f 8372 8344 8373
f 8373 8344 8345
f 8373 8345 8349
f 8349 8345 8346
f 8349 8346 8347
f 8121 8374 8375
f 420 419 8140
f 2285 5609 2283
f 2283 5609 5608
f 2283 5608 2281
f 2281 5608 8376
f 8376 8377 2281
f 2281 8377 8378
f 2281 8378 8121
f 434 433 8379
f 433 432 8379
f 8379 432 431
f 8379 431 420
f 8327 401 402
f 8380 8381 8318
f 8380 8318 8382
f 8383 8384 8380
f 8380 8384 8385
f 8380 8385 8381
f 8378 8386 8121
f 8121 8386 8387
f 8121 8387 8374
f 8374 8387 8388
f 8374 8388 8389
f 8390 8126 8391
f 8391 8126 8125
f 8391 8125 8375
f 8375 8125 8123
f 8375 8123 8121
f 8392 8131 8393
f 8393 8131 8130
f 8393 8130 8390
f 8390 8130 8128
f 8390 8128 8126
f 8394 8136 8395
f 8395 8136 8135
f 8395 8135 8392
f 8392 8135 8133
f 8392 8133 8131
f 8318 8320 8382
f 8382 8320 8325
f 8382 8325 8396
f 8396 8325 8343
f 8396 8343 8397
f 8397 8343 8341
f 8397 8341 8398
f 8398 8341 8339
f 8398 8339 8399
f 8399 8339 8337
f 8399 8337 8400
f 8400 8337 8335
f 8400 8335 8401
f 8401 8335 8333
f 8401 8333 8402
f 8402 8333 8331
f 8402 8331 8403
f 8403 8331 8329
f 8403 8329 8404
f 8404 8329 8327
f 8404 8327 8405
f 8405 8327 402
f 8405 402 434
f 434 8379 8405
f 8405 8379 8406
f 8405 8406 8404
f 8404 8406 8407
f 8404 8407 8403
f 8403 8407 8408
f 8403 8408 8402
f 8402 8408 8394
f 8402 8394 8401
f 8401 8394 8395
f 8401 8395 8400
f 8400 8395 8392
f 8400 8392 8399
f 8399 8392 8393
f 8399 8393 8398
f 8398 8393 8390
f 8398 8390 8397
f 8397 8390 8391
f 8397 8391 8396
f 8396 8391 8375
f 8396 8375 8382
f 8382 8375 8374
f 8382 8374 8380
f 8380 8374 8389
f 8380 8389 8383
f 420 8140 8379
f 8379 8140 8142
f 8379 8142 8406
f 8406 8142 8144
f 8406 8144 8407
f 8407 8144 8146
f 8407 8146 8408
f 8408 8146 8147
f 8408 8147 8394
f 8394 8147 8138
f 8394 8138 8136
f 8409 8410 8411
f 8412 8413 8414
f 5468 30 33
f 33 2335 5468
f 5468 2335 2338
f 5468 2338 2339
f 8415 8416 8417
f 56 54 396
f 396 54 8418
f 396 8418 394
f 394 8418 399
f 399 8418 8419
f 399 8419 403
f 8420 450 8419
f 8419 450 407
f 407 406 8419
f 8419 406 404
f 8419 404 403
f 8410 8421 8411
f 8411 8421 8422
f 8411 8422 8412
f 8416 8423 8417
f 8417 8423 8424
f 8417 8424 8409
f 8425 37 8426
f 8426 37 35
f 8426 35 8427
f 8427 35 30
f 8427 30 8417
f 8417 30 5468
f 8417 5468 8415
f 8428 43 8429
f 8429 43 42
f 8429 42 8425
f 8425 42 40
f 8425 40 37
f 8412 8414 8411
f 8411 8414 8430
f 8411 8430 8431
f 8431 8430 8432
f 8431 8432 8433
f 8433 8432 8434
f 8433 8434 8435
f 8435 8434 8436
f 8435 8436 8437
f 8437 8436 8438
f 8437 8438 8439
f 8439 8438 8440
f 8439 8440 8441
f 8441 8440 8442
f 8441 8442 8443
f 8409 8411 8417
f 8417 8411 8431
f 8417 8431 8427
f 8427 8431 8433
f 8427 8433 8426
f 8426 8433 8435
f 8426 8435 8425
f 8425 8435 8437
f 8425 8437 8429
f 8429 8437 8439
f 8429 8439 8428
f 8428 8439 8441
f 8428 8441 8444
f 8444 8441 8443
f 8444 8443 8445
f 52 50 8445
f 8445 50 48
f 8445 48 8444
f 8444 48 47
f 8444 47 8428
f 8428 47 45
f 8428 45 43
f 8442 8420 8443
f 8443 8420 8419
f 8443 8419 8445
f 8445 8419 8418
f 8445 8418 52
f 52 8418 54
f 8446 8447 8448
f 8449 8450 8451
f 8452 8453 8454
f 8455 8456 8457
f 19 6 8458
f 25 26 8459
f 17 23 8460
f 13 15 8461
f 7 9 8462
f 451 8463 8464
f 451 8464 452
f 452 8464 8465
f 452 8465 447
f 447 8465 8458
f 447 8458 448
f 6 5 8458
f 8458 5 454
f 8458 454 448
f 8466 8467 8468
f 8468 7 8466
f 8466 7 8462
f 8466 8462 8469
f 8469 8462 8470
f 8469 8470 8471
f 8471 8470 8457
f 8471 8457 8472
f 8472 8457 8456
f 8472 8456 8473
f 9 11 8462
f 8462 11 8474
f 8462 8474 8470
f 8470 8474 8475
f 8470 8475 8457
f 8457 8475 8454
f 8457 8454 8455
f 8455 8454 8453
f 8476 8452 8477
f 8477 8452 8454
f 8477 8454 8478
f 8478 8454 8475
f 8478 8475 8461
f 8461 8475 8474
f 8461 8474 13
f 13 8474 11
f 15 17 8461
f 8461 17 8460
f 8461 8460 8478
f 8478 8460 8479
f 8478 8479 8477
f 8477 8479 8451
f 8477 8451 8476
f 8476 8451 8450
f 23 25 8460
f 8460 25 8459
f 8460 8459 8479
f 8479 8459 8480
f 8479 8480 8451
f 8451 8480 8448
f 8451 8448 8449
f 8449 8448 8447
f 8463 8446 8464
f 8464 8446 8448
f 8464 8448 8465
f 8465 8448 8480
f 8465 8480 8458
f 8458 8480 8459
f 8458 8459 19
f 19 8459 26
f 8413 8481 8414
f 8414 8481 8482
f 8414 8482 8483
f 8483 8473 8414
f 8414 8473 8456
f 8414 8456 8430
f 8430 8456 8455
f 8430 8455 8432
f 8432 8455 8453
f 8432 8453 8434
f 8434 8453 8452
f 8434 8452 8436
f 8436 8452 8476
f 8436 8476 8438
f 8476 8450 8438
f 8438 8450 8449
f 8438 8449 8440
f 8440 8449 8447
f 8440 8447 8442
f 8442 8447 8446
f 8442 8446 8420
f 8420 8446 8463
f 8420 8463 450
f 450 8463 451
f 7 8468 1
f 1 8468 8467
f 1 8467 6428
f 6428 8467 8466
f 6428 8466 6429
f 6429 8466 8469
f 6429 8469 6430
f 6430 8469 8471
f 6430 8471 6431
f 6431 8471 8472
f 6431 8472 6433
f 6433 8472 8473
f 6433 8473 6434
f 8482 5461 6426
f 8482 6426 8483
f 8483 6426 6434
f 8483 6434 8473
f 8413 5458 5460
f 8413 5460 8481
f 8481 5460 5461
f 8481 5461 8482
f 8484 5454 5456
f 8484 5456 8422
f 8422 5456 8412
f 8412 5456 5458
f 8412 5458 8413
f 5470 5469 6409
f 5468 5467 8415
f 8415 5467 8485
f 8415 8485 8416
f 8416 8485 8486
f 8416 8486 8423
f 8423 8486 8487
f 8423 8487 8424
f 8424 8487 8488
f 8424 8488 8409
f 5470 6409 5471
f 5471 6409 6408
f 5471 6408 5467
f 5467 6408 6411
f 5467 6411 8485
f 8485 6411 6412
f 8485 6412 8486
f 8486 6412 6413
f 8486 6413 8487
f 8487 6413 6415
f 8487 6415 8488
f 8488 6415 6417
f 8488 6417 8489
f 8489 6417 5454
f 8489 5454 8484
f 8409 8488 8410
f 8410 8488 8489
f 8410 8489 8421
f 8421 8489 8484
f 8421 8484 8422
f 8346 6385 6383
f 2347 2337 6381
f 6381 2337 8355
f 8355 8354 6381
f 6381 8354 8353
f 6381 8353 6382
f 6382 8353 8348
f 6382 8348 6383
f 6383 8348 8347
f 6383 8347 8346
f 8321 5616 6377
f 8321 6377 8322
f 8322 6377 6379
f 8322 6379 8323
f 8323 6379 6386
f 8323 6386 8324
f 8324 6386 6385
f 8324 6385 8346
f 8318 5618 5617
f 8318 5617 8319
f 8319 5617 5616
f 8319 5616 8321
f 8490 5624 5614
f 8490 5614 8384
f 8384 5614 8385
f 8385 5614 5613
f 8385 5613 8381
f 8381 5613 5618
f 8381 5618 8318
f 5624 8490 8491
f 5607 8492 5608
f 5608 8492 8376
f 8376 8492 8493
f 8376 8493 8377
f 8377 8493 8494
f 8377 8494 8378
f 8378 8494 8495
f 8378 8495 8386
f 8386 8495 8496
f 8386 8496 8387
f 5610 6394 5607
f 5607 6394 6393
f 5607 6393 8492
f 8492 6393 6397
f 8492 6397 8493
f 8493 6397 6398
f 8493 6398 8494
f 8494 6398 6399
f 8494 6399 8495
f 8495 6399 6400
f 8495 6400 8496
f 8496 6400 6402
f 8496 6402 8497
f 8497 6402 6403
f 8497 6403 8491
f 8491 6403 6404
f 8491 6404 5624
f 8387 8496 8388
f 8388 8496 8497
f 8388 8497 8389
f 8389 8497 8491
f 8389 8491 8383
f 8383 8491 8490
f 8383 8490 8384
f 8498 187 189
f 8498 189 8499
f 308 183 185
f 8500 213 301
f 8193 8500 8501
f 8500 301 8501
f 8501 301 302
f 8501 302 8502
f 8502 302 304
f 8502 304 8503
f 189 8184 8499
f 8499 8184 8189
f 8499 8189 8504
f 8504 8189 8188
f 8504 8188 8505
f 8505 8188 8187
f 8505 8187 8506
f 8506 8187 8182
f 8506 8182 8503
f 8503 8182 8181
f 8503 8181 8502
f 8502 8181 8179
f 8502 8179 8501
f 8501 8179 8178
f 8501 8178 8193
f 304 307 8503
f 8503 307 306
f 8503 306 8506
f 8506 306 305
f 8506 305 8505
f 8505 305 311
f 8505 311 8504
f 8504 311 310
f 8504 310 8499
f 8499 310 308
f 8499 308 8498
f 8498 308 185
f 8498 185 187
f 8157 219 218
f 215 213 8500
f 8157 218 8190
f 8190 218 217
f 8190 217 8191
f 8191 217 215
f 8191 215 8192
f 8192 215 8500
f 8192 8500 8193
f 8155 221 220
f 8155 220 8156
f 8156 220 219
f 8156 219 8157
f 8148 294 293
f 8148 293 8149
f 8149 293 292
f 8149 292 8153
f 8153 292 291
f 8153 291 8154
f 8154 291 221
f 8154 221 8155
f 162 167 8218
f 8218 167 287
f 8218 287 8219
f 8219 287 286
f 294 8148 295
f 295 8148 8217
f 295 8217 289
f 289 8217 8216
f 289 8216 286
f 286 8216 8221
f 286 8221 8219
f 254 257 164
f 164 257 165
f 165 257 166
f 8279 8507 8508
f 250 8509 252
f 252 8509 8508
f 252 8508 253
f 253 8508 8507
f 253 8507 238
f 248 8510 250
f 250 8510 8511
f 250 8511 8509
f 248 256 8510
f 8510 256 255
f 8510 255 8512
f 8512 255 254
f 8512 254 8513
f 8513 254 164
f 8513 164 163
f 163 8270 8513
f 8513 8270 8274
f 8513 8274 8512
f 8512 8274 8278
f 8512 8278 8510
f 8510 8278 8277
f 8510 8277 8511
f 8511 8277 8282
f 8511 8282 8509
f 8509 8282 8281
f 8509 8281 8508
f 8508 8281 8280
f 8508 8280 8279
f 8239 229 228
f 228 238 8507
f 8239 228 8283
f 8283 228 8507
f 8283 8507 8279
f 8246 231 230
f 8246 230 8238
f 8238 230 229
f 8238 229 8239
f 8244 269 275
f 8244 275 8245
f 8245 275 231
f 8245 231 8246
f 268 8312 8084
f 8312 268 8313
f 268 267 8313
f 8313 267 285
f 8313 285 8307
f 8307 285 273
f 8307 273 8305
f 8305 273 271
f 8305 271 8304
f 8304 271 270
f 8304 270 8302
f 8302 270 269
f 8302 269 8244
f 427 426 8514
f 8514 426 424
f 422 430 8515
f 8515 430 429
f 8515 429 428
f 8516 8517 8518
f 8518 8517 8519
f 2284 2282 8520
f 8520 2282 8122
f 8520 8122 8519
f 2278 2277 8516
f 2278 8516 8521
f 2274 2276 8521
f 2276 2280 8521
f 8521 2280 2279
f 8521 2279 2278
f 2274 8521 8107
f 8107 8521 8522
f 8107 8522 8108
f 8108 8522 8523
f 8108 8523 8109
f 8109 8523 8524
f 8109 8524 8110
f 8110 8524 8525
f 8110 8525 8105
f 8105 8525 8526
f 8105 8526 8106
f 8106 8526 8527
f 8106 8527 8111
f 8111 8527 8528
f 8111 8528 8112
f 8112 8528 8529
f 8112 8529 8113
f 8113 8529 8530
f 8113 8530 8114
f 8114 8530 8514
f 8114 8514 8104
f 8104 8514 424
f 8104 424 423
f 8516 8518 8521
f 8521 8518 8531
f 8521 8531 8522
f 8522 8531 8532
f 8522 8532 8523
f 8523 8532 8533
f 8523 8533 8524
f 8524 8533 8534
f 8524 8534 8525
f 8525 8534 8535
f 8525 8535 8526
f 8526 8535 8536
f 8526 8536 8527
f 8527 8536 8537
f 8527 8537 8528
f 8528 8537 8538
f 8528 8538 8529
f 8529 8538 8539
f 8529 8539 8530
f 8530 8539 8515
f 8530 8515 8514
f 8514 8515 428
f 8514 428 427
f 8519 8122 8518
f 8518 8122 8124
f 8518 8124 8531
f 8531 8124 8127
f 8531 8127 8532
f 8532 8127 8129
f 8532 8129 8533
f 8533 8129 8132
f 8533 8132 8534
f 8534 8132 8134
f 8534 8134 8535
f 8535 8134 8137
f 8535 8137 8536
f 8536 8137 8139
f 8536 8139 8537
f 8537 8139 8145
f 8537 8145 8538
f 8538 8145 8143
f 8538 8143 8539
f 8539 8143 8141
f 8539 8141 8515
f 8515 8141 421
f 8515 421 422
f 2389 2409 8540
f 8540 2409 2399
f 8541 2387 2389
f 8542 2392 2387
f 2392 8542 2393
f 2393 8542 8
f 2393 8 3
f 8543 455 453
f 445 457 8544
f 8544 457 456
f 4 18 8545
f 8545 18 20
f 8545 20 8546
f 8546 20 24
f 8546 24 8547
f 24 22 8547
f 8547 22 21
f 8547 21 8548
f 8548 21 16
f 8548 16 8549
f 16 14 8549
f 8549 14 12
f 8549 12 8542
f 8542 12 10
f 8542 10 8
f 2387 8541 8542
f 8542 8541 8550
f 8542 8550 8549
f 8549 8550 8551
f 8549 8551 8548
f 8548 8551 8552
f 8548 8552 8547
f 8547 8552 8553
f 8547 8553 8546
f 8546 8553 8543
f 8546 8543 8545
f 8545 8543 453
f 8545 453 4
f 2389 8540 8541
f 8541 8540 8554
f 8541 8554 8550
f 8550 8554 8555
f 8550 8555 8551
f 8551 8555 8556
f 8551 8556 8552
f 8552 8556 8557
f 8552 8557 8553
f 8553 8557 8544
f 8553 8544 8543
f 8543 8544 456
f 8543 456 455
f 2399 8118 8540
f 8540 8118 8117
f 8540 8117 8554
f 8554 8117 8116
f 8554 8116 8555
f 8555 8116 8115
f 8555 8115 8556
f 8556 8115 8120
f 8556 8120 8557
f 8557 8120 8119
f 8557 8119 8544
f 8544 8119 444
f 8544 444 445
f 367 8558 369
f 367 93 95
f 8558 367 8559
f 352 371 8560
f 8560 371 370
f 8560 370 369
f 8561 190 196
f 178 191 8562
f 8562 191 8563
f 8562 8563 8564
f 8564 8563 8565
f 92 188 90
f 90 188 8566
f 367 95 8559
f 8559 95 97
f 8559 97 8567
f 8567 97 99
f 8567 99 8568
f 8568 99 101
f 8568 101 8569
f 8569 101 104
f 8569 104 8570
f 8570 104 106
f 8570 106 8571
f 8571 106 109
f 8571 109 8572
f 8572 109 108
f 8572 108 8573
f 8573 108 115
f 8573 115 8574
f 8574 115 88
f 8574 88 8575
f 8575 88 90
f 8575 90 8563
f 8563 90 8566
f 8563 8566 8565
f 352 8560 8079
f 8079 8560 8576
f 8079 8576 8080
f 8080 8576 8577
f 8080 8577 8081
f 8081 8577 8578
f 8081 8578 8082
f 8082 8578 8579
f 8082 8579 8083
f 8083 8579 8580
f 8083 8580 8077
f 8077 8580 8581
f 8077 8581 8078
f 8078 8581 8582
f 8078 8582 8073
f 8073 8582 8583
f 8073 8583 8074
f 8074 8583 8584
f 8074 8584 8075
f 8075 8584 8585
f 8075 8585 8076
f 8076 8585 8561
f 8076 8561 8072
f 8072 8561 196
f 8072 196 195
f 369 8558 8560
f 8560 8558 8559
f 8560 8559 8576
f 8576 8559 8567
f 8576 8567 8577
f 8577 8567 8568
f 8577 8568 8578
f 8578 8568 8569
f 8578 8569 8579
f 8579 8569 8570
f 8579 8570 8580
f 8580 8570 8571
f 8580 8571 8581
f 8581 8571 8572
f 8581 8572 8582
f 8582 8572 8573
f 8582 8573 8583
f 8583 8573 8574
f 8583 8574 8584
f 8584 8574 8575
f 8584 8575 8585
f 8585 8575 8563
f 8585 8563 8561
f 8561 8563 191
f 8561 191 190
f 325 324 8064
f 137 8586 8587
f 8586 137 135
f 143 145 8588
f 139 8085 140
f 140 8085 146
f 327 326 8589
f 8589 326 325
f 329 328 8590
f 8590 328 327
f 329 8087 332
f 332 8087 331
f 329 8590 8087
f 8087 8590 8591
f 8087 8591 8089
f 8089 8591 8592
f 8089 8592 8091
f 8091 8592 8593
f 8091 8593 8092
f 8092 8593 8594
f 8092 8594 8095
f 8095 8594 8595
f 8095 8595 8097
f 8097 8595 8596
f 8097 8596 8099
f 8099 8596 8597
f 8099 8597 8100
f 8100 8597 8598
f 8100 8598 8102
f 8102 8598 8599
f 8102 8599 8103
f 8103 8599 8588
f 8103 8588 8085
f 8085 8588 145
f 8085 145 146
f 327 8589 8590
f 8590 8589 8600
f 8590 8600 8591
f 8591 8600 8601
f 8591 8601 8592
f 8592 8601 8602
f 8592 8602 8593
f 8593 8602 8603
f 8593 8603 8594
f 8594 8603 8604
f 8594 8604 8595
f 8595 8604 8605
f 8595 8605 8596
f 8596 8605 8606
f 8596 8606 8597
f 8597 8606 8607
f 8597 8607 8598
f 8598 8607 8587
f 8598 8587 8599
f 8599 8587 8586
f 8599 8586 8588
f 8588 8586 135
f 8588 135 143
f 325 8064 8589
f 8589 8064 8065
f 8589 8065 8600
f 8600 8065 8068
f 8600 8068 8601
f 8601 8068 8067
f 8601 8067 8602
f 8602 8067 8066
f 8602 8066 8603
f 8603 8066 8063
f 8603 8063 8604
f 8604 8063 8071
f 8604 8071 8605
f 8605 8071 8070
f 8605 8070 8606
f 8606 8070 8069
f 8606 8069 8607
f 8607 8069 8062
f 8607 8062 8587
f 8587 8062 138
f 8587 138 137
f 7869 8608 564
f 564 8608 558
f 580 542 8609
f 8609 542 558
f 8609 558 8610
f 8610 558 8608
f 8611 7989 7867
f 584 582 8612
f 8612 582 8613
f 8612 8613 8614
f 7867 8614 8611
f 8611 8614 8613
f 8611 8613 8615
f 7985 7987 8615
f 8615 7987 7991
f 8615 7991 8611
f 8611 7991 7990
f 8611 7990 7989
f 568 576 8616
f 8616 576 8617
f 8616 8617 8618
f 8618 8617 8619
f 578 580 8620
f 8620 580 8609
f 8620 8609 8610
f 576 578 8617
f 8617 578 8620
f 8617 8620 8619
f 8619 8620 8610
f 8619 8610 8608
f 582 568 8613
f 8613 568 8616
f 8613 8616 8615
f 8615 8616 8618
f 8615 8618 7985
f 7985 8618 8619
f 7985 8619 7983
f 7983 8619 8608
f 7983 8608 7869
f 7868 8621 7867
f 7867 8621 8614
f 8622 8612 8623
f 8623 8612 8614
f 8623 8614 8624
f 8624 8614 8621
f 585 584 8625
f 8625 584 8612
f 8625 8612 8626
f 8626 8612 8622
f 7972 7971 8627
f 8628 565 588
f 8629 8628 8630
f 498 8631 7976
f 7976 8631 8632
f 7976 8632 7975
f 8633 8627 8634
f 8634 8627 8632
f 8634 8632 8635
f 8635 8632 8631
f 8635 8631 8636
f 8636 8631 498
f 8627 7971 8632
f 8632 7971 7970
f 8632 7970 7975
f 8628 588 8630
f 8630 588 589
f 8630 589 8637
f 8637 589 573
f 8637 573 8638
f 8638 573 585
f 8638 585 8625
f 8625 8626 8638
f 8638 8626 8639
f 8638 8639 8637
f 8637 8639 8640
f 8637 8640 8630
f 8630 8640 8641
f 8630 8641 8629
f 8629 8641 8642
f 8626 8622 8639
f 8639 8622 8633
f 8639 8633 8640
f 8640 8633 8634
f 8640 8634 8641
f 8641 8634 8635
f 8641 8635 8642
f 8642 8635 8636
f 7868 7972 8621
f 8621 7972 8627
f 8621 8627 8624
f 8624 8627 8633
f 8624 8633 8623
f 8623 8633 8622
f 498 497 8636
f 8636 497 1125
f 8636 1125 8642
f 8642 1125 1124
f 8642 1124 8629
f 8629 1124 1126
f 8629 1126 8628
f 8628 1126 1127
f 8628 1127 565
f 565 1127 566
f 602 7845 604
f 604 7845 8643
f 604 8643 605
f 605 8643 8644
f 605 8644 607
f 607 8644 8645
f 607 8645 606
f 606 8645 609
f 8646 8647 8648
f 627 626 8649
f 8649 626 8650
f 8649 8650 8651
f 7897 7899 8652
f 8652 7899 7843
f 8652 7843 8653
f 7895 7897 8654
f 8654 7897 8652
f 8654 8652 8648
f 8648 8652 8653
f 8648 8653 8646
f 612 608 8655
f 8655 608 8656
f 8655 8656 8657
f 626 612 8650
f 8650 612 8655
f 8650 8655 8658
f 8658 8655 8657
f 8658 8657 8659
f 7894 7895 8659
f 8659 7895 8654
f 8659 8654 8658
f 8658 8654 8648
f 8658 8648 8650
f 8650 8648 8647
f 8650 8647 8651
f 7845 7894 8643
f 8643 7894 8659
f 8643 8659 8644
f 8644 8659 8657
f 8644 8657 8645
f 8645 8657 8656
f 8645 8656 609
f 609 8656 608
f 7843 7844 8653
f 8653 7844 8660
f 8653 8660 8646
f 8646 8660 8647
f 8647 8660 8661
f 8647 8661 8651
f 8651 8661 8649
f 8649 8661 618
f 8649 618 627
f 7880 7881 8662
f 7883 7885 8663
f 631 629 8664
f 8664 629 8665
f 8664 8665 8666
f 7886 512 8667
f 8667 512 8668
f 7885 7886 8663
f 8663 7886 8667
f 8663 8667 8665
f 8665 8667 8668
f 8665 8668 8666
f 615 616 8669
f 8669 616 8670
f 8669 8670 8662
f 7881 7883 8662
f 8662 7883 8663
f 8662 8663 8669
f 8669 8663 8665
f 8669 8665 615
f 615 8665 629
f 7844 7880 8660
f 8660 7880 8662
f 8660 8662 8661
f 8661 8662 8670
f 8661 8670 618
f 618 8670 616
f 512 511 8668
f 8668 511 845
f 8668 845 8666
f 8666 845 8664
f 8664 845 632
f 8664 632 631
f 2261 2260 8671
f 8671 2260 2288
f 8671 2288 8672
f 8672 2288 2287
f 8672 2287 8673
f 8673 2287 2286
f 8673 2286 2284
f 2277 2261 8516
f 8516 2261 8671
f 8516 8671 8517
f 8517 8671 8672
f 8517 8672 8519
f 8519 8672 8673
f 8519 8673 8520
f 8520 8673 2284
f 181 8674 8675
f 8674 181 179
f 179 178 8562
f 186 184 8676
f 8676 184 182
f 188 186 8566
f 8566 186 8676
f 8566 8676 8675
f 8675 8676 182
f 8675 182 181
f 179 8562 8674
f 8674 8562 8564
f 8674 8564 8675
f 8675 8564 8565
f 8675 8565 8566
