mtllib KneeLeft_visuals.mtl
v 0.013291000388562678 0.04144499823451041 -0.0018220000201836222
v 0.013225000351667402 0.04199400171637534 -0.002125999890267848
v 0.008279999718070028 0.03882699832320212 -0.004728000145405529
v 0.013256999664008616 0.0422299988567829 -0.0022209999151527873
v 0.013314999639987944 0.042447000741958604 -0.0022899999748915425
v 0.013607000000774859 0.04302300140261649 -0.0023739999160170546
v 0.01405300013720989 0.043492998927831636 -0.002288999967277049
v 0.1505859941244125 0.23496200144290916 -0.0013449999969452615
v 0.15025100111961362 0.23537400364875785 -0.0017209999496117228
v 0.15019300580024716 0.235516995191574 -0.0018220000201836222
v 0.15012499690055844 0.23591800034046165 -0.002056000055745243
v 0.1501599997282028 0.2363020032644271 -0.0022209999151527873
v 0.15021699666976926 0.23651799559593192 -0.002288999967277049
v 0.014236999675631521 0.04361899942159651 -0.0022209999151527873
v 0.014587000012397764 0.043781001120805726 -0.002056000055745243
v 0.014987999573349951 0.043850999325513826 -0.0018220000201836222
v 0.15050999820232389 0.2370949983596801 -0.0023739999160170546
v 0.15095500648021695 0.23756399750709525 -0.0022899999748915425
v 0.15267699956893918 0.24352100491523734 -0.004728000145405529
v 0.15114000439643857 0.23769100010395042 -0.0022209999151527873
v 0.15135100483894345 0.2378010004758834 -0.002125999890267848
v 0.15254500508308408 0.2377389967441558 -0.0013449999969452615
v 0.15531300008296964 0.24166199564933769 -0.0013449999969452615
v 0.151977002620697 0.23792199790477744 -0.001765999943017959
v 0.1518909931182861 0.23792299628257743 -0.0018220000201836222
v 0.15310899913311002 0.23682600259780875 -0.0007099999929778276
v 0.15311600267887113 0.2363339960575103 -0.0005430000019259749
v 0.15940700471401212 0.23877300322055808 0.0010440000332891937
v 0.15257999300956723 0.2377150058746337 -0.001315000001341104
v 0.1529320031404495 0.23732599616050712 -0.0009749999735504386
v 0.15302999317646024 0.23711900413036338 -0.0008500000112690028
v 0.15300600230693814 0.23590199649333946 -0.0004539999936241655
v 0.1527850031852722 0.23548999428749076 -0.0004229999904055147
v 0.1525750011205673 0.23523999750614158 -0.0004379999882075934
v 0.15133300423622129 0.23471300303935996 -0.0008500000112690028
v 0.1510999947786331 0.23473699390888206 -0.0009779999963939186
v 0.015643000602722164 0.043666999787092195 -0.0013449999969452615
v 0.015676999464631077 0.0436430014669895 -0.001315000001341104
v 0.01602699980139732 0.04325899854302405 -0.0009779999963939186
v 0.152099996805191 0.23489500582218162 -0.0005430000019259749
v 0.15170000493526456 0.23475100100040427 -0.0006830000202171502
v 0.01612799987196922 0.04304699972271918 -0.0008500000112690028
v 0.0162150003015995 0.04268899932503699 -0.0006830000202171502
v 0.016214000061154362 0.04226399958133696 -0.0005430000019259749
v 0.015142000280320643 0.043843999505043016 -0.0017209999496117228
v 0.15061999857425687 0.23493699729442588 -0.001315000001341104
v 0.01604799926280975 0.04170100018382071 -0.0004379999882075934
v 0.015883000567555424 0.041418001055717454 -0.0004229999904055147
v 0.01501100044697523 0.03407799825072287 0.0010440000332891937
v 0.01556899957358837 0.04107199981808661 -0.0004539999936241655
v 0.015197999775409697 0.040823001414537416 -0.0005430000019259749
v 0.014201999641954897 0.040663998574018465 -0.0009749999735504386
v 0.010916000232100485 0.03696700185537337 -0.0013449999969452615
v 0.014430999755859373 0.04064099863171576 -0.0008500000112690028
v 0.014732999727129934 0.04066599905490874 -0.0007099999929778276
v 0.013717999681830404 0.040865000337362276 -0.001315000001341104
v 0.013683999888598917 0.04089000076055525 -0.0013449999969452615
v 0.013321000151336191 0.04136399924755095 -0.001765999943017959
v 0.013311999849975107 0.041386999189853654 -0.014717999845743174
v 0.013523999601602553 0.04103799909353255 -0.015000999905169005
v 0.010177999734878538 0.03748799860477446 -0.014464999549090857
v 0.013291000388562678 0.04144499823451041 -0.01467799954116344
v 0.013717000372707842 0.040865000337362276 -0.01518500037491321
v 0.013844000175595282 0.04078799858689307 -0.01528600044548511
v 0.013989999890327452 0.03479899838566779 -0.01711400039494037
v 0.014244000427424906 0.040656998753547655 -0.015549999661743636
v 0.014430999755859373 0.04064099863171576 -0.01565000042319297
v 0.014688000082969664 0.04065800085663794 -0.015770999714732163
v 0.015135000459849833 0.0407930016517639 -0.015938000753521912
v 0.015228999778628348 0.04083900153636931 -0.015966000035405152
v 0.015545999631285666 0.04105199873447417 -0.016041999682784074
v 0.015883000567555424 0.041418001055717454 -0.016077000647783272
v 0.016112999990582463 0.041855998337268815 -0.016041999682784074
v 0.016209000721573826 0.042227998375892625 -0.015966000035405152
v 0.15012599527835843 0.23587700724601737 -0.014464999549090857
v 0.016216000542044636 0.04268399998545645 -0.015819000080227845
v 0.01612799987196922 0.04304699972271918 -0.01565000042319297
v 0.01603700034320354 0.04324100166559218 -0.015533999539911742
v 0.015777999535202977 0.043563000857830034 -0.015273000113666052
v 0.015676999464631077 0.04364399984478949 -0.01518500037491321
v 0.015246000140905379 0.04382900148630141 -0.014851000159978861
v 0.15112100541591642 0.2347330003976821 -0.015533999539911742
v 0.15133300423622129 0.23471300303935996 -0.01565000042319297
v 0.15072900056838986 0.23486900329589835 -0.015273000113666052
v 0.15019300580024716 0.235516995191574 -0.01467799954116344
v 0.15030099451541898 0.23528200387954704 -0.014851000159978861
v 0.15061999857425687 0.23493699729442588 -0.01518500037491321
v 0.1517049968242645 0.23475199937820426 -0.015819000080227845
v 0.1521320044994354 0.23491099476814262 -0.015966000035405152
v 0.1524499952793121 0.23512600362300864 -0.016041999682784074
v 0.15838600695133206 0.2394939959049224 -0.01711400039494037
v 0.1527850031852722 0.23548999428749076 -0.016077000647783272
v 0.1530169993638992 0.23593099415302268 -0.016041999682784074
v 0.15311199426650998 0.23630000650882713 -0.015966000035405152
v 0.15312400460243222 0.236404001712799 -0.015938000753521912
v 0.15310099720954892 0.2368700057268142 -0.015770999714732163
v 0.15302999317646024 0.23711900413036338 -0.01565000042319297
v 0.15295299887657163 0.2372889965772628 -0.015549999661743636
v 0.15457400679588315 0.24218299984931937 -0.014464999549090857
v 0.15269599854946134 0.2376219928264617 -0.01528600044548511
v 0.15257999300956723 0.2377150058746337 -0.01518500037491321
v 0.15235200524330136 0.2378399968147277 -0.015000999905169005
v 0.15195199847221372 0.23792299628257743 -0.014717999845743174
v 0.1518909931182861 0.23792299628257743 -0.01467799954116344
v 0.15152899920940396 0.23786500096321098 -0.014464999549090857
v 0.15232799947261808 0.24376699328422538 -0.010920000262558457
v 0.15114000439643857 0.23769100010395042 -0.014279000461101527
v 0.15090900659561154 0.23752699792385093 -0.01419600006192922
v 0.013709999620914457 0.04315799847245215 -0.014131999574601645
v 0.013607000000774859 0.04302300140261649 -0.014125999994575972
v 0.00793199986219406 0.039071999490261064 -0.010920000262558457
v 0.15050999820232389 0.2370949983596801 -0.014125999994575972
v 0.15041799843311307 0.2369540035724639 -0.014131999574601645
v 0.15021100640296933 0.23649799823760978 -0.014216000214219088
v 0.014626000076532362 0.04379300028085707 -0.014464999549090857
v 0.014236999675631521 0.04361899942159651 -0.014279000461101527
v 0.014987999573349951 0.043850999325513826 -0.01467799954116344
v 0.1501599997282028 0.2363020032644271 -0.014279000461101527
v 0.014069000259041784 0.04350500181317328 -0.014216000214219088
v 0.013334999792277811 0.042502999305725084 -0.01419600006192922
v 0.013256999664008616 0.0422299988567829 -0.014279000461101527
v 0.013224000111222265 0.04180499911308287 -0.014464999549090857
v 0.019974999129772183 0.030577000230550756 0.002093000104650854
v 0.1643709987401962 0.23527200520038596 0.002093000104650854
v 0.02509300038218498 0.02696700021624564 0.001650999998673796
v 0.1694889962673187 0.23166200518608085 0.001650999998673796
v 0.029626000672578808 0.023769000545144074 -0.00021800000104121856
v 0.17402200400829312 0.22846400737762443 -0.00021800000104121856
v 0.03572199866175651 0.026961000636219968 -0.0023449999280273906
v 0.03533599898219108 0.02665499970316886 -0.0022209999151527873
v 0.032921001315116875 0.021444000303745263 -0.0032450000289827577
v 0.0352879986166954 0.02662700042128562 -0.0022009999956935635
v 0.034805998206138604 0.026446999981999387 -0.001955999992787837
v 0.03458499908447265 0.026422999799251546 -0.0018220000201836222
v 0.03432400152087211 0.02644599974155425 -0.0016459999606013292
v 0.03389700129628181 0.02662999927997588 -0.0013160000089555974
v 0.033571001142263406 0.026976000517606725 -0.001004999969154596
v 0.03344500064849853 0.027226999402046193 -0.0008500000112690028
v 0.03338199853897094 0.027442999184131612 -0.0007430000114254651
v 0.033355999737977975 0.027979999780654897 -0.0005510000046342609
v 0.03336400166153907 0.028046000748872747 -0.0005339999916031955
v 0.03434399887919425 0.02943499945104121 -0.0005339999916031955
v 0.034565001726150506 0.029534000903367986 -0.0006040000007487831
v 0.033502001315355294 0.028522999957203855 -0.00044400000479072316
v 0.03369000181555747 0.028855999931693067 -0.0004229999904055147
v 0.034081999212503426 0.029265999794006337 -0.0004689999914262442
v 0.03508400171995162 0.02963300049304961 -0.0008210000232793387
v 0.035142999142408364 0.029634000733494748 -0.0008500000112690028
v 0.03557600080966949 0.029555000364780416 -0.0011040000244975086
v 0.17731800675392148 0.22613899409770957 -0.0032450000289827577
v 0.17286899685859677 0.22132299840450279 -0.0023739999160170546
v 0.17275300621986386 0.22117200493812553 -0.0023670000955462447
v 0.172337993979454 0.22079199552536002 -0.002259999979287385
v 0.17223900556564328 0.22072699666023246 -0.0022209999151527873
v 0.1718640029430389 0.22055700421333305 -0.0020429999567568293
v 0.17148800194263455 0.22049500048160545 -0.0018220000201836222
v 0.17137999832630155 0.2204979956150054 -0.0017519999528303736
v 0.1709329932928085 0.22062100470066062 -0.0014260000316426154
v 0.03585600107908248 0.029409000650048246 -0.001315000001341104
v 0.035976998507976525 0.02930999919772147 -0.0014260000316426154
v 0.036244001239538186 0.028929999098181714 -0.0017519999528303736
v 0.0362819992005825 0.028829000890254964 -0.0018220000201836222
v 0.03635000064969062 0.028454000130295743 -0.0020429999567568293
v 0.03631599992513656 0.028044000267982473 -0.0022209999151527873
v 0.03628800064325332 0.027929000556468953 -0.002259999979287385
v 0.03606899827718734 0.027411000803112973 -0.0023670000955462447
v 0.035966001451015465 0.027250999584794034 -0.0023739999160170546
v 0.17079800367355344 0.22070300579071037 -0.001315000001341104
v 0.1705670058727264 0.2209179997444152 -0.0011040000244975086
v 0.17034800350666043 0.2212989926338195 -0.0008500000112690028
v 0.1703280061483383 0.22135500609874717 -0.0008210000232793387
v 0.17024800181388852 0.22187699377536765 -0.0006040000007487831
v 0.17026700079441068 0.22211800515651695 -0.0005339999916031955
v 0.17033800482749936 0.22242200374603263 -0.0004689999914262442
v 0.17059299349784848 0.22292800247669212 -0.0004229999904055147
v 0.17084400355815885 0.2232169955968856 -0.00044400000479072316
v 0.17124700546264646 0.22350700199604026 -0.0005339999916031955
v 0.1713059991598129 0.22353699803352348 -0.0005510000046342609
v 0.17182099819183347 0.22369299829006187 -0.0007430000114254651
v 0.17204500734806058 0.22370499372482291 -0.0008500000112690028
v 0.17232500016689298 0.22367200255393974 -0.001004999969154596
v 0.1727589964866638 0.223480999469757 -0.0013160000089555974
v 0.1730760037899017 0.223139002919197 -0.0016459999606013292
v 0.1731850057840347 0.22290100157260886 -0.0018220000201836222
v 0.17323699593544004 0.22268599271774284 -0.001955999992787837
v 0.17322899401187894 0.22217099368572227 -0.0022009999956935635
v 0.17321899533271787 0.22211599349975578 -0.0022209999151527873
v 0.1730599999427795 0.22165000438690177 -0.0023449999280273906
v 0.03449799865484237 0.020331999287009232 -0.00695399986580014
v 0.1788939982652664 0.2250269949436187 -0.00695399986580014
v 0.03431399911642074 0.020462000742554658 -0.010386999696493145
v 0.17870999872684476 0.22515699267387382 -0.010386999696493145
v 0.03231500089168548 0.0218720007687807 -0.014016999863088126
v 0.17671200633049008 0.22656600177288047 -0.014016999863088126
v 0.036327999085187905 0.028108000755310048 -0.01430200040340423
v 0.03633299842476844 0.02862199954688548 -0.0145490001887083
v 0.17079800367355344 0.22070300579071037 -0.01518500037491321
v 0.03631599992513656 0.028044000267982473 -0.014279000461101527
v 0.0362819992005825 0.028829000890254964 -0.01467799954116344
v 0.036171000450849526 0.02907099947333335 -0.014856000430881972
v 0.035854998975992196 0.029409000650048246 -0.01518500037491321
v 0.17071099579334256 0.22307899594306937 -0.016071999445557587
v 0.17059299349784848 0.22292800247669212 -0.016077000647783272
v 0.17308799922466275 0.22912199795246116 -0.016815999522805207
v 0.1704059988260269 0.22259800136089317 -0.01605699956417083
v 0.17025899887084958 0.22206099331378928 -0.015951000154018395
v 0.17028300464153287 0.2215240001678466 -0.015760999172925942
v 0.17026700079441068 0.22211800515651695 -0.015966000035405152
v 0.17034800350666043 0.2212989926338195 -0.01565000042319297
v 0.17047099769115445 0.22105200588703147 -0.015498000197112555
v 0.035417001694440835 0.029601000249385823 -0.015498000197112555
v 0.035142999142408364 0.029634000733494748 -0.01565000042319297
v 0.03490899875760078 0.02961999922990798 -0.015760999172925942
v 0.03439600020647048 0.029462000355124463 -0.015951000154018395
v 0.03434399887919425 0.02943499945104121 -0.015966000035405152
v 0.03393800184130668 0.02914300002157687 -0.01605699956417083
v 0.03369000181555747 0.028855999931693067 -0.016077000647783272
v 0.028691999614238736 0.02442800067365169 -0.016815999522805207
v 0.03358799964189529 0.02869500033557414 -0.016071999445557587
v 0.03338599950075149 0.028164999559521665 -0.01599499955773353
v 0.03336400166153907 0.028046000748872747 -0.015966000035405152
v 0.0333539992570877 0.027619000524282445 -0.015830000862479203
v 0.03344500064849853 0.027226999402046193 -0.01565000042319297
v 0.03348999843001365 0.027120999991893758 -0.015588999725878233
v 0.03377399966120719 0.026729999110102643 -0.015292000025510783
v 0.03389599919319152 0.026630999520421018 -0.01518500037491321
v 0.03417199850082397 0.02648800052702426 -0.014964999631047244
v 0.03458499908447265 0.026422999799251546 -0.01467799954116344
v 0.03464100137352943 0.026426000520586957 -0.01464300043880939
v 0.035128999501466744 0.026548000052571286 -0.014371999539434905
v 0.03533599898219108 0.02665499970316886 -0.014279000461101527
v 0.03558500111103057 0.026833999902009954 -0.014189999550580973
v 0.035966001451015465 0.027250999584794034 -0.014125999994575972
v 0.17148800194263455 0.22049500048160545 -0.01467799954116344
v 0.17122299969196317 0.22051900625228874 -0.014856000430881972
v 0.03615900129079818 0.027580000460147847 -0.014155000448226924
v 0.17170000076293943 0.22051699459552757 -0.0145490001887083
v 0.1721830070018768 0.22069500386714927 -0.01430200040340423
v 0.17223900556564328 0.22072699666023246 -0.014279000461101527
v 0.17262299358844754 0.22103099524974815 -0.014155000448226924
v 0.17286899685859677 0.22132299840450279 -0.014125999994575972
v 0.17313300073146817 0.22182199358940116 -0.014189999550580973
v 0.17321899533271787 0.22211599349975578 -0.014279000461101527
v 0.17325100302696225 0.222347006201744 -0.014371999539434905
v 0.1732019931077957 0.22284799814224235 -0.01464300043880939
v 0.1731850057840347 0.22290100157260886 -0.01467799954116344
v 0.17262400686740872 0.22356300055980674 -0.015292000025510783
v 0.1727579981088638 0.223480999469757 -0.01518500037491321
v 0.17298500239849088 0.22326900064945213 -0.014964999631047244
v 0.1721599996089935 0.223699003458023 -0.015588999725878233
v 0.17204500734806058 0.22370499372482291 -0.01565000042319297
v 0.17164599895477292 0.2236600071191787 -0.015830000862479203
v 0.17124700546264646 0.22350700199604026 -0.015966000035405152
v 0.1711419969797134 0.22344699501991264 -0.01599499955773353
v 0.02396599948406219 0.027761999517679204 -0.018380999565124505
v 0.1683620065450668 0.23245699703693382 -0.018380999565124505
v 0.01881800033152103 0.031392998993396745 -0.018485000357031815
v 0.1632139980792999 0.23608799278736106 -0.018485000357031815
v 0.007474999874830245 0.039395000785589204 -0.008249999955296513
v 0.15187099575996396 0.24408900737762443 -0.008249999955296513
v 0.008665000088512896 0.03855499997735022 -0.010083000175654885
v 0.014243000186979769 0.042575001716613756 -0.013015000149607655
v 0.014492999762296675 0.04287000000476836 -0.01304399967193603
v 0.015915000811219212 0.04335999861359595 -0.013701000250875945
v 0.15350799262523648 0.2349810004234313 -0.0148149998858571
v 0.015643000602722164 0.043388999998569475 -0.01353400014340877
v 0.1532579958438873 0.2346940040588378 -0.01479599997401237
v 0.015426999889314173 0.04337099939584731 -0.01341400016099214
v 0.1528470069169998 0.23440599441528312 -0.014715000055730338
v 0.1527989953756332 0.23438200354576103 -0.014702999964356417
v 0.1522790044546127 0.23423099517822257 -0.014533000066876406
v 0.15203200280666349 0.2342199981212615 -0.01442900020629167
v 0.1509519964456558 0.23631200194358817 -0.01304399967193603
v 0.1511459946632385 0.23664699494838706 -0.013015000149607655
v 0.15306100249290464 0.24324999749660484 -0.010083000175654885
v 0.15152999758720395 0.2370630055665969 -0.013075999915599818
v 0.1550430059432983 0.24185200035572044 -0.013164999894797797
v 0.15176199376583097 0.23722800612449638 -0.013152999803423876
v 0.15177999436855313 0.23723900318145744 -0.013159999623894686
v 0.15199400484561917 0.23734599351882926 -0.013248000293970103
v 0.15249200165271756 0.2374600023031234 -0.013504000380635256
v 0.15254500508308408 0.23746100068092338 -0.01353400014340877
v 0.15297199785709378 0.23738700151443473 -0.013802000321447844
v 0.15325599908828733 0.23723900318145744 -0.014004000462591643
v 0.1586329936981201 0.23931999504566184 -0.015503999777138228
v 0.1533820033073425 0.23713600635528556 -0.014101999811828131
v 0.15367999672889707 0.23673599958419791 -0.014372999779880042
v 0.15372900664806363 0.23662599921226493 -0.01442900020629167
v 0.15383000671863553 0.23622800409793845 -0.014592000283300871
v 0.15382699668407437 0.23579500615596763 -0.014715000055730338
v 0.15380699932575223 0.23567199707031242 -0.014742000028491015
v 0.1536069959402084 0.23513899743556968 -0.01480999961495399
v 0.01635700091719627 0.04316399991512297 -0.014006000012159342
v 0.016699999570846554 0.042801000177860246 -0.014294000342488284
v 0.01682600006461143 0.04255399852991103 -0.01442900020629167
v 0.01689900085330009 0.042318001389503465 -0.014533000066876406
v 0.01693099923431873 0.04177699983119963 -0.014702999964356417
v 0.016924999654293057 0.04172300174832343 -0.014715000055730338
v 0.016790999099612233 0.04123999923467635 -0.01479599997401237
v 0.016604999080300328 0.04090899974107741 -0.0148149998858571
v 0.014236000366508959 0.034625001251697526 -0.015503999777138228
v 0.01648999936878681 0.0407619997859001 -0.01480999961495399
v 0.016054000705480572 0.04039499908685683 -0.014742000028491015
v 0.015945000573992726 0.04033400118350981 -0.014715000055730338
v 0.015537999570369719 0.040187001228332506 -0.014592000283300871
v 0.015128999948501585 0.04014800116419791 -0.01442900020629167
v 0.015008999966084955 0.04015799984335898 -0.014372999779880042
v 0.014531999826431273 0.0403040014207363 -0.014101999811828131
v 0.010646999813616274 0.03715699911117552 -0.013164999894797797
v 0.014392999932169913 0.04038799926638602 -0.014004000462591643
v 0.014158000238239763 0.04060599952936171 -0.013802000321447844
v 0.013945000246167181 0.04098299890756606 -0.01353400014340877
v 0.013929000124335287 0.0410340018570423 -0.013504000380635256
v 0.013868999667465685 0.04154099896550177 -0.013248000293970103
v 0.013898000121116636 0.04177799820899962 -0.013159999623894686
v 0.01390200015157461 0.04179900139570235 -0.013152999803423876
v 0.013979000039398668 0.04207300022244452 -0.013075999915599818
v 0.15175600349903104 0.23425699770450584 -0.014294000342488284
v 0.15129899978637693 0.23445799946784965 -0.014006000012159342
v 0.014937000349164007 0.043200999498367296 -0.01318299956619739
v 0.150967001914978 0.23480799794197074 -0.013701000250875945
v 0.014876999892294405 0.043166998773813234 -0.013159000314772124
v 0.15084800124168393 0.23505499958991996 -0.01353400014340877
v 0.15079300105571744 0.23526500165462486 -0.01341400016099214
v 0.1507889926433563 0.2357829958200454 -0.01318299956619739
v 0.15080000460147855 0.23585000634193412 -0.013159999623894686
v 0.1697759926319122 0.22154499590396873 -0.0022060000337660304
v 0.035330001264810555 0.027699999511241902 -0.003484999993816017
v 0.03552399948239326 0.02803399972617625 -0.0034560000058263527
v 0.03568699955940246 0.02856300026178359 -0.0033170001115649926
v 0.03568299859762191 0.029082000255584706 -0.00308599998243153
v 0.16965000331401822 0.22179199755191795 -0.002070999937132
v 0.0356759987771511 0.028496000915765752 -0.0033400000538676964
v 0.03562799841165542 0.029291000217199315 -0.0029660000000149003
v 0.03550900146365165 0.029538000002503385 -0.0027989998925477258
v 0.03517600148916244 0.029888000339269628 -0.0024939998984336844
v 0.1695509999990463 0.22262300550937644 -0.0017849999712780111
v 0.16954499483108518 0.22256900370120994 -0.0017969999462366098
v 0.16957700252532956 0.2220280021429061 -0.001967000076547264
v 0.16957800090312955 0.22277699410915366 -0.0017519999528303736
v 0.03471999987959861 0.030090000480413426 -0.0022060000337660304
v 0.034444000571966164 0.030125999823212613 -0.002070999937132
v 0.034196998924016946 0.030115999281406392 -0.001967000076547264
v 0.03367700055241584 0.02996399998664855 -0.0017969999462366098
v 0.03362900018692016 0.02993999980390071 -0.0017849999712780111
v 0.03264899924397468 0.028550999239087094 -0.0017849999712780111
v 0.03264600038528442 0.02811799943447112 -0.001907999976538121
v 0.029351999983191487 0.02396200038492679 -0.001761000021360814
v 0.032747000455856316 0.027720000594854344 -0.002070999937132
v 0.032795999199151986 0.02761000022292136 -0.0021269998978823415
v 0.03398400172591209 0.026885999366641034 -0.0029959999956190577
v 0.034481998533010476 0.027000000700354566 -0.0032520000822842112
v 0.03239199891686439 0.021818000823259347 -0.004435999784618614
v 0.03393099829554557 0.026884999126195897 -0.0029660000000149003
v 0.03309300169348716 0.02721000090241431 -0.0023980000987648955
v 0.033220000565052026 0.027108000591397275 -0.002495999913662671
v 0.03350400179624557 0.026959000155329694 -0.00269800005480647
v 0.03469600155949592 0.027107000350952138 -0.0033400000538676964
v 0.0349459983408451 0.027282999828457822 -0.0034239999949932085
v 0.17011900246143338 0.2211820036172866 -0.0024939998984336844
v 0.1705610007047653 0.22098599374294273 -0.0027989998925477258
v 0.1708330065011978 0.2209569960832595 -0.0029660000000149003
v 0.1710489988327026 0.22097499668598167 -0.00308599998243153
v 0.1715389937162399 0.22114600241184226 -0.0033170001115649926
v 0.17159800231456754 0.22117899358272544 -0.0033400000538676964
v 0.17198300361633298 0.2214760035276412 -0.0034560000058263527
v 0.1767880022525787 0.22651299834251395 -0.004435999784618614
v 0.17223300039768216 0.22177100181579582 -0.003484999993816017
v 0.17249600589275357 0.22227300703525535 -0.0034239999949932085
v 0.17257800698280332 0.22256800532340995 -0.0033400000538676964
v 0.17260700464248654 0.2228049933910369 -0.0032520000822842112
v 0.17254699766635892 0.22331200540065757 -0.0029959999956190577
v 0.17253099381923673 0.22336299717426292 -0.0029660000000149003
v 0.17231799662113187 0.22374099493026725 -0.00269800005480647
v 0.17374899983406064 0.22865700721740714 -0.001761000021360814
v 0.1720830053091049 0.22395800054073325 -0.002495999913662671
v 0.17194400727748868 0.22404299676418296 -0.0023980000987648955
v 0.17146700620651242 0.22418899834156028 -0.0021269998978823415
v 0.17134700715541837 0.22419799864292136 -0.002070999937132
v 0.17093800008296964 0.22416000068187705 -0.001907999976538121
v 0.17053100466728208 0.22401200234889976 -0.0017849999712780111
v 0.17043200135231015 0.22395700216293327 -0.001761000021360814
v 0.1694270074367523 0.2317049950361251 -8.800000068731603e-05
v 0.1704210042953491 0.22395099699497215 -0.0017579999985173338
v 0.1699859946966171 0.22358499467372886 -0.001689999946393072
v 0.16987100243568418 0.22343799471855155 -0.001685000024735927
v 0.16968500614166257 0.22310599684715263 -0.0017040000529959791
v 0.033491998910903924 0.02986299991607665 -0.0017519999528303736
v 0.03321800008416175 0.029651999473571767 -0.0017040000529959791
v 0.025031000375747677 0.027009999379515637 -8.800000068731603e-05
v 0.03296799957752227 0.0293659996241331 -0.001685000024735927
v 0.03286800161004066 0.029208000749349584 -0.001689999946393072
v 0.03266900032758712 0.028674999251961698 -0.0017579999985173338
v 0.03266699984669685 0.028663000091910352 -0.001761000021360814
v 0.011396000161767004 0.03662899881601332 -0.002675000112503766
v 0.014388999901711939 0.040392000228166566 -0.0024989999365061513
v 0.015301999635994433 0.03387299925088881 -0.0005830000154674051
v 0.014835000038146971 0.04018900170922278 -0.0022150001022964707
v 0.015128999948501585 0.04014800116419791 -0.002070999937132
v 0.01535299979150295 0.040155999362468706 -0.001975999912247061
v 0.015882000327110287 0.0403040014207363 -0.0018009999766945832
v 0.015945000573992726 0.04033400118350981 -0.0017849999712780111
v 0.016351999714970585 0.04061999917030333 -0.0017040000529959791
v 0.016604999080300328 0.04090899974107741 -0.001685000024735927
v 0.016855999827384945 0.041414000093936906 -0.0017259999876841896
v 0.15159299969673154 0.23430499434471122 -0.0022980000358074895
v 0.016939999535679814 0.041960000991821275 -0.0018459999701008194
v 0.01685100048780441 0.042488999664783464 -0.0020399999339133492
v 0.01682600006461143 0.04255399852991103 -0.002070999937132
v 0.016598999500274655 0.04293899983167647 -0.0022980000358074895
v 0.15129600465297696 0.23445999622344962 -0.002495999913662671
v 0.016352999955415722 0.043166998773813234 -0.002495999913662671
v 0.15108199417591092 0.23465299606323234 -0.0026769998949021092
v 0.15117199718952176 0.23455999791622154 -0.002594999969005584
v 0.15203200280666349 0.2342199981212615 -0.002070999937132
v 0.016924999654293057 0.041724000126123414 -0.0017849999712780111
v 0.152101993560791 0.23421899974346153 -0.0020399999339133492
v 0.1526290029287338 0.23431299626827232 -0.0018459999701008194
v 0.1528470069169998 0.23440599441528312 -0.0017849999712780111
v 0.15311600267887113 0.23457500338554374 -0.0017259999876841896
v 0.15350799262523648 0.2349810004234313 -0.001685000024735927
v 0.15969899296760556 0.23856799304485313 -0.0005830000154674051
v 0.15369500219821927 0.2353159934282302 -0.0017040000529959791
v 0.15382699668407437 0.23579500615596763 -0.0017849999712780111
v 0.15383499860763547 0.23586499691009513 -0.0018009999766945832
v 0.15379700064659116 0.23641300201416007 -0.001975999912247061
v 0.15372900664806363 0.23662599921226493 -0.002070999937132
v 0.1535920053720474 0.23688900470733634 -0.0022150001022964707
v 0.15579299628734586 0.24132299423217765 -0.002675000112503766
v 0.014243000186979769 0.042575001716613756 -0.003484999993816017
v 0.014054000377655028 0.042252000421285615 -0.0034580000210553395
v 0.00897799991071224 0.038334999233484254 -0.005625999998301266
v 0.1532510071992874 0.2372419983148574 -0.0024989999365061513
v 0.15300400555133817 0.23737500607967368 -0.0026769998949021092
v 0.1533740013837814 0.24302899837493888 -0.005625999998301266
v 0.15281200408935544 0.23743399977684013 -0.0028029999230056992
v 0.15254500508308408 0.23746100068092338 -0.0029660000000149003
v 0.152318999171257 0.23744100332260124 -0.0030920000281184903
v 0.15182699263095853 0.2372660040855407 -0.0033219999168068158
v 0.15177999436855313 0.23723900318145744 -0.0033400000538676964
v 0.1513859927654266 0.23693299293518058 -0.0034580000210553395
v 0.1511459946632385 0.23664699494838706 -0.003484999993816017
v 0.15103900432586667 0.2364809960126876 -0.00347699993290007
v 0.1507720053195953 0.2354329973459243 -0.0031709999311715356
v 0.15080000460147855 0.23585000634193412 -0.0033400000538676964
v 0.15082499384880063 0.2359610050916671 -0.0033750000875443207
v 0.015643000602722164 0.043388999998569475 -0.0029660000000149003
v 0.015261000022292135 0.04333399981260298 -0.0031709999311715356
v 0.15084800124168393 0.23505499958991996 -0.0029660000000149003
v 0.01610000059008598 0.04330400004982947 -0.0026769998949021092
v 0.015754999592900273 0.04338499903678893 -0.002898999955505132
v 0.01621799916028976 0.043249998241662965 -0.002594999969005584
v 0.1508899927139282 0.2349510043859481 -0.002898999955505132
v 0.014878000132739542 0.043166998773813234 -0.0033400000538676964
v 0.014781000092625616 0.043106999248266206 -0.0033750000875443207
v 0.014364000409841536 0.04273099824786185 -0.00347699993290007
v 0.013898000121116636 0.04177799820899962 -0.0033400000538676964
v 0.013887999579310415 0.0417249985039234 -0.0033219999168068158
v 0.013887999579310415 0.041202999651432023 -0.0030920000281184903
v 0.013945000246167181 0.04098299890756606 -0.0029660000000149003
v 0.014061000198125837 0.04074199870228766 -0.0028029999230056992
v 0.01417999994009733 0.040580000728368745 -0.0026769998949021092
v 0.018875999376177784 0.03135199844837187 -0.01672399975359439
v 0.16327199339866635 0.2360469996929168 -0.01672399975359439
v 0.023848999291658398 0.027844000607728948 -0.016635999083518975
v 0.16824500262737271 0.23253899812698356 -0.016635999083518975
v 0.0283879991620779 0.024641999974846833 -0.015254000201821322
v 0.17278499901294705 0.2293370068073272 -0.015254000201821322
v 0.035330001264810555 0.027699999511241902 -0.013015000149607655
v 0.03508900105953216 0.027412999421358098 -0.01304200012236833
v 0.03179400041699409 0.022238999605178826 -0.012792999856173989
v 0.03469600155949592 0.027107000350952138 -0.013159999623894686
v 0.034648999571800225 0.027079999446868886 -0.013178000226616854
v 0.03415700048208236 0.02690500020980834 -0.013407999649643893
v 0.03393099829554557 0.026884999126195897 -0.01353400014340877
v 0.03366399928927421 0.026913000270724286 -0.013697000220417971
v 0.033224001526832574 0.027104999870061864 -0.014000999741256232
v 0.03288400173187255 0.02745700068771838 -0.0142850000411272
v 0.032747000455856316 0.027720000594854344 -0.01442900020629167
v 0.03267899900674819 0.02793399989604949 -0.014523999765515322
v 0.03264100104570388 0.028480999171733846 -0.014698999933898444
v 0.03264899924397468 0.028550999239087094 -0.014715000055730338
v 0.03278100118041038 0.029030999168753614 -0.01479599997401237
v 0.03296799957752227 0.0293659996241331 -0.0148149998858571
v 0.17211200296878812 0.2216159999370574 -0.0130230002105236
v 0.1716949939727783 0.22123999893665305 -0.013124999590218062
v 0.17159800231456754 0.22117899358272544 -0.013159999623894686
v 0.17121499776840207 0.221011996269226 -0.013329000212252135
v 0.1708330065011978 0.2209569960832595 -0.01353400014340877
v 0.17072099447250363 0.22096200287342063 -0.013601000420749182
v 0.1702580004930496 0.2210970073938369 -0.013904999941587443
v 0.17012299597263333 0.22118000686168662 -0.014004000462591643
v 0.1698769927024841 0.2214079946279525 -0.014201999641954894
v 0.16965000331401822 0.22179199755191795 -0.01442900020629167
v 0.16962499916553495 0.2218579947948455 -0.014460000209510321
v 0.1695359945297241 0.2223860025405883 -0.014654000289738173
v 0.1695509999990463 0.22262300550937644 -0.014715000055730338
v 0.03362900018692016 0.02993999980390071 -0.014715000055730338
v 0.033845998346805566 0.030034000054001798 -0.014654000289738173
v 0.1761910021305084 0.22693400084972373 -0.012792999856173989
v 0.17223300039768216 0.22177100181579582 -0.013015000149607655
v 0.03336000069975852 0.02977200038731097 -0.014774000272154803
v 0.034373998641967766 0.03012700006365775 -0.014460000209510321
v 0.034444000571966164 0.030125999823212613 -0.01442900020629167
v 0.034882001578807824 0.030040999874472608 -0.014201999641954894
v 0.03517999872565269 0.029885999858379354 -0.014004000462591643
v 0.0353030003607273 0.02978600002825259 -0.013904999941587443
v 0.03558599948883056 0.029395999386906613 -0.013601000420749182
v 0.03562799841165542 0.029291000217199315 -0.01353400014340877
v 0.03570400178432464 0.028913000598549832 -0.013329000212252135
v 0.0356759987771511 0.028496000915765752 -0.013159999623894686
v 0.03565099835395812 0.02838500030338763 -0.013124999590218062
v 0.03543600067496299 0.027865000069141378 -0.0130230002105236
v 0.17059400677680966 0.22404299676418296 -0.014698999933898444
v 0.17112299799919126 0.22418999671936027 -0.014523999765515322
v 0.17053100466728208 0.22401200234889976 -0.014715000055730338
v 0.169620007276535 0.22293199598789207 -0.014774000272154803
v 0.16987100243568418 0.22343799471855155 -0.0148149998858571
v 0.17012399435043332 0.22372700273990623 -0.01479599997401237
v 0.17134700715541837 0.22419799864292136 -0.01442900020629167
v 0.1716399937868118 0.2241570055484771 -0.0142850000411272
v 0.17208699882030484 0.2239550054073333 -0.014000999741256232
v 0.17241500318050382 0.2236050069332122 -0.013697000220417971
v 0.17253099381923673 0.22336299717426292 -0.01353400014340877
v 0.1725880056619644 0.22314299643039695 -0.013407999649643893
v 0.1725880056619644 0.22262099385261527 -0.013178000226616854
v 0.17257800698280332 0.22256800532340995 -0.013159999623894686
v 0.17242200672626493 0.22209399938583366 -0.01304200012236833
v 0.033498000353574746 0.021036999300122254 -0.009798999875783917
v 0.17789499461650846 0.225731998682022 -0.009798999875783917
v 0.03362200036644935 0.020950000733137124 -0.007265999913215635
v 0.17801900207996366 0.22564500570297233 -0.007265999913215635
v 0.02009399980306625 0.030493000522255887 0.0003260000084992497
v 0.16448999941349027 0.23518800735473624 0.0003260000084992497
v 0.15276999771594998 0.2434549927711486 -0.008249999955296513
v 0.008373999968171118 0.03875999897718428 -0.008249999955296513
v 0.021857999265193936 -0.012384999543428418 0.0017500000540167087
v 0.01899899914860725 -0.016436999663710587 0.0017500000540167087
v 0.021857999265193936 -0.012384999543428418 -0.007050000131130216
v 0.01899899914860725 -0.016436999663710587 -0.007050000131130216
v -0.021857999265193936 0.012384999543428418 0.0017500000540167087
v -0.01899899914860725 0.016436999663710587 0.0017500000540167087
v -0.021857999265193936 0.012384999543428418 -0.007050000131130216
v -0.01899899914860725 0.016436999663710587 -0.007050000131130216
v 0.0002030000032391399 -0.025121999904513352 0.0017500000540167087
v -0.00473499996587634 -0.024671999737620347 0.0017500000540167087
v 0.0002030000032391399 -0.025121999904513352 -0.007050000131130216
v -0.00473499996587634 -0.024671999737620347 -0.007050000131130216
v -0.021654000505805012 -0.012737000361084935 0.0017500000540167087
v -0.02373399958014488 -0.008236000314354893 0.0017500000540167087
v -0.021654000505805012 -0.012737000361084935 -0.007050000131130216
v -0.02373399958014488 -0.008236000314354893 -0.007050000131130216
v -0.018681999295949932 0.01992199942469596 0.0017500000540167087
v -0.018681999295949932 0.01992199942469596 -0.007050000131130216
v -0.018410999327898022 0.01905000023543834 0.0017500000540167087
v -0.0183739997446537 0.018137000501155846 -0.007050000131130216
v -0.0183739997446537 0.018137000501155846 0.0017500000540167087
v -0.01857499964535236 0.01724600046873092 0.0017500000540167087
v -0.025034999474883076 0.010916999541223046 0.0017500000540167087
v -0.024121999740600582 0.010952999815344807 0.0017500000540167087
v -0.025034999474883076 0.010916999541223046 -0.007050000131130216
v -0.02325000055134296 0.011225000023841854 -0.007050000131130216
v -0.022476999089121815 0.01171300001442432 0.0017500000540167087
v -0.02325000055134296 0.011225000023841854 0.0017500000540167087
v 0.025034999474883076 -0.010916999541223046 0.0017500000540167087
v 0.024121999740600582 -0.010952999815344807 0.0017500000540167087
v 0.025034999474883076 -0.010916999541223046 -0.007050000131130216
v 0.02325000055134296 -0.011225000023841854 -0.007050000131130216
v 0.022476999089121815 -0.01171300001442432 0.0017500000540167087
v 0.02325000055134296 -0.011225000023841854 0.0017500000540167087
v 0.018681999295949932 -0.01992199942469596 0.0017500000540167087
v 0.018681999295949932 -0.01992199942469596 -0.007050000131130216
v 0.018410999327898022 -0.01905000023543834 0.0017500000540167087
v 0.0183739997446537 -0.018137000501155846 -0.007050000131130216
v 0.0183739997446537 -0.018137000501155846 0.0017500000540167087
v 0.01857499964535236 -0.01724600046873092 0.0017500000540167087
v 0.0013760000001639126 -0.025441000238060944 -0.007050000131130216
v 0.0030630000401288267 -0.027139000594615926 -0.007050000131130216
v 0.0030630000401288267 -0.027139000594615926 0.0017500000540167087
v 0.0025750000495463605 -0.026366999372839917 0.0017500000540167087
v 0.0023699998855590816 -0.026141000911593427 -0.007050000131130216
v 0.001903999946080148 -0.025746999308466904 0.0017500000540167087
v 0.0010949999559670685 -0.025322999805212014 0.0017500000540167087
v -0.007911999709904192 -0.02614000067114829 0.0017500000540167087
v -0.007911999709904192 -0.02614000067114829 -0.007050000131130216
v -0.007292000111192464 -0.025468999519944184 0.0017500000540167087
v -0.00651999982073903 -0.024980999529361718 -0.007050000131130216
v -0.00651999982073903 -0.024980999529361718 0.0017500000540167087
v -0.005648000165820121 -0.02470899932086467 0.0017500000540167087
v -0.021972000598907467 -0.016223000362515443 -0.007050000131130216
v -0.021972000598907467 -0.016223000362515443 0.0017500000540167087
v -0.02154700085520744 -0.015413999557495112 0.0017500000540167087
v -0.02134599909186363 -0.014522000215947623 -0.007050000131130216
v -0.0213830005377531 -0.013608999550342555 0.0017500000540167087
v -0.02134599909186363 -0.014522000215947623 0.0017500000540167087
v -0.0265939999371767 -0.006217999849468468 0.0017500000540167087
v -0.0265939999371767 -0.006217999849468468 -0.007050000131130216
v -0.025702999904751774 -0.006419000215828417 0.0017500000540167087
v -0.024893999099731442 -0.006843999959528444 -0.007050000131130216
v -0.024893999099731442 -0.006843999959528444 0.0017500000540167087
v -0.024222999811172482 -0.007462999783456323 0.0017500000540167087
v -0.01961099915206432 0.013833999633789057 -0.006250000093132256
v -0.01961099915206432 0.013833999633789057 -0.007050000131130216
v -0.016307000070810315 0.017610000446438782 -0.006250000093132256
v -0.016307000070810315 0.017610000446438782 -0.007050000131130216
v -0.01228899974375963 0.020615000277757638 -0.006250000093132256
v -0.01228899974375963 0.020615000277757638 -0.007050000131130216
v -0.007734000217169522 0.022719999775290482 -0.006250000093132256
v -0.007734000217169522 0.022719999775290482 -0.007050000131130216
v -0.0028419999871402975 0.023831000551581376 -0.006250000093132256
v -0.0028419999871402975 0.023831000551581376 -0.007050000131130216
v 0.00217500003054738 0.023901000618934624 -0.006250000093132256
v 0.00217500003054738 0.023901000618934624 -0.007050000131130216
v 0.007096999790519475 0.022926999256014817 -0.006250000093132256
v 0.007096999790519475 0.022926999256014817 -0.007050000131130216
v 0.011708999983966349 0.020950000733137124 -0.006250000093132256
v 0.011708999983966349 0.020950000733137124 -0.007050000131130216
v 0.015808999538421627 0.018058000132441514 -0.006250000093132256
v 0.015808999538421627 0.018058000132441514 -0.007050000131130216
v 0.01921799965202808 0.014376999810338015 -0.006250000093132256
v 0.01921799965202808 0.014376999810338015 -0.007050000131130216
v 0.0217870008200407 0.01006700005382299 -0.006250000093132256
v 0.0217870008200407 0.01006700005382299 -0.007050000131130216
v 0.023404000326991078 0.005317000206559895 -0.006250000093132256
v 0.023404000326991078 0.005317000206559895 -0.007050000131130216
v 0.02399799972772598 0.00033499998971819867 -0.006250000093132256
v 0.02399799972772598 0.00033499998971819867 -0.007050000131130216
v 0.023543000221252438 -0.004662000108510254 -0.006250000093132256
v 0.023543000221252438 -0.004662000108510254 -0.007050000131130216
v 0.022058999165892598 -0.009455000050365921 -0.006250000093132256
v 0.022058999165892598 -0.009455000050365921 -0.007050000131130216
v 0.01961099915206432 -0.013833999633789057 -0.006250000093132256
v 0.01961099915206432 -0.013833999633789057 -0.007050000131130216
v 0.016307000070810315 -0.017610000446438782 -0.006250000093132256
v 0.016307000070810315 -0.017610000446438782 -0.007050000131130216
v 0.01228899974375963 -0.020615000277757638 -0.006250000093132256
v 0.01228899974375963 -0.020615000277757638 -0.007050000131130216
v 0.007734000217169522 -0.022719999775290482 -0.006250000093132256
v 0.007734000217169522 -0.022719999775290482 -0.007050000131130216
v 0.0028419999871402975 -0.023831000551581376 -0.006250000093132256
v 0.0028419999871402975 -0.023831000551581376 -0.007050000131130216
v -0.00217500003054738 -0.023901000618934624 -0.006250000093132256
v -0.00217500003054738 -0.023901000618934624 -0.007050000131130216
v -0.007096999790519475 -0.022926999256014817 -0.006250000093132256
v -0.007096999790519475 -0.022926999256014817 -0.007050000131130216
v -0.011708999983966349 -0.020950000733137124 -0.006250000093132256
v -0.011708999983966349 -0.020950000733137124 -0.007050000131130216
v -0.015808999538421627 -0.018058000132441514 -0.006250000093132256
v -0.015808999538421627 -0.018058000132441514 -0.007050000131130216
v -0.01921799965202808 -0.014376999810338015 -0.006250000093132256
v -0.01921799965202808 -0.014376999810338015 -0.007050000131130216
v -0.0217870008200407 -0.01006700005382299 -0.006250000093132256
v -0.0217870008200407 -0.01006700005382299 -0.007050000131130216
v -0.023404000326991078 -0.005317000206559895 -0.006250000093132256
v -0.023404000326991078 -0.005317000206559895 -0.007050000131130216
v -0.02399799972772598 -0.00033499998971819867 -0.006250000093132256
v -0.02399799972772598 -0.00033499998971819867 -0.007050000131130216
v -0.023543000221252438 0.004662000108510254 -0.006250000093132256
v -0.023543000221252438 0.004662000108510254 -0.007050000131130216
v -0.022058999165892598 0.009455000050365921 -0.006250000093132256
v -0.022058999165892598 0.009455000050365921 -0.007050000131130216
v 0.015184000134468077 0.04470200091600417 -0.01269000023603439
v 0.014837999828159807 0.04467700049281119 -0.012435000389814373
v 0.017421999946236607 0.048287000507116304 -0.012465000152587887
v 0.03701800107955932 0.029299000278115262 -0.003809999907389282
v 0.037133999168872826 0.028811000287532796 -0.004172999877482651
v 0.03972899913787841 0.03255100175738333 -0.004137999843806027
v 0.04092900082468986 0.03170499950647353 -0.006242000032216309
v 0.037144999951124184 0.028457000851631154 -0.00439999997615814
v 0.037106998264789574 0.028118999674916257 -0.004585999995470045
v 0.03697200119495391 0.02762800082564353 -0.004794999957084654
v 0.03672999888658523 0.02711299993097781 -0.004923000000417231
v 0.036554001271724694 0.026837000623345365 -0.004941999912261961
v 0.03343499824404716 0.021082000806927674 -0.006242000032216309
v 0.03582299873232841 0.02607700042426585 -0.004738999996334313
v 0.03528700023889541 0.02576199918985366 -0.004439000040292738
v 0.037760000675916665 0.03393999859690665 -0.0023159999400377265
v 0.03631599992513656 0.03020700067281722 -0.0029349999967962495
v 0.03654799982905387 0.030014999210834493 -0.003152000019326805
v 0.032336998730897897 0.02754399925470351 -0.001913000014610588
v 0.03230800107121467 0.028017999604344358 -0.0017669999506324523
v 0.027662999927997586 0.02515400014817714 -0.0009019999997690317
v 0.03245700150728225 0.02883099950850009 -0.0016049999976530667
v 0.032508000731468194 0.02896600030362605 -0.0015889999922364946
v 0.03307300060987472 0.02982099913060664 -0.0015750000020489092
v 0.03372000157833099 0.03030399978160857 -0.0016890000551939004
v 0.035156000405549996 0.03577699884772299 -0.0009019999997690317
v 0.03407400101423263 0.0304610002785921 -0.0017829999560490244
v 0.034474998712539666 0.03057200089097022 -0.0019140000222250813
v 0.03528200089931487 0.03060000017285346 -0.0022589999716728917
v 0.03538699820637702 0.030584000051021566 -0.0023129999171942464
v 0.0347750000655651 0.025605000555515282 -0.004093000199645756
v 0.03443500027060508 0.025573000311851495 -0.003843999933451413
v 0.03223500028252601 0.02192799933254718 -0.004137999843806027
v 0.03485200181603431 0.02562000043690204 -0.00414799991995096
v 0.03290199860930442 0.02628999948501586 -0.0025810000952333203
v 0.030265999957919117 0.023316999897360795 -0.0023159999400377265
v 0.03359000012278556 0.025760000571608536 -0.0031789999920874825
v 0.03366699814796447 0.025724999606609338 -0.0032420000061392775
v 0.0327560007572174 0.026479000225663175 -0.002440999960526823
v 0.03262199833989143 0.02669600024819373 -0.0023030000738799563
v 0.032448001205921166 0.027089999988675107 -0.002096999902278184
v 0.034276999533176415 0.030525999143719663 -0.014654000289738173
v 0.03365200012922286 0.03026599995791911 -0.01482699997723102
v 0.034857001155614846 0.035987999290227876 -0.01571699976921081
v 0.03344500064849853 0.030136000365018834 -0.014870000071823592
v 0.032795000821352 0.02948799915611743 -0.014941000379621977
v 0.0273630004376173 0.025365000590682023 -0.01571699976921081
v 0.03250600025057792 0.028960000723600377 -0.014910000376403327
v 0.03234700113534927 0.0284070000052452 -0.014824000187218184
v 0.03248099982738494 0.027000000700354566 -0.014360000379383559
v 0.030022999271750447 0.02348900027573108 -0.014352000318467612
v 0.032414000481367104 0.027199000120162953 -0.014450999908149237
v 0.03230800107121467 0.02801300026476382 -0.014732000418007369
v 0.03602600097656249 0.030379999428987493 -0.01379300002008676
v 0.037516001611948006 0.03411199897527693 -0.014352000318467612
v 0.03640300035476684 0.030141999945044507 -0.013488999567925925
v 0.0395589992403984 0.03267100080847739 -0.012567000463604924
v 0.036623001098632806 0.029937999323010434 -0.01326800044625997
v 0.03705300018191337 0.029196999967098226 -0.012609000317752358
v 0.03506699949502944 0.03061700053513049 -0.014344999566674227
v 0.03503400087356567 0.030618000775575627 -0.014360000379383559
v 0.034830000251531594 0.030615000054240216 -0.014449000358581538
v 0.036554001271724694 0.026837000623345365 -0.011557999998331066
v 0.033348999917507165 0.02114300057291984 -0.010484999977052208
v 0.03611399978399276 0.02632400020956992 -0.011641000397503373
v 0.035976998507976525 0.026200000196695317 -0.011692999862134453
v 0.03675799816846847 0.02716200053691863 -0.011584999971091744
v 0.03692800179123878 0.027514999732375135 -0.01166800037026405
v 0.040842998772859566 0.031764999032020555 -0.010484999977052208
v 0.03711099922657012 0.02814199961721896 -0.011926000006496903
v 0.0371359996497631 0.02833399921655654 -0.012028999626636502
v 0.037071999162435525 0.029133999720215787 -0.012559999711811539
v 0.032900001853704446 0.02629300020635127 -0.013921000063419337
v 0.03301399946212768 0.026170000433921804 -0.013815999962389464
v 0.032065000385046 0.022048000246286385 -0.012567000463604924
v 0.03358599916100501 0.02576199918985366 -0.013323999941349024
v 0.0340219996869564 0.025614000856876366 -0.01297300029546022
v 0.03443099930882453 0.025573000311851495 -0.012659000232815739
v 0.03459399938583373 0.025580000132322304 -0.012536999769508835
v 0.035197999328374856 0.025724999606609338 -0.01211799960583448
v 0.017258999869227406 0.042530000209808336 -0.0018459999701008194
v 0.017224000766873356 0.04185499995946883 -0.0016730000497773283
v 0.02236099913716316 0.044803000986576066 -0.0007249999907799063
v 0.017170000821352 0.04161699861288069 -0.001629999955184757
v 0.01677799969911575 0.04078700020909308 -0.0015589999966323371
v 0.014867999590933321 0.03418000042438506 -0.0007249999907799063
v 0.016377000138163563 0.040337000042200075 -0.001589999999850988
v 0.015909999608993527 0.04000199958682059 -0.0016759999562054866
v 0.015552000142633913 0.039833001792430864 -0.0017679999582469457
v 0.014748999848961828 0.039659000933170305 -0.0020490000024437896
v 0.012180999852716921 0.036074999719858156 -0.002065999899059533
v 0.01653400063514709 0.04413000121712683 -0.0027069998905062667
v 0.019674999639391896 0.046698000282049165 -0.002065999899059533
v 0.01618400029838085 0.044404000043869005 -0.0030110001098364583
v 0.017596999183297154 0.04816399887204169 -0.003832000074908136
v 0.015917999669909474 0.0445440001785755 -0.003231999929994344
v 0.01707999967038631 0.04330600053071974 -0.002155000111088156
v 0.017147999256849285 0.04311199858784674 -0.00206499989144504
v 0.017157999798655506 0.04308199882507323 -0.0020510000176727763
v 0.013020000420510767 0.043437998741865144 -0.004941999912261961
v 0.008777000010013579 0.03847600147128104 -0.0059019997715949995
v 0.012684999965131281 0.04285199940204619 -0.004858999978750942
v 0.012613999657332895 0.04268100112676619 -0.0048070000484585745
v 0.013257999904453753 0.043740000575780855 -0.004914999939501284
v 0.01627000048756599 0.04909899830818175 -0.0059019997715949995
v 0.013532999902963637 0.044018000364303575 -0.004832000005990265
v 0.014062999747693537 0.04440100118517874 -0.004573999904096125
v 0.014235000126063822 0.04448899999260901 -0.004470999818295239
v 0.01507500000298023 0.04470000043511389 -0.0038910000585019575
v 0.01515000034123659 0.04470200091600417 -0.0038360001053661095
v 0.014712000265717505 0.03965799883008002 -0.0020639998838305465
v 0.013578999787569044 0.03987900167703627 -0.002683999948203563
v 0.010103000327944754 0.03754099830985068 -0.003832000074908136
v 0.0130019998177886 0.04028199985623358 -0.0031759999692440024
v 0.012717000208795069 0.040642999112606035 -0.0035270000807940947
v 0.012532999739050863 0.04103700071573256 -0.0038590000476688134
v 0.012427000328898428 0.04178800061345099 -0.00438199983909726
v 0.0161799993366003 0.049162998795509325 -0.010371999815106388
v 0.014348000288009642 0.044539000838994966 -0.012099999934434887
v 0.014042000286281107 0.0443889982998371 -0.011913999915122982
v 0.013624999672174452 0.044098000973463045 -0.011704999953508374
v 0.013221000321209429 0.043698001652955995 -0.011576999910175797
v 0.013020000420510767 0.043437998741865144 -0.011557999998331066
v 0.016991000622510907 0.043503001332283006 -0.014240999706089491
v 0.016938999295234677 0.043600998818874345 -0.0141839999705553
v 0.019427999854087826 0.046872001141309724 -0.014268999919295306
v 0.01627399958670139 0.044344998896121965 -0.013565000146627421
v 0.01601600088179111 0.04449899867177008 -0.013348000124096865
v 0.015100000426173208 0.03970300033688544 -0.014587000012397761
v 0.015557000413537024 0.03983499854803084 -0.014732999727129931
v 0.01456599961966276 0.034393001347780214 -0.015658000484108918
v 0.016272999346256253 0.04024799913167952 -0.014894999563693995
v 0.0163819994777441 0.04034100100398062 -0.014910999685525889
v 0.016999000683426854 0.04115999862551688 -0.014925000257790083
v 0.022059999406337735 0.04501499980688094 -0.015658000484108918
v 0.01723700016736984 0.04193099960684775 -0.014810999855399127
v 0.017265999689698216 0.042318001389503465 -0.014716999605298037
v 0.017235999926924702 0.042732000350952135 -0.014585999771952624
v 0.017020000144839283 0.04344300180673598 -0.014274000190198416
v 0.012550000101327894 0.042495001107454286 -0.011761000379920002
v 0.012431999668478964 0.041884001344442354 -0.01206099987030029
v 0.008685999549925326 0.038539998233318315 -0.010371999815106388
v 0.012455999851226805 0.04134900122880934 -0.012407000176608559
v 0.009928000159561632 0.037663999944925294 -0.012465000152587887
v 0.012469000183045862 0.0412749983370304 -0.012459999881684777
v 0.012539999559521673 0.041018001735210405 -0.012656000442802903
v 0.013729999773204325 0.039815001189708696 -0.013918999582529063
v 0.011934000067412852 0.036249000579118715 -0.014268999919295306
v 0.012999000027775763 0.040284998714923845 -0.013321000151336188
v 0.012941000051796435 0.04034499824047087 -0.01325799990445375
v 0.013956000097095965 0.03973999992012976 -0.01405899971723556
v 0.014380999840795992 0.03966499865055083 -0.014286000281572337
v 0.014635999687016009 0.03965499997138976 -0.014402999542653555
v 0.032097999006509774 0.03793400153517722 7.000000096013534e-06
v 0.024604000151157376 0.02731099911034106 7.000000096013534e-06
v 0.028793999925255772 0.0402650013566017 0.0003480000013951211
v 0.021300999447703358 0.029642000794410695 0.0003480000013951211
v 0.025473000481724736 0.04260800033807753 9.799999679671598e-05
v 0.017978999763727185 0.03198499977588652 9.799999679671598e-05
v 0.01578699983656406 0.04944000020623206 -0.00813299976289272
v 0.008294000290334223 0.03881699964404105 -0.00813299976289272
v 0.025135999545454975 0.04284499958157538 -0.016538999974727624
v 0.01764300093054771 0.03222199901938437 -0.016538999974727624
v 0.028446000069379803 0.04050999879837035 -0.01685000024735927
v 0.02095299959182739 0.02988700009882449 -0.01685000024735927
v 0.03176299855113029 0.038171000778675065 -0.016568999737501137
v 0.02426899969577789 0.02754800021648406 -0.016568999737501137
v 0.041280999779701226 0.03145600110292433 -0.008249999955296513
v 0.033787000924348824 0.02083300054073333 -0.008249999955296513
v 0.010482000187039374 -0.019107999280095093 0.004250000230967997
v 0.011498999781906603 -0.01760400086641311 0.004250000230967997
v 0.010482000187039374 -0.019107999280095093 0.004662000108510254
v 0.01148100011050701 -0.01764900051057338 0.005249999929219483
v 0.010455000214278696 -0.01913399994373321 0.004922000225633381
v 0.010994999669492243 -0.01851099915802478 0.005249999929219483
v 0.0103789996355772 -0.019205000251531594 0.005160000175237654
v 0.010332999750971792 -0.019246999174356454 0.005249999929219483
v 0.011831000447273253 -0.015602000057697291 0.004250000230967997
v 0.011250000447034834 -0.013656999915838236 0.004250000230967997
v 0.011276000179350374 -0.013705000281333918 0.005249999929219483
v 0.011667000129818915 -0.014646999537944788 0.005249999929219483
v 0.011834000237286089 -0.015652999281883233 0.005249999929219483
v 0.01177099999040365 -0.016671000048518174 0.005249999929219483
v 0.00987299997359514 -0.012165999971330162 0.004250000230967997
v 0.008039999753236769 -0.011440999805927273 0.004250000230967997
v 0.008039999753236769 -0.011440999805927273 0.005249999929219483
v 0.009022999554872511 -0.01171300001442432 0.005249999929219483
v 0.009920000098645685 -0.012199000455439087 0.005249999929219483
v 0.010684000328183172 -0.012875000014901158 0.005249999929219483
v 0.021788999438285824 -0.00047699999413453026 0.004250000230967997
v 0.020996000617742535 0.0011569999624043699 0.004250000230967997
v 0.021788999438285824 -0.00047699999413453026 0.004662000108510254
v 0.021025000140070912 0.001118000014685094 0.005249999929219483
v 0.021797999739646908 -0.000511999998707324 0.004922000225633381
v 0.021529000252485272 0.00026599998818710436 0.005249999929219483
v 0.02182199992239475 -0.0006140000186860559 0.005160000175237654
v 0.021834999322891232 -0.0006750000175088642 0.005249999929219483
v 0.01942699961364269 0.0024449999909847966 0.004250000230967997
v 0.01745199970901012 0.0029140000697225324 0.004250000230967997
v 0.017506999894976612 0.002913000062108039 0.005249999929219483
v 0.018518000841140744 0.0027799999807029954 0.005249999929219483
v 0.019472999498248097 0.0024220000486820928 0.005249999929219483
v 0.02032399922609329 0.0018589999526739114 0.005249999929219483
v 0.01547299977391958 0.002466999925673007 0.004250000230967997
v 0.01392799988389015 0.0012430000351741906 0.004250000230967997
v 0.01392799988389015 0.0012430000351741906 0.005249999929219483
v 0.014654999598860739 0.001958000008016824 0.005249999929219483
v 0.015525000169873236 0.0024920001160353413 0.005249999929219483
v 0.016491999849677082 0.0028150000143796197 0.005249999929219483
v 0.011307000182569025 0.018632000312209122 0.004250000230967997
v 0.00949599966406822 0.01876099966466426 0.004250000230967997
v 0.011307000182569025 0.018632000312209122 0.004662000108510254
v 0.009544000029563902 0.018766999244689934 0.005249999929219483
v 0.01134200021624565 0.0186219997704029 0.004922000225633381
v 0.010533999651670454 0.018778000026941292 0.005249999929219483
v 0.011443000286817549 0.01859099976718425 0.005160000175237654
v 0.01150199957191944 0.018572000786662095 0.005249999929219483
v 0.007596000097692012 0.018046999350190156 0.004250000230967997
v 0.006202999968081712 0.01657100021839141 0.004250000230967997
v 0.006231000181287526 0.016618000343441956 0.005249999929219483
v 0.006852000020444392 0.01742699928581714 0.005249999929219483
v 0.007639000192284583 0.01807600073516368 0.005249999929219483
v 0.008551999926567076 0.018530000001192086 0.005249999929219483
v 0.005599999800324439 0.014632999897003169 0.004250000230967997
v 0.0058880001306533805 0.012683999724686142 0.004250000230967997
v 0.0058880001306533805 0.012683999724686142 0.005249999929219483
v 0.005632000043988227 0.013670999556779856 0.005249999929219483
v 0.00560500007122755 0.014690999872982497 0.005249999929219483
v 0.005807999987155198 0.015690000727772706 0.005249999929219483
v -0.010482000187039374 0.019107999280095093 0.004662000108510254
v -0.010482000187039374 0.019107999280095093 0.004250000230967997
v -0.011498999781906603 0.01760400086641311 0.004250000230967997
v -0.010332999750971792 0.019246999174356454 0.005249999929219483
v -0.010424000211060045 0.019163999706506722 0.005044000223278998
v -0.010994999669492243 0.01851099915802478 0.005249999929219483
v -0.01148100011050701 0.01764900051057338 0.005249999929219483
v -0.011831000447273253 0.015602000057697291 0.004250000230967997
v -0.011250000447034834 0.013656999915838236 0.004250000230967997
v -0.011276000179350374 0.013705000281333918 0.005249999929219483
v -0.011667000129818915 0.014646999537944788 0.005249999929219483
v -0.011834000237286089 0.015652999281883233 0.005249999929219483
v -0.01177099999040365 0.016671000048518174 0.005249999929219483
v -0.00987299997359514 0.012165999971330162 0.004250000230967997
v -0.008039999753236769 0.011440999805927273 0.004250000230967997
v -0.008039999753236769 0.011440999805927273 0.005249999929219483
v -0.009022999554872511 0.01171300001442432 0.005249999929219483
v -0.009920000098645685 0.012199000455439087 0.005249999929219483
v -0.010684000328183172 0.012875000014901158 0.005249999929219483
v -0.021788999438285824 0.00047699999413453026 0.004662000108510254
v -0.021788999438285824 0.00047699999413453026 0.004250000230967997
v -0.020996000617742535 -0.0011569999624043699 0.004250000230967997
v -0.02129299938678741 -0.000719000003300607 0.005249999929219483
v -0.021834999322891232 0.0006750000175088642 0.005249999929219483
v -0.02182199992239475 0.0006140000186860559 0.005160000175237654
v -0.021797999739646908 0.000511999998707324 0.004922000225633381
v -0.021025000140070912 -0.001118000014685094 0.005249999929219483
v -0.02032399922609329 -0.001857999945059418 0.005249999929219483
v -0.019472999498248097 -0.0024220000486820928 0.005249999929219483
v -0.019472999498248097 -0.0024220000486820928 0.004250000230967997
v -0.019035000354051586 -0.0026169999036937943 0.005249999929219483
v -0.01942699961364269 -0.0024449999909847966 0.004250000230967997
v -0.017568999901413914 -0.0029120000544935456 0.005249999929219483
v -0.017506999894976612 -0.002913000062108039 0.004250000230967997
v -0.01745199970901012 -0.0029140000697225324 0.004250000230967997
v -0.016086999326944348 -0.0027089999057352534 0.005249999929219483
v -0.01547299977391958 -0.002466999925673007 0.004250000230967997
v -0.015525000169873236 -0.0024920001160353413 0.005249999929219483
v -0.01392799988389015 -0.0012430000351741906 0.004250000230967997
v -0.01392799988389015 -0.0012430000351741906 0.005249999929219483
v -0.014752999879419802 -0.0020330001134425393 0.005249999929219483
v -0.011307000182569025 -0.018632000312209122 0.004662000108510254
v -0.011307000182569025 -0.018632000312209122 0.004250000230967997
v -0.00949599966406822 -0.01876099966466426 0.004250000230967997
v -0.010023999959230421 -0.01879999972879886 0.005249999929219483
v -0.01150199957191944 -0.018572000786662095 0.005249999929219483
v -0.011443000286817549 -0.01859099976718425 0.005160000175237654
v -0.01134200021624565 -0.0186219997704029 0.004922000225633381
v -0.009544000029563902 -0.018766999244689934 0.005249999929219483
v -0.008553000167012213 -0.018530000001192086 0.005249999929219483
v -0.007639000192284583 -0.01807600073516368 0.005249999929219483
v -0.007639000192284583 -0.01807600073516368 0.004250000230967997
v -0.0072510000318288794 -0.017792999744415276 0.005249999929219483
v -0.007596000097692012 -0.018046999350190156 0.004250000230967997
v -0.006262999959290027 -0.016671000048518174 0.005249999929219483
v -0.006231000181287526 -0.016618000343441956 0.004250000230967997
v -0.006202999968081712 -0.01657100021839141 0.004250000230967997
v -0.005696999840438365 -0.015286999754607672 0.005249999929219483
v -0.005599999800324439 -0.014632999897003169 0.004250000230967997
v -0.00560500007122755 -0.014690999872982497 0.005249999929219483
v -0.0058880001306533805 -0.012683999724686142 0.004250000230967997
v -0.0058880001306533805 -0.012683999724686142 0.005249999929219483
v -0.005615999922156333 -0.01379300002008676 0.005249999929219483
v 0.03618299961090087 -0.0047989999875426275 -0.01824999973177909
v 0.03618299961090087 -0.0047989999875426275 0.0017500000540167087
v 0.035716000944375985 -0.007522999774664638 -0.01824999973177909
v 0.035719998180866235 -0.007507000118494031 0.0017500000540167087
v 0.035045001655817025 -0.010204000398516651 -0.01824999973177909
v 0.035045001655817025 -0.010204000398516651 0.0017500000540167087
v 0.02560999989509582 0.026008000597357743 0.0017500000540167087
v 0.027822000905871388 0.023625999689102166 0.0017500000540167087
v 0.026971999555826184 0.024591999128460877 0.0012690000003203745
v 0.02823800034821033 0.02312700077891349 0.0006309999735094605
v 0.03021599911153316 0.02047500014305114 0.0017500000540167087
v 0.029317000880837437 0.021742999553680413 -0.00011500000255182381
v 0.03279000148177146 0.01603299938142299 -0.009049000218510624
v 0.032809998840093606 0.015992000699043267 -0.007935999892652031
v 0.03281199932098388 0.01598799973726272 -0.019249999895691865
v 0.0321660004556179 0.017250999808311455 -0.012273999862372872
v 0.03248099982738494 0.016650000587105744 -0.011185999959707257
v 0.032678000628948205 0.016261000186204903 -0.01014900021255016
v 0.030675999820232388 0.019779000431299203 -0.01502200029790401
v 0.03126100078225135 0.018842000514268868 -0.014192000031471247
v 0.03176800161600112 0.017973000183701508 -0.013255000114440913
v 0.03273899853229522 0.016135999932885163 -0.006841000169515607
v 0.03258299827575683 0.016450999304652207 -0.00578700006008148
v 0.03281199932098388 0.01598799973726272 0.0017500000540167087
v 0.03234900161623954 0.016906000673770898 -0.004803999792784451
v 0.031982999294996255 0.01758700050413608 -0.00373800005763769
v 0.03153999894857406 0.018370000645518296 -0.002792000072076916
v 0.03225599974393844 0.01708300039172172 0.0017500000540167087
v 0.030953999608755108 0.01934199966490268 -0.0018459999701008194
v 0.030285000801086422 0.02037400007247924 -0.0010199999669566746
v 0.029689999297261235 0.021230999380350106 -0.0004320000007282941
v 0.027774000540375706 0.02368300035595893 -0.017389999702572816
v 0.02968399971723556 0.02123999968171119 -0.019249999895691865
v 0.026565000414848324 0.025031000375747674 -0.017931999638676636
v 0.025722999125719067 0.025895999744534486 -0.019249999895691865
v 0.025725999847054478 0.025893000885844224 -0.01821600086987018
v 0.02889499999582767 0.022300999611616128 -0.0167040005326271
v 0.029686000198125836 0.02123600058257579 -0.01607099920511245
v 0.029835000634193417 0.021026000380516045 -0.0159350000321865
v 0.02104000002145767 0.029826000332832326 -0.019249999895691865
v 0.02104000002145767 0.029826000332832326 -0.018850000575184815
v 0.023505000397562977 0.027923999354243268 -0.01868899911642074
v 0.025090999901294705 0.02650799974799155 -0.018387999385595315
v 0.018301000818610188 0.031580001115798936 -0.018673999235033982
v 0.015767000615596768 0.032919000834226594 -0.019249999895691865
v 0.016271999105811116 0.032671999186277376 -0.01833000034093856
v 0.010648000054061411 0.03491200134158133 -0.01638399995863437
v 0.012315000407397745 0.03435999900102614 -0.0171310007572174
v 0.010052000172436236 0.03508900105953215 -0.019249999895691865
v 0.01429300010204315 0.03358500078320502 -0.017821999266743653
v 0.01576299965381622 0.03292100131511687 -0.01821600086987018
v 0.00435600010678172 0.036238998174667345 -0.006353999953716992
v 0.00410499982535839 0.03626799955964087 -0.00745100015774369
v 0.004054000135511159 0.03627400100231169 0.0017500000540167087
v 0.004788999911397695 0.03618400171399115 -0.005313999950885771
v 0.007267999928444623 0.035769000649452196 -0.0023040000814944497
v 0.006275000050663947 0.035957001149654375 -0.0032450000289827577
v 0.005460999906063079 0.036088999360799776 -0.004226000048220156
v 0.010052000172436236 0.03508900105953215 0.0017500000540167087
v 0.00980900041759014 0.03515699878334998 -0.0005600000149570403
v 0.009151999838650225 0.0353339985013008 0.0017500000540167087
v 0.008342999964952467 0.03553399816155432 -0.0014779999619349833
v 0.005272999871522187 0.036116998642683015 0.0017500000540167087
v 0.004058999940752982 0.03627400100231169 -0.008561000227928158
v 0.004219000227749347 0.03625499829649924 -0.00965899974107742
v 0.004054000135511159 0.03627400100231169 -0.019249999895691865
v 0.004565999843180179 0.03621299937367438 -0.010711000300943848
v 0.005075000226497649 0.036145001649856554 -0.01169599965214729
v 0.0058360002003610125 0.036029998213052736 -0.012757999822497364
v 0.006725999992340802 0.03587500005960463 -0.013708000071346755
v 0.007844000123441218 0.035647001117467866 -0.014658999629318709
v 0.009034000337123869 0.03536399826407431 -0.015479999594390387
v 0.010041999630630015 0.035091999918222413 -0.01606800034642219
v 0.015909999608993527 0.03285000100731848 0.0017500000540167087
v 0.014669000171124933 0.03342200070619582 0.0014319999609142538
v 0.01292499992996454 0.03413499891757964 0.0017500000540167087
v 0.012984000146389006 0.03411300107836722 0.000887000001966953
v 0.011315999552607535 0.03470100089907645 0.00020399999630171797
v 0.03645500168204307 -0.001811000052839517 0.0017500000540167087
v 0.03645500168204307 -0.001811000052839517 -0.019249999895691865
v 0.036449000239372246 0.0019359999569132918 0.0017500000540167087
v 0.03624600172042846 0.004298000130802391 -0.019249999895691865
v 0.03502000123262405 0.010286999866366383 0.0017500000540167087
v 0.035176999866962426 0.009736999869346615 0.0017500000540167087
v 0.03502000123262405 0.010286999866366383 -0.019249999895691865
v 0.03602499887347221 0.005870999768376349 0.0017500000540167087
v 0.03624600172042846 0.004298000130802391 0.0017500000540167087
v 0.03391600027680396 0.013488999567925925 0.0017500000540167087
v 0.0013310000067576764 0.03647600114345549 0.0017500000540167087
v -0.0020560000557452436 0.03644200041890143 -0.019249999895691865
v -0.008109999820590017 0.03558799996972083 0.0017500000540167087
v -0.0065540000796318046 0.03590700030326842 0.0017500000540167087
v -0.008109999820590017 0.03558799996972083 -0.019249999895691865
v -0.0026269999798387285 0.036405000835657106 0.0017500000540167087
v -0.0020560000557452436 0.03644200041890143 0.0017500000540167087
v -0.010402999818325041 0.03498600050806998 0.0017500000540167087
v -0.01393499970436096 0.03373499959707259 -0.019249999895691865
v -0.01393499970436096 0.03373499959707259 0.0017500000540167087
v -0.01665900088846683 0.03247699886560439 0.0017500000540167087
v -0.01665900088846683 0.03247699886560439 -0.01824999973177909
v -0.019053999334573742 0.03113199956715106 0.0017500000540167087
v -0.01906800083816051 0.031122999265789975 -0.01824999973177909
v -0.021368000656366345 0.029590999707579602 0.0017500000540167087
v -0.021368000656366345 0.029590999707579602 -0.01824999973177909
v 0.030572000890970227 -0.011028000153601166 -0.018860999494791024
v 0.03069600090384483 -0.010677999816834923 -0.019217999652028077
v 0.03082500025629997 -0.010824000462889668 -0.019174000248312943
v 0.03082500025629997 -0.011273999698460099 -0.018805999308824532
v 0.030443999916315075 -0.011376000009477135 -0.018502999097108834
v 0.030922999605536457 -0.01115899998694658 -0.018957000225782387
v 0.03093600086867809 -0.011087000370025631 -0.019022999331355088
v 0.030923999845981594 -0.0110060004517436 -0.01908100023865699
v -0.020643999800086018 0.025101000443100922 -0.018860999494791024
v -0.020355999469757077 0.02533500082790851 -0.019217999652028077
v -0.020155999809503552 0.0254950001835823 -0.019249999895691865
v 0.03105700016021728 -0.009577999822795388 -0.01824999973177909
v 0.03043200075626373 -0.011408000253140923 -0.01824999973177909
v 0.031955000013113015 -0.005923999939113854 -0.019249999895691865
v 0.03077900037169456 -0.010435000061988827 -0.019249999895691865
v -0.011145999655127524 0.030528999865055074 -0.019249999895691865
v -0.011145999655127524 0.030528999865055074 -0.01824999973177909
v -0.012360000051558016 0.03005800023674964 -0.01824999973177909
v -0.016300000250339505 0.028116999194025983 -0.019249999895691865
v -0.01602699980139732 0.02827399969100951 -0.01824999973177909
v -0.016300000250339505 0.028116999194025983 -0.01824999973177909
v -0.01944099925458431 0.026043999940156926 -0.01824999973177909
v -0.020955000072717663 0.024841999635100358 -0.01824999973177909
v -0.020929999649524685 0.024863999336957925 -0.018502999097108834
v 2.0999999833293256e-05 0.03249999880790709 -0.019249999895691865
v 2.0999999833293256e-05 0.03249999880790709 -0.01824999973177909
v -0.0004370000096969306 0.03249699994921683 -0.01824999973177909
v -0.005648999940603971 0.032005000859498964 -0.019249999895691865
v -0.004503000061959027 0.03218699991703032 -0.01824999973177909
v -0.005648999940603971 0.032005000859498964 -0.01824999973177909
v -0.008497999981045721 0.031369000673294054 -0.01824999973177909
v 0.0036359999794512983 0.03229599818587302 -0.01824999973177909
v 0.005690000019967555 0.031998001039028154 -0.019249999895691865
v 0.005690000019967555 0.031998001039028154 -0.01824999973177909
v 0.01633699983358383 0.028095999732613553 -0.019249999895691865
v 0.01633699983358383 0.028095999732613553 -0.01824999973177909
v 0.015261000022292135 0.028694000095129003 -0.01824999973177909
v 0.011184999719262121 0.030515000224113454 -0.019249999895691865
v 0.011547000147402285 0.030378999188542356 -0.01824999973177909
v 0.011184999719262121 0.030515000224113454 -0.01824999973177909
v 0.007652000058442353 0.03158599883317946 -0.01824999973177909
v 0.02499499917030334 0.020772999152541154 -0.019249999895691865
v 0.02499499917030334 0.020772999152541154 -0.01824999973177909
v 0.024746000766754147 0.021068999543786042 -0.01824999973177909
v 0.02098700031638145 0.024815000593662255 -0.019249999895691865
v 0.02191199921071529 0.024002000689506524 -0.01824999973177909
v 0.02098700031638145 0.024815000593662255 -0.01824999973177909
v 0.018734000623226162 0.02655700035393237 -0.01824999973177909
v 0.02718899957835674 0.017804000526666634 -0.01824999973177909
v 0.02823499962687492 0.016093999147415154 -0.019249999895691865
v 0.02823499962687492 0.016093999147415154 -0.01824999973177909
v 0.03204600140452384 0.00541500002145767 -0.019249999895691865
v 0.03204600140452384 0.00541500002145767 -0.01824999973177909
v 0.0318319983780384 0.0065549998544156525 -0.01824999973177909
v 0.030610000714659687 0.010921999812126156 -0.019249999895691865
v 0.030760999768972393 0.010490000247955319 -0.01824999973177909
v 0.030610000714659687 0.010921999812126156 -0.01824999973177909
v 0.02920500002801418 0.01425900030881166 -0.01824999973177909
v 0.03240200132131576 0.002517000073567032 -0.01824999973177909
v 0.03249900043010711 -0.0002589999930933117 -0.019249999895691865
v 0.03249900043010711 -0.0002589999930933117 -0.01824999973177909
v 0.031955000013113015 -0.005923999939113854 -0.01824999973177909
v 0.03201200067996978 -0.005613000132143496 -0.01824999973177909
v 0.032462999224662774 -0.0015600000042468305 -0.01824999973177909
v -0.020679999142885205 0.025437999516725533 -0.01911599934101104
v -0.020796999335288998 0.02543199993669986 -0.01904300041496753
v -0.020885000005364415 0.025389000773429864 -0.018957000225782387
v -0.020971000194549557 0.025195999071002 -0.018750000745058053
v -0.020943999290466305 0.025309000164270394 -0.0188590008765459
v 0.03294299915432929 -0.011637000367045399 0.0017500000540167087
v 0.025284999981522557 -0.010940000414848324 -0.007050000131130216
v 0.028028000146150586 -0.011188999749720093 -0.01402799971401691
v 0.028643000870943066 -0.011245000176131722 -0.014468000270426268
v 0.02706700004637241 -0.011102000251412388 -0.013567999936640257
v 0.02937199920415878 -0.011311000213026997 -0.015216000378131861
v 0.029776999726891514 -0.01134799979627132 -0.015813000500202172
v 0.03294299915432929 -0.011637000367045399 -0.01824999973177909
v 0.03019599989056587 -0.011385999619960781 -0.01675599999725818
v 0.030356999486684796 -0.011401000432670113 -0.0173990000039339
v 0.025284999981522557 -0.010940000414848324 -0.013249999843537802
v 0.026364000514149662 -0.011037999764084813 -0.013368000276386733
v -0.018788000568747517 0.020150000229477875 -0.007050000131130216
v -0.02201299928128719 0.02713100053369998 0.0017500000540167087
v -0.020909000188112255 0.024741999804973595 -0.017226999625563615
v -0.02201299928128719 0.02713100053369998 -0.01824999973177909
v -0.020840000361204144 0.02459100075066089 -0.01664100028574466
v -0.020651999861001965 0.024186000227928155 -0.015705000609159463
v -0.02050800062716007 0.023872999474406235 -0.01521299965679645
v -0.02019800059497356 0.02320400066673755 -0.01446199975907802
v -0.01999299973249435 0.022760000079870217 -0.014103000052273268
v -0.019592000171542164 0.02188999950885772 -0.01361600030213594
v -0.019334999844431874 0.021336000412702553 -0.013419999741017813
v -0.018882000818848606 0.020355999469757073 -0.013256999664008612
v -0.018788000568747517 0.020150000229477875 -0.013249999843537802
v -0.01709100045263767 0.03341199830174445 -0.019249999895691865
v -0.01623900048434734 0.03156799823045729 -0.019249999895691865
v -0.0163780003786087 0.031869001686573015 -0.019193999469280236
v -0.016449000686407086 0.032021999359130845 -0.01911599934101104
v -0.016501000151038166 0.03213600069284438 -0.019030999392271035
v -0.016595000401139256 0.032338999211788164 -0.01877900026738643
v -0.01709100045263767 0.03341199830174445 0.0036500000860542046
v -0.01661100052297115 0.03237399831414221 0.002411999972537159
v -0.01681599952280521 0.03281600028276442 0.0036500000860542046
v -0.01647499948740005 0.03207900002598761 0.002999000018462538
v -0.016498999670147892 0.03213100135326384 0.0036760000512003886
v -0.016264999285340306 0.03162400051951407 0.0034449999220669257
v -0.016140000894665715 0.031355001032352434 0.003597999922931193
v -0.016602000221610066 0.03235499933362006 -0.018750000745058053
v -0.01664900034666061 0.03245500102639197 -0.01846900023519992
v -0.01581900008022785 0.030659999698400487 0.003749999916180967
v -0.010703000240027903 0.019587000831961625 0.003749999916180967
v -0.016003999859094616 0.031060000881552686 0.003701000008732079
v -0.013775999657809733 0.03339000046253203 0.0036760000512003886
v -0.013620999641716479 0.033054001629352556 0.0033110000658780323
v -0.014092000201344488 0.03407499939203261 0.0036500000860542046
v -0.01380799990147352 0.03345999866724013 0.0028089999686926595
v -0.01436800044029951 0.034671001136302934 0.0036500000860542046
v -0.013871000148355959 0.033596999943256364 0.002515000058338045
v -0.007757999934256076 0.02036700025200843 0.004250000230967997
v -0.007978999987244604 0.020844999700784676 0.003749999916180967
v -0.007757999934256076 0.02036700025200843 0.004662000108510254
v -0.013096000067889689 0.031918000429868684 0.003749999916180967
v -0.013373999856412409 0.03251999989151953 0.0036369999870657908
v -0.01436800044029951 0.034671001136302934 -0.019249999895691865
v -0.013914999552071093 0.033691000193357454 0.0021869998890906564
v 0.037482000887393944 -0.001904999953694641 0.0036500000860542046
v 0.037482000887393944 -0.001904999953694641 -0.019249999895691865
v 0.03634300082921981 -0.0018009999766945832 0.002411999972537159
v 0.036828000098466866 -0.001844999962486326 0.0036500000860542046
v 0.03601900115609168 -0.0017719999887049192 0.002999000018462538
v 0.03607600182294845 -0.001777000026777386 0.0036760000512003886
v 0.03551999852061271 -0.0017259999876841896 0.0034449999220669257
v 0.03522400185465812 -0.0016990000149235123 0.003597999922931193
v 0.034460999071598046 -0.001629999955184757 0.003749999916180967
v 0.022314000874757763 -0.000524999981280416 0.003749999916180967
v 0.03490100055932998 -0.0016700000269338482 0.003701000008732079
v 0.021516999229788777 -0.0034640000667422997 0.004250000230967997
v 0.022042000666260716 -0.003511999966576694 0.003749999916180967
v 0.021516999229788777 -0.0034640000667422997 0.004662000108510254
v 0.034189999103546136 -0.004617999773472546 0.003749999916180967
v 0.03580399975180625 -0.00476500019431114 0.0036760000512003886
v 0.034850001335144036 -0.004678000230342148 0.0036369999870657908
v 0.03543600067496299 -0.004730999935418366 0.0033110000658780323
v 0.03655600175261497 -0.004832999780774115 0.0036500000860542046
v 0.03588100150227546 -0.00477200001478195 0.0028089999686926595
v 0.03720999881625175 -0.00489299977198243 0.0036500000860542046
v 0.03603100031614303 -0.00478499988093972 0.002515000058338045
v 0.03612700104713439 -0.004794000182300804 -0.01858099922537803
v 0.036049999296665185 -0.004786999896168707 -0.018750000745058053
v 0.03720999881625175 -0.00489299977198243 -0.019249999895691865
v 0.03596499934792518 -0.00477899983525276 -0.018874000757932656
v 0.0357149988412857 -0.004757000133395193 -0.01909800060093402
v 0.035684999078512185 -0.0047539998777210695 -0.01911599934101104
v 0.03540600091218948 -0.004728000145405529 -0.019224999472498887
v 0.03518600016832351 -0.004707999993115662 -0.019249999895691865
v 0.03613499924540519 -0.004794999957084654 0.0021869998890906564
v -0.016603000462055203 0.034740000963211046 -0.019249999895691865
v -0.016603000462055203 0.034740000963211046 0.0036500000860542046
v -0.015695000067353245 0.03515899926424025 -0.019249999895691865
v -0.015695000067353245 0.03515899926424025 0.0036500000860542046
v 0.03838700056076049 -0.002990999957546591 0.0036500000860542046
v 0.038295999169349663 -0.003986999858170746 0.0036500000860542046
v 0.03838700056076049 -0.002990999957546591 -0.019249999895691865
v 0.038295999169349663 -0.003986999858170746 -0.019249999895691865
v -0.02183200046420097 0.029123000800609578 0.0017500000540167087
v -0.021965999156236645 0.02890400029718875 -0.01824999973177909
v -0.021965999156236645 0.02890400029718875 0.0017500000540167087
v -0.022150000557303425 0.028404999524354924 0.0017500000540167087
v -0.02219700068235397 0.028023000806570043 -0.01824999973177909
v -0.02219700068235397 0.028023000806570043 0.0017500000540167087
v -0.022167000919580456 0.027620000764727582 0.0017500000540167087
v 0.03332899883389472 -0.011633999645709988 0.0017500000540167087
v 0.03384499996900558 -0.011509999632835385 -0.01824999973177909
v 0.03384499996900558 -0.011509999632835385 0.0017500000540167087
v 0.034079000353813164 -0.011401999741792675 0.0017500000540167087
v 0.03459800034761428 -0.010997000150382515 -0.01824999973177909
v 0.034681998193264 -0.01090000011026859 0.0017500000540167087
v -0.017168000340461727 0.03365699946880339 0.0036500000860542046
v -0.017178999260067936 0.033923000097274766 -0.019249999895691865
v -0.017178999260067936 0.033923000097274766 0.0036500000860542046
v -0.01700000092387199 0.03440799936652182 0.0036500000860542046
v -0.01700000092387199 0.03440799936652182 -0.019249999895691865
v -0.014593999832868574 0.034983001649379716 0.0036500000860542046
v -0.014698999933898447 0.03506899997591971 -0.019249999895691865
v -0.014698999933898447 0.03506899997591971 0.0036500000860542046
v -0.014929999597370623 0.03519000113010405 0.0036500000860542046
v -0.015185000374913214 0.03524700179696082 -0.019249999895691865
v -0.015185000374913214 0.03524700179696082 0.0036500000860542046
v -0.0153200002387166 0.03525000065565108 0.0036500000860542046
v 0.03818599879741668 -0.00436200015246868 0.0036500000860542046
v 0.03818599879741668 -0.00436200015246868 -0.019249999895691865
v 0.03811699897050857 -0.004472999833524225 0.0036500000860542046
v 0.03793999925255775 -0.0046649998985230905 -0.019249999895691865
v 0.03793999925255775 -0.0046649998985230905 0.0036500000860542046
v 0.037833001464605324 -0.004743000026792286 0.0036500000860542046
v 0.03759799897670745 -0.0048509999178349954 -0.019249999895691865
v 0.03746600076556205 -0.004883000161498783 0.0036500000860542046
v 0.03759799897670745 -0.0048509999178349954 0.0036500000860542046
v 0.03834699839353561 -0.0026080000679939977 0.0036500000860542046
v 0.038299001753330224 -0.0024810000322759143 -0.019249999895691865
v 0.038299001753330224 -0.0024810000322759143 0.0036500000860542046
v 0.03815900161862373 -0.0022609999869018784 0.0036500000860542046
v 0.037967000156641 -0.002084000036120414 -0.019249999895691865
v 0.037967000156641 -0.002084000036120414 0.0036500000860542046
v 0.03785200044512748 -0.002012999961152672 0.0036500000860542046
v 0.019796000793576237 0.030665000900626172 0.0036500000860542046
v 0.019801000133156773 0.030663000419735898 0.003749999916180967
v 0.02104000002145767 0.029826000332832326 0.003749999916180967
v 0.022244000807404515 0.028938999399542798 0.003749999916180967
v 0.02180399931967258 0.02927199937403201 0.0023350000847131005
v 0.022247999906539914 0.028936000540852536 0.0036500000860542046
v 0.022247999906539914 0.028936000540852536 0.0023129999171942464
v 0.019796000793576237 0.030665000900626172 0.0023129999171942464
v 0.02104000002145767 0.029826000332832326 0.0023499999660998574
v 0.021423000842332836 0.029550999402999868 0.002345999935641884
v 0.015608999878168104 -0.030205000191926946 0.003749999916180967
v 0.015608999878168104 -0.030205000191926946 -0.013249999843537802
v 0.019983999431133267 -0.027506999671459188 0.003749999916180967
v 0.0203230008482933 -0.027257999405264844 -0.013249999843537802
v 0.0203230008482933 -0.027257999405264844 0.0037070000544190394
v -0.018354000523686406 -0.028620999306440343 0.003749999916180967
v -0.018354000523686406 -0.028620999306440343 -0.013249999843537802
v -0.013829999603331087 -0.031060000881552686 0.003749999916180967
v -0.013443999923765658 -0.03122900053858756 -0.013249999843537802
v -0.013443999923765658 -0.03122900053858756 0.0037070000544190394
v -0.03396299853920936 0.001584999961778521 0.003749999916180967
v -0.03396299853920936 0.001584999961778521 -0.013249999843537802
v -0.033814001828432076 -0.0035530000459402787 0.003749999916180967
v -0.03376699984073638 -0.003971000202000139 -0.013249999843537802
v -0.03376699984073638 -0.003971000202000139 0.0037070000544190394
v 0.007996000349521635 -0.03304599970579146 0.003749999916180967
v 0.012885999865829943 -0.03146399930119513 0.003749999916180967
v 0.004879000131040811 -0.02630000002682208 0.003749999916180967
v 0.004112000111490487 -0.025087000802159302 0.003749999916180967
v -0.007319000083953141 -0.018464000895619385 0.003749999916180967
v -0.009429999627172945 -0.019256999716162675 0.003749999916180967
v -0.007358999922871589 -0.023165000602602952 0.003749999916180967
v -0.011610999703407286 -0.019061999395489686 0.003749999916180967
v -0.009545999579131602 -0.024987999349832528 0.003749999916180967
v -0.00857300031930208 -0.023932000622153275 0.003749999916180967
v 0.003055999986827373 -0.024112999439239495 0.003749999916180967
v -0.005770999938249587 -0.016823999583721154 0.003749999916180967
v 0.0017849999712780116 -0.023445999249815934 0.003749999916180967
v 0.002369000110775232 -0.015350000001490111 0.003749999916180967
v 0.0029390000272542234 -0.013512999750673766 0.003749999916180967
v -0.002040999941527843 -0.008097999729216095 0.003749999916180967
v -0.005987999960780143 -0.02273800037801265 0.003749999916180967
v -0.004554000217467546 -0.022680999711155884 0.003749999916180967
v 0.0003849999920930713 -0.023129999637603753 0.003749999916180967
v 0.007978999987244604 -0.020844999700784676 0.003749999916180967
v 0.0057990001514554015 -0.020642999559640877 0.003749999916180967
v 0.003866000100970268 -0.019481999799609177 0.003749999916180967
v 0.002639000071212649 -0.017588999122381203 0.003749999916180967
v -0.00510099995881319 -0.014670000411570067 0.003749999916180967
v -0.005330000072717666 -0.0127609996125102 0.003749999916180967
v -0.0006799999973736702 -0.007468999829143283 0.003749999916180967
v -0.001444999943487346 -0.007600999902933833 0.003749999916180967
v 4.8999998398357996e-05 -0.007737000007182357 0.003749999916180967
v 0.0005460000247694551 -0.008333999663591381 0.003749999916180967
v 0.021197000518441197 -0.010177000425755974 0.003749999916180967
v 0.022410999983549115 -0.00941000040620565 0.003749999916180967
v 0.011683999560773371 -0.013410000130534167 0.003749999916180967
v 0.012330000288784502 -0.015569999814033503 0.003749999916180967
v 0.011962000280618666 -0.01779500022530555 0.003749999916180967
v 0.0163819994777441 -0.017955999821424477 0.003749999916180967
v 0.010703000240027903 -0.019587000831961625 0.003749999916180967
v 0.016867000609636303 -0.020760999992489808 0.003749999916180967
v 0.016440000385046002 -0.019390000030398362 0.003749999916180967
v 0.02378199994564056 -0.00898300018161535 0.003749999916180967
v 0.025216000154614445 -0.008925000205636021 0.003749999916180967
v 0.033762000501155846 -0.007094999775290487 0.003749999916180967
v 0.03312399983406066 -0.0096450001001358 0.003749999916180967
v 0.005993000231683253 -0.005816999822854994 0.003749999916180967
v 0.013172999955713747 -0.004211000166833399 0.003749999916180967
v 0.007490000221878289 -0.0036939999554306256 0.003749999916180967
v 0.014477999880909918 -0.005623000208288429 0.003749999916180967
v 0.020777000114321705 -0.005299000069499014 0.003749999916180967
v 0.01880400069057941 -0.006393000017851589 0.003749999916180967
v 0.01655199937522411 -0.006508999969810246 0.003749999916180967
v 0.010153999552130697 -0.011753000319004055 0.003749999916180967
v 0.008386000059545038 -0.010997000150382515 0.003749999916180967
v 0.01669799908995628 -0.016555000096559518 0.003749999916180967
v 0.01736499927937984 -0.015283999964594836 0.003749999916180967
v 0.02022299915552139 -0.011231999844312664 0.003749999916180967
v 0.0067250002175569526 -0.003826000029221176 0.003749999916180967
v 0.00612899987027049 -0.004323000088334082 0.003749999916180967
v 0.005859999917447566 -0.005051999818533657 0.003749999916180967
v -0.025216000154614445 0.008925000205636021 0.003749999916180967
v -0.03261699900031089 0.009599000215530392 0.003749999916180967
v -0.03369100019335746 0.004571999888867138 0.003749999916180967
v -0.021197000518441197 0.010177000425755974 0.003749999916180967
v -0.022410999983549115 0.00941000040620565 0.003749999916180967
v -0.011683999560773371 0.013410000130534167 0.003749999916180967
v -0.018009999766945835 0.029425999149680127 0.003749999916180967
v -0.02019800059497356 0.027969999238848676 0.003749999916180967
v -0.016867000609636303 0.020760999992489808 0.003749999916180967
v -0.014477999880909918 0.005623000208288429 0.003749999916180967
v -0.013172999955713747 0.004211000166833399 0.003749999916180967
v -0.005993000231683253 0.005816999822854994 0.003749999916180967
v -0.02378199994564056 0.00898300018161535 0.003749999916180967
v -0.012330000288784502 0.015569999814033503 0.003749999916180967
v -0.011962000280618666 0.01779500022530555 0.003749999916180967
v -0.0163819994777441 0.017955999821424477 0.003749999916180967
v -0.022042000666260716 0.003511999966576694 0.003749999916180967
v -0.020777000114321705 0.005299000069499014 0.003749999916180967
v -0.01880400069057941 0.006393000017851589 0.003749999916180967
v -0.01655199937522411 0.006508999969810246 0.003749999916180967
v -0.010153999552130697 0.011753000319004055 0.003749999916180967
v -0.008386000059545038 0.010997000150382515 0.003749999916180967
v -0.01669799908995628 0.016555000096559518 0.003749999916180967
v -0.01736499927937984 0.015283999964594836 0.003749999916180967
v -0.02022299915552139 0.011231999844312664 0.003749999916180967
v -0.016440000385046002 0.019390000030398362 0.003749999916180967
v -0.00612899987027049 0.004323000088334082 0.003749999916180967
v -0.005859999917447566 0.005051999818533657 0.003749999916180967
v -0.0067250002175569526 0.003826000029221176 0.003749999916180967
v -0.007490000221878289 0.0036939999554306256 0.003749999916180967
v -0.02033700048923492 -0.01737499982118606 0.003749999916180967
v -0.024621000513434407 -0.023447999730706208 0.003749999916180967
v -0.020804999396204945 -0.02689100056886672 0.003749999916180967
v -0.019411999732255932 -0.013268999755382533 0.003749999916180967
v -0.01935400068759918 -0.014702999964356417 0.003749999916180967
v -0.017455000430345532 -0.003413999918848275 0.003749999916180967
v -0.012109000235795973 -0.009727000258862969 0.003749999916180967
v -0.01023299992084503 -0.009301999583840367 0.003749999916180967
v -0.008034000173211096 -0.002280999906361102 0.003749999916180967
v -0.01967000029981136 -0.016103999689221375 0.003749999916180967
v -0.022314000874757763 0.000524999981280416 0.003749999916180967
v -0.026412999257445332 -0.004226000048220156 0.003749999916180967
v -0.021392000839114186 -0.0014609999489039178 0.003749999916180967
v -0.014062999747693537 -0.0173330008983612 0.003749999916180967
v -0.014976999722421168 -0.015344000421464438 0.003749999916180967
v -0.014938999898731707 -0.013089000247418875 0.003749999916180967
v -0.013913000002503393 -0.011079999618232247 0.003749999916180967
v -0.015255000442266462 -0.0029170000925660125 0.003749999916180967
v -0.013716000132262705 -0.001764000044204294 0.003749999916180967
v -0.019649999216198918 -0.0028929999098181716 0.003749999916180967
v -0.02191900089383125 -0.007397000212222335 0.003749999916180967
v -0.019838999956846234 -0.011897999793291088 0.003749999916180967
v -0.025011999532580372 -0.004542000126093624 0.003749999916180967
v -0.02374099940061569 -0.005208999849855898 0.003749999916180967
v -0.022686000913381573 -0.006182999815791844 0.003749999916180967
v -0.006808000151067971 -0.003145999973639845 0.003749999916180967
v -0.007304999977350234 -0.002549000084400176 0.003749999916180967
v -0.006676000077277421 -0.0039110002107918245 0.003749999916180967
v -0.006943999789655208 -0.0046399999409914 0.003749999916180967
v -0.013074000366032122 -0.01766600087285041 0.00564899994060397
v -0.0177020002156496 -0.02422600053250789 0.005096999928355215
v -0.01230799965560436 -0.018214000388979905 0.00564800016582012
v -0.016883999109268185 -0.02480299957096576 0.005096999928355215
v -0.012257000431418417 -0.01824299991130828 0.00564899994060397
v -0.02183599956333637 0.0024890000931918612 0.00564899994060397
v -0.028805999085307118 0.0031240000389516345 0.0051679997704923136
v -0.021927999332547184 0.0015519999433308835 0.00564800016582012
v -0.028897000476717945 0.002127999905496835 0.0051679997704923136
v -0.021926999092102047 0.001492999959737062 0.00564899994060397
v 0.008762000128626822 -0.02015599980950355 0.00564899994060397
v 0.012129999697208403 -0.027442999184131612 0.005096999928355215
v 0.009619999676942824 -0.01976599916815757 0.00564800016582012
v 0.013036999851465223 -0.027024000883102407 0.005096999928355215
v 0.009669999592006205 -0.019735999405384057 0.00564899994060397
v 0.0028659999370574947 -0.015403999947011466 0.004250000230967997
v 0.0035019998904317613 -0.013538000173866744 0.004250000230967997
v 0.007757999934256076 -0.02036700025200843 0.004250000230967997
v 0.005952999927103519 -0.020167000591754906 0.004250000230967997
v 0.004213000182062387 -0.019122000783681863 0.004250000230967997
v 0.0031089999247342344 -0.017418999224901192 0.004250000230967997
v 0.01477300003170967 -0.005218999926000832 0.004250000230967997
v 0.013474999926984308 -0.003737000050023197 0.004250000230967997
v 0.02044199965894222 -0.004927999805659054 0.004250000230967997
v 0.018666999414563176 -0.005911999847739933 0.004250000230967997
v 0.016640000045299527 -0.006016000173985956 0.004250000230967997
v 0.023724000900983807 0.025048000738024705 0.003749999916180967
v 0.021093999966979023 0.027300000190734853 0.003749999916180967
v 0.017455000430345532 0.003413999918848275 0.003749999916180967
v 0.026296999305486676 0.02233199961483478 0.003749999916180967
v 0.019649999216198918 0.0028929999098181716 0.003749999916180967
v 0.028560999780893322 0.019353000447154038 0.003749999916180967
v 0.021392000839114186 0.0014609999489039178 0.003749999916180967
v 0.0320569984614849 0.012749999761581417 0.003749999916180967
v 0.03048799932003021 0.01614700071513652 0.003749999916180967
v 0.034451000392436974 0.0018299999646842473 0.003749999916180967
v 0.034051001071929925 0.005549000110477207 0.003749999916180967
v 0.03325000032782554 0.009204000234603878 0.003749999916180967
v 0.014062999747693537 0.0173330008983612 0.003749999916180967
v 0.014976999722421168 0.015344000421464438 0.003749999916180967
v 0.014938999898731707 0.013089000247418875 0.003749999916180967
v 0.013913000002503393 0.011079999618232247 0.003749999916180967
v 0.015255000442266462 0.0029170000925660125 0.003749999916180967
v 0.012109000235795973 0.009727000258862969 0.003749999916180967
v 0.01023299992084503 0.009301999583840367 0.003749999916180967
v 0.013716000132262705 0.001764000044204294 0.003749999916180967
v 0.006943999789655208 0.0046399999409914 0.003749999916180967
v 0.008034000173211096 0.002280999906361102 0.003749999916180967
v 0.006676000077277421 0.0039110002107918245 0.003749999916180967
v 0.006808000151067971 0.003145999973639845 0.003749999916180967
v 0.007304999977350234 0.002549000084400176 0.003749999916180967
v 0.011907000094652174 0.010184000246226784 0.004250000230967997
v 0.00997400004416704 0.00980100035667419 0.004250000230967997
v 0.013759000226855276 0.01690199971199035 0.004250000230967997
v 0.014488000422716139 0.015239000320434565 0.004250000230967997
v 0.014453999698162077 0.013209999538958067 0.004250000230967997
v 0.0135300001129508 0.011401999741792675 0.004250000230967997
v -0.0057990001514554015 0.020642999559640877 0.003749999916180967
v -0.003866000100970268 0.019481999799609177 0.003749999916180967
v 0.005770999938249587 0.016823999583721154 0.003749999916180967
v -0.002639000071212649 0.017588999122381203 0.003749999916180967
v 0.00510099995881319 0.014670000411570067 0.003749999916180967
v 0.0012580000329762695 0.03447699919342993 0.003749999916180967
v -0.0024830000475049015 0.03441099822521208 0.003749999916180967
v 0.007319000083953141 0.018464000895619385 0.003749999916180967
v -0.006194999907165765 0.03393900021910666 0.003749999916180967
v -0.009832999669015406 0.03306899964809416 0.003749999916180967
v 0.011610999703407286 0.019061999395489686 0.003749999916180967
v 0.018642000854015347 0.02902900055050849 0.003749999916180967
v 0.009429999627172945 0.019256999716162675 0.003749999916180967
v 0.01563799940049648 0.030751999467611302 0.003749999916180967
v 0.012217000126838682 0.032265000045299516 0.003749999916180967
v 0.008651000447571276 0.03339799866080283 0.003749999916180967
v 0.0049840002320706836 0.0341380015015602 0.003749999916180967
v 0.0006799999973736702 0.007468999829143283 0.003749999916180967
v 0.001444999943487346 0.007600999902933833 0.003749999916180967
v -4.8999998398357996e-05 0.007737000007182357 0.003749999916180967
v 0.002040999941527843 0.008097999729216095 0.003749999916180967
v -0.0005460000247694551 0.008333999663591381 0.003749999916180967
v 0.005330000072717666 0.0127609996125102 0.003749999916180967
v -0.0029390000272542234 0.013512999750673766 0.003749999916180967
v -0.002369000110775232 0.015350000001490111 0.003749999916180967
v -0.0028659999370574947 0.015403999947011466 0.004250000230967997
v -0.0035019998904317613 0.013538000173866744 0.004250000230967997
v -0.005952999927103519 0.020167000591754906 0.004250000230967997
v -0.004213000182062387 0.019122000783681863 0.004250000230967997
v -0.0031089999247342344 0.017418999224901192 0.004250000230967997
v -0.01477300003170967 0.005218999926000832 0.004250000230967997
v -0.013474999926984308 0.003737000050023197 0.004250000230967997
v -0.016640000045299527 0.006016000173985956 0.004250000230967997
v -0.018666999414563176 0.005911999847739933 0.004250000230967997
v -0.01669399999082088 0.006025999784469603 0.004250000230967997
v -0.021516999229788777 0.0034640000667422997 0.004250000230967997
v -0.02044199965894222 0.004927999805659054 0.004250000230967997
v -0.018716000020503994 0.005898000206798313 0.004250000230967997
v -0.011907000094652174 -0.010184000246226784 0.004250000230967997
v -0.00997400004416704 -0.00980100035667419 0.004250000230967997
v -0.013759000226855276 -0.01690199971199035 0.004250000230967997
v -0.014488000422716139 -0.015239000320434565 0.004250000230967997
v -0.014453999698162077 -0.013209999538958067 0.004250000230967997
v -0.0135300001129508 -0.011401999741792675 0.004250000230967997
v -0.02684400044381618 -0.006194999907165764 -0.007050000131130216
v -0.02684400044381618 -0.006194999907165764 -0.013249999843537802
v -0.027486000210046765 -0.0018729999428614968 -0.007050000131130216
v -0.027486000210046765 -0.0018729999428614968 -0.013249999843537802
v -0.027436999604105946 0.0024969999212771645 -0.007050000131130216
v -0.027436999604105946 0.0024969999212771645 -0.013249999843537802
v -0.026697000488638874 0.006804000120609996 -0.007050000131130216
v -0.026697000488638874 0.006804000120609996 -0.013249999843537802
v -0.025284999981522557 0.010940000414848324 -0.007050000131130216
v -0.025284999981522557 0.010940000414848324 -0.013249999843537802
v -0.0080570001155138 -0.026345999911427487 -0.007050000131130216
v -0.0080570001155138 -0.026345999911427487 -0.013249999843537802
v -0.012121000327169893 -0.02473999932408332 -0.007050000131130216
v -0.012121000327169893 -0.02473999932408332 -0.013249999843537802
v -0.01588100008666515 -0.02251200005412101 -0.007050000131130216
v -0.01588100008666515 -0.02251200005412101 -0.013249999843537802
v -0.019240999594330784 -0.019718000665307038 -0.007050000131130216
v -0.019240999594330784 -0.019718000665307038 -0.013249999843537802
v -0.022115999832749363 -0.016427999362349503 -0.007050000131130216
v -0.022115999832749363 -0.016427999362349503 -0.013249999843537802
v 0.018788000568747517 -0.020150000229477875 -0.007050000131130216
v 0.018788000568747517 -0.020150000229477875 -0.013249999843537802
v 0.015364999882876871 -0.02286699973046779 -0.007050000131130216
v 0.015364999882876871 -0.02286699973046779 -0.013249999843537802
v 0.011556000448763369 -0.025009000673890107 -0.007050000131130216
v 0.011556000448763369 -0.025009000673890107 -0.013249999843537802
v 0.007455999962985515 -0.02652199938893317 -0.007050000131130216
v 0.007455999962985515 -0.02652199938893317 -0.013249999843537802
v 0.0031689999159425493 -0.02736699953675269 -0.007050000131130216
v 0.0031689999159425493 -0.02736699953675269 -0.013249999843537802
v -0.016480000689625737 0.022076999768614762 -0.013249999843537802
v -0.0145279997959733 0.023407999426126473 -0.007050000131130216
v -0.010476999916136263 0.025480000302195542 -0.013249999843537802
v -0.009717999957501887 0.025778999552130692 -0.007050000131130216
v -0.013585999608039854 0.023966999724507325 -0.013249999843537802
v -0.0145279997959733 0.023407999426126473 -0.013249999843537802
v -0.004538999870419501 0.02717299945652484 -0.013249999843537802
v -0.004538999870419501 0.02717299945652484 -0.007050000131130216
v -0.007203999906778335 0.026590999215841283 -0.013249999843537802
v -0.009717999957501887 0.025778999552130692 -0.013249999843537802
v -0.0038169999606907363 0.02728400006890296 -0.013249999843537802
v -0.00036999999429099256 0.02754800021648406 -0.013249999843537802
v 0.0008110000053420662 0.02753799967467784 -0.007050000131130216
v 0.0061309998854994765 0.02685900032520293 -0.013249999843537802
v 0.0061309998854994765 0.02685900032520293 -0.007050000131130216
v 0.003081999951973557 0.02737700007855891 -0.013249999843537802
v 0.0008110000053420662 0.02753799967467784 -0.013249999843537802
v 0.006486999802291392 0.026775000616908063 -0.013249999843537802
v 0.009789000265300272 0.02575200051069259 -0.013249999843537802
v 0.011218000203371046 0.025162000209093087 -0.007050000131130216
v 0.011218000203371046 0.025162000209093087 -0.013249999843537802
v 0.012935999780893324 0.024323999881744378 -0.013249999843537802
v 0.01588100008666515 0.02251200005412101 -0.007050000131130216
v 0.01588100008666515 0.02251200005412101 -0.013249999843537802
v 0.01857499964535236 0.020346000790596 -0.013249999843537802
v 0.01994100026786327 0.019008999690413468 -0.007050000131130216
v 0.023048000410199162 0.01509299967437982 -0.013249999843537802
v 0.023245999589562413 0.014786000363528723 -0.007050000131130216
v 0.02097699977457523 0.017859999090433114 -0.013249999843537802
v 0.01994100026786327 0.019008999690413468 -0.013249999843537802
v 0.023245999589562413 0.014786000363528723 -0.013249999843537802
v 0.024756999686360356 0.01208699960261583 -0.013249999843537802
v 0.02566999942064285 0.010002000257372853 -0.007050000131130216
v 0.02698400057852268 0.005557000171393154 -0.013249999843537802
v 0.027122000232338902 0.004838999826461075 -0.007050000131130216
v 0.02607600018382072 0.008891999721527096 -0.013249999843537802
v 0.02566999942064285 0.010002000257372853 -0.013249999843537802
v 0.027544999495148655 -0.0005070000188425181 -0.013249999843537802
v 0.027544999495148655 -0.0005070000188425181 -0.007050000131130216
v 0.02746699936687946 0.002133999951183795 -0.013249999843537802
v 0.027122000232338902 0.004838999826461075 -0.013249999843537802
v 0.027518000453710553 -0.0013229999458417292 -0.013249999843537802
v 0.027135999873280522 -0.004757999908179043 -0.013249999843537802
v 0.02692499943077564 -0.005834000185132025 -0.007050000131130216
v 0.0263260006904602 -0.0081190001219511 -0.013249999843537802
v 0.02692499943077564 -0.005834000185132025 -0.013249999843537802
v -0.020812999457120892 0.004550999961793421 0.005249999929219483
v -0.020478000864386555 0.004894999787211416 0.005249999929219483
v -0.021516999229788777 0.0034640000667422997 0.004662000108510254
v -0.021531999111175534 0.0034320000559091555 0.004920999985188244
v -0.021573999896645542 0.0033350000157952296 0.005160999950021504
v -0.021598000079393383 0.0032780000474303948 0.005249999929219483
v -0.013474999926984308 0.003737000050023197 0.005249999929219483
v -0.014143999665975569 0.004662999883294104 0.005249999929219483
v -0.016754999756813046 0.006035000085830687 0.005249999929219483
v -0.01533399987965822 0.0055689997971057874 0.005249999929219483
v -0.014820000156760214 0.005253000184893606 0.005249999929219483
v -0.018249999731779095 0.006010000128298996 0.005249999929219483
v -0.018716000020503994 0.005898000206798313 0.005249999929219483
v -0.019655000418424603 0.005497000180184839 0.005249999929219483
v -0.006000000052154063 0.020182000473141663 0.005249999929219483
v -0.006971000228077172 0.02037099935114383 0.005249999929219483
v -0.00783799961209297 0.020357999950647347 0.005044000223278998
v -0.007960000075399874 0.02034300006926059 0.005249999929219483
v -0.0035019998904317613 0.013538000173866744 0.005249999929219483
v -0.0030710001010447736 0.014462999999523158 0.005249999929219483
v -0.002860999898985028 0.015460999682545657 0.005249999929219483
v -0.002880000043660402 0.01648100093007087 0.005249999929219483
v -0.0031280000694096084 0.017470000311732285 0.005249999929219483
v -0.003592999884858727 0.018378000706434243 0.005249999929219483
v -0.004251000005751847 0.01915800012648105 0.005249999929219483
v -0.005067000165581702 0.01976899988949298 0.005249999929219483
v 0.013759000226855276 0.01690199971199035 0.004662000108510254
v 0.013737999834120272 0.016931999474763863 0.004920999985188244
v 0.014477999880909918 0.015286999754607672 0.005249999929219483
v 0.01415599975734949 0.016223000362515443 0.005249999929219483
v 0.013674999587237833 0.017015999183058732 0.005160999950021504
v 0.01363800000399351 0.01706499978899955 0.005249999929219483
v 0.00997400004416704 0.00980100035667419 0.005249999929219483
v 0.010990000329911707 0.009890999644994732 0.005249999929219483
v 0.011958999559283255 0.010208000428974625 0.005249999929219483
v 0.012833000160753725 0.010734000243246552 0.005249999929219483
v 0.013565000146627424 0.01144399959594011 0.005249999929219483
v 0.014119000174105166 0.012300999835133549 0.005249999929219483
v 0.014465999789535998 0.013260000385344023 0.005249999929219483
v 0.014587000012397764 0.01427299994975328 0.005249999929219483
v 0.021531999111175534 -0.0034320000559091555 0.004920999985188244
v 0.020478000864386555 -0.004894999787211416 0.005249999929219483
v 0.021127000451087948 -0.00414799991995096 0.005249999929219483
v 0.021573999896645542 -0.0033350000157952296 0.005160999950021504
v 0.021598000079393383 -0.0032780000474303948 0.005249999929219483
v 0.013474999926984308 -0.003737000050023197 0.005249999929219483
v 0.014061000198125837 -0.004571999888867138 0.005249999929219483
v 0.014820000156760214 -0.005253000184893606 0.005249999929219483
v 0.015713000670075413 -0.005745999980717896 0.005249999929219483
v 0.01669399999082088 -0.006025999784469603 0.005249999929219483
v 0.017712000757455822 -0.006076999939978121 0.005249999929219483
v 0.018716000020503994 -0.005898000206798313 0.005249999929219483
v 0.019654000177979466 -0.005497000180184839 0.005249999929219483
v 0.006000000052154063 -0.020182000473141663 0.005249999929219483
v 0.007757999934256076 -0.02036700025200843 0.004662000108510254
v 0.006971000228077172 -0.02037099935114383 0.005249999929219483
v 0.00783799961209297 -0.020357999950647347 0.005044000223278998
v 0.007960000075399874 -0.02034300006926059 0.005249999929219483
v 0.0035019998904317613 -0.013538000173866744 0.005249999929219483
v 0.0030710001010447736 -0.014462999999523158 0.005249999929219483
v 0.002860999898985028 -0.015460999682545657 0.005249999929219483
v 0.002880000043660402 -0.01648100093007087 0.005249999929219483
v 0.0031280000694096084 -0.017470000311732285 0.005249999929219483
v 0.003592999884858727 -0.018378000706434243 0.005249999929219483
v 0.004251000005751847 -0.01915800012648105 0.005249999929219483
v 0.005067000165581702 -0.01976899988949298 0.005249999929219483
v -0.013759000226855276 -0.01690199971199035 0.004662000108510254
v -0.013737999834120272 -0.016931999474763863 0.004920999985188244
v -0.014477999880909918 -0.015286999754607672 0.005249999929219483
v -0.01415599975734949 -0.016223000362515443 0.005249999929219483
v -0.013674999587237833 -0.017015999183058732 0.005160999950021504
v -0.01363800000399351 -0.01706499978899955 0.005249999929219483
v -0.00997400004416704 -0.00980100035667419 0.005249999929219483
v -0.010990000329911707 -0.009890999644994732 0.005249999929219483
v -0.011958999559283255 -0.010208000428974625 0.005249999929219483
v -0.012833000160753725 -0.010734000243246552 0.005249999929219483
v -0.013565000146627424 -0.01144399959594011 0.005249999929219483
v -0.014119000174105166 -0.012300999835133549 0.005249999929219483
v -0.014465999789535998 -0.013260000385344023 0.005249999929219483
v -0.014587000012397764 -0.01427299994975328 0.005249999929219483
v -0.01912100054323673 0.001739999977871775 -0.0032500000670552245
v -0.01897099986672401 0.0008730000117793676 -0.0032500000670552245
v -0.022032000124454495 0.0031210000161081544 -0.0032500000670552245
v 0.017581999301910397 0.00010699999984353777 -0.0032500000670552245
v 0.01671499945223331 -4.300000000512226e-05 -0.0032500000670552245
v 0.015372999943792818 0.001577000017277896 -0.0032500000670552245
v 0.016039000824093815 -0.0006060000159777699 -0.0032500000670552245
v 0.009522000327706335 -0.006717000156641004 -0.0032500000670552245
v 0.01573500037193298 -0.0014319999609142538 -0.0032500000670552245
v 0.01588499918580055 -0.002299000043421983 -0.0032500000670552245
v 0.01644800044596195 -0.0029750000685453406 -0.0032500000670552245
v 0.018589999526739117 -0.013113999739289279 -0.0032500000670552245
v 0.017273999750614163 -0.003279000055044888 -0.0032500000670552245
v 0.01989899948239326 -0.011026999913156029 -0.0032500000670552245
v 0.01814099960029125 -0.0031290000770241013 -0.0032500000670552245
v 0.02180399931967258 -0.006492000073194502 -0.0032500000670552245
v 0.018817000091075894 -0.0025659999810159198 -0.0032500000670552245
v 0.022690000012516972 -0.0016530000139027827 -0.0032500000670552245
v 0.01912100054323673 -0.001739999977871775 -0.0032500000670552245
v 0.01897099986672401 -0.0008730000117793676 -0.0032500000670552245
v 0.017087999731302258 0.004007999785244463 -0.0032500000670552245
v 0.01840800046920776 -0.00019700000120792533 -0.0032500000670552245
v 0.012087999843060969 0.01927299983799457 -0.0032500000670552245
v 0.010242000222206114 0.015992999076843255 -0.0032500000670552245
v 0.007662000134587287 0.02142100036144256 -0.0032500000670552245
v 0.009374000132083891 0.015843000262975686 -0.0032500000670552245
v 0.008697999641299246 0.015279999934136862 -0.0032500000670552245
v 0.008395000360906122 0.014453999698162074 -0.0032500000670552245
v 0.008543999865651129 0.013586999848484988 -0.0032500000670552245
v 0.0028470000252127643 0.014054000377655024 -0.0032500000670552245
v 0.009108000434935091 0.012911000289022919 -0.0032500000670552245
v 0.012284999713301657 0.007395999971777198 -0.0032500000670552245
v 0.009933000430464743 0.012606999836862084 -0.0032500000670552245
v 0.010800999589264391 0.012756999582052227 -0.0032500000670552245
v 0.019062999635934826 0.012415999546647068 -0.0032500000670552245
v 0.021286999806761738 0.008027000352740284 -0.0032500000670552245
v 0.022515000775456425 0.0032639999408274876 -0.0032500000670552245
v 0.011477000080049036 0.01331999991089105 -0.0032500000670552245
v 0.011780999600887297 0.01414600014686584 -0.0032500000670552245
v 0.015948999673128125 0.01622400060296058 -0.0032500000670552245
v 0.011630999855697153 0.015012999996542925 -0.0032500000670552245
v 0.011068000458180903 0.01568900048732757 -0.0032500000670552245
v -0.0020399999339133497 0.02265799976885318 -0.0032500000670552245
v 0.002878000028431415 0.022567000240087502 -0.0032500000670552245
v -0.0019559999927878375 0.017441999167203896 -0.0032500000670552245
v -0.005797000136226415 0.01659899950027465 -0.0032500000670552245
v -0.007577999960631131 0.021451000124216073 -0.0032500000670552245
v -0.006862999871373176 0.021689999848604195 -0.0032500000670552245
v -0.01136600039899349 0.019708000123500817 -0.0032500000670552245
v -0.010753000155091284 0.02004799991846084 -0.0032500000670552245
v -0.010331000201404093 0.019709000363945954 -0.0032500000670552245
v -0.009913999587297438 0.020476000383496278 -0.0032500000670552245
v -0.007185999769717454 0.01757900044322013 -0.0032500000670552245
v -0.006359999999403953 0.017274999991059296 -0.0032500000670552245
v -0.015336000360548495 0.01680400036275386 -0.0032500000670552245
v -0.016181999817490574 0.011415000073611733 -0.0032500000670552245
v -0.018589999526739117 0.013113999739289279 -0.0032500000670552245
v -0.022615000605583187 0.0024709999561309806 -0.0032500000670552245
v -0.022493999451398846 0.003405000083148478 -0.0032500000670552245
v -0.02237799949944019 0.004095999989658592 -0.0032500000670552245
v -0.020974999293684956 0.008810999803245064 -0.0032500000670552245
v -0.02273599989712238 -0.0008099999977275727 -0.0032500000670552245
v -0.022749999538064 -5.700000110664403e-05 -0.0032500000670552245
v -0.017087999731302258 -0.004007999785244463 -0.0032500000670552245
v -0.01840800046920776 0.00019700000120792533 -0.0032500000670552245
v -0.010800999589264391 -0.012756999582052227 -0.0032500000670552245
v -0.01760900020599365 -0.014403999783098692 -0.0032500000670552245
v -0.012284999713301657 -0.007395999971777198 -0.0032500000670552245
v -0.020293999463319775 -0.010281999595463272 -0.0032500000670552245
v -0.02202999964356422 -0.005679000169038771 -0.0032500000670552245
v -0.011477000080049036 -0.01331999991089105 -0.0032500000670552245
v -0.011780999600887297 -0.01414600014686584 -0.0032500000670552245
v -0.014100999571382998 -0.017852999269962304 -0.0032500000670552245
v -0.011630999855697153 -0.015012999996542925 -0.0032500000670552245
v -0.011068000458180903 -0.01568900048732757 -0.0032500000670552245
v -0.009933999739587305 -0.020467000082135194 -0.0032500000670552245
v -0.010242000222206114 -0.015992999076843255 -0.0032500000670552245
v -0.005301999859511851 -0.022123999893665307 -0.0032500000670552245
v -0.009374000132083891 -0.015843000262975686 -0.0032500000670552245
v -0.008697999641299246 -0.015279999934136862 -0.0032500000670552245
v -0.008395000360906122 -0.014453999698162074 -0.0032500000670552245
v -0.0028470000252127643 -0.014054000377655024 -0.0032500000670552245
v -0.008543999865651129 -0.013586999848484988 -0.0032500000670552245
v -0.009108000434935091 -0.012911000289022919 -0.0032500000670552245
v -0.009933000430464743 -0.012606999836862084 -0.0032500000670552245
v 0.0019559999927878375 -0.017441999167203896 -0.0032500000670552245
v -0.00042200001189485187 -0.022746000438928597 -0.0032500000670552245
v 0.005797000136226415 -0.01659899950027465 -0.0032500000670552245
v 0.006359999999403953 -0.017274999991059296 -0.0032500000670552245
v 0.009167999960482119 -0.020820999518036835 -0.0032500000670552245
v 0.004478000104427337 -0.022305000573396676 -0.0032500000670552245
v 0.0074939997866749755 -0.014193000271916384 -0.0032500000670552245
v 0.00662699993699789 -0.014343000017106528 -0.0032500000670552245
v 0.005950999911874532 -0.014906000345945353 -0.0032500000670552245
v 0.005646999925374984 -0.015731999650597565 -0.0032500000670552245
v 0.0036710000131279226 -0.015011000446975226 -0.0032500000670552245
v 0.007185999769717454 -0.01757900044322013 -0.0032500000670552245
v 0.008053000085055826 -0.017428999766707413 -0.0032500000670552245
v 0.013430000282824038 -0.018363000825047486 -0.0032500000670552245
v 0.008729999884963034 -0.016866000369191163 -0.0032500000670552245
v 0.01706299930810928 -0.015046999789774413 -0.0032500000670552245
v 0.009033000096678732 -0.0160399992018938 -0.0032500000670552245
v 0.008883999660611151 -0.01517300028353929 -0.0032500000670552245
v 0.008320000022649763 -0.014496999792754645 -0.0032500000670552245
v -0.017581999301910397 -0.00010699999984353777 -0.0032500000670552245
v -0.01671499945223331 4.300000000512226e-05 -0.0032500000670552245
v -0.015372999943792818 -0.001577000017277896 -0.0032500000670552245
v -0.016039000824093815 0.0006060000159777699 -0.0032500000670552245
v -0.01644800044596195 0.0029750000685453406 -0.0032500000670552245
v -0.017273999750614163 0.003279000055044888 -0.0032500000670552245
v -0.01814099960029125 0.0031290000770241013 -0.0032500000670552245
v -0.018817000091075894 0.0025659999810159198 -0.0032500000670552245
v -0.01573500037193298 0.0014319999609142538 -0.0032500000670552245
v -0.009522000327706335 0.006717000156641004 -0.0032500000670552245
v -0.01588499918580055 0.002299000043421983 -0.0032500000670552245
v -0.008883999660611151 0.01517300028353929 -0.0032500000670552245
v -0.008320000022649763 0.014496999792754645 -0.0032500000670552245
v -0.008053000085055826 0.017428999766707413 -0.0032500000670552245
v -0.008729999884963034 0.016866000369191163 -0.0032500000670552245
v -0.009033000096678732 0.0160399992018938 -0.0032500000670552245
v -0.0074939997866749755 0.014193000271916384 -0.0032500000670552245
v -0.00662699993699789 0.014343000017106528 -0.0032500000670552245
v -0.0036710000131279226 0.015011000446975226 -0.0032500000670552245
v -0.005950999911874532 0.014906000345945353 -0.0032500000670552245
v -0.005646999925374984 0.015731999650597565 -0.0032500000670552245
v 0.004131999798119067 -0.008941999636590477 -0.0032500000670552245
v 0.005621999967843293 -0.008088000118732449 -0.0032500000670552245
v 0.006940999999642371 -0.006988999899476764 -0.0032500000670552245
v -0.008941999636590479 -0.004131999798119066 -0.0032500000670552245
v -0.00808800011873245 -0.005621999967843292 -0.0032500000670552245
v -0.010569999925792216 -0.004964999854564665 -0.0032500000670552245
v -0.0025830001104623075 -0.009504999965429303 -0.0032500000670552245
v -0.0008929999894462525 -0.009809000417590138 -0.0032500000670552245
v -0.0011320000048726795 -0.011622999794781205 -0.0032500000670552245
v 0.0008239999879151582 -0.00981499999761581 -0.0032500000670552245
v 0.002516000065952539 -0.009522999636828896 -0.0032500000670552245
v -0.006988999899476766 -0.0069409999996423695 -0.0032500000670552245
v -0.005677999928593635 -0.008049000054597851 -0.0032500000670552245
v -0.004193999804556369 -0.0089130001142621 -0.0032500000670552245
v -0.008049000054597853 0.005677999928593634 -0.0032500000670552245
v -0.008913000114262102 0.004193999804556368 -0.0032500000670552245
v -0.009504999965429304 0.002583000110462307 -0.0032500000670552245
v -0.00980900041759014 0.0008929999894462523 -0.0032500000670552245
v -0.009814999997615812 -0.000823999987915158 -0.0032500000670552245
v -0.009522999636828898 -0.0025160000659525386 -0.0032500000670552245
v -0.004131999798119067 0.008941999636590477 -0.0032500000670552245
v -0.005621999967843293 0.008088000118732449 -0.0032500000670552245
v -0.006940999999642371 0.006988999899476764 -0.0032500000670552245
v 0.0025830001104623075 0.009504999965429303 -0.0032500000670552245
v 0.0008929999894462525 0.009809000417590138 -0.0032500000670552245
v 0.0011320000048726795 0.011622999794781205 -0.0032500000670552245
v -0.0008239999879151582 0.00981499999761581 -0.0032500000670552245
v -0.002516000065952539 0.009522999636828896 -0.0032500000670552245
v 0.010569999925792216 0.004964999854564665 -0.0032500000670552245
v 0.008941999636590479 0.004131999798119066 -0.0032500000670552245
v 0.00808800011873245 0.005621999967843292 -0.0032500000670552245
v 0.006988999899476766 0.0069409999996423695 -0.0032500000670552245
v 0.005677999928593635 0.008049000054597851 -0.0032500000670552245
v 0.004193999804556369 0.0089130001142621 -0.0032500000670552245
v 0.009504999965429304 -0.002583000110462307 -0.0032500000670552245
v 0.008913000114262102 -0.004193999804556368 -0.0032500000670552245
v 0.008049000054597853 -0.005677999928593634 -0.0032500000670552245
v 0.00980900041759014 -0.0008929999894462523 -0.0032500000670552245
v 0.009814999997615812 0.000823999987915158 -0.0032500000670552245
v 0.009522999636828898 0.0025160000659525386 -0.0032500000670552245
v -0.016039000824093815 0.0006060000159777699 0.005750000011175869
v -0.01573500037193298 0.0014319999609142538 0.005750000011175869
v -0.01588499918580055 0.002299000043421983 0.005750000011175869
v -0.01644800044596195 0.0029750000685453406 0.005750000011175869
v -0.017273999750614163 0.003279000055044888 0.005750000011175869
v -0.01814099960029125 0.0031290000770241013 0.005750000011175869
v -0.018817000091075894 0.0025659999810159198 0.005750000011175869
v -0.01912100054323673 0.001739999977871775 0.005750000011175869
v -0.01897099986672401 0.0008730000117793676 0.005750000011175869
v -0.01840800046920776 0.00019700000120792533 0.005750000011175869
v -0.017581999301910397 -0.00010699999984353777 0.005750000011175869
v -0.01671499945223331 4.300000000512226e-05 0.005750000011175869
v -0.005950999911874532 0.014906000345945353 0.005750000011175869
v -0.005646999925374984 0.015731999650597565 0.005750000011175869
v -0.005797000136226415 0.01659899950027465 0.005750000011175869
v -0.006359999999403953 0.017274999991059296 0.005750000011175869
v -0.007185999769717454 0.01757900044322013 0.005750000011175869
v -0.008053000085055826 0.017428999766707413 0.005750000011175869
v -0.008729999884963034 0.016866000369191163 0.005750000011175869
v -0.009033000096678732 0.0160399992018938 0.005750000011175869
v -0.008883999660611151 0.01517300028353929 0.005750000011175869
v -0.008320000022649763 0.014496999792754645 0.005750000011175869
v -0.0074939997866749755 0.014193000271916384 0.005750000011175869
v -0.00662699993699789 0.014343000017106528 0.005750000011175869
v 0.011477000080049036 0.01331999991089105 0.005750000011175869
v 0.011780999600887297 0.01414600014686584 0.005750000011175869
v 0.011630999855697153 0.015012999996542925 0.005750000011175869
v 0.011068000458180903 0.01568900048732757 0.005750000011175869
v 0.010242000222206114 0.015992999076843255 0.005750000011175869
v 0.009374000132083891 0.015843000262975686 0.005750000011175869
v 0.008697999641299246 0.015279999934136862 0.005750000011175869
v 0.008395000360906122 0.014453999698162074 0.005750000011175869
v 0.008543999865651129 0.013586999848484988 0.005750000011175869
v 0.009108000434935091 0.012911000289022919 0.005750000011175869
v 0.009933000430464743 0.012606999836862084 0.005750000011175869
v 0.010800999589264391 0.012756999582052227 0.005750000011175869
v 0.018817000091075894 -0.0025659999810159198 0.005750000011175869
v 0.01912100054323673 -0.001739999977871775 0.005750000011175869
v 0.01897099986672401 -0.0008730000117793676 0.005750000011175869
v 0.01840800046920776 -0.00019700000120792533 0.005750000011175869
v 0.017581999301910397 0.00010699999984353777 0.005750000011175869
v 0.01671499945223331 -4.300000000512226e-05 0.005750000011175869
v 0.016039000824093815 -0.0006060000159777699 0.005750000011175869
v 0.01573500037193298 -0.0014319999609142538 0.005750000011175869
v 0.01588499918580055 -0.002299000043421983 0.005750000011175869
v 0.01644800044596195 -0.0029750000685453406 0.005750000011175869
v 0.017273999750614163 -0.003279000055044888 0.005750000011175869
v 0.01814099960029125 -0.0031290000770241013 0.005750000011175869
v 0.008729999884963034 -0.016866000369191163 0.005750000011175869
v 0.009033000096678732 -0.0160399992018938 0.005750000011175869
v 0.008883999660611151 -0.01517300028353929 0.005750000011175869
v 0.008320000022649763 -0.014496999792754645 0.005750000011175869
v 0.0074939997866749755 -0.014193000271916384 0.005750000011175869
v 0.00662699993699789 -0.014343000017106528 0.005750000011175869
v 0.005950999911874532 -0.014906000345945353 0.005750000011175869
v 0.005646999925374984 -0.015731999650597565 0.005750000011175869
v 0.005797000136226415 -0.01659899950027465 0.005750000011175869
v 0.006359999999403953 -0.017274999991059296 0.005750000011175869
v 0.007185999769717454 -0.01757900044322013 0.005750000011175869
v 0.008053000085055826 -0.017428999766707413 0.005750000011175869
v -0.008697999641299246 -0.015279999934136862 0.005750000011175869
v -0.008395000360906122 -0.014453999698162074 0.005750000011175869
v -0.008543999865651129 -0.013586999848484988 0.005750000011175869
v -0.009108000434935091 -0.012911000289022919 0.005750000011175869
v -0.009933000430464743 -0.012606999836862084 0.005750000011175869
v -0.010800999589264391 -0.012756999582052227 0.005750000011175869
v -0.011477000080049036 -0.01331999991089105 0.005750000011175869
v -0.011780999600887297 -0.01414600014686584 0.005750000011175869
v -0.011630999855697153 -0.015012999996542925 0.005750000011175869
v -0.011068000458180903 -0.01568900048732757 0.005750000011175869
v -0.010242000222206114 -0.015992999076843255 0.005750000011175869
v -0.009374000132083891 -0.015843000262975686 0.005750000011175869
v -0.014508999884128569 0.004321000073105095 0.005750000011175869
v -0.015565999783575533 0.005125999916344879 0.005750000011175869
v -0.016829000785946843 0.00554100004956126 0.005750000011175869
v 0.0061030001379549495 0.014646999537944788 0.005750000011175869
v 0.009724999777972696 0.010316000320017334 0.005750000011175869
v 0.006283000111579894 0.015536000020802016 0.005750000011175869
v 0.0066590001806616774 0.016361000016331666 0.005750000011175869
v 0.01317899953573942 0.011761000379920002 0.005750000011175869
v 0.012528000399470328 0.011130999773740765 0.005750000011175869
v 0.00998600013554096 0.010301000438630577 0.005750000011175869
v 0.010889000259339808 0.010381000116467472 0.005750000011175869
v 0.011750999838113783 0.01066199969500303 0.005750000011175869
v 0.013243000023066996 0.016758000478148453 0.005750000011175869
v 0.013989999890327452 0.015177000313997263 0.005750000011175869
v 0.013704000040888785 0.01600899919867515 0.005750000011175869
v 0.01367099955677986 0.012523000128567215 0.005750000011175869
v 0.013979000039398668 0.013375000096857543 0.005750000011175869
v 0.014086999930441378 0.014275999739766116 0.005750000011175869
v 0.00791100040078163 0.01765600033104419 0.005750000011175869
v 0.007211000192910432 0.017079999670386307 0.005750000011175869
v 0.009604999795556067 0.01827099919319152 0.005750000011175869
v 0.008723000064492224 0.018060000613331788 0.005750000011175869
v 0.01314099971204996 0.01692200079560279 0.005750000011175869
v 0.013112000189721583 0.016984000802040093 0.005750000011175869
v 0.012953000143170355 0.01734700053930282 0.005750000011175869
v 0.012876000255346296 0.017439000308513634 0.005750000011175869
v 0.012156000360846518 0.017952999100089066 0.005750000011175869
v 0.012109000235795973 0.017980000004172318 0.005750000011175869
v 0.011691000312566755 0.018044000491499894 0.005750000011175869
v 0.01139399968087673 0.01808300055563449 0.005750000011175869
v 0.011345000006258486 0.01809700019657611 0.005750000011175869
v 0.010483999736607073 0.018279999494552605 0.005750000011175869
v 0.012081000022590159 0.017993999645113938 0.005750000011175869
v 0.011939000338315962 0.018030999228358262 0.005750000011175869
v -0.0008309999830089508 0.0070819999091327164 0.005750000011175869
v -0.005311000160872935 0.003746999893337487 0.005750000011175869
v 7.599999662488698e-05 0.00657500000670552 0.005750000011175869
v 0.005311000160872935 -0.003746999893337487 0.005750000011175869
v 0.001111999968998134 0.006481000222265719 0.005750000011175869
v 0.005656000226736068 -0.00335399992763996 0.005750000011175869
v 0.002095999894663691 0.0068160002119839165 0.005750000011175869
v 0.006548999808728694 -0.00282100006006658 0.005750000011175869
v 0.0061679999344050876 0.0022780001163482657 0.005750000011175869
v 0.006126999855041503 0.013740999624133105 0.005750000011175869
v 0.006455999799072742 0.01262199971824884 0.005750000011175869
v 0.009200000204145907 0.009572000242769715 0.005750000011175869
v 0.005931000225245952 0.011877999641001221 0.005750000011175869
v 0.006126999855041503 0.005216000135987995 0.005750000011175869
v 0.002858999883756041 0.007521999999880788 0.005750000011175869
v 0.005717999767512082 0.00426100008189678 0.005750000011175869
v 0.005731999874114989 0.0032210000790655604 0.005750000011175869
v 0.01749799959361553 0.0024129999801516524 0.005750000011175869
v 0.016596000641584393 0.00232600001618266 0.005750000011175869
v 0.013797000050544737 -0.0032639999408274876 0.005750000011175869
v 0.015736000612378117 0.002038999926298856 0.005750000011175869
v 0.014963000081479548 0.001564000034704804 0.005750000011175869
v 0.014158999547362326 0.0007200000109151004 0.005750000011175869
v 0.007581000216305255 -0.00269800005480647 0.005750000011175869
v 0.007942999713122843 0.0012850000057369466 0.005750000011175869
v 0.006949999835342168 0.001593000022694468 0.005750000011175869
v 0.019407000392675396 -0.005061999894678591 0.005750000011175869
v 0.02013899944722652 -0.00452699977904558 0.005750000011175869
v 0.018572999164462086 -0.005419000051915644 0.005750000011175869
v 0.01768100075423717 -0.0055780000984668714 0.005750000011175869
v 0.015902999788522717 -0.005284000188112257 0.005750000011175869
v 0.016775000840425488 -0.005532000213861464 0.005750000011175869
v 0.01391400024294853 -0.0034980000928044306 0.005750000011175869
v 0.014434999786317347 -0.004240000154823063 0.005750000011175869
v 0.015110000036656855 -0.004846000112593172 0.005750000011175869
v 0.02071600034832954 -0.00386400008574128 0.005750000011175869
v 0.021135000512003895 -0.0030900000128895036 0.005750000011175869
v 0.021224999800324437 -0.0029200001154094926 0.005750000011175869
v 0.021263999864459034 -0.002862999914214014 0.005750000011175869
v 0.020625000819563862 0.0008180000004358586 0.005750000011175869
v 0.021625999361276623 -0.001551000052131712 0.005750000011175869
v 0.021624999120831486 -0.0014969999901950355 0.005750000011175869
v 0.021471999585628506 -0.0011020000092685218 0.005750000011175869
v 0.021356999874114987 -0.0008260000031441447 0.005750000011175869
v 0.02134500071406364 -0.0007759999716654418 0.005750000011175869
v 0.021073000505566594 6.0999998822808245e-05 0.005750000011175869
v 0.020002000033855435 0.0014759999467059966 0.005750000011175869
v 0.01924600079655647 0.0019769999198615542 0.005750000011175869
v 0.018396999686956402 0.0022950000129640094 0.005750000011175869
v 0.021500000730156895 -0.0025440000463277093 0.005750000011175869
v 0.02153999917209148 -0.002431999891996383 0.005750000011175869
v 0.0216240007430315 -0.0014649999793618913 0.005750000011175869
v 0.0215850006788969 -0.0013239999534562226 0.005750000011175869
v -0.006548999808728694 0.00282100006006658 0.005750000011175869
v -0.007942999713122843 -0.0012850000057369466 0.005750000011175869
v -0.005656000226736068 0.00335399992763996 0.005750000011175869
v -0.006949999835342168 -0.001593000022694468 0.005750000011175869
v -0.0061679999344050876 -0.0022780001163482657 0.005750000011175869
v -0.005731999874114989 -0.0032210000790655604 0.005750000011175869
v -0.005931000225245952 -0.011877999641001221 0.005750000011175869
v -0.002858999883756041 -0.007521999999880788 0.005750000011175869
v -0.006126999855041503 -0.005216000135987995 0.005750000011175869
v -0.005717999767512082 -0.00426100008189678 0.005750000011175869
v -0.002095999894663691 -0.0068160002119839165 0.005750000011175869
v -0.001111999968998134 -0.006481000222265719 0.005750000011175869
v 0.0008309999830089508 -0.0070819999091327164 0.005750000011175869
v 0.0014540000120177863 -0.007914000190794464 0.005750000011175869
v 0.00485499994829297 -0.005222999956458805 0.005750000011175869
v -7.599999662488698e-05 -0.00657500000670552 0.005750000011175869
v 0.005055999848991632 -0.004203000105917452 0.005750000011175869
v 0.009633000008761881 -0.012609000317752358 0.005750000011175869
v 0.004071999806910752 -0.013580000028014178 0.005750000011175869
v 0.010312999598681925 -0.013209000229835505 0.005750000011175869
v 0.010839000344276426 -0.013946999795734877 0.005750000011175869
v 0.008836000226438044 -0.012175999581813809 0.005750000011175869
v 0.0077030002139508716 -0.011903000064194199 0.005750000011175869
v 0.005084999836981296 -0.006237000226974486 0.005750000011175869
v 0.003928000107407569 -0.013798999600112433 0.005750000011175869
v 0.003545999992638826 -0.014620999805629248 0.005750000011175869
v 0.011021000333130358 -0.017452999949455254 0.005750000011175869
v 0.00701199984177947 -0.019873000681400292 0.005750000011175869
v 0.007891000248491762 -0.019848000258207314 0.005750000011175869
v 0.008084000088274477 -0.019841000437736504 0.005750000011175869
v 0.008151999674737452 -0.019847000017762177 0.005750000011175869
v 0.006149000022560357 -0.01970399916172027 0.005750000011175869
v 0.005319000221788882 -0.01933800056576728 0.005750000011175869
v 0.0033579999580979343 -0.015507999807596201 0.005750000011175869
v 0.0033750000875443216 -0.01641499996185302 0.005750000011175869
v 0.01127899996936321 -0.016583999618887894 0.005750000011175869
v 0.01133500039577484 -0.015678999945521348 0.005750000011175869
v 0.011185999959707258 -0.014785000123083586 0.005750000011175869
v 0.00946999993175268 -0.019503999501466744 0.005750000011175869
v 0.009517000056803225 -0.019476000219583504 0.005750000011175869
v 0.009781000204384325 -0.01914699934422969 0.005750000011175869
v 0.009963000193238257 -0.018908999860286706 0.005750000011175869
v 0.00999999977648258 -0.01887300051748752 0.005750000011175869
v 0.010588999837636946 -0.018219999969005578 0.005750000011175869
v 0.008546999655663965 -0.01989099942147731 0.005750000011175869
v 0.008663999848067759 -0.01986999996006488 0.005750000011175869
v 0.003595999907702207 -0.0172940008342266 0.005750000011175869
v 0.004009999800473451 -0.01810099929571151 0.005750000011175869
v 0.004594000056385993 -0.018794000148773186 0.005750000011175869
v 0.009542999789118765 -0.019458999857306473 0.005750000011175869
v 0.009646000340580939 -0.0193559993058443 0.005750000011175869
v -0.009724999777972696 -0.010316000320017334 0.005750000011175869
v -0.010030999779701231 -0.018300000578165047 0.005750000011175869
v -0.008723000064492224 -0.018060000613331788 0.005750000011175869
v -0.007565999869257211 -0.017404999583959573 0.005750000011175869
v -0.0066880001686513415 -0.016406999900937073 0.005750000011175869
v -0.006184999831020831 -0.015177000313997263 0.005750000011175869
v -0.006113000214099883 -0.013849000446498389 0.005750000011175869
v -0.006455999799072742 -0.01262199971824884 0.005750000011175869
v -0.009200000204145907 -0.009572000242769715 0.005750000011175869
v -0.013989999890327452 -0.015177000313997263 0.005750000011175869
v -0.014086999930441378 -0.014275999739766116 0.005750000011175869
v -0.013979000039398668 -0.013375000096857543 0.005750000011175869
v -0.01367099955677986 -0.012523000128567215 0.005750000011175869
v -0.010889000259339808 -0.010381000116467472 0.005750000011175869
v -0.011750999838113783 -0.01066199969500303 0.005750000011175869
v -0.00998600013554096 -0.010301000438630577 0.005750000011175869
v -0.012528000399470328 -0.011130999773740765 0.005750000011175869
v -0.01317899953573942 -0.011761000379920002 0.005750000011175869
v -0.013704000040888785 -0.01600899919867515 0.005750000011175869
v -0.01139399968087673 -0.01808300055563449 0.005750000011175869
v -0.011345000006258486 -0.01809700019657611 0.005750000011175869
v -0.012876000255346296 -0.017439000308513634 0.005750000011175869
v -0.012156000360846518 -0.017952999100089066 0.005750000011175869
v -0.011691000312566755 -0.018044000491499894 0.005750000011175869
v -0.012109000235795973 -0.017980000004172318 0.005750000011175869
v -0.011939000338315962 -0.018030999228358262 0.005750000011175869
v -0.012081000022590159 -0.017993999645113938 0.005750000011175869
v -0.012953000143170355 -0.01734700053930282 0.005750000011175869
v -0.013112000189721583 -0.016984000802040093 0.005750000011175869
v -0.01314099971204996 -0.01692200079560279 0.005750000011175869
v -0.013243000023066996 -0.016758000478148453 0.005750000011175869
v -0.015049999579787253 -0.0016309999627992504 0.005750000011175869
v -0.014158999547362326 -0.0007200000109151004 0.005750000011175869
v -0.013797000050544737 0.0032639999408274876 0.005750000011175869
v -0.007581000216305255 0.00269800005480647 0.005750000011175869
v -0.018159000203013417 0.005518999882042406 0.005750000011175869
v -0.021471999585628506 0.0011020000092685218 0.005750000011175869
v -0.01885700039565563 -0.002150000073015689 0.005750000011175869
v -0.01755299977958202 -0.002411999972537159 0.005750000011175869
v -0.01623599976301193 -0.0022319999989122144 0.005750000011175869
v -0.021356999874114987 0.0008260000031441447 0.005750000011175869
v -0.02134500071406364 0.0007759999716654418 0.005750000011175869
v -0.020863000303506848 -0.0004630000039469449 0.005750000011175869
v -0.020002000033855435 -0.0014759999467059966 0.005750000011175869
v -0.019407000392675396 0.005061999894678591 0.005750000011175869
v -0.020437000319361683 0.004222000017762182 0.005750000011175869
v -0.021135000512003895 0.0030900000128895036 0.005750000011175869
v -0.021224999800324437 0.0029200001154094926 0.005750000011175869
v -0.021263999864459034 0.002862999914214014 0.005750000011175869
v -0.0216240007430315 0.0014649999793618913 0.005750000011175869
v -0.0215850006788969 0.0013239999534562226 0.005750000011175869
v -0.021624999120831486 0.0014969999901950355 0.005750000011175869
v -0.021625999361276623 0.001551000052131712 0.005750000011175869
v -0.02153999917209148 0.002431999891996383 0.005750000011175869
v -0.021500000730156895 0.0025440000463277093 0.005750000011175869
v -0.0077030002139508716 0.011903000064194199 0.005750000011175869
v -0.004071999806910752 0.013580000028014178 0.005750000011175869
v -0.005084999836981296 0.006237000226974486 0.005750000011175869
v -0.0014540000120177863 0.007914000190794464 0.005750000011175869
v -0.00485499994829297 0.005222999956458805 0.005750000011175869
v -0.005055999848991632 0.004203000105917452 0.005750000011175869
v -0.008836000226438044 0.012175999581813809 0.005750000011175869
v -0.010312999598681925 0.013209000229835505 0.005750000011175869
v -0.009633000008761881 0.012609000317752358 0.005750000011175869
v -0.0033750000875443216 0.01641499996185302 0.005750000011175869
v -0.003928000107407569 0.013798999600112433 0.005750000011175869
v -0.003545999992638826 0.014620999805629248 0.005750000011175869
v -0.0033579999580979343 0.015507999807596201 0.005750000011175869
v -0.005319000221788882 0.01933800056576728 0.005750000011175869
v -0.006149000022560357 0.01970399916172027 0.005750000011175869
v -0.00701199984177947 0.019873000681400292 0.005750000011175869
v -0.007891000248491762 0.019848000258207314 0.005750000011175869
v -0.008084000088274477 0.019841000437736504 0.005750000011175869
v -0.011291000060737131 0.015261000022292132 0.005750000011175869
v -0.011185999959707258 0.014785000123083586 0.005750000011175869
v -0.010839000344276426 0.013946999795734877 0.005750000011175869
v -0.003595999907702207 0.0172940008342266 0.005750000011175869
v -0.004009999800473451 0.01810099929571151 0.005750000011175869
v -0.004594000056385993 0.018794000148773186 0.005750000011175869
v -0.011021000333130358 0.017452999949455254 0.005750000011175869
v -0.01127899996936321 0.016583999618887894 0.005750000011175869
v -0.01133500039577484 0.015678999945521348 0.005750000011175869
v -0.008663999848067759 0.01986999996006488 0.005750000011175869
v -0.00946999993175268 0.019503999501466744 0.005750000011175869
v -0.009781000204384325 0.01914699934422969 0.005750000011175869
v -0.009517000056803225 0.019476000219583504 0.005750000011175869
v -0.009646000340580939 0.0193559993058443 0.005750000011175869
v -0.009542999789118765 0.019458999857306473 0.005750000011175869
v -0.008546999655663965 0.01989099942147731 0.005750000011175869
v -0.008151999674737452 0.019847000017762177 0.005750000011175869
v -0.009963000193238257 0.018908999860286706 0.005750000011175869
v -0.00999999977648258 0.01887300051748752 0.005750000011175869
v -0.010588999837636946 0.018219999969005578 0.005750000011175869
v -0.00798899959772825 -0.0017829999560490244 0.005249999929219483
v -0.00798899959772825 -0.0017829999560490244 0.004250000230967997
v -0.006535999942570924 -0.004927999805659054 0.005249999929219483
v -0.006535999942570924 -0.004927999805659054 0.004250000230967997
v -0.002450000029057264 -0.007809999864548442 0.005249999929219483
v -0.002450000029057264 -0.007809999864548442 0.004250000230967997
v 0.001000000047497451 -0.00812400039285421 0.005249999929219483
v 0.001000000047497451 -0.00812400039285421 0.004250000230967997
v 0.0055390000343322745 -0.00602700002491474 0.005249999929219483
v 0.0055390000343322745 -0.00602700002491474 0.004250000230967997
v 0.007536000106483697 -0.003195999888703226 0.005249999929219483
v 0.007536000106483697 -0.003195999888703226 0.004250000230967997
v 0.00798899959772825 0.0017829999560490244 0.005249999929219483
v 0.00798899959772825 0.0017829999560490244 0.004250000230967997
v 0.006535999942570924 0.004927999805659054 0.005249999929219483
v 0.006535999942570924 0.004927999805659054 0.004250000230967997
v 0.002450000029057264 0.007809999864548442 0.005249999929219483
v 0.002450000029057264 0.007809999864548442 0.004250000230967997
v -0.001000000047497451 0.00812400039285421 0.005249999929219483
v -0.001000000047497451 0.00812400039285421 0.004250000230967997
v -0.0055390000343322745 0.00602700002491474 0.005249999929219483
v -0.0055390000343322745 0.00602700002491474 0.004250000230967997
v -0.007536000106483697 0.003195999888703226 0.005249999929219483
v -0.007536000106483697 0.003195999888703226 0.004250000230967997
v -0.006709999870508908 0.0032949999440461384 0.005249999929219483
v -0.006515000015497207 0.0033720000647008406 0.004250000230967997
v -0.006515000015497207 0.0033720000647008406 0.005249999929219483
v -0.005994999781250953 0.0037199999205768095 0.005249999929219483
v -0.005719999782741069 0.004035000223666428 0.004250000230967997
v -0.005719999782741069 0.004035000223666428 0.005249999929219483
v -0.005516000092029571 0.00439999997615814 0.005249999929219483
v -0.005363000091165303 0.0050070001743733866 0.004250000230967997
v -0.005353999789804219 0.005216000135987995 0.005249999929219483
v -0.005363000091165303 0.0050070001743733866 0.005249999929219483
v -0.0005019999807700514 0.0074579999782145 0.005249999929219483
v -0.00033700000494718546 0.007329000160098073 0.004250000230967997
v -0.00033700000494718546 0.007329000160098073 0.005249999929219483
v 0.00022400000307243315 0.007052000146359203 0.005249999929219483
v 0.0006339999963529407 0.006971000228077171 0.004250000230967997
v 0.0006339999963529407 0.006971000228077171 0.005249999929219483
v 0.0010529999854043124 0.0069769998081028435 0.005249999929219483
v 0.00165500002913177 0.007147000171244142 0.004250000230967997
v 0.0018400000408291815 0.0072449999861419175 0.005249999929219483
v 0.00165500002913177 0.007147000171244142 0.005249999929219483
v 0.006207999773323535 0.004164000041782854 0.005249999929219483
v 0.006178000010550021 0.003955999854952095 0.004250000230967997
v 0.006178000010550021 0.003955999854952095 0.005249999929219483
v 0.0062199998646974555 0.0033319999929517495 0.005249999929219483
v 0.0063539999537169925 0.002936000004410743 0.004250000230967997
v 0.0063539999537169925 0.002936000004410743 0.005249999929219483
v 0.0065689999610185614 0.002577000064775347 0.005249999929219483
v 0.00701700011268258 0.0021410000044852487 0.004250000230967997
v 0.007193999830633401 0.002029000082984566 0.005249999929219483
v 0.00701700011268258 0.0021410000044852487 0.005249999929219483
v 0.006709999870508908 -0.0032949999440461384 0.005249999929219483
v 0.006515000015497207 -0.0033720000647008406 0.004250000230967997
v 0.006515000015497207 -0.0033720000647008406 0.005249999929219483
v 0.005994999781250953 -0.0037199999205768095 0.005249999929219483
v 0.005719999782741069 -0.004035000223666428 0.004250000230967997
v 0.005719999782741069 -0.004035000223666428 0.005249999929219483
v 0.005516000092029571 -0.00439999997615814 0.005249999929219483
v 0.005363000091165303 -0.0050070001743733866 0.004250000230967997
v 0.005353999789804219 -0.005216000135987995 0.005249999929219483
v 0.005363000091165303 -0.0050070001743733866 0.005249999929219483
v 0.0005019999807700514 -0.0074579999782145 0.005249999929219483
v 0.00033700000494718546 -0.007329000160098073 0.004250000230967997
v 0.00033700000494718546 -0.007329000160098073 0.005249999929219483
v -0.00022400000307243315 -0.007052000146359203 0.005249999929219483
v -0.0006339999963529407 -0.006971000228077171 0.004250000230967997
v -0.0006339999963529407 -0.006971000228077171 0.005249999929219483
v -0.0010529999854043124 -0.0069769998081028435 0.005249999929219483
v -0.00165500002913177 -0.007147000171244142 0.004250000230967997
v -0.0018400000408291815 -0.0072449999861419175 0.005249999929219483
v -0.00165500002913177 -0.007147000171244142 0.005249999929219483
v -0.006207999773323535 -0.004164000041782854 0.005249999929219483
v -0.006178000010550021 -0.003955999854952095 0.004250000230967997
v -0.006178000010550021 -0.003955999854952095 0.005249999929219483
v -0.0062199998646974555 -0.0033319999929517495 0.005249999929219483
v -0.0063539999537169925 -0.002936000004410743 0.004250000230967997
v -0.0063539999537169925 -0.002936000004410743 0.005249999929219483
v -0.0065689999610185614 -0.002577000064775347 0.005249999929219483
v -0.00701700011268258 -0.0021410000044852487 0.004250000230967997
v -0.007193999830633401 -0.002029000082984566 0.005249999929219483
v -0.00701700011268258 -0.0021410000044852487 0.005249999929219483
v 0.020943000912666317 -0.024815000593662255 0.0017500000540167087
v 0.020943000912666317 -0.024815000593662255 -0.013249999843537802
v -0.030402999371290203 0.011405000463128086 -0.013249999843537802
v -0.030402999371290203 0.011405000463128086 0.0017500000540167087
v 0.0053240000270307055 -0.032032001763582216 -0.013249999843537802
v 0.0053240000270307055 -0.032032001763582216 0.0017500000540167087
v -0.011018999852240084 -0.030544999986886968 0.0017500000540167087
v -0.011018999852240084 -0.030544999986886968 -0.013249999843537802
v -0.02507900074124336 -0.020626999437808984 -0.013249999843537802
v -0.02507900074124336 -0.020626999437808984 0.0017500000540167087
v -0.031961999833583825 -0.005729999858886002 0.0017500000540167087
v -0.031961999833583825 -0.005729999858886002 -0.013249999843537802
v -0.01892999932169914 -0.029438000172376622 -0.013249999843537802
v -0.01892999932169914 -0.029438000172376622 0.004149999935179947
v -0.0160789992660284 -0.025395000353455537 0.004093000199645756
v -0.016660999506711956 -0.02621999941766261 0.004149999935179947
v -0.01853000000119209 -0.0236659999936819 0.004093000199645756
v -0.020804999396204945 -0.02689100056886672 -0.013249999843537802
v -0.021382000297307965 -0.02770799957215785 -0.013249999843537802
v -0.021382000297307965 -0.02770799957215785 0.004149999935179947
v -0.019112000241875645 -0.024491000920534127 0.004149999935179947
v -0.03495899960398673 0.0016749999485909932 -0.013249999843537802
v -0.03495899960398673 0.0016749999485909932 0.004149999935179947
v -0.028919000178575512 0.001125999959185719 0.0041700000874698145
v -0.03002900071442127 0.0012270000297576185 0.004149999935179947
v -0.028646999970078465 0.004112999886274336 0.0041700000874698145
v -0.03369100019335746 0.004571999888867138 -0.013249999843537802
v -0.034687001258134835 0.004662999883294104 -0.013249999843537802
v -0.034687001258134835 0.004662999883294104 0.004149999935179947
v -0.02975700050592422 0.0042139999568462354 0.004149999935179947
v -0.015619999729096888 0.032613001763820634 0.0046740001998841745
v -0.009669999592006205 0.019735999405384057 0.00564899994060397
v -0.014712000265717505 0.03303299844264983 0.0046740001998841745
v -0.009619999676942824 0.01976599916815757 0.00564800016582012
v -0.008762000128626822 0.02015599980950355 0.00564899994060397
v 0.020095000043511387 0.029353000223636617 0.004714000038802622
v 0.012257000431418417 0.01824299991130828 0.00564899994060397
v 0.020912000909447667 0.028776999562978734 0.004714000038802622
v 0.01230799965560436 0.018214000388979905 0.00564800016582012
v 0.013074000366032122 0.01766600087285041 0.00564899994060397
v 0.022260999307036396 0.028963999822735776 0.003749999916180967
v 0.01975000090897083 0.030598999932408322 0.0023129999171942464
v 0.019543999806046482 0.030307000502943982 0.002999000018462538
v 0.019254999235272404 0.02989800088107585 0.0034449999220669257
v 0.019083999097347256 0.029655000194907178 0.003597999922931193
v 0.018897000700235363 0.02938999980688094 0.003701000008732079
v 0.02220099978148937 0.028869999572634687 0.0023129999171942464
v 0.022073000669479367 0.02868800051510333 0.0028089999686926595
v 0.02181500010192394 0.02832300029695033 0.0033110000658780323
v 0.021476000547409054 0.027842000126838674 0.0036369999870657908
v 0.019818000495433804 0.03068700060248374 0.003749999916180967
v 0.03605400025844573 -0.002778999973088502 0.0046740001998841745
v 0.021926999092102047 -0.001492999959737062 0.00564899994060397
v 0.035962998867034905 -0.0037750001065433012 0.0046740001998841745
v 0.021927999332547184 -0.0015519999433308835 0.00564800016582012
v 0.02183599956333637 -0.0024890000931918612 0.00564899994060397
v 0.016029000282287594 -0.031113000586628903 -0.013249999843537802
v 0.016029000282287594 -0.031113000586628903 0.004149999935179947
v 0.013953000307083128 -0.026621999219059934 0.004093000199645756
v 0.014376999810338019 -0.027538999915122975 0.004149999935179947
v 0.011230000294744967 -0.027879999950528134 0.004093000199645756
v 0.012885999865829943 -0.03146399930119513 -0.013249999843537802
v 0.013305000029504297 -0.03237099945545195 -0.013249999843537802
v 0.013305000029504297 -0.03237099945545195 0.004149999935179947
v 0.011653999797999857 -0.028797000646591176 0.004149999935179947
v -0.015275999903678892 0.03425100073218344 0.004650000017136334
v -0.01618300005793571 0.03383199870586394 0.004650000017136334
v -0.014999999664723871 0.03365499898791312 0.004650000017136334
v -0.015907999128103253 0.03323600068688391 0.004650000017136334
v 0.03673699870705604 -0.0028409999795258037 0.004650000017136334
v 0.03664600104093551 -0.003837000112980603 0.004650000017136334
v 0.03739099949598312 -0.0029009999707341185 0.004650000017136334
v 0.03730000182986259 -0.0038970001041889178 0.004650000017136334
v 0.007586000021547078 -0.03314299881458281 0.0037070000544190394
v 0.007586000021547078 -0.03314299881458281 -0.013249999843537802
v -0.03249600157141685 0.010002000257372853 0.0037070000544190394
v -0.03249600157141685 0.010002000257372853 -0.013249999843537802
v -0.024909999221563336 -0.02314100041985511 0.0037070000544190394
v -0.024909999221563336 -0.02314100041985511 -0.013249999843537802
v -0.03577399998903274 0.003757999977096914 -0.013249999843537802
v -0.03586399927735328 0.0027620000764727584 -0.013249999843537802
v -0.03577399998903274 0.003757999977096914 0.004149999935179947
v -0.03586399927735328 0.0027620000764727584 0.004149999935179947
v -0.029921999201178547 0.0022209999151527873 0.00515000009909272
v -0.02983099967241287 0.003217000048607587 0.00515000009909272
v -0.034867998212575906 0.0026710000820457927 0.00515000009909272
v -0.034777998924255364 0.0036669999826699482 0.00515000009909272
v -0.021141000092029568 -0.029101999476552 -0.013249999843537802
v -0.02032399922609329 -0.029678000137209882 -0.013249999843537802
v -0.021141000092029568 -0.029101999476552 0.004149999935179947
v -0.02032399922609329 -0.029678000137209882 0.004149999935179947
v -0.020564999431371685 -0.02828500047326087 0.00515000009909272
v -0.01974700018763542 -0.028860999271273603 0.00515000009909272
v -0.018294999375939366 -0.02506699971854686 0.00515000009909272
v -0.017478000372648236 -0.02564400061964988 0.00515000009909272
v 0.014632999897003172 -0.032859999686479555 -0.013249999843537802
v 0.015540000051259993 -0.03243999928236006 -0.013249999843537802
v 0.014632999897003172 -0.032859999686479555 0.004149999935179947
v 0.015540000051259993 -0.03243999928236006 0.004149999935179947
v 0.014213000424206255 -0.031952001154422746 0.00515000009909272
v 0.015120999887585638 -0.031532000750303255 0.00515000009909272
v 0.012560999952256678 -0.02837800048291682 0.00515000009909272
v 0.013469000346958636 -0.02795800007879733 0.00515000009909272
v -0.03129500150680541 0.011282999999821183 -0.013249999843537802
v -0.031422998756170266 0.011229000054299828 0.002749999985098838
v -0.03204299882054328 0.010781000368297097 -0.013249999843537802
v -0.03203000128269195 0.010795000009238716 0.003315000096336006
v -0.03221800178289413 0.01056599989533424 0.0034819999709725367
v -0.025147000327706334 0.009686999954283234 0.003597999922931193
v -0.025126000866293904 0.00992100033909082 0.0034819999709725367
v -0.025087999179959294 0.01033299975097179 0.0031640001107007256
v -0.025048999115824696 0.010765000246465203 0.002515000058338045
v -0.025058999657630917 0.010649999603629109 0.002749999985098838
v -0.023911999538540837 0.009736999869346615 0.003597999922931193
v -0.021041000261902806 0.011807999573647972 0.0034819999709725367
v -0.021378999575972554 0.01204700022935867 0.0031640001107007256
v -0.022102000191807743 0.011262999847531315 0.0031640001107007256
v -0.022379999980330464 0.011595999822020527 0.002515000058338045
v -0.023186000064015385 0.011087000370025631 0.002515000058338045
v -0.024095999076962468 0.010803000070154663 0.002515000058338045
v -0.021733000874519345 0.012296999804675576 0.002515000058338045
v -0.021639000624418255 0.012230000458657738 0.002749999985098838
v -0.02300399914383888 0.01069299969822168 0.0031640001107007256
v -0.02402199991047382 0.010375999845564362 0.0031640001107007256
v -0.020849000662565228 0.011672999709844586 0.003597999922931193
v -0.021686999127268788 0.010765000246465203 0.003597999922931193
v -0.02273200079798698 0.010103999637067314 0.003597999922931193
v -0.01799100078642368 0.015724999830126755 0.003597999922931193
v -0.01818200014531612 0.015860000625252717 0.0034819999709725367
v -0.018520999699831005 0.01609900034964084 0.0031640001107007256
v -0.018781000748276707 0.016281999647617333 0.002749999985098838
v -0.018874999135732647 0.01634900085628032 0.002515000058338045
v -0.017416000366210934 0.016819000244140618 0.003597999922931193
v -0.017774000763893124 0.020341999828815453 0.0034819999709725367
v -0.01815100014209747 0.020168000832200043 0.0031640001107007256
v -0.017833000048995015 0.019150000065565102 0.0031640001107007256
v -0.018261000514030453 0.019076000899076455 0.002515000058338045
v -0.018222000449895855 0.018123000860214226 0.002515000058338045
v -0.0184320006519556 0.017193000763654702 0.002515000058338045
v -0.01854399964213371 0.019985999912023537 0.002515000058338045
v -0.01843900047242641 0.020035000517964356 0.002749999985098838
v -0.017790999263525006 0.01808400079607963 0.0031640001107007256
v -0.018024999648332592 0.017043000087141984 0.0031640001107007256
v -0.017562000080943104 0.02043999917805194 0.003597999922931193
v -0.017193999141454693 0.019260000437498086 0.003597999922931193
v -0.017144000157713887 0.01802499964833259 0.003597999922931193
v -0.021871000528335568 0.027195999398827542 0.0025249999016523353
v -0.02177000045776367 0.027242999523878087 0.002749999985098838
v -0.02110500074923038 0.027550000697374333 0.0034819999709725367
v -0.020656000822782513 0.027758000418543805 0.0036849998869001852
v 0.03305400162935256 -0.010418999940156933 0.003592999884858726
v 0.025147000327706334 -0.009686999954283234 0.003597999922931193
v 0.03303400054574012 -0.0106410002335906 0.0034819999709725367
v 0.025126000866293904 -0.00992100033909082 0.0034819999709725367
v 0.03299500048160552 -0.01106499973684549 0.003152000019326805
v 0.025087999179959294 -0.01033299975097179 0.0031640001107007256
v 0.03296700119972228 -0.011370000429451462 0.002749999985098838
v 0.025058999657630917 -0.010649999603629109 0.002749999985098838
v 0.03295699879527091 -0.011490000411868092 0.002503999974578618
v 0.025048999115824696 -0.010765000246465203 0.002515000058338045
v 0.023911999538540837 -0.009736999869346615 0.003597999922931193
v 0.021041000261902806 -0.011807999573647972 0.0034819999709725367
v 0.021378999575972554 -0.01204700022935867 0.0031640001107007256
v 0.022102000191807743 -0.011262999847531315 0.0031640001107007256
v 0.022379999980330464 -0.011595999822020527 0.002515000058338045
v 0.023186000064015385 -0.011087000370025631 0.002515000058338045
v 0.024095999076962468 -0.010803000070154663 0.002515000058338045
v 0.021733000874519345 -0.012296999804675576 0.002515000058338045
v 0.021639000624418255 -0.012230000458657738 0.002749999985098838
v 0.02300399914383888 -0.01069299969822168 0.0031640001107007256
v 0.02402199991047382 -0.010375999845564362 0.0031640001107007256
v 0.020849000662565228 -0.011672999709844586 0.003597999922931193
v 0.021686999127268788 -0.010765000246465203 0.003597999922931193
v 0.02273200079798698 -0.010103999637067314 0.003597999922931193
v 0.018874999135732647 -0.01634900085628032 0.002515000058338045
v 0.018781000748276707 -0.016281999647617333 0.002749999985098838
v 0.018520999699831005 -0.01609900034964084 0.0031640001107007256
v 0.01818200014531612 -0.015860000625252717 0.0034819999709725367
v 0.01799100078642368 -0.015724999830126755 0.003597999922931193
v 0.017416000366210934 -0.016819000244140618 0.003597999922931193
v 0.017774000763893124 -0.020341999828815453 0.0034819999709725367
v 0.01815100014209747 -0.020168000832200043 0.0031640001107007256
v 0.017833000048995015 -0.019150000065565102 0.0031640001107007256
v 0.018261000514030453 -0.019076000899076455 0.002515000058338045
v 0.018222000449895855 -0.018123000860214226 0.002515000058338045
v 0.0184320006519556 -0.017193000763654702 0.002515000058338045
v 0.01854399964213371 -0.019985999912023537 0.002515000058338045
v 0.01843900047242641 -0.020035000517964356 0.002749999985098838
v 0.017790999263525006 -0.01808400079607963 0.0031640001107007256
v 0.018024999648332592 -0.017043000087141984 0.0031640001107007256
v 0.017562000080943104 -0.02043999917805194 0.003597999922931193
v 0.017193999141454693 -0.019260000437498086 0.003597999922931193
v 0.017144000157713887 -0.01802499964833259 0.003597999922931193
v 0.02076200023293495 -0.02680700086057185 0.0034819999709725367
v 0.020904999226331707 -0.026569999754428853 -0.013249999843537802
v 0.02091399952769279 -0.026552999392151822 0.003315000096336006
v 0.021127000451087948 -0.025697000324726098 -0.013249999843537802
v 0.021119000390172 -0.02583499997854232 0.002749999985098838
v 0.00587600003927946 -0.03274400159716605 -0.013249999843537802
v 0.005987000185996293 -0.03282799944281577 0.002749999985098838
v 0.006684999912977218 -0.03314099833369254 -0.013249999843537802
v 0.006666000001132487 -0.03313700109720229 0.003315000096336006
v 0.006957999896258115 -0.03318500146269797 0.0034819999709725367
v 0.0041840001940727225 -0.026621000841259946 0.003597999922931193
v 0.00397100020200014 -0.02672000043094157 0.0034819999709725367
v 0.0035949999000877138 -0.02689399942755698 0.0031640001107007256
v 0.0032009999267756935 -0.02707500010728835 0.002515000058338045
v 0.0033070000354200597 -0.02702699974179267 0.002749999985098838
v 0.0035240000579506154 -0.025576999410986893 0.003597999922931193
v 0.0002939999976661056 -0.024126000702381127 0.0034819999709725367
v 0.0002559999993536621 -0.024537999182939522 0.0031640001107007256
v 0.0012969999806955455 -0.024772999808192246 0.0031640001107007256
v 0.0011470000026747582 -0.025180000811815255 0.002515000058338045
v 0.001991000026464462 -0.0256229992955923 0.002515000058338045
v 0.0026920000091195102 -0.026270000264048566 0.002515000058338045
v 0.00021699999342672524 -0.02497000060975551 0.002515000058338045
v 0.00022800000442657617 -0.02485500089824199 0.002749999985098838
v 0.002241000067442655 -0.02526899985969066 0.0031640001107007256
v 0.0030249999836087223 -0.02599200047552585 0.0031640001107007256
v 0.00031500001205131406 -0.02389200031757354 0.003597999922931193
v 0.0015210000565275548 -0.024164000526070588 0.003597999922931193
v 0.002614999888464808 -0.024738999083638184 0.003597999922931193
v -0.004623000044375657 -0.023443000391125672 0.003597999922931193
v -0.004643999971449374 -0.02367700077593326 0.0034819999709725367
v -0.004681999795138835 -0.024088999256491654 0.0031640001107007256
v -0.004710999783128499 -0.024405999109148972 0.002749999985098838
v -0.004720999859273433 -0.02452100068330764 0.002515000058338045
v -0.005857999902218579 -0.02349199913442134 0.003597999922931193
v -0.008728999644517897 -0.02556400001049041 0.0034819999709725367
v -0.008391000330448149 -0.025802999734878533 0.0031640001107007256
v -0.00766699993982911 -0.02501899935305118 0.0031640001107007256
v -0.00738999992609024 -0.02535199932754039 0.002515000058338045
v -0.006583999842405318 -0.024842999875545495 0.002515000058338045
v -0.005673999898135661 -0.0245590005069971 0.002515000058338045
v -0.008036999963223932 -0.02605300024151801 0.002515000058338045
v -0.008131000213325022 -0.025986000895500176 0.002749999985098838
v -0.00676599983125925 -0.024449000135064118 0.0031640001107007256
v -0.005747999995946883 -0.0241320002824068 0.0031640001107007256
v -0.00892100017517805 -0.02542899921536445 0.003597999922931193
v -0.00808299984782934 -0.024520000442862504 0.003597999922931193
v -0.007038000039756297 -0.023860000073909753 0.003597999922931193
v -0.012834999710321425 -0.03138399869203566 0.0034819999709725367
v -0.012558000162243841 -0.03139000013470648 -0.013249999843537802
v -0.012539000250399111 -0.031389001756906496 0.003315000096336006
v -0.011691000312566755 -0.03114500083029269 -0.013249999843537802
v -0.011814000084996222 -0.03120799921452998 0.002749999985098838
v -0.03359600156545638 -0.004577000159770249 0.0034819999709725367
v -0.033463001251220696 -0.004819000139832495 -0.013249999843537802
v -0.033452998846769326 -0.0048360000364482385 0.003315000096336006
v -0.0328180007636547 -0.005448000039905308 -0.013249999843537802
v -0.03293399885296821 -0.005371999926865099 0.002749999985098838
v -0.026481999084353443 -0.004989000037312506 0.003597999922931193
v -0.026581000536680218 -0.006066999863833187 0.002515000058338045
v -0.02656999975442886 -0.005950999911874531 0.002749999985098838
v -0.026541000232100483 -0.0056349998340010626 0.0031640001107007256
v -0.02650400064885616 -0.0052220001816749555 0.0034819999709725367
v -0.022826999425888058 -0.007815999910235401 0.0034819999709725367
v -0.02261400036513805 -0.007718000095337627 0.003597999922931193
v -0.0232740007340908 -0.006672999821603296 0.003597999922931193
v -0.025500999763607975 -0.005869000218808649 0.0031640001107007256
v -0.025650000199675557 -0.006275999825447796 0.002515000058338045
v -0.024806000292301175 -0.006719000171869991 0.002515000058338045
v -0.02410599961876869 -0.007366000209003684 0.002515000058338045
v -0.023595999926328656 -0.008171999827027317 0.002515000058338045
v -0.023491000756621357 -0.008123000152409073 0.002749999985098838
v -0.024555999785661694 -0.006364999804645775 0.0031640001107007256
v -0.023772999644279477 -0.007087999954819677 0.0031640001107007256
v -0.023203000426292416 -0.007989999838173386 0.0031640001107007256
v -0.02527699992060661 -0.005260000005364416 0.003597999922931193
v -0.02418199926614761 -0.005834999959915875 0.003597999922931193
v -0.02151600085198879 -0.012672999873757359 0.002515000058338045
v -0.02141099981963634 -0.012625000439584252 0.002749999985098838
v -0.0211229994893074 -0.012490999884903427 0.0031640001107007256
v -0.02074700035154819 -0.012316999956965443 0.0034819999709725367
v -0.020533999428153035 -0.01221899967640638 0.003597999922931193
v -0.021154999732971188 -0.016798999160528176 0.0034819999709725367
v -0.02096300013363361 -0.016933999955654137 0.003597999922931193
v -0.020387999713420864 -0.015839999541640275 0.003597999922931193
v -0.020805999636650082 -0.01350999996066093 0.0031640001107007256
v -0.021232999861240383 -0.013582999818027014 0.002515000058338045
v -0.021195000037550923 -0.014535999856889243 0.002515000058338045
v -0.02140399999916553 -0.015465999953448767 0.002515000058338045
v -0.021847000345587727 -0.016310000792145722 0.002515000058338045
v -0.021753000095486637 -0.01637700013816356 0.002749999985098838
v -0.020763000473380085 -0.01457499992102384 0.0031640001107007256
v -0.020997000858187672 -0.01561599969863891 0.0031640001107007256
v -0.021493000909686085 -0.016559999436140053 0.0031640001107007256
v -0.020166000351309773 -0.013399000279605383 0.003597999922931193
v -0.020116999745368954 -0.014634000137448306 0.003597999922931193
v -0.02541900053620338 -0.021461000666022294 -0.013249999843537802
v -0.025436000898480412 -0.021599000319838517 0.002749999985098838
v -0.025358000770211216 -0.022360000759363167 -0.013249999843537802
v -0.02536400035023689 -0.022340999916195863 0.003315000096336006
v -0.02525999955832958 -0.022618999704718583 0.0034819999709725367
v 0.03336799889802932 -0.011498999781906601 0.002459000097587704
v 0.0338589996099472 -0.009859000332653519 0.003597999922931193
v 0.034899000078439706 -0.01016100030392408 0.002515000058338045
v 0.0348140001296997 -0.010444000363349911 0.0024610001128166905
v 0.034481998533010476 -0.010040000081062313 0.0031640001107007256
v 0.03432400152087211 -0.010560000315308567 0.0030630000401288262
v 0.033647999167442315 -0.010536000132560727 0.003462000051513313
v 0.03347999975085258 -0.011113000102341172 0.003060000017285346
v 0.03419499844312667 -0.011002999730408188 0.002755000023171305
v 0.03410900011658668 -0.011299000121653077 0.002294000005349516
v 0.03474500030279159 -0.010683000087738034 0.002294000005349516
v 0.034697998315095895 -0.01084399968385696 0.002044999971985816
v 0.034510999917984 -0.0072530000470578644 0.003597999922931193
v 0.035146001726388924 -0.007385999895632264 0.0031640001107007256
v 0.03557100147008895 -0.00747600011527538 0.002515000058338045
v -0.02066400088369846 0.02861499972641467 0.003585000056773423
v -0.020646000280976292 0.028589999303221692 0.003597999922931193
v -0.018409999087452885 0.03007899969816207 0.003597999922931193
v -0.01897500082850456 0.031001999974250783 0.002515000058338045
v -0.018748000264167782 0.030632000416517247 0.0031640001107007256
v -0.020850000903010365 0.028874000534415235 0.0034099998883903014
v -0.021025000140070912 0.02911599911749362 0.0031640001107007256
v -0.02127899974584579 0.029467999935150136 0.002515000058338045
v -0.02135900035500526 0.029579000547528256 0.001998000079765915
v -0.021350000053644177 0.029565999284386624 0.0021029999479651442
v -0.021281000226736065 0.02947000041604041 0.0025080000050365916
v -0.021607000380754467 0.029174000024795522 0.0024999999441206447
v -0.02142900042235851 0.029425999149680127 0.002351999981328844
v -0.021857999265193936 0.028056999668478955 0.0028609998989850274
v -0.02147799916565418 0.027458999305963506 0.0031989999115467063
v -0.02105000056326389 0.02806599996984004 0.003557000076398252
v -0.02208600006997585 0.0277350004762411 0.0023660000879317513
v -0.022105999290943142 0.028466999530792226 0.002084000036120414
v -0.021804999560117718 0.028893999755382527 0.0024999999441206447
v -0.02116500027477741 0.02903899922966956 0.003134999889880418
v -0.02153000049293041 0.028522999957203855 0.003134999889880418
v -0.021982999518513676 0.028642000630497922 0.002351999981328844
v 0.0013249999610707162 0.03632400184869765 0.002515000058338045
v -0.01035999972373247 0.03483999893069266 0.002515000058338045
v -0.010050999931991099 0.03380300104618071 0.003597999922931193
v 0.01647599972784519 0.03239899873733519 0.002515000058338045
v 0.016279000788927075 0.03201299905776976 0.0031640001107007256
v 0.01598500087857246 0.03143399953842162 0.003597999922931193
v -0.010235999710857866 0.034425001591444 0.0031640001107007256
v -0.0025380000006407495 0.03517400100827216 0.003597999922931193
v 0.0012860000133514402 0.03524199873208998 0.003597999922931193
v -0.0025849998928606506 0.03582099825143813 0.0031640001107007256
v 0.001308999955654144 0.03589000180363654 0.0031640001107007256
v -0.0026159998960793014 0.03625300154089926 0.002515000058338045
v 0.008843000046908854 0.034138999879360185 0.003597999922931193
v 0.012488000094890593 0.03297999873757361 0.003597999922931193
v 0.009006000123918055 0.034766998142004 0.0031640001107007256
v 0.012717000208795069 0.03358700126409529 0.0031640001107007256
v 0.009114000014960764 0.03518699854612349 0.002515000058338045
v 0.012870999984443186 0.033992998301982866 0.002515000058338045
v -0.00652599986642599 0.03575700148940085 0.002515000058338045
v -0.006448000203818082 0.035330999642610536 0.0031640001107007256
v -0.006331999786198138 0.034692000597715364 0.003597999922931193
v 0.0052510001696646205 0.035966999828815446 0.002515000058338045
v 0.005187999922782182 0.03553799912333487 0.0031640001107007256
v 0.00509400013834238 0.03489499911665915 0.003597999922931193
v 0.018393000587821003 0.03147000074386595 0.002188999904319643
v 0.03377399966120719 0.01343300007283687 0.002515000058338045
v 0.02425099909305572 0.025604000315070145 0.003597999922931193
v 0.0362970009446144 0.0019280000124126666 0.002515000058338045
v 0.03586399927735328 0.001904999953694641 0.0031640001107007256
v 0.035215999931097024 0.0018700000364333385 0.003597999922931193
v 0.024697000160813328 0.026074999943375577 0.0031640001107007256
v 0.02499499917030334 0.02638999931514262 0.002515000058338045
v 0.023803999647498127 0.027619000524282445 0.002142000012099742
v 0.025320999324321743 0.02628600038588046 0.0018299999646842473
v 0.026879999786615368 0.022826999425888055 0.003597999922931193
v 0.02919399924576282 0.019781999289989464 0.003597999922931193
v 0.027374999597668644 0.023246999830007546 0.0031640001107007256
v 0.029730999842286106 0.020145999267697327 0.0031640001107007256
v 0.027705999091267582 0.023528000339865678 0.002515000058338045
v 0.030090000480413433 0.020390000194311135 0.002515000058338045
v 0.03116500005125999 0.016504999250173562 0.003597999922931193
v 0.03173800185322761 0.01680799946188926 0.0031640001107007256
v 0.03212099894881248 0.017010999843478196 0.002515000058338045
v 0.032768998295068734 0.013032999821007247 0.003597999922931193
v 0.03337199985980987 0.013272999785840506 0.0031640001107007256
v 0.034805998206138604 0.005673000123351811 0.003597999922931193
v 0.03544700145721435 0.0057769999839365465 0.0031640001107007256
v 0.03587400168180465 0.005847000051289795 0.002515000058338045
v 0.03502999991178512 0.00969699956476688 0.002515000058338045
v 0.03461299836635589 0.009580999612808224 0.0031640001107007256
v 0.03398700058460235 0.009407999925315377 0.003597999922931193
v -0.0163780003786087 -0.025165000930428498 0.004877999890595673
v -0.011521999724209307 -0.018564999103546136 0.00527699990198016
v -0.011707999743521212 -0.018497999757528298 0.005458999890834091
v -0.016476999968290326 -0.025093000382184975 0.0049620000645518286
v -0.016197999939322468 -0.0252969991415739 0.0046279998496174795
v -0.016181999817490574 -0.025309000164270394 0.004594999831169842
v -0.01609599962830543 -0.02537699975073337 0.004317000042647122
v -0.016078000888228413 -0.025395000353455537 0.004108000081032513
v -0.012206000275909899 -0.018270000815391534 0.00564800016582012
v -0.01661499962210655 -0.02499400079250335 0.005040999967604874
v -0.011983999982476233 -0.018380999565124505 0.005605000071227549
v -0.011800000444054602 -0.01846200041472911 0.005520000122487543
v -0.017069000750780102 -0.025931999087333672 0.005016000010073183
v -0.016769999638199803 -0.02614299952983855 0.004650000017136334
v -0.019039999693632122 -0.029360000044107427 0.004650000017136334
v -0.019339000806212422 -0.029148999601602544 0.005016000010073183
v -0.019328000023961064 -0.02976899966597556 0.004149999935179947
v -0.019328000023961064 -0.02976899966597556 -0.013249999843537802
v -0.019837999716401097 -0.029857000336050977 0.004149999935179947
v -0.019837999716401097 -0.029857000336050977 -0.013249999843537802
v -0.01977100037038326 -0.02976199984550475 0.004583000205457209
v -0.019184000790119168 -0.029565000906586637 0.004583000205457209
v -0.019288999959826466 -0.02971399948000907 0.00439999997615814
v -0.019588999450206753 -0.029503000900149335 0.004900000058114527
v -0.02024699933826923 -0.029569000005722035 0.004650000017136334
v -0.020036000758409497 -0.029270000755786885 0.005016000010073183
v -0.02106400020420551 -0.028991999104619016 0.004650000017136334
v -0.020852999761700627 -0.028692999854683866 0.005016000010073183
v -0.02153999917209148 -0.028064999729394902 -0.013249999843537802
v -0.02153999917209148 -0.028064999729394902 0.004149999935179947
v -0.0215499997138977 -0.02845500037074088 -0.013249999843537802
v -0.0215499997138977 -0.02845500037074088 0.004149999935179947
v -0.021409999579191204 -0.028819000348448743 -0.013249999843537802
v -0.021409999579191204 -0.028819000348448743 0.004149999935179947
v -0.021430000662803646 -0.02790899947285651 0.004480999894440172
v -0.021320000290870663 -0.027752000838518132 0.00453299982473254
v -0.021510999649763104 -0.028023000806570043 0.0043410002253949625
v -0.02114400081336498 -0.028441999107599248 0.004949999973177908
v -0.02133899927139282 -0.028718000277876844 0.004612000193446873
v -0.02149499952793121 -0.02837800048291682 0.004503999836742876
v -0.02134599909186363 -0.0281659997999668 0.0047619999386370165
v -0.020876999944448468 -0.028063999488949765 0.005073999986052511
v -0.02097300067543983 -0.027997000142931928 0.005016000010073183
v -0.021142000332474705 -0.027876999229192723 0.004856999963521956
v -0.02127199992537498 -0.027785999700427045 0.004650000017136334
v -0.01870300062000751 -0.02477899938821792 0.005016000010073183
v -0.0190030001103878 -0.024568000808358186 0.004650000017136334
v -0.01821300014853477 -0.023870000615715974 0.004877999890595673
v -0.013577000238001345 -0.01714199967682361 0.005357999820262192
v -0.017971999943256375 -0.024036999791860574 0.005040999967604874
v -0.013229999691247938 -0.017521999776363366 0.005628000013530253
v -0.018112000077962872 -0.023940000683069222 0.0049620000645518286
v -0.013434000313282011 -0.017309000715613358 0.005520000122487543
v -0.013546999543905256 -0.017178000882267945 0.005400999914854763
v -0.01853000000119209 -0.023664999753236764 0.004108000081032513
v -0.018507000058889386 -0.02367600053548812 0.004317000042647122
v -0.01841500028967857 -0.023733999580144875 0.004594999831169842
v -0.01839799992740154 -0.023745000362396233 0.0046279998496174795
v 0.01360500045120716 -0.02676600031554698 0.004877999890595673
v 0.010316999629139898 -0.019261000677943223 0.00527699990198016
v 0.010165999643504618 -0.019388999789953225 0.005458999890834091
v 0.01349200028926134 -0.026815999299287786 0.0049620000645518286
v 0.013809000141918657 -0.02667599916458129 0.0046279998496174795
v 0.01382699981331825 -0.02666899934411048 0.004594999831169842
v 0.013929000124335287 -0.026628000661730756 0.004317000042647122
v 0.013953000307083128 -0.026621999219059934 0.004108000081032513
v 0.009719000197947024 -0.019705999642610543 0.00564800016582012
v 0.013337000273168085 -0.026885999366641034 0.005040999967604874
v 0.009925999678671358 -0.019569000229239457 0.005605000071227549
v 0.01008899975568056 -0.01944999955594539 0.005520000122487543
v 0.013817000202834604 -0.02779800072312354 0.005073999986052511
v 0.014307999983429907 -0.027571000158786763 0.00453299982473254
v 0.01425500027835369 -0.027595000341534604 0.004650000017136334
v 0.014111000113189219 -0.027660999447107305 0.004856999963521956
v 0.01392299961298704 -0.027747999876737584 0.005016000010073183
v 0.015931999310851094 -0.031158000230789174 0.004598999861627815
v 0.015907000750303265 -0.031168999150395383 0.004650000017136334
v 0.015575000084936617 -0.031323000788688646 0.005016000010073183
v 0.016104999929666516 -0.031357999891042695 0.004149999935179947
v 0.01611699908971786 -0.031622998416423784 -0.013249999843537802
v 0.01611699908971786 -0.031622998416423784 0.004149999935179947
v 0.015938000753521916 -0.032108999788761125 0.004149999935179947
v 0.015938000753521916 -0.032108999788761125 -0.013249999843537802
v 0.016067000105977055 -0.03179199993610381 0.004342000000178812
v 0.015900999307632443 -0.03164799883961676 0.00476500019431114
v 0.01598599925637245 -0.031906999647617326 0.004482999909669159
v 0.015875000506639477 -0.032063998281955705 0.004534999839961527
v 0.015763999894261357 -0.03222199901938437 0.004482999909669159
v 0.015483999624848364 -0.03231900185346602 0.004650000017136334
v 0.015491000376641749 -0.03222800046205519 0.00476500019431114
v 0.015331000089645384 -0.03198599815368651 0.005016000010073183
v 0.015521000139415262 -0.0323980003595352 0.004451000131666659
v 0.0156830009073019 -0.03233699873089789 0.004342000000178812
v 0.01605099998414516 -0.0314350016415119 0.004505000077188013
v 0.015696000307798382 -0.031938001513481126 0.004860000219196079
v 0.01542800012975931 -0.03174899891018866 0.005076999776065348
v 0.015695000067353245 -0.03137100115418433 0.004951999988406895
v 0.014622000046074389 -0.03283699974417685 0.004373000003397463
v 0.014576000161468981 -0.032738000154495225 0.004650000017136334
v 0.014516999945044516 -0.032609000802040086 0.004840000066906212
v 0.014468999579548834 -0.032504998147487627 0.004943000152707098
v 0.014422999694943426 -0.032405998557806 0.005016000010073183
v 0.014340000227093695 -0.032226998358964906 0.0051029999740421755
v 0.01353500038385391 -0.03268700093030928 -0.013249999843537802
v 0.013531000353395937 -0.03268399834632872 0.004149999935179947
v 0.013868000358343123 -0.03288999944925307 -0.013249999843537802
v 0.013868000358343123 -0.03288999944925307 0.004149999935179947
v 0.014252999797463415 -0.03295100107789038 -0.013249999843537802
v 0.014258000068366526 -0.03295100107789038 0.004149999935179947
v 0.01357499975711107 -0.03262099996209143 0.0045309998095035536
v 0.013759000226855276 -0.03216199949383734 0.005016000010073183
v 0.013887999579310415 -0.03217799961566924 0.005067999940365551
v 0.013532999902963637 -0.032265998423099504 0.004811999853700398
v 0.013701000250875948 -0.03244400024414061 0.004854000173509119
v 0.013426999561488627 -0.03231500089168547 0.004650000017136334
v 0.013360000215470789 -0.032345999032258974 0.004492999985814093
v 0.014214999973773955 -0.0323980003595352 0.005044999998062847
v 0.014032999984920023 -0.03265700116753577 0.0048360000364482385
v 0.014392999932169913 -0.03276000171899794 0.004712000023573635
v 0.01429300010204315 -0.032901000231504426 0.004453999921679495
v 0.013911000452935694 -0.03282999992370604 0.004521999973803757
v 0.012107999995350836 -0.02858700044453143 0.005016000010073183
v 0.011775000020861624 -0.028741000220179547 0.004650000017136334
v 0.008062999695539473 -0.020328000187873833 0.005365000106394289
v 0.0080570001155138 -0.02032900042831897 0.005357999820262192
v 0.011365000158548353 -0.027806000784039487 0.0046279998496174795
v 0.011346999555826185 -0.02781499922275542 0.004594999831169842
v 0.011566000059247015 -0.02770799957215785 0.004877999890595673
v 0.011676999740302561 -0.027654999867081632 0.0049620000645518286
v 0.008103000000119208 -0.020321000367403023 0.005400999914854763
v 0.011830000206828116 -0.027581999078392972 0.005040999967604874
v 0.008390000090003012 -0.020261999219655984 0.005576999858021734
v 0.011230000294744967 -0.027879999950528134 0.004108000081032513
v 0.011250999756157396 -0.027865000069141378 0.004317000042647122
v 0.011296000331640242 -0.027840999886393537 0.004476999863982199
v -0.016070000827312466 0.03239500150084494 0.0045400001108646375
v -0.010316999629139898 0.019261000677943223 0.00527699990198016
v -0.01639200001955032 0.03221900016069411 0.004174999892711638
v -0.016254000365734097 0.03229799866676329 0.00438100006431341
v -0.010254999622702597 0.019315000623464577 0.005365000106394289
v -0.010165999643504618 0.019388999789953225 0.005458999890834091
v -0.00999299995601177 0.019522000104188912 0.005576999858021734
v -0.016362000256776806 0.03302599862217902 0.004515999928116797
v -0.01669399999082088 0.03287300094962119 0.004149999935179947
v -0.016994999721646305 0.03345699980854987 0.004098999779671429
v -0.016969999298453328 0.03346899896860121 0.004149999935179947
v -0.016636999323964115 0.03362200036644934 0.004515999928116797
v -0.016744999215006825 0.034635998308658586 0.003841999918222426
v -0.01682700030505657 0.03452099859714507 0.0039829998277127725
v -0.01693800091743469 0.03436399996280669 0.004035000223666428
v -0.017047999426722523 0.03420700132846831 0.0039829998277127725
v -0.016393000259995457 0.03428599983453749 0.004515999928116797
v -0.016490999609231945 0.034049000591039644 0.004577000159770249
v -0.016758000478148457 0.033670000731945024 0.004451999906450508
v -0.017113000154495236 0.03373499959707259 0.004004999995231627
v -0.016962999477982518 0.03394699841737746 0.004265000112354754
v -0.016547000035643574 0.034618001431226716 0.004149999935179947
v -0.016553999856114384 0.03452799841761588 0.004265000112354754
v -0.016758000478148457 0.03423799946904181 0.004360000137239693
v -0.017130000516772267 0.03409200161695479 0.003841999918222426
v -0.01658299937844276 0.03469799831509589 0.003951000049710272
v -0.013911999762058256 0.03336500003933905 0.004174999892711638
v -0.0080570001155138 0.02032900042831897 0.005357999820262192
v -0.008062999695539473 0.020328000187873833 0.005365000106394289
v -0.014062000438570975 0.03331099823117255 0.00438100006431341
v -0.008103000000119208 0.020321000367403023 0.005400999914854763
v -0.01425500027835369 0.03323400020599364 0.0045400001108646375
v -0.008390000090003012 0.020261999219655984 0.005576999858021734
v -0.015484999865293501 0.034705001860856996 0.004515999928116797
v -0.015402999706566332 0.03452700003981589 0.004602999892085789
v -0.015530999749898909 0.03480499982833861 0.004443000070750712
v -0.01557900011539459 0.03490800037980078 0.0043399999849498255
v -0.015638999640941616 0.03503800183534621 0.004149999935179947
v -0.015683999285101887 0.03513599932193755 0.003872999921441077
v -0.014213999733328818 0.03401900082826613 0.004149999935179947
v -0.014546000398695467 0.03386500105261801 0.004515999928116797
v -0.015455000102519987 0.03505900129675864 0.004211999941617249
v -0.01494999974966049 0.03447800129652022 0.004567999858409165
v -0.015278000384569166 0.0346969999372959 0.004544999916106461
v -0.014821999706327913 0.03446099907159804 0.004515999928116797
v -0.014488999731838701 0.034614998847246156 0.004149999935179947
v -0.014422999694943426 0.03464499861001967 0.003992999903857706
v -0.014638000167906283 0.034921001642942415 0.004031000193208454
v -0.015095000155270098 0.034956000745296464 0.004335999954491852
v -0.014595000073313711 0.03456600010395049 0.004311999771744011
v -0.014763000421226023 0.03474299982190131 0.004354000091552733
v -0.014972999691963194 0.03512899950146674 0.00402199989184737
v -0.015355999581515787 0.03520099818706511 0.0039539998397231085
v -0.02894099988043308 0.0014220000011846419 0.004875000100582836
v -0.02183900028467178 0.0006960000027902422 0.00527699990198016
v -0.02187399938702583 0.0008909999742172655 0.005458999890834091
v -0.028932999819517132 0.0016289999475702637 0.005034000147134064
v -0.02894099988043308 0.001261999947018921 0.004668999928981064
v -0.028937999159097668 0.0012039999710395928 0.004552000202238558
v -0.0218880008906126 0.0009879999561235304 0.005520000122487543
v -0.021910000592470166 0.0011879999656230207 0.005605000071227549
v -0.028925999999046322 0.0017460000235587352 0.005092000123113392
v -0.03002900071442127 0.0012270000297576185 0.004184999968856571
v -0.030022999271750447 0.0012509999796748157 0.0043700002133846266
v -0.030015999451279637 0.001302000018768012 0.00453299982473254
v -0.030006999149918553 0.0013770000077784057 0.004679999779909847
v -0.029982000589370724 0.0015989999519661065 0.004931000061333178
v -0.029952999204397198 0.001891999971121549 0.005094000138342379
v -0.034903001040220254 0.0022899999748915425 0.005073999986052511
v -0.03493199869990348 0.001967000076547264 0.004856999963521956
v -0.03493599966168403 0.0019229999743401998 0.004809999838471411
v -0.03495199978351592 0.0017509999452158802 0.00453299982473254
v -0.0349540002644062 0.00173500005621463 0.004490000195801256
v -0.03532899916172027 0.0017839999636635178 0.004149999935179947
v -0.035445000976324074 0.0018540000310167664 -0.013249999843537802
v -0.035445000976324074 0.0018540000310167664 0.004149999935179947
v -0.0356369987130165 0.0020310000982135526 0.004149999935179947
v -0.03577600046992301 0.002251999918371438 -0.013249999843537802
v -0.035824000835418694 0.002377999946475028 0.004149999935179947
v -0.03577600046992301 0.002251999918371438 0.004149999935179947
v -0.03547199815511703 0.002265000017359852 0.0048360000364482385
v -0.035160001367330544 0.0020230000372976056 0.004854000173509119
v -0.03497299924492835 0.002288999967277049 0.005067999940365551
v -0.035789001733064645 0.002428000094369053 0.004453999921679495
v -0.0358389988541603 0.0027600000612437716 0.004373000003397463
v -0.03547500073909759 0.0027260000351816407 0.004943000152707098
v -0.03528900071978568 0.0025229998864233485 0.005044999998062847
v -0.03536599874496459 0.0027169999666512004 0.005016000010073183
v -0.035170000046491616 0.0026990000624209634 0.0051029999740421755
v -0.035284999758005135 0.0018459999701008194 0.0045309998095035536
v -0.035594001412391656 0.002092000097036361 0.004521999973803757
v -0.03568900004029273 0.0025700000114738933 0.004712000023573635
v -0.03558899834752082 0.002736999886110424 0.004840000066906212
v -0.03573099896311759 0.002749999985098838 0.004650000017136334
v -0.03572700172662734 0.0037539999466389405 0.004451000131666659
v -0.03564000129699706 0.0037459998857229935 0.004650000017136334
v -0.03527599945664405 0.0037120000924915062 0.005016000010073183
v -0.03494299948215484 0.00465299980714917 0.004149999935179947
v -0.03507500141859054 0.004621999803930519 -0.013249999843537802
v -0.03507500141859054 0.004621999803930519 0.004149999935179947
v -0.03531000018119811 0.00451399991288781 0.004149999935179947
v -0.03541800007224082 0.004435000009834765 -0.013249999843537802
v -0.03541800007224082 0.004435000009834765 0.004149999935179947
v -0.03559499979019164 0.0042440001852810365 0.004149999935179947
v -0.03566300123929977 0.004131999798119066 -0.013249999843537802
v -0.03566300123929977 0.004131999798119066 0.004149999935179947
v -0.03555800020694732 0.003781999927014111 0.00476500019431114
v -0.03469900041818618 0.004530000034719704 0.004650000017136334
v -0.03481800109148025 0.00426199985668063 0.004951999988406895
v -0.034731999039649956 0.004164999816566704 0.005016000010073183
v -0.03469699993729591 0.004557000007480381 0.004598999861627815
v -0.03499799966812133 0.0045759999193251116 0.004505000077188013
v -0.03508500009775161 0.003884000005200504 0.005076999776065348
v -0.03535300120711326 0.0040730000473558885 0.004860000219196079
v -0.035643000155687325 0.004042000044137238 0.004482999909669159
v -0.0351479984819889 0.004362999927252529 0.00476500019431114
v -0.035420998930931084 0.004356000106781719 0.004482999909669159
v -0.03533999994397163 0.004470999818295239 0.004342000000178812
v -0.03572399914264678 0.003926999866962431 0.004342000000178812
v -0.035532001405954354 0.0041990000754594786 0.004534999839961527
v -0.02975700050592422 0.0042139999568462354 0.004184999968856571
v -0.029756000265479084 0.004189999774098395 0.0043700002133846266
v -0.02976099960505962 0.0040799998678266985 0.004650000017136334
v -0.029761999845504757 0.004062000196427105 0.004679999779909847
v -0.02977799996733665 0.003838999895378946 0.004931000061333178
v -0.029788000509142872 0.0037150001153349863 0.005016000010073183
v -0.029802000150084492 0.0035470000002533184 0.005094000138342379
v -0.028692999854683873 0.0039829998277127725 0.004668999928981064
v -0.021632999181747433 0.0031870000530034295 0.005357999820262192
v -0.028751999139785763 0.0036210000980645405 0.005034000147134064
v -0.021788999438285824 0.0026960000395774833 0.005628000013530253
v -0.02170700021088123 0.0029800001066178075 0.005520000122487543
v -0.021649999544024464 0.003142999950796365 0.005400999914854763
v 0.035851001739501946 -0.00463399989530444 0.004174999892711638
v 0.021632999181747433 -0.0031870000530034295 0.005357999820262192
v 0.0359090007841587 -0.004271999932825564 0.0045400001108646375
v 0.021788999438285824 -0.0026960000395774833 0.005628000013530253
v 0.02170700021088123 -0.0029800001066178075 0.005520000122487543
v 0.021649999544024464 -0.003142999950796365 0.005400999914854763
v 0.036568000912666314 -0.004699999932199715 0.004149999935179947
v 0.03660099953413009 -0.004335000179708002 0.004515999928116797
v 0.03725500032305717 -0.004395000170916317 0.004515999928116797
v 0.03722200170159339 -0.00475900014862418 0.004149999935179947
v 0.03721899911761283 -0.004786999896168707 0.004098999779671429
v 0.03805499896407127 -0.004428999964147804 0.004035000223666428
v 0.037944000214338296 -0.004585999995470045 0.0039829998277127725
v 0.03816499933600425 -0.004271000158041714 0.0039829998277127725
v 0.038247000426053994 -0.004155999980866907 0.003841999918222426
v 0.03752100095152854 -0.004805000033229588 0.004004999995231627
v 0.037875000387430184 -0.004302000161260365 0.004360000137239693
v 0.03734099864959716 -0.004492000211030243 0.004451999906450508
v 0.03767099976539611 -0.004592999815940855 0.004265000112354754
v 0.037797998636960976 -0.003942000214010475 0.004515999928116797
v 0.03760800138115882 -0.004112999886274336 0.004577000159770249
v 0.03786199912428855 -0.004701000172644852 0.003841999918222426
v 0.038079999387264245 -0.004011999815702437 0.004265000112354754
v 0.038249999284744256 -0.0039829998277127725 0.003951000049710272
v 0.038162998855113976 -0.003975000232458113 0.004149999935179947
v 0.036097999662160866 -0.0019140000222250813 0.004174999892711638
v 0.0218880008906126 -0.0009879999561235304 0.005520000122487543
v 0.03609000146389007 -0.002279999898746609 0.0045400001108646375
v 0.02187399938702583 -0.0008909999742172655 0.005458999890834091
v 0.02183900028467178 -0.0006960000027902422 0.00527699990198016
v 0.021925000473856922 -0.0014359999913722272 0.00564800016582012
v 0.021910000592470166 -0.0011879999656230207 0.005605000071227549
v 0.03769300132989883 -0.002927999943494796 0.004602999892085789
v 0.037889000028371804 -0.0029460000805556765 0.004515999928116797
v 0.0379979982972145 -0.0029559999238699666 0.004443000070750712
v 0.03811199963092803 -0.0029660000000149003 0.0043399999849498255
v 0.03836200013756751 -0.002988999942317604 0.003872999921441077
v 0.03825299814343452 -0.002979000099003314 0.004149999935179947
v 0.03678200021386146 -0.002342999912798404 0.004515999928116797
v 0.03681600093841552 -0.001978999935090541 0.004149999935179947
v 0.038212001323699944 -0.0027989998925477258 0.004211999941617249
v 0.037811998277902596 -0.002753000007942318 0.004544999916106461
v 0.03749499842524528 -0.0025180000811815253 0.004567999858409165
v 0.03743600100278854 -0.0024029999040067187 0.004515999928116797
v 0.03768200054764747 -0.0022529999259859315 0.004354000091552733
v 0.03745900094509124 -0.0021540001034736625 0.004311999771744011
v 0.03746899962425231 -0.0020379999186843625 0.004149999935179947
v 0.03780800104141235 -0.002075999975204467 0.004031000193208454
v 0.03747599944472312 -0.0019650000613182774 0.003992999903857706
v 0.03831199929118156 -0.002657999983057379 0.0039539998397231085
v 0.03799400106072425 -0.0024939998984336844 0.004335999954491852
v 0.03811600059270858 -0.0023209999781101933 0.00402199989184737
v 0.01996899954974651 0.030038999393582334 0.0045469999313354475
v 0.019875999540090557 0.030484000220894803 0.004215999972075222
v 0.011707999743521212 0.018497999757528298 0.005458999890834091
v 0.019866000860929486 0.030528999865055074 0.004157999996095894
v 0.011521999724209307 0.018564999103546136 0.00527699990198016
v 0.01983699947595596 0.030639000236988057 0.003957999870181082
v 0.011983999982476233 0.018380999565124505 0.005605000071227549
v 0.011800000444054602 0.01846200041472911 0.005520000122487543
v 0.01997599937021732 0.030000999569892873 0.004565000068396328
v 0.022097999230027195 0.02895599976181983 0.004155999980866907
v 0.022208999842405316 0.028965000063180913 0.003957999870181082
v 0.02160299941897392 0.02888900041580199 0.004546000156551598
v 0.013229999691247938 0.017521999776363366 0.005628000013530253
v 0.013434000313282011 0.017309000715613358 0.005520000122487543
v 0.022044999524950978 0.028950000181794156 0.004220999777317045
v 0.013546999543905256 0.017178000882267945 0.005400999914854763
v 0.013577000238001345 0.01714199967682361 0.005357999820262192
v 0.006779999937862157 0.039884999394416795 -0.00965899974107742
v 0.006697000004351138 0.03994299843907355 -0.00745100015774369
v 0.007193999830633401 0.039592999964952455 -0.005313999950885771
v 0.03538199886679649 0.019708000123500817 -0.009049000218510624
v 0.034885998815298074 0.02005800046026706 -0.011185999959707257
v 0.03378599882125854 0.020834000781178467 -0.013255000114440913
v 0.03220700100064277 0.021948000416159623 -0.01502200029790401
v 0.029828999191522595 0.023625999689102166 -0.0167040005326271
v 0.026987999677658078 0.02562999911606311 -0.017931999638676636
v 0.0235810000449419 0.028032999485731114 -0.01868899911642074
v 0.008293000049889086 0.038818001747131334 -0.0032450000289827577
v 0.00987299997359514 0.03770300000905989 -0.0014779999619349833
v 0.01225099992007017 0.036026000976562486 0.00020399999630171797
v 0.015092000365257261 0.03402199968695639 0.0014319999609142538
v 0.0184979997575283 0.031619001179933534 0.002188999904319643
v 0.02026800066232681 0.03037000074982642 -0.018835000693798058
v 0.016514999791979786 0.03301800042390822 -0.01833000034093856
v 0.013078000396490095 0.03544199839234351 -0.0171310007572174
v 0.010414999909698961 0.03732100129127501 -0.015479999594390387
v 0.008631999604403971 0.038577999919652925 -0.013708000071346755
v 0.00740299979224801 0.03944500163197516 -0.01169599965214729
v 0.02181099914014339 0.02928199991583823 0.0023350000847131005
v 0.025564000010490414 0.02663400024175643 0.0018299999646842473
v 0.029001999646425244 0.02420900017023086 0.0006309999735094605
v 0.03166500106453895 0.02233099937438964 -0.0010199999669566746
v 0.0334470011293888 0.02107300050556659 -0.002792000072076916
v 0.034676998853683465 0.020206000655889504 -0.004803999792784451
v 0.03530000150203704 0.01976599916815757 -0.006841000169515607
v 0.03303400054574012 -0.0106410002335906 -0.019249999895691865
v 0.03408500179648399 -0.009924000129103657 -0.019249999895691865
v 0.03386100009083747 -0.01032099965959787 -0.019249999895691865
v 0.033484999090433114 -0.01057799998670816 -0.019249999895691865
v -0.02110500074923038 0.027550000697374333 -0.019249999895691865
v -0.021197000518441197 0.02799599990248679 -0.019249999895691865
v -0.018546000123023983 0.03027000091969966 -0.019249999895691865
v -0.020782999694347378 0.028781000524759282 -0.019249999895691865
v -0.021082000806927677 0.028436999768018712 -0.019249999895691865
v 0.03473800048232078 -0.007317000068724153 -0.019249999895691865
v 0.03298800066113471 -0.011138999834656712 -0.01911599934101104
v 0.032970000058412545 -0.011345000006258484 -0.018957000225782387
v 0.03295499831438064 -0.011502999812364575 -0.018750000745058053
v 0.033665001392364495 -0.01104400027543306 -0.01911599934101104
v 0.033796999603509896 -0.011385000310838219 -0.018750000745058053
v 0.03422899916768073 -0.010658999904990193 -0.01911599934101104
v 0.034499000757932656 -0.0109069999307394 -0.018750000745058053
v 0.034565001726150506 -0.010064000263810154 -0.01911599934101104
v 0.03491599857807159 -0.010165999643504616 -0.018750000745058053
v 0.03558500111103057 -0.007495000027120111 -0.018750000745058053
v 0.03522700071334838 -0.007420000154525039 -0.01911599934101104
v -0.02189099974930286 0.02718699909746646 -0.018750000745058053
v -0.021559000015258786 0.027341000735759725 -0.01911599934101104
v -0.021075999364256855 0.029185999184846868 -0.01911599934101104
v -0.021524000912904736 0.028669999912381162 -0.01911599934101104
v -0.02129000052809715 0.029482999816536893 -0.018750000745058053
v -0.021848000586032864 0.02884100005030631 -0.018750000745058053
v -0.02169699966907501 0.02800999954342841 -0.01911599934101104
v -0.022063000127673146 0.028018999844789495 -0.018750000745058053
v -0.018806999549269673 0.03069699928164481 -0.01911599934101104
v -0.018998000770807263 0.031008999794721593 -0.018750000745058053
v 0.01989899948239326 -0.011026999913156029 -0.006250000093132256
v 0.01706299930810928 -0.015046999789774413 -0.006250000093132256
v 0.013430000282824038 -0.018363000825047486 -0.006250000093132256
v 0.009167999960482119 -0.020820999518036835 -0.006250000093132256
v 0.004478000104427337 -0.022305000573396676 -0.006250000093132256
v -0.00042200001189485187 -0.022746000438928597 -0.006250000093132256
v -0.005301999859511851 -0.022123999893665307 -0.006250000093132256
v -0.009933999739587305 -0.020467000082135194 -0.006250000093132256
v -0.014100999571382998 -0.017852999269962304 -0.006250000093132256
v -0.01760900020599365 -0.014403999783098692 -0.006250000093132256
v -0.020293999463319775 -0.010281999595463272 -0.006250000093132256
v -0.02202999964356422 -0.005679000169038771 -0.006250000093132256
v -0.02273599989712238 -0.0008099999977275727 -0.006250000093132256
v -0.02237799949944019 0.004095999989658592 -0.006250000093132256
v -0.020974999293684956 0.008810999803245064 -0.006250000093132256
v -0.018589999526739117 0.013113999739289279 -0.006250000093132256
v -0.015336000360548495 0.01680400036275386 -0.006250000093132256
v -0.01136600039899349 0.019708000123500817 -0.006250000093132256
v -0.006862999871373176 0.021689999848604195 -0.006250000093132256
v -0.0020399999339133497 0.02265799976885318 -0.006250000093132256
v 0.002878000028431415 0.022567000240087502 -0.006250000093132256
v 0.007662000134587287 0.02142100036144256 -0.006250000093132256
v 0.012087999843060969 0.01927299983799457 -0.006250000093132256
v 0.015948999673128125 0.01622400060296058 -0.006250000093132256
v 0.019062999635934826 0.012415999546647068 -0.006250000093132256
v 0.021286999806761738 0.008027000352740284 -0.006250000093132256
v 0.022515000775456425 0.0032639999408274876 -0.006250000093132256
v 0.022690000012516972 -0.0016530000139027827 -0.006250000093132256
v 0.02180399931967258 -0.006492000073194502 -0.006250000093132256
v 0.009877000004053114 0.009996999986469742 0.0056429998949170095
v 0.0098470002412796 0.010057999752461907 0.005683000199496744
v 0.006331000011414289 0.005071999970823525 0.005683000199496744
v 0.00972700025886297 0.01031200028955936 0.005750000011175869
v 0.009808000177145003 0.010141000151634213 0.005721000023186205
v 0.0064810002222657195 0.004966999869793652 0.005499999970197676
v 0.00996199995279312 0.009824999608099457 0.005400999914854763
v 0.009939000010490416 0.009870000183582302 0.005499999970197676
v 0.00992900040000677 0.00989199988543987 0.0055340002290904505
v 0.009979999624192713 0.010050999931991097 0.005683000199496744
v 0.009975000284612177 0.009867999702692028 0.005499999970197676
v 0.010939000174403189 0.010135999880731102 0.005683000199496744
v 0.011854999698698519 0.010435000061988827 0.005683000199496744
v 0.01267999969422817 0.010932000353932377 0.005683000199496744
v 0.01337200030684471 0.011602999642491337 0.005683000199496744
v 0.0138950003311038 0.01241200044751167 0.005683000199496744
v 0.014221999794244765 0.013318000361323351 0.005683000199496744
v 0.014337000437080858 0.014274000190198416 0.005683000199496744
v 0.014233999885618685 0.01523199956864118 0.005683000199496744
v 0.013930000364780424 0.01611600071191787 0.005683000199496744
v 0.013439999893307684 0.01691200025379657 0.005683000199496744
v 0.010975999757647513 0.009956999681890007 0.005499999970197676
v 0.011931000277400015 0.01026900019496679 0.005499999970197676
v 0.012791999615728853 0.01078699994832277 0.005499999970197676
v 0.01351299975067377 0.01148699969053268 0.005499999970197676
v 0.014058999717235563 0.0123300002887845 0.005499999970197676
v 0.01440099999308586 0.01327500026673078 0.005499999970197676
v 0.014519999735057352 0.01427299994975328 0.005499999970197676
v 0.01441300008445978 0.015271999873220915 0.005499999970197676
v 0.014096000231802462 0.016194000840187066 0.005499999970197676
v 0.013585000298917292 0.01702399924397468 0.005499999970197676
v 0.007965999655425547 0.0015340000391006465 0.005683000199496744
v 0.0070719998329877845 0.001811000052839517 0.005683000199496744
v 0.007983000017702578 0.0017170000355690711 0.005499999970197676
v 0.0071620000526309005 0.0019710001070052377 0.005499999970197676
v 0.006515000015497207 0.0025369999930262557 0.005499999970197676
v 0.00615399982780218 0.0033170001115649926 0.005499999970197676
v 0.006142000202089547 0.004176999907940624 0.005499999970197676
v 0.0063680000603199 0.0024270000867545596 0.005683000199496744
v 0.005975999869406222 0.0032770000398159014 0.005683000199496744
v 0.005963000003248452 0.004211999941617249 0.005683000199496744
v 0.013012999668717383 0.017596000805497163 0.0057040001265704614
v 0.01314599998295307 0.017469000071287148 0.0056949998252093775
v 0.013491000048816202 0.017098000273108475 0.005559999961405991
v 0.013336000032722948 0.01702000014483928 0.005700000096112488
v 0.013451999984681605 0.017136000096797936 0.005582999903708695
v 0.013298000209033487 0.017067000269889825 0.005706000141799448
v 0.01305199973285198 0.017410000786185258 0.005735999904572962
v 0.012946000322699545 0.017519000917673104 0.005737999919801949
v 0.013938999734818934 0.0012179999612271781 0.005400999914854763
v 0.013957999646663664 0.001172999967820942 0.005499999970197676
v 0.013968000188469885 0.0011500000255182381 0.0055340002290904505
v 0.014014000073075293 0.0010430000256747003 0.0056429998949170095
v 0.014156999997794626 0.0007239999831654129 0.005750000011175869
v 0.01407899986952543 0.0008960000122897324 0.005721000023186205
v 0.014042000286281107 0.0009810000192373987 0.005683000199496744
v 0.012236000038683413 0.01809100061655044 0.0057239998131990415
v 0.012187000364065169 0.01811799965798854 0.0057239998131990415
v 0.014697000384330748 0.001904999953694641 0.005499999970197676
v 0.01480900030583143 0.001761000021360814 0.005683000199496744
v 0.015629999339580532 0.002265000017359852 0.005683000199496744
v 0.016543999314308163 0.0025710000190883866 0.005683000199496744
v 0.017503000795841214 0.0026630000211298457 0.005683000199496744
v 0.018457999452948567 0.0025369999930262557 0.005683000199496744
v 0.01936000026762485 0.00219999998807907 0.005683000199496744
v 0.020162999629974362 0.001667000004090368 0.005683000199496744
v 0.020825000479817387 0.0009679999784566459 0.005683000199496744
v 0.021300999447703358 0.00016300000424962485 0.005683000199496744
v 0.021590000018477436 -0.0007249999907799063 0.005683000199496744
v 0.01555300038307905 0.0024309998843818894 0.005499999970197676
v 0.016505999490618702 0.002749999985098838 0.005499999970197676
v 0.017505999654531475 0.0028460000175982705 0.005499999970197676
v 0.01850200071930885 0.0027149999514222136 0.005499999970197676
v 0.019442999735474583 0.0023630000650882712 0.005499999970197676
v 0.020279999822378155 0.0018070000223815435 0.005499999970197676
v 0.020971000194549557 0.0010779999429360028 0.005499999970197676
v 0.021468000486493107 0.00023900000087451182 0.005499999970197676
v 0.02176900021731853 -0.0006880000000819562 0.005499999970197676
v 0.012125000357627867 0.018092000856995576 0.005737999919801949
v 0.012168000452220438 0.018185999244451516 0.0057040001265704614
v 0.011703999713063238 0.018387999385595315 0.005613000132143496
v 0.011970999650657175 0.01827800087630748 0.005683999974280594
v 0.011502999812364577 0.018492000177502625 0.005514999851584433
v 0.01148100011050701 0.01850800029933452 0.005499999970197676
v 0.011955999769270418 0.018159000203013413 0.0057330001145601255
v 0.011698000133037565 0.018229000270366662 0.005714000202715395
v 0.011455999687314032 0.01831699907779693 0.005687000229954718
v 0.011423000134527682 0.018334999680519097 0.005683000199496744
v 0.021733000874519345 -0.0014949999749660488 0.005737999919801949
v 0.021834999322891232 -0.0014939999673515554 0.0057040001265704614
v 0.021833000704646107 -0.0014449999434873457 0.0057040001265704614
v 0.02173100039362907 -0.0014550000196322794 0.005737999919801949
v 0.02177700027823448 -0.0009420000133104619 0.005613000132143496
v 0.02181500010192394 -0.0012280000373721118 0.005683999974280594
v 0.02176599949598312 -0.0007149999728426335 0.005514999851584433
v 0.02170399948954582 -0.0012740000383928414 0.0057330001145601255
v 0.021635999903082844 -0.001016000052914023 0.005714000202715395
v 0.021591000258922573 -0.0007629999890923498 0.005687000229954718
v 0.005913999862968921 0.012679999694228169 0.005400999914854763
v 0.005963999778032302 0.012674000114202496 0.005499999970197676
v 0.005698000080883502 0.01367999985814094 0.005499999970197676
v 0.006171999964863061 0.012651000171899792 0.005683000199496744
v 0.006262999959290027 0.012640999630093571 0.005721000023186205
v 0.006451999768614768 0.012622999958693978 0.005750000011175869
v 0.005987999960780143 0.01267100032418966 0.0055340002290904505
v 0.0058789998292922965 0.01370599959045648 0.005683000199496744
v 0.006103999912738799 0.012657999992370602 0.0056429998949170095
v 0.005853999871760606 0.01466900017112493 0.005683000199496744
v 0.006045000161975621 0.015612999908626074 0.005683000199496744
v 0.006444999948143958 0.016488999128341668 0.005683000199496744
v 0.007031000219285487 0.01725300028920173 0.005683000199496744
v 0.00777499983087182 0.017866000533103936 0.005683000199496744
v 0.008636999875307081 0.018294999375939362 0.005683000199496744
v 0.009573999792337416 0.018518999218940728 0.005683000199496744
v 0.010509000159800051 0.01852899976074695 0.005683000199496744
v 0.005671000108122825 0.014685000292956824 0.005499999970197676
v 0.0058709997683763495 0.015668999403715127 0.005499999970197676
v 0.006287999916821717 0.016583999618887894 0.005499999970197676
v 0.006899999920278787 0.01738099940121173 0.005499999970197676
v 0.007675000000745057 0.018019000068306916 0.005499999970197676
v 0.00857499986886978 0.018466999754309647 0.005499999970197676
v 0.009552000090479849 0.018701000139117234 0.005499999970197676
v 0.010526999831199644 0.018711000680923455 0.005499999970197676
v 0.021785000339150425 -0.001551000052131712 0.0057239998131990415
v 0.02169599942862987 -0.0024619998876005402 0.0057239998131990415
v 0.002504999982193112 0.007770999800413844 0.005499999970197676
v 0.002653999952599406 0.007666000165045259 0.005683000199496744
v 0.021702000871300694 -0.0026509999297559253 0.0056949998252093775
v 0.021536000072956082 -0.0032530000898987046 0.005499999970197676
v 0.02136600017547607 -0.0031840000301599494 0.005683000199496744
v 0.021407000720500943 -0.003039000090211629 0.005700000096112488
v 0.021430000662803646 -0.002982999896630644 0.005706000141799448
v 0.021603999659419056 -0.0025989999994635573 0.005735999904572962
v 0.021553000435233113 -0.003134999889880418 0.005559999961405991
v 0.021565999835729596 -0.0030819999519735566 0.005582999903708695
v 0.001968000084161758 0.0070299999788403485 0.005683000199496744
v 0.0018739999504759906 0.007187999784946439 0.005499999970197676
v 0.001060000038705766 0.006910999771207568 0.005499999970197676
v 0.00020399999630171803 0.006988000124692914 0.005499999970197676
v -0.0005460000247694551 0.0074080000631511185 0.005499999970197676
v -0.0010610000463202594 0.008096000179648396 0.005499999970197676
v 0.0010819999733939765 0.006728999782353637 0.005683000199496744
v 0.00015000000712461767 0.00681400019675493 0.005683000199496744
v -0.0006660000071860849 0.007269999943673608 0.005683000199496744
v -0.0012270000297576187 0.008019000291824337 0.005683000199496744
v 0.013686000369489191 -0.003422999987378715 0.005721000023186205
v 0.013633999973535536 -0.003499000100418924 0.005683000199496744
v 0.0136949997395277 -0.003617000067606567 0.005683000199496744
v 0.013596000149846075 -0.0035550000611692654 0.0056429998949170095
v 0.013531000353395937 -0.0036530001088976847 0.0055340002290904505
v 0.013534000143408774 -0.0037050000391900526 0.005499999970197676
v 0.013516999781131743 -0.0036730000283569085 0.005499999970197676
v 0.013489999808371065 -0.0037150001153349863 0.005400999914854763
v 0.0137940002605319 -0.003267999971285461 0.005750000011175869
v 0.01424800045788288 -0.004406000021845101 0.005683000199496744
v 0.014964999631047247 -0.005049000028520821 0.005683000199496744
v 0.01580799929797649 -0.005514999851584433 0.005683000199496744
v 0.016734000295400616 -0.005778999999165533 0.005683000199496744
v 0.01769600063562393 -0.005828000139445065 0.005683000199496744
v 0.01864499971270561 -0.005657999776303766 0.005683000199496744
v 0.019530000165104863 -0.005280000157654284 0.005683000199496744
v 0.020307999104261395 -0.004710999783128498 0.005683000199496744
v 0.02092199958860874 -0.004005999770015476 0.005683000199496744
v 0.014111000113189219 -0.00452699977904558 0.005499999970197676
v 0.014859000220894812 -0.005198999773710964 0.005499999970197676
v 0.015737999230623242 -0.005683999974280594 0.005499999970197676
v 0.016704000532627102 -0.005960000213235615 0.005499999970197676
v 0.017707999795675274 -0.006010000128298996 0.005499999970197676
v 0.01869699917733669 -0.005834000185132025 0.005499999970197676
v 0.01962099969387054 -0.005439000204205511 0.005499999970197676
v 0.020431999117135998 -0.004846000112593172 0.005499999970197676
v 0.021072000265121456 -0.0041100000962615 0.005499999970197676
v -0.003718999912962317 0.013551999814808363 0.0056429998949170095
v -0.0037859999574720855 0.013557000085711474 0.005683000199496744
v -0.004067000001668929 0.013580000028014178 0.005750000011175869
v -0.0038779999595135446 0.013563999906182284 0.005721000023186205
v -0.003528000088408589 0.013539999723434443 0.005400999914854763
v -0.00357800000347197 0.013543000444769854 0.005499999970197676
v -0.0036019999533891674 0.013543999753892417 0.0055340002290904505
v 0.007557999808341264 -0.00294700008817017 0.005683000199496744
v 0.007542000152170657 -0.0031290000770241013 0.005499999970197676
v -0.003715000115334987 0.013669000007212157 0.005683000199496744
v -0.0035590000916272397 0.013573000207543368 0.005499999970197676
v -0.0033090000506490465 0.01454200036823749 0.005683000199496744
v -0.0031089999247342344 0.015484999865293498 0.005683000199496744
v -0.0031280000694096084 0.016448000445961945 0.005683000199496744
v -0.0033619999885559078 0.01738199964165687 0.005683000199496744
v -0.003801000071689486 0.018239000812172883 0.005683000199496744
v -0.004422000143676995 0.018975999206304543 0.005683000199496744
v -0.005193000193685292 0.0195540003478527 0.005683000199496744
v -0.006074000149965285 0.01994300074875354 0.005683000199496744
v -0.0069920001551508895 0.020121999084949486 0.005683000199496744
v -0.007926000282168387 0.02009600028395652 0.005683000199496744
v -0.0031349998898804183 0.014484000392258162 0.005499999970197676
v -0.002926999935880303 0.015467000193893904 0.005499999970197676
v -0.002946000080555677 0.016472000628709786 0.005499999970197676
v -0.0031910000834614034 0.017446000128984444 0.005499999970197676
v -0.003649000078439712 0.01834099926054477 0.005499999970197676
v -0.004296999890357255 0.01910899952054023 0.005499999970197676
v -0.00510099995881319 0.019711999222636216 0.005499999970197676
v -0.006020000204443931 0.020117999985814088 0.005499999970197676
v -0.0069760000333189956 0.020304000005125993 0.005499999970197676
v -0.00795099977403879 0.02027699910104274 0.005499999970197676
v 0.0066880001686513415 -0.0032309999223798505 0.005499999970197676
v 0.005454000085592269 -0.004373999778181313 0.005499999970197676
v 0.0052880002185702315 -0.005216999910771845 0.005499999970197676
v 0.005104999989271163 -0.005218999926000832 0.005683000199496744
v 0.005286000203341245 -0.004302000161260365 0.005683000199496744
v 0.005950000137090682 -0.0036710000131279217 0.005499999970197676
v 0.005826000124216079 -0.0035369999241083847 0.005683000199496744
v 0.006628999952226876 -0.0030580000020563594 0.005683000199496744
v 0.005477999802678823 -0.006054999772459267 0.005499999970197676
v 0.005311999935656785 -0.006132000125944613 0.005683000199496744
v -0.00806200038641691 0.020232999697327607 0.005559999961405991
v -0.008071999996900557 0.020059000700712197 0.005700000096112488
v -0.008113999851047991 0.02021799981594085 0.005582999903708695
v -0.00855599995702505 0.02012000046670436 0.0056949998252093775
v -0.008732000365853308 0.020067999139428132 0.0057040001265704614
v -0.008131000213325022 0.020050000399351113 0.005706000141799448
v -0.008550999686121939 0.02000899985432624 0.005735999904572962
v -0.008698999881744383 0.019972000271081917 0.005737999919801949
v 0.008023999631404875 -0.011462000198662278 0.005400999914854763
v 0.007995000109076498 -0.011501999571919438 0.005499999970197676
v 0.007980000227689741 -0.011521000415086743 0.0055340002290904505
v 0.007910000160336493 -0.011614999733865258 0.0056429998949170095
v 0.007706000003963708 -0.011899000033736225 0.005750000011175869
v 0.007815999910235403 -0.011745000258088108 0.005721000023186205
v 0.007869999855756758 -0.01166999991983175 0.005683000199496744
v -0.009549000300467013 0.019641999155282967 0.0057239998131990415
v -0.009597999975085257 0.01961299963295459 0.0057239998131990415
v 0.008998000063002108 -0.011775000020861622 0.005499999970197676
v 0.008929999545216559 -0.011944999918341633 0.005683000199496744
v 0.009777000173926352 -0.012404000386595723 0.005683000199496744
v 0.010498000308871267 -0.01304200012236833 0.005683000199496744
v 0.011057999916374682 -0.01382599957287311 0.005683000199496744
v 0.011425999924540518 -0.014716000296175475 0.005683000199496744
v 0.011584999971091746 -0.015666000545024865 0.005683000199496744
v 0.011525000445544718 -0.016628000885248177 0.005683000199496744
v 0.011250999756157396 -0.017550999298691743 0.005683000199496744
v 0.010792000219225882 -0.018365999683737748 0.005683000199496744
v 0.010166999883949755 -0.01906000077724456 0.005683000199496744
v 0.009882000274956225 -0.012253999710083004 0.005499999970197676
v 0.010634000413119791 -0.012919000349938866 0.005499999970197676
v 0.011218000203371046 -0.013736999593675131 0.005499999970197676
v 0.011602000333368776 -0.014666000381112093 0.005499999970197676
v 0.011766999959945677 -0.01565700024366378 0.005499999970197676
v 0.011704999953508375 -0.016659999266266816 0.005499999970197676
v 0.011419000104069708 -0.017622999846935265 0.005499999970197676
v 0.010940999723970888 -0.018471999093890183 0.005499999970197676
v 0.010288000106811522 -0.019197000190615647 0.005499999970197676
v -0.009606000036001204 0.01954700052738189 0.005737999919801949
v -0.009665000252425669 0.01962999999523162 0.0057040001265704614
v -0.009844000451266764 0.019505999982357018 0.005683999974280594
v -0.01026399992406368 0.019207999110221856 0.005514999851584433
v -0.010072999633848665 0.019330000504851334 0.005613000132143496
v -0.010288000106811522 0.019197000190615647 0.005499999970197676
v -0.0097479997202754 0.019433999434113496 0.0057330001145601255
v -0.009937999770045279 0.01924500055611133 0.005714000202715395
v -0.010134999640285967 0.019079999998211854 0.005687000229954718
v -0.010166999883949755 0.01906000077724456 0.005683000199496744
v 0.00957100000232458 -0.019569000229239457 0.005737999919801949
v 0.009623000398278235 -0.019657000899314873 0.0057040001265704614
v 0.009665000252425669 -0.01962999999523162 0.0057040001265704614
v 0.009606000036001204 -0.01954700052738189 0.005737999919801949
v 0.010072999633848665 -0.019330000504851334 0.005613000132143496
v 0.009844000451266764 -0.019505999982357018 0.005683999974280594
v 0.01026399992406368 -0.019207999110221856 0.005514999851584433
v 0.0097479997202754 -0.019433999434113496 0.0057330001145601255
v 0.009937999770045279 -0.01924500055611133 0.005714000202715395
v 0.010134999640285967 -0.019079999998211854 0.005687000229954718
v -0.008023999631404875 0.011462000198662278 0.005400999914854763
v -0.007995000109076498 0.011501999571919438 0.005499999970197676
v -0.008998000063002108 0.011775000020861622 0.005499999970197676
v -0.007706000003963708 0.011899000033736225 0.005750000011175869
v -0.007815999910235403 0.011745000258088108 0.005721000023186205
v -0.007980000227689741 0.011521000415086743 0.0055340002290904505
v -0.008929999545216559 0.011944999918341633 0.005683000199496744
v -0.007910000160336493 0.011614999733865258 0.0056429998949170095
v -0.007869999855756758 0.01166999991983175 0.005683000199496744
v -0.011057999916374682 0.01382599957287311 0.005683000199496744
v -0.010498000308871267 0.01304200012236833 0.005683000199496744
v -0.009777000173926352 0.012404000386595723 0.005683000199496744
v -0.011584999971091746 0.015666000545024865 0.005683000199496744
v -0.011425999924540518 0.014716000296175475 0.005683000199496744
v -0.011525000445544718 0.016628000885248177 0.005683000199496744
v -0.011250999756157396 0.017550999298691743 0.005683000199496744
v -0.010792000219225882 0.018365999683737748 0.005683000199496744
v -0.009882000274956225 0.012253999710083004 0.005499999970197676
v -0.010634000413119791 0.012919000349938866 0.005499999970197676
v -0.011218000203371046 0.013736999593675131 0.005499999970197676
v -0.011602000333368776 0.014666000381112093 0.005499999970197676
v -0.011766999959945677 0.01565700024366378 0.005499999970197676
v -0.011704999953508375 0.016659999266266816 0.005499999970197676
v -0.011419000104069708 0.017622999846935265 0.005499999970197676
v -0.010940999723970888 0.018471999093890183 0.005499999970197676
v 0.009549000300467013 -0.019641999155282967 0.0057239998131990415
v 0.008716000244021414 -0.020021000877022736 0.0057239998131990415
v 0.008740000426769255 -0.020090999081730836 0.005692000035196541
v 0.008689999580383299 -0.01994699984788894 0.005743000190705059
v -0.005477999802678823 0.006054999772459267 0.005499999970197676
v -0.005311999935656785 0.006132000125944613 0.005683000199496744
v 0.008111000061035155 -0.020251000300049775 0.00554199982434511
v 0.008074999786913393 -0.020006999373435967 0.005721999797970055
v 0.008059999905526636 -0.020264999940991395 0.005514000076800583
v 0.007954999804496763 -0.020306000486016267 0.005441000219434498
v 0.00791800022125244 -0.02003699913620948 0.005712000187486408
v 0.007926000282168387 -0.02009600028395652 0.005683000199496744
v 0.008066000416874884 -0.020153999328613274 0.005640000104904173
v 0.007939999923110007 -0.020198000594973557 0.005603999830782412
v 0.00795099977403879 -0.02027699910104274 0.005499999970197676
v 0.008135999552905558 -0.020000999793410294 0.0057250000536441786
v 0.008121999911963938 -0.02014099992811679 0.00565400021150708
v 0.008550000376999376 -0.019980000331997864 0.005741999950259922
v 0.008553000167012213 -0.02006500028073787 0.005719000007957218
v 0.008557000197470186 -0.020145999267697327 0.0056799999438226206
v -0.005454000085592269 0.004373999778181313 0.005499999970197676
v -0.005950000137090682 0.0036710000131279217 0.005499999970197676
v -0.005286000203341245 0.004302000161260365 0.005683000199496744
v -0.0066880001686513415 0.0032309999223798505 0.005499999970197676
v -0.007542000152170657 0.0031290000770241013 0.005499999970197676
v -0.005826000124216079 0.0035369999241083847 0.005683000199496744
v -0.006628999952226876 0.0030580000020563594 0.005683000199496744
v -0.007557999808341264 0.00294700008817017 0.005683000199496744
v -0.0052880002185702315 0.005216999910771845 0.005499999970197676
v -0.005104999989271163 0.005218999926000832 0.005683000199496744
v 0.0038779999595135446 -0.013563999906182284 0.005721000023186205
v 0.0037859999574720855 -0.013557000085711474 0.005683000199496744
v 0.003715000115334987 -0.013669000007212157 0.005683000199496744
v 0.003718999912962317 -0.013551999814808363 0.0056429998949170095
v 0.0036679999902844425 -0.013549000024795527 0.005603999830782412
v 0.0036019999533891674 -0.013543999753892417 0.0055340002290904505
v 0.0035590000916272397 -0.013573000207543368 0.005499999970197676
v 0.00357800000347197 -0.013543000444769854 0.005499999970197676
v 0.003528000088408589 -0.013539999723434443 0.005400999914854763
v 0.004067000001668929 -0.013580000028014178 0.005750000011175869
v 0.0069920001551508895 -0.020121999084949486 0.005683000199496744
v 0.0069760000333189956 -0.020304000005125993 0.005499999970197676
v 0.0033090000506490465 -0.01454200036823749 0.005683000199496744
v 0.0031089999247342344 -0.015484999865293498 0.005683000199496744
v 0.0031280000694096084 -0.016448000445961945 0.005683000199496744
v 0.0033619999885559078 -0.01738199964165687 0.005683000199496744
v 0.003801000071689486 -0.018239000812172883 0.005683000199496744
v 0.004422000143676995 -0.018975999206304543 0.005683000199496744
v 0.005193000193685292 -0.0195540003478527 0.005683000199496744
v 0.006074000149965285 -0.01994300074875354 0.005683000199496744
v 0.0031349998898804183 -0.014484000392258162 0.005499999970197676
v 0.002926999935880303 -0.015467000193893904 0.005499999970197676
v 0.002946000080555677 -0.016472000628709786 0.005499999970197676
v 0.0031910000834614034 -0.017446000128984444 0.005499999970197676
v 0.003649000078439712 -0.01834099926054477 0.005499999970197676
v 0.004296999890357255 -0.01910899952054023 0.005499999970197676
v 0.00510099995881319 -0.019711999222636216 0.005499999970197676
v 0.006020000204443931 -0.020117999985814088 0.005499999970197676
v -0.0137940002605319 0.003267999971285461 0.005750000011175869
v -0.013567999936640261 0.0035969999153166996 0.005603999830782412
v -0.013596000149846075 0.0035550000611692654 0.0056429998949170095
v -0.013633999973535536 0.003499000100418924 0.005683000199496744
v -0.013686000369489191 0.003422999987378715 0.005721000023186205
v -0.013489999808371065 0.0037150001153349863 0.005400999914854763
v -0.013516999781131743 0.0036730000283569085 0.005499999970197676
v -0.013531000353395937 0.0036530001088976847 0.0055340002290904505
v 0.0012270000297576187 -0.008019000291824337 0.005683000199496744
v 0.0011330000124871729 -0.008062999695539471 0.005603999830782412
v 0.0010610000463202594 -0.008096000179648396 0.005499999970197676
v -0.020785000175237652 0.00452600000426173 0.005441000219434498
v -0.014171999879181383 0.0046370001509785635 0.005441000219434498
v -0.014251000247895716 0.004563000053167341 0.005603999830782412
v -0.014368999749422072 0.004451999906450508 0.005712000187486408
v -0.02058099955320358 0.004348000045865772 0.005712000187486408
v -0.019502000883221623 0.005228000227361916 0.005712000187486408
v -0.018193999305367466 0.005706999916583298 0.005712000187486408
v -0.016800999641418454 0.005729999858886002 0.005712000187486408
v -0.015476999804377554 0.00529599981382489 0.005712000187486408
v -0.02070299908518791 0.004453999921679495 0.005603999830782412
v -0.021462000906467434 0.003223000094294547 0.005603999830782412
v -0.02136600017547607 0.0031840000301599494 0.005683000199496744
v -0.01540200039744377 0.005439000204205511 0.005603999830782412
v -0.016776999458670613 0.005890999920666216 0.005603999830782412
v -0.018223000690340992 0.0058659999631345255 0.005603999830782412
v -0.019581999629735943 0.005369000136852263 0.005603999830782412
v -0.015351000241935251 0.0055350000038743 0.005441000219434498
v -0.016759999096393582 0.005998000036925076 0.005441000219434498
v -0.018242999911308285 0.005973000079393385 0.005441000219434498
v -0.019635999575257298 0.005464000161737202 0.005441000219434498
v -0.021536000072956082 0.0032530000898987046 0.005499999970197676
v -0.021562999114394184 0.0032639999408274876 0.005441000219434498
v -0.002653999952599406 -0.007666000165045259 0.005683000199496744
v -0.001968000084161758 -0.0070299999788403485 0.005683000199496744
v 0.0006660000071860849 -0.007269999943673608 0.005683000199496744
v -0.002504999982193112 -0.007770999800413844 0.005499999970197676
v -0.0018739999504759906 -0.007187999784946439 0.005499999970197676
v -0.001060000038705766 -0.006910999771207568 0.005499999970197676
v -0.00020399999630171803 -0.006988000124692914 0.005499999970197676
v 0.0005460000247694551 -0.0074080000631511185 0.005499999970197676
v -0.0010819999733939765 -0.006728999782353637 0.005683000199496744
v -0.00015000000712461767 -0.00681400019675493 0.005683000199496744
v -0.021746000275015828 0.002471999963745474 0.0057040001265704614
v -0.021702000871300694 0.0026509999297559253 0.0056949998252093775
v -0.021553000435233113 0.003134999889880418 0.005559999961405991
v -0.021407000720500943 0.003039000090211629 0.005700000096112488
v -0.021565999835729596 0.0030819999519735566 0.005582999903708695
v -0.021430000662803646 0.002982999896630644 0.005706000141799448
v -0.021603999659419056 0.0025989999994635573 0.005735999904572962
v -0.021645000204443928 0.00245200004428625 0.005737999919801949
v -0.005913999862968921 -0.012679999694228169 0.005400999914854763
v -0.006171000190079211 -0.012651000171899792 0.005683000199496744
v -0.006103999912738799 -0.012657999992370602 0.0056429998949170095
v -0.006053999997675418 -0.012663999572396275 0.005603999830782412
v -0.005987999960780143 -0.01267100032418966 0.0055340002290904505
v -0.005963999778032302 -0.012674000114202496 0.005499999970197676
v -0.006451999768614768 -0.012622999958693978 0.005750000011175869
v -0.006262999959290027 -0.012640999630093571 0.005721000023186205
v -0.021785000339150425 0.001551000052131712 0.0057239998131990415
v -0.02178400009870529 0.0014949999749660488 0.0057239998131990415
v -0.008565999567508696 -0.0184940006583929 0.005441000219434498
v -0.005923000164330005 -0.013828000053763384 0.005712000187486408
v -0.0057620001025497905 -0.013810000382363791 0.005603999830782412
v -0.005998000036925077 -0.015219000168144698 0.005712000187486408
v -0.0065250000916421405 -0.016507999971508973 0.005712000187486408
v -0.007445999886840581 -0.017554000020027154 0.005712000187486408
v -0.008658000268042086 -0.01823999918997287 0.005712000187486408
v -0.005840000230818986 -0.015254000201821322 0.005603999830782412
v -0.00638699997216463 -0.016594000160694115 0.005603999830782412
v -0.007342999801039695 -0.01768000051379203 0.005603999830782412
v -0.008603000082075594 -0.018392000347375863 0.005603999830782412
v -0.005654000211507081 -0.013797000050544734 0.005441000219434498
v -0.005733999889343976 -0.015278000384569163 0.005441000219434498
v -0.006295000202953815 -0.01665100082755088 0.005441000219434498
v -0.00727500021457672 -0.0177640002220869 0.005441000219434498
v -0.010023999959230421 -0.0187619999051094 0.005441000219434498
v -0.010026000440120695 -0.018652999773621552 0.005603999830782412
v -0.010027999989688395 -0.018490999937057488 0.005712000187486408
v -0.011405000463128088 -0.01827899925410747 0.005712000187486408
v -0.011455999687314032 -0.018433000892400735 0.005603999830782412
v -0.011490000411868094 -0.01853599958121776 0.005441000219434498
v -0.021833000704646107 0.0014449999434873457 0.0057040001265704614
v -0.02177700027823448 0.0009420000133104619 0.005613000132143496
v -0.02170399948954582 0.0012740000383928414 0.0057330001145601255
v -0.02181500010192394 0.0012280000373721118 0.005683999974280594
v -0.02173100039362907 0.0014550000196322794 0.005737999919801949
v -0.02176599949598312 0.0007149999728426335 0.005514999851584433
v -0.021591000258922573 0.0007629999890923498 0.005687000229954718
v -0.021635999903082844 0.001016000052914023 0.005714000202715395
v -0.02179699949920177 0.0006830000202171502 0.005441000219434498
v -0.02176900021731853 0.0006880000000819562 0.005499999970197676
v -0.021691000089049336 0.0007050000131130216 0.005603999830782412
v -0.021590000018477436 0.0007249999907799063 0.005683000199496744
v -0.012187000364065169 -0.01811799965798854 0.0057239998131990415
v -0.012222999706864355 -0.018183000385761254 0.005692000035196541
v -0.012178000062704085 -0.018208000808954232 0.005692000035196541
v -0.01214800029993057 -0.018050000071525567 0.005743000190705059
v -0.012147000059485434 -0.018139999359846108 0.0057239998131990415
v -0.012113999575376509 -0.018068000674247735 0.005743000190705059
v -0.011704999953508375 -0.01842099986970424 0.0055780000984668714
v -0.011974999681115149 -0.01830600015819072 0.00566700007766485
v -0.011509999632835386 -0.018520999699831002 0.005460000131279228
v -0.011963999830186365 -0.018219999969005578 0.005712000187486408
v -0.011700999923050402 -0.018314000219106667 0.005671000108122824
v -0.011482000350952147 -0.018415000289678567 0.005613000132143496
v -0.011951999738812445 -0.018128000199794762 0.0057399999350309355
v -0.011695999652147291 -0.018185000866651528 0.005729999858886002
v -0.011440999805927275 -0.018262000754475587 0.005714000202715395
v -0.02029900066554546 -0.001828999957069754 0.005441000219434498
v -0.014156999997794626 -0.0007239999831654129 0.005750000011175869
v -0.01407899986952543 -0.0008960000122897324 0.005721000023186205
v -0.013993999920785425 -0.0010890000266954298 0.005603999830782412
v -0.014014000073075293 -0.0010430000256747003 0.0056429998949170095
v -0.014937000349164007 -0.0017849999712780111 0.005712000187486408
v -0.01404100004583597 -0.0009810000192373987 0.005683000199496744
v -0.013938999734818934 -0.0012179999612271781 0.005400999914854763
v -0.013957999646663664 -0.001172999967820942 0.005499999970197676
v -0.014840000309050081 -0.0019150000298395746 0.005603999830782412
v -0.013968000188469885 -0.0011500000255182381 0.0055340002290904505
v -0.016178999096155163 -0.002414999995380639 0.005712000187486408
v -0.017558999359607693 -0.002603000029921531 0.005712000187486408
v -0.018924999982118603 -0.0023290000390261403 0.005712000187486408
v -0.0201249998062849 -0.0016220000106841321 0.005712000187486408
v -0.01613100059330463 -0.0025700000114738933 0.005603999830782412
v -0.017564000561833378 -0.0027650000993162385 0.005603999830782412
v -0.018983000889420506 -0.002480000024661421 0.005603999830782412
v -0.02023000083863735 -0.0017460000235587352 0.005603999830782412
v -0.014775999821722506 -0.0020020001102238885 0.005441000219434498
v -0.016098000109195706 -0.0026730000972747794 0.005441000219434498
v -0.017567999660968777 -0.002873999997973441 0.005441000219434498
v -0.019021999090909954 -0.0025820001028478137 0.005441000219434498
v -0.021260000765323635 -0.0006999999750405548 0.005441000219434498
v -0.021167000755667683 -0.0006440000142902134 0.005603999830782412
v -0.021028000861406323 -0.0005610000225715337 0.005712000187486408
v -0.012236000038683413 -0.01809100061655044 0.0057239998131990415
v -0.01298100035637617 -0.01755899935960769 0.0057239998131990415
v -0.007983000017702578 -0.0017170000355690711 0.005499999970197676
v -0.007965999655425547 -0.0015340000391006465 0.005683000199496744
v -0.01314599998295307 -0.017469000071287148 0.0056949998252093775
v -0.013585000298917292 -0.01702399924397468 0.005499999970197676
v -0.013439999893307684 -0.01691200025379657 0.005683000199496744
v -0.013336000032722948 -0.01702000014483928 0.005700000096112488
v -0.013298000209033487 -0.017067000269889825 0.005706000141799448
v -0.01305199973285198 -0.017410000786185258 0.005735999904572962
v -0.013491000048816202 -0.017098000273108475 0.005559999961405991
v -0.013451999984681605 -0.017136000096797936 0.005582999903708695
v -0.0070719998329877845 -0.001811000052839517 0.005683000199496744
v -0.0071620000526309005 -0.0019710001070052377 0.005499999970197676
v -0.006515000015497207 -0.0025369999930262557 0.005499999970197676
v -0.00615399982780218 -0.0033170001115649926 0.005499999970197676
v -0.006142000202089547 -0.004176999907940624 0.005499999970197676
v -0.0064810002222657195 -0.004966999869793652 0.005499999970197676
v -0.0063680000603199 -0.0024270000867545596 0.005683000199496744
v -0.005975999869406222 -0.0032770000398159014 0.005683000199496744
v -0.005963000003248452 -0.004211999941617249 0.005683000199496744
v -0.006331000011414289 -0.005071999970823525 0.005683000199496744
v -0.009808000177145003 -0.010141000151634213 0.005721000023186205
v -0.0098470002412796 -0.010057000443339344 0.005683000199496744
v -0.009979999624192713 -0.010050999931991097 0.005683000199496744
v -0.009877000004053114 -0.009996999986469742 0.0056429998949170095
v -0.00992900040000677 -0.00989199988543987 0.0055340002290904505
v -0.009975000284612177 -0.009867999702692028 0.005499999970197676
v -0.009939000010490416 -0.009870000183582302 0.005499999970197676
v -0.00996199995279312 -0.009824999608099457 0.005400999914854763
v -0.00972700025886297 -0.01031200028955936 0.005750000011175869
v -0.010939000174403189 -0.010135999880731102 0.005683000199496744
v -0.011854999698698519 -0.010435000061988827 0.005683000199496744
v -0.01267999969422817 -0.010932000353932377 0.005683000199496744
v -0.01337200030684471 -0.011602999642491337 0.005683000199496744
v -0.0138950003311038 -0.01241200044751167 0.005683000199496744
v -0.014221999794244765 -0.013318000361323351 0.005683000199496744
v -0.014337000437080858 -0.014274000190198416 0.005683000199496744
v -0.014233999885618685 -0.01523199956864118 0.005683000199496744
v -0.013930000364780424 -0.01611600071191787 0.005683000199496744
v -0.010975999757647513 -0.009956999681890007 0.005499999970197676
v -0.011931000277400015 -0.01026900019496679 0.005499999970197676
v -0.012791999615728853 -0.01078699994832277 0.005499999970197676
v -0.01351299975067377 -0.01148699969053268 0.005499999970197676
v -0.014058999717235563 -0.0123300002887845 0.005499999970197676
v -0.01440099999308586 -0.01327500026673078 0.005499999970197676
v -0.014519999735057352 -0.01427299994975328 0.005499999970197676
v -0.01441300008445978 -0.015271999873220915 0.005499999970197676
v -0.014096000231802462 -0.016194000840187066 0.005499999970197676
v -0.007232000119984149 0.005100999958813189 0.0
v -0.007232000119984149 0.005100999958813189 -0.0022499999031424514
v -0.005051000043749808 0.007267000153660772 0.0
v -0.006235999986529349 0.0062799998559057695 -0.0022499999031424514
v -0.005051000043749808 0.007267000153660772 -0.0022499999031424514
v -0.003712000092491507 0.008034000173211094 -0.0022499999031424514
v -0.002260999986901879 0.008555999957025048 0.0
v -0.002260999986901879 0.008555999957025048 -0.0022499999031424514
v -0.0007409999961964785 0.008818999864161011 -0.0022499999031424514
v 0.0008019999950192868 0.0088139995932579 0.0
v 0.0008019999950192868 0.0088139995932579 -0.0022499999031424514
v 0.0023199999704957004 0.008539999835193154 -0.0022499999031424514
v 0.0037680000532418485 0.008008000440895554 0.0
v 0.0037680000532418485 0.008008000440895554 -0.0022499999031424514
v 0.00627999985590577 0.0062359999865293485 0.0
v 0.00510099995881319 0.007232000119984147 -0.0022499999031424514
v 0.00627999985590577 0.0062359999865293485 -0.0022499999031424514
v 0.008034000173211096 0.0037120000924915062 0.0
v 0.007267000153660773 0.0050510000437498075 -0.0022499999031424514
v 0.008034000173211096 0.0037120000924915062 -0.0022499999031424514
v 0.008818999864161013 0.0007409999961964784 0.0
v 0.00855599995702505 0.0022609999869018784 -0.0022499999031424514
v 0.008818999864161013 0.0007409999961964784 -0.0022499999031424514
v 0.008539999835193155 -0.0023199999704957 0.0
v 0.008813999593257902 -0.0008019999950192867 -0.0022499999031424514
v 0.008539999835193155 -0.0023199999704957 -0.0022499999031424514
v 0.007232000119984149 -0.005100999958813189 0.0
v 0.008008000440895556 -0.0037680000532418476 -0.0022499999031424514
v 0.007232000119984149 -0.005100999958813189 -0.0022499999031424514
v 0.006235999986529349 -0.0062799998559057695 -0.0022499999031424514
v 0.005051000043749808 -0.007267000153660772 0.0
v 0.005051000043749808 -0.007267000153660772 -0.0022499999031424514
v 0.002260999986901879 -0.008555999957025048 0.0
v 0.003712000092491507 -0.008034000173211094 -0.0022499999031424514
v 0.002260999986901879 -0.008555999957025048 -0.0022499999031424514
v -0.0008019999950192868 -0.0088139995932579 0.0
v 0.0007409999961964785 -0.008818999864161011 -0.0022499999031424514
v -0.0008019999950192868 -0.0088139995932579 -0.0022499999031424514
v -0.0023199999704957004 -0.008539999835193154 -0.0022499999031424514
v -0.0037680000532418485 -0.008008000440895554 0.0
v -0.0037680000532418485 -0.008008000440895554 -0.0022499999031424514
v -0.00627999985590577 -0.0062359999865293485 0.0
v -0.00510099995881319 -0.007232000119984147 -0.0022499999031424514
v -0.00627999985590577 -0.0062359999865293485 -0.0022499999031424514
v -0.007267000153660773 -0.0050510000437498075 -0.0022499999031424514
v -0.008034000173211096 -0.0037120000924915062 0.0
v -0.008034000173211096 -0.0037120000924915062 -0.0022499999031424514
v -0.008818999864161013 -0.0007409999961964784 0.0
v -0.00855599995702505 -0.0022609999869018784 -0.0022499999031424514
v -0.008818999864161013 -0.0007409999961964784 -0.0022499999031424514
v -0.008539999835193155 0.0023199999704957 0.0
v -0.008813999593257902 0.0008019999950192867 -0.0022499999031424514
v -0.008539999835193155 0.0023199999704957 -0.0022499999031424514
v -0.008008000440895556 0.0037680000532418476 -0.0022499999031424514
v 0.0 0.0 0.0
v 0.00846000015735626 -0.003980999812483786 -0.0031159999780356875
v 0.009022999554872511 -0.002451000036671757 -0.0031159999780356875
v 0.00931200012564659 -0.0008469999884255227 -0.0031159999780356875
v 0.0093170003965497 0.000782000017352402 -0.0031159999780356875
v 0.009039999917149542 0.002388000022619962 -0.0031159999780356875
v 0.008488000370562075 0.003922000061720608 -0.0031159999780356875
v 0.007677999790757894 0.005336000118404625 -0.0031159999780356875
v 0.006634000223129987 0.00658799987286329 -0.0031159999780356875
v 0.005390000063925981 0.007639999967068431 -0.0031159999780356875
v 0.003980999812483787 0.008460000157356259 -0.0031159999780356875
v 0.0024510000366717573 0.00902299955487251 -0.0031159999780356875
v 0.0008469999884255229 0.009312000125646588 -0.0031159999780356875
v -0.0007820000173524021 0.009317000396549698 -0.0031159999780356875
v -0.0023880000226199623 0.00903999991714954 -0.0031159999780356875
v -0.003922000061720609 0.008488000370562073 -0.0031159999780356875
v -0.005336000118404626 0.007677999790757892 -0.0031159999780356875
v -0.006587999872863292 0.006634000223129985 -0.0031159999780356875
v -0.007639999967068433 0.00539000006392598 -0.0031159999780356875
v -0.00846000015735626 0.003980999812483786 -0.0031159999780356875
v -0.009022999554872511 0.002451000036671757 -0.0031159999780356875
v -0.00931200012564659 0.0008469999884255227 -0.0031159999780356875
v -0.0093170003965497 -0.000782000017352402 -0.0031159999780356875
v -0.009039999917149542 -0.002388000022619962 -0.0031159999780356875
v -0.008488000370562075 -0.003922000061720608 -0.0031159999780356875
v -0.007677999790757894 -0.005336000118404625 -0.0031159999780356875
v -0.006634000223129987 -0.00658799987286329 -0.0031159999780356875
v -0.005390000063925981 -0.007639999967068431 -0.0031159999780356875
v -0.003980999812483787 -0.008460000157356259 -0.0031159999780356875
v -0.0024510000366717573 -0.00902299955487251 -0.0031159999780356875
v -0.0008469999884255229 -0.009312000125646588 -0.0031159999780356875
v 0.0007820000173524021 -0.009317000396549698 -0.0031159999780356875
v 0.0023880000226199623 -0.00903999991714954 -0.0031159999780356875
v 0.003922000061720609 -0.008488000370562073 -0.0031159999780356875
v 0.005336000118404626 -0.007677999790757892 -0.0031159999780356875
v 0.006587999872863292 -0.006634000223129985 -0.0031159999780356875
v 0.007639999967068433 -0.00539000006392598 -0.0031159999780356875
v 0.008128999732434748 -0.0038250000216066824 -0.002749999985098838
v 0.008670000359416006 -0.0023560000117868176 -0.002749999985098838
v 0.00894699990749359 -0.0008140000281855461 -0.002749999985098838
v 0.0089520001783967 0.0007520000217482445 -0.002749999985098838
v 0.008685999549925326 0.0022950000129640094 -0.002749999985098838
v 0.008155000396072863 0.0037680000532418476 -0.002749999985098838
v 0.0073770000599324695 0.005127000156790016 -0.002749999985098838
v 0.00637499988079071 0.006329999770969151 -0.002749999985098838
v 0.005179000087082385 0.007340999785810706 -0.002749999985098838
v 0.0038250000216066833 0.008128999732434746 -0.002749999985098838
v 0.002356000011786818 0.008670000359416005 -0.002749999985098838
v 0.0008140000281855463 0.008946999907493588 -0.002749999985098838
v -0.0007520000217482447 0.008952000178396698 -0.002749999985098838
v -0.00229500001296401 0.008685999549925324 -0.002749999985098838
v -0.0037680000532418485 0.008155000396072861 -0.002749999985098838
v -0.005127000156790017 0.007377000059932468 -0.002749999985098838
v -0.006329999770969152 0.006374999880790709 -0.002749999985098838
v -0.007340999785810708 0.005179000087082384 -0.002749999985098838
v -0.008128999732434748 0.0038250000216066824 -0.002749999985098838
v -0.008670000359416006 0.0023560000117868176 -0.002749999985098838
v -0.00894699990749359 0.0008140000281855461 -0.002749999985098838
v -0.0089520001783967 -0.0007520000217482445 -0.002749999985098838
v -0.008685999549925326 -0.0022950000129640094 -0.002749999985098838
v -0.008155000396072863 -0.0037680000532418476 -0.002749999985098838
v -0.0073770000599324695 -0.005127000156790016 -0.002749999985098838
v -0.00637499988079071 -0.006329999770969151 -0.002749999985098838
v -0.005179000087082385 -0.007340999785810706 -0.002749999985098838
v -0.0038250000216066833 -0.008128999732434746 -0.002749999985098838
v -0.002356000011786818 -0.008670000359416005 -0.002749999985098838
v -0.0008140000281855463 -0.008946999907493588 -0.002749999985098838
v 0.0007520000217482447 -0.008952000178396698 -0.002749999985098838
v 0.00229500001296401 -0.008685999549925324 -0.002749999985098838
v 0.0037680000532418485 -0.008155000396072861 -0.002749999985098838
v 0.005127000156790017 -0.007377000059932468 -0.002749999985098838
v 0.006329999770969152 -0.006374999880790709 -0.002749999985098838
v 0.007340999785810708 -0.005179000087082384 -0.002749999985098838
v 0.03638400137424468 0.028334999457001676 -0.005245000123977659
v 0.03642399981617927 0.028474999591708173 -0.005185999907553194
v 0.03457099944353103 0.0290360003709793 -0.008249999955296513
v 0.03649000078439712 0.028849000111222257 -0.00499900011345744
v 0.03428100049495696 0.03111799992620944 -0.008249999955296513
v 0.034669999033212655 0.029712000861763944 -0.008249999955296513
v 0.03647299855947494 0.02940700016915797 -0.004648000001907347
v 0.03641200065612792 0.02964700013399123 -0.004470000043511389
v 0.03321500122547149 0.03228399902582167 -0.008249999955296513
v 0.03600599989295005 0.030293000862002362 -0.0038880000356584774
v 0.035813000053167336 0.030451999977231015 -0.003709000069648026
v 0.03574300184845924 0.03049900010228156 -0.0036500000860542046
v 0.035142000764608376 0.030743999406695355 -0.0032470000442117444
v 0.031759999692440026 0.03289699926972388 -0.008249999955296513
v 0.033525001257658 0.03051999956369399 -0.002620999934151768
v 0.030303999781608578 0.03279199823737143 -0.008249999955296513
v 0.03412999957799911 0.030736999586224546 -0.0027989998925477258
v 0.034738998860120766 0.03079500049352645 -0.003042000113055109
v 0.03342099860310554 0.03046399913728236 -0.0025959999766200772
v 0.033050000667572015 0.030213000252842893 -0.0025249999016523353
v 0.029699999839067456 0.03247100114822386 -0.008249999955296513
v 0.032729998230934136 0.029908999800682057 -0.0024870000779628745
v 0.029237000271677967 0.031998001039028154 -0.008249999955296513
v 0.032538998872041695 0.02966799959540366 -0.0024790000170469275
v 0.028945999220013615 0.03140199929475783 -0.008249999955296513
v 0.03231199830770492 0.02928199991583823 -0.002494999906048178
v 0.02884699963033199 0.030727000907063474 -0.008249999955296513
v 0.03206799924373626 0.028454000130295743 -0.002620999934151768
v 0.02923600003123283 0.029319999739527692 -0.008249999955296513
v 0.03204999864101409 0.028262000530958165 -0.002666000043973326
v 0.03204699978232383 0.028116000816225995 -0.0027050001081079236
v 0.032157000154256814 0.027386000379919995 -0.00296299997717142
v 0.032216001302003854 0.02721799910068511 -0.003042000113055109
v 0.030301999300718304 0.028154000639915456 -0.008249999955296513
v 0.03230699896812438 0.027016999199986447 -0.003148999996483325
v 0.032552998512983315 0.02664400078356265 -0.0033980000298470246
v 0.03290300071239471 0.026319000869989385 -0.003711000084877013
v 0.03316399827599525 0.026169000193476667 -0.003930000122636555
v 0.031757000833749764 0.02754100039601325 -0.008249999955296513
v 0.03381900116801261 0.0260269995778799 -0.004439999815076588
v 0.033902000635862344 0.026029000058770173 -0.0045019998215138895
v 0.03469299897551536 0.026248000562191 -0.005032999906688927
v 0.03480700030922889 0.0263100005686283 -0.005098999943584202
v 0.033213000744581216 0.027645999565720548 -0.008249999955296513
v 0.03496599942445754 0.026409000158309926 -0.0051850001327693445
v 0.03381700068712234 0.027967000380158414 -0.008249999955296513
v 0.03533200174570083 0.026698000729084004 -0.005350000225007532
v 0.03566199913620948 0.027041999623179425 -0.0054440000094473345
v 0.03427999839186668 0.02844100072979926 -0.008249999955296513
v 0.03587400168180465 0.027316000312566747 -0.005464000161737202
v 0.036290001124143594 0.028071999549865712 -0.005338999908417462
v 0.01329699996858835 0.042234998196363435 -0.005348999984562395
v 0.013148999772965906 0.04179900139570235 -0.0051850001327693445
v 0.015002000145614145 0.04123900085687636 -0.008249999955296513
v 0.014902999624609945 0.040562998503446565 -0.008249999955296513
v 0.013098999857902525 0.04155100136995314 -0.005065999925136564
v 0.015293000265955923 0.03915600106120108 -0.008249999955296513
v 0.013143000192940233 0.04068399965763091 -0.00451399991288781
v 0.016357999294996258 0.037990000098943696 -0.008249999955296513
v 0.013198000378906725 0.040527999401092515 -0.004391000140458344
v 0.0135300001129508 0.04001799970865248 -0.003926999866962431
v 0.013756999745965002 0.03982499986886977 -0.003711000084877013
v 0.014183999970555304 0.03960299864411353 -0.003396000014618038
v 0.01781399920582771 0.03737799823284148 -0.008249999955296513
v 0.014728999696671961 0.03948599845170973 -0.0030920000281184903
v 0.014833999797701834 0.03948000073432921 -0.003042000113055109
v 0.015015999786555765 0.03948000073432921 -0.002961999969556927
v 0.015858000144362446 0.03966800123453139 -0.0026700000744312993
v 0.01926999911665916 0.037482999265193925 -0.008249999955296513
v 0.01604799926280975 0.03975500166416167 -0.002620999934151768
v 0.019873000681400296 0.037803001701831804 -0.008249999955296513
v 0.016650000587105748 0.040169999003410325 -0.0025069999974220982
v 0.016821000725030896 0.04034100100398062 -0.002488000085577368
v 0.020336000248789784 0.0382770001888275 -0.008249999955296513
v 0.017033999785780903 0.04060599952936171 -0.0024790000170469275
v 0.020626999437808987 0.03887199983000754 -0.008249999955296513
v 0.017418999224901196 0.04140299931168555 -0.002543000038713216
v 0.02072600089013576 0.039547998458147035 -0.008249999955296513
v 0.017425000667572018 0.042860999703407274 -0.002951999893411993
v 0.017378000542521473 0.04300199821591376 -0.0030159999150782815
v 0.02033700048923492 0.04095499962568282 -0.008249999955296513
v 0.017488000914454457 0.04170100018382071 -0.0025959999766200772
v 0.017505999654531475 0.04182000085711478 -0.002620999934151768
v 0.017523000016808506 0.04227200150489806 -0.0027379998937249175
v 0.017356999218463894 0.04305600002408026 -0.003042000113055109
v 0.016951000317931172 0.043708998709917055 -0.003462000051513313
v 0.019271999597549435 0.0421210005879402 -0.008249999955296513
v 0.016860000789165493 0.04380099847912787 -0.003545999992638825
v 0.01667300052940845 0.043953999876976 -0.003709000069648026
v 0.016350999474525448 0.04413099959492682 -0.003976999782025812
v 0.016022000461816784 0.04422499984502791 -0.004236999899148939
v 0.017815999686717984 0.04273299872875212 -0.008249999955296513
v 0.015669999644160267 0.04424599930644034 -0.0045019998215138895
v 0.015607000328600405 0.04424199834465979 -0.0045480001717805845
v 0.015130000188946722 0.04413399845361708 -0.004877999890595673
v 0.014833999797701834 0.04400200024247168 -0.005059999879449604
v 0.016359999775886532 0.04262800142168997 -0.008249999955296513
v 0.014607000164687632 0.04386600106954573 -0.0051850001327693445
v 0.015757000073790547 0.042307998985052095 -0.008249999955296513
v 0.014182000420987604 0.043520998209714876 -0.005371000152081249
v 0.015293999575078486 0.0418340004980564 -0.008249999955296513
v 0.013700000010430811 0.042957998812198625 -0.005464000161737202
v 0.013477000407874582 0.04260500147938727 -0.005435000173747538
v 0.014488000422716139 0.043781001120805726 -0.011254999786615368
v 0.014607000164687632 0.043864998966455446 -0.011314000003039833
v 0.014937000349164007 0.04405400156974791 -0.011501000262796875
v 0.015468999743461607 0.04422400146722792 -0.01185199990868568
v 0.015714999288320538 0.044247001409530626 -0.012029999867081639
v 0.016459999606013295 0.044080998748540864 -0.012612000107765194
v 0.01667300052940845 0.04395300149917601 -0.01279100030660629
v 0.016742000356316563 0.043903000652790056 -0.01284999959170818
v 0.0171739999204874 0.04341899976134299 -0.013252999633550639
v 0.017505999654531475 0.041820999234914766 -0.013879000209271903
v 0.017506999894976612 0.0424630008637905 -0.013701000250875945
v 0.017356999218463894 0.04305600002408026 -0.013457999564707274
v 0.017488000914454457 0.04170399904251097 -0.013903999701142306
v 0.0173760000616312 0.04126999899744986 -0.013975000008940692
v 0.017196999862790104 0.04086700081825255 -0.014012999832630152
v 0.017033999785780903 0.04060599952936171 -0.0140209998935461
v 0.016745999455451962 0.04026300087571143 -0.014004999771714205
v 0.01604799926280975 0.03975399956107138 -0.013879000209271903
v 0.015873000025749203 0.03967399895191191 -0.013833999633789057
v 0.015737000852823254 0.03962200134992598 -0.01379499956965446
v 0.015012999996542929 0.03948000073432921 -0.013536999933421607
v 0.014833999797701834 0.03948000073432921 -0.013457999564707274
v 0.014613999985158442 0.03949800133705138 -0.013350999914109702
v 0.01417999994009733 0.03960400074720381 -0.013101999647915358
v 0.013756999745965002 0.03982499986886977 -0.012788999825716015
v 0.013527999632060526 0.040020998567342744 -0.01257000025361776
v 0.013174000196158884 0.04058999940752982 -0.012059999629855152
v 0.013148000463843344 0.0406690016388893 -0.01199799962341785
v 0.013089999556541441 0.041487999260425554 -0.011466999538242813
v 0.013109999708831309 0.041616000235080705 -0.011401000432670113
v 0.013148999772965906 0.04179900139570235 -0.01131500024348497
v 0.013299000449478625 0.04224099963903426 -0.011149999685585495
v 0.013512000441551207 0.04266700148582457 -0.01105600036680698
v 0.013700000010430811 0.042957998812198625 -0.011036000214517113
v 0.014271999709308146 0.043604001402854906 -0.011160999536514279
v 0.03532800078392028 0.026693999767303456 -0.011150999926030632
v 0.03496599942445754 0.026409000158309926 -0.01131500024348497
v 0.034749999642372124 0.026278000324964513 -0.011433999985456463
v 0.03468799963593482 0.026246000081300725 -0.011470000259578225
v 0.03391800075769424 0.026029000058770173 -0.011986000463366505
v 0.03375300019979476 0.026027999818325036 -0.012109000235795971
v 0.033160999417304986 0.026170000433921804 -0.012573000043630597
v 0.03290300071239471 0.026319000869989385 -0.012788999825716015
v 0.03254999965429305 0.02664699964225291 -0.013104000128805632
v 0.032257001847028725 0.027120999991893758 -0.013407999649643893
v 0.032216001302003854 0.02721799910068511 -0.013457999564707274
v 0.032156001776456826 0.027389999479055394 -0.013538000173866744
v 0.03204999864101409 0.02824600040912627 -0.013829999603331084
v 0.03206799924373626 0.028454000130295743 -0.013879000209271903
v 0.032257001847028725 0.029160000383853902 -0.013992999680340285
v 0.03236100077629089 0.02937900088727473 -0.014011999592185015
v 0.032538998872041695 0.02966799959540366 -0.0140209998935461
v 0.033160999417304986 0.030298000201582898 -0.013957000337541098
v 0.03453199937939643 0.030793000012636174 -0.01354799978435039
v 0.034680001437664025 0.030796000733971585 -0.013484000228345389
v 0.033417999744415276 0.030463000759482373 -0.013903999701142306
v 0.033525001257658 0.03051999956369399 -0.013879000209271903
v 0.03394500166177749 0.030688000842928876 -0.01376200001686811
v 0.034738998860120766 0.03079500049352645 -0.013457999564707274
v 0.035489998757839196 0.030632000416517247 -0.013038000091910357
v 0.035608001053333276 0.03057599999010562 -0.01295400038361549
v 0.035813998430967324 0.030450999736785878 -0.01279100030660629
v 0.03608899936079978 0.03020700067281722 -0.012523000128567215
v 0.03628800064325332 0.0299290008842945 -0.012263000011444088
v 0.03642600029706954 0.029604999348521222 -0.01199799962341785
v 0.036442998796701424 0.029543999582529058 -0.011951999738812443
v 0.036501999944448464 0.029058000072836866 -0.011621999554336068
v 0.0364760011434555 0.028735000640153874 -0.011439999565482136
v 0.03642399981617927 0.02847599983215331 -0.01131500024348497
v 0.03624200075864791 0.027960000559687604 -0.011127999983727929
v 0.03587400168180465 0.027316000312566747 -0.011036000214517113
v 0.035615000873804085 0.02698799967765807 -0.01106499973684549
v 0.028645999729633328 -0.005022999830543993 -0.013507000170648093
v 0.0284850001335144 0.0058659999631345255 -0.013507000170648093
v 0.02433099970221519 0.01593199931085109 -0.013507000170648093
v 0.022143999114632603 0.018853999674320214 -0.013507000170648093
v -0.00039100000867620105 0.029079999774694432 -0.013507000170648093
v -0.011060000397264956 0.02689800038933753 -0.013507000170648093
v 0.03222100064158439 -0.0015490000369027253 -0.01671399921178817
v 0.03216100111603736 0.002497999928891658 -0.01671399921178817
v 0.030532000586390492 0.010412000119686123 -0.01671399921178817
v 0.011460999958217142 0.030153999105095853 -0.01671399921178817
v 0.003609000006690621 0.03205600008368491 -0.01671399921178817
v -0.004468999803066253 0.03194700181484221 -0.01671399921178817
v -0.008434999734163283 0.031136000528931607 -0.01671399921178817
v -0.015907000750303265 0.028062999248504628 -0.01671399921178817
v 0.027791000902652737 -0.008570999838411805 -0.013507000170648093
v 0.029109999537467953 -0.008977999910712239 -0.014221999794244761
v 0.030154999345540997 -0.009300000034272667 -0.015327000059187407
v 0.030826000496745106 -0.009507000446319577 -0.01671399921178817
v -0.019297000020742413 0.025849999859929078 -0.01671399921178817
v -0.01887699961662292 0.025288000702857964 -0.015327000059187407
v -0.018223000690340992 0.024412000551819794 -0.014221999794244761
v -0.01739699952304363 0.023305999115109437 -0.013507000170648093
v -0.0122680002823472 0.02983500063419341 -0.01671399921178817
v -0.0004339999868534505 0.032255001366138444 -0.01671399921178817
v 0.007594999857246875 0.031351000070571886 -0.01671399921178817
v 0.015146999619901179 0.028480999171733846 -0.01671399921178817
v 0.018595000728964802 0.026359999552369107 -0.01671399921178817
v 0.02174899913370609 0.023824000731110566 -0.01671399921178817
v 0.024561999365687367 0.020912000909447663 -0.01671399921178817
v 0.02698699943721294 0.017672000452876084 -0.01671399921178817
v 0.028988000005483624 0.01415299996733665 -0.01671399921178817
v 0.03159499913454055 0.006506000179797409 -0.01671399921178817
v 0.031773999333381646 -0.005572000052779911 -0.01671399921178817
v 0.02639999985694885 0.01728799939155578 -0.015327000059187407
v 0.024026999250054356 0.02045799978077411 -0.015327000059187407
v 0.02127600088715553 0.023305999115109437 -0.015327000059187407
v 0.018190000206232067 0.025785999372601502 -0.015327000059187407
v 0.01481799967586994 0.02786099910736083 -0.015327000059187407
v 0.011211999692022799 0.02949799969792365 -0.015327000059187407
v 0.02548499964177608 0.016688000410795205 -0.014221999794244761
v 0.02319500036537647 0.01974900066852569 -0.014221999794244761
v 0.02053900063037872 0.02249800041317939 -0.014221999794244761
v 0.01755999960005283 0.02489300072193145 -0.014221999794244761
v 0.014303999952971934 0.026895999908447255 -0.014221999794244761
v 0.01082400046288967 0.028474999591708173 -0.014221999794244761
v 0.019609000533819195 0.021478999406099313 -0.013507000170648093
v 0.01676400005817413 0.023764999583363526 -0.013507000170648093
v 0.013655999675393103 0.025676999241113656 -0.013507000170648093
v 0.010332999750971792 0.027185000479221334 -0.013507000170648093
v -0.014341999776661394 0.025301000103354447 -0.013507000170648093
v -0.015561000443994997 0.027452999725937833 -0.015327000059187407
v -0.015022000297904013 0.02650200016796588 -0.014221999794244761
v -0.012001000344753264 0.029185999184846868 -0.015327000059187407
v -0.011584999971091746 0.02817399986088275 -0.014221999794244761
v -0.008252000436186789 0.030458999797701825 -0.015327000059187407
v -0.007965999655425547 0.029402999207377423 -0.014221999794244761
v -0.007604999933391809 0.028070999309420575 -0.013507000170648093
v -0.004029999952763318 0.02880300022661685 -0.013507000170648093
v -0.004372000228613614 0.03125200048089026 -0.015327000059187407
v -0.004220999777317046 0.03016900084912776 -0.014221999794244761
v -0.00042399999802000815 0.03155399858951567 -0.015327000059187407
v -0.00040900000021792943 0.030460000038146962 -0.014221999794244761
v 0.003531000111252069 0.03135899826884268 -0.015327000059187407
v 0.003408000105991959 0.030271999537944783 -0.014221999794244761
v 0.0032540000975131984 0.0288999993354082 -0.013507000170648093
v 0.006847999989986419 0.028264999389648427 -0.013507000170648093
v 0.007430000230669974 0.030670000240206708 -0.015327000059187407
v 0.007172000128775834 0.029606999829411496 -0.014221999794244761
v 0.02835699915885925 0.013845000416040415 -0.015327000059187407
v 0.027374999597668644 0.013365999795496459 -0.014221999794244761
v 0.026133999228477475 0.012760000303387638 -0.013507000170648093
v 0.027527000755071637 0.009387000463902947 -0.013507000170648093
v 0.029867999255657193 0.010184999555349347 -0.015327000059187407
v 0.02883299998939037 0.009832000359892842 -0.014221999794244761
v 0.0309079997241497 0.006364999804645775 -0.015327000059187407
v 0.029836999252438542 0.006144000217318533 -0.014221999794244761
v 0.031461998820304864 0.0024439999833703032 -0.015327000059187407
v 0.030371999368071553 0.0023590000346302977 -0.014221999794244761
v 0.02899600006639957 0.002251999918371438 -0.013507000170648093
v 0.029050000011920925 -0.001396000036038458 -0.013507000170648093
v 0.031520001590251916 -0.0015150000108405943 -0.015327000059187407
v 0.03042799979448318 -0.0014629999641329046 -0.014221999794244761
v 0.031083000823855397 -0.005450999829918144 -0.015327000059187407
v 0.030005000531673428 -0.005262000020593403 -0.014221999794244761
v 0.18516400456428525 0.26281601190567005 -0.013749999925494189
v 0.18762500584125516 0.2653580009937285 -0.013749999925494189
v 0.1856569945812225 0.26242899894714344 -0.013749999925494189
v 0.1883289963006973 0.26469698548316944 -0.013749999925494189
v 0.18586400151252744 0.2621929943561553 -0.013749999925494189
v 0.1886390000581741 0.2643260061740874 -0.013749999925494189
v 0.18603900074958798 0.26193198561668385 -0.013749999925494189
v 0.1839710026979446 0.2631680071353911 -0.013749999925494189
v 0.18501800298690793 0.26656100153923024 -0.013749999925494189
v 0.18458999693393704 0.2630670070648192 -0.013749999925494189
v 0.18594799935817716 0.2663019895553588 -0.013749999925494189
v 0.18682500720024106 0.2658979892730712 -0.013749999925494189
v 0.18334700167179105 0.26311099529266346 -0.013749999925494189
v 0.18309299647808072 0.2666170001029967 -0.013749999925494189
v 0.1840579956769943 0.26666700839996327 -0.013749999925494189
v 0.18347999453544614 0.2582019865512847 -0.013749999925494189
v 0.18227599561214444 0.25488799810409535 -0.013749999925494189
v 0.18287900090217588 0.2583790123462676 -0.013749999925494189
v 0.18136900663375852 0.25522100925445546 -0.013749999925494189
v 0.182340994477272 0.25870001316070546 -0.013749999925494189
v 0.18471899628639218 0.25831300020217884 -0.013749999925494189
v 0.18514600396156308 0.25480398535728443 -0.013749999925494189
v 0.18410600721836087 0.25817900896072377 -0.013749999925494189
v 0.1841890066862106 0.25467699766159047 -0.013749999925494189
v 0.18322399258613584 0.2547050118446349 -0.013749999925494189
v 0.1857499927282333 0.2590079903602599 -0.013749999925494189
v 0.18772700428962705 0.256063014268875 -0.013749999925494189
v 0.18527799844741819 0.2585949897766112 -0.013749999925494189
v 0.186939001083374 0.255506008863449 -0.013749999925494189
v 0.18607099354267118 0.25508299469947804 -0.013749999925494189
v 0.18223699927330014 0.26255199313163746 -0.013749999925494189
v 0.18041999638080594 0.2655690014362334 -0.013749999925494189
v 0.18275700509548184 0.26290199160575856 -0.013749999925494189
v 0.18125000596046445 0.26606100797653187 -0.013749999925494189
v 0.18214899301528928 0.26641398668289173 -0.013749999925494189
v 0.18141099810600278 0.2602890133857726 -0.013749999925494189
v 0.17788200080394742 0.26060301065444935 -0.013749999925494189
v 0.1813939958810806 0.26091501116752613 -0.013749999925494189
v 0.17794899642467496 0.26156699657440174 -0.013749999925494189
v 0.1815329939126968 0.2615259885787963 -0.013749999925494189
v 0.18189999461174008 0.2591460049152373 -0.013749999925494189
v 0.17859999835491178 0.25782299041748036 -0.013749999925494189
v 0.18158300220966336 0.25968599319457997 -0.013749999925494189
v 0.17821200191974637 0.2587069869041442 -0.013749999925494189
v 0.17797100543975827 0.25964200496673573 -0.013749999925494189
v 0.18052799999713895 0.25569400191307057 -0.013749999925494189
v 0.17977300286293027 0.2562969923019408 -0.013749999925494189
v 0.17912499606609342 0.2570120096206664 -0.013749999925494189
v 0.18631899356842038 0.26011300086975087 -0.013749999925494189
v 0.18942700326442716 0.2583779990673064 -0.013749999925494189
v 0.18610399961471555 0.25952500104904164 -0.013749999925494189
v 0.1889880001544952 0.2575179934501647 -0.013749999925494189
v 0.18841600418090818 0.2567400038242339 -0.013749999925494189
v 0.17816999554634091 0.26250699162483204 -0.013749999925494189
v 0.17853899300098416 0.26339900493621815 -0.013749999925494189
v 0.1818200051784515 0.2620829939842223 -0.013749999925494189
v 0.17904600501060483 0.26422101259231556 -0.013749999925494189
v 0.1796779930591583 0.26495099067687977 -0.013749999925494189
v 0.18638099730014798 0.26073700189590443 -0.013749999925494189
v 0.1898670047521591 0.2602519989013671 -0.013749999925494189
v 0.18972299993038175 0.25929701328277577 -0.013749999925494189
v 0.18891799449920652 0.2639310061931609 -0.013749999925494189
v 0.18937599658966062 0.26308101415634144 -0.013749999925494189
v 0.1862860023975372 0.26135599613189686 -0.013749999925494189
v 0.18969100713729856 0.2621690034866332 -0.013749999925494189
v 0.18985700607299802 0.26121801137924183 -0.013749999925494189
v 0.1818200051784515 0.2620829939842223 -0.012749999761581417
v 0.17853899300098416 0.26339900493621815 -0.012749999761581417
v 0.1815329939126968 0.2615259885787963 -0.012749999761581417
v 0.17816999554634091 0.26250699162483204 -0.012749999761581417
v 0.1813939958810806 0.26091501116752613 -0.012749999761581417
v 0.18189999461174008 0.2591460049152373 -0.012749999761581417
v 0.18158300220966336 0.25968599319457997 -0.012749999761581417
v 0.17859999835491178 0.25782299041748036 -0.012749999761581417
v 0.18287900090217588 0.2583790123462676 -0.012749999761581417
v 0.18227599561214444 0.25488799810409535 -0.012749999761581417
v 0.18347999453544614 0.2582019865512847 -0.012749999761581417
v 0.18322399258613584 0.2547050118446349 -0.012749999761581417
v 0.18410600721836087 0.25817900896072377 -0.012749999761581417
v 0.18275700509548184 0.26290199160575856 -0.012749999761581417
v 0.18041999638080594 0.2655690014362334 -0.012749999761581417
v 0.18223699927330014 0.26255199313163746 -0.012749999761581417
v 0.1796779930591583 0.26495099067687977 -0.012749999761581417
v 0.17904600501060483 0.26422101259231556 -0.012749999761581417
v 0.18631899356842038 0.26011300086975087 -0.012749999761581417
v 0.1898670047521591 0.2602519989013671 -0.012749999761581417
v 0.18638099730014798 0.26073700189590443 -0.012749999761581417
v 0.18985700607299802 0.26121801137924183 -0.012749999761581417
v 0.1862860023975372 0.26135599613189686 -0.012749999761581417
v 0.17912499606609342 0.2570120096206664 -0.012749999761581417
v 0.17977300286293027 0.2562969923019408 -0.012749999761581417
v 0.182340994477272 0.25870001316070546 -0.012749999761581417
v 0.18052799999713895 0.25569400191307057 -0.012749999761581417
v 0.18136900663375852 0.25522100925445546 -0.012749999761581417
v 0.17794899642467496 0.26156699657440174 -0.012749999761581417
v 0.17788200080394742 0.26060301065444935 -0.012749999761581417
v 0.18141099810600278 0.2602890133857726 -0.012749999761581417
v 0.17797100543975827 0.25964200496673573 -0.012749999761581417
v 0.17821200191974637 0.2587069869041442 -0.012749999761581417
v 0.1856569945812225 0.26242899894714344 -0.012749999761581417
v 0.18762500584125516 0.2653580009937285 -0.012749999761581417
v 0.18516400456428525 0.26281601190567005 -0.012749999761581417
v 0.18682500720024106 0.2658979892730712 -0.012749999761581417
v 0.18458999693393704 0.2630670070648192 -0.012749999761581417
v 0.18969100713729856 0.2621690034866332 -0.012749999761581417
v 0.18937599658966062 0.26308101415634144 -0.012749999761581417
v 0.18603900074958798 0.26193198561668385 -0.012749999761581417
v 0.18891799449920652 0.2639310061931609 -0.012749999761581417
v 0.18586400151252744 0.2621929943561553 -0.012749999761581417
v 0.1886390000581741 0.2643260061740874 -0.012749999761581417
v 0.1883289963006973 0.26469698548316944 -0.012749999761581417
v 0.18610399961471555 0.25952500104904164 -0.012749999761581417
v 0.18942700326442716 0.2583779990673064 -0.012749999761581417
v 0.18972299993038175 0.25929701328277577 -0.012749999761581417
v 0.1841890066862106 0.25467699766159047 -0.012749999761581417
v 0.18514600396156308 0.25480398535728443 -0.012749999761581417
v 0.18471899628639218 0.25831300020217884 -0.012749999761581417
v 0.18607099354267118 0.25508299469947804 -0.012749999761581417
v 0.18527799844741819 0.2585949897766112 -0.012749999761581417
v 0.1839710026979446 0.2631680071353911 -0.012749999761581417
v 0.18309299647808072 0.2666170001029967 -0.012749999761581417
v 0.18334700167179105 0.26311099529266346 -0.012749999761581417
v 0.18214899301528928 0.26641398668289173 -0.012749999761581417
v 0.18125000596046445 0.26606100797653187 -0.012749999761581417
v 0.186939001083374 0.255506008863449 -0.012749999761581417
v 0.18772700428962705 0.256063014268875 -0.012749999761581417
v 0.1857499927282333 0.2590079903602599 -0.012749999761581417
v 0.18841600418090818 0.2567400038242339 -0.012749999761581417
v 0.1889880001544952 0.2575179934501647 -0.012749999761581417
v 0.18594799935817716 0.2663019895553588 -0.012749999761581417
v 0.18501800298690793 0.26656100153923024 -0.012749999761581417
v 0.1840579956769943 0.26666700839996327 -0.012749999761581417
v 0.18345700204372403 0.2631329894065856 -0.003749999916180967
v 0.1836690008640289 0.2666650116443633 -0.003749999916180967
v 0.18408299982547757 0.26316100358963 -0.003749999916180967
v 0.18463400006294248 0.26662200689315785 -0.003749999916180967
v 0.18439400196075437 0.2631160020828246 -0.003749999916180967
v 0.18511000275611875 0.2665419876575469 -0.003749999916180967
v 0.18469600379467008 0.26303300261497486 -0.003749999916180967
v 0.18232299387454984 0.26262301206588734 -0.003749999916180967
v 0.18090699613094327 0.265879988670349 -0.003749999916180967
v 0.18285800516605374 0.26295000314712513 -0.003749999916180967
v 0.18178099393844602 0.26628899574279774 -0.003749999916180967
v 0.18271000683307645 0.2665539979934691 -0.003749999916180967
v 0.18188600242137906 0.2621740102767943 -0.003749999916180967
v 0.17940999567508695 0.2646690011024474 -0.003749999916180967
v 0.18010999262332913 0.2653349936008452 -0.003749999916180967
v 0.1851840019226074 0.2585349977016448 -0.003749999916180967
v 0.18642799556255338 0.25523599982261647 -0.003749999916180967
v 0.18461200594902036 0.2582780122756957 -0.003749999916180967
v 0.18552400171756742 0.2548980116844176 -0.003749999916180967
v 0.1839949935674667 0.25817200541496266 -0.003749999916180967
v 0.18605099618434903 0.2594259977340697 -0.003749999916180967
v 0.18866099417209622 0.2570419907569884 -0.003749999916180967
v 0.1856739968061447 0.25892600417137135 -0.003749999916180967
v 0.1880179941654205 0.2563219964504241 -0.003749999916180967
v 0.18726700544357297 0.2557150125503539 -0.003749999916180967
v 0.18638199567794797 0.26062500476837147 -0.003749999916180967
v 0.18979999423027036 0.25967800617218006 -0.003749999916180967
v 0.18629199266433713 0.26000499725341786 -0.003749999916180967
v 0.1895640045404434 0.2587420046329497 -0.003749999916180967
v 0.18918099999427793 0.2578560113906859 -0.003749999916180967
v 0.18140800297260282 0.2610259950160979 -0.003749999916180967
v 0.1780630052089691 0.26213300228118885 -0.003749999916180967
v 0.18157400190830228 0.26162999868392933 -0.003749999916180967
v 0.1783729940652847 0.2630470097064971 -0.003749999916180967
v 0.17882600426673886 0.2639000117778777 -0.003749999916180967
v 0.1822549998760223 0.25877100229263295 -0.003749999916180967
v 0.17937199771404264 0.25671198964118946 -0.003749999916180967
v 0.18183399736881253 0.25923600792884816 -0.003749999916180967
v 0.17879499495029447 0.2574869990348815 -0.003749999916180967
v 0.1815419942140579 0.259790003299713 -0.003749999916180967
v 0.18336999416351316 0.2582220137119292 -0.003749999916180967
v 0.1817270070314407 0.2550689876079558 -0.003749999916180967
v 0.18277800083160398 0.258426010608673 -0.003749999916180967
v 0.1808570027351379 0.25548699498176564 -0.003749999916180967
v 0.1800650060176849 0.2560400068759917 -0.003749999916180967
v 0.184577003121376 0.25470998883247364 -0.003749999916180967
v 0.18361200392246244 0.2546750009059905 -0.003749999916180967
v 0.18265399336814878 0.25479599833488453 -0.003749999916180967
v 0.18609400093555448 0.2618350088596343 -0.003749999916180967
v 0.18958200514316556 0.2625420093536376 -0.003749999916180967
v 0.18631400167942044 0.26124799251556385 -0.003749999916180967
v 0.18980899453163144 0.2616029977798461 -0.003749999916180967
v 0.1898819953203201 0.26064100861549366 -0.003749999916180967
v 0.17835099995136258 0.25834399461746205 -0.003749999916180967
v 0.17804899811744687 0.25926101207733143 -0.003749999916180967
v 0.18139599263668058 0.26039999723434437 -0.003749999916180967
v 0.1778990030288696 0.26021501421928395 -0.003749999916180967
v 0.17790399491786954 0.2611809968948363 -0.003749999916180967
v 0.1857340037822723 0.2623479962348937 -0.003749999916180967
v 0.18869599699974057 0.2642509937286376 -0.003749999916180967
v 0.18920800089836118 0.26343199610710133 -0.003749999916180967
v 0.1855790019035339 0.266424000263214 -0.003749999916180967
v 0.1864800006151199 0.26607799530029286 -0.003749999916180967
v 0.18525899946689603 0.26275599002838124 -0.003749999916180967
v 0.18731400370597837 0.26559099555015553 -0.003749999916180967
v 0.18805900216102597 0.26497700810432423 -0.003749999916180967
v 0.18139599263668058 0.26039999723434437 -0.002749999985098838
v 0.17804899811744687 0.25926101207733143 -0.002749999985098838
v 0.1815419942140579 0.259790003299713 -0.002749999985098838
v 0.17835099995136258 0.25834399461746205 -0.002749999985098838
v 0.18183399736881253 0.25923600792884816 -0.002749999985098838
v 0.18336999416351316 0.2582220137119292 -0.002749999985098838
v 0.18277800083160398 0.258426010608673 -0.002749999985098838
v 0.1817270070314407 0.2550689876079558 -0.002749999985098838
v 0.18461200594902036 0.2582780122756957 -0.002749999985098838
v 0.18642799556255338 0.25523599982261647 -0.002749999985098838
v 0.1851840019226074 0.2585349977016448 -0.002749999985098838
v 0.18726700544357297 0.2557150125503539 -0.002749999985098838
v 0.1856739968061447 0.25892600417137135 -0.002749999985098838
v 0.18157400190830228 0.26162999868392933 -0.002749999985098838
v 0.1780630052089691 0.26213300228118885 -0.002749999985098838
v 0.18140800297260282 0.2610259950160979 -0.002749999985098838
v 0.17790399491786954 0.2611809968948363 -0.002749999985098838
v 0.1778990030288696 0.26021501421928395 -0.002749999985098838
v 0.18609400093555448 0.2618350088596343 -0.002749999985098838
v 0.18869599699974057 0.2642509937286376 -0.002749999985098838
v 0.1857340037822723 0.2623479962348937 -0.002749999985098838
v 0.18805900216102597 0.26497700810432423 -0.002749999985098838
v 0.18525899946689603 0.26275599002838124 -0.002749999985098838
v 0.18265399336814878 0.25479599833488453 -0.002749999985098838
v 0.18361200392246244 0.2546750009059905 -0.002749999985098838
v 0.1839949935674667 0.25817200541496266 -0.002749999985098838
v 0.184577003121376 0.25470998883247364 -0.002749999985098838
v 0.18552400171756742 0.2548980116844176 -0.002749999985098838
v 0.17879499495029447 0.2574869990348815 -0.002749999985098838
v 0.17937199771404264 0.25671198964118946 -0.002749999985098838
v 0.1822549998760223 0.25877100229263295 -0.002749999985098838
v 0.1800650060176849 0.2560400068759917 -0.002749999985098838
v 0.1808570027351379 0.25548699498176564 -0.002749999985098838
v 0.18408299982547757 0.26316100358963 -0.002749999985098838
v 0.1836690008640289 0.2666650116443633 -0.002749999985098838
v 0.18345700204372403 0.2631329894065856 -0.002749999985098838
v 0.18271000683307645 0.2665539979934691 -0.002749999985098838
v 0.18285800516605374 0.26295000314712513 -0.002749999985098838
v 0.18731400370597837 0.26559099555015553 -0.002749999985098838
v 0.1864800006151199 0.26607799530029286 -0.002749999985098838
v 0.18469600379467008 0.26303300261497486 -0.002749999985098838
v 0.1855790019035339 0.266424000263214 -0.002749999985098838
v 0.18439400196075437 0.2631160020828246 -0.002749999985098838
v 0.18511000275611875 0.2665419876575469 -0.002749999985098838
v 0.18463400006294248 0.26662200689315785 -0.002749999985098838
v 0.18631400167942044 0.26124799251556385 -0.002749999985098838
v 0.18958200514316556 0.2625420093536376 -0.002749999985098838
v 0.18920800089836118 0.26343199610710133 -0.002749999985098838
v 0.1880179941654205 0.2563219964504241 -0.002749999985098838
v 0.18866099417209622 0.2570419907569884 -0.002749999985098838
v 0.18605099618434903 0.2594259977340697 -0.002749999985098838
v 0.18918099999427793 0.2578560113906859 -0.002749999985098838
v 0.18629199266433713 0.26000499725341786 -0.002749999985098838
v 0.18232299387454984 0.26262301206588734 -0.002749999985098838
v 0.17940999567508695 0.2646690011024474 -0.002749999985098838
v 0.18188600242137906 0.2621740102767943 -0.002749999985098838
v 0.17882600426673886 0.2639000117778777 -0.002749999985098838
v 0.1783729940652847 0.2630470097064971 -0.002749999985098838
v 0.1895640045404434 0.2587420046329497 -0.002749999985098838
v 0.18979999423027036 0.25967800617218006 -0.002749999985098838
v 0.18638199567794797 0.26062500476837147 -0.002749999985098838
v 0.1898819953203201 0.26064100861549366 -0.002749999985098838
v 0.18980899453163144 0.2616029977798461 -0.002749999985098838
v 0.18178099393844602 0.26628899574279774 -0.002749999985098838
v 0.18090699613094327 0.265879988670349 -0.002749999985098838
v 0.18010999262332913 0.2653349936008452 -0.002749999985098838
v 0.1727419942617416 0.22029399871826164 -0.011734999716281887
v 0.17289300262928006 0.22042599320411674 -0.01167500019073486
v 0.1684879958629608 0.2127880007028579 -0.010370999574661251
v 0.17336800694465634 0.22097100317478172 -0.011579000391066071
v 0.17771099507808683 0.22586199641227714 -0.010370999574661251
v 0.1737679988145828 0.22171500325202934 -0.011710000224411484
v 0.16606000065803525 0.21449999511241905 -0.01365900039672851
v 0.17011299729347226 0.2200639992952346 -0.01358599960803985
v 0.16753600537776944 0.21345899999141685 -0.01210399996489286
v 0.17048500478267667 0.21985700726509086 -0.01327500026673078
v 0.17100700736045835 0.21972000598907462 -0.012861000373959538
v 0.17182900011539456 0.21979600191116325 -0.012260000221431252
v 0.1721139997243881 0.21990199387073509 -0.012074000202119347
v 0.17252300679683683 0.22012999653816215 -0.011838999576866623
v 0.17335200309753415 0.22893700003623954 -0.014963000081479544
v 0.1752829998731613 0.2275740057229995 -0.01365900039672851
v 0.17304100096225736 0.22440199553966514 -0.01366099994629621
v 0.17218700051307675 0.22472199797630302 -0.014216000214219088
v 0.17128600180149076 0.22470599412918082 -0.014608000405132765
v 0.17099399864673612 0.22463199496269218 -0.014705000445246691
v 0.17027699947357175 0.22428399324417106 -0.014887000434100623
v 0.17013700306415555 0.22418099641799918 -0.014911999925971026
v 0.1696060001850128 0.2236209958791732 -0.014961999841034407
v 0.16952399909496305 0.2234960049390792 -0.014960000291466708
v 0.16917599737644193 0.22262899577617637 -0.014862000010907645
v 0.16412900388240811 0.2158620059490203 -0.014963000081479544
v 0.16914400458335874 0.22172099351882926 -0.014623000286519522
v 0.16915099322795865 0.22167700529098502 -0.014607000164687628
v 0.16917400062084195 0.22154399752616874 -0.01455799955874681
v 0.169512003660202 0.2206999957561492 -0.014138000085949893
v 0.1695190072059631 0.22068899869918815 -0.014131000265479083
v 0.1697839945554733 0.22034800052642814 -0.013876000419259066
v 0.17002700269222257 0.22012700140476218 -0.01366099994629621
v 0.17395800352096555 0.22281800210475913 -0.012261999770998951
v 0.17385199666023252 0.2233790010213851 -0.012667999602854248
v 0.17675900459289548 0.2265329957008361 -0.01210399996489286
v 0.17382599413394925 0.22187699377536765 -0.011768000200390812
v 0.1739549934864044 0.2225179970264434 -0.01207800023257732
v 0.17369499802589414 0.22372500598430625 -0.012958000414073464
v 0.1734109967947006 0.2241010069847106 -0.013318000361323351
v 0.17312900722026822 0.2243430018424987 -0.013588000088930125
v 0.14683799445629117 0.22806000709533683 -0.014031999744474883
v 0.15087699890136716 0.2337699979543685 -0.01403800025582313
v 0.14887599647045133 0.22662200033664695 -0.015259999781846995
v 0.15102599561214444 0.23373000323772422 -0.014124999754130835
v 0.15119099617004392 0.23369699716567985 -0.014214999973773951
v 0.15148200094699857 0.23366700112819663 -0.014359000138938422
v 0.15209199488162992 0.23371200263500205 -0.014608000405132765
v 0.15229399502277371 0.23375900089740745 -0.014677000232040877
v 0.1531029939651489 0.2341360002756118 -0.014887999743223185
v 0.15312400460243222 0.234150007367134 -0.014891000464558596
v 0.1537709981203079 0.2347950041294097 -0.014961999841034407
v 0.15809899568557736 0.2396969944238662 -0.015259999781846995
v 0.15412500500679013 0.23549999296665183 -0.01490900013595819
v 0.15420100092887876 0.2357829958200454 -0.014863000251352782
v 0.15425600111484525 0.2364580035209655 -0.01470000017434358
v 0.154228001832962 0.23674100637435905 -0.014607000164687628
v 0.1495230048894882 0.23505100607872 -0.012657999992370602
v 0.1496859937906265 0.23468899726867667 -0.0129610002040863
v 0.14523400366306302 0.22919100522994987 -0.012536999769508835
v 0.14995199441909787 0.23433400690555564 -0.01330099999904632
v 0.15025100111961362 0.23407499492168418 -0.013589000329375262
v 0.1533599942922592 0.24303899705409995 -0.01084399968385696
v 0.15140800178050992 0.23857499659061424 -0.012165999971330162
v 0.15069200098514554 0.23816800117492667 -0.011758999899029728
v 0.150641992688179 0.23812900483608238 -0.011737000197172161
v 0.15009300410747525 0.23755900561809531 -0.011582000181078907
v 0.1500110030174255 0.23744699358940116 -0.011579000391066071
v 0.14413699507713315 0.2299650013446807 -0.01084399968385696
v 0.14965699613094327 0.23681899905204765 -0.011673999950289723
v 0.14955100417137143 0.23653699457645408 -0.011769999749958512
v 0.14942499995231626 0.2359140068292617 -0.012070000171661373
v 0.14941999316215512 0.23560099303722373 -0.012261999770998951
v 0.14947199821472165 0.2352309972047805 -0.012520000338554379
v 0.15404699742794034 0.2373739928007125 -0.014336000196635718
v 0.15386199951171872 0.23772600293159477 -0.014132999815046782
v 0.1560609936714172 0.24113400280475608 -0.014031999744474883
v 0.1537629961967468 0.23786899447441093 -0.014034999534487719
v 0.15354299545288083 0.23812200129032127 -0.013829999603331084
v 0.15241500735282895 0.23869299888610832 -0.012895000167191025
v 0.15237000584602353 0.23869800567626945 -0.0128600001335144
v 0.15445700287818906 0.2422659993171691 -0.012536999769508835
v 0.1519220024347305 0.23869900405406944 -0.012523000128567215
v 0.15155099332332608 0.23862299323081962 -0.012261000461876389
v 0.15326799452304837 0.2383529990911483 -0.013589000329375262
v 0.15320700407028195 0.23839400708675376 -0.01353599969297647
v 0.15282699465751645 0.23858700692653648 -0.013221999630331988
v 0.14950199425220487 0.23636999726295463 -0.004660999868065117
v 0.14958299696445462 0.23663100600242606 -0.00476500019431114
v 0.1442729979753494 0.22986899316310874 -0.005381000228226183
v 0.14965699613094327 0.23681800067424766 -0.004825000185519455
v 0.1500110030174255 0.23744699358940116 -0.004920999985188244
v 0.15057699382305142 0.23807400465011588 -0.004790000151842831
v 0.15349599719047544 0.24294400215148917 -0.005381000228226183
v 0.1507100015878677 0.23818300664424888 -0.004732000175863503
v 0.1522569954395294 0.23870800435543052 -0.003726999973878263
v 0.15467500686645505 0.2421109974384307 -0.003714000107720493
v 0.15155300498008725 0.23862299323081962 -0.004238000139594076
v 0.15127100050449369 0.23851899802684776 -0.0044220001436769945
v 0.15104900300502774 0.2337239980697631 -0.002362000057473778
v 0.15103599429130551 0.23372699320316306 -0.0023690001107752314
v 0.1471299976110458 0.2278539985418319 -0.0022559999488294116
v 0.14992900192737577 0.23435799777507774 -0.003225000109523534
v 0.14545199275016782 0.22903700172901145 -0.003714000107720493
v 0.15024800598621366 0.23407700657844535 -0.0029140000697225324
v 0.150626003742218 0.2338629961013793 -0.002623999956995248
v 0.1496240049600601 0.2348040044307708 -0.0036390000022947775
v 0.14958000183105466 0.23489999771118156 -0.0037199999205768095
v 0.14941999316215512 0.2356040030717849 -0.004240000154823063
v 0.15425699949264524 0.23643900454044334 -0.0017950000474229448
v 0.15416799485683438 0.23564699292182914 -0.0016129999421536918
v 0.15845000743865964 0.239447996020317 -0.0010760000441223379
v 0.15411800146102902 0.23548099398612968 -0.0015879999846220012
v 0.15376900136470792 0.23479300737380973 -0.0015379999531432982
v 0.15367899835109708 0.23467299342155448 -0.001539999968372285
v 0.1529790014028549 0.23405499756336204 -0.001638000016100704
v 0.1492280066013336 0.22637400031089774 -0.0010760000441223379
v 0.15213400125503537 0.23372000455856315 -0.0018769999733194702
v 0.15208999812602994 0.23371100425720207 -0.0018929999787360423
v 0.15195700526237485 0.23368899524211875 -0.001942000002600252
v 0.15126700699329373 0.2336850017309188 -0.002245000097900628
v 0.1524959951639175 0.23868000507354728 -0.0035419999621808516
v 0.15294499695301053 0.2385379970073699 -0.0031820000149309626
v 0.15635299682617185 0.24092799425125114 -0.0022559999488294116
v 0.15326799452304837 0.2383529990911483 -0.0029120000544935456
v 0.15355800092220304 0.23810699582099906 -0.002655999967828392
v 0.1539410054683685 0.23759299516677848 -0.0022839999292045823
v 0.15396900475025174 0.23754000663757316 -0.0022529999259859315
v 0.154228001832962 0.23673999309539787 -0.001891999971121549
v 0.162211000919342 0.21721500158309928 -0.0006750000175088642
v 0.1692170053720474 0.222798004746437 -0.0016090000281110402
v 0.16960799694061277 0.22362299263477317 -0.0015379999531432982
v 0.16632300615310666 0.21431499719619743 -0.0030690000858157864
v 0.1701100021600723 0.22006599605083457 -0.0029110000468790522
v 0.16445800662040708 0.2156299948692321 -0.0017209999496117228
v 0.16952499747276303 0.22067999839782707 -0.002374999923631548
v 0.16943900287151334 0.2208240032196044 -0.0022849999368190757
v 0.16931299865245816 0.2210880070924758 -0.0021410000044852487
v 0.16914999485015866 0.221679002046585 -0.001891999971121549
v 0.16912700235843656 0.22188399732112876 -0.0018230000277981156
v 0.1691319942474365 0.22233599424362174 -0.0017000000225380057
v 0.16921100020408628 0.2227730005979537 -0.0016120000509545203
v 0.16772100329399106 0.21332900226116172 -0.004656999837607144
v 0.17254500091075894 0.22014600038528434 -0.0046729999594390375
v 0.1718270033597946 0.21979500353336326 -0.004238000139594076
v 0.1712740063667297 0.2197069972753524 -0.003841999918222426
v 0.170877993106842 0.21974000334739677 -0.0035389999393373715
v 0.17030100524425504 0.21994599699974052 -0.00307300011627376
v 0.1769440025091171 0.22640299797058097 -0.004656999837607144
v 0.17386400699615476 0.22200299799442283 -0.0046810000203549845
v 0.17780900001525876 0.22579300403594962 -0.00641100015491247
v 0.17381800711154935 0.22185400128364555 -0.004741000011563299
v 0.173797994852066 0.22179399430751792 -0.0047630001790821535
v 0.17344599962234494 0.22108599543571464 -0.004918000195175408
v 0.17336800694465634 0.22097100317478172 -0.004920999985188244
v 0.172664001584053 0.22023199498653404 -0.004730000160634516
v 0.16858600080013272 0.2127179950475692 -0.00641100015491247
v 0.17289400100708005 0.22042700648307792 -0.004825999960303305
v 0.17388999462127683 0.2232549935579299 -0.003928999882191418
v 0.17375500500202176 0.2236129939556121 -0.003640000009909271
v 0.17373399436473844 0.22365300357341758 -0.0036049999762326466
v 0.17395800352096555 0.22281600534915916 -0.004238999914377926
v 0.1739609986543655 0.2226649969816207 -0.004333999939262865
v 0.17128700017929074 0.224707007408142 -0.0018929999787360423
v 0.17194500565528867 0.22474899888038627 -0.0021639999467879525
v 0.17367999255657193 0.22870500385761253 -0.0017209999496117228
v 0.17101199924945829 0.2246380001306533 -0.0017999999690800899
v 0.17015300691127774 0.22419300675392143 -0.0015910000074654813
v 0.17143400013446805 0.23028999567031852 -0.0006750000175088642
v 0.17039400339126584 0.22436000406742088 -0.0016370000084862106
v 0.17068600654602048 0.22451500594615928 -0.001705999951809644
v 0.1723390072584152 0.2246920019388198 -0.0023670000955462447
v 0.17281800508499143 0.22452500462532035 -0.0026700000744312993
v 0.1755460053682327 0.22738899290561668 -0.0030690000858157864
v 0.17312799394130704 0.2243430018424987 -0.0029110000468790522
v 0.17318800091743466 0.22429899871349326 -0.0029639999847859136
v 0.17330600321292874 0.2242020070552825 -0.0030739998910576096
v 0.17349700629711148 0.22400599718093864 -0.0032780000474303948
v 0.16890899837017057 0.2320699989795684 1.9999999494757496e-05
v 0.15968699753284452 0.21899600327014915 1.9999999494757496e-05
v 0.16622500121593473 0.2339639961719512 0.0003330000035930424
v 0.1570020020008087 0.22089000046253196 0.0003330000035930424
v 0.16350300610065457 0.2358839958906173 0.00024900000425986935
v 0.15428000688552854 0.22281000018119804 0.00024900000425986935
v 0.16087099909782407 0.23774099349975578 -0.00022800000442657612
v 0.15164799988269803 0.22466599941253654 -0.00022800000442657612
v 0.1528690010309219 0.24338600039482108 -0.007180999964475629
v 0.14364600181579587 0.23031200468540183 -0.007180999964475629
v 0.1528230011463165 0.24341799318790427 -0.009030999615788456
v 0.14360000193119046 0.23034399747848502 -0.009030999615788456
v 0.16047599911689756 0.23802000284194938 -0.016163000836968415
v 0.15125299990177152 0.22494499385356895 -0.016163000836968415
v 0.16308300197124478 0.23618100583553306 -0.01669999957084655
v 0.15386000275611875 0.22310599684715263 -0.01669999957084655
v 0.16579799354076383 0.23426499962806693 -0.01684599928557872
v 0.1565749943256378 0.22119100391864768 -0.01684599928557872
v 0.16849699616432187 0.23236100375652305 -0.016595000401139252
v 0.15927399694919583 0.2192869931459426 -0.016595000401139252
v 0.17105500400066373 0.23055699467658988 -0.015957999974489205
v 0.1618320047855377 0.21748299896717063 -0.015957999974489205
v 0.17809499800205228 0.22559100389480582 -0.008539999835193154
v 0.16887199878692624 0.21251699328422538 -0.008539999835193154
v 0.1781020015478134 0.2255859971046447 -0.008249999955296513
v 0.16887900233268735 0.21251200139522544 -0.008249999955296513
v 0.18004100024700162 0.2633779942989348 -0.012749999761581417
v 0.18004100024700162 0.2633779942989348 -0.010750000365078446
v 0.17932200431823728 0.26180800795555104 -0.012749999761581417
v 0.17932200431823728 0.26180800795555104 -0.010750000365078446
v 0.17921799421310422 0.26008400321006764 -0.012749999761581417
v 0.17921799421310422 0.26008400321006764 -0.010750000365078446
v 0.17974500358104703 0.258439004421234 -0.012749999761581417
v 0.17974500358104703 0.258439004421234 -0.010750000365078446
v 0.18083000183105466 0.2570950090885161 -0.012749999761581417
v 0.18083000183105466 0.2570950090885161 -0.010750000365078446
v 0.18232700228691098 0.2562339901924132 -0.012749999761581417
v 0.18232700228691098 0.2562339901924132 -0.010750000365078446
v 0.1840340048074722 0.255971997976303 -0.012749999761581417
v 0.1840340048074722 0.255971997976303 -0.010750000365078446
v 0.18572099506855008 0.2563439905643462 -0.012749999761581417
v 0.18572099506855008 0.2563439905643462 -0.010750000365078446
v 0.18715900182723996 0.2572999894618987 -0.012749999761581417
v 0.18715900182723996 0.2572999894618987 -0.010750000365078446
v 0.18815499544143674 0.2587119936943053 -0.012749999761581417
v 0.18815499544143674 0.2587119936943053 -0.010750000365078446
v 0.18857300281524655 0.26038798689842213 -0.012749999761581417
v 0.18857300281524655 0.26038798689842213 -0.010750000365078446
v 0.18835799396038053 0.26210099458694447 -0.012749999761581417
v 0.18835799396038053 0.26210099458694447 -0.010750000365078446
v 0.18753899633884427 0.2636219859123229 -0.012749999761581417
v 0.18753899633884427 0.2636219859123229 -0.010750000365078446
v 0.1862249970436096 0.26474300026893605 -0.012749999761581417
v 0.1862249970436096 0.26474300026893605 -0.010750000365078446
v 0.18459500372409818 0.2653149962425231 -0.012749999761581417
v 0.18459500372409818 0.2653149962425231 -0.010750000365078446
v 0.1828690022230148 0.2652589976787566 -0.012749999761581417
v 0.1828690022230148 0.2652589976787566 -0.010750000365078446
v 0.18127900362014768 0.2645829916000365 -0.012749999761581417
v 0.18127900362014768 0.2645829916000365 -0.010750000365078446
v 0.17041000723838803 0.25685998797416676 -0.012749999761581417
v 0.1703419983386993 0.25710898637771595 -0.012415000237524506
v 0.16992500424385068 0.2595680058002471 -0.012749999761581417
v 0.17026199400424954 0.25742799043655384 -0.01184500008821487
v 0.17021299898624417 0.25764399766921986 -0.011280000209808346
v 0.1701720058917999 0.2578339874744414 -0.009999999776482579
v 0.1701720058917999 0.2578339874744414 -0.006500000134110449
v 0.16992500424385068 0.2595680058002471 -0.003749999916180967
v 0.17020699381828305 0.25766998529434193 -0.011188999749720093
v 0.17018100619316098 0.25779199600219715 -0.010602000169456002
v 0.17018100619316098 0.25779199600219715 -0.005898000206798313
v 0.17020699381828305 0.25766998529434193 -0.0053110001608729345
v 0.17021299898624417 0.25764399766921986 -0.005220000166445969
v 0.17026199400424954 0.25742799043655384 -0.004654999822378157
v 0.1703419983386993 0.25710898637771595 -0.004085000138729809
v 0.17041000723838803 0.25685998797416676 -0.003749999916180967
v 0.184811994433403 0.2467000037431716 -0.003749999916180967
v 0.18506899476051328 0.24672000110149375 -0.004085000138729809
v 0.18752600252628324 0.2471520006656646 -0.003749999916180967
v 0.18539699912071225 0.24675099551677696 -0.004654999822378157
v 0.18561699986457822 0.24677699804306022 -0.005220000166445969
v 0.18564400076866147 0.24678100645542136 -0.0053110001608729345
v 0.18576799333095548 0.24679699540138236 -0.005898000206798313
v 0.18580999970436093 0.24680300056934348 -0.006500000134110449
v 0.18580999970436093 0.24680300056934348 -0.009999999776482579
v 0.18576799333095548 0.24679699540138236 -0.010602000169456002
v 0.18752600252628324 0.2471520006656646 -0.012749999761581417
v 0.18564400076866147 0.24678100645542136 -0.011188999749720093
v 0.18561699986457822 0.24677699804306022 -0.011280000209808346
v 0.18539699912071225 0.24675099551677696 -0.01184500008821487
v 0.18506899476051328 0.24672000110149375 -0.012415000237524506
v 0.184811994433403 0.2467000037431716 -0.012749999761581417
v 0.17003400623798368 0.262728989124298 -0.003749999916180967
v 0.17003400623798368 0.262728989124298 -0.012749999761581417
v 0.17084999382495877 0.2657850086688994 -0.003749999916180967
v 0.17084999382495877 0.2657850086688994 -0.012749999761581417
v 0.1723310053348541 0.26857900619506825 -0.003749999916180967
v 0.1723310053348541 0.26857900619506825 -0.012749999761581417
v 0.17440100014209745 0.27096998691558827 -0.003749999916180967
v 0.17440100014209745 0.27096998691558827 -0.012749999761581417
v 0.17695499956607816 0.27283498644828785 -0.003749999916180967
v 0.17695499956607816 0.27283498644828785 -0.012749999761581417
v 0.1798630058765411 0.2740800082683562 -0.003749999916180967
v 0.1798630058765411 0.2740800082683562 -0.012749999761581417
v 0.18297499418258664 0.274639993906021 -0.003749999916180967
v 0.18297499418258664 0.274639993906021 -0.012749999761581417
v 0.18613399565219876 0.2744869887828826 -0.003749999916180967
v 0.18613399565219876 0.2744869887828826 -0.012749999761581417
v 0.18917800486087796 0.2736290097236632 -0.003749999916180967
v 0.18917800486087796 0.2736290097236632 -0.012749999761581417
v 0.19195200502872464 0.2721090018749236 -0.003749999916180967
v 0.19195200502872464 0.2721090018749236 -0.012749999761581417
v 0.19431400299072263 0.2700060009956359 -0.003749999916180967
v 0.19431400299072263 0.2700060009956359 -0.012749999761581417
v 0.19614300131797788 0.2674260139465331 -0.003749999916180967
v 0.19614300131797788 0.2674260139465331 -0.012749999761581417
v 0.19734700024127957 0.26450198888778675 -0.003749999916180967
v 0.19734700024127957 0.26450198888778675 -0.012749999761581417
v 0.19786399602890012 0.26138100028038014 -0.003749999916180967
v 0.19786399602890012 0.26138100028038014 -0.012749999761581417
v 0.19766700267791745 0.258224993944168 -0.003749999916180967
v 0.19766700267791745 0.258224993944168 -0.012749999761581417
v 0.19676600396633145 0.255192995071411 -0.003749999916180967
v 0.19676600396633145 0.255192995071411 -0.012749999761581417
v 0.19520799815654752 0.25244098901748646 -0.003749999916180967
v 0.19520799815654752 0.25244098901748646 -0.012749999761581417
v 0.19307200610637662 0.2501080036163329 -0.003749999916180967
v 0.19307200610637662 0.2501080036163329 -0.012749999761581417
v 0.19046700000762937 0.248315006494522 -0.003749999916180967
v 0.19046700000762937 0.248315006494522 -0.012749999761581417
v 0.16738699376583097 0.2484640032052993 -0.003749999916180967
v 0.16727900505065915 0.24837499856948844 -0.003749999916180967
v 0.16901800036430356 0.2474000006914138 -0.003749999916180967
v 0.18004100024700162 0.2633779942989348 -0.003749999916180967
v 0.18127900362014768 0.2645829916000365 -0.003749999916180967
v 0.18835799396038053 0.26210099458694447 -0.003749999916180967
v 0.18753899633884427 0.2636219859123229 -0.003749999916180967
v 0.1862249970436096 0.26474300026893605 -0.003749999916180967
v 0.17932200431823728 0.26180800795555104 -0.003749999916180967
v 0.17921799421310422 0.26008400321006764 -0.003749999916180967
v 0.18715900182723996 0.2572999894618987 -0.003749999916180967
v 0.18572099506855008 0.2563439905643462 -0.003749999916180967
v 0.18158499896526334 0.24648100137710563 -0.003749999916180967
v 0.1840340048074722 0.255971997976303 -0.003749999916180967
v 0.18459500372409818 0.2653149962425231 -0.003749999916180967
v 0.1828690022230148 0.2652589976787566 -0.003749999916180967
v 0.18815499544143674 0.2587119936943053 -0.003749999916180967
v 0.18857300281524655 0.26038798689842213 -0.003749999916180967
v 0.17974500358104703 0.258439004421234 -0.003749999916180967
v 0.1839250028133392 0.24656400084495536 -0.003749999916180967
v 0.18452100455760953 0.24667100608348838 -0.003749999916180967
v 0.17058500647544858 0.25593501329421986 -0.003749999916180967
v 0.17062799632549283 0.2555760145187377 -0.003749999916180967
v 0.17072799801826474 0.2549059987068175 -0.003749999916180967
v 0.17120899260044095 0.24603499472141258 -0.003749999916180967
v 0.17128600180149076 0.25374600291252125 -0.003749999916180967
v 0.18232700228691098 0.2562339901924132 -0.003749999916180967
v 0.18083000183105466 0.2570950090885161 -0.003749999916180967
v 0.17123499512672422 0.25380799174308766 -0.003749999916180967
v 0.17092099785804746 0.25430700182914723 -0.003749999916180967
v 0.17042300105094907 0.2527309954166411 -0.003749999916180967
v 0.17001800239086148 0.25218498706817616 -0.003749999916180967
v 0.1674000024795532 0.24847500026226035 -0.003749999916180967
v 0.18361300230026242 0.24649399518966666 -0.003749999916180967
v 0.18375800549983975 0.24652700126171104 -0.003749999916180967
v 0.1838549971580505 0.24654899537563316 -0.003749999916180967
v 0.17786900699138639 0.24090400338172904 -0.003749999916180967
v 0.17791700363159177 0.24103599786758415 -0.003749999916180967
v 0.17665100097656247 0.24197700619697562 -0.003749999916180967
v 0.1779229938983917 0.24105200171470634 -0.003749999916180967
v 0.17478799819946286 0.24348400533199302 -0.003749999916180967
v 0.1805399954319 0.24476200342178336 -0.003749999916180967
v 0.18091699481010434 0.2453259974718093 -0.003749999916180967
v 0.17279599606990811 0.2449530065059661 -0.003749999916180967
v 0.18195900321006772 0.24636900424957267 -0.003749999916180967
v 0.18204200267791745 0.2463520020246505 -0.003749999916180967
v 0.1821549981832504 0.24633400142192832 -0.003749999916180967
v 0.18160000443458554 0.2464749962091445 -0.003749999916180967
v 0.18241399526596067 0.24631500244140617 -0.003749999916180967
v 0.1831409931182861 0.2463909983634948 -0.003749999916180967
v 0.17057999968528745 0.2559779882431029 -0.012749999761581417
v 0.17048099637031552 0.2565760016441344 -0.012749999761581417
v 0.18158499896526334 0.24648100137710563 -0.012749999761581417
v 0.17128600180149076 0.25374600291252125 -0.012749999761581417
v 0.17665100097656247 0.24197700619697562 -0.012749999761581417
v 0.17478799819946286 0.24348400533199302 -0.012749999761581417
v 0.17001800239086148 0.25218498706817616 -0.012749999761581417
v 0.18388299643993375 0.24655500054359428 -0.012749999761581417
v 0.1835300028324127 0.2464749962091445 -0.012749999761581417
v 0.18286499381065366 0.24634499847888938 -0.012749999761581417
v 0.17061799764633176 0.2556610107421874 -0.012749999761581417
v 0.17060099542140958 0.2558090090751647 -0.012749999761581417
v 0.17058899998664853 0.2559069991111754 -0.012749999761581417
v 0.18223699927330014 0.24632500112056724 -0.012749999761581417
v 0.18165999650955197 0.24645400047302238 -0.012749999761581417
v 0.17279599606990811 0.2449530065059661 -0.012749999761581417
v 0.17120899260044095 0.24603499472141258 -0.012749999761581417
v 0.1674000024795532 0.24847500026226035 -0.012749999761581417
v 0.16901800036430356 0.2474000006914138 -0.012749999761581417
v 0.16738699376583097 0.2484640032052993 -0.012749999761581417
v 0.16727900505065915 0.24837499856948844 -0.012749999761581417
v 0.18091799318790433 0.2453269958496093 -0.012749999761581417
v 0.1805399954319 0.24476200342178336 -0.012749999761581417
v 0.1779229938983917 0.24105200171470634 -0.012749999761581417
v 0.17791700363159177 0.24103599786758415 -0.012749999761581417
v 0.17786900699138639 0.24090400338172904 -0.012749999761581417
v 0.17105500400066373 0.2540610134601592 -0.012749999761581417
v 0.1710110008716583 0.2541329860687255 -0.012749999761581417
v 0.1709569990634918 0.2542339861392974 -0.012749999761581417
v 0.17042200267314908 0.25273001194000233 -0.012749999761581417
v 0.17127600312232968 0.2537580132484435 -0.012749999761581417
v 0.17085200548171994 0.2544710040092467 -0.012749999761581417
v 0.17067900300025937 0.25518199801444996 -0.012749999761581417
v 0.17922399938106534 0.22724199295043937 -0.0031920000910758963
v 0.1787839978933334 0.22755199670791618 -0.0026179999113082877
v 0.17763100564479825 0.22591799497604362 -0.0026179999113082877
v 0.1615139991044998 0.2397350072860717 0.0016830000095069402
v 0.1607909947633743 0.24024499952793113 0.0014690000098198648
v 0.15963800251483914 0.23861099779605857 0.0014690000098198648
v 0.15322799980640409 0.2457759976387023 -0.011923000216484066
v 0.15341000258922574 0.2455669939517974 -0.012353000231087204
v 0.1522029936313629 0.24385599792003623 -0.012353000231087204
v 0.16121500730514524 0.23994599282741538 -0.018099000677466386
v 0.16213800013065335 0.23929500579833976 -0.01834099926054477
v 0.160984992980957 0.23766000568866721 -0.01834099926054477
v 0.1801349967718124 0.22679500281810752 -0.004577000159770249
v 0.1787610054016113 0.22512100636959068 -0.004317999817430971
v 0.18041799962520597 0.22666199505329124 -0.005152999889105557
v 0.17941500246524808 0.22465999424457542 -0.005958999972790478
v 0.1804459989070892 0.22664299607276908 -0.005224000196903942
v 0.18062299489974973 0.22647300362586967 -0.005799000151455401
v 0.18090699613094327 0.22613899409770957 -0.007654999848455188
v 0.1808030009269714 0.22624999284744254 -0.006715999916195867
v 0.18065899610519406 0.2264239937067031 -0.005958999972790478
v 0.17971399426460263 0.22444799542427055 -0.007656000088900325
v 0.17973600327968595 0.22443300485610954 -0.008249999955296513
v 0.18091399967670438 0.22613100707530967 -0.008713999763131138
v 0.18082100152969358 0.2262309938669204 -0.009666999801993367
v 0.17953999340534207 0.22457100450992576 -0.010044000111520287
v 0.1807949990034103 0.2262600064277648 -0.009836000390350815
v 0.17999400198459622 0.226850003004074 -0.012163000181317326
v 0.18023200333118436 0.22675600647926322 -0.011745000258088108
v 0.17897300422191617 0.2249709963798522 -0.011744000017642971
v 0.1803289949893951 0.2267110049724578 -0.011548999696969982
v 0.18055899441242215 0.2265480011701583 -0.010944000445306298
v 0.18060399591922757 0.22649699449539176 -0.010777999646961686
v 0.18062299489974973 0.22647300362586967 -0.010700999759137627
v 0.18075999617576596 0.22630099952220908 -0.010044000111520287
v 0.1786379963159561 0.22765499353408805 -0.014054999686777587
v 0.1791409999132156 0.22730000317096702 -0.013423000462353224
v 0.17798799276351926 0.22566600143909446 -0.013423000462353224
v 0.17922399938106534 0.22724199295043937 -0.01330799981951713
v 0.17965599894523618 0.2269919961690902 -0.012688999995589253
v 0.17787800729274747 0.22819100320339195 -0.014848999679088587
v 0.1766719967126846 0.2265949994325637 -0.014898999594151969
v 0.17782500386238095 0.22822900116443626 -0.014898999594151969
v 0.17536300420761106 0.2299650013446807 -0.01668299920856952
v 0.17595900595188138 0.2295449972152709 -0.01632799953222274
v 0.17480599880218503 0.22791099548339835 -0.01632799953222274
v 0.17648999392986295 0.22916999459266654 -0.015975000336766236
v 0.177044004201889 0.22878000140190116 -0.01556599978357553
v 0.17416900396347043 0.23080800473690025 -0.017286999151110642
v 0.17263099551200864 0.229444995522499 -0.01745500043034553
v 0.173784002661705 0.23107899725437156 -0.01745500043034553
v 0.16988000273704526 0.23383399844169608 -0.018574999645352357
v 0.17119400203227994 0.23290699720382682 -0.018303999677300446
v 0.1700409948825836 0.23127199709415427 -0.018303999677300446
v 0.1713750064373016 0.23277899622917167 -0.018259000033140176
v 0.1728280037641525 0.23175400495529166 -0.017821999266743653
v 0.1683460026979446 0.23491500318050376 -0.01877200044691562
v 0.16713699698448178 0.2333209961652755 -0.018776999786496155
v 0.16829000413417813 0.23495499789714805 -0.018776999786496155
v 0.16403199732303617 0.2355110049247741 -0.01879999972879886
v 0.16616900265216825 0.23645099997520438 -0.018845999613404267
v 0.16677699983119962 0.2360229939222335 -0.018849000334739678
v 0.16282199323177335 0.23881199955940238 -0.018487999215722077
v 0.1644790023565292 0.23764300346374503 -0.018737999722361558
v 0.16518500447273252 0.23714500665664665 -0.01879999972879886
v 0.15966700017452237 0.24103799462318412 -0.017566999420523637
v 0.15816099941730496 0.23965199291706077 -0.017420999705791466
v 0.15931400656700132 0.24128699302673332 -0.017420999705791466
v 0.15917199850082395 0.24138699471950523 -0.017359999939799302
v 0.15597100555896756 0.24119700491428367 -0.016266999766230576
v 0.1578789949417114 0.24229900538921348 -0.016719000414013856
v 0.1548729985952377 0.2419719994068145 -0.015479999594390387
v 0.15669299662113187 0.2431360036134719 -0.015978999435901635
v 0.15712399780750272 0.24283200502395622 -0.016266999766230576
v 0.15419200062751767 0.2449000030755996 -0.013628999702632422
v 0.15452200174331662 0.2446669936180114 -0.014034999534487719
v 0.15336999297142026 0.24303300678730003 -0.014034999534487719
v 0.1549510061740875 0.2443639934062957 -0.014504999853670592
v 0.15561699867248532 0.24389499425888053 -0.015138000249862666
v 0.15353600680828092 0.24542899429798118 -0.012616000138223168
v 0.1539250016212463 0.24508899450302116 -0.01326800044625997
v 0.15395399928092954 0.24506799876689903 -0.01330799981951713
v 0.15300700068473813 0.24599799513816825 -0.011346999555826184
v 0.1515100002288818 0.24434399604797355 -0.010718000121414658
v 0.15297999978065488 0.2460180073976516 -0.011276000179350373
v 0.1524900048971176 0.24622300267219535 -0.00978399999439716
v 0.1527599990367889 0.24612799286842338 -0.010700999759137627
v 0.15276700258255002 0.2461259961128234 -0.010718000121414658
v 0.1524659991264343 0.24623300135135642 -0.00683300010859966
v 0.15242800116539 0.24624900519847862 -0.007032999768853185
v 0.15122599899768827 0.24454399943351737 -0.007032999768853185
v 0.15233999490737912 0.24628700315952293 -0.007786000147461889
v 0.15115700662136075 0.24459299445152274 -0.008836000226438042
v 0.1523489952087402 0.24628299474716178 -0.008836000226438042
v 0.1523499935865402 0.24628299474716178 -0.008844999596476551
v 0.15308299660682675 0.2459309995174407 -0.004951000213623045
v 0.15295200049877164 0.24603800475597373 -0.005299000069499014
v 0.15167500078678128 0.24422800540924064 -0.005299000069499014
v 0.15285299718379972 0.24609300494194022 -0.005555999930948017
v 0.15278899669647214 0.2461179941892623 -0.005721999797970055
v 0.1527599990367889 0.24612799286842338 -0.005799000151455401
v 0.15250200033187863 0.24621799588203422 -0.006663999985903499
v 0.15242500603199002 0.24369899928569785 -0.0037620000075548874
v 0.1536000072956085 0.2453649938106536 -0.003763000015169381
v 0.15357400476932523 0.24539099633693687 -0.0038109999150037752
v 0.15332600474357602 0.24566200375556937 -0.004337000194936989
v 0.15357500314712522 0.2428880035877227 -0.0022330000065267077
v 0.15468500554561612 0.24455200135707847 -0.002279999898746609
v 0.15395399928092954 0.24506799876689903 -0.0031920000910758963
v 0.1562709957361221 0.24343299865722648 -0.0008280000183731314
v 0.15614299476146695 0.2435240000486373 -0.0009270000155083832
v 0.15511800348758695 0.24179899692535392 -0.0008280000183731314
v 0.15549199283123014 0.2439830005168914 -0.0014730000402778383
v 0.15472799539566037 0.24452200531959525 -0.0022330000065267077
v 0.15722399950027463 0.24031299352645866 0.00048399998922832294
v 0.15829600393772122 0.24200500547885886 0.0004429999971762298
v 0.15718600153923032 0.24278800189495078 -0.0001929999998537823
v 0.16010199487209317 0.24073100090026847 0.0012329999590292569
v 0.1587399989366531 0.2416909933090209 0.0006629999843426047
v 0.15837700664997098 0.2419479936361312 0.00048399998922832294
v 0.1629730015993118 0.23870599269866935 0.0020169999916106454
v 0.16241799294948575 0.23665000498294822 0.002119000069797038
v 0.1635710000991821 0.23828400671482078 0.002119000069797038
v 0.16543599963188169 0.23452100157737724 0.0023499999660998574
v 0.16550299525260923 0.23692099750041953 0.0023199999704957
v 0.16447499394416806 0.237645998597145 0.002237000036984681
v 0.16967700421810147 0.23397600650787345 0.002107999986037611
v 0.1688839942216873 0.23453600704669944 0.002216999884694814
v 0.1685249954462051 0.2323420047760009 0.002107999986037611
v 0.16719600558280942 0.2357269972562789 0.002340999897569417
v 0.16658900678157804 0.2361550033092498 0.0023499999660998574
v 0.17147399485111234 0.2302609980106353 0.001390999997965991
v 0.17217400670051572 0.23221500217914573 0.00153500004671514
v 0.17054800689220426 0.23336200416088096 0.0019490000559017056
v 0.17524500191211698 0.23004899919033042 0.00024900000425986935
v 0.17438499629497525 0.23065499961376182 0.0006869999924674628
v 0.17409199476242063 0.22841399908065788 0.00024900000425986935
v 0.17299599945545194 0.2316350042819976 0.001261999947018921
v 0.1726270020008087 0.23189599812030784 0.001390999997965991
v 0.17567500472068784 0.22974500060081474 1.9999999949504846e-06
v 0.17617100477218625 0.22694799304008476 -0.00115999998524785
v 0.17686200141906736 0.2289080023765563 -0.000794999999925494
v 0.17847600579261777 0.22776900231838218 -0.002261999994516372
v 0.177619993686676 0.2283730059862136 -0.0014149999478831883
v 0.1773239970207214 0.22858199477195731 -0.00115999998524785
v 0.17998300492763517 0.22685399651527396 -0.004317999817430971
v 0.17970399558544156 0.22697000205516807 -0.003884000005200504
v 0.17925299704074857 0.22722199559211723 -0.003231999929994344
v 0.166482999920845 0.24988299608230582 -0.012000000104308125
v 0.16614499688148496 0.24996000528335563 -0.012000000104308125
v 0.16874200105667111 0.25308498740196217 -0.012000000104308125
v 0.1652790009975433 0.250117003917694 -0.012000000104308125
v 0.16400800645351407 0.25025901198387135 -0.012000000104308125
v 0.16400800645351407 0.25025901198387135 -0.004499999806284903
v 0.1652790009975433 0.250117003917694 -0.004499999806284903
v 0.16874200105667111 0.25308498740196217 -0.004499999806284903
v 0.16614499688148496 0.24996000528335563 -0.004499999806284903
v 0.166482999920845 0.24988299608230582 -0.004499999806284903
v 0.15466700494289395 0.2470120042562484 -0.007125000003725288
v 0.15466700494289395 0.2470120042562484 -0.006500000134110449
v 0.16923899948596952 0.25571098923683155 -0.006500000134110449
v 0.15466700494289395 0.2470120042562484 -0.007247000001370904
v 0.15466700494289395 0.2470120042562484 -0.009999999776482579
v 0.15466700494289395 0.2470120042562484 -0.009336999617516991
v 0.16923899948596952 0.25571098923683155 -0.009999999776482579
v 0.15466700494289395 0.2470120042562484 -0.00866799987852573
v 0.15466700494289395 0.2470120042562484 -0.007925000041723248
v 0.18081599473953244 0.22856600582599632 -0.006500000134110449
v 0.18081599473953244 0.22856600582599632 -0.0071629998274147485
v 0.18412299454212186 0.24521100521087638 -0.006500000134110449
v 0.18081599473953244 0.22856600582599632 -0.007832000032067295
v 0.18412299454212186 0.24521100521087638 -0.009999999776482579
v 0.18081599473953244 0.22856600582599632 -0.008574999868869778
v 0.18081599473953244 0.22856600582599632 -0.009252999909222123
v 0.18081599473953244 0.22856600582599632 -0.009375000372529026
v 0.18081599473953244 0.22856600582599632 -0.009999999776482579
v 0.17955699563026425 0.2406599968671798 -0.004499999806284903
v 0.17974300682544705 0.24036799371242515 -0.004499999806284903
v 0.18181599676609037 0.24386200308799735 -0.004499999806284903
v 0.18018099665641782 0.23960399627685539 -0.004499999806284903
v 0.1807419955730438 0.23845499753952018 -0.004499999806284903
v 0.1807419955730438 0.23845499753952018 -0.012000000104308125
v 0.18018099665641782 0.23960399627685539 -0.012000000104308125
v 0.18181599676609037 0.24386200308799735 -0.012000000104308125
v 0.17974300682544705 0.24036799371242515 -0.012000000104308125
v 0.17955699563026425 0.2406599968671798 -0.012000000104308125
v 0.16936899721622464 0.2541059851646422 -0.004577999934554098
v 0.16930399835109708 0.2544040083885192 -0.004687000066041945
v 0.15792800486087796 0.24779300391674033 -0.004767000209540127
v 0.16938599944114682 0.25404098629951466 -0.004561000037938355
v 0.15822200477123258 0.24790899455547324 -0.004738999996334313
v 0.15844400227069852 0.2479970008134841 -0.004718999844044445
v 0.15952600538730619 0.2484319955110549 -0.004637999925762413
v 0.16067999601364133 0.24890199303627006 -0.004573999904096125
v 0.16127899289131162 0.2491469979286193 -0.004550000187009571
v 0.1693949997425079 0.25401100516319264 -0.004554000217467545
v 0.16264100372791288 0.24970400333404533 -0.00451300013810396
v 0.15538699924945829 0.24684600532054893 -0.005164000205695627
v 0.1556800007820129 0.24694600701332084 -0.0050960001535713655
v 0.16926099359989163 0.25469401478767384 -0.004840000066906212
v 0.15620599687099454 0.2471349984407424 -0.004993999842554329
v 0.15680800378322599 0.24735899269580833 -0.004900999832898377
v 0.1574819982051849 0.2476180046796798 -0.004815000109374521
v 0.16927699744701383 0.25457000732421864 -0.004767999984323977
v 0.15505599975585935 0.24673800170421592 -0.005255999974906443
v 0.15500700473785398 0.24677300453186027 -0.005328000057488678
v 0.15490700304508206 0.24684299528598777 -0.005499999970197676
v 0.16925700008869168 0.25472599267959584 -0.004860000219196079
v 0.16923399269580838 0.2549940049648284 -0.0050590001046657545
v 0.16922600567340848 0.2554410099983214 -0.005576999858021734
v 0.16923099756240842 0.2555840015411376 -0.005859999917447565
v 0.1692250072956085 0.25523099303245533 -0.005293000023812054
v 0.1692250072956085 0.25539100170135487 -0.005499000195413826
v 0.15472799539566037 0.24696899950504295 -0.005981999915093182
v 0.15467000007629392 0.24700999259948722 -0.006395000033080576
v 0.1692319959402084 0.25560200214385975 -0.005905999802052973
v 0.16923700273036954 0.2556839883327483 -0.0061989999376237375
v 0.15538699924945829 0.24684600532054893 -0.0113359997048974
v 0.15505599975585935 0.24673800170421592 -0.011243999935686585
v 0.15490800142288205 0.24684199690818778 -0.011002999730408188
v 0.1692319959402084 0.25560200214385975 -0.010594000108540055
v 0.16923700273036954 0.2556839883327483 -0.010301000438630577
v 0.16923099756240842 0.2555840015411376 -0.010639999993145462
v 0.16922600567340848 0.2554410099983214 -0.010923000052571293
v 0.15472799539566037 0.24696899950504295 -0.010518000461161133
v 0.15486800670623777 0.246870994567871 -0.010920000262558457
v 0.1692250072956085 0.25523099303245533 -0.011207000352442261
v 0.16923399269580838 0.2549940049648284 -0.011440999805927273
v 0.16925700008869168 0.25472599267959584 -0.011640000157058236
v 0.16926099359989163 0.25469401478767384 -0.011660000309348103
v 0.1692250072956085 0.25539100170135487 -0.011001000180840489
v 0.1574819982051849 0.2476180046796798 -0.011684999801218506
v 0.15680800378322599 0.24735899269580833 -0.011598999612033364
v 0.15620599687099454 0.2471349984407424 -0.011505999602377411
v 0.1556800007820129 0.24694600701332084 -0.01140400022268295
v 0.15792800486087796 0.24779300391674033 -0.011733000166714188
v 0.16927699744701383 0.25457000732421864 -0.011731999926269051
v 0.16930399835109708 0.2544040083885192 -0.011812999844551083
v 0.16936899721622464 0.2541059851646422 -0.01192199997603893
v 0.16938599944114682 0.25404098629951466 -0.01193900033831596
v 0.15822200477123258 0.24790899455547324 -0.011761000379920002
v 0.1693949997425079 0.25401100516319264 -0.01194600015878677
v 0.16264100372791288 0.24970400333404533 -0.011986999772489067
v 0.16127899289131162 0.2491469979286193 -0.011950000189244744
v 0.16067999601364133 0.24890199303627006 -0.011926000006496903
v 0.15952600538730619 0.2484319955110549 -0.011862000450491902
v 0.15844400227069852 0.2479970008134841 -0.011780999600887295
v 0.18041799962520597 0.2291879951953887 -0.005164000205695627
v 0.18042799830436704 0.2288399934768676 -0.005255999974906443
v 0.18057499825954434 0.22873599827289573 -0.005497000180184839
v 0.18402299284934995 0.24516899883747093 -0.005905999802052973
v 0.18409800529479978 0.24519999325275413 -0.0061989999376237375
v 0.18400600552558896 0.24516199529170982 -0.005859999917447565
v 0.18387299776077268 0.2451090067625045 -0.005576999858021734
v 0.18075500428676602 0.22860899567604057 -0.005981999915093182
v 0.1806160062551498 0.2287079989910125 -0.005580000113695858
v 0.18367500603199002 0.2450380027294158 -0.005293000023812054
v 0.18344900012016294 0.24496600031852714 -0.0050590001046657545
v 0.18318900465965268 0.2448980063199996 -0.004860000219196079
v 0.18315799534320829 0.2448910027742385 -0.004840000066906212
v 0.18382599949836728 0.24509100615978233 -0.005499000195413826
v 0.18044300377368924 0.23142099380493156 -0.004815000109374521
v 0.18042500317096707 0.23069900274276725 -0.004900999832898377
v 0.180416002869606 0.23005700111389152 -0.004993999842554329
v 0.180415004491806 0.22949799895286552 -0.0050960001535713655
v 0.18045799434185025 0.23190000653266898 -0.004767000209540127
v 0.18303500115871427 0.24486500024795524 -0.004767999984323977
v 0.1828700006008148 0.24483500421047202 -0.004687000066041945
v 0.1825670003890991 0.24479599297046653 -0.004577999934554098
v 0.18250100314617154 0.2447900027036666 -0.004561000037938355
v 0.1804690062999725 0.23221500217914573 -0.004738999996334313
v 0.18246899545192716 0.24478800594806663 -0.004554000217467545
v 0.18067799508571622 0.23698000609874717 -0.00451300013810396
v 0.1806100010871887 0.2355110049247741 -0.004550000187009571
v 0.18058000504970548 0.2348649948835372 -0.004573999904096125
v 0.180524006485939 0.23361900448799125 -0.004637999925762413
v 0.1804769933223724 0.23245400190353385 -0.004718999844044445
v 0.1825670003890991 0.24479599297046653 -0.01192199997603893
v 0.1828700006008148 0.24483500421047202 -0.011812999844551083
v 0.18045799434185025 0.23190000653266898 -0.011733000166714188
v 0.18250100314617154 0.2447900027036666 -0.01193900033831596
v 0.1804690062999725 0.23221500217914573 -0.011761000379920002
v 0.1804769933223724 0.23245400190353385 -0.011780999600887295
v 0.180524006485939 0.23361900448799125 -0.011862000450491902
v 0.18058000504970548 0.2348649948835372 -0.011926000006496903
v 0.1806100010871887 0.2355110049247741 -0.011950000189244744
v 0.18246899545192716 0.24478800594806663 -0.01194600015878677
v 0.18067799508571622 0.23698000609874717 -0.011986999772489067
v 0.18041799962520597 0.2291879951953887 -0.0113359997048974
v 0.180415004491806 0.22949799895286552 -0.01140400022268295
v 0.18315799534320829 0.2448910027742385 -0.011660000309348103
v 0.180416002869606 0.23005700111389152 -0.011505999602377411
v 0.18042500317096707 0.23069900274276725 -0.011598999612033364
v 0.18044300377368924 0.23142099380493156 -0.011684999801218506
v 0.18303500115871427 0.24486500024795524 -0.011731999926269051
v 0.18042799830436704 0.2288399934768676 -0.011243999935686585
v 0.1804769933223724 0.22880600392818443 -0.011172000318765637
v 0.18057699501514432 0.22873499989509574 -0.010999999940395352
v 0.18318900465965268 0.2448980063199996 -0.011640000157058236
v 0.18344900012016294 0.24496600031852714 -0.011440999805927273
v 0.18387299776077268 0.2451090067625045 -0.010923000052571293
v 0.18400600552558896 0.24516199529170982 -0.010639999993145462
v 0.18367500603199002 0.2450380027294158 -0.011207000352442261
v 0.18382599949836728 0.24509100615978233 -0.011001000180840489
v 0.18075500428676602 0.22860899567604057 -0.010518000461161133
v 0.18081399798393247 0.2285680025815963 -0.010104999877512452
v 0.18402299284934995 0.24516899883747093 -0.010594000108540055
v 0.18409800529479978 0.24519999325275413 -0.010301000438630577
v 0.18004100024700162 0.2633779942989348 -0.005750000011175869
v 0.17932200431823728 0.26180800795555104 -0.005750000011175869
v 0.17921799421310422 0.26008400321006764 -0.005750000011175869
v 0.17974500358104703 0.258439004421234 -0.005750000011175869
v 0.18083000183105466 0.2570950090885161 -0.005750000011175869
v 0.18232700228691098 0.2562339901924132 -0.005750000011175869
v 0.1840340048074722 0.255971997976303 -0.005750000011175869
v 0.18572099506855008 0.2563439905643462 -0.005750000011175869
v 0.18715900182723996 0.2572999894618987 -0.005750000011175869
v 0.18815499544143674 0.2587119936943053 -0.005750000011175869
v 0.18857300281524655 0.26038798689842213 -0.005750000011175869
v 0.18835799396038053 0.26210099458694447 -0.005750000011175869
v 0.18753899633884427 0.2636219859123229 -0.005750000011175869
v 0.1862249970436096 0.26474300026893605 -0.005750000011175869
v 0.18459500372409818 0.2653149962425231 -0.005750000011175869
v 0.1828690022230148 0.2652589976787566 -0.005750000011175869
v 0.18127900362014768 0.2645829916000365 -0.005750000011175869
v 0.15312899649143216 0.24656699597835532 -0.010586000047624108
v 0.15591000020503995 0.24602000415325156 -0.012395000085234639
v 0.15578000247478482 0.2460409998893737 -0.012497999705374237
v 0.15575300157070157 0.24605299532413474 -0.012486999854445454
v 0.15589399635791776 0.24603000283241264 -0.012377999722957608
v 0.15528699755668637 0.2462809979915618 -0.01223799958825111
v 0.1555400043725967 0.2463209927082061 -0.011931000277400013
v 0.15475399792194364 0.2465910017490386 -0.011754999868571755
v 0.15537999570369718 0.24647100269794456 -0.011703000403940674
v 0.15551100671291349 0.24634799361228935 -0.011889999732375141
v 0.15522499382495877 0.2466080039739608 -0.011482000350952145
v 0.1552689969539642 0.24657000601291648 -0.011544999666512009
v 0.15448899567127225 0.24562700092792503 -0.013207999989390368
v 0.155129998922348 0.24596899747848502 -0.012923999689519402
v 0.154460996389389 0.24564099311828605 -0.01317599974572658
v 0.15510199964046475 0.2459789961576461 -0.012901999987661835
v 0.15404799580574033 0.24589000642299644 -0.012624000199139115
v 0.15366600453853604 0.2461809962987899 -0.011958999559283253
v 0.1533830016851425 0.24639900028705589 -0.011330000124871727
v 0.1533520072698593 0.246421992778778 -0.011249000206589695
v 0.1546549946069717 0.24618600308895103 -0.012493000365793702
v 0.1541900038719177 0.24646100401878349 -0.011900999583303925
v 0.15384300053119657 0.2466920018196105 -0.011247999966144558
v 0.15380699932575223 0.2467170059680938 -0.01115899998694658
v 0.15327599644660947 0.2466859966516494 -0.010536000132560727
v 0.15359799563884732 0.24687600135803214 -0.010421000421047207
v 0.15394599735736844 0.2469960004091262 -0.01028999965637922
v 0.15435099601745603 0.24685299396514884 -0.011107999831438061
v 0.15431100130081174 0.24688099324703208 -0.011013999581336972
v 0.15412500500679013 0.24702900648117057 -0.01021999958902597
v 0.1530870050191879 0.24679799377918235 -0.009686999954283234
v 0.15385800600051877 0.24707700312137595 -0.009527999907732006
v 0.15298800170421598 0.24686700105667106 -0.008808000013232228
v 0.15298199653625486 0.246871992945671 -0.007814999669790264
v 0.15307000279426572 0.2468100041151046 -0.006922000087797639
v 0.153095006942749 0.2467930018901824 -0.006765000056475398
v 0.15327599644660947 0.2466859966516494 -0.005963999778032301
v 0.15381200611591336 0.24712599813938133 -0.008744999766349789
v 0.1538089960813522 0.24713000655174247 -0.007864000275731083
v 0.15385000407695767 0.24708600342273704 -0.007069000042974946
v 0.15386100113391873 0.2470739930868148 -0.006928000133484599
v 0.15394599735736844 0.2469960004091262 -0.006209999788552521
v 0.17355300486087796 0.2331259995698928 -0.017125999554991715
v 0.17214199900627133 0.23412199318408958 -0.017550999298691743
v 0.1724230051040649 0.23428499698638908 -0.0170300006866455
v 0.17068600654602048 0.23514899611473075 -0.01785800047218799
v 0.17010100185871121 0.23597800731658927 -0.017376000061631196
v 0.16919100284576413 0.23620399832725517 -0.018050000071525567
v 0.16765999794006345 0.23728400468826286 -0.01812599971890449
v 0.16768099367618558 0.23770199716091148 -0.017494000494480126
v 0.16706700623035428 0.23770199716091148 -0.01812200061976909
v 0.16541799902915952 0.2388650029897689 -0.018016999587416642
v 0.16524499654769895 0.23940399289131156 -0.017376000061631196
v 0.16380299627780912 0.24000400304794303 -0.017773000523447983
v 0.1640599966049194 0.24021899700164787 -0.0172320008277893
v 0.16223999857902524 0.24110700190067283 -0.0173950009047985
v 0.16287000477313993 0.2410240024328231 -0.0170300006866455
v 0.16073800623416898 0.24216699600219718 -0.016878999769687646
v 0.16120600700378415 0.24216100573539726 -0.016566999256610863
v 0.16025899350643155 0.24250400066375724 -0.016677999868988984
v 0.15960900485515592 0.2433000057935714 -0.015820000320672982
v 0.15622000396251676 0.24535399675369254 -0.013952000066637988
v 0.15703000128269193 0.24524599313735954 -0.013624000363051886
v 0.15684899687767026 0.24491000175476066 -0.0145490001887083
v 0.15819500386714933 0.24435299634933463 -0.01482000015676021
v 0.15787300467491147 0.24418699741363517 -0.015350000001490111
v 0.1590120047330856 0.2433840036392211 -0.01606100052595138
v 0.15614800155162809 0.24586799740791312 -0.012640999630093571
v 0.15618400275707242 0.24584500491619102 -0.01267800014466047
v 0.15550899505615232 0.2458550035953521 -0.013132000342011447
v 0.15666499733924863 0.24551600217819206 -0.013195999898016448
v 0.15685799717903134 0.24537600576877586 -0.013416999951004977
v 0.1547950059175491 0.24551600217819206 -0.013499000109732146
v 0.17959700524806974 0.22801899909973136 -0.013183999806642527
v 0.17902199923992154 0.22842499613761894 -0.013917000032961363
v 0.17946399748325345 0.22940400242805473 -0.012395000085234639
v 0.17960600554943082 0.22909200191497794 -0.012652000412344929
v 0.1791190057992935 0.22920000553131095 -0.01352899987250566
v 0.17966599762439725 0.2288150042295455 -0.012833000160753723
v 0.17963500320911405 0.22817499935626975 -0.013132000342011447
v 0.17920200526714322 0.2296070009469985 -0.012683999724686142
v 0.1792650073766708 0.22956000268459312 -0.012616000138223168
v 0.17928700149059293 0.22954200208187095 -0.01259099971503019
v 0.17873400449752805 0.22994799911975852 -0.013199999928474421
v 0.1784040033817291 0.22970500588417045 -0.014276999980211253
v 0.17836000025272367 0.2301989942789077 -0.013624000363051886
v 0.17761300504207608 0.23026299476623527 -0.014956000261008734
v 0.17712800204753873 0.23099699616432182 -0.01482000015676021
v 0.1770839989185333 0.23063500225543968 -0.015347000211477274
v 0.17600299417972562 0.23139800131320945 -0.01602599956095218
v 0.17566099762916562 0.2319770008325576 -0.015820000320672982
v 0.17405200004577634 0.23309899866580955 -0.016566999256610863
v 0.17485100030899045 0.23221099376678458 -0.016607999801635735
v 0.17827300727367398 0.22895300388336173 -0.014698999933898444
v 0.17745099961757657 0.22953400015830985 -0.01540600042790174
v 0.17690299451351163 0.22991999983787528 -0.01580999977886676
v 0.17578800022602079 0.23070600628852836 -0.016511000692844384
v 0.17460499703884122 0.2315409928560256 -0.017108999192714684
v 0.17327600717544553 0.23247900605201713 -0.01763899996876716
v 0.17183299362659452 0.23349599540233604 -0.01807300001382827
v 0.17034900188446042 0.23454399406909934 -0.018386999145150178
v 0.16882500052452085 0.2356179952621459 -0.018582999706268304
v 0.16726599633693692 0.23671799898147575 -0.018658999353647225
v 0.16498300433158872 0.238328993320465 -0.018548000603914254
v 0.1666619926691055 0.23714399337768546 -0.018656000494956963
v 0.1633370071649551 0.23949000239372245 -0.018300000578165047
v 0.16174200177192685 0.24061499536037437 -0.017914000898599618
v 0.16020600497722623 0.241698995232582 -0.017386000603437417
v 0.15971499681472776 0.24204500019550315 -0.017180999740958207
v 0.15726000070571897 0.24377700686454765 -0.01581400074064731
v 0.15843400359153745 0.2429489940404891 -0.016545999795198434
v 0.15619799494743344 0.2445259988307952 -0.014983000233769412
v 0.1555420011281967 0.24498899281024925 -0.014360000379383559
v 0.15612800419330594 0.24588100612163535 -0.012620000168681141
v 0.15528699755668637 0.24601100385189048 -0.0036669999826699482
v 0.15556900203227994 0.2460480034351348 -0.0038479999639093863
v 0.15513199567794797 0.24624499678611747 -0.00412299996241927
v 0.15430200099945066 0.2467319965362548 -0.0050869998522102815
v 0.15522399544715879 0.2466080039739608 -0.00501899980008602
v 0.15474300086498258 0.2464590072631835 -0.004476999863982199
v 0.15541000664234159 0.2464440017938613 -0.0047550001181662065
v 0.1555020064115524 0.24635599553585044 -0.004621999803930519
v 0.1556580066680908 0.2462120056152343 -0.0044049997813999636
v 0.15591000020503995 0.24602000415325156 -0.004104999825358389
v 0.15329900383949277 0.2466699928045272 -0.005874000024050472
v 0.15399900078773496 0.24694600701332084 -0.00588800013065338
v 0.15395900607109067 0.24698300659656516 -0.0061099999584257585
v 0.15335600078105924 0.2466309964656829 -0.005677000153809784
v 0.1536300033330917 0.24643799662590019 -0.004954999778419731
v 0.1546950042247772 0.2457689940929412 -0.003368000034242867
v 0.15428799390792844 0.24598099291324607 -0.0038429999258369194
v 0.15397000312805173 0.24619099497795097 -0.004311999771744011
v 0.17993800342082975 0.2287459969520568 -0.012377000413835045
v 0.18067499995231626 0.22812800109386436 -0.011412999592721459
v 0.18024900555610654 0.2289559990167617 -0.011481000110507008
v 0.18027000129222867 0.2284519970417022 -0.012023000046610829
v 0.18003199994564054 0.22907499969005576 -0.011745000258088108
v 0.1799180060625076 0.22913299500942222 -0.011877999641001221
v 0.17972999811172483 0.22923099994659416 -0.012094999663531777
v 0.18097600340843198 0.2271459996700286 -0.010536000132560727
v 0.1810439974069595 0.22788099944591514 -0.01028999965637922
v 0.18095299601554868 0.22716300189495078 -0.010626000352203843
v 0.18097800016403195 0.2279150038957595 -0.010611999779939648
v 0.18102599680423734 0.22788900136947624 -0.010390000417828556
v 0.1808969974517822 0.22720299661159507 -0.01082300022244453
v 0.18062299489974973 0.22739599645137779 -0.011544999666512009
v 0.18027700483798978 0.22763399779796592 -0.01218799967318773
v 0.1799719929695129 0.22786299884319297 -0.012656999751925465
v 0.1561239957809448 0.24588400125503532 -0.003884000005200504
v 0.1561000049114227 0.24589900672435752 -0.003909000195562838
v 0.15703000128269193 0.24524599313735954 -0.002876000013202428
v 0.1566680073738098 0.24551400542259208 -0.0032999999821186053
v 0.15597000718116757 0.24552999436855308 -0.002816000021994113
v 0.1566060036420822 0.24555799365043632 -0.003370000049471854
v 0.15618899464607236 0.24584099650382987 -0.003815999953076242
v 0.15673099458217618 0.24499399960041038 -0.002056000055745243
v 0.15734900534152982 0.2445569932460784 -0.0015369999455288048
v 0.15819500386714933 0.24435299634933463 -0.00167999998666346
v 0.1583449989557266 0.24385400116443626 -0.0008360000210814175
v 0.15941299498081204 0.24310100078582755 -0.0002240000030724331
v 0.15960900485515592 0.2433000057935714 -0.0006799999973736701
v 0.15984199941158292 0.24279899895191184 -1.200000042445026e-05
v 0.16120600700378415 0.24216100573539726 6.700000085402277e-05
v 0.16116000711917874 0.24186900258064262 0.0005399999790824948
v 0.1625300049781799 0.24090200662612907 0.0009769999887794252
v 0.16287000477313993 0.2410240024328231 0.0005300000193528829
v 0.16394999623298642 0.23990100622177116 0.001302000018768012
v 0.16524499654769895 0.23940399289131156 0.0008759999764151868
v 0.16541400551795957 0.23886799812316886 0.0015160000184550877
v 0.16641700267791745 0.23816099762916557 0.0015970000531524415
v 0.16768099367618558 0.23770199716091148 0.0009940000018104907
v 0.16806900501251218 0.23699499666690818 0.0016169999726116653
v 0.16971500217914579 0.23583400249481193 0.0014969999901950355
v 0.17010100185871121 0.23597800731658927 0.0008759999764151868
v 0.1713369935750961 0.23468999564647666 0.001235999981872737
v 0.17144900560379026 0.23500199615955344 0.0007040000054985283
v 0.17291900515556333 0.23357400298118583 0.0008329999982379374
v 0.1724230051040649 0.23428499698638908 0.0005300000193528829
v 0.17371700704097745 0.23301100730895988 0.0005680000176653264
v 0.17405200004577634 0.23309899866580955 6.700000085402277e-05
v 0.17506100237369535 0.2320629954338073 1.200000042445026e-05
v 0.17566099762916562 0.2319770008325576 -0.0006799999973736701
v 0.17630399763584134 0.23118600249290458 -0.0006479999865405259
v 0.17630299925804135 0.23154400289058677 -0.0010730000212788578
v 0.1774400025606155 0.2303850054740905 -0.0014110000338405366
v 0.17712800204753873 0.23099699616432182 -0.00167999998666346
v 0.17815999686717984 0.22987699508666984 -0.0020000000949949017
v 0.17836000025272367 0.2301989942789077 -0.002876000013202428
v 0.17896699905395505 0.22930699586868278 -0.0027989998925477258
v 0.17854000627994535 0.2300810068845748 -0.00308299995958805
v 0.17946399748325345 0.22940400242805473 -0.004104999825358389
v 0.17926099896430966 0.22956299781799308 -0.0038799999747425305
v 0.17966599762439725 0.2288150042295455 -0.0036669999826699482
v 0.17920799553394315 0.22960300743579856 -0.0038219999987632023
v 0.17873600125312802 0.22994600236415855 -0.0033040000125765787
v 0.15527999401092527 0.24517300724983207 -0.002420000033453106
v 0.15607400238513944 0.24461300671100608 -0.0016260000411421056
v 0.15671700239181516 0.24415999650955192 -0.001087000011466443
v 0.1577470004558563 0.24343299865722648 -0.00036199999158270646
v 0.15884700417518613 0.24265700578689567 0.0002680000034160911
v 0.15928700566291806 0.24234700202941886 0.0004860000044573097
v 0.16063700616359708 0.24139399826526634 0.0010509999701753254
v 0.16203899681568143 0.24040600657463065 0.0014979999978095289
v 0.16348700225353238 0.23938399553298942 0.001828999957069754
v 0.16497799754142758 0.23833200335502616 0.002047999994829296
v 0.16768200695514676 0.23642499744892112 0.0021510000806301824
v 0.16599999368190763 0.23761099576950065 0.002130999928340315
v 0.16935899853706357 0.23524199426174155 0.0020280000753700725
v 0.17101299762725827 0.23407499492168418 0.0017620000289753073
v 0.1726270020008087 0.23293599486351005 0.0013510000426322217
v 0.17344300448894498 0.23236100375652305 0.0010799999581649895
v 0.1760980039834976 0.23048800230026237 -0.0001690000062808394
v 0.17482000589370725 0.23138999938964835 0.0005099999834783373
v 0.1772709935903549 0.22966000437736503 -0.0009560000034980473
v 0.17801900207996366 0.22913299500942222 -0.0015679999487474556
v 0.17959700524806974 0.22801899909973136 -0.003316000103950499
v 0.1788620054721832 0.22853800654411308 -0.0024029999040067187
v 0.1810140013694763 0.22806100547313682 -0.0062799998559057695
v 0.1810439974069595 0.22788099944591514 -0.006209999788552521
v 0.18114900588989255 0.22782500088214866 -0.00697200000286102
v 0.18097600340843198 0.2271459996700286 -0.005963999778032301
v 0.1811449974775314 0.2270060032606124 -0.006812999956309793
v 0.1811369955539703 0.22701199352741233 -0.009735000319778916
v 0.1811610013246536 0.22699299454689018 -0.00957699958235025
v 0.18125000596046445 0.22693100571632377 -0.008685000240802761
v 0.18124300241470334 0.2269359976053237 -0.007691999897360799
v 0.18121099472045896 0.2277989983558654 -0.007755000144243238
v 0.1812150031328201 0.22779700160026542 -0.008635999634861943
v 0.1811600029468536 0.2278210073709487 -0.00943099986761808
v 0.18114399909973142 0.22782799601554862 -0.009572000242769715
v 0.1803690046072006 0.22734400629997245 -0.004540999885648487
v 0.17990800738334653 0.22913800179958335 -0.004610000178217886
v 0.1798720061779022 0.22915600240230552 -0.004569000098854302
v 0.1799190044403076 0.22890500724315635 -0.00426199985668063
v 0.18006800115108487 0.2290560007095336 -0.004796999972313641
v 0.18039000034332273 0.22850699722766868 -0.004745000042021273
v 0.18024900555610654 0.2289559990167617 -0.00501800002530217
v 0.18019799888134 0.22898499667644492 -0.004954999778419731
v 0.17959399521350858 0.22791199386119834 -0.0033239999320358025
v 0.17969700694084165 0.2286289930343627 -0.003597999922931193
v 0.17954799532890317 0.2292670011520385 -0.004013000056147574
v 0.17947900295257566 0.22939200699329368 -0.00412200018763542
v 0.17996700108051297 0.22760599851608268 -0.003875999944284557
v 0.1800419986248016 0.22827699780464164 -0.004007000010460613
v 0.18045699596405027 0.22793200612068168 -0.004598999861627815
v 0.18066999316215512 0.22715100646018974 -0.0051699997857213
v 0.18079100549221036 0.2276819944381713 -0.005251999944448469
v 0.1807730048894882 0.22821399569511405 -0.0053920000791549665
v 0.1808120012283325 0.2281859964132308 -0.005485999863594769
v 0.1808270066976547 0.22765600681304923 -0.005340999923646448
v 0.1807020008563995 0.22712899744510642 -0.00525100016966462
v 0.17040699720382688 0.25458401441574086 -0.01233899965882301
v 0.17060099542140958 0.2544640004634856 -0.012488000094890591
v 0.1697289943695068 0.25327101349830616 -0.01254600007086992
v 0.17069000005722043 0.25439000129699696 -0.012548999860882756
v 0.17070600390434262 0.25437599420547474 -0.012559000402688977
v 0.17075300216674802 0.2543320059776305 -0.012587999925017353
v 0.17096300423145291 0.25411701202392567 -0.012688999995589253
v 0.17102199792861936 0.2540509998798369 -0.012710000388324257
v 0.17109100520610807 0.2539739906787871 -0.01272800005972385
v 0.17102900147438047 0.2540439963340758 -0.012711999937891957
v 0.1694339960813522 0.25406500697135914 -0.01194099988788366
v 0.16960300505161283 0.25427499413490284 -0.01193400006741285
v 0.16984899342060086 0.2545030117034911 -0.011982999742031094
v 0.17002600431442258 0.25459998846054066 -0.012063999660313126
v 0.17020599544048307 0.2546330094337462 -0.012183000333607193
v 0.1693100035190582 0.2526850104331969 -0.012552999891340729
v 0.16653299331665036 0.24862399697303764 -0.012585000135004517
v 0.16644099354743955 0.24876800179481498 -0.01250899955630302
v 0.16637599468231198 0.24894100427627555 -0.012416999787092205
v 0.16633300483226773 0.24913600087165824 -0.012308999896049496
v 0.16630299389362332 0.24961900711059562 -0.012005999684333798
v 0.1663040071725845 0.24948300421237937 -0.01209899969398975
v 0.16631700098514554 0.24926599860191337 -0.012233999557793137
v 0.16728100180625913 0.2484329938888549 -0.012749000452458855
v 0.16709500551223752 0.24840000271797172 -0.012738999910652634
v 0.16692900657653806 0.24841099977493278 -0.012718999758362767
v 0.16676099598407743 0.2484560012817382 -0.01268300041556358
v 0.1666239947080612 0.24853500723838798 -0.012635000050067898
v 0.1825349926948547 0.2448839992284774 -0.011936999857425686
v 0.18166099488735196 0.24485599994659416 -0.01254600007086992
v 0.1827369928359985 0.24525900185108176 -0.011954000219702717
v 0.18280500173568723 0.24549500644206992 -0.012024000287055966
v 0.18280200660228726 0.24569599330425254 -0.012134999968111512
v 0.18272800743579862 0.24586400389671317 -0.012271000072360035
v 0.18255999684333798 0.24602900445461265 -0.01243800017982721
v 0.18160000443458554 0.2464749962091445 -0.012749999761581417
v 0.18196199834346768 0.24633400142192832 -0.01270900014787912
v 0.18204100430011746 0.24630199372768394 -0.01269000023603439
v 0.1820760071277618 0.24628700315952293 -0.012679999694228169
v 0.18215799331665036 0.2462510019540786 -0.012653999961912629
v 0.18249100446701047 0.24607700109481803 -0.012488000094890591
v 0.18124799430370328 0.2442629933357238 -0.012552999891340729
v 0.17802099883556363 0.24058599770069114 -0.012718999758362767
v 0.17812000215053556 0.24044300615787498 -0.01268300041556358
v 0.1782400012016296 0.2403409928083419 -0.012635000050067898
v 0.17792400717735288 0.24092499911785117 -0.012749000452458855
v 0.17795500159263608 0.24073900282382957 -0.012738999910652634
v 0.17936900258064267 0.2404019981622695 -0.012005999684333798
v 0.17924000322818753 0.2403569966554641 -0.01209899969398975
v 0.17903099954128263 0.24029600620269767 -0.012233999557793137
v 0.17890399694442746 0.24026900529861442 -0.012308999896049496
v 0.17870500683784482 0.24024300277233115 -0.012416999787092205
v 0.1785210072994232 0.2402469962835311 -0.01250899955630302
v 0.17835499346256253 0.24028499424457542 -0.012585000135004517
v 0.18266999721527097 0.24593399465084068 -0.0041609997861087305
v 0.18249100446701047 0.24607600271701804 -0.004011999815702437
v 0.18165999650955197 0.24485500156879417 -0.0039539998397231085
v 0.18239100277423856 0.24613599479198447 -0.003951000049710272
v 0.1823730021715164 0.24614599347114555 -0.003940999973565338
v 0.18231600522994992 0.24617500603198997 -0.003911999985575674
v 0.18204300105571744 0.24630099534988395 -0.0038109999150037752
v 0.1819609999656677 0.2463349997997283 -0.003789999987930058
v 0.18186500668525693 0.24637299776077262 -0.003772000083699821
v 0.1819519996643066 0.24633899331092826 -0.0037879999727010714
v 0.18250699341297147 0.24484300613403312 -0.004559000022709368
v 0.18264800310134885 0.24507300555706016 -0.004565999843180178
v 0.18277999758720395 0.2453809976577758 -0.004517000168561934
v 0.18281300365924832 0.24558000266551963 -0.004435999784618614
v 0.18278299272060392 0.24575999379158012 -0.004317000042647122
v 0.18124799430370328 0.2442629933357238 -0.0039470000192522985
v 0.17835499346256253 0.24028499424457542 -0.003914999775588511
v 0.1785210072994232 0.2402469962835311 -0.0039909998886287195
v 0.17870500683784482 0.24024300277233115 -0.004083000123500822
v 0.17890399694442746 0.24026900529861442 -0.004191000014543532
v 0.17936900258064267 0.2404019981622695 -0.00449400022625923
v 0.17924000322818753 0.2403569966554641 -0.004401000216603277
v 0.17903099954128263 0.24029600620269767 -0.004265999887138603
v 0.17792400717735288 0.24092499911785117 -0.0037509999237954604
v 0.17795500159263608 0.24073900282382957 -0.003760999999940394
v 0.17802099883556363 0.24058599770069114 -0.003780999919399618
v 0.17812000215053556 0.24044300615787498 -0.0038169999606907355
v 0.1782400012016296 0.2403409928083419 -0.0038650000933557736
v 0.16946299374103543 0.25410500168800343 -0.004563000053167341
v 0.1697299927473068 0.25327301025390614 -0.0039539998397231085
v 0.16974900662899015 0.25442099571228016 -0.004546000156551598
v 0.1699479967355728 0.2545650005340575 -0.004476000089198349
v 0.17013899981975553 0.2546289861202239 -0.004364999942481516
v 0.17032100260257718 0.25461500883102406 -0.004228999838232992
v 0.17053300142288205 0.254512995481491 -0.004062000196427105
v 0.1712750047445297 0.2537580132484435 -0.003749999916180967
v 0.17102199792861936 0.2540520131587981 -0.0037909999955445515
v 0.1709640026092529 0.2541159987449645 -0.003809999907389282
v 0.17093800008296964 0.2541440129280089 -0.0038199999835342156
v 0.17087699472904203 0.2542079985141753 -0.0038459999486803995
v 0.17060199379920957 0.2544629871845244 -0.004011999815702437
v 0.1693100035190582 0.2526850104331969 -0.0039470000192522985
v 0.16692900657653806 0.24841099977493278 -0.003780999919399618
v 0.16676099598407743 0.2484560012817382 -0.0038169999606907355
v 0.1666239947080612 0.24853500723838798 -0.0038650000933557736
v 0.16728100180625913 0.2484329938888549 -0.0037509999237954604
v 0.16709500551223752 0.24840000271797172 -0.003760999999940394
v 0.16630299389362332 0.24961900711059562 -0.00449400022625923
v 0.1663040071725845 0.24948300421237937 -0.004401000216603277
v 0.16631700098514554 0.24926599860191337 -0.004265999887138603
v 0.16633300483226773 0.24913600087165824 -0.004191000014543532
v 0.16637599468231198 0.24894100427627555 -0.004083000123500822
v 0.16644099354743955 0.24876800179481498 -0.0039909998886287195
v 0.16653299331665036 0.24862399697303764 -0.003914999775588511
v 0.1644019931554794 0.2455440014600753 -0.002766000106930732
v 0.16415099799633023 0.2457150071859359 -0.002862999914214014
v 0.1638749986886978 0.24593399465084068 -0.0030060000717639914
v 0.1638659983873367 0.24594099819660178 -0.0030110001098364583
v 0.16368499398231504 0.24592000246047965 -0.002982999896630644
v 0.16522300243377683 0.24511200189590446 -0.0026000000070780507
v 0.16494800150394437 0.2452400028705596 -0.0026340000331401816
v 0.1652089953422546 0.24508699774742118 -0.0025810000952333203
v 0.16453100740909574 0.24546499550342551 -0.0027260000351816407
v 0.16017399728298184 0.24548600614070884 -0.002669000066816806
v 0.15887700021266934 0.24536399543285362 -0.00269200000911951
v 0.1576299965381622 0.24527600407600395 -0.002795000094920396
v 0.15737000107765195 0.24526199698448173 -0.00282700010575354
v 0.16335700452327725 0.2458779960870742 -0.0029329999815672627
v 0.16228699684143064 0.245737001299858 -0.0027970001101493827
v 0.16083300113677976 0.24555799365043632 -0.0026879999786615363
v 0.17044700682163236 0.24162299931049339 -0.0024419999681413165
v 0.16898000240325925 0.24264200031757346 -0.0024530000519007436
v 0.16699400544166562 0.24396599829196922 -0.002503999974578618
v 0.17546699941158292 0.23785099387168876 -0.0025810000952333203
v 0.17407999932765958 0.2389499992132186 -0.002515000058338045
v 0.17231400310993192 0.2402790039777755 -0.0024610001128166905
v 0.17641299962997434 0.23706500232219688 -0.002862999914214014
v 0.1761679947376251 0.23724399507045738 -0.002766000106930732
v 0.1760500073432922 0.23733900487422935 -0.0027260000351816407
v 0.17569799721240995 0.23765699565410606 -0.0026340000331401816
v 0.17548599839210507 0.23787300288677207 -0.0026000000070780507
v 0.17676199972629544 0.23669500648975364 -0.002982999896630644
v 0.17672200500965116 0.23687200248241416 -0.0030110001098364583
v 0.17671200633049008 0.2368779927492141 -0.0030060000717639914
v 0.17826099693775174 0.2305250018835067 -0.00282700010575354
v 0.1781869977712631 0.23077400028705589 -0.002795000094920396
v 0.17785100638866422 0.23197899758815757 -0.00269200000911951
v 0.17753100395202634 0.2332420051097869 -0.002669000066816806
v 0.1773779988288879 0.2338870018720626 -0.0026879999786615363
v 0.17705899477005002 0.23531700670719138 -0.0027970001101493827
v 0.17683300375938413 0.2363719940185546 -0.0029329999815672627
v 0.1761679947376251 0.23724399507045738 -0.013733999803662295
v 0.17641299962997434 0.23706500232219688 -0.013636999763548369
v 0.17671200633049008 0.2368779927492141 -0.013493999838829035
v 0.17672200500965116 0.23687200248241416 -0.013488999567925925
v 0.17676199972629544 0.23669500648975364 -0.01351699978113174
v 0.17548599839210507 0.23787300288677207 -0.013899999670684332
v 0.17569799721240995 0.23765699565410606 -0.013865999877452845
v 0.17546699941158292 0.23785099387168876 -0.013918999582529063
v 0.1760500073432922 0.23733900487422935 -0.01377400010824203
v 0.17753100395202634 0.2332420051097869 -0.01383099984377622
v 0.17785100638866422 0.23197899758815757 -0.013807999901473517
v 0.1781869977712631 0.23077400028705589 -0.013705000281333918
v 0.17826099693775174 0.2305250018835067 -0.01367300003767013
v 0.17683300375938413 0.2363719940185546 -0.01356699969619512
v 0.17705899477005002 0.23531700670719138 -0.013702999800443644
v 0.1773779988288879 0.2338870018720626 -0.01381199993193149
v 0.17407999932765958 0.2389499992132186 -0.013984999619424338
v 0.17231400310993192 0.2402790039777755 -0.014038999564945693
v 0.1652089953422546 0.24508699774742118 -0.013918999582529063
v 0.16699400544166562 0.24396599829196922 -0.013996000401675696
v 0.16898000240325925 0.24264200031757346 -0.01404699962586164
v 0.17044700682163236 0.24162299931049339 -0.014058000408112998
v 0.16522300243377683 0.24511200189590446 -0.013899999670684332
v 0.16494800150394437 0.2452400028705596 -0.013865999877452845
v 0.16453100740909574 0.24546499550342551 -0.01377400010824203
v 0.1644019931554794 0.2455440014600753 -0.013733999803662295
v 0.16368499398231504 0.24592000246047965 -0.01351699978113174
v 0.1638659983873367 0.24594099819660178 -0.013488999567925925
v 0.1638749986886978 0.24593399465084068 -0.013493999838829035
v 0.16335700452327725 0.2458779960870742 -0.01356699969619512
v 0.16415099799633023 0.2457150071859359 -0.013636999763548369
v 0.15737000107765195 0.24526199698448173 -0.01367300003767013
v 0.1576299965381622 0.24527600407600395 -0.013705000281333918
v 0.15887700021266934 0.24536399543285362 -0.013807999901473517
v 0.16017399728298184 0.24548600614070884 -0.01383099984377622
v 0.16083300113677976 0.24555799365043632 -0.01381199993193149
v 0.16228699684143064 0.245737001299858 -0.013702999800443644
v 0.15646800398826596 0.24654799699783317 -0.012081000022590157
v 0.1558199971914291 0.24640800058841697 -0.011962000280618664
v 0.1571879982948303 0.24671800434589378 -0.01217900030314922
v 0.15685699880123136 0.24591499567031852 -0.012799000367522236
v 0.15768699347972867 0.24602800607681266 -0.012897999957203862
v 0.15797300636768338 0.2469179928302764 -0.012254999950528141
v 0.15820799767971036 0.246979996562004 -0.012272000312805172
v 0.15934300422668454 0.24729399383068076 -0.01232699956744909
v 0.16053999960422513 0.24764500558376304 -0.012339999899268147
v 0.16115400195121762 0.24783299863338462 -0.012330999597907063
v 0.16253399848937986 0.2482700049877166 -0.012275000102818009
v 0.1624149978160858 0.24692800641059867 -0.01285499986261129
v 0.16100400686264035 0.24662099778652183 -0.012958999723196026
v 0.16036899387836454 0.24649299681186668 -0.01298199966549873
v 0.15912400186061856 0.24626000225543968 -0.01298199966549873
v 0.1579339951276779 0.24606500566005698 -0.012919000349938866
v 0.16378299891948697 0.24724000692367545 -0.012687999755144116
v 0.16389299929141996 0.2487110048532485 -0.01217400003224611
v 0.1641699969768524 0.24643400311470023 -0.013119000010192389
v 0.16392299532890317 0.24603499472141258 -0.013412999920547003
v 0.1638740003108978 0.245954006910324 -0.013477999716997141
v 0.16596400737762448 0.2491150051355361 -0.01205400004982948
v 0.16535599529743192 0.24823400378227226 -0.012248000130057331
v 0.16505600512027738 0.24865600466728202 -0.012157999910414215
v 0.16531300544738767 0.24817100167274467 -0.012267000041902062
v 0.16491299867630002 0.24758300185203544 -0.012485000304877755
v 0.16487699747085569 0.24752800166606895 -0.01250899955630302
v 0.1647669970989227 0.24736300110816947 -0.01258399989455938
v 0.16469299793243405 0.24725000560283653 -0.012639000080525872
v 0.1655890047550201 0.2456839978694915 -0.01350800041109323
v 0.16491700708866117 0.24756799638271323 -0.012494999915361401
v 0.16505999863147733 0.2473600059747695 -0.012655000202357766
v 0.16524200141429898 0.2471580058336257 -0.012795000337064263
v 0.16658100485801694 0.24732099473476402 -0.012864000163972374
v 0.16618500649929044 0.24665899574756614 -0.013050000183284277
v 0.1659390032291412 0.24672999978065482 -0.013031000271439547
v 0.1661809980869293 0.24665099382400504 -0.013052999973297114
v 0.1660789996385574 0.24648199975490562 -0.013116000220179553
v 0.1672209948301315 0.24831800162792197 -0.012749999761581417
v 0.16700500249862668 0.24801799654960624 -0.012764000333845612
v 0.1667540073394775 0.24761100113391868 -0.012811000458896157
v 0.16541500389575955 0.24701300263404838 -0.012887000106275078
v 0.1656599938869476 0.24685700237751 -0.012973999604582783
v 0.1679580062627792 0.24560099840164176 -0.013069000095129008
v 0.17661300301551816 0.23929099738597862 -0.013052999973297114
v 0.1764940023422241 0.2391449958086013 -0.013113000430166716
v 0.1753049939870834 0.24039199948310844 -0.013066000305116171
v 0.17590600252151486 0.2384150028228759 -0.013504000380635256
v 0.17733100056648252 0.24016000330448142 -0.01281000021845102
v 0.17711600661277768 0.23989899456501 -0.0128619996830821
v 0.1766189932823181 0.23929800093173972 -0.013050000183284277
v 0.177837997674942 0.24083499610424033 -0.012749999761581417
v 0.17762899398803708 0.24053199589252464 -0.012764000333845612
v 0.17349000275135038 0.24180200695991508 -0.013079999946057791
v 0.1715629994869232 0.24320399761199943 -0.013085000216960902
v 0.17003899812698361 0.2442539930343627 -0.013082000426948065
v 0.17677000164985654 0.2390899956226348 -0.013031000271439547
v 0.1769829988479614 0.23886999487876884 -0.012973999604582783
v 0.17673100531101224 0.2368839979171752 -0.013477999716997141
v 0.17679099738597867 0.23695799708366386 -0.013412999920547003
v 0.17740599811077115 0.2385769933462142 -0.012795000337064263
v 0.1770830005407333 0.23732300102710716 -0.013119000010192389
v 0.17765699326992032 0.23847299814224235 -0.012655000202357766
v 0.17767700552940366 0.23808999359607688 -0.012639000080525872
v 0.17833699285984037 0.23898400366306297 -0.012267000041902062
v 0.17791700363159177 0.23840999603271476 -0.012485000304877755
v 0.17790199816226956 0.23840799927711478 -0.012494999915361401
v 0.17787800729274747 0.23835699260234824 -0.01250899955630302
v 0.1777590066194534 0.2381979972124099 -0.01258399989455938
v 0.1783809959888458 0.23904499411582938 -0.012248000130057331
v 0.17900699377059934 0.2399130016565322 -0.01205400004982948
v 0.17721100151538846 0.23869100213050834 -0.012887000106275078
v 0.17888000607490537 0.23890499770641319 -0.012157999910414215
v 0.17797300219535825 0.23723100125789634 -0.012687999755144116
v 0.17932200431823728 0.23782700300216666 -0.01217400003224611
v 0.17936199903488156 0.23639899492263786 -0.012275000102818009
v 0.17977499961853025 0.2301059961318969 -0.012081000022590157
v 0.17985999584197995 0.22944900393486015 -0.011962000280618664
v 0.17887599766254422 0.23108099400997154 -0.012897999957203862
v 0.1790480017662048 0.2302609980106353 -0.012799000367522236
v 0.1796939969062805 0.2308429926633834 -0.01217900030314922
v 0.17882800102233884 0.23132599890232078 -0.012919000349938866
v 0.178613007068634 0.2325119972229003 -0.01298199966549873
v 0.17841400206089017 0.2337629944086074 -0.01298199966549873
v 0.17832300066947934 0.23440399765968314 -0.012958999723196026
v 0.17813800275325772 0.2358359992504119 -0.01285499986261129
v 0.17961800098419187 0.23164899647235862 -0.012254999950528141
v 0.17959800362586972 0.2318910062313079 -0.012272000312805172
v 0.17951300740242002 0.2330649942159652 -0.01232699956744909
v 0.17944300174713132 0.23431099951267234 -0.012339999899268147
v 0.1794140040874481 0.23495300114154807 -0.012330999597907063
v 0.16378299891948697 0.24724000692367545 -0.0038119999226182686
v 0.16389299929141996 0.2487110048532485 -0.004325999878346918
v 0.16253399848937986 0.2482700049877166 -0.004224999807775019
v 0.15646800398826596 0.24654799699783317 -0.004418999888002871
v 0.1558199971914291 0.24640800058841697 -0.004538000095635651
v 0.15768699347972867 0.24602800607681266 -0.0036019999533891665
v 0.15685699880123136 0.24591499567031852 -0.003701000008732079
v 0.1571879982948303 0.24671800434589378 -0.004321000073105095
v 0.1579339951276779 0.24606500566005698 -0.0035810000263154494
v 0.15912400186061856 0.24626000225543968 -0.0035180000122636544
v 0.16036899387836454 0.24649299681186668 -0.0035180000122636544
v 0.16100400686264035 0.24662099778652183 -0.0035409999545663582
v 0.1624149978160858 0.24692800641059867 -0.0036450000479817377
v 0.15797300636768338 0.2469179928302764 -0.004244999960064886
v 0.15820799767971036 0.246979996562004 -0.004228000063449143
v 0.15934300422668454 0.24729399383068076 -0.004172999877482651
v 0.16053999960422513 0.24764500558376304 -0.004160000011324881
v 0.16115400195121762 0.24783299863338462 -0.0041689998470246774
v 0.16568699479103086 0.2487120032310485 -0.00437500001862645
v 0.16505600512027738 0.24865600466728202 -0.004342000000178812
v 0.16508199274539945 0.24783299863338462 -0.00411600014194846
v 0.1647669970989227 0.24736300110816947 -0.003916000016033648
v 0.16392299532890317 0.24603499472141258 -0.0030869999900460235
v 0.1641689985990524 0.24643300473690025 -0.0033809999004006373
v 0.1638740003108978 0.245954006910324 -0.0030219999607652417
v 0.16423599421977994 0.24653999507427207 -0.0034529999829828726
v 0.1659390032291412 0.24672999978065482 -0.0034690001048147665
v 0.1656599938869476 0.24685700237751 -0.0035260000731796013
v 0.16524200141429898 0.2471580058336257 -0.0037050000391900526
v 0.16505999863147733 0.2473600059747695 -0.003844999941065906
v 0.16491700708866117 0.24756799638271323 -0.004004999995231627
v 0.16704399883747098 0.24807700514793388 -0.003740000072866677
v 0.16559299826622007 0.24569000303745261 -0.0029959999956190577
v 0.16575600206851956 0.24595199525356284 -0.003142999950796365
v 0.16618500649929044 0.24665899574756614 -0.0034499999601393925
v 0.16624799370765683 0.24676400423049918 -0.00348600000143051
v 0.16541500389575955 0.24701300263404838 -0.0036130000371485936
v 0.16675800085067746 0.2476180046796798 -0.003689999924972652
v 0.1679580062627792 0.24560099840164176 -0.003431000048294662
v 0.17601099610328672 0.23854799568653098 -0.003077999921515583
v 0.17660599946975705 0.23928099870681754 -0.003442999906837939
v 0.1753049939870834 0.24039199948310844 -0.0034340000711381422
v 0.17685200273990628 0.2395800054073333 -0.0035500000230967985
v 0.17748300731182096 0.24034699797630302 -0.003717999905347823
v 0.17767600715160367 0.24059499800205222 -0.0037410000804811703
v 0.17349000275135038 0.24180200695991508 -0.003419999964535235
v 0.1715629994869232 0.24320399761199943 -0.003414999926462768
v 0.17003899812698361 0.2442539930343627 -0.0034179999493062483
v 0.17872099578380582 0.2395170032978057 -0.00437500001862645
v 0.17673100531101224 0.2368839979171752 -0.0030219999607652417
v 0.17679099738597867 0.23695799708366386 -0.0030869999900460235
v 0.17740599811077115 0.2385769933462142 -0.0037050000391900526
v 0.1770839989185333 0.23732399940490714 -0.0033809999004006373
v 0.1771620064973831 0.23742300271987907 -0.0034529999829828726
v 0.17765699326992032 0.23847299814224235 -0.003844999941065906
v 0.1777590066194534 0.23819899559020988 -0.003916000016033648
v 0.17790199816226956 0.23840799927711478 -0.004004999995231627
v 0.17809599637985227 0.23865300416946403 -0.00411600014194846
v 0.17677000164985654 0.2390899956226348 -0.0034690001048147665
v 0.17721100151538846 0.23869100213050834 -0.0036130000371485936
v 0.1769829988479614 0.23886999487876884 -0.0035260000731796013
v 0.17932200431823728 0.23782700300216666 -0.004325999878346918
v 0.17797300219535825 0.23723100125789634 -0.0038119999226182686
v 0.17888000607490537 0.23890499770641319 -0.004342000000178812
v 0.17985999584197995 0.22944900393486015 -0.004538000095635651
v 0.17977499961853025 0.2301059961318969 -0.004418999888002871
v 0.1790480017662048 0.2302609980106353 -0.003701000008732079
v 0.17887599766254422 0.23108099400997154 -0.0036019999533891665
v 0.17961800098419187 0.23164899647235862 -0.004244999960064886
v 0.1796939969062805 0.2308429926633834 -0.004321000073105095
v 0.17959800362586972 0.2318910062313079 -0.004228000063449143
v 0.17951300740242002 0.2330649942159652 -0.004172999877482651
v 0.17944300174713132 0.23431099951267234 -0.004160000011324881
v 0.1794140040874481 0.23495300114154807 -0.0041689998470246774
v 0.17936199903488156 0.23639899492263786 -0.004224999807775019
v 0.17813800275325772 0.2358359992504119 -0.0036450000479817377
v 0.17832300066947934 0.23440399765968314 -0.0035409999545663582
v 0.17841400206089017 0.2337629944086074 -0.0035180000122636544
v 0.178613007068634 0.2325119972229003 -0.0035180000122636544
v 0.17882800102233884 0.23132599890232078 -0.0035810000263154494
v 0.17072500288486478 0.2543869912624358 -0.012581000104546543
v 0.17058700323104856 0.2558690011501311 -0.012726999819278714
v 0.17057199776172635 0.2559109926223754 -0.012695999816060063
v 0.1705909967422485 0.25470900535583485 -0.012529999949038025
v 0.17056399583816526 0.25477901101112355 -0.012511000037193295
v 0.17033900320529935 0.25543099641799916 -0.012210999615490433
v 0.1704449951648712 0.25510698556900013 -0.012391000054776665
v 0.17045800387859342 0.25626400113105763 -0.012381999753415581
v 0.1703660041093826 0.2565779983997344 -0.012005999684333798
v 0.16994899511337277 0.2547279894351958 -0.011989000253379341
v 0.1698769927024841 0.2550219893455504 -0.01183999981731176
v 0.1698700040578842 0.255055010318756 -0.011819999665021893
v 0.1698150038719177 0.25533199310302723 -0.011614999733865258
v 0.16977399587631223 0.2555829882621764 -0.011366000398993489
v 0.169743999838829 0.2558090090751647 -0.01105299964547157
v 0.16971500217914579 0.25607401132583607 -0.010347000323235985
v 0.17005099356174466 0.2565900087356566 -0.010417000390589234
v 0.16972400248050687 0.255984991788864 -0.010681999847292897
v 0.170070007443428 0.2564910054206847 -0.010820000432431694
v 0.16972599923610684 0.2559649944305419 -0.010734000243246552
v 0.17007499933242795 0.2564699947834014 -0.010882999747991558
v 0.1701110005378723 0.256298005580902 -0.011265999637544152
v 0.17016899585723874 0.2560490071773528 -0.011641999706625935
v 0.17023999989032743 0.25577300786972035 -0.011942000128328797
v 0.1703280061483383 0.2554669976234435 -0.012187000364065167
v 0.1702110022306442 0.2571809887886046 -0.010505000129342076
v 0.17023700475692746 0.2570720016956328 -0.010994999669492241
v 0.1702419966459274 0.2570489943027495 -0.011071000248193737
v 0.17028999328613278 0.256857007741928 -0.011539000086486336
v 0.1697130054235458 0.2561050057411193 -0.009999999776482579
v 0.16984100639820096 0.2562659978866576 -0.009999999776482579
v 0.17004400491714475 0.2566229999065398 -0.009999999776482579
v 0.17016999423503873 0.25701498985290516 -0.009999999776482579
v 0.17020200192928311 0.25721898674964894 -0.009999999776482579
v 0.17020200192928311 0.25721898674964894 -0.006500000134110449
v 0.17016999423503873 0.25701498985290516 -0.006500000134110449
v 0.17004400491714475 0.2566229999065398 -0.006500000134110449
v 0.16984100639820096 0.2562659978866576 -0.006500000134110449
v 0.1697130054235458 0.2561050057411193 -0.006500000134110449
v 0.17056399583816526 0.25477901101112355 -0.003988999873399733
v 0.17058700323104856 0.2558690011501311 -0.0037730000913143145
v 0.17057199776172635 0.2559109926223754 -0.0038040000945329653
v 0.1703660041093826 0.2565779983997344 -0.00449400022625923
v 0.17045800387859342 0.25626400113105763 -0.0041180001571774465
v 0.1705909967422485 0.25470900535583485 -0.003969999961555002
v 0.17072500288486478 0.2543869912624358 -0.003918999806046484
v 0.1704449951648712 0.25510698556900013 -0.0041089998558163626
v 0.17033900320529935 0.25543099641799916 -0.004288999829441307
v 0.1703280061483383 0.2554669976234435 -0.004313000012189148
v 0.17023999989032743 0.25577300786972035 -0.004557999782264231
v 0.16994899511337277 0.2547279894351958 -0.0045110001228749735
v 0.1698769927024841 0.2550219893455504 -0.004660000093281267
v 0.1698700040578842 0.255055010318756 -0.004679999779909847
v 0.1698150038719177 0.25533199310302723 -0.00488500017672777
v 0.16977399587631223 0.2555829882621764 -0.005133999977260826
v 0.1702110022306442 0.2571809887886046 -0.005994999781250952
v 0.17005099356174466 0.2565900087356566 -0.006082999985665081
v 0.17023700475692746 0.2570720016956328 -0.005504999775439499
v 0.170070007443428 0.2564910054206847 -0.0056799999438226206
v 0.1702419966459274 0.2570489943027495 -0.0054290001280605776
v 0.17007499933242795 0.2564699947834014 -0.005617000162601469
v 0.17028999328613278 0.256857007741928 -0.0049609998241066915
v 0.1701110005378723 0.256298005580902 -0.005233999807387589
v 0.17016899585723874 0.2560490071773528 -0.004858000203967093
v 0.16971500217914579 0.25607401132583607 -0.00615300005301833
v 0.16972400248050687 0.255984991788864 -0.005818000063300131
v 0.16972599923610684 0.2559649944305419 -0.005766000133007763
v 0.169743999838829 0.2558090090751647 -0.005446999799460171
v 0.18237699568271634 0.24616700410842887 -0.003918999806046484
v 0.18381999433040616 0.24653400480747215 -0.0037730000913143145
v 0.1838639974594116 0.24653500318527213 -0.0038040000945329653
v 0.18272599577903745 0.2461490035057067 -0.003969999961555002
v 0.18280099332332608 0.24614700675010673 -0.003988999873399733
v 0.1834910064935684 0.24615399539470664 -0.004288999829441307
v 0.1831499934196472 0.24614499509334556 -0.0041089998558163626
v 0.184235006570816 0.2465450018644332 -0.0041180001571774465
v 0.18456099927425382 0.24656400084495536 -0.00449400022625923
v 0.18295900523662564 0.24555000662803642 -0.0045110001228749735
v 0.18325999379158017 0.24558100104331962 -0.004660000093281267
v 0.18329299986362454 0.24558599293231956 -0.004679999779909847
v 0.18357299268245694 0.24562700092792503 -0.00488500017672777
v 0.18382300436496732 0.24567200243473045 -0.005133999977260826
v 0.18404600024223325 0.24571999907493583 -0.005446999799460171
v 0.18430499732494351 0.24578200280666343 -0.00615300005301833
v 0.1846790015697479 0.24627099931240073 -0.006082999985665081
v 0.18421800434589383 0.24575999379158012 -0.005818000063300131
v 0.18457899987697599 0.24625599384307853 -0.0056799999438226206
v 0.18419900536537168 0.24575600028038017 -0.005766000133007763
v 0.18455800414085385 0.24625299870967857 -0.005617000162601469
v 0.1843840032815933 0.24623000621795646 -0.005233999807387589
v 0.18412999808788297 0.24620099365711204 -0.004858000203967093
v 0.18384599685668943 0.24617500603198997 -0.004557999782264231
v 0.18352800607681272 0.2461560070514678 -0.004313000012189148
v 0.18518200516700742 0.24661999940872184 -0.005994999781250952
v 0.18507100641727445 0.2466080039739608 -0.005504999775439499
v 0.18504600226879117 0.24660600721836082 -0.0054290001280605776
v 0.1848500072956085 0.24658599495887748 -0.0049609998241066915
v 0.18433499336242673 0.24579000473022453 -0.006500000134110449
v 0.18444399535655973 0.24596500396728507 -0.006500000134110449
v 0.18471199274063108 0.24627600610256187 -0.006500000134110449
v 0.18503899872303006 0.24652600288391105 -0.006500000134110449
v 0.18522000312805173 0.24662500619888297 -0.006500000134110449
v 0.18433499336242673 0.24579000473022453 -0.009999999776482579
v 0.18444399535655973 0.24596500396728507 -0.009999999776482579
v 0.18471199274063108 0.24627600610256187 -0.009999999776482579
v 0.18503899872303006 0.24652600288391105 -0.009999999776482579
v 0.18522000312805173 0.24662500619888297 -0.009999999776482579
v 0.18381999433040616 0.24653400480747215 -0.012726999819278714
v 0.1838639974594116 0.24653500318527213 -0.012695999816060063
v 0.18456099927425382 0.24656400084495536 -0.012005999684333798
v 0.184235006570816 0.2465450018644332 -0.012381999753415581
v 0.18280099332332608 0.24614700675010673 -0.012511000037193295
v 0.18272599577903745 0.2461490035057067 -0.012529999949038025
v 0.18237699568271634 0.24616700410842887 -0.012581000104546543
v 0.1831499934196472 0.24614499509334556 -0.012391000054776665
v 0.1834910064935684 0.24615399539470664 -0.012210999615490433
v 0.18352800607681272 0.2461560070514678 -0.012187000364065167
v 0.18384599685668943 0.24617500603198997 -0.011942000128328797
v 0.18295900523662564 0.24555000662803642 -0.011989000253379341
v 0.18325999379158017 0.24558100104331962 -0.01183999981731176
v 0.18329299986362454 0.24558599293231956 -0.011819999665021893
v 0.18357299268245694 0.24562700092792503 -0.011614999733865258
v 0.18382300436496732 0.24567200243473045 -0.011366000398993489
v 0.18518200516700742 0.24661999940872184 -0.010505000129342076
v 0.1846790015697479 0.24627099931240073 -0.010417000390589234
v 0.18507100641727445 0.2466080039739608 -0.010994999669492241
v 0.18457899987697599 0.24625599384307853 -0.010820000432431694
v 0.18504600226879117 0.24660600721836082 -0.011071000248193737
v 0.18455800414085385 0.24625299870967857 -0.010882999747991558
v 0.1848500072956085 0.24658599495887748 -0.011539000086486336
v 0.1843840032815933 0.24623000621795646 -0.011265999637544152
v 0.18412999808788297 0.24620099365711204 -0.011641999706625935
v 0.18430499732494351 0.24578200280666343 -0.010347000323235985
v 0.18421800434589383 0.24575999379158012 -0.010681999847292897
v 0.18419900536537168 0.24575600028038017 -0.010734000243246552
v 0.18404600024223325 0.24571999907493583 -0.01105299964547157
v 0.18617400527000424 0.26664501428604115 -0.010750000365078446
v 0.18411000072956082 0.26706498861312855 -0.010750000365078446
v 0.18202100694179532 0.26679301261901844 -0.010750000365078446
v 0.18013300001621244 0.2658570110797881 -0.010750000365078446
v 0.1786520034074783 0.2643580138683318 -0.010750000365078446
v 0.17773799598217008 0.26245999336242665 -0.010750000365078446
v 0.17748899757862088 0.2603679895401 -0.010750000365078446
v 0.17793299257755277 0.2583090066909789 -0.010750000365078446
v 0.17902199923992154 0.2565050125122069 -0.010750000365078446
v 0.18063700199127194 0.25515300035476673 -0.010750000365078446
v 0.18260399997234342 0.25439798831939686 -0.010750000365078446
v 0.1847099959850311 0.2543230056762694 -0.010750000365078446
v 0.18672500550746915 0.2549360096454619 -0.010750000365078446
v 0.18843300640583036 0.25617000460624684 -0.010750000365078446
v 0.1896480023860931 0.2578909993171691 -0.010750000365078446
v 0.19023700058460233 0.2599140107631682 -0.010750000365078446
v 0.1901379972696304 0.26201799511909474 -0.010750000365078446
v 0.1893610060214996 0.2639769911766051 -0.010750000365078446
v 0.18798999488353726 0.2655760049819945 -0.010750000365078446
v 0.17902199923992154 0.2565050125122069 -0.005750000011175869
v 0.17793299257755277 0.2583090066909789 -0.005750000011175869
v 0.17748899757862088 0.2603679895401 -0.005750000011175869
v 0.17773799598217008 0.26245999336242665 -0.005750000011175869
v 0.1786520034074783 0.2643580138683318 -0.005750000011175869
v 0.18013300001621244 0.2658570110797881 -0.005750000011175869
v 0.18202100694179532 0.26679301261901844 -0.005750000011175869
v 0.18411000072956082 0.26706498861312855 -0.005750000011175869
v 0.18617400527000424 0.26664501428604115 -0.005750000011175869
v 0.18798999488353726 0.2655760049819945 -0.005750000011175869
v 0.1893610060214996 0.2639769911766051 -0.005750000011175869
v 0.1901379972696304 0.26201799511909474 -0.005750000011175869
v 0.19023700058460233 0.2599140107631682 -0.005750000011175869
v 0.1896480023860931 0.2578909993171691 -0.005750000011175869
v 0.18843300640583036 0.25617000460624684 -0.005750000011175869
v 0.18672500550746915 0.2549360096454619 -0.005750000011175869
v 0.1847099959850311 0.2543230056762694 -0.005750000011175869
v 0.18260399997234342 0.25439798831939686 -0.005750000011175869
v 0.18063700199127194 0.25515300035476673 -0.005750000011175869
v 0.1555729955434799 0.236511006951332 -0.008249999955296513
v 0.15627500414848325 0.23612099885940543 -0.008249999955296513
v 0.15366500616073606 0.23796199262142173 -0.0036879999097436653
v 0.15014100074768064 0.23580799996852866 -0.005164999980479477
v 0.15200600028038022 0.2352389991283416 -0.008249999955296513
v 0.15017899870872495 0.23594200611114494 -0.0052220001816749555
v 0.1502059996128082 0.23602700233459464 -0.005255000200122593
v 0.15008500218391416 0.23551900684833518 -0.00502400007098913
v 0.15200500190258023 0.23385299742221824 -0.008249999955296513
v 0.1519059985876083 0.23456400632858268 -0.008249999955296513
v 0.150065004825592 0.23513300716876975 -0.0047989999875426275
v 0.15006999671459195 0.23504799604415885 -0.004743999801576136
v 0.15013900399208066 0.2346789985895156 -0.004482000134885309
v 0.15025399625301358 0.23439699411392204 -0.004253999795764683
v 0.15275900065898892 0.23252199590206138 -0.008249999955296513
v 0.15229600667953488 0.233156993985176 -0.008249999955296513
v 0.15182599425315854 0.23348900675773612 -0.0030219999607652417
v 0.15481700003147122 0.2313780039548873 -0.008249999955296513
v 0.1514710038900375 0.2335290014743804 -0.0031999999191611997
v 0.15406399965286252 0.23160099983215324 -0.008249999955296513
v 0.15106500685214994 0.23365600407123557 -0.0034479999449104058
v 0.15336099267005918 0.23199099302291862 -0.008249999955296513
v 0.15074700117111203 0.23383599519729606 -0.003692999947816132
v 0.15037399530410764 0.23420299589633933 -0.0040799998678266985
v 0.15201200544834134 0.2334900051355361 -0.0029400000348687163
v 0.15247699618339536 0.23355600237846366 -0.0027650000993162385
v 0.15557099878787992 0.23133799433708183 -0.008249999955296513
v 0.15303400158882138 0.23375999927520744 -0.002603000029921531
v 0.15627300739288327 0.23148299753665916 -0.008249999955296513
v 0.15327900648117063 0.23389999568462363 -0.0025470000691711894
v 0.1568759977817535 0.23180399835109702 -0.008249999955296513
v 0.15389199554920194 0.23443999886512748 -0.0024629998952150336
v 0.15733900666236875 0.23227800428867332 -0.008249999955296513
v 0.15393799543380735 0.23449699580669395 -0.0024610001128166905
v 0.1540260016918182 0.23461499810218803 -0.002459000097587704
v 0.1576299965381622 0.23287299275398246 -0.008249999955296513
v 0.15433500707149503 0.23518800735473624 -0.0024939998984336844
v 0.15772999823093412 0.23354899883270255 -0.008249999955296513
v 0.15436600148677823 0.23527400195598594 -0.002503999974578618
v 0.15448300540447232 0.2357279956340789 -0.002580000087618827
v 0.15449799597263333 0.2358289957046508 -0.002601000014692544
v 0.1576309949159622 0.2342589944601058 -0.008249999955296513
v 0.15451799333095548 0.236185997724533 -0.002689999993890523
v 0.15734000504016873 0.23495499789714805 -0.008249999955296513
v 0.1545169949531555 0.23624600470066062 -0.0027069998905062667
v 0.15447400510311124 0.23663300275802604 -0.002835999941453337
v 0.15434899926185605 0.23706600069999686 -0.0030219999607652417
v 0.1568779945373535 0.23559099435806266 -0.008249999955296513
v 0.15433500707149503 0.23709900677204124 -0.003039000090211629
v 0.1541669964790344 0.23742599785327903 -0.003225000109523534
v 0.15377600491046903 0.23787699639797202 -0.0035920001100748764
v 0.1533740013837814 0.23812599480152122 -0.003930999897420405
v 0.15328699350357053 0.23816099762916557 -0.004000999964773653
v 0.1548189967870712 0.23673400282859794 -0.008249999955296513
v 0.15266199409961698 0.23825499415397636 -0.004482000134885309
v 0.1540659964084625 0.23677399754524223 -0.008249999955296513
v 0.15263199806213376 0.23825299739837638 -0.004503999836742876
v 0.15242399275302884 0.23822599649429313 -0.00465299980714917
v 0.15186600387096402 0.23803199827671043 -0.005016000010073183
v 0.15336300432682035 0.2366289943456649 -0.008249999955296513
v 0.15159800648689267 0.23787400126457206 -0.005164999980479477
v 0.1527599990367889 0.23630799353122703 -0.008249999955296513
v 0.15153600275516507 0.23783099651336662 -0.005197000224143265
v 0.15122699737548825 0.23758000135421745 -0.005332000087946652
v 0.15081700682640073 0.23713600635528556 -0.0054359999485313875
v 0.15229700505733487 0.23583500087261192 -0.008249999955296513
v 0.15069100260734555 0.23696699738502494 -0.0054429997690021974
v 0.15034200251102445 0.2363650053739547 -0.005361999850720165
v 0.16780599951744077 0.22190700471401206 -0.008249999955296513
v 0.16710300743579862 0.22229699790477744 -0.008249999955296513
v 0.1697130054235458 0.22045600414276115 -0.0036879999097436653
v 0.17327600717544553 0.2235960066318511 -0.004588000010699032
v 0.17323899269104 0.22373999655246726 -0.004482000134885309
v 0.17137299478054044 0.22456499934196464 -0.008249999955296513
v 0.17313699424266812 0.2222930043935775 -0.00528999976813793
v 0.17323699593544004 0.2226099967956542 -0.005164999980479477
v 0.17137299478054044 0.2231789976358413 -0.008249999955296513
v 0.17147199809551236 0.22385500371456138 -0.008249999955296513
v 0.171081006526947 0.22258399426937095 -0.008249999955296513
v 0.17268699407577512 0.22145099937915794 -0.0054429997690021974
v 0.17276300489902494 0.2215619981288909 -0.005439999978989361
v 0.17299300432205197 0.22196300327777854 -0.00538400001823902
v 0.17329700291156766 0.222920998930931 -0.005013000220060347
v 0.17320300638675687 0.2238450050354003 -0.00439999997615814
v 0.17061999440193173 0.2258969992399215 -0.008249999955296513
v 0.17108200490474698 0.22526100277900687 -0.008249999955296513
v 0.1731539964675903 0.22396099567413322 -0.004304999951273201
v 0.1729529947042465 0.22428199648857108 -0.00401599984616041
v 0.17268300056457517 0.2245450019836425 -0.003737000050023197
v 0.17267499864101407 0.22455100715160362 -0.0037310000043362366
v 0.1726270020008087 0.22458599507808677 -0.0036879999097436653
v 0.1700170040130615 0.22642700374126426 -0.008249999955296513
v 0.17248499393463132 0.2246759980916976 -0.0035729999653995024
v 0.16931499540805814 0.22681699693202964 -0.008249999955296513
v 0.17155300080776212 0.22493000328540794 -0.0030219999607652417
v 0.16856099665164945 0.22703999280929557 -0.008249999955296513
v 0.17157599329948423 0.22492900490760795 -0.0030330000445246688
v 0.17196899652481076 0.22487600147724143 -0.0032339999452233306
v 0.1711190044879913 0.22490499913692466 -0.002841999987140297
v 0.1706849932670593 0.2248000055551528 -0.00269500003196299
v 0.16780799627304074 0.22708000242710105 -0.008249999955296513
v 0.17055100202560422 0.22475099563598624 -0.002655999967828392
v 0.1671050041913986 0.22693499922752372 -0.008249999955296513
v 0.17033800482749936 0.22465500235557548 -0.002601000014692544
v 0.16987399756908414 0.22435699403285972 -0.0025069999974220982
v 0.16650199890136716 0.22661499679088584 -0.008249999955296513
v 0.16964100301265714 0.22414700686931602 -0.0024759999942034474
v 0.16603900492191312 0.22614100575447074 -0.008249999955296513
v 0.16935199499130246 0.22380299866199485 -0.002459000097587704
v 0.16574800014495847 0.2255460023880004 -0.008249999955296513
v 0.1689690053462982 0.22301100194454185 -0.0025229998864233485
v 0.16564899682998654 0.2248699963092803 -0.008249999955296513
v 0.16891799867153165 0.22281000018119804 -0.002555999904870986
v 0.16888099908828733 0.22258900105953208 -0.002601000014692544
v 0.16574700176715848 0.22415900230407707 -0.008249999955296513
v 0.16886299848556516 0.22214199602603904 -0.002715999959036707
v 0.16603800654411313 0.22346299886703483 -0.008249999955296513
v 0.1689130067825317 0.22174400091171256 -0.0028510000556707374
v 0.1690140068531036 0.22139400243759147 -0.003002000041306018
v 0.16902899742126462 0.221352994441986 -0.0030219999607652417
v 0.16650100052356717 0.2228280007839202 -0.008249999955296513
v 0.16932199895381925 0.22083400189876548 -0.0033350000157952296
v 0.16944499313831327 0.22068899869918815 -0.003450999967753886
v 0.17002899944782254 0.2202810049057006 -0.003951000049710272
v 0.1703809946775436 0.22018200159072868 -0.004230000078678129
v 0.16855899989604947 0.22168399393558494 -0.008249999955296513
v 0.1707160025835037 0.22016300261020652 -0.004482000134885309
v 0.16931299865245816 0.22164399921894065 -0.008249999955296513
v 0.17089000344276425 0.2201810032129287 -0.004606999922543762
v 0.1715230047702789 0.22039200365543357 -0.005022999830543993
v 0.17001500725746152 0.22178900241851798 -0.008249999955296513
v 0.17178300023078916 0.220546007156372 -0.005166999995708464
v 0.17061799764633176 0.22211000323295585 -0.008249999955296513
v 0.1722380071878433 0.22091999650001518 -0.005361999850720165
v 0.17256799340248105 0.2212910056114196 -0.0054370001889765245
v 0.1726270020008087 0.22458599507808677 -0.012811999768018719
v 0.1717800050973892 0.22054399549961082 -0.011335000395774838
v 0.17189300060272214 0.22062399983406059 -0.011277999728918072
v 0.17196400463581082 0.2206780016422271 -0.011245000176131722
v 0.17152699828147885 0.22039400041103355 -0.011475999839603897
v 0.17116899788379666 0.22024600207805625 -0.0117009999230504
v 0.17108699679374692 0.22022199630737296 -0.011756000109016892
v 0.1707160025835037 0.22016300261020652 -0.012017999775707718
v 0.170412003993988 0.22017699480056754 -0.012245999649167057
v 0.16902899742126462 0.221352994441986 -0.013477999716997141
v 0.169186994433403 0.22103199362754813 -0.013299999758601183
v 0.1694419980049133 0.2206930071115493 -0.013051999732851977
v 0.16971799731254575 0.2204519957304 -0.012807000428438183
v 0.17019000649452207 0.22022500634193412 -0.012419999577105042
v 0.1689680069684982 0.22152799367904655 -0.01355999987572431
v 0.1688749939203262 0.22198800742626182 -0.013735000044107432
v 0.16888000071048734 0.22258199751377097 -0.013896999880671496
v 0.1689289957284927 0.2228599935770034 -0.013953000307083125
v 0.1692329943180084 0.22361899912357322 -0.014037000015377993
v 0.1692710071802139 0.22368100285530082 -0.014038999564945693
v 0.16935299336910245 0.22380299866199485 -0.014041000045835967
v 0.16978900134563443 0.22428600490093223 -0.014006000012159342
v 0.16985900700092313 0.22434499859809867 -0.013996000401675696
v 0.17024800181388852 0.2246070057153701 -0.0139199998229742
v 0.17033800482749936 0.22465500235557548 -0.01389900036156177
v 0.17066699266433713 0.2247940003871917 -0.013810000382363791
v 0.1707240045070648 0.22481299936771384 -0.01379300002008676
v 0.1711030006408691 0.2249020040035247 -0.013663999736309046
v 0.17155300080776212 0.22493000328540794 -0.013477999716997141
v 0.17158900201320645 0.22492800652980796 -0.013461000286042685
v 0.17195299267768857 0.2248789966106414 -0.01327500026673078
v 0.1725089997053146 0.2246620059013366 -0.012907999567687508
v 0.17287899553775785 0.2243669927120208 -0.012569000013172623
v 0.17294099926948545 0.2242970019578933 -0.012498999945819374
v 0.17323899269104 0.22373999655246726 -0.012017999775707718
v 0.1732469946146011 0.22371099889278404 -0.011996000073850151
v 0.17329199612140653 0.22350500524044029 -0.01184699963778257
v 0.17329600453376767 0.2229149937629699 -0.011483999900519844
v 0.17323699593544004 0.2226099967956542 -0.011335000395774838
v 0.17321799695491788 0.22253699600696555 -0.01130300015211105
v 0.1730850040912628 0.22216199338436118 -0.011168000288307663
v 0.1728039979934692 0.22162599861621848 -0.011064000427722927
v 0.17268699407577512 0.22145099937915794 -0.011056999675929543
v 0.1722369939088821 0.2209189981222152 -0.011137999594211575
v 0.15075099468231198 0.2338320016860961 -0.012811999768018719
v 0.15251499414443967 0.23824100196361533 -0.011912000365555283
v 0.15266300737857816 0.23825499415397636 -0.012017999775707718
v 0.15133400261402127 0.23767399787902824 -0.011210000142455098
v 0.15159900486469266 0.23787400126457206 -0.011335000395774838
v 0.15069100260734555 0.23696799576282493 -0.011056999675929543
v 0.15077100694179532 0.23707599937915794 -0.011060000397264954
v 0.15107099711894986 0.23742699623107902 -0.011115999892354008
v 0.15187199413776395 0.2380349934101104 -0.01148699969053268
v 0.15277299284934995 0.23825700581073753 -0.012099999934434887
v 0.1528999954462051 0.23824900388717643 -0.012195000424981114
v 0.15326899290084836 0.23816800117492667 -0.012484000064432618
v 0.1536079943180084 0.23800100386142722 -0.012763000093400475
v 0.1536159962415695 0.2379959970712661 -0.012768999673426148
v 0.15366500616073606 0.23796199262142173 -0.012811999768018719
v 0.15379700064659116 0.23785899579524986 -0.012927000410854813
v 0.15434899926185605 0.23706600069999686 -0.013477999716997141
v 0.15433999896049497 0.237086996436119 -0.013466999866068358
v 0.1541589945554733 0.23743900656700126 -0.013265999965369696
v 0.15447099506855008 0.23664799332618705 -0.013658000156283373
v 0.15451799333095548 0.23620399832725517 -0.01380500011146068
v 0.1545169949531555 0.236062005162239 -0.013844000175595278
v 0.15449799597263333 0.2358289957046508 -0.01389900036156177
v 0.15437300503253934 0.2352920025587081 -0.013992999680340285
v 0.15425300598144528 0.23500199615955344 -0.014023999683558936
v 0.1540260016918182 0.23461499810218803 -0.014041000045835967
v 0.15340800583362577 0.2339880019426345 -0.013976999558508391
v 0.15323600172996518 0.23387299478054038 -0.01394400000572204
v 0.1530410051345825 0.2337629944086074 -0.01389900036156177
v 0.15262599289417264 0.23359699547290794 -0.013783999718725676
v 0.15223400294780728 0.23351000249385825 -0.01364899985492229
v 0.15186999738216397 0.23348699510097495 -0.013497999869287009
v 0.15182599425315854 0.23348900675773612 -0.013477999716997141
v 0.1512379944324493 0.23359000682830802 -0.013164999894797797
v 0.1510609984397888 0.23365800082683555 -0.01304899994283914
v 0.15048100054264066 0.23407100141048423 -0.012548999860882756
v 0.1502690017223358 0.2343689948320388 -0.012269999831914898
v 0.15014000236988065 0.23467800021171561 -0.012017999775707718
v 0.1500979959964752 0.23484799265861503 -0.011893000453710553
v 0.15008400380611417 0.23551599681377403 -0.011477000080049034
v 0.15014199912548062 0.23581199347972862 -0.011332999914884564
v 0.15034200251102445 0.23636600375175468 -0.011137999594211575
v 0.15058000385761258 0.23680099844932548 -0.01106300018727779
usemtl material_black
f 1 2 3
f 3 2 4
f 4 5 3
f 3 5 6
f 3 6 7
f 8 9 7
f 7 9 10
f 7 10 11
f 11 12 7
f 7 12 13
f 7 13 3
f 7 14 8
f 8 14 15
f 8 15 16
f 17 18 19
f 19 18 20
f 19 20 21
f 22 23 24
f 24 23 19
f 24 19 25
f 25 19 21
f 26 27 28
f 22 29 23
f 23 29 30
f 23 30 28
f 28 30 31
f 28 31 26
f 27 32 28
f 28 32 33
f 28 33 34
f 35 36 37
f 38 39 40
f 38 40 37
f 37 40 41
f 37 41 35
f 39 42 40
f 40 42 43
f 40 43 44
f 16 45 8
f 8 45 37
f 8 37 46
f 46 37 36
f 47 28 44
f 44 28 34
f 44 34 40
f 47 48 49
f 49 48 50
f 49 50 51
f 52 53 54
f 54 53 49
f 54 49 55
f 55 49 51
f 52 56 53
f 53 56 57
f 53 57 3
f 3 57 58
f 3 58 1
f 59 60 61
f 59 61 62
f 60 63 61
f 61 63 64
f 61 64 65
f 65 64 66
f 65 66 67
f 67 68 65
f 65 68 69
f 65 69 70
f 70 71 65
f 65 71 72
f 65 72 73
f 73 74 75
f 74 76 75
f 75 76 77
f 75 77 78
f 78 79 75
f 75 79 80
f 75 80 81
f 82 83 65
f 82 65 84
f 75 85 73
f 73 85 86
f 73 86 65
f 65 86 87
f 65 87 84
f 83 88 65
f 65 88 89
f 65 89 90
f 91 92 93
f 93 94 91
f 91 94 95
f 91 95 96
f 96 97 91
f 91 97 98
f 91 98 99
f 99 98 100
f 100 101 99
f 99 101 102
f 99 102 103
f 103 104 99
f 99 104 105
f 99 105 106
f 106 105 107
f 106 107 108
f 109 110 111
f 108 112 106
f 106 112 113
f 106 113 114
f 115 116 114
f 81 117 75
f 75 117 115
f 75 115 118
f 118 115 114
f 109 111 119
f 110 120 111
f 111 120 121
f 111 121 61
f 61 121 122
f 61 122 62
f 47 49 28
f 28 49 123
f 28 123 124
f 124 123 125
f 124 125 126
f 126 125 127
f 126 127 128
f 129 130 131
f 131 130 132
f 131 132 133
f 133 134 131
f 131 134 135
f 131 135 127
f 135 136 127
f 127 136 137
f 127 137 138
f 138 139 127
f 127 139 140
f 127 140 141
f 142 143 128
f 141 144 127
f 127 144 145
f 127 145 128
f 128 145 146
f 128 146 142
f 143 147 128
f 128 147 148
f 128 148 149
f 150 151 152
f 152 153 131
f 131 153 154
f 131 154 155
f 155 156 149
f 149 156 157
f 149 157 158
f 149 159 155
f 155 159 160
f 155 160 161
f 161 162 155
f 155 162 163
f 155 163 164
f 164 165 155
f 155 165 166
f 155 166 131
f 131 166 167
f 131 167 129
f 158 168 149
f 149 168 169
f 149 169 170
f 170 171 149
f 149 171 172
f 149 172 173
f 173 174 149
f 149 174 175
f 149 175 128
f 128 175 176
f 128 176 177
f 177 178 128
f 128 178 179
f 128 179 180
f 180 181 128
f 128 181 182
f 128 182 150
f 150 182 183
f 183 184 150
f 150 184 185
f 150 185 186
f 186 187 150
f 150 187 188
f 150 188 151
f 152 131 150
f 150 131 189
f 150 189 190
f 190 189 191
f 190 191 192
f 192 191 193
f 192 193 194
f 195 196 197
f 195 197 198
f 196 199 197
f 197 199 200
f 197 200 201
f 202 203 204
f 204 203 205
f 206 207 201
f 206 201 208
f 207 209 201
f 201 209 210
f 201 210 197
f 208 201 205
f 205 201 211
f 205 211 212
f 212 213 205
f 205 213 214
f 205 214 215
f 216 217 218
f 218 217 219
f 218 219 220
f 220 221 218
f 218 221 222
f 218 222 223
f 223 224 218
f 218 224 225
f 218 225 193
f 193 225 226
f 193 226 227
f 227 228 193
f 193 228 229
f 193 229 230
f 230 231 193
f 193 231 232
f 193 232 233
f 234 193 235
f 235 193 233
f 235 233 197
f 197 233 236
f 197 236 198
f 234 237 193
f 193 237 238
f 193 238 239
f 239 240 193
f 193 240 241
f 193 241 194
f 194 241 242
f 194 242 243
f 243 244 194
f 194 244 245
f 194 245 246
f 247 204 248
f 248 204 194
f 248 194 249
f 249 194 246
f 247 250 204
f 204 250 251
f 204 251 252
f 252 253 204
f 204 253 254
f 204 254 202
f 215 216 205
f 205 216 218
f 205 218 204
f 204 218 255
f 204 255 256
f 256 255 257
f 256 257 258
f 258 257 65
f 258 65 91
f 91 65 90
f 91 90 92
f 116 119 114
f 114 119 111
f 114 111 106
f 106 111 259
f 106 259 260
f 260 259 3
f 260 3 19
f 19 3 13
f 19 13 17
f 261 262 263
f 264 265 266
f 266 265 267
f 266 267 268
f 268 267 269
f 269 270 268
f 268 270 271
f 268 271 272
f 273 274 275
f 275 274 276
f 275 276 277
f 277 276 278
f 277 278 279
f 279 280 277
f 277 280 281
f 277 281 282
f 282 283 277
f 277 283 284
f 277 284 285
f 285 284 286
f 285 286 287
f 287 288 285
f 285 288 289
f 285 289 290
f 290 291 285
f 285 291 292
f 285 292 265
f 264 293 265
f 265 293 294
f 265 294 285
f 285 294 295
f 285 295 296
f 296 297 285
f 285 297 298
f 285 298 299
f 299 300 301
f 301 300 302
f 301 302 303
f 303 304 301
f 301 304 305
f 301 305 306
f 306 307 301
f 301 307 308
f 301 308 309
f 309 308 310
f 309 310 311
f 311 312 309
f 309 312 313
f 309 313 314
f 314 315 309
f 309 315 316
f 309 316 261
f 261 316 317
f 261 317 262
f 272 318 268
f 268 318 319
f 268 319 320
f 321 322 319
f 319 322 320
f 321 323 322
f 322 323 324
f 322 324 325
f 325 326 322
f 322 326 263
f 327 328 329
f 330 331 332
f 327 329 332
f 332 329 333
f 332 333 330
f 331 334 332
f 332 334 335
f 332 335 336
f 337 338 336
f 336 338 339
f 336 339 332
f 337 336 340
f 340 336 341
f 340 341 342
f 342 343 340
f 340 343 344
f 340 344 345
f 346 347 348
f 348 347 349
f 348 349 350
f 351 352 353
f 351 353 354
f 350 355 348
f 348 355 356
f 348 356 353
f 353 356 357
f 353 357 354
f 352 358 353
f 353 358 359
f 353 359 328
f 327 360 328
f 328 360 361
f 328 361 353
f 353 361 362
f 353 362 363
f 363 364 353
f 353 364 365
f 353 365 366
f 367 368 369
f 369 370 367
f 367 370 371
f 367 371 372
f 372 373 367
f 367 373 374
f 367 374 375
f 375 374 376
f 375 376 377
f 377 378 375
f 375 378 379
f 375 379 380
f 380 381 375
f 375 381 382
f 375 382 383
f 383 382 384
f 383 384 385
f 385 386 383
f 383 386 387
f 383 387 340
f 388 389 390
f 390 389 391
f 391 392 390
f 390 392 393
f 390 393 348
f 348 393 394
f 348 394 346
f 395 396 397
f 397 396 398
f 397 398 399
f 399 400 397
f 397 400 401
f 397 401 402
f 402 403 397
f 397 403 404
f 397 404 405
f 406 407 408
f 408 409 406
f 406 409 410
f 406 410 411
f 412 413 410
f 410 413 414
f 410 414 411
f 415 405 406
f 406 405 416
f 406 416 407
f 415 417 405
f 405 417 418
f 405 418 419
f 420 421 422
f 422 421 423
f 423 424 422
f 422 424 425
f 422 425 426
f 426 427 422
f 422 427 428
f 422 428 429
f 430 431 432
f 428 433 429
f 429 433 434
f 429 434 435
f 435 434 436
f 435 436 437
f 437 438 435
f 435 438 439
f 435 439 440
f 440 441 435
f 435 441 442
f 435 442 443
f 444 432 445
f 445 432 446
f 447 448 444
f 449 450 444
f 444 450 451
f 444 451 447
f 412 452 413
f 413 452 450
f 413 450 453
f 453 450 449
f 448 454 444
f 444 454 455
f 444 455 432
f 432 455 456
f 432 456 430
f 431 457 432
f 432 457 458
f 432 458 459
f 459 460 432
f 432 460 461
f 432 461 395
f 395 461 462
f 395 462 396
f 299 301 285
f 285 301 463
f 285 463 464
f 464 463 465
f 464 465 466
f 466 465 467
f 466 467 468
f 469 470 471
f 471 470 472
f 472 473 471
f 471 473 474
f 471 474 475
f 475 476 471
f 471 476 477
f 471 477 467
f 467 477 478
f 478 479 467
f 467 479 480
f 467 480 481
f 481 482 467
f 467 482 483
f 467 483 484
f 485 486 467
f 467 486 487
f 467 487 488
f 488 489 467
f 467 489 490
f 467 490 491
f 491 492 467
f 467 492 493
f 467 493 494
f 494 495 467
f 467 495 496
f 467 496 497
f 498 499 500
f 485 467 501
f 501 467 484
f 501 484 500
f 500 484 502
f 500 502 498
f 499 503 500
f 500 503 504
f 500 504 505
f 505 506 500
f 500 506 507
f 500 507 508
f 508 509 500
f 500 509 510
f 500 510 511
f 511 512 500
f 500 512 513
f 500 513 469
f 514 515 468
f 514 468 516
f 497 517 467
f 467 517 518
f 467 518 468
f 468 518 519
f 468 519 516
f 515 520 468
f 468 520 521
f 468 521 500
f 500 521 522
f 500 522 523
f 523 524 500
f 500 524 525
f 500 525 526
f 526 527 500
f 500 527 528
f 500 528 501
f 469 471 500
f 500 471 529
f 500 529 530
f 530 529 531
f 530 531 532
f 532 531 353
f 532 353 367
f 367 353 366
f 367 366 368
f 345 388 340
f 340 388 390
f 340 390 383
f 383 390 533
f 383 533 534
f 534 533 397
f 534 397 422
f 422 397 405
f 422 405 420
f 420 405 419
f 326 273 263
f 263 273 275
f 263 275 261
f 261 275 535
f 261 535 536
f 536 535 435
f 536 435 432
f 432 435 443
f 432 443 446
f 464 258 285
f 285 258 91
f 285 91 277
f 277 91 99
f 277 99 275
f 275 99 106
f 275 106 535
f 535 106 260
f 535 260 435
f 435 260 19
f 435 19 429
f 429 19 23
f 429 23 422
f 422 23 28
f 422 28 534
f 534 28 124
f 534 124 383
f 383 124 126
f 383 126 375
f 375 126 128
f 375 128 367
f 367 128 150
f 367 150 532
f 532 150 190
f 532 190 530
f 530 190 192
f 530 192 500
f 500 192 194
f 500 194 468
f 468 194 204
f 468 204 466
f 466 204 256
f 466 256 464
f 464 256 258
f 533 123 397
f 397 123 49
f 397 49 395
f 395 49 53
f 395 53 432
f 432 53 3
f 432 3 536
f 536 3 259
f 536 259 261
f 261 259 111
f 261 111 309
f 309 111 61
f 309 61 301
f 301 61 65
f 301 65 463
f 463 65 257
f 463 257 465
f 465 257 255
f 465 255 467
f 467 255 218
f 467 218 471
f 471 218 193
f 471 193 529
f 529 193 191
f 529 191 531
f 531 191 189
f 531 189 353
f 353 189 131
f 353 131 348
f 348 131 127
f 348 127 390
f 390 127 125
f 390 125 533
f 533 125 123
f 88 83 272
f 272 83 318
f 92 292 93
f 93 292 291
f 93 291 94
f 94 291 290
f 94 290 95
f 95 290 289
f 95 289 96
f 96 289 288
f 96 288 97
f 97 288 287
f 97 287 98
f 98 287 286
f 98 286 100
f 100 286 101
f 101 286 284
f 101 284 102
f 102 284 283
f 102 283 103
f 103 283 282
f 103 282 104
f 104 282 281
f 104 281 105
f 105 281 280
f 105 280 107
f 280 279 107
f 107 279 278
f 107 278 108
f 108 278 276
f 108 276 112
f 112 276 274
f 112 274 113
f 113 274 273
f 113 273 114
f 114 273 326
f 114 326 118
f 118 326 325
f 118 325 75
f 75 325 324
f 75 324 85
f 85 324 323
f 85 323 86
f 86 323 321
f 86 321 87
f 87 321 319
f 87 319 84
f 84 319 318
f 84 318 82
f 82 318 83
f 272 271 88
f 88 271 270
f 88 270 89
f 89 270 269
f 89 269 90
f 90 269 267
f 90 267 92
f 92 267 265
f 92 265 292
f 244 243 526
f 244 526 245
f 245 526 525
f 245 525 246
f 246 525 524
f 246 524 249
f 249 524 523
f 249 523 248
f 248 523 522
f 248 522 247
f 247 522 521
f 247 521 250
f 252 514 253
f 253 514 516
f 253 516 254
f 250 521 251
f 251 521 520
f 251 520 252
f 252 520 515
f 252 515 514
f 254 516 202
f 202 516 519
f 202 519 203
f 203 519 518
f 203 518 205
f 205 518 517
f 205 517 208
f 208 517 497
f 208 497 206
f 206 497 496
f 206 496 207
f 207 496 495
f 207 495 209
f 209 495 494
f 209 494 210
f 210 494 493
f 210 493 197
f 493 492 197
f 197 492 491
f 197 491 235
f 235 491 490
f 235 490 234
f 234 490 489
f 234 489 237
f 237 489 488
f 237 488 238
f 238 488 487
f 238 487 239
f 239 487 486
f 239 486 240
f 240 486 485
f 240 485 241
f 241 485 501
f 241 501 242
f 242 501 528
f 242 528 243
f 243 528 527
f 243 527 526
f 17 441 18
f 18 441 440
f 18 440 20
f 20 440 439
f 20 439 21
f 21 439 25
f 439 438 25
f 25 438 437
f 25 437 24
f 24 437 436
f 24 436 22
f 22 436 434
f 22 434 29
f 29 434 433
f 29 433 30
f 30 433 428
f 30 428 31
f 31 428 427
f 31 427 26
f 427 426 26
f 26 426 425
f 26 425 27
f 27 425 424
f 27 424 32
f 32 424 423
f 32 423 33
f 33 423 421
f 33 421 34
f 34 421 420
f 34 420 40
f 420 419 40
f 40 419 418
f 40 418 41
f 41 418 417
f 41 417 35
f 35 417 415
f 35 415 36
f 36 415 406
f 36 406 46
f 46 406 411
f 46 411 8
f 13 443 17
f 17 443 442
f 17 442 441
f 411 414 8
f 8 414 413
f 8 413 9
f 9 413 453
f 9 453 10
f 10 453 449
f 10 449 11
f 11 449 444
f 11 444 12
f 12 444 445
f 12 445 13
f 13 445 446
f 13 446 443
f 384 177 176
f 384 382 177
f 177 382 381
f 177 381 178
f 178 381 380
f 178 380 179
f 179 380 379
f 179 379 180
f 180 379 378
f 180 378 181
f 181 378 377
f 181 377 182
f 182 377 376
f 182 376 183
f 183 376 374
f 183 374 184
f 374 373 184
f 184 373 372
f 184 372 185
f 185 372 371
f 185 371 186
f 186 371 187
f 187 371 370
f 187 370 188
f 188 370 369
f 188 369 151
f 151 369 368
f 151 368 152
f 152 368 366
f 152 366 153
f 153 366 365
f 153 365 154
f 154 365 364
f 154 364 155
f 155 364 363
f 155 363 156
f 156 363 362
f 156 362 157
f 157 362 361
f 157 361 158
f 158 361 360
f 158 360 168
f 174 387 175
f 175 387 386
f 175 386 176
f 176 386 385
f 176 385 384
f 168 360 169
f 169 360 327
f 169 327 170
f 170 327 332
f 170 332 171
f 171 332 339
f 171 339 172
f 172 339 338
f 172 338 173
f 173 338 337
f 173 337 174
f 174 337 340
f 174 340 387
f 6 456 7
f 7 456 455
f 7 455 14
f 14 455 454
f 14 454 15
f 15 454 448
f 15 448 16
f 16 448 447
f 16 447 45
f 45 447 451
f 45 451 37
f 451 450 37
f 37 450 452
f 37 452 38
f 38 452 412
f 38 412 39
f 39 412 410
f 39 410 42
f 42 410 409
f 42 409 43
f 409 408 43
f 43 408 407
f 43 407 44
f 44 407 416
f 44 416 47
f 47 416 405
f 47 405 48
f 48 405 404
f 48 404 50
f 50 404 403
f 50 403 51
f 403 402 51
f 51 402 401
f 51 401 55
f 55 401 400
f 55 400 54
f 54 400 399
f 54 399 52
f 52 399 398
f 52 398 56
f 56 398 396
f 56 396 57
f 57 396 462
f 57 462 58
f 58 462 461
f 58 461 1
f 461 460 1
f 1 460 459
f 1 459 2
f 2 459 458
f 2 458 4
f 4 458 457
f 4 457 5
f 5 457 431
f 5 431 6
f 6 431 430
f 6 430 456
f 165 164 333
f 145 389 146
f 146 389 388
f 146 388 142
f 142 388 345
f 142 345 143
f 345 344 143
f 143 344 343
f 143 343 147
f 147 343 342
f 147 342 148
f 148 342 341
f 148 341 149
f 149 341 336
f 149 336 159
f 159 336 160
f 160 336 335
f 160 335 161
f 161 335 162
f 162 335 334
f 162 334 163
f 163 334 331
f 163 331 164
f 164 331 330
f 164 330 333
f 165 333 166
f 166 333 329
f 166 329 167
f 167 329 328
f 167 328 129
f 129 328 359
f 129 359 130
f 130 359 358
f 130 358 132
f 132 358 352
f 132 352 133
f 133 352 351
f 133 351 134
f 134 351 354
f 134 354 135
f 135 354 357
f 135 357 136
f 136 357 356
f 136 356 137
f 137 356 355
f 137 355 138
f 355 350 138
f 138 350 349
f 138 349 139
f 139 349 347
f 139 347 140
f 140 347 346
f 140 346 141
f 346 394 141
f 141 394 393
f 141 393 144
f 144 393 392
f 144 392 145
f 145 392 391
f 145 391 389
f 74 297 76
f 76 297 296
f 76 296 77
f 77 296 295
f 77 295 78
f 78 295 294
f 78 294 79
f 79 294 293
f 79 293 80
f 80 293 81
f 81 293 264
f 81 264 117
f 117 264 266
f 117 266 115
f 115 266 268
f 115 268 116
f 119 263 109
f 109 263 262
f 109 262 110
f 268 320 116
f 116 320 322
f 116 322 119
f 119 322 263
f 316 121 120
f 110 262 120
f 120 262 317
f 120 317 316
f 316 315 121
f 121 315 314
f 121 314 122
f 122 314 313
f 122 313 62
f 62 313 312
f 62 312 59
f 59 312 311
f 71 70 304
f 304 70 69
f 304 69 305
f 305 69 68
f 305 68 306
f 306 68 67
f 306 67 307
f 307 67 66
f 307 66 308
f 308 66 64
f 308 64 310
f 310 64 63
f 310 63 311
f 311 63 60
f 311 60 59
f 304 303 71
f 71 303 302
f 71 302 72
f 72 302 300
f 72 300 73
f 73 300 299
f 73 299 74
f 74 299 298
f 74 298 297
f 236 512 198
f 198 512 511
f 198 511 195
f 195 511 196
f 196 511 510
f 196 510 199
f 510 509 199
f 199 509 508
f 199 508 200
f 200 508 507
f 200 507 201
f 201 507 506
f 201 506 211
f 211 506 505
f 211 505 212
f 212 505 504
f 212 504 213
f 213 504 503
f 213 503 214
f 214 503 499
f 214 499 215
f 215 499 498
f 215 498 216
f 216 498 502
f 216 502 217
f 217 502 484
f 217 484 219
f 219 484 483
f 219 483 220
f 220 483 482
f 220 482 221
f 221 482 481
f 221 481 222
f 222 481 480
f 222 480 223
f 223 480 479
f 223 479 224
f 224 479 478
f 224 478 225
f 225 478 477
f 225 477 226
f 226 477 227
f 227 477 476
f 227 476 228
f 228 476 475
f 228 475 229
f 229 475 474
f 229 474 230
f 230 474 473
f 230 473 231
f 231 473 472
f 231 472 232
f 232 472 470
f 232 470 233
f 233 470 469
f 233 469 236
f 236 469 513
f 236 513 512
f 537 538 539
f 539 538 540
f 541 542 543
f 543 542 544
f 545 546 547
f 547 546 548
f 549 550 551
f 551 550 552
f 553 554 555
f 555 554 556
f 555 556 557
f 557 556 558
f 558 556 544
f 558 544 542
f 559 560 561
f 561 560 562
f 541 543 563
f 563 543 562
f 563 562 564
f 564 562 560
f 565 566 567
f 567 566 568
f 537 539 569
f 569 539 568
f 569 568 570
f 570 568 566
f 571 572 573
f 573 572 574
f 573 574 575
f 575 574 576
f 576 574 540
f 576 540 538
f 545 547 577
f 578 579 580
f 578 580 581
f 581 580 582
f 581 582 577
f 577 582 583
f 577 583 545
f 584 585 586
f 586 585 587
f 586 587 588
f 588 587 589
f 589 587 548
f 589 548 546
f 590 591 592
f 590 592 593
f 549 551 594
f 594 551 593
f 594 593 595
f 595 593 592
f 596 597 598
f 598 597 599
f 598 599 600
f 600 599 601
f 601 599 552
f 601 552 550
f 602 603 604
f 604 603 605
f 604 605 606
f 606 605 607
f 606 607 608
f 608 607 609
f 608 609 610
f 610 609 611
f 610 611 612
f 612 611 613
f 612 613 614
f 614 613 615
f 614 615 616
f 616 615 617
f 616 617 618
f 618 617 619
f 618 619 620
f 620 619 621
f 620 621 622
f 622 621 623
f 622 623 624
f 624 623 625
f 624 625 626
f 626 625 627
f 626 627 628
f 628 627 629
f 628 629 630
f 630 629 631
f 630 631 632
f 632 631 633
f 632 633 634
f 634 633 635
f 634 635 636
f 636 635 637
f 636 637 638
f 638 637 639
f 638 639 640
f 640 639 641
f 640 641 642
f 642 641 643
f 642 643 644
f 644 643 645
f 644 645 646
f 646 645 647
f 646 647 648
f 648 647 649
f 648 649 650
f 650 649 651
f 650 651 652
f 652 651 653
f 652 653 654
f 654 653 655
f 654 655 656
f 656 655 657
f 656 657 658
f 658 657 659
f 658 659 660
f 660 659 661
f 660 661 602
f 602 661 603
f 662 663 664
f 665 666 667
f 667 666 668
f 668 666 669
f 668 669 670
f 670 671 668
f 668 671 672
f 668 672 673
f 674 675 676
f 677 678 667
f 667 678 679
f 667 679 665
f 680 681 682
f 681 683 682
f 682 683 684
f 682 684 685
f 685 686 687
f 687 686 688
f 688 689 687
f 687 689 690
f 687 690 677
f 677 690 691
f 677 691 678
f 692 693 694
f 674 676 694
f 694 676 695
f 694 695 692
f 696 697 698
f 698 697 694
f 698 694 699
f 699 694 693
f 696 700 697
f 697 700 701
f 697 701 682
f 682 701 702
f 682 702 680
f 703 704 705
f 705 704 706
f 705 706 707
f 708 709 710
f 711 712 713
f 713 712 708
f 713 708 714
f 714 708 710
f 715 716 717
f 717 716 718
f 717 718 719
f 719 718 720
f 715 721 716
f 716 721 722
f 716 722 705
f 705 722 723
f 705 723 703
f 724 725 726
f 726 725 727
f 728 729 730
f 728 730 724
f 729 731 730
f 730 731 732
f 730 732 718
f 718 732 733
f 718 733 720
f 711 734 712
f 712 734 735
f 712 735 736
f 736 735 737
f 736 737 738
f 738 739 736
f 736 739 740
f 736 740 725
f 725 740 741
f 725 741 727
f 742 743 744
f 744 743 745
f 744 745 746
f 747 748 749
f 749 750 747
f 747 750 751
f 747 751 752
f 753 754 755
f 755 754 756
f 755 756 757
f 753 758 754
f 754 758 759
f 754 759 744
f 744 759 760
f 744 760 742
f 761 762 763
f 763 762 764
f 761 765 766
f 766 765 767
f 766 767 768
f 768 769 766
f 766 769 770
f 766 770 756
f 756 770 771
f 756 771 757
f 751 772 752
f 752 772 773
f 752 773 774
f 774 773 775
f 775 776 774
f 774 776 777
f 774 777 762
f 762 777 778
f 762 778 764
f 664 663 779
f 779 663 780
f 779 780 781
f 781 782 779
f 779 782 783
f 779 783 784
f 785 786 787
f 787 786 788
f 787 788 664
f 664 788 789
f 664 789 662
f 790 791 792
f 791 793 792
f 792 793 794
f 792 794 795
f 796 795 797
f 797 798 796
f 796 798 799
f 796 799 787
f 787 799 800
f 787 800 785
f 801 802 803
f 803 802 804
f 803 804 805
f 805 804 806
f 805 806 807
f 808 809 810
f 810 809 805
f 810 805 811
f 811 805 807
f 808 812 809
f 809 812 813
f 809 813 792
f 792 813 814
f 792 814 790
f 685 687 682
f 682 687 815
f 682 815 816
f 816 815 817
f 816 817 818
f 818 817 819
f 818 819 820
f 820 819 744
f 820 744 747
f 747 744 746
f 747 746 748
f 761 766 762
f 762 766 821
f 762 821 822
f 822 821 779
f 822 779 803
f 803 779 784
f 803 784 801
f 795 796 792
f 792 796 823
f 792 823 824
f 824 823 825
f 824 825 826
f 826 825 827
f 826 827 828
f 828 827 705
f 828 705 708
f 708 705 707
f 708 707 709
f 724 730 725
f 725 730 829
f 725 829 830
f 830 829 668
f 830 668 674
f 674 668 673
f 674 673 675
f 831 832 833
f 833 832 834
f 833 834 835
f 835 834 836
f 835 836 837
f 837 836 838
f 839 840 841
f 841 842 839
f 839 842 843
f 839 843 832
f 832 843 844
f 832 844 834
f 845 846 847
f 847 848 845
f 845 848 849
f 845 849 840
f 840 849 850
f 840 850 841
f 851 852 853
f 853 852 854
f 853 854 855
f 855 854 856
f 855 856 857
f 857 856 858
f 859 860 861
f 861 862 859
f 859 862 863
f 859 863 852
f 852 863 864
f 852 864 854
f 865 866 867
f 867 868 865
f 865 868 869
f 865 869 860
f 860 869 870
f 860 870 861
f 871 872 873
f 873 872 874
f 873 874 875
f 875 874 876
f 875 876 877
f 877 876 878
f 879 880 881
f 881 882 879
f 879 882 883
f 879 883 872
f 872 883 884
f 872 884 874
f 885 886 887
f 887 888 885
f 885 888 889
f 885 889 880
f 880 889 890
f 880 890 881
f 891 892 893
f 894 895 896
f 896 895 891
f 896 891 897
f 897 891 893
f 898 899 900
f 900 901 898
f 898 901 902
f 898 902 893
f 893 902 903
f 893 903 897
f 904 905 906
f 906 907 904
f 904 907 908
f 904 908 899
f 899 908 909
f 899 909 900
f 910 911 912
f 913 914 915
f 915 916 913
f 913 916 910
f 913 910 917
f 917 910 912
f 917 912 918
f 918 912 919
f 919 912 920
f 919 920 921
f 921 920 922
f 921 922 923
f 922 924 923
f 923 924 925
f 923 925 926
f 926 925 927
f 926 927 928
f 929 930 927
f 927 930 931
f 927 931 928
f 932 933 934
f 935 936 937
f 937 938 935
f 935 938 932
f 935 932 939
f 939 932 934
f 939 934 940
f 940 934 941
f 941 934 942
f 941 942 943
f 943 942 944
f 943 944 945
f 944 946 945
f 945 946 947
f 945 947 948
f 948 947 949
f 948 949 950
f 951 952 949
f 949 952 953
f 949 953 950
f 954 955 956
f 956 955 957
f 956 957 958
f 958 957 959
f 960 961 962
f 962 961 963
f 963 961 964
f 963 964 965
f 966 967 968
f 969 970 968
f 968 970 971
f 968 971 966
f 972 973 968
f 968 973 974
f 968 974 969
f 975 976 977
f 977 976 978
f 978 979 977
f 977 979 980
f 977 980 981
f 980 982 981
f 981 982 983
f 981 983 964
f 964 983 984
f 964 984 965
f 985 986 987
f 987 986 988
f 987 988 989
f 985 990 986
f 986 990 991
f 986 991 968
f 968 991 992
f 968 992 972
f 993 994 995
f 993 995 988
f 988 995 996
f 988 996 989
f 994 993 997
f 997 993 998
f 997 998 999
f 1000 1001 1002
f 1002 1001 1003
f 1002 1003 998
f 998 1003 1004
f 998 1004 999
f 1005 1006 1007
f 1005 1007 1008
f 1009 1010 1007
f 1007 1010 1011
f 1007 1011 1008
f 1012 1013 1014
f 1014 1013 1015
f 1009 1007 1015
f 1015 1007 1016
f 1015 1016 1014
f 1017 1018 1019
f 1019 1018 1020
f 1020 1021 1019
f 1019 1021 1022
f 1019 1022 1023
f 1023 1024 1019
f 1019 1024 1025
f 1019 1025 1002
f 1002 1025 1026
f 1002 1026 1000
f 1027 1028 1029
f 1029 1028 1030
f 1029 1030 1012
f 1012 1030 1031
f 1012 1031 1013
f 1032 1033 1034
f 1034 1033 1035
f 1036 1037 1038
f 1038 1037 1039
f 1038 1039 1035
f 1035 1039 1040
f 1035 1040 1034
f 1036 1038 1041
f 1041 1038 968
f 1041 968 977
f 977 968 967
f 977 967 975
f 1006 1017 1007
f 1007 1017 1019
f 1007 1019 1042
f 1042 1019 1043
f 1044 1045 1046
f 1046 1045 1047
f 1046 1047 1043
f 1043 1047 1048
f 1043 1048 1042
f 1044 1046 1049
f 1049 1046 1050
f 1049 1050 1051
f 1052 1053 1054
f 1054 1053 1055
f 1054 1055 1056
f 1056 1055 1057
f 1058 1059 1060
f 1061 1062 1063
f 1063 1062 1058
f 1063 1058 1064
f 1064 1058 1060
f 1064 1060 1065
f 1066 1067 1068
f 1058 1062 1069
f 1069 1062 1070
f 1071 1072 1069
f 1069 1072 1059
f 1069 1059 1058
f 1073 1074 1075
f 1073 1075 1076
f 1075 1077 1076
f 1076 1077 1078
f 1076 1078 1068
f 1068 1078 1079
f 1068 1079 1066
f 1066 1079 1080
f 1066 1080 1081
f 1082 1083 1084
f 1082 1084 1085
f 1084 1086 1085
f 1085 1086 1087
f 1085 1087 1073
f 1073 1087 1088
f 1073 1088 1074
f 1083 1082 1089
f 1089 1082 1090
f 1089 1090 1091
f 1092 1093 1094
f 1092 1094 1095
f 1094 1096 1095
f 1095 1096 1097
f 1095 1097 1090
f 1090 1097 1098
f 1090 1098 1091
f 1099 1100 1101
f 1099 1101 1102
f 1101 1103 1102
f 1102 1103 1104
f 1102 1104 1092
f 1092 1104 1105
f 1092 1105 1093
f 1100 1099 1106
f 1106 1099 1107
f 1106 1107 1108
f 1109 1110 1111
f 1109 1111 1112
f 1111 1113 1112
f 1112 1113 1114
f 1112 1114 1107
f 1107 1114 1115
f 1107 1115 1108
f 1110 1109 1116
f 1116 1109 1117
f 1116 1117 1118
f 1069 1119 1071
f 1071 1119 1120
f 1071 1120 1117
f 1117 1120 1121
f 1117 1121 1118
f 1122 1067 1123
f 1123 1067 1066
f 1123 1066 1124
f 1081 1125 1066
f 1066 1125 1126
f 1066 1126 1124
f 565 567 1127
f 1127 567 1128
f 1129 1130 1127
f 1129 1127 1131
f 1130 1132 1127
f 1127 1132 1133
f 1127 1133 1134
f 1134 1133 1135
f 1135 1136 1134
f 1134 1136 1070
f 1128 1137 1127
f 1127 1137 1138
f 1127 1138 1131
f 554 553 1139
f 1139 553 1140
f 1080 1141 1142
f 1142 1141 1143
f 1142 1143 1140
f 1140 1143 1144
f 1144 1145 1140
f 1140 1145 1146
f 1140 1146 1147
f 1147 1148 1140
f 1140 1148 1149
f 1140 1149 1139
f 1139 1149 1150
f 1139 1150 1151
f 1152 1153 1154
f 1154 1155 1152
f 1152 1155 1156
f 1152 1156 1157
f 1158 1152 1053
f 1053 1052 1158
f 1158 1052 1159
f 1158 1159 1160
f 1160 1159 1161
f 1160 1161 1162
f 1162 1161 1163
f 1162 1163 1164
f 1157 1165 1152
f 1152 1165 1166
f 1152 1166 1053
f 1167 1168 892
f 892 891 1167
f 1167 891 1162
f 1167 1162 1169
f 1169 1162 1164
f 1170 1171 1172
f 1172 1171 1173
f 1172 1173 1174
f 1174 1173 1175
f 1176 1177 1178
f 1178 1177 1179
f 1178 1179 1170
f 1170 1179 1180
f 1170 1180 1171
f 1050 1181 1051
f 1051 1181 1174
f 1051 1174 1182
f 1182 1174 1175
f 1183 1184 1033
f 1033 1032 1183
f 1183 1032 1185
f 1183 1185 1186
f 1186 1185 1187
f 1186 1187 1188
f 1188 1187 1189
f 1188 1189 1190
f 1191 1192 851
f 851 853 1191
f 1191 853 1188
f 1191 1188 1193
f 1193 1188 1190
f 1194 1195 1196
f 1196 1195 1197
f 1196 1197 1198
f 1197 1199 1198
f 1198 1199 1200
f 1198 1200 1201
f 1201 1200 1202
f 1201 1202 1203
f 1203 1202 1204
f 1205 1206 1207
f 1207 1206 1208
f 1207 1208 1209
f 1209 1210 1207
f 1207 1210 1211
f 1207 1211 1212
f 1204 1213 1203
f 1203 1213 955
f 1203 955 1207
f 1207 955 954
f 1207 954 1205
f 1214 1215 1216
f 1216 1215 1217
f 1218 1219 1220
f 1220 1219 1221
f 1056 1057 1222
f 1222 1057 1223
f 1222 1223 1224
f 1224 1223 1225
f 1225 1223 1226
f 1225 1226 1227
f 1227 1226 1228
f 1228 1226 1142
f 1228 1142 1140
f 1127 1134 1229
f 1229 1134 1230
f 1229 1230 1231
f 1231 1230 1232
f 1232 1230 1233
f 1232 1233 1234
f 1234 1233 958
f 1234 958 959
f 1152 1158 1235
f 1152 1235 1236
f 1235 1237 1236
f 1236 1237 1238
f 1236 1238 1239
f 1239 1238 1215
f 1239 1215 1214
f 1174 1181 1240
f 1240 1181 1241
f 1240 1241 1242
f 1242 1241 1243
f 1243 1241 1244
f 1243 1244 1245
f 1245 1244 1246
f 1246 1244 1216
f 1246 1216 1217
f 1221 1219 1247
f 1221 1247 1248
f 1248 1247 1249
f 1248 1249 1250
f 1249 1251 1250
f 1250 1251 1252
f 1250 1252 1253
f 1203 1207 1254
f 1254 1207 1253
f 1254 1253 1255
f 1255 1253 1252
f 1218 1220 1256
f 1256 1220 1257
f 1256 1257 1258
f 1258 1257 1259
f 1259 1257 1260
f 1259 1260 1261
f 1261 1260 1262
f 1262 1260 1184
f 1262 1184 1183
f 1263 1264 1265
f 1265 1266 1267
f 1267 1266 1268
f 1267 1268 1269
f 1270 1263 1271
f 1271 1263 1265
f 1271 1265 1272
f 1272 1265 1267
f 1273 1274 1275
f 1275 1274 1276
f 1275 1276 1277
f 1278 1279 1280
f 1280 1279 1281
f 1280 1281 1282
f 1283 1284 1285
f 1285 1284 1286
f 1285 1286 1287
f 1288 1289 1290
f 1290 1289 1291
f 1292 1293 1294
f 1278 1280 1295
f 1295 1280 1296
f 1295 1296 1293
f 1293 1296 1297
f 1293 1297 1294
f 1291 1289 1298
f 1298 1289 1299
f 1298 1299 1300
f 1301 1302 1303
f 1294 1304 1292
f 1292 1304 1305
f 1292 1305 1299
f 1299 1305 1306
f 1299 1306 1300
f 1307 1308 1289
f 1289 1308 1309
f 1289 1309 1299
f 1299 1309 1310
f 1299 1310 1311
f 1311 1310 1301
f 1311 1301 1312
f 1312 1301 1303
f 1313 1314 1315
f 1315 1314 1303
f 1315 1303 1316
f 1316 1303 1302
f 1317 1318 1319
f 1320 1321 1322
f 1273 1275 1323
f 1323 1275 1324
f 1323 1324 1321
f 1321 1324 1325
f 1321 1325 1322
f 1319 1318 1197
f 1318 1326 1197
f 1197 1326 1327
f 1197 1327 1328
f 1328 1327 1329
f 1330 1331 1332
f 1331 1330 1333
f 1195 1334 1197
f 1197 1334 1335
f 1197 1335 1319
f 1319 1335 1336
f 1319 1336 1337
f 1337 1336 1333
f 1337 1333 1338
f 1338 1333 1330
f 1322 1339 1320
f 1320 1339 1340
f 1320 1340 1319
f 1319 1340 1341
f 1319 1341 1317
f 1332 1342 1330
f 1330 1342 1343
f 1330 1343 1344
f 1345 1346 1347
f 1348 1349 1350
f 1351 1352 1353
f 1354 1355 1356
f 1350 1349 1347
f 1347 1349 1357
f 1347 1357 1345
f 1358 1359 1360
f 1361 1362 1347
f 1347 1362 1363
f 1347 1363 1350
f 1350 1363 1364
f 1350 1364 1365
f 1365 1364 1354
f 1365 1354 1366
f 1366 1354 1356
f 1360 1367 1358
f 1358 1367 1368
f 1358 1368 1350
f 1350 1368 1369
f 1350 1369 1348
f 1167 1351 1168
f 1168 1351 1353
f 1168 1353 1359
f 1359 1353 1370
f 1359 1370 1360
f 1371 1372 1373
f 1373 1372 1356
f 1373 1356 1374
f 1374 1356 1355
f 1375 1376 1377
f 1378 1379 1380
f 1381 1382 1383
f 1380 1379 1377
f 1377 1379 1384
f 1377 1384 1375
f 1283 1285 1385
f 1385 1285 1386
f 1385 1386 1387
f 1388 1389 1377
f 1377 1389 1390
f 1377 1390 1380
f 1380 1390 1391
f 1380 1391 1392
f 1392 1391 1381
f 1392 1381 1393
f 1393 1381 1383
f 1394 1395 1380
f 1380 1395 1396
f 1380 1396 1378
f 1386 1397 1387
f 1387 1397 1398
f 1387 1398 1394
f 1394 1398 1399
f 1394 1399 1395
f 1400 1401 1402
f 1402 1401 1383
f 1402 1383 1403
f 1403 1383 1382
f 1404 1405 1406
f 1406 1405 1407
f 1406 1407 1408
f 1409 1410 1411
f 1411 1410 1412
f 1411 1412 1413
f 1414 1415 1416
f 1416 1415 1417
f 1416 1417 1418
f 1419 1420 1302
f 1308 1307 1421
f 1421 1422 1308
f 1308 1422 1423
f 1308 1423 1309
f 1309 1423 1424
f 1309 1424 1310
f 1310 1424 1419
f 1310 1419 1301
f 1301 1419 1302
f 1425 1426 1331
f 1334 1195 1194
f 1194 1427 1334
f 1334 1427 1428
f 1334 1428 1335
f 1335 1428 1429
f 1335 1429 1336
f 1336 1429 1425
f 1336 1425 1333
f 1333 1425 1331
f 1430 1431 1432
f 1430 1432 1433
f 1433 1432 1434
f 1433 1434 1435
f 1436 1437 1434
f 1434 1437 1438
f 1434 1438 1435
f 1192 1191 1436
f 1436 1191 1439
f 1439 1440 1436
f 1436 1440 1441
f 1436 1441 1437
f 1442 1443 1431
f 1431 1443 1444
f 1431 1444 1432
f 1432 1444 1445
f 1432 1445 1446
f 1445 1447 1446
f 1446 1447 1448
f 1446 1448 1449
f 1449 1448 1450
f 1449 1450 1451
f 1452 1453 1450
f 1450 1453 1454
f 1450 1454 1451
f 1455 1456 1448
f 1443 1442 1457
f 1457 1458 1443
f 1443 1458 1459
f 1443 1459 1444
f 1444 1459 1460
f 1444 1460 1445
f 1445 1460 1455
f 1445 1455 1447
f 1447 1455 1448
f 1177 1461 1179
f 1179 1461 1462
f 1179 1462 1463
f 1463 1462 1464
f 1463 1464 1465
f 1466 1467 1468
f 1468 1467 1469
f 1468 1469 1463
f 1463 1469 1470
f 1463 1470 1179
f 1471 1472 1473
f 1473 1472 1474
f 1474 1475 1473
f 1473 1475 1476
f 1473 1476 1468
f 1468 1476 1477
f 1468 1477 1466
f 1478 1479 1480
f 1480 1479 1481
f 1480 1481 1482
f 1482 1481 1483
f 1482 1483 1484
f 1484 1483 1465
f 1484 1465 1485
f 1485 1465 1464
f 1486 1487 1484
f 1461 1177 1176
f 1176 1488 1461
f 1461 1488 1489
f 1461 1489 1462
f 1462 1489 1490
f 1462 1490 1464
f 1464 1490 1486
f 1464 1486 1485
f 1485 1486 1484
f 1491 1492 1355
f 1355 1354 1491
f 1491 1354 1364
f 1491 1364 1493
f 1363 1494 1364
f 1364 1494 1495
f 1364 1495 1493
f 1361 1496 1362
f 1362 1496 1497
f 1362 1497 1363
f 1363 1497 1498
f 1363 1498 1494
f 1499 1500 1382
f 1389 1388 1501
f 1501 1502 1389
f 1389 1502 1503
f 1389 1503 1390
f 1390 1503 1504
f 1390 1504 1391
f 1391 1504 1499
f 1391 1499 1381
f 1381 1499 1382
f 1505 1506 1507
f 1507 1506 1508
f 1507 1508 1509
f 1509 1508 1510
f 1509 1510 1511
f 1511 1510 1512
f 1511 1512 1513
f 1513 1512 1514
f 1515 1516 1517
f 1517 1516 1518
f 1517 1518 1519
f 1519 1518 1520
f 1519 1520 1521
f 1521 1520 1522
f 1521 1522 1523
f 1523 1522 1524
f 1525 1526 1527
f 1527 1526 1528
f 1527 1528 1529
f 1529 1528 1530
f 1529 1530 1531
f 1531 1530 1532
f 1531 1532 1533
f 1533 1532 1534
f 1151 1535 1139
f 1139 1535 1536
f 1537 1538 1539
f 1539 1538 1536
f 1539 1536 1540
f 1540 1536 1535
f 1541 1542 1543
f 1543 1542 1538
f 1543 1538 1544
f 1544 1538 1537
f 1541 1545 1542
f 1542 1545 1546
f 1542 1546 1547
f 1548 1549 1550
f 1550 1549 1547
f 1550 1547 1551
f 1551 1547 1546
f 1548 1552 1549
f 1549 1552 1553
f 1549 1553 1554
f 1553 1555 1554
f 1554 1555 1556
f 1554 1556 1557
f 1556 1558 1557
f 1557 1558 1559
f 1557 1559 1560
f 1561 1562 1563
f 1563 1562 1560
f 1563 1560 1564
f 1564 1560 1559
f 1561 1565 1562
f 1562 1565 1566
f 1562 1566 1567
f 1568 1569 1570
f 1570 1569 1567
f 1570 1567 1571
f 1571 1567 1566
f 1572 1573 1574
f 1574 1573 1569
f 1574 1569 1575
f 1575 1569 1568
f 1572 1576 1573
f 1573 1576 1577
f 1573 1577 1578
f 1137 1128 1579
f 1579 1128 1578
f 1579 1578 1580
f 1580 1578 1577
f 1581 1582 1583
f 1583 1584 1581
f 1581 1584 1585
f 1581 1585 1586
f 1587 1492 1588
f 1588 1492 1491
f 1589 1590 1491
f 1491 1590 1591
f 1491 1591 1588
f 1491 1493 1589
f 1589 1493 1495
f 1589 1495 1592
f 1592 1495 1494
f 1592 1494 1593
f 1593 1494 1498
f 1593 1498 1594
f 1594 1498 1497
f 1594 1497 1582
f 1582 1497 1496
f 1582 1496 1583
f 1595 1178 1596
f 1596 1178 1597
f 1596 1597 1598
f 1599 1487 1600
f 1600 1487 1486
f 1600 1486 1601
f 1601 1486 1602
f 1602 1486 1490
f 1602 1490 1603
f 1603 1490 1604
f 1604 1490 1489
f 1604 1489 1605
f 1605 1489 1606
f 1606 1489 1488
f 1606 1488 1595
f 1595 1488 1176
f 1595 1176 1178
f 1607 1608 1609
f 1609 1608 1610
f 1610 1608 1611
f 1610 1611 1612
f 1613 1456 1614
f 1614 1456 1455
f 1614 1455 1615
f 1615 1455 1616
f 1616 1455 1460
f 1616 1460 1617
f 1617 1460 1618
f 1618 1460 1459
f 1618 1459 1619
f 1619 1459 1620
f 1620 1459 1458
f 1620 1458 1609
f 1609 1458 1457
f 1609 1457 1607
f 1196 1621 1622
f 1622 1621 1623
f 1623 1621 1624
f 1623 1624 1625
f 1626 1426 1627
f 1627 1426 1425
f 1627 1425 1628
f 1628 1425 1629
f 1629 1425 1429
f 1629 1429 1630
f 1630 1429 1631
f 1631 1429 1428
f 1631 1428 1632
f 1632 1428 1633
f 1633 1428 1427
f 1633 1427 1622
f 1622 1427 1194
f 1622 1194 1196
f 1634 1635 1636
f 1636 1635 1637
f 1636 1637 1638
f 1639 1420 1640
f 1640 1420 1419
f 1640 1419 1641
f 1641 1419 1642
f 1642 1419 1424
f 1642 1424 1643
f 1643 1424 1644
f 1644 1424 1423
f 1644 1423 1645
f 1645 1423 1646
f 1646 1423 1422
f 1646 1422 1634
f 1634 1422 1421
f 1634 1421 1635
f 1647 1648 1649
f 1649 1648 1650
f 1650 1648 1651
f 1650 1651 1652
f 1653 1500 1654
f 1654 1500 1499
f 1654 1499 1655
f 1655 1499 1656
f 1656 1499 1504
f 1656 1504 1657
f 1657 1504 1658
f 1658 1504 1503
f 1658 1503 1659
f 1659 1503 1660
f 1660 1503 1502
f 1660 1502 1649
f 1649 1502 1501
f 1649 1501 1647
f 1661 1662 1663
f 1664 1665 1666
f 1666 1665 1667
f 1666 1667 1668
f 1668 1667 1669
f 1669 1670 1668
f 1668 1670 1671
f 1668 1671 1672
f 1672 1671 1673
f 1672 1673 1674
f 1674 1673 1675
f 1674 1675 1676
f 1676 1675 1677
f 1676 1677 1678
f 1677 1679 1678
f 1678 1679 1680
f 1678 1680 1681
f 1681 1680 1682
f 1683 1684 1685
f 1685 1684 1686
f 1685 1686 1687
f 1688 1689 1690
f 1690 1689 1691
f 1690 1691 1692
f 1692 1691 1693
f 1692 1693 1694
f 1694 1695 1692
f 1692 1695 1696
f 1692 1696 1681
f 1681 1696 1697
f 1681 1697 1678
f 1694 1698 1695
f 1695 1698 1699
f 1695 1699 1700
f 1700 1699 1701
f 1700 1701 1683
f 1683 1701 1702
f 1683 1702 1684
f 1703 1704 1705
f 1705 1704 1685
f 1705 1685 1690
f 1690 1685 1687
f 1690 1687 1688
f 1706 1707 1705
f 1705 1707 1708
f 1705 1708 1703
f 1709 1710 1711
f 1711 1710 1712
f 1711 1712 1713
f 1713 1712 1707
f 1713 1707 1714
f 1714 1707 1706
f 1709 1711 1715
f 1715 1711 1716
f 1715 1716 1717
f 1718 1719 1663
f 1663 1719 1720
f 1663 1720 1716
f 1716 1720 1721
f 1716 1721 1717
f 1722 1723 1724
f 1724 1723 1725
f 1718 1663 1723
f 1723 1663 1662
f 1723 1662 1725
f 1726 1727 1728
f 1728 1727 1729
f 1728 1729 1724
f 1724 1729 1730
f 1724 1730 1722
f 1726 1731 1727
f 1727 1731 1732
f 1727 1732 1733
f 1732 1734 1733
f 1733 1734 1735
f 1733 1735 1736
f 1736 1735 1737
f 1736 1737 1738
f 1738 1737 1739
f 1738 1739 1740
f 1740 1741 1742
f 1741 1743 1742
f 1742 1743 1744
f 1742 1744 1728
f 1728 1744 1745
f 1728 1745 1726
f 1740 1742 1738
f 1738 1742 1746
f 1738 1746 1747
f 1748 1749 1746
f 1749 1750 1746
f 1746 1750 1751
f 1746 1751 1747
f 1752 1753 1668
f 1754 1755 1756
f 1749 1757 1750
f 1750 1757 1758
f 1750 1758 1759
f 1759 1758 1760
f 1759 1760 1761
f 1761 1760 1762
f 1761 1762 1672
f 1672 1762 1763
f 1672 1763 1668
f 1668 1763 1764
f 1668 1764 1752
f 1754 1756 1753
f 1765 1766 1767
f 1767 1766 1768
f 1769 1770 1716
f 1716 1770 1771
f 1716 1771 1663
f 1663 1771 1772
f 1663 1772 1661
f 1768 1773 1774
f 1774 1773 1775
f 1774 1775 1769
f 1769 1716 1774
f 1774 1716 1776
f 1774 1776 1777
f 1713 1778 1711
f 1711 1778 1779
f 1711 1779 1716
f 1716 1779 1780
f 1716 1780 1776
f 1777 1781 1774
f 1774 1781 1782
f 1774 1782 1783
f 1783 1782 1784
f 1783 1784 1785
f 1786 1787 1756
f 1753 1756 1668
f 1668 1756 1787
f 1668 1787 1788
f 1789 1790 1791
f 1792 1793 1794
f 1794 1793 1795
f 1794 1795 1756
f 1756 1795 1796
f 1756 1796 1786
f 1790 1797 1791
f 1791 1797 1798
f 1791 1798 1794
f 1794 1798 1799
f 1794 1799 1792
f 1774 1800 1801
f 1768 1774 1767
f 1767 1774 1801
f 1767 1801 1802
f 1802 1803 1767
f 1767 1803 1804
f 1767 1804 1791
f 1791 1804 1805
f 1791 1805 1789
f 1806 1807 1783
f 1783 1807 1774
f 1774 1807 1808
f 1774 1808 1800
f 1809 1810 1811
f 1811 1810 1812
f 1811 1812 1783
f 1783 1812 1813
f 1783 1813 1806
f 1814 1815 1816
f 1816 1817 1814
f 1814 1817 1818
f 1814 1818 1811
f 1811 1818 1819
f 1811 1819 1809
f 1820 1666 1821
f 1821 1666 1668
f 1821 1668 1822
f 1822 1668 1788
f 1820 1823 1666
f 1666 1823 1824
f 1666 1824 1814
f 1814 1824 1825
f 1814 1825 1815
f 1725 1765 1724
f 1724 1765 1767
f 1724 1767 1728
f 1728 1767 1791
f 1728 1791 1742
f 1742 1791 1794
f 1742 1794 1746
f 1746 1794 1756
f 1746 1756 1748
f 1748 1756 1755
f 1785 1706 1783
f 1783 1706 1705
f 1783 1705 1811
f 1811 1705 1690
f 1811 1690 1814
f 1814 1690 1692
f 1814 1692 1666
f 1666 1692 1681
f 1666 1681 1664
f 1664 1681 1682
f 1768 1826 1773
f 1773 1826 1827
f 1773 1827 1775
f 1775 1827 1828
f 1775 1828 1769
f 1769 1828 1829
f 1769 1829 1770
f 1770 1829 1830
f 1770 1830 1771
f 1771 1830 1831
f 1771 1831 1772
f 1772 1831 1832
f 1772 1832 1661
f 1661 1832 1833
f 1661 1833 1662
f 1662 1833 1834
f 1662 1834 1725
f 1725 1834 1835
f 1725 1835 1765
f 1765 1835 1836
f 1765 1836 1766
f 1766 1836 1837
f 1766 1837 1768
f 1768 1837 1826
f 1784 1838 1785
f 1785 1838 1839
f 1785 1839 1706
f 1706 1839 1840
f 1706 1840 1714
f 1714 1840 1841
f 1714 1841 1713
f 1713 1841 1842
f 1713 1842 1778
f 1778 1842 1843
f 1778 1843 1779
f 1779 1843 1844
f 1779 1844 1780
f 1780 1844 1845
f 1780 1845 1776
f 1776 1845 1846
f 1776 1846 1777
f 1777 1846 1847
f 1777 1847 1781
f 1781 1847 1848
f 1781 1848 1782
f 1782 1848 1849
f 1782 1849 1784
f 1784 1849 1838
f 1698 1850 1699
f 1699 1850 1851
f 1699 1851 1701
f 1701 1851 1852
f 1701 1852 1702
f 1702 1852 1853
f 1702 1853 1684
f 1684 1853 1854
f 1684 1854 1686
f 1686 1854 1855
f 1686 1855 1687
f 1687 1855 1856
f 1687 1856 1688
f 1688 1856 1857
f 1688 1857 1689
f 1689 1857 1858
f 1689 1858 1691
f 1691 1858 1859
f 1691 1859 1693
f 1693 1859 1860
f 1693 1860 1694
f 1694 1860 1861
f 1694 1861 1698
f 1698 1861 1850
f 1677 1862 1679
f 1679 1862 1863
f 1679 1863 1680
f 1680 1863 1864
f 1680 1864 1682
f 1682 1864 1865
f 1682 1865 1664
f 1664 1865 1866
f 1664 1866 1665
f 1665 1866 1867
f 1665 1867 1667
f 1667 1867 1868
f 1667 1868 1669
f 1669 1868 1869
f 1669 1869 1670
f 1670 1869 1870
f 1670 1870 1671
f 1671 1870 1871
f 1671 1871 1673
f 1673 1871 1872
f 1673 1872 1675
f 1675 1872 1873
f 1675 1873 1677
f 1677 1873 1862
f 1760 1874 1762
f 1762 1874 1875
f 1762 1875 1763
f 1763 1875 1876
f 1763 1876 1764
f 1764 1876 1877
f 1764 1877 1752
f 1752 1877 1878
f 1752 1878 1753
f 1753 1878 1879
f 1753 1879 1754
f 1754 1879 1880
f 1754 1880 1755
f 1755 1880 1881
f 1755 1881 1748
f 1748 1881 1882
f 1748 1882 1749
f 1749 1882 1883
f 1749 1883 1757
f 1757 1883 1884
f 1757 1884 1758
f 1758 1884 1885
f 1758 1885 1760
f 1760 1885 1874
f 1740 1886 1741
f 1741 1886 1887
f 1741 1887 1743
f 1743 1887 1888
f 1743 1888 1744
f 1744 1888 1889
f 1744 1889 1745
f 1745 1889 1890
f 1745 1890 1726
f 1726 1890 1891
f 1726 1891 1731
f 1731 1891 1892
f 1731 1892 1732
f 1732 1892 1893
f 1732 1893 1734
f 1734 1893 1894
f 1734 1894 1735
f 1735 1894 1895
f 1735 1895 1737
f 1737 1895 1896
f 1737 1896 1739
f 1739 1896 1897
f 1739 1897 1740
f 1740 1897 1886
f 1898 1899 1900
f 1901 1902 1903
f 1903 1902 1904
f 1905 1850 1906
f 1906 1850 1861
f 1902 1907 1860
f 1860 1907 1908
f 1860 1908 1861
f 1861 1908 1909
f 1861 1909 1906
f 1860 1859 1902
f 1902 1859 1858
f 1902 1858 1904
f 1904 1858 1857
f 1904 1857 1856
f 1910 1853 1852
f 1851 1911 1852
f 1852 1911 1912
f 1852 1912 1910
f 1905 1913 1850
f 1850 1913 1914
f 1850 1914 1851
f 1851 1914 1915
f 1851 1915 1911
f 1855 1916 1856
f 1856 1916 1917
f 1856 1917 1904
f 1854 1918 1855
f 1855 1918 1919
f 1855 1919 1916
f 1910 1920 1853
f 1853 1920 1921
f 1853 1921 1922
f 1922 1923 1853
f 1853 1923 1924
f 1853 1924 1925
f 1926 1927 1853
f 1853 1927 1928
f 1853 1928 1854
f 1854 1928 1929
f 1854 1929 1918
f 1925 1930 1853
f 1853 1930 1931
f 1853 1931 1926
f 1932 1933 1934
f 1934 1933 1935
f 1934 1935 1936
f 1936 1935 1937
f 1936 1937 1938
f 1938 1937 1939
f 1938 1939 1940
f 1901 1941 1902
f 1902 1941 1942
f 1902 1942 1943
f 1943 1942 1944
f 1943 1944 1945
f 1945 1944 1946
f 1945 1946 1947
f 1947 1946 1938
f 1947 1938 1948
f 1948 1938 1940
f 1949 1950 1951
f 1951 1950 1952
f 1952 1953 1951
f 1951 1953 1954
f 1951 1954 1955
f 1955 1954 1956
f 1955 1956 1939
f 1939 1956 1957
f 1939 1957 1940
f 1958 1959 1873
f 1873 1959 1862
f 1958 1873 1960
f 1960 1873 1872
f 1960 1872 1961
f 1871 1962 1872
f 1872 1962 1963
f 1872 1963 1961
f 1951 1964 1870
f 1870 1964 1965
f 1870 1965 1871
f 1871 1965 1966
f 1871 1966 1962
f 1959 1967 1862
f 1862 1967 1968
f 1862 1968 1863
f 1863 1968 1969
f 1863 1969 1970
f 1870 1869 1951
f 1951 1869 1868
f 1951 1868 1949
f 1949 1868 1867
f 1949 1867 1866
f 1865 1864 1971
f 1863 1972 1973
f 1974 1975 1863
f 1863 1975 1976
f 1863 1976 1864
f 1864 1976 1977
f 1864 1977 1971
f 1971 1978 1865
f 1865 1978 1979
f 1865 1979 1866
f 1866 1979 1980
f 1866 1980 1949
f 1970 1981 1863
f 1863 1981 1982
f 1863 1982 1972
f 1973 1983 1863
f 1863 1983 1984
f 1863 1984 1974
f 1985 1986 1987
f 1987 1986 1988
f 1987 1988 1933
f 1933 1988 1935
f 1935 1988 1989
f 1935 1989 1990
f 1991 1992 1993
f 1993 1992 1994
f 1994 1992 1995
f 1994 1995 1990
f 1990 1995 1996
f 1990 1996 1935
f 1997 1998 1999
f 1996 2000 1935
f 1935 2000 1997
f 1935 1997 2001
f 2001 1997 1999
f 2002 2003 2004
f 2004 2003 2005
f 2002 2006 2003
f 2003 2006 2007
f 2003 2007 1998
f 1998 2007 2008
f 1998 2008 1999
f 2003 2009 1880
f 1880 2009 2010
f 1880 2010 1881
f 1875 1874 2011
f 1884 2012 2013
f 1884 2013 1885
f 1885 2013 2014
f 1885 2014 2015
f 2012 1884 2016
f 2016 1884 1883
f 2016 1883 2017
f 2010 2018 1881
f 1881 2018 2019
f 1881 2019 1882
f 1880 1879 2003
f 2003 1879 1878
f 2003 1878 2005
f 2005 1878 1877
f 2005 1877 1876
f 2011 2020 1875
f 1875 2020 2021
f 1875 2021 1876
f 1876 2021 2022
f 1876 2022 2005
f 1885 2023 2024
f 2025 2026 1885
f 1885 2026 2027
f 1885 2027 1874
f 1874 2027 2028
f 1874 2028 2011
f 2015 2029 1885
f 1885 2029 2030
f 1885 2030 2023
f 2019 2031 1882
f 1882 2031 2032
f 1882 2032 1883
f 1883 2032 2033
f 1883 2033 2017
f 2024 2034 1885
f 1885 2034 2035
f 1885 2035 2025
f 2036 1891 1890
f 2037 2038 1897
f 1897 2038 2039
f 1897 2039 1886
f 1886 2039 2040
f 1886 2040 1887
f 2040 2041 1887
f 1887 2041 2042
f 1887 2042 1888
f 1888 2042 2043
f 1888 2043 1889
f 1993 2044 1991
f 1991 2044 2036
f 1991 2036 2043
f 2043 2036 1890
f 2043 1890 1889
f 1897 1896 2037
f 2037 1896 1895
f 2037 1895 2045
f 2045 1895 1894
f 2045 1894 2046
f 2046 1894 1893
f 2046 1893 2047
f 2047 1893 1892
f 2047 1892 2048
f 2049 2050 1892
f 1891 2036 1892
f 1892 2036 2051
f 1892 2051 2049
f 2050 2052 1892
f 1892 2052 2053
f 1892 2053 2048
f 2054 2055 2045
f 2045 2055 2056
f 2045 2056 2037
f 2057 2058 2059
f 2059 2058 2060
f 2059 2060 2061
f 2061 2060 2062
f 2063 2057 2064
f 2064 2057 2059
f 2064 2059 2065
f 2065 2059 2055
f 2065 2055 2066
f 2066 2055 2054
f 1837 2067 1826
f 1826 2067 2068
f 1826 2068 1827
f 1830 1829 2069
f 2069 1829 1828
f 2069 1828 2070
f 2070 1828 1827
f 2070 1827 1985
f 1985 1827 2068
f 1985 2068 1986
f 2069 1898 1830
f 1830 1898 1900
f 1830 1900 1831
f 1831 1900 2071
f 1831 2071 1832
f 1832 2071 2072
f 1832 2072 1833
f 1835 2073 1836
f 1836 2073 2074
f 1836 2074 1837
f 1837 2074 2075
f 1837 2075 2067
f 2072 2076 1833
f 1833 2076 2077
f 1833 2077 1834
f 1834 2077 2078
f 1834 2078 1835
f 1835 2078 2079
f 1835 2079 2073
f 2080 2081 2071
f 2071 2081 2082
f 2071 2082 2072
f 2072 2082 2083
f 2072 2083 2084
f 2085 2086 2087
f 2087 2086 2072
f 2087 2072 2088
f 2088 2072 2089
f 2089 2072 2084
f 2089 2084 2090
f 1838 2091 2092
f 2092 2091 2093
f 2092 2093 2094
f 2094 2093 2095
f 2094 2095 1932
f 1932 2095 2096
f 1932 2096 1933
f 1838 1849 2091
f 2091 1849 1848
f 2091 1848 2097
f 2097 1848 1847
f 1846 2098 1847
f 1847 2098 2099
f 1847 2099 2097
f 1840 1839 2100
f 2092 2101 1838
f 1838 2101 2102
f 1838 2102 1839
f 1839 2102 2103
f 1839 2103 2100
f 2104 2105 1841
f 1841 2105 1842
f 2105 2106 1842
f 1842 2106 2107
f 1842 2107 1843
f 1843 2107 2108
f 1843 2108 1844
f 1844 2108 2109
f 1844 2109 1845
f 1845 2109 2110
f 1845 2110 1846
f 1846 2110 2111
f 1846 2111 2098
f 2100 2112 1840
f 1840 2112 2113
f 1840 2113 1841
f 1841 2113 2114
f 1841 2114 2104
f 2115 2116 2117
f 2118 2119 2120
f 2120 2119 2121
f 2120 2121 2122
f 2122 2121 2123
f 2124 2118 2125
f 2125 2118 2120
f 2125 2120 2108
f 2108 2120 2126
f 2108 2126 2109
f 2109 2126 2127
f 2109 2127 2117
f 2117 2127 2128
f 2117 2128 2115
f 930 929 2129
f 2129 929 2130
f 2131 2132 1653
f 1653 2132 1500
f 952 951 2133
f 2133 951 2134
f 2135 2136 1639
f 1639 2136 1420
f 847 846 2137
f 2137 846 2138
f 2139 2140 1626
f 1626 2140 1426
f 867 866 2141
f 2141 866 2142
f 2143 2144 1613
f 1613 2144 1456
f 887 886 2145
f 2145 886 2146
f 2147 2148 1599
f 1599 2148 1487
f 906 905 2149
f 2149 905 2150
f 2151 2152 1587
f 1587 2152 1492
f 2151 2153 2152
f 2152 2153 2154
f 2153 2155 2154
f 2154 2155 2156
f 2154 2156 2157
f 2156 2158 2157
f 2157 2158 2159
f 2157 2159 2160
f 2149 2150 2161
f 2161 2150 2160
f 2161 2160 2162
f 2162 2160 2159
f 2147 2163 2148
f 2148 2163 2164
f 2163 2165 2164
f 2164 2165 2166
f 2164 2166 2167
f 2166 2168 2167
f 2167 2168 2169
f 2167 2169 2170
f 2145 2146 2171
f 2171 2146 2170
f 2171 2170 2172
f 2172 2170 2169
f 2143 2173 2144
f 2144 2173 2174
f 2173 2175 2174
f 2174 2175 2176
f 2174 2176 2177
f 2176 2178 2177
f 2177 2178 2179
f 2177 2179 2180
f 2141 2142 2181
f 2181 2142 2180
f 2181 2180 2182
f 2182 2180 2179
f 2139 2183 2140
f 2140 2183 2184
f 2183 2185 2184
f 2184 2185 2186
f 2184 2186 2187
f 2186 2188 2187
f 2187 2188 2189
f 2187 2189 2190
f 2137 2138 2191
f 2191 2138 2190
f 2191 2190 2192
f 2192 2190 2189
f 2135 2193 2136
f 2136 2193 2194
f 2193 2195 2194
f 2194 2195 2196
f 2194 2196 2197
f 2196 2198 2197
f 2197 2198 2199
f 2197 2199 2200
f 2133 2134 2201
f 2201 2134 2200
f 2201 2200 2202
f 2202 2200 2199
f 2131 2203 2132
f 2132 2203 2204
f 2203 2205 2204
f 2204 2205 2206
f 2204 2206 2207
f 2206 2208 2207
f 2207 2208 2209
f 2207 2209 2210
f 2129 2130 2211
f 2211 2130 2210
f 2211 2210 2212
f 2212 2210 2209
f 1331 1426 1332
f 1332 1426 2140
f 1446 1449 866
f 852 851 1192
f 866 865 1446
f 1446 865 860
f 1446 860 1432
f 1432 860 859
f 1432 859 1434
f 1434 859 852
f 1434 852 1436
f 1436 852 1192
f 1332 2140 1342
f 1342 2140 2184
f 1342 2184 1343
f 1343 2184 2187
f 1343 2187 1344
f 1344 2187 2190
f 1344 2190 1330
f 1330 2190 2138
f 1451 2142 1449
f 1449 2142 866
f 846 1338 2138
f 2138 1338 1330
f 1450 2144 1452
f 1452 2144 2174
f 1452 2174 1453
f 1453 2174 2177
f 1453 2177 1454
f 1454 2177 2180
f 1454 2180 1451
f 1451 2180 2142
f 1337 1338 846
f 832 831 1323
f 846 845 1337
f 1337 845 840
f 1337 840 1319
f 1319 840 839
f 1319 839 1320
f 1320 839 832
f 1320 832 1321
f 1321 832 1323
f 1448 1456 1450
f 1450 1456 2144
f 2136 1316 1420
f 1420 1316 1302
f 1465 1483 886
f 872 871 1471
f 886 885 1465
f 1465 885 880
f 1465 880 1463
f 1463 880 879
f 1463 879 1468
f 1468 879 872
f 1468 872 1473
f 1473 872 1471
f 1316 2136 1315
f 1315 2136 2194
f 1315 2194 1313
f 1313 2194 2197
f 1313 2197 1314
f 1314 2197 2200
f 1314 2200 1303
f 1303 2200 2134
f 1481 2146 1483
f 1483 2146 886
f 951 1312 2134
f 2134 1312 1303
f 1482 2148 1480
f 1480 2148 2164
f 1480 2164 1478
f 1478 2164 2167
f 1478 2167 1479
f 1479 2167 2170
f 1479 2170 1481
f 1481 2170 2146
f 1311 1312 951
f 933 1295 934
f 934 1295 1293
f 934 1293 942
f 942 1293 1292
f 951 949 1311
f 1311 949 947
f 1311 947 1299
f 1299 947 946
f 1299 946 1292
f 1292 946 944
f 1292 944 942
f 1484 1487 1482
f 1482 1487 2148
f 2132 1403 1500
f 1500 1403 1382
f 1365 1366 905
f 893 892 1168
f 905 904 1365
f 1365 904 899
f 1365 899 1350
f 1350 899 898
f 1350 898 1358
f 1358 898 893
f 1358 893 1359
f 1359 893 1168
f 1403 2132 1402
f 1402 2132 2204
f 1402 2204 1400
f 1400 2204 2207
f 1400 2207 1401
f 1401 2207 2210
f 1401 2210 1383
f 1383 2210 2130
f 1356 2150 1366
f 1366 2150 905
f 929 1393 2130
f 2130 1393 1383
f 1374 2152 1373
f 1373 2152 2154
f 1373 2154 1371
f 1371 2154 2157
f 1371 2157 1372
f 1372 2157 2160
f 1372 2160 1356
f 1356 2160 2150
f 1392 1393 929
f 911 1385 912
f 912 1385 1387
f 912 1387 920
f 920 1387 1394
f 929 927 1392
f 1392 927 925
f 1392 925 1380
f 1380 925 924
f 1380 924 1394
f 1394 924 922
f 1394 922 920
f 1355 1492 1374
f 1374 1492 2152
f 572 571 1525
f 1525 571 2213
f 1525 2213 1526
f 1526 2213 2214
f 1514 2215 1513
f 1513 2215 2216
f 1513 2216 561
f 561 2216 559
f 1534 2217 1533
f 1533 2217 2218
f 1533 2218 578
f 578 2218 579
f 585 584 1515
f 1515 584 2219
f 1515 2219 1516
f 1516 2219 2220
f 1524 2221 1523
f 1523 2221 2222
f 1523 2222 590
f 590 2222 591
f 597 596 1505
f 1505 596 2223
f 1505 2223 1506
f 1506 2223 2224
f 2225 1279 2226
f 2226 1279 1278
f 933 932 1295
f 1295 932 2227
f 1295 2227 1278
f 1278 2227 2228
f 1278 2228 2226
f 2229 1647 1501
f 2230 2231 1377
f 1377 2231 2232
f 2232 2233 1377
f 1377 2233 2229
f 1377 2229 1388
f 1388 2229 1501
f 2234 1284 2235
f 2235 1284 1283
f 911 910 1385
f 1385 910 2236
f 1385 2236 1283
f 1283 2236 2237
f 1283 2237 2235
f 2238 1583 1496
f 2239 2240 1347
f 1347 2240 2241
f 2241 2242 1347
f 1347 2242 2238
f 1347 2238 1361
f 1361 2238 1496
f 2243 2244 2245
f 2245 2244 2246
f 2245 2246 2247
f 2248 2249 2250
f 2250 2249 2251
f 2250 2251 2252
f 2253 1266 1265
f 1263 1270 2254
f 2254 2255 1263
f 1263 2255 2256
f 1263 2256 2257
f 1472 1471 871
f 871 873 1472
f 1472 873 1263
f 1472 1263 2258
f 2258 1263 2257
f 2259 1269 2260
f 2260 1269 1268
f 2260 1268 2261
f 1457 1442 1607
f 1607 1442 1431
f 1607 1431 1268
f 1268 1431 2262
f 1268 2262 2261
f 1264 2263 1265
f 2264 2265 2266
f 2266 2265 2267
f 2266 2267 2268
f 2269 1274 2270
f 2270 1274 1273
f 831 833 1323
f 1323 833 2271
f 1323 2271 1273
f 1273 2271 2272
f 1273 2272 2270
f 2273 1635 1421
f 2274 2275 1289
f 1289 2275 2276
f 2276 2277 1289
f 1289 2277 2273
f 1289 2273 1307
f 1307 2273 1421
f 2278 2279 2280
f 2280 2279 2281
f 2282 2283 2284
f 2284 2283 2285
f 2286 2287 1288
f 1288 2287 2274
f 1288 2274 1289
f 2288 2289 1346
f 1346 2289 2239
f 1346 2239 1347
f 2290 2291 1376
f 1376 2291 2230
f 1376 2230 1377
f 2292 2293 2294
f 2294 2293 2295
f 2296 2297 2298
f 2298 2297 2299
f 2300 2301 2302
f 2302 2301 2303
f 2304 2305 2306
f 2306 2305 2307
f 2308 2309 2310
f 2310 2309 2311
f 2312 2313 2314
f 2314 2313 2315
f 1415 2314 1417
f 1417 2314 2315
f 1405 2306 1407
f 1407 2306 2307
f 2297 2296 1410
f 1410 2296 1412
f 2283 2282 2266
f 2266 2282 2264
f 2280 2281 2245
f 2245 2281 2243
f 2216 2215 2316
f 2216 2316 2317
f 2317 2316 2318
f 2317 2318 2319
f 2319 2318 2320
f 2320 2318 2289
f 2320 2289 2288
f 1346 1345 2288
f 2288 1345 2321
f 2288 2321 2320
f 2320 2321 2322
f 2320 2322 2319
f 2319 2322 2323
f 2319 2323 2317
f 559 2216 2324
f 2324 2216 2317
f 2324 2317 2325
f 2325 2317 2323
f 2322 2321 2326
f 2327 2328 2329
f 2330 563 564
f 2330 564 2331
f 2331 564 560
f 2331 560 2332
f 541 563 2333
f 2333 563 2330
f 2333 2330 2334
f 2334 2330 2328
f 560 559 2332
f 2332 559 2324
f 2332 2324 2325
f 2328 2330 2329
f 2329 2330 2331
f 2329 2331 2335
f 2335 2331 2332
f 2335 2332 2336
f 2336 2332 2325
f 2336 2325 2323
f 1369 2337 2338
f 2338 2337 2327
f 2327 2329 2338
f 2338 2329 2335
f 2338 2335 2339
f 2339 2335 2336
f 2339 2336 2326
f 2326 2336 2323
f 2326 2323 2322
f 1369 2338 1348
f 1348 2338 2339
f 1348 2339 1349
f 1349 2339 2326
f 1349 2326 1357
f 1357 2326 2321
f 1357 2321 1345
f 1369 1368 2337
f 2337 1368 2340
f 2337 2340 2327
f 2327 2340 2341
f 2327 2341 2328
f 2328 2341 2342
f 2328 2342 2334
f 2334 2342 2343
f 2334 2343 2333
f 2333 2343 2344
f 2333 2344 541
f 541 2344 542
f 2341 2340 2345
f 2346 2347 2348
f 2349 555 557
f 2349 557 2350
f 2350 557 558
f 2350 558 2351
f 553 555 2352
f 2352 555 2349
f 2352 2349 2353
f 2353 2349 2347
f 558 542 2351
f 2351 542 2344
f 2351 2344 2343
f 2347 2349 2348
f 2348 2349 2350
f 2348 2350 2354
f 2354 2350 2351
f 2354 2351 2355
f 2355 2351 2343
f 2355 2343 2342
f 1353 2356 2357
f 2357 2356 2346
f 2346 2348 2357
f 2357 2348 2354
f 2357 2354 2358
f 2358 2354 2355
f 2358 2355 2345
f 2345 2355 2342
f 2345 2342 2341
f 1353 2357 1370
f 1370 2357 2358
f 1370 2358 1360
f 1360 2358 2345
f 1360 2345 1367
f 1367 2345 2340
f 1367 2340 1368
f 1140 553 2359
f 2359 553 2352
f 2359 2352 2360
f 2352 2353 2360
f 2360 2353 2347
f 2360 2347 2361
f 2361 2347 2346
f 2361 2346 2362
f 2362 2346 2356
f 2362 2356 1352
f 1352 2356 1353
f 1329 1327 2363
f 2363 1327 2364
f 2363 2364 2365
f 2365 2364 2366
f 2365 2366 2367
f 2367 2366 2368
f 2367 2368 2369
f 2369 2368 2370
f 2369 2370 2371
f 2371 2370 2372
f 2371 2372 1127
f 1127 2372 565
f 2366 2364 2373
f 2374 2375 2376
f 2377 569 570
f 2377 570 2378
f 2378 570 566
f 2378 566 2379
f 537 569 2380
f 2380 569 2377
f 2380 2377 2381
f 2381 2377 2375
f 566 565 2379
f 2379 565 2372
f 2379 2372 2370
f 2375 2377 2376
f 2376 2377 2378
f 2376 2378 2382
f 2382 2378 2379
f 2382 2379 2383
f 2383 2379 2370
f 2383 2370 2368
f 1341 2384 2385
f 2385 2384 2374
f 2374 2376 2385
f 2385 2376 2382
f 2385 2382 2386
f 2386 2382 2383
f 2386 2383 2373
f 2373 2383 2368
f 2373 2368 2366
f 1341 2385 1317
f 1317 2385 2386
f 1317 2386 1318
f 1318 2386 2373
f 1318 2373 1326
f 1326 2373 2364
f 1326 2364 1327
f 538 537 2387
f 2387 537 2380
f 2387 2380 2388
f 2388 2380 2381
f 2388 2381 2389
f 2389 2381 2375
f 2389 2375 2390
f 2390 2375 2374
f 2390 2374 2391
f 2391 2374 2384
f 2391 2384 1340
f 1340 2384 1341
f 2390 2391 2392
f 2393 2394 2395
f 2396 573 575
f 2396 575 2397
f 2397 575 576
f 2397 576 2398
f 571 573 2399
f 2399 573 2396
f 2399 2396 2400
f 2400 2396 2394
f 576 538 2398
f 2398 538 2387
f 2398 2387 2388
f 2394 2396 2395
f 2395 2396 2397
f 2395 2397 2401
f 2401 2397 2398
f 2401 2398 2402
f 2402 2398 2388
f 2402 2388 2389
f 1324 2403 2404
f 2404 2403 2393
f 2393 2395 2404
f 2404 2395 2401
f 2404 2401 2405
f 2405 2401 2402
f 2405 2402 2392
f 2392 2402 2389
f 2392 2389 2390
f 1324 2404 1325
f 1325 2404 2405
f 1325 2405 1322
f 1322 2405 2392
f 1322 2392 1339
f 1339 2392 2391
f 1339 2391 1340
f 1277 1276 2406
f 2406 1276 2407
f 2406 2407 2408
f 2408 2407 2409
f 2408 2409 2410
f 2410 2409 2214
f 2410 2214 2213
f 2410 2213 571
f 571 2399 2410
f 2410 2399 2400
f 2410 2400 2408
f 2408 2400 2394
f 2408 2394 2406
f 2394 2393 2406
f 2406 2393 2403
f 2406 2403 1277
f 1277 2403 1324
f 1277 1324 1275
f 2218 2217 2411
f 2218 2411 2412
f 2412 2411 2413
f 2412 2413 2414
f 2414 2413 2415
f 2415 2413 2287
f 2415 2287 2286
f 1288 1290 2286
f 2286 1290 2416
f 2286 2416 2415
f 2415 2416 2417
f 2415 2417 2414
f 2414 2417 2418
f 2414 2418 2412
f 579 2218 2419
f 2419 2218 2412
f 2419 2412 2420
f 2420 2412 2418
f 2417 2416 2421
f 2422 2423 2424
f 2425 583 582
f 2425 582 2426
f 2426 582 580
f 2426 580 2427
f 545 583 2428
f 2428 583 2425
f 2428 2425 2429
f 2429 2425 2423
f 580 579 2427
f 2427 579 2419
f 2427 2419 2420
f 2423 2425 2424
f 2424 2425 2426
f 2424 2426 2430
f 2430 2426 2427
f 2430 2427 2431
f 2431 2427 2420
f 2431 2420 2418
f 1306 2432 2433
f 2433 2432 2422
f 2422 2424 2433
f 2433 2424 2430
f 2433 2430 2434
f 2434 2430 2431
f 2434 2431 2421
f 2421 2431 2418
f 2421 2418 2417
f 1306 2433 1300
f 1300 2433 2434
f 1300 2434 1298
f 1298 2434 2421
f 1298 2421 1291
f 1291 2421 2416
f 1291 2416 1290
f 1306 1305 2432
f 2432 1305 2435
f 2432 2435 2422
f 2422 2435 2436
f 2422 2436 2423
f 2423 2436 2437
f 2423 2437 2429
f 2429 2437 2438
f 2429 2438 2428
f 2428 2438 2439
f 2428 2439 545
f 545 2439 546
f 2436 2435 2440
f 2441 2442 2443
f 2444 586 588
f 2444 588 2445
f 2445 588 589
f 2445 589 2446
f 584 586 2447
f 2447 586 2444
f 2447 2444 2448
f 2448 2444 2442
f 589 546 2446
f 2446 546 2439
f 2446 2439 2438
f 2442 2444 2443
f 2443 2444 2445
f 2443 2445 2449
f 2449 2445 2446
f 2449 2446 2450
f 2450 2446 2438
f 2450 2438 2437
f 1296 2451 2452
f 2452 2451 2441
f 2441 2443 2452
f 2452 2443 2449
f 2452 2449 2453
f 2453 2449 2450
f 2453 2450 2440
f 2440 2450 2437
f 2440 2437 2436
f 1296 2452 1297
f 1297 2452 2453
f 1297 2453 1294
f 1294 2453 2440
f 1294 2440 1304
f 1304 2440 2435
f 1304 2435 1305
f 1282 1281 2454
f 2454 1281 2455
f 2454 2455 2456
f 2456 2455 2457
f 2456 2457 2458
f 2458 2457 2220
f 2458 2220 2219
f 2458 2219 584
f 584 2447 2458
f 2458 2447 2448
f 2458 2448 2456
f 2456 2448 2442
f 2456 2442 2454
f 2442 2441 2454
f 2454 2441 2451
f 2454 2451 1282
f 1282 2451 1296
f 1282 1296 1280
f 1287 1286 2459
f 2459 1286 2460
f 2459 2460 2461
f 2461 2460 2462
f 2461 2462 2463
f 2463 2462 2224
f 2463 2224 2223
f 2459 2464 1287
f 1287 2464 1386
f 1287 1386 1285
f 2463 2223 596
f 596 2465 2463
f 2463 2465 2466
f 2463 2466 2461
f 2461 2466 2467
f 2461 2467 2459
f 2459 2467 2468
f 2459 2468 2464
f 2469 2470 2471
f 2468 2467 2472
f 2473 598 600
f 2473 600 2474
f 2474 600 601
f 2474 601 2475
f 596 598 2465
f 2465 598 2473
f 2465 2473 2466
f 2466 2473 2467
f 601 550 2475
f 2475 550 2476
f 2475 2476 2477
f 2467 2473 2472
f 2472 2473 2474
f 2472 2474 2478
f 2478 2474 2475
f 2478 2475 2479
f 2479 2475 2477
f 2479 2477 2480
f 1386 2464 2481
f 2481 2464 2468
f 2468 2472 2481
f 2481 2472 2478
f 2481 2478 2482
f 2482 2478 2479
f 2482 2479 2471
f 2471 2479 2480
f 2471 2480 2469
f 1386 2481 1397
f 1397 2481 2482
f 1397 2482 1398
f 1398 2482 2471
f 1398 2471 1399
f 1399 2471 2470
f 1399 2470 1395
f 550 549 2476
f 2476 549 2483
f 2476 2483 2477
f 2477 2483 2484
f 2477 2484 2480
f 2480 2484 2485
f 2480 2485 2469
f 2469 2485 2486
f 2469 2486 2470
f 2470 2486 2487
f 2470 2487 1395
f 1395 2487 1396
f 2488 2489 2490
f 2486 2485 2491
f 2492 594 595
f 2492 595 2493
f 2493 595 592
f 2493 592 2494
f 549 594 2483
f 2483 594 2492
f 2483 2492 2484
f 2484 2492 2485
f 592 591 2494
f 2494 591 2495
f 2494 2495 2496
f 2485 2492 2491
f 2491 2492 2493
f 2491 2493 2497
f 2497 2493 2494
f 2497 2494 2498
f 2498 2494 2496
f 2498 2496 2499
f 1396 2487 2500
f 2500 2487 2486
f 2486 2491 2500
f 2500 2491 2497
f 2500 2497 2501
f 2501 2497 2498
f 2501 2498 2490
f 2490 2498 2499
f 2490 2499 2488
f 1396 2500 1378
f 1378 2500 2501
f 1378 2501 1379
f 1379 2501 2490
f 1379 2490 1384
f 1384 2490 2489
f 1384 2489 1375
f 2222 2221 2502
f 2222 2502 2503
f 2503 2502 2504
f 2503 2504 2505
f 2505 2504 2506
f 2506 2504 2291
f 2506 2291 2290
f 1376 1375 2290
f 2290 1375 2489
f 2290 2489 2506
f 2506 2489 2488
f 2506 2488 2505
f 2505 2488 2499
f 2505 2499 2503
f 591 2222 2495
f 2495 2222 2503
f 2495 2503 2496
f 2496 2503 2499
f 2367 2369 2507
f 2507 2369 2371
f 2507 2371 1127
f 2508 1329 2363
f 959 2509 2510
f 2510 2509 2511
f 2510 2511 2512
f 2512 2511 2508
f 2512 2508 2513
f 2513 2508 2363
f 2365 2367 2514
f 2514 2367 2507
f 2514 2507 2515
f 2515 2507 2516
f 2515 2516 2517
f 2517 2516 2518
f 2517 2518 959
f 1127 1229 2507
f 2507 1229 1231
f 2507 1231 2516
f 2516 1231 1232
f 2516 1232 2518
f 2518 1232 1234
f 2518 1234 959
f 2363 2365 2513
f 2513 2365 2514
f 2513 2514 2512
f 2512 2514 2515
f 2512 2515 2510
f 2510 2515 2517
f 2510 2517 959
f 1197 1328 2519
f 1197 2519 1199
f 1199 2519 2520
f 1199 2520 1200
f 1200 2520 1202
f 1202 2520 2521
f 1202 2521 1204
f 1204 2521 1213
f 1213 2521 957
f 1213 957 955
f 1328 1329 2519
f 2519 1329 2508
f 2519 2508 2520
f 2520 2508 2511
f 2520 2511 2521
f 2521 2511 2509
f 2521 2509 957
f 957 2509 959
f 2522 2523 2524
f 1054 2525 1052
f 1052 2525 1159
f 1169 1164 2524
f 2524 1164 1163
f 2524 1163 2526
f 2526 1163 1161
f 2526 1161 1159
f 1351 1167 1169
f 1169 2524 1351
f 1351 2524 2523
f 1351 2523 1352
f 2522 2524 2527
f 2527 2524 2526
f 2527 2526 2528
f 1159 2525 2526
f 2526 2525 2529
f 2526 2529 2528
f 1056 2530 1054
f 1054 2530 2531
f 1054 2531 2525
f 2525 2531 2532
f 2525 2532 2529
f 2533 2534 1222
f 2535 2536 2537
f 2523 2522 2537
f 2538 2359 2360
f 1140 2359 1228
f 1228 2359 2538
f 1228 2538 1227
f 1222 2531 2530
f 1056 1222 2530
f 2532 2534 2529
f 2529 2534 2533
f 2529 2533 2528
f 1352 2523 2362
f 2362 2523 2537
f 2362 2537 2361
f 2361 2537 2536
f 2361 2536 2360
f 2360 2536 2535
f 2360 2535 2538
f 2538 2535 2539
f 2538 2539 1227
f 1222 2540 2533
f 2533 2540 2541
f 2533 2541 2528
f 2528 2541 2527
f 2532 2531 2534
f 2534 2531 1222
f 1222 1224 2539
f 2539 1224 1225
f 2539 1225 1227
f 2522 2527 2537
f 2537 2527 2542
f 2537 2542 2535
f 2535 2542 2543
f 2535 2543 2539
f 2539 2543 1222
f 2527 2541 2542
f 2542 2541 2540
f 2542 2540 2543
f 2543 2540 1222
f 1007 1042 2544
f 1044 1049 2545
f 1179 1470 2546
f 2547 2548 2254
f 2254 2548 2255
f 2255 2548 2256
f 2256 2548 2549
f 2256 2549 2257
f 2257 2549 2258
f 2258 2549 1474
f 2258 1474 1472
f 1179 2546 1180
f 1180 2546 2550
f 1180 2550 1171
f 1171 2550 1173
f 1173 2550 2545
f 1173 2545 1175
f 1175 2545 1182
f 1182 2545 1049
f 1182 1049 1051
f 1467 1466 2551
f 2551 1466 2552
f 2551 2552 2553
f 2553 2552 2554
f 2553 2554 2555
f 2555 2554 2544
f 1476 1475 2556
f 2556 1475 2557
f 2556 2557 2558
f 2558 2557 2559
f 2558 2559 2560
f 2560 2559 2561
f 1475 1474 2557
f 2557 1474 2549
f 2557 2549 2559
f 2559 2549 2548
f 2559 2548 2561
f 2561 2548 2547
f 1045 1044 2562
f 2562 1044 2545
f 2562 2545 2563
f 2563 2545 2550
f 2563 2550 2564
f 2564 2550 2546
f 2564 2546 1469
f 1469 2546 1470
f 1469 1467 2564
f 2564 1467 2551
f 2564 2551 2563
f 2563 2551 2553
f 2563 2553 2562
f 2562 2553 2555
f 2562 2555 1045
f 1045 2555 1047
f 2544 1042 2555
f 2555 1042 1048
f 2555 1048 1047
f 1016 1007 2565
f 2565 1007 2544
f 2565 2544 2566
f 2566 2544 2554
f 2566 2554 2567
f 2567 2554 2552
f 2567 2552 1477
f 1477 2552 1466
f 1477 1476 2567
f 2567 1476 2556
f 2567 2556 2566
f 2566 2556 2558
f 2566 2558 2565
f 2565 2558 2560
f 2565 2560 1016
f 1016 2560 1014
f 2254 2568 2547
f 2547 2568 1027
f 2547 1027 2561
f 2561 1027 1029
f 2561 1029 2560
f 2560 1029 1012
f 2560 1012 1014
f 1036 1041 2569
f 1431 1430 2570
f 2571 2572 1185
f 1185 2572 1187
f 1187 2572 1189
f 1189 2572 2573
f 1189 2573 1190
f 1190 2573 1193
f 1193 2573 1439
f 1193 1439 1191
f 1431 2570 2262
f 2262 2570 2574
f 2262 2574 2261
f 2261 2574 2575
f 2261 2575 2260
f 2260 2575 2576
f 2260 2576 2259
f 961 960 2575
f 2575 960 2577
f 2575 2577 2576
f 1433 1435 2578
f 2578 1435 2579
f 2578 2579 2580
f 2580 2579 2581
f 2580 2581 2582
f 2582 2581 2583
f 1435 1438 2579
f 2579 1438 2584
f 2579 2584 2581
f 2581 2584 2585
f 2581 2585 2583
f 2583 2585 2586
f 1438 1437 2584
f 2584 1437 2587
f 2584 2587 2585
f 2585 2587 2588
f 2585 2588 2586
f 2586 2588 2569
f 1440 1439 2589
f 2589 1439 2573
f 2589 2573 2590
f 2590 2573 2572
f 2590 2572 2591
f 2591 2572 2571
f 1430 1433 2570
f 2570 1433 2578
f 2570 2578 2574
f 2574 2578 2580
f 2574 2580 2575
f 2575 2580 2582
f 2575 2582 961
f 961 2582 2583
f 961 2583 964
f 964 2583 2586
f 964 2586 981
f 2569 1041 2586
f 2586 1041 977
f 2586 977 981
f 1037 1036 2592
f 2592 1036 2569
f 2592 2569 2593
f 2593 2569 2588
f 2593 2588 2594
f 2594 2588 2587
f 2594 2587 1441
f 1441 2587 1437
f 1441 1440 2594
f 2594 1440 2589
f 2594 2589 2593
f 2593 2589 2590
f 2593 2590 2592
f 2592 2590 2591
f 2592 2591 1037
f 1037 2591 1039
f 1185 1032 2571
f 2571 1032 1034
f 2571 1034 2591
f 2591 1034 1040
f 2591 1040 1039
f 2595 937 936
f 936 2596 2595
f 2595 2596 2597
f 2595 2597 2598
f 2595 2599 937
f 937 2599 2600
f 937 2600 938
f 938 2600 2601
f 938 2601 932
f 932 2601 2602
f 932 2602 2227
f 1408 1407 2603
f 2603 1407 2604
f 2603 2604 2605
f 2605 2604 2598
f 2605 2598 2606
f 2606 2598 2597
f 1407 2307 2604
f 2604 2307 2607
f 2604 2607 2598
f 2608 2599 2607
f 2607 2599 2595
f 2607 2595 2598
f 2227 2602 2228
f 2228 2602 2601
f 2228 2601 2608
f 2608 2601 2600
f 2608 2600 2599
f 2226 2228 2608
f 2226 2608 2609
f 2609 2608 2607
f 2609 2607 2610
f 2610 2607 2307
f 2610 2307 2305
f 2225 2226 2611
f 2225 2611 2612
f 2612 2611 2613
f 2612 2613 2614
f 2614 2613 2303
f 2614 2303 2301
f 2303 2613 2615
f 2226 2609 2616
f 2613 2617 2615
f 2615 2617 2616
f 2615 2616 2618
f 2618 2616 2609
f 2618 2609 2610
f 2303 2615 2619
f 2619 2615 2618
f 2619 2618 2620
f 2620 2618 2610
f 2620 2610 2305
f 2617 2226 2616
f 2613 2611 2617
f 2617 2611 2226
f 2302 2303 2619
f 2302 2619 2621
f 2621 2619 2620
f 2621 2620 2622
f 2622 2620 2305
f 2622 2305 2304
f 2232 2231 2623
f 2232 2623 2624
f 2624 2623 2625
f 2624 2625 2626
f 2626 2625 2627
f 2626 2627 2628
f 2628 2627 2300
f 2628 2300 2302
f 2629 2630 2232
f 2629 2232 2631
f 2624 2631 2232
f 2632 2622 2304
f 2302 2621 2628
f 2628 2621 2633
f 2628 2633 2626
f 2626 2633 2634
f 2626 2634 2624
f 2621 2622 2633
f 2633 2622 2632
f 2633 2632 2634
f 2634 2632 2635
f 2304 2636 2632
f 2632 2636 2637
f 2632 2637 2635
f 2635 2637 2638
f 2635 2638 2639
f 2624 2634 2631
f 2631 2634 2635
f 2631 2635 2629
f 2629 2635 2639
f 2629 2639 2630
f 2304 2306 2636
f 2636 2306 2640
f 2636 2640 2637
f 2637 2640 2638
f 2638 2640 2641
f 2638 2641 2639
f 2639 2641 2630
f 2630 2641 2233
f 2630 2233 2232
f 1651 2642 1652
f 1652 2642 2643
f 1405 1404 2644
f 2644 1404 2645
f 2644 2645 2646
f 2646 2645 2647
f 2646 2647 2642
f 2642 2647 2648
f 2642 2648 2643
f 2229 2649 1647
f 1647 2649 2650
f 1647 2650 1648
f 1648 2650 2651
f 1648 2651 1651
f 1651 2651 2652
f 1651 2652 2642
f 2649 2229 2233
f 2640 2646 2642
f 2640 2642 2641
f 2642 2652 2641
f 2641 2652 2651
f 2641 2651 2233
f 2233 2651 2650
f 2233 2650 2649
f 2306 1405 2640
f 2640 1405 2644
f 2640 2644 2646
f 2653 837 838
f 838 2654 2653
f 2653 2654 2655
f 2653 2655 2656
f 2653 2657 837
f 837 2657 2658
f 837 2658 835
f 835 2658 2659
f 835 2659 833
f 833 2659 2660
f 833 2660 2271
f 1418 1417 2661
f 2661 1417 2662
f 2661 2662 2663
f 2663 2662 2656
f 2663 2656 2664
f 2664 2656 2655
f 1417 2315 2665
f 2271 2660 2272
f 2272 2660 2659
f 2272 2659 2666
f 2666 2659 2658
f 2666 2658 2667
f 2667 2658 2657
f 2667 2657 2668
f 2668 2657 2653
f 2668 2653 2669
f 2669 2653 2656
f 2669 2656 2665
f 2665 2656 2662
f 2665 2662 1417
f 2270 2272 2666
f 2270 2666 2670
f 2670 2666 2667
f 2670 2667 2671
f 2671 2667 2668
f 2671 2668 2672
f 2315 2313 2665
f 2665 2313 2672
f 2665 2672 2669
f 2669 2672 2668
f 2269 2270 2673
f 2269 2673 2674
f 2673 2675 2674
f 2674 2675 2676
f 2674 2676 2677
f 2677 2676 2311
f 2677 2311 2309
f 2676 2675 2678
f 2679 2680 2678
f 2678 2680 2676
f 2676 2681 2682
f 2683 2684 2685
f 2686 2687 2683
f 2683 2687 2682
f 2683 2682 2684
f 2671 2688 2670
f 2670 2688 2673
f 2670 2673 2270
f 2682 2681 2684
f 2684 2681 2689
f 2684 2689 2685
f 2685 2689 2690
f 2685 2690 2313
f 2687 2676 2682
f 2686 2311 2687
f 2687 2311 2676
f 2675 2673 2678
f 2678 2673 2688
f 2678 2688 2679
f 2679 2688 2671
f 2679 2671 2691
f 2691 2671 2672
f 2672 2313 2691
f 2691 2313 2690
f 2691 2690 2679
f 2679 2690 2689
f 2679 2689 2680
f 2680 2689 2681
f 2680 2681 2676
f 2310 2311 2692
f 2692 2311 2686
f 2692 2686 2693
f 2693 2686 2683
f 2693 2683 2694
f 2694 2683 2695
f 2695 2683 2685
f 2695 2685 2696
f 2696 2685 2697
f 2697 2685 2313
f 2697 2313 2312
f 2276 2275 2698
f 2276 2698 2699
f 2699 2698 2700
f 2699 2700 2701
f 2701 2700 2702
f 2701 2702 2703
f 2703 2702 2308
f 2703 2308 2310
f 2276 2699 2704
f 2312 2705 2706
f 2706 2705 2707
f 2706 2707 2708
f 2708 2707 2709
f 2708 2709 2704
f 2704 2709 2710
f 2704 2710 2276
f 2696 2697 2711
f 2711 2697 2312
f 2696 2711 2695
f 2695 2711 2712
f 2695 2712 2694
f 2694 2713 2693
f 2693 2713 2714
f 2693 2714 2692
f 2692 2714 2703
f 2692 2703 2310
f 2694 2712 2713
f 2713 2712 2715
f 2713 2715 2714
f 2714 2715 2701
f 2714 2701 2703
f 2312 2706 2711
f 2711 2706 2708
f 2711 2708 2712
f 2712 2708 2704
f 2712 2704 2715
f 2715 2704 2699
f 2715 2699 2701
f 2314 2716 2312
f 2312 2716 2705
f 2705 2716 2707
f 2707 2716 2717
f 2707 2717 2709
f 2709 2717 2710
f 2710 2717 2277
f 2710 2277 2276
f 2718 2719 2720
f 2719 1638 2720
f 2720 1638 1637
f 2720 1637 2721
f 2720 2722 2718
f 2718 2722 2723
f 2718 2723 2724
f 2724 2723 2725
f 2724 2725 2726
f 2726 2725 1415
f 2726 1415 1414
f 2273 2727 1635
f 1635 2727 2728
f 1635 2728 1637
f 1637 2728 2729
f 1637 2729 2721
f 2727 2273 2277
f 2717 2721 2729
f 2717 2729 2277
f 2277 2729 2728
f 2277 2728 2727
f 2716 2723 2722
f 2716 2722 2717
f 2717 2722 2720
f 2717 2720 2721
f 2314 1415 2716
f 2716 1415 2725
f 2716 2725 2723
f 2244 2243 2730
f 894 2731 2732
f 2732 2731 2733
f 894 2732 895
f 895 2732 1162
f 895 1162 891
f 2731 2734 2733
f 2733 2734 2735
f 2733 2735 2730
f 2730 2735 2736
f 2730 2736 2244
f 2243 2281 2730
f 2730 2281 2737
f 2730 2737 2733
f 2733 2737 2738
f 1160 1162 2738
f 2738 1162 2732
f 2738 2732 2733
f 1158 1160 2739
f 2739 1160 2738
f 2739 2738 2740
f 2740 2738 2737
f 2740 2737 2741
f 2741 2737 2281
f 2741 2281 2279
f 2742 1215 1238
f 2742 1238 2743
f 2744 2743 1238
f 2745 2744 1238
f 2746 2747 2279
f 2279 2747 2748
f 2279 2748 2741
f 2749 2739 2740
f 2749 2740 2750
f 2751 2752 2746
f 2746 2752 2753
f 2746 2753 2747
f 2747 2753 2750
f 2747 2750 2748
f 2748 2750 2740
f 2748 2740 2741
f 1238 1237 2754
f 2754 1237 1235
f 2745 1238 2754
f 1158 2739 1235
f 1235 2739 2749
f 1235 2749 2754
f 2754 2749 2750
f 2754 2750 2745
f 2745 2750 2753
f 2745 2753 2744
f 2744 2753 2752
f 2744 2752 2743
f 2743 2752 2751
f 2743 2751 2742
f 2742 2751 2755
f 2742 2755 1215
f 2756 2757 1598
f 2757 2756 2758
f 2758 2756 2759
f 2758 2759 2760
f 2760 2759 2761
f 2760 2761 2762
f 2762 2761 2245
f 2762 2245 2247
f 1598 1597 2756
f 2756 1597 1178
f 2756 1178 1170
f 2763 2746 2764
f 2764 2746 2279
f 2764 2279 2278
f 2763 2765 2746
f 2746 2765 2766
f 2746 2766 2751
f 2751 2766 2767
f 2751 2767 2755
f 2755 2767 2768
f 2755 2768 1215
f 1215 2768 1217
f 1170 1172 2756
f 2756 1172 2769
f 2280 2245 2770
f 2770 2245 2761
f 2770 2761 2769
f 2769 2761 2759
f 2769 2759 2756
f 2766 2771 2767
f 2278 2772 2773
f 2772 2278 2774
f 2775 2776 2777
f 2777 2776 1174
f 2765 2763 2773
f 2773 2763 2764
f 2773 2764 2278
f 2771 2766 2778
f 2774 2779 2772
f 2772 2779 2780
f 2772 2780 2773
f 2773 2780 2778
f 2773 2778 2765
f 2765 2778 2766
f 1174 1240 2777
f 2777 1240 1242
f 2777 1242 2781
f 2779 2775 2780
f 2780 2775 2777
f 2780 2777 2778
f 2778 2777 2781
f 2778 2781 2771
f 2771 2781 2782
f 2771 2782 2767
f 2767 2782 2768
f 1217 2768 1246
f 1246 2768 2782
f 1246 2782 1245
f 1245 2782 2781
f 1245 2781 1243
f 1243 2781 1242
f 1174 2776 1172
f 1172 2776 2769
f 2776 2775 2769
f 2769 2775 2779
f 2769 2779 2770
f 2779 2774 2770
f 2770 2774 2278
f 2770 2278 2280
f 2783 2784 2785
f 2783 2785 2786
f 2784 2783 914
f 914 2783 2787
f 914 2787 915
f 915 2787 2788
f 915 2788 916
f 916 2788 2236
f 916 2236 910
f 2785 2789 2786
f 2786 2789 2790
f 2786 2790 2791
f 2791 2790 1413
f 2791 1413 1412
f 2237 2236 2792
f 2792 2236 2793
f 2793 2236 2794
f 2794 2236 2788
f 2794 2788 2795
f 2795 2788 2787
f 2795 2787 2796
f 2787 2783 2796
f 2796 2783 2786
f 2796 2786 2797
f 2786 2791 2797
f 2797 2791 1412
f 2797 1412 2296
f 2296 2298 2798
f 2296 2798 2797
f 2797 2798 2799
f 2797 2799 2796
f 2796 2799 2795
f 2795 2799 2800
f 2795 2800 2794
f 2800 2801 2794
f 2794 2801 2802
f 2794 2802 2793
f 2793 2802 2235
f 2793 2235 2792
f 2792 2235 2237
f 2235 2803 2234
f 2234 2803 2804
f 2803 2805 2804
f 2804 2805 2806
f 2804 2806 2807
f 2295 2293 2808
f 2808 2293 2807
f 2808 2807 2809
f 2809 2807 2806
f 2810 2811 2812
f 2813 2814 2295
f 2815 2816 2817
f 2817 2816 2818
f 2801 2800 2811
f 2811 2800 2799
f 2811 2799 2812
f 2812 2799 2798
f 2812 2798 2298
f 2235 2802 2803
f 2803 2802 2819
f 2803 2819 2805
f 2805 2819 2820
f 2298 2818 2812
f 2812 2818 2816
f 2812 2816 2810
f 2810 2816 2815
f 2810 2815 2821
f 2821 2815 2822
f 2821 2822 2823
f 2295 2808 2813
f 2813 2808 2809
f 2813 2809 2820
f 2820 2809 2806
f 2820 2806 2805
f 2802 2801 2819
f 2819 2801 2811
f 2819 2811 2820
f 2820 2811 2810
f 2820 2810 2813
f 2813 2810 2821
f 2813 2821 2814
f 2814 2821 2823
f 2294 2295 2824
f 2824 2295 2814
f 2824 2814 2825
f 2815 2826 2822
f 2822 2826 2825
f 2822 2825 2823
f 2823 2825 2814
f 2298 2299 2818
f 2818 2299 2826
f 2818 2826 2817
f 2817 2826 2815
f 2241 2240 2827
f 2827 2240 2828
f 2827 2828 2829
f 2829 2828 2830
f 2830 2828 2831
f 2830 2831 2832
f 2832 2831 2833
f 2833 2831 2834
f 2833 2834 2835
f 2835 2834 2292
f 2835 2292 2294
f 2826 2836 2825
f 2837 2838 2839
f 2837 2840 2841
f 2841 2840 2241
f 2299 2842 2826
f 2826 2842 2843
f 2826 2843 2836
f 2836 2843 2844
f 2836 2844 2825
f 2825 2844 2824
f 2838 2837 2845
f 2845 2837 2841
f 2845 2841 2846
f 2846 2841 2847
f 2846 2847 2833
f 2832 2833 2847
f 2833 2835 2848
f 2848 2835 2294
f 2848 2294 2824
f 2824 2844 2848
f 2848 2844 2833
f 2843 2849 2844
f 2844 2849 2833
f 2241 2827 2841
f 2841 2827 2829
f 2841 2829 2847
f 2847 2829 2830
f 2847 2830 2832
f 2299 2839 2842
f 2842 2839 2838
f 2842 2838 2843
f 2843 2838 2845
f 2843 2845 2849
f 2849 2845 2846
f 2849 2846 2833
f 2850 2242 2241
f 2850 2241 2851
f 2851 2241 2840
f 2851 2840 2852
f 2852 2840 2837
f 2852 2837 2853
f 2853 2837 2854
f 2854 2837 2839
f 2854 2839 2855
f 2855 2839 2856
f 2856 2839 2299
f 2856 2299 2297
f 2857 2858 1586
f 2859 1410 1409
f 1409 2860 2859
f 2859 2860 2861
f 2859 2861 2857
f 2857 2861 2862
f 2857 2862 2858
f 1583 2238 1584
f 1584 2238 2857
f 1584 2857 1585
f 1585 2857 1586
f 2297 1410 2856
f 2856 1410 2859
f 2856 2859 2855
f 2857 2853 2859
f 2859 2853 2854
f 2859 2854 2855
f 2242 2850 2238
f 2238 2850 2851
f 2238 2851 2857
f 2857 2851 2852
f 2857 2852 2853
f 2863 2864 1625
f 2865 2266 2268
f 2268 2866 2865
f 2865 2866 2867
f 2865 2867 2863
f 2863 2867 2868
f 2863 2868 2864
f 1196 1198 1621
f 1621 1198 2863
f 1621 2863 1624
f 1624 2863 1625
f 1198 1201 2863
f 2863 1201 2869
f 2863 2869 2865
f 2865 2869 2870
f 2865 2870 2266
f 2266 2870 2283
f 2285 2283 2870
f 2285 2870 2871
f 2871 2870 2869
f 2871 2869 2872
f 2872 2869 2873
f 2873 2869 1201
f 2873 1201 1203
f 1249 2874 2875
f 2876 2874 1249
f 2877 2876 1249
f 1203 1254 2878
f 2879 2880 2881
f 2881 2880 2872
f 2881 2872 2878
f 2878 2872 2873
f 2878 2873 1203
f 2882 2285 2883
f 2883 2285 2871
f 1255 1252 2884
f 2884 1252 1251
f 2884 1251 1249
f 1247 2877 1249
f 2878 2875 2881
f 2881 2875 2874
f 2881 2874 2879
f 2879 2874 2876
f 2879 2876 2885
f 1254 1255 2878
f 2878 1255 2884
f 2878 2884 2875
f 2875 2884 1249
f 1247 1219 2877
f 2877 1219 2886
f 2877 2886 2876
f 2876 2886 2887
f 2876 2887 2885
f 2885 2887 2882
f 2885 2882 2879
f 2879 2882 2883
f 2879 2883 2880
f 2880 2883 2871
f 2880 2871 2872
f 2888 857 858
f 2889 2890 2891
f 2891 2890 2888
f 2891 2888 2892
f 2892 2888 858
f 857 2888 855
f 855 2888 1188
f 855 1188 853
f 2265 2264 2893
f 2893 2264 2890
f 2893 2890 2894
f 2894 2890 2889
f 2284 2285 2895
f 2895 2285 2882
f 2895 2882 2896
f 2896 2882 2897
f 2897 2882 2887
f 2897 2887 2898
f 1219 1218 2886
f 2886 1218 2899
f 2886 2899 2887
f 2887 2899 2900
f 2887 2900 2898
f 2264 2282 2890
f 2890 2282 2901
f 2890 2901 2888
f 2888 2901 2902
f 2888 2902 1188
f 1188 2902 1186
f 2897 2898 2903
f 2903 2898 2900
f 2284 2895 2904
f 2284 2905 2906
f 2906 2905 2907
f 2906 2907 2908
f 2908 2907 2909
f 2909 2907 2910
f 2909 2910 2911
f 2911 2910 1262
f 2911 1262 1183
f 2912 2899 1218
f 2903 2913 2897
f 2897 2913 2904
f 2897 2904 2896
f 2896 2904 2895
f 2900 2899 2903
f 2903 2899 2912
f 2903 2912 2913
f 2913 2912 2914
f 1218 1256 2912
f 2912 1256 1258
f 2912 1258 2914
f 2914 1258 1259
f 2914 1259 1261
f 2284 2904 2905
f 2905 2904 2913
f 2905 2913 2907
f 2907 2913 2914
f 2907 2914 2910
f 2910 2914 1261
f 2910 1261 1262
f 1183 1186 2911
f 2911 1186 2902
f 2911 2902 2909
f 2909 2902 2908
f 2908 2902 2901
f 2908 2901 2906
f 2906 2901 2282
f 2906 2282 2284
f 2915 2916 2917
f 2917 2916 2918
f 2917 2918 2919
f 2263 1264 2920
f 2920 1264 2918
f 1263 873 875
f 1263 875 1264
f 1264 875 877
f 1264 877 2918
f 2918 877 878
f 2918 878 2919
f 2921 2249 2248
f 2917 2922 2915
f 2915 2922 2921
f 2915 2921 2923
f 2923 2921 2248
f 1607 1268 1608
f 1608 1268 1266
f 1608 1266 1611
f 1612 1611 2924
f 2924 1611 1266
f 2924 1266 2925
f 2925 1266 2253
f 2926 2250 2252
f 2252 2927 2926
f 2926 2927 2928
f 2926 2928 2929
f 2929 2928 2930
f 2929 2930 2924
f 2924 2930 2931
f 2924 2931 1612
f 2929 2924 1265
f 1265 2924 2925
f 1265 2925 2253
f 2263 2920 1265
f 1265 2920 2918
f 1265 2918 2929
f 2918 2916 2929
f 2929 2916 2915
f 2929 2915 2926
f 2915 2923 2926
f 2926 2923 2248
f 2926 2248 2250
f 2217 1534 1532
f 1532 1530 2274
f 2274 1530 1528
f 1274 1526 2214
f 2309 2308 2275
f 2269 2674 2677
f 2409 2407 2214
f 2214 2407 1276
f 2214 1276 1274
f 2677 2309 2269
f 2269 2309 2275
f 2269 2275 1274
f 1274 2275 2274
f 1274 2274 1526
f 1526 2274 1528
f 2308 2702 2275
f 2275 2702 2700
f 2275 2700 2698
f 2411 2217 2413
f 2413 2217 1532
f 2413 1532 2287
f 2287 1532 2274
f 2240 2239 2292
f 2292 2239 2293
f 2215 1514 1512
f 1512 1510 2239
f 2239 1510 1508
f 1284 1506 2224
f 2462 2460 2224
f 2224 2460 1286
f 2224 1286 1284
f 2804 2807 2234
f 2234 2807 2293
f 2234 2293 1284
f 1284 2293 2239
f 1284 2239 1506
f 1506 2239 1508
f 2834 2831 2292
f 2292 2831 2828
f 2292 2828 2240
f 2316 2215 2318
f 2318 2215 1512
f 2318 1512 2289
f 2289 1512 2239
f 2221 1524 1522
f 1279 1516 2220
f 2291 1522 2230
f 2230 1522 1520
f 2230 1520 1518
f 2225 2612 2614
f 2291 2504 1522
f 1522 2504 2502
f 1522 2502 2221
f 2457 2455 2220
f 2220 2455 1281
f 2220 1281 1279
f 2614 2301 2225
f 2225 2301 2231
f 2225 2231 1279
f 1279 2231 2230
f 1279 2230 1516
f 1516 2230 1518
f 2625 2623 2627
f 2627 2623 2231
f 2627 2231 2300
f 2300 2231 2301
f 803 2932 822
f 822 2932 2933
f 822 2933 762
f 762 2933 2934
f 762 2934 774
f 830 2935 725
f 725 2935 2936
f 725 2936 736
f 2936 2937 736
f 736 2937 2938
f 736 2938 712
f 712 2938 2939
f 712 2939 708
f 708 2939 2940
f 708 2940 828
f 828 2940 2941
f 828 2941 826
f 2934 2942 774
f 774 2942 2943
f 774 2943 752
f 752 2943 2944
f 752 2944 747
f 747 2944 2945
f 747 2945 820
f 820 2945 2946
f 820 2946 818
f 2941 994 826
f 826 994 2947
f 826 2947 824
f 824 2947 2948
f 824 2948 792
f 792 2948 2949
f 792 2949 809
f 809 2949 2950
f 809 2950 805
f 805 2950 2951
f 805 2951 803
f 803 2951 2952
f 803 2952 2932
f 2946 1271 818
f 818 1271 2953
f 818 2953 816
f 816 2953 2954
f 816 2954 682
f 682 2954 2955
f 682 2955 697
f 697 2955 2956
f 697 2956 694
f 694 2956 2957
f 694 2957 674
f 674 2957 2958
f 674 2958 830
f 830 2958 2959
f 830 2959 2935
f 962 963 2955
f 987 989 2940
f 2940 989 996
f 2940 996 2941
f 2941 996 995
f 2941 995 994
f 987 2940 985
f 985 2940 2939
f 985 2939 990
f 990 2939 991
f 991 2939 2938
f 991 2938 992
f 2937 973 2938
f 2938 973 972
f 2938 972 992
f 2936 969 2937
f 2937 969 974
f 2937 974 973
f 2935 971 2936
f 2936 971 970
f 2936 970 969
f 2959 967 2935
f 2935 967 966
f 2935 966 971
f 2958 976 2959
f 2959 976 975
f 2959 975 967
f 2957 979 2958
f 2958 979 978
f 2958 978 976
f 984 983 2956
f 2956 983 982
f 2956 982 2957
f 2957 982 980
f 2957 980 979
f 2955 963 2956
f 2956 963 965
f 2956 965 984
f 962 2955 960
f 960 2955 2954
f 960 2954 2577
f 1269 2954 2953
f 2577 2954 2576
f 2576 2954 1269
f 2576 1269 2259
f 1271 1272 2953
f 2953 1272 1267
f 2953 1267 1269
f 1003 1001 2949
f 2568 2946 1027
f 1027 2946 2945
f 2944 1030 2945
f 2945 1030 1028
f 2945 1028 1027
f 2943 1013 2944
f 2944 1013 1031
f 2944 1031 1030
f 2942 1009 2943
f 2943 1009 1015
f 2943 1015 1013
f 2934 1011 2942
f 2942 1011 1010
f 2942 1010 1009
f 2933 1005 2934
f 2934 1005 1008
f 2934 1008 1011
f 2932 1017 2933
f 2933 1017 1006
f 2933 1006 1005
f 2952 1020 2932
f 2932 1020 1018
f 2932 1018 1017
f 2951 1022 2952
f 2952 1022 1021
f 2952 1021 1020
f 1026 1025 2950
f 2950 1025 1024
f 2950 1024 2951
f 2951 1024 1023
f 2951 1023 1022
f 2949 1001 2950
f 2950 1001 1000
f 2950 1000 1026
f 1003 2949 1004
f 1004 2949 2948
f 1004 2948 999
f 999 2948 997
f 997 2948 2947
f 997 2947 994
f 2568 2254 2946
f 2946 2254 1270
f 2946 1270 1271
f 664 779 821
f 829 730 668
f 668 730 718
f 821 766 664
f 664 766 756
f 664 756 787
f 787 756 754
f 787 754 796
f 796 754 744
f 796 744 823
f 823 744 819
f 823 819 825
f 825 819 817
f 825 817 827
f 827 817 815
f 827 815 705
f 705 815 687
f 705 687 716
f 716 687 677
f 716 677 718
f 718 677 667
f 718 667 668
f 2960 1072 1071
f 1244 1241 1181
f 2961 2962 1071
f 1071 2962 2963
f 1071 2963 2960
f 1236 1239 1152
f 1152 1239 1214
f 1152 1214 1153
f 1153 1214 1216
f 1153 1216 1244
f 1184 1260 1257
f 1068 2964 1076
f 1076 2964 2965
f 1244 1181 1153
f 1153 1181 1050
f 1153 1050 1082
f 1257 1220 1184
f 1184 1220 1207
f 1184 1207 1033
f 1033 1207 1212
f 1250 1253 1248
f 1248 1253 1207
f 1248 1207 1221
f 1221 1207 1220
f 1082 1085 1153
f 1153 1085 1073
f 1153 1073 2966
f 2966 1073 1076
f 2966 1076 2967
f 2967 1076 2965
f 2967 2965 2968
f 1109 1033 1117
f 1117 1033 1212
f 1117 1212 1071
f 1071 1212 2969
f 1071 2969 2961
f 1050 1046 1082
f 1082 1046 1043
f 1082 1043 1090
f 1090 1043 1019
f 1090 1019 1095
f 1095 1019 1002
f 1095 1002 1092
f 1092 1002 998
f 1092 998 1102
f 998 993 1102
f 1102 993 988
f 1102 988 1099
f 1099 988 986
f 1099 986 1107
f 1107 986 968
f 1107 968 1112
f 1112 968 1038
f 1112 1038 1109
f 1109 1038 1035
f 1109 1035 1033
f 1060 1059 1072
f 1072 2960 1060
f 1060 2960 2970
f 1060 2970 1065
f 1065 2970 1064
f 1064 2970 1063
f 1063 2970 2971
f 1063 2971 1061
f 1061 2971 2972
f 1061 2972 1062
f 1062 2972 1134
f 1062 1134 1070
f 2960 2963 2970
f 2970 2963 2973
f 2970 2973 2971
f 2971 2973 2974
f 1230 1134 2974
f 2974 1134 2972
f 2974 2972 2971
f 2963 2962 2973
f 2973 2962 2975
f 2973 2975 2974
f 2974 2975 2976
f 2974 2976 1230
f 1230 2976 1233
f 2962 2961 2975
f 2975 2961 2977
f 2975 2977 2976
f 2976 2977 2978
f 2976 2978 1233
f 1233 2978 958
f 954 956 1205
f 1205 956 2979
f 1210 1209 2980
f 2980 1209 1208
f 2980 1208 2979
f 2979 1208 1206
f 2979 1206 1205
f 1210 2980 1211
f 1211 2980 2969
f 1211 2969 1212
f 2961 2969 2977
f 2977 2969 2980
f 2977 2980 2978
f 2978 2980 2979
f 2978 2979 958
f 958 2979 956
f 1080 1142 2981
f 1081 1080 1125
f 1125 1080 2981
f 1125 2981 1126
f 1126 2981 1124
f 1068 1067 1122
f 1124 2981 1123
f 1123 2981 2982
f 1123 2982 1122
f 1122 2982 2964
f 1122 2964 1068
f 2967 2968 2983
f 2983 2968 2984
f 2983 2984 2985
f 2985 2984 2986
f 2985 2986 1057
f 1057 2986 1223
f 2968 2965 2984
f 2984 2965 2987
f 2984 2987 2986
f 2986 2987 2988
f 2986 2988 1223
f 1223 2988 1226
f 2965 2964 2987
f 2987 2964 2982
f 2987 2982 2988
f 2988 2982 2981
f 2988 2981 1226
f 1226 2981 1142
f 1153 2966 1154
f 1154 2966 2989
f 1165 1157 2990
f 2990 1157 1156
f 2990 1156 2989
f 2989 1156 1155
f 2989 1155 1154
f 1165 2990 1166
f 1166 2990 1055
f 1166 1055 1053
f 2966 2967 2989
f 2989 2967 2983
f 2989 2983 2990
f 2990 2983 2985
f 2990 2985 1055
f 1055 2985 1057
f 628 630 2991
f 2991 630 632
f 2991 632 2992
f 2992 632 634
f 2992 634 2993
f 2993 634 636
f 2993 636 2994
f 2994 636 638
f 2994 638 2995
f 2995 638 640
f 2995 640 2996
f 2996 640 642
f 2996 642 2997
f 2997 642 644
f 2997 644 2998
f 2998 644 646
f 2998 646 2999
f 2999 646 648
f 2999 648 3000
f 3000 648 650
f 3000 650 3001
f 3001 650 652
f 3001 652 3002
f 3002 652 654
f 3002 654 3003
f 3003 654 656
f 3003 656 3004
f 3004 656 658
f 3004 658 3005
f 3005 658 660
f 3005 660 3006
f 3006 660 602
f 3006 602 3007
f 3007 602 604
f 3007 604 3008
f 3008 604 606
f 3008 606 3009
f 3009 606 608
f 3009 608 3010
f 3010 608 610
f 3010 610 3011
f 3011 610 612
f 3011 612 3012
f 3012 612 614
f 3012 614 3013
f 3013 614 616
f 3013 616 3014
f 3014 616 618
f 3014 618 3015
f 3015 618 620
f 3015 620 3016
f 3016 620 622
f 3016 622 3017
f 3017 622 624
f 3017 624 3018
f 3018 624 626
f 3018 626 3019
f 3019 626 628
f 3019 628 2991
f 3020 3021 3022
f 3023 1902 1943
f 1943 1945 3022
f 3022 3021 1943
f 1943 3021 3024
f 1943 3024 3023
f 3025 2143 1613
f 1613 3026 3025
f 3025 3026 3027
f 3025 3027 3022
f 3022 3027 3028
f 3022 3028 3020
f 3024 3021 3029
f 3029 3021 3020
f 3020 3028 3030
f 3030 3028 3027
f 3030 3027 3026
f 3024 1907 3023
f 3023 1907 1902
f 3024 3029 1907
f 1907 3029 3031
f 1907 3031 1908
f 1908 3031 3032
f 1908 3032 1909
f 1909 3032 3033
f 1909 3033 1906
f 1906 3033 3034
f 1906 3034 1905
f 1905 3034 3035
f 1905 3035 1913
f 1913 3035 3036
f 1913 3036 1914
f 1914 3036 3037
f 1914 3037 1915
f 1915 3037 3038
f 1915 3038 1911
f 1911 3038 3039
f 1911 3039 1912
f 1912 3039 3040
f 1912 3040 1910
f 3020 3030 3029
f 3029 3030 3041
f 3029 3041 3031
f 3031 3041 3042
f 3031 3042 3032
f 3032 3042 3043
f 3032 3043 3033
f 3033 3043 3044
f 3033 3044 3034
f 3034 3044 3045
f 3034 3045 3035
f 3035 3045 3046
f 3035 3046 3036
f 3036 3046 3047
f 3036 3047 3037
f 3037 3047 3048
f 3037 3048 3038
f 3038 3048 3049
f 3038 3049 3039
f 3039 3049 3050
f 3039 3050 3040
f 3026 1613 3030
f 3030 1613 1614
f 3030 1614 3041
f 3041 1614 1615
f 3041 1615 3042
f 3042 1615 1616
f 3042 1616 3043
f 3043 1616 1617
f 3043 1617 3044
f 3044 1617 1618
f 3044 1618 3045
f 3045 1618 1619
f 3045 1619 3046
f 3046 1619 1620
f 3046 1620 3047
f 3047 1620 1609
f 3047 1609 3048
f 3048 1609 1610
f 3048 1610 3049
f 3049 1610 1612
f 3049 1612 3050
f 1956 3051 3052
f 3051 3053 3054
f 3053 2141 2181
f 3053 2181 3054
f 3054 2181 2182
f 3054 2182 3055
f 3055 2182 2179
f 3055 2179 3056
f 2179 2178 3056
f 3056 2178 2176
f 3056 2176 3057
f 3057 2176 2175
f 2175 2173 3057
f 3057 2173 2143
f 3057 2143 3025
f 3051 3054 3052
f 3052 3054 3055
f 3052 3055 3058
f 3058 3055 3056
f 3058 3056 3059
f 3059 3056 3057
f 3059 3057 3060
f 3060 3057 3025
f 3060 3025 3022
f 1956 3052 1957
f 1957 3052 3058
f 1957 3058 1940
f 1940 3058 3059
f 1940 3059 1948
f 1948 3059 3060
f 1948 3060 1947
f 1947 3060 3022
f 1947 3022 1945
f 2252 3061 3062
f 3050 1612 2931
f 3040 3050 3063
f 1910 3040 3064
f 3050 2931 3063
f 3063 2931 2930
f 3063 2930 3065
f 3065 2930 2928
f 3065 2928 3062
f 3062 2928 2927
f 3062 2927 2252
f 3040 3063 3064
f 3064 3063 3065
f 3064 3065 3066
f 3066 3065 3062
f 3066 3062 3067
f 3067 3062 3061
f 3067 3061 3068
f 1910 3064 1920
f 1920 3064 3066
f 1920 3066 1921
f 1921 3066 3067
f 1921 3067 1922
f 1922 3067 3068
f 1922 3068 1923
f 867 2141 3069
f 3069 2141 3053
f 3069 3053 3070
f 3070 3053 3071
f 3071 3053 3051
f 3071 3051 3072
f 1954 3073 1956
f 1956 3073 3074
f 1956 3074 3051
f 3051 3074 3075
f 3051 3075 3072
f 2252 2251 3061
f 3061 2251 3076
f 3061 3076 3068
f 3068 3076 1924
f 3068 1924 1923
f 1925 1924 3077
f 3077 1924 3076
f 3077 3076 2249
f 2249 3076 2251
f 3069 3070 3078
f 3075 3074 1953
f 1953 3074 3073
f 1953 3073 1954
f 3070 3071 3079
f 3079 3071 3072
f 3079 3072 3075
f 3069 3078 867
f 3075 1953 3079
f 3079 1953 1952
f 3079 1952 3080
f 3080 1952 1950
f 3080 1950 3081
f 3081 1950 1949
f 3081 1949 3082
f 3082 1949 1980
f 3082 1980 3083
f 3083 1980 1979
f 3083 1979 3084
f 3084 1979 1978
f 3084 1978 3085
f 3085 1978 1971
f 3085 1971 3086
f 3086 1971 1977
f 3086 1977 3087
f 3087 1977 1976
f 3087 1976 3088
f 3070 3079 3078
f 3078 3079 3080
f 3078 3080 3089
f 3089 3080 3081
f 3089 3081 3090
f 3090 3081 3082
f 3090 3082 3091
f 3091 3082 3083
f 3091 3083 3092
f 3092 3083 3084
f 3092 3084 3093
f 3093 3084 3085
f 3093 3085 3094
f 3094 3085 3086
f 3094 3086 3095
f 3095 3086 3087
f 3095 3087 3096
f 3096 3087 3088
f 3096 3088 3097
f 867 3078 868
f 868 3078 3089
f 868 3089 869
f 869 3089 3090
f 869 3090 870
f 870 3090 3091
f 870 3091 861
f 861 3091 3092
f 861 3092 862
f 862 3092 3093
f 862 3093 863
f 863 3093 3094
f 863 3094 864
f 864 3094 3095
f 864 3095 854
f 854 3095 3096
f 854 3096 856
f 856 3096 3097
f 856 3097 858
f 1925 3077 3098
f 3077 2249 3099
f 3099 2249 2921
f 2922 3100 2921
f 2921 3100 3101
f 2921 3101 3099
f 2922 2917 3100
f 3100 2917 2919
f 3100 2919 3102
f 3102 2919 878
f 3102 878 3103
f 3077 3099 3098
f 3098 3099 3101
f 3098 3101 3104
f 3104 3101 3100
f 3104 3100 3105
f 3105 3100 3102
f 3105 3102 3106
f 3106 3102 3103
f 3106 3103 3107
f 1925 3098 1930
f 1930 3098 3104
f 1930 3104 1931
f 1931 3104 3105
f 1931 3105 1926
f 1926 3105 3106
f 1926 3106 1927
f 1927 3106 3107
f 1927 3107 1928
f 3108 3109 3110
f 1973 3108 3111
f 2894 3110 2893
f 2893 3110 3109
f 2893 3109 2265
f 2889 3112 2894
f 2894 3112 3113
f 2894 3113 3110
f 2889 2891 3112
f 3112 2891 2892
f 3112 2892 3114
f 3114 2892 858
f 3114 858 3097
f 3108 3110 3111
f 3111 3110 3113
f 3111 3113 3115
f 3115 3113 3112
f 3115 3112 3116
f 3116 3112 3114
f 3116 3114 3117
f 3117 3114 3097
f 3117 3097 3088
f 1973 3111 1983
f 1983 3111 3115
f 1983 3115 1984
f 1984 3115 3116
f 1984 3116 1974
f 1974 3116 3117
f 1974 3117 1975
f 1975 3117 3088
f 1975 3088 1976
f 3118 3119 3120
f 3121 3122 1941
f 1941 3122 3123
f 1941 3123 1942
f 3119 3124 3125
f 3125 3124 3126
f 3125 3126 3121
f 3118 3120 887
f 3121 1941 3125
f 3125 1941 1901
f 3125 1901 3127
f 3127 1901 1903
f 3127 1903 3128
f 3128 1903 1904
f 3128 1904 3129
f 3129 1904 1917
f 3129 1917 3130
f 3130 1917 1916
f 3130 1916 3131
f 3131 1916 1919
f 3131 1919 3132
f 3132 1919 1918
f 3132 1918 3133
f 3133 1918 1929
f 3133 1929 3134
f 3134 1929 1928
f 3134 1928 3107
f 3119 3125 3120
f 3120 3125 3127
f 3120 3127 3135
f 3135 3127 3128
f 3135 3128 3136
f 3136 3128 3129
f 3136 3129 3137
f 3137 3129 3130
f 3137 3130 3138
f 3138 3130 3131
f 3138 3131 3139
f 3139 3131 3132
f 3139 3132 3140
f 3140 3132 3133
f 3140 3133 3141
f 3141 3133 3134
f 3141 3134 3142
f 3142 3134 3107
f 3142 3107 3103
f 887 3120 888
f 888 3120 3135
f 888 3135 889
f 889 3135 3136
f 889 3136 890
f 890 3136 3137
f 890 3137 881
f 881 3137 3138
f 881 3138 882
f 882 3138 3139
f 882 3139 883
f 883 3139 3140
f 883 3140 884
f 884 3140 3141
f 884 3141 874
f 874 3141 3142
f 874 3142 876
f 876 3142 3103
f 876 3103 878
f 1972 1982 3143
f 3143 1982 3144
f 2265 3143 2267
f 2267 3143 3144
f 2267 3144 2268
f 1973 1972 3108
f 3108 1972 3143
f 3108 3143 3109
f 3109 3143 2265
f 887 2145 3118
f 3118 2145 3145
f 3121 3126 3146
f 3146 3126 3124
f 3146 3124 3145
f 3145 3124 3119
f 3145 3119 3118
f 1944 1942 3123
f 3146 1946 3121
f 3121 1946 1944
f 3121 1944 3122
f 3122 1944 3123
f 2268 3144 3147
f 3148 1625 2864
f 1968 3149 3150
f 1968 3150 1969
f 1969 3150 3151
f 1969 3151 1970
f 1970 3151 3152
f 1970 3152 1981
f 3148 2864 3153
f 3153 2864 2868
f 3153 2868 3154
f 3154 2868 2867
f 3154 2867 3147
f 3147 2867 2866
f 3147 2866 2268
f 1982 1981 3144
f 3144 1981 3152
f 3144 3152 3147
f 3147 3152 3151
f 3147 3151 3154
f 3154 3151 3150
f 3154 3150 3153
f 3153 3150 3149
f 3153 3149 3148
f 1946 3146 3155
f 3146 3145 3156
f 3145 2145 2171
f 3145 2171 3156
f 3156 2171 2172
f 3156 2172 3157
f 3157 2172 2169
f 3157 2169 3158
f 2169 2168 3158
f 3158 2168 2166
f 3158 2166 3159
f 3159 2166 2165
f 2165 2163 3159
f 3159 2163 2147
f 3159 2147 3160
f 3146 3156 3155
f 3155 3156 3157
f 3155 3157 3161
f 3161 3157 3158
f 3161 3158 3162
f 3162 3158 3159
f 3162 3159 3163
f 3163 3159 3160
f 3163 3160 3164
f 1946 3155 1938
f 1938 3155 3161
f 1938 3161 1936
f 1936 3161 3162
f 1936 3162 1934
f 1934 3162 3163
f 1934 3163 1932
f 1932 3163 3164
f 1932 3164 2094
f 3165 3166 3167
f 3167 3166 3168
f 3168 3169 3170
f 3170 3169 3171
f 3170 3171 3172
f 3165 1964 3173
f 3173 1964 1951
f 3165 3167 1964
f 1964 3167 3174
f 1964 3174 1965
f 1965 3174 3175
f 1965 3175 1966
f 1966 3175 3176
f 1966 3176 1962
f 1962 3176 3177
f 1962 3177 1963
f 1963 3177 3178
f 1963 3178 1961
f 1961 3178 3179
f 1961 3179 1960
f 1960 3179 3180
f 1960 3180 1958
f 1958 3180 3181
f 1958 3181 1959
f 1959 3181 3182
f 1959 3182 1967
f 1967 3182 3149
f 1967 3149 1968
f 3168 3170 3167
f 3167 3170 3183
f 3167 3183 3174
f 3174 3183 3184
f 3174 3184 3175
f 3175 3184 3185
f 3175 3185 3176
f 3176 3185 3186
f 3176 3186 3177
f 3177 3186 3187
f 3177 3187 3178
f 3178 3187 3188
f 3178 3188 3179
f 3179 3188 3189
f 3179 3189 3180
f 3180 3189 3190
f 3180 3190 3181
f 3181 3190 3191
f 3181 3191 3182
f 3182 3191 3148
f 3182 3148 3149
f 3172 1626 3170
f 3170 1626 1627
f 3170 1627 3183
f 3183 1627 1628
f 3183 1628 3184
f 3184 1628 1629
f 3184 1629 3185
f 3185 1629 1630
f 3185 1630 3186
f 3186 1630 1631
f 3186 1631 3187
f 3187 1631 1632
f 3187 1632 3188
f 3188 1632 1633
f 3188 1633 3189
f 3189 1633 1622
f 3189 1622 3190
f 3190 1622 1623
f 3190 1623 3191
f 3191 1623 1625
f 3191 1625 3148
f 3192 3193 3164
f 3194 2092 2094
f 3164 3193 2094
f 2094 3193 3195
f 2094 3195 3194
f 3160 2147 1599
f 1599 3196 3160
f 3160 3196 3197
f 3160 3197 3164
f 3164 3197 3198
f 3164 3198 3192
f 3168 3166 3199
f 3173 1951 1955
f 3199 3166 1955
f 1955 3166 3165
f 1955 3165 3173
f 3200 2139 1626
f 1626 3172 3200
f 3200 3172 3171
f 3200 3171 3199
f 3199 3171 3169
f 3199 3169 3168
f 3195 3193 3201
f 3201 3193 3192
f 3192 3198 3202
f 3202 3198 3197
f 3202 3197 3196
f 3195 2101 3194
f 3194 2101 2092
f 3195 3201 2101
f 2101 3201 3203
f 2101 3203 2102
f 2102 3203 3204
f 2102 3204 2103
f 2103 3204 3205
f 2103 3205 2100
f 2100 3205 3206
f 2100 3206 2112
f 2112 3206 3207
f 2112 3207 2113
f 2113 3207 3208
f 2113 3208 2114
f 2114 3208 3209
f 2114 3209 2104
f 2104 3209 3210
f 2104 3210 2105
f 2105 3210 3211
f 2105 3211 2106
f 2106 3211 3212
f 2106 3212 2107
f 3192 3202 3201
f 3201 3202 3213
f 3201 3213 3203
f 3203 3213 3214
f 3203 3214 3204
f 3204 3214 3215
f 3204 3215 3205
f 3205 3215 3216
f 3205 3216 3206
f 3206 3216 3217
f 3206 3217 3207
f 3207 3217 3218
f 3207 3218 3208
f 3208 3218 3219
f 3208 3219 3209
f 3209 3219 3220
f 3209 3220 3210
f 3210 3220 3221
f 3210 3221 3211
f 3211 3221 3222
f 3211 3222 3212
f 3196 1599 3202
f 3202 1599 1600
f 3202 1600 3213
f 3213 1600 1601
f 3213 1601 3214
f 3214 1601 1602
f 3214 1602 3215
f 3215 1602 1603
f 3215 1603 3216
f 3216 1603 1604
f 3216 1604 3217
f 3217 1604 1605
f 3217 1605 3218
f 3218 1605 1606
f 3218 1606 3219
f 3219 1606 1595
f 3219 1595 3220
f 3220 1595 1596
f 3220 1596 3221
f 3221 1596 1598
f 3221 1598 3222
f 2185 2183 3223
f 2192 2189 3224
f 2185 3223 2186
f 2191 2192 3225
f 3225 2192 3224
f 3225 3224 3226
f 3226 3224 3227
f 3226 3227 1999
f 2188 2186 3228
f 3228 2186 3223
f 3228 3223 3229
f 3229 3223 3230
f 2183 2139 3223
f 3223 2139 3200
f 3223 3200 3230
f 3230 3200 3199
f 2137 2191 3231
f 3231 2191 3225
f 3231 3225 3232
f 3232 3225 3226
f 3232 3226 2008
f 2008 3226 1999
f 1937 1935 3227
f 3227 1935 2001
f 3227 2001 1999
f 2189 2188 3224
f 3224 2188 3228
f 3224 3228 3227
f 3227 3228 3229
f 3227 3229 1937
f 1937 3229 3230
f 1937 3230 1939
f 1939 3230 3199
f 1939 3199 1955
f 3222 1598 2757
f 3212 3222 3233
f 2107 3212 3234
f 3222 2757 3233
f 3233 2757 2758
f 3233 2758 3235
f 2758 2760 3235
f 3235 2760 2762
f 3235 2762 3236
f 3236 2762 2247
f 3236 2247 3237
f 3212 3233 3234
f 3234 3233 3235
f 3234 3235 3238
f 3238 3235 3236
f 3238 3236 3239
f 3239 3236 3237
f 3239 3237 3240
f 2107 3234 2108
f 2108 3234 3238
f 2108 3238 2125
f 2125 3238 3239
f 2125 3239 2124
f 2124 3239 3240
f 2124 3240 2118
f 847 2137 3241
f 3241 2137 3231
f 3241 3231 3242
f 3242 3231 3243
f 3243 3231 3232
f 3243 3232 3244
f 2007 3245 2008
f 2008 3245 3246
f 2008 3246 3232
f 3232 3246 3247
f 3232 3247 3244
f 2247 2246 3237
f 3237 2246 3248
f 3237 3248 3240
f 3240 3248 2119
f 3240 2119 2118
f 2121 2119 3249
f 3249 2119 3248
f 3249 3248 2244
f 2244 3248 2246
f 3241 3242 3250
f 3247 3246 2006
f 2006 3246 3245
f 2006 3245 2007
f 3242 3243 3251
f 3251 3243 3244
f 3251 3244 3247
f 3241 3250 847
f 3247 2006 3251
f 3251 2006 2002
f 3251 2002 3252
f 3252 2002 2004
f 3252 2004 3253
f 3253 2004 2005
f 3253 2005 3254
f 3254 2005 2022
f 3254 2022 3255
f 3255 2022 2021
f 3255 2021 3256
f 3256 2021 2020
f 3256 2020 3257
f 3257 2020 2011
f 3257 2011 3258
f 3258 2011 2028
f 3258 2028 3259
f 3259 2028 2027
f 3259 2027 3260
f 3242 3251 3250
f 3250 3251 3252
f 3250 3252 3261
f 3261 3252 3253
f 3261 3253 3262
f 3262 3253 3254
f 3262 3254 3263
f 3263 3254 3255
f 3263 3255 3264
f 3264 3255 3256
f 3264 3256 3265
f 3265 3256 3257
f 3265 3257 3266
f 3266 3257 3258
f 3266 3258 3267
f 3267 3258 3259
f 3267 3259 3268
f 3268 3259 3260
f 3268 3260 3269
f 847 3250 848
f 848 3250 3261
f 848 3261 849
f 849 3261 3262
f 849 3262 850
f 850 3262 3263
f 850 3263 841
f 841 3263 3264
f 841 3264 842
f 842 3264 3265
f 842 3265 843
f 843 3265 3266
f 843 3266 844
f 844 3266 3267
f 844 3267 834
f 834 3267 3268
f 834 3268 836
f 836 3268 3269
f 836 3269 838
f 2121 3249 3270
f 3249 2244 3271
f 3271 2244 2736
f 3271 2736 3272
f 3272 2736 2735
f 2734 3273 2735
f 2735 3273 3274
f 2735 3274 3272
f 2734 2731 3273
f 3273 2731 894
f 3273 894 3275
f 3249 3271 3270
f 3270 3271 3272
f 3270 3272 3276
f 3276 3272 3274
f 3276 3274 3277
f 3277 3274 3273
f 3277 3273 3278
f 3278 3273 3275
f 3278 3275 3279
f 2121 3270 2123
f 2123 3270 3276
f 2123 3276 2122
f 2122 3276 3277
f 2122 3277 2120
f 2120 3277 3278
f 2120 3278 2126
f 2126 3278 3279
f 2126 3279 2127
f 3280 3281 3282
f 2024 3280 3283
f 2663 3282 2661
f 2661 3282 3281
f 2661 3281 1418
f 2664 3284 2663
f 2663 3284 3285
f 2663 3285 3282
f 2664 2655 3284
f 3284 2655 2654
f 3284 2654 3286
f 3286 2654 838
f 3286 838 3269
f 3280 3282 3283
f 3283 3282 3285
f 3283 3285 3287
f 3287 3285 3284
f 3287 3284 3288
f 3288 3284 3286
f 3288 3286 3289
f 3289 3286 3269
f 3289 3269 3260
f 2024 3283 2034
f 2034 3283 3287
f 2034 3287 2035
f 2035 3287 3288
f 2035 3288 2025
f 2025 3288 3289
f 2025 3289 2026
f 2026 3289 3260
f 2026 3260 2027
f 3290 3291 3292
f 2091 2097 3293
f 3293 2097 3294
f 3291 3295 3296
f 3296 3295 3297
f 3296 3297 3298
f 3290 3292 906
f 2110 3299 2111
f 2111 3299 3300
f 2111 3300 2098
f 2098 3300 3301
f 2098 3301 2099
f 2099 3301 3296
f 2099 3296 2097
f 2097 3296 3298
f 2097 3298 3294
f 2109 3302 2110
f 2110 3302 3303
f 2110 3303 3299
f 2109 2117 3302
f 3302 2117 2116
f 3302 2116 3304
f 3304 2116 2115
f 3304 2115 3305
f 3305 2115 2128
f 3305 2128 3306
f 3306 2128 2127
f 3306 2127 3279
f 3291 3296 3292
f 3292 3296 3301
f 3292 3301 3307
f 3307 3301 3300
f 3307 3300 3308
f 3308 3300 3299
f 3308 3299 3309
f 3309 3299 3303
f 3309 3303 3310
f 3310 3303 3302
f 3310 3302 3311
f 3311 3302 3304
f 3311 3304 3312
f 3312 3304 3305
f 3312 3305 3313
f 3313 3305 3306
f 3313 3306 3314
f 3314 3306 3279
f 3314 3279 3275
f 906 3292 907
f 907 3292 3307
f 907 3307 908
f 908 3307 3308
f 908 3308 909
f 909 3308 3309
f 909 3309 900
f 900 3309 3310
f 900 3310 901
f 901 3310 3311
f 901 3311 902
f 902 3311 3312
f 902 3312 903
f 903 3312 3313
f 903 3313 897
f 897 3313 3314
f 897 3314 896
f 896 3314 3275
f 896 3275 894
f 3315 3316 3317
f 3316 3315 3318
f 3318 3315 2023
f 3318 2023 2030
f 1418 3315 1416
f 1416 3315 3317
f 1416 3317 1414
f 2024 2023 3280
f 3280 2023 3315
f 3280 3315 3281
f 3281 3315 1418
f 906 2149 3290
f 3290 2149 3319
f 3290 3319 3291
f 3291 3319 3295
f 3295 3319 3320
f 3295 3320 3297
f 2091 3293 2093
f 2093 3293 3294
f 2093 3294 3320
f 3320 3294 3298
f 3320 3298 3297
f 2718 2724 3321
f 3322 2014 2013
f 3323 3324 2719
f 2719 3324 1638
f 2013 3325 3322
f 3322 3325 3326
f 3322 3326 3327
f 3327 3326 3328
f 3327 3328 3323
f 3323 3328 3329
f 3323 3329 3324
f 2015 2014 3330
f 3330 2014 3322
f 3330 3322 3331
f 3331 3322 3327
f 3331 3327 3321
f 3321 3327 3323
f 3321 3323 2718
f 2718 3323 2719
f 2029 2015 3332
f 3332 2015 3330
f 3332 3330 3333
f 3333 3330 3331
f 3333 3331 3334
f 3334 3331 3321
f 3334 3321 2726
f 2726 3321 2724
f 2030 2029 3318
f 3318 2029 3332
f 3318 3332 3316
f 3316 3332 3333
f 3316 3333 3317
f 3317 3333 3334
f 3317 3334 1414
f 1414 3334 2726
f 2162 2159 3335
f 3335 2159 3336
f 3335 3336 3337
f 2159 2158 3336
f 3336 2158 2156
f 3336 2156 3338
f 3338 2156 2155
f 2155 2153 3338
f 3338 2153 2151
f 3338 2151 3339
f 3337 3336 3340
f 3340 3336 3338
f 3340 3338 3341
f 3341 3338 3339
f 3341 3339 3342
f 2149 2161 3319
f 3319 2161 3343
f 3319 3343 3320
f 3320 3343 3344
f 3320 3344 2093
f 2093 3344 2095
f 2161 2162 3343
f 3343 2162 3335
f 3343 3335 3344
f 3344 3335 3337
f 3344 3337 2095
f 2095 3337 2096
f 2096 3337 1933
f 1933 3337 3340
f 1933 3340 1987
f 1987 3340 3341
f 1987 3341 1985
f 1985 3341 3342
f 1985 3342 2070
f 3345 3346 3347
f 3347 3346 3348
f 3347 3348 3349
f 3349 3350 3351
f 3351 3350 3352
f 3351 3352 3353
f 3345 2009 3354
f 3354 2009 2003
f 3355 3326 3325
f 3356 3329 3328
f 1636 1638 3324
f 3345 3347 2009
f 2009 3347 3357
f 2009 3357 2010
f 2010 3357 3358
f 2010 3358 2018
f 2018 3358 3359
f 2018 3359 2019
f 2019 3359 3360
f 2019 3360 2031
f 2031 3360 3361
f 2031 3361 2032
f 2032 3361 3362
f 2032 3362 2033
f 2033 3362 3363
f 2033 3363 2017
f 2017 3363 3364
f 2017 3364 2016
f 2016 3364 3355
f 2016 3355 2012
f 2012 3355 3325
f 2012 3325 2013
f 3349 3351 3347
f 3347 3351 3365
f 3347 3365 3357
f 3357 3365 3366
f 3357 3366 3358
f 3358 3366 3367
f 3358 3367 3359
f 3359 3367 3368
f 3359 3368 3360
f 3360 3368 3369
f 3360 3369 3361
f 3361 3369 3370
f 3361 3370 3362
f 3362 3370 3371
f 3362 3371 3363
f 3363 3371 3372
f 3363 3372 3364
f 3364 3372 3356
f 3364 3356 3355
f 3355 3356 3328
f 3355 3328 3326
f 3353 1639 3351
f 3351 1639 1640
f 3351 1640 3365
f 3365 1640 1641
f 3365 1641 3366
f 3366 1641 1642
f 3366 1642 3367
f 3367 1642 1643
f 3367 1643 3368
f 3368 1643 1644
f 3368 1644 3369
f 3369 1644 1645
f 3369 1645 3370
f 3370 1645 1646
f 3370 1646 3371
f 3371 1646 1634
f 3371 1634 3372
f 3372 1634 1636
f 3372 1636 3356
f 3356 1636 3324
f 3356 3324 3329
f 3373 2069 2070
f 3374 3375 3342
f 3342 3375 3376
f 3342 3376 2070
f 2070 3376 3377
f 2070 3377 3373
f 3339 2151 1587
f 1587 3378 3339
f 3339 3378 3379
f 3339 3379 3342
f 3342 3379 3380
f 3342 3380 3374
f 3346 3345 3381
f 3381 3345 1998
f 1998 3345 3354
f 1998 3354 2003
f 3353 3352 3382
f 3352 3350 3382
f 3382 3350 3349
f 3382 3349 3381
f 3381 3349 3348
f 3381 3348 3346
f 3382 3383 3353
f 3353 3383 2135
f 3353 2135 1639
f 1582 1581 3384
f 3379 3378 3385
f 3375 3374 3386
f 3386 3374 3380
f 3386 3380 3379
f 3373 3377 3387
f 3387 3377 3376
f 3387 3376 3375
f 2082 2081 3388
f 3388 2081 2080
f 3388 2080 3389
f 3389 2080 2071
f 3389 2071 3390
f 3390 2071 1900
f 3390 1900 3391
f 3391 1900 1899
f 3391 1899 3392
f 3392 1899 1898
f 3392 1898 3387
f 3387 1898 2069
f 3387 2069 3373
f 3393 3394 3395
f 3375 3386 3387
f 3387 3386 3396
f 3387 3396 3392
f 3392 3396 3397
f 3392 3397 3391
f 3391 3397 3398
f 3391 3398 3390
f 3390 3398 3399
f 3390 3399 3389
f 3389 3399 3393
f 3389 3393 3388
f 3388 3393 3395
f 3388 3395 2082
f 3379 3385 3386
f 3386 3385 3400
f 3386 3400 3396
f 3396 3400 3401
f 3396 3401 3397
f 3397 3401 3402
f 3397 3402 3398
f 3398 3402 3403
f 3398 3403 3399
f 3399 3403 3384
f 3399 3384 3393
f 3393 3384 3404
f 3393 3404 3394
f 1581 1586 3384
f 3384 1586 3405
f 3384 3405 3404
f 1582 3384 1594
f 1594 3384 3403
f 1594 3403 1593
f 1593 3403 3402
f 1593 3402 1592
f 1592 3402 3401
f 1592 3401 1589
f 1589 3401 3400
f 1589 3400 1590
f 3378 1587 3385
f 3385 1587 1588
f 3385 1588 3400
f 3400 1588 1591
f 3400 1591 1590
f 1992 3406 3407
f 3382 3381 3408
f 3406 3409 3410
f 3409 2133 2201
f 3409 2201 3410
f 3410 2201 2202
f 3410 2202 3411
f 2202 2199 3411
f 3411 2199 2198
f 3411 2198 3412
f 3412 2198 2196
f 3412 2196 3413
f 3413 2196 2195
f 2195 2193 3413
f 3413 2193 2135
f 3413 2135 3383
f 3406 3410 3407
f 3407 3410 3411
f 3407 3411 3414
f 3414 3411 3412
f 3414 3412 3415
f 3415 3412 3413
f 3415 3413 3408
f 3408 3413 3383
f 3408 3383 3382
f 1992 3407 1995
f 1995 3407 3414
f 1995 3414 1996
f 1996 3414 3415
f 1996 3415 2000
f 2000 3415 3408
f 2000 3408 1997
f 1997 3408 3381
f 1997 3381 1998
f 1409 3416 3417
f 3394 3404 3418
f 3405 1586 2858
f 3405 2858 3404
f 3394 3418 3395
f 2082 3395 3419
f 3404 2858 3418
f 3418 2858 2862
f 3418 2862 3420
f 3420 2862 2861
f 3420 2861 3417
f 3417 2861 2860
f 3417 2860 1409
f 3395 3418 3419
f 3419 3418 3420
f 3419 3420 3421
f 3421 3420 3417
f 3421 3417 3422
f 3422 3417 3416
f 3422 3416 3423
f 2082 3419 2083
f 2083 3419 3421
f 2083 3421 2084
f 2084 3421 3422
f 2084 3422 2090
f 2090 3422 3423
f 2090 3423 2089
f 952 2133 3424
f 3424 2133 3409
f 3406 3425 3426
f 3426 3427 3406
f 3406 3427 3428
f 3406 3428 3409
f 3409 3428 3429
f 3409 3429 3424
f 1991 2043 3430
f 3406 1992 3425
f 3425 1992 1991
f 3425 1991 3431
f 3431 1991 3430
f 1409 1411 3416
f 3416 1411 3432
f 3416 3432 3423
f 3423 3432 2088
f 3423 2088 2089
f 2087 2088 3433
f 3433 2088 3432
f 3433 3432 1413
f 1413 3432 1411
f 939 940 3434
f 3430 2043 2042
f 3430 2042 3431
f 3427 3426 3435
f 3435 3426 3425
f 3435 3425 3431
f 3424 3429 3436
f 3436 3429 3428
f 3436 3428 3427
f 3431 2042 3435
f 3435 2042 2041
f 3435 2041 3437
f 3437 2041 2040
f 3437 2040 3438
f 3438 2040 2039
f 3438 2039 3439
f 3439 2039 2038
f 3439 2038 3440
f 3427 3435 3436
f 3436 3435 3437
f 3436 3437 3441
f 3441 3437 3438
f 3441 3438 3442
f 3442 3438 3439
f 3442 3439 3443
f 3443 3439 3440
f 3443 3440 3444
f 3424 3436 3445
f 3445 3436 3441
f 3445 3441 3446
f 3446 3441 3442
f 3446 3442 3447
f 3447 3442 3443
f 3447 3443 3448
f 3448 3443 3444
f 3448 3444 3434
f 952 3424 953
f 953 3424 3445
f 953 3445 950
f 950 3445 3446
f 950 3446 948
f 948 3446 3447
f 948 3447 945
f 945 3447 3448
f 945 3448 943
f 3434 940 3448
f 3448 940 941
f 3448 941 943
f 935 939 3449
f 3449 939 3434
f 3449 3434 3450
f 3450 3434 3444
f 3450 3444 3451
f 3451 3444 3440
f 3451 3440 2037
f 2037 3440 2038
f 2037 2056 3451
f 3451 2056 3452
f 3451 3452 3450
f 3450 3452 3453
f 3450 3453 3449
f 3449 3453 3454
f 3449 3454 935
f 935 3454 936
f 3433 1413 3455
f 3455 1413 2790
f 3456 3457 3458
f 3458 3457 3459
f 2087 3433 3459
f 3459 3433 3455
f 3459 3455 3458
f 3458 3455 2790
f 3458 2790 3456
f 2790 2789 3456
f 3456 2789 2785
f 3456 2785 2784
f 3460 3461 3462
f 914 3463 2784
f 2784 3463 3460
f 2784 3460 3456
f 3456 3460 3462
f 3456 3462 3457
f 3463 3464 3460
f 3460 3464 3465
f 3460 3465 3461
f 3461 3465 3466
f 2087 3459 2085
f 2085 3459 3457
f 2085 3457 2086
f 2086 3457 3462
f 2086 3462 2072
f 2072 3462 3461
f 2072 3461 2076
f 2076 3461 3466
f 2076 3466 2077
f 3467 3468 3469
f 3470 3467 3471
f 2060 3470 3472
f 2605 3469 2603
f 2603 3469 3468
f 2603 3468 1408
f 2606 3473 2605
f 2605 3473 3474
f 2605 3474 3469
f 2606 2597 3473
f 3473 2597 2596
f 3473 2596 3475
f 3475 2596 936
f 3475 936 3454
f 3467 3469 3471
f 3471 3469 3474
f 3471 3474 3476
f 3476 3474 3473
f 3476 3473 3477
f 3477 3473 3475
f 3477 3475 3478
f 3478 3475 3454
f 3478 3454 3453
f 3470 3471 3472
f 3472 3471 3476
f 3472 3476 3479
f 3479 3476 3477
f 3479 3477 3480
f 3480 3477 3478
f 3480 3478 3481
f 3481 3478 3453
f 3481 3453 3452
f 2060 3472 2062
f 2062 3472 3479
f 2062 3479 2061
f 2061 3479 3480
f 2061 3480 2059
f 2059 3480 3481
f 2059 3481 2055
f 2055 3481 3452
f 2055 3452 2056
f 917 918 3482
f 3483 2068 2067
f 3483 2067 3484
f 3485 3486 3487
f 3487 3486 3488
f 3487 3488 3484
f 3489 3490 3491
f 3491 3490 3492
f 3491 3492 3485
f 3484 2067 3487
f 3487 2067 2075
f 3487 2075 3493
f 3493 2075 2074
f 3493 2074 3494
f 3494 2074 2073
f 3494 2073 3495
f 3495 2073 2079
f 3495 2079 3496
f 3485 3487 3491
f 3491 3487 3493
f 3491 3493 3497
f 3497 3493 3494
f 3497 3494 3498
f 3498 3494 3495
f 3498 3495 3499
f 3499 3495 3496
f 3499 3496 3500
f 3489 3491 3501
f 3501 3491 3497
f 3501 3497 3502
f 3502 3497 3498
f 3502 3498 3503
f 3503 3498 3499
f 3503 3499 3504
f 3504 3499 3500
f 3504 3500 3482
f 930 3489 931
f 931 3489 3501
f 931 3501 928
f 928 3501 3502
f 928 3502 926
f 926 3502 3503
f 926 3503 923
f 923 3503 3504
f 923 3504 921
f 3482 918 3504
f 3504 918 919
f 3504 919 921
f 913 917 3505
f 3505 917 3482
f 3505 3482 3506
f 3506 3482 3500
f 3506 3500 3507
f 3507 3500 3496
f 3507 3496 2078
f 2078 3496 2079
f 914 913 3463
f 3463 913 3505
f 3463 3505 3464
f 3464 3505 3506
f 3464 3506 3465
f 3465 3506 3507
f 3465 3507 3466
f 3466 3507 2078
f 3466 2078 2077
f 3508 2058 2057
f 3509 1404 1406
f 1408 3468 1406
f 1406 3468 3508
f 1406 3508 3509
f 3509 3508 2057
f 2060 2058 3470
f 3470 2058 3508
f 3470 3508 3467
f 3467 3508 3468
f 930 2129 3489
f 3489 2129 3510
f 3486 3485 3511
f 3511 3485 3492
f 3511 3492 3510
f 3510 3492 3490
f 3510 3490 3489
f 2068 3483 1986
f 1986 3483 3484
f 1986 3484 3511
f 3511 3484 3488
f 3511 3488 3486
f 1404 3509 3512
f 3513 1652 2643
f 2066 3514 3515
f 2066 3515 2065
f 2065 3515 3516
f 2065 3516 2064
f 2064 3516 3517
f 2064 3517 2063
f 3513 2643 3518
f 3518 2643 2648
f 3518 2648 3519
f 3519 2648 2647
f 3519 2647 3512
f 3512 2647 2645
f 3512 2645 1404
f 2057 2063 3509
f 3509 2063 3517
f 3509 3517 3512
f 3512 3517 3516
f 3512 3516 3519
f 3519 3516 3515
f 3519 3515 3518
f 3518 3515 3514
f 3518 3514 3513
f 1986 3511 3520
f 3511 3510 3521
f 3510 2129 2211
f 3510 2211 3521
f 3521 2211 2212
f 3521 2212 3522
f 3522 2212 2209
f 3522 2209 3523
f 2209 2208 3523
f 3523 2208 2206
f 3523 2206 3524
f 3524 2206 2205
f 2205 2203 3524
f 3524 2203 2131
f 3524 2131 3525
f 3511 3521 3520
f 3520 3521 3522
f 3520 3522 3526
f 3526 3522 3523
f 3526 3523 3527
f 3527 3523 3524
f 3527 3524 3528
f 3528 3524 3525
f 3528 3525 3529
f 1986 3520 1988
f 1988 3520 3526
f 1988 3526 1989
f 1989 3526 3527
f 1989 3527 1990
f 1990 3527 3528
f 1990 3528 1994
f 1994 3528 3529
f 1994 3529 1993
f 3530 3531 3532
f 3532 3531 3533
f 3533 3534 3535
f 3535 3534 3536
f 3535 3536 3537
f 3530 2051 3538
f 3538 2051 2036
f 3530 3532 2051
f 2051 3532 3539
f 2051 3539 2049
f 2049 3539 3540
f 2049 3540 2050
f 2050 3540 3541
f 2050 3541 2052
f 2052 3541 3542
f 2052 3542 2053
f 2053 3542 3543
f 2053 3543 2048
f 2048 3543 3544
f 2048 3544 2047
f 2047 3544 3545
f 2047 3545 2046
f 2046 3545 3546
f 2046 3546 2045
f 2045 3546 3547
f 2045 3547 2054
f 2054 3547 3514
f 2054 3514 2066
f 3533 3535 3532
f 3532 3535 3548
f 3532 3548 3539
f 3539 3548 3549
f 3539 3549 3540
f 3540 3549 3550
f 3540 3550 3541
f 3541 3550 3551
f 3541 3551 3542
f 3542 3551 3552
f 3542 3552 3543
f 3543 3552 3553
f 3543 3553 3544
f 3544 3553 3554
f 3544 3554 3545
f 3545 3554 3555
f 3545 3555 3546
f 3546 3555 3556
f 3546 3556 3547
f 3547 3556 3513
f 3547 3513 3514
f 3537 1653 3535
f 3535 1653 1654
f 3535 1654 3548
f 3548 1654 1655
f 3548 1655 3549
f 3549 1655 1656
f 3549 1656 3550
f 3550 1656 1657
f 3550 1657 3551
f 3551 1657 1658
f 3551 1658 3552
f 3552 1658 1659
f 3552 1659 3553
f 3553 1659 1660
f 3553 1660 3554
f 3554 1660 1649
f 3554 1649 3555
f 3555 1649 1650
f 3555 1650 3556
f 3556 1650 1652
f 3556 1652 3513
f 3533 3531 3529
f 3538 2036 2044
f 2044 1993 3529
f 3529 3531 2044
f 2044 3531 3530
f 2044 3530 3538
f 3525 2131 1653
f 1653 3537 3525
f 3525 3537 3536
f 3525 3536 3529
f 3529 3536 3534
f 3529 3534 3533
f 3557 3558 3559
f 3559 3558 3560
f 3560 3561 3559
f 3559 3561 3562
f 3559 3562 3563
f 3562 3564 3563
f 3563 3564 3565
f 3563 3565 3566
f 3565 3567 3566
f 3566 3567 3568
f 3566 3568 3569
f 3569 3568 3570
f 3569 3570 3571
f 3570 3572 3571
f 3571 3572 3573
f 3571 3573 3574
f 3573 3575 3574
f 3574 3575 3576
f 3574 3576 3577
f 3576 3578 3577
f 3577 3578 3579
f 3577 3579 3580
f 3579 3581 3580
f 3580 3581 3582
f 3580 3582 3583
f 3583 3582 3584
f 3584 3585 3583
f 3583 3585 3586
f 3583 3586 3587
f 3587 3586 3588
f 3587 3588 3589
f 3588 3590 3589
f 3589 3590 3591
f 3589 3591 3592
f 3592 3591 3593
f 3593 3594 3592
f 3592 3594 3595
f 3592 3595 3596
f 3596 3595 3597
f 3596 3597 3598
f 3598 3597 3599
f 3599 3600 3598
f 3598 3600 3601
f 3598 3601 3602
f 3602 3601 3603
f 3602 3603 3604
f 3603 3605 3604
f 3604 3605 3606
f 3604 3606 3607
f 3606 3608 3607
f 3607 3608 3609
f 3607 3609 3557
f 3557 3609 3610
f 3557 3610 3558
f 3604 3607 3611
f 3611 3607 3557
f 3611 3557 3559
f 3596 3598 3611
f 3611 3598 3602
f 3611 3602 3604
f 3587 3589 3611
f 3611 3589 3592
f 3611 3592 3596
f 3577 3580 3611
f 3611 3580 3583
f 3611 3583 3587
f 3569 3571 3611
f 3611 3571 3574
f 3611 3574 3577
f 3559 3563 3611
f 3611 3563 3566
f 3611 3566 3569
f 1822 3612 1821
f 1821 3612 3613
f 1821 3613 1820
f 1820 3613 3614
f 1820 3614 1823
f 1823 3614 3615
f 1823 3615 1824
f 1824 3615 3616
f 1824 3616 1825
f 1825 3616 3617
f 1825 3617 1815
f 1815 3617 3618
f 1815 3618 1816
f 1816 3618 3619
f 1816 3619 1817
f 1817 3619 3620
f 1817 3620 1818
f 1818 3620 3621
f 1818 3621 1819
f 1819 3621 3622
f 1819 3622 1809
f 1809 3622 3623
f 1809 3623 1810
f 1810 3623 3624
f 1810 3624 1812
f 1812 3624 3625
f 1812 3625 1813
f 1813 3625 3626
f 1813 3626 1806
f 1806 3626 3627
f 1806 3627 1807
f 1807 3627 3628
f 1807 3628 1808
f 1808 3628 3629
f 1808 3629 1800
f 1800 3629 3630
f 1800 3630 1801
f 1801 3630 3631
f 1801 3631 1802
f 1802 3631 3632
f 1802 3632 1803
f 1803 3632 3633
f 1803 3633 1804
f 1804 3633 3634
f 1804 3634 1805
f 1805 3634 3635
f 1805 3635 1789
f 1789 3635 3636
f 1789 3636 1790
f 1790 3636 3637
f 1790 3637 1797
f 1797 3637 3638
f 1797 3638 1798
f 1798 3638 3639
f 1798 3639 1799
f 1799 3639 3640
f 1799 3640 1792
f 1792 3640 3641
f 1792 3641 1793
f 1793 3641 3642
f 1793 3642 1795
f 1795 3642 3643
f 1795 3643 1796
f 1796 3643 3644
f 1796 3644 1786
f 1786 3644 3645
f 1786 3645 1787
f 1787 3645 3646
f 1787 3646 1788
f 1788 3646 3647
f 1788 3647 1822
f 1822 3647 3612
f 3647 3648 3612
f 3612 3648 3649
f 3612 3649 3613
f 3613 3649 3650
f 3613 3650 3614
f 3614 3650 3651
f 3614 3651 3615
f 3615 3651 3652
f 3615 3652 3616
f 3616 3652 3653
f 3616 3653 3617
f 3617 3653 3654
f 3617 3654 3618
f 3618 3654 3655
f 3618 3655 3619
f 3619 3655 3656
f 3619 3656 3620
f 3620 3656 3657
f 3620 3657 3621
f 3621 3657 3658
f 3621 3658 3622
f 3622 3658 3659
f 3622 3659 3623
f 3623 3659 3660
f 3623 3660 3624
f 3624 3660 3661
f 3624 3661 3625
f 3625 3661 3662
f 3625 3662 3626
f 3626 3662 3663
f 3626 3663 3627
f 3627 3663 3664
f 3627 3664 3628
f 3628 3664 3665
f 3628 3665 3629
f 3629 3665 3666
f 3629 3666 3630
f 3630 3666 3667
f 3630 3667 3631
f 3631 3667 3668
f 3631 3668 3632
f 3632 3668 3669
f 3632 3669 3633
f 3633 3669 3670
f 3633 3670 3634
f 3634 3670 3671
f 3634 3671 3635
f 3635 3671 3672
f 3635 3672 3636
f 3636 3672 3673
f 3636 3673 3637
f 3637 3673 3674
f 3637 3674 3638
f 3638 3674 3675
f 3638 3675 3639
f 3639 3675 3676
f 3639 3676 3640
f 3640 3676 3677
f 3640 3677 3641
f 3641 3677 3678
f 3641 3678 3642
f 3642 3678 3679
f 3642 3679 3643
f 3643 3679 3680
f 3643 3680 3644
f 3644 3680 3681
f 3644 3681 3645
f 3645 3681 3682
f 3645 3682 3646
f 3646 3682 3683
f 3646 3683 3647
f 3647 3683 3648
f 3683 3584 3648
f 3648 3584 3582
f 3648 3582 3649
f 3649 3582 3581
f 3649 3581 3650
f 3650 3581 3579
f 3650 3579 3651
f 3651 3579 3578
f 3651 3578 3652
f 3652 3578 3576
f 3652 3576 3653
f 3653 3576 3575
f 3653 3575 3654
f 3654 3575 3573
f 3654 3573 3655
f 3655 3573 3572
f 3655 3572 3656
f 3656 3572 3570
f 3656 3570 3657
f 3657 3570 3568
f 3657 3568 3658
f 3658 3568 3567
f 3658 3567 3659
f 3659 3567 3565
f 3659 3565 3660
f 3660 3565 3564
f 3660 3564 3661
f 3661 3564 3562
f 3661 3562 3662
f 3662 3562 3561
f 3662 3561 3663
f 3663 3561 3560
f 3663 3560 3664
f 3664 3560 3558
f 3664 3558 3665
f 3665 3558 3610
f 3665 3610 3666
f 3666 3610 3609
f 3666 3609 3667
f 3667 3609 3608
f 3667 3608 3668
f 3668 3608 3606
f 3668 3606 3669
f 3669 3606 3605
f 3669 3605 3670
f 3670 3605 3603
f 3670 3603 3671
f 3671 3603 3601
f 3671 3601 3672
f 3672 3601 3600
f 3672 3600 3673
f 3673 3600 3599
f 3673 3599 3674
f 3674 3599 3597
f 3674 3597 3675
f 3675 3597 3595
f 3675 3595 3676
f 3676 3595 3594
f 3676 3594 3677
f 3677 3594 3593
f 3677 3593 3678
f 3678 3593 3591
f 3678 3591 3679
f 3679 3591 3590
f 3679 3590 3680
f 3680 3590 3588
f 3680 3588 3681
f 3681 3588 3586
f 3681 3586 3682
f 3682 3586 3585
f 3682 3585 3683
f 3683 3585 3584
f 3684 3685 3686
f 3687 3688 3685
f 3685 3688 3689
f 3685 3689 3686
f 3687 3690 3688
f 3688 3690 3691
f 3688 3691 3692
f 3692 3691 3693
f 3692 3693 3694
f 3694 3695 3692
f 3692 3695 3696
f 3692 3696 3697
f 3698 3699 3700
f 3700 3699 3697
f 3700 3697 3701
f 3701 3697 3696
f 3698 3702 3699
f 3699 3702 3703
f 3699 3703 3704
f 3704 3703 3705
f 3704 3705 3706
f 3706 3705 3707
f 3706 3707 3708
f 3708 3707 3709
f 3708 3709 3710
f 3710 3709 3711
f 3710 3711 3712
f 3712 3711 3713
f 3712 3713 3714
f 3714 3715 3712
f 3712 3715 3716
f 3712 3716 3717
f 3717 3716 3718
f 3717 3718 3719
f 3719 3720 3717
f 3717 3720 3721
f 3717 3721 3722
f 3722 3721 3723
f 3722 3723 3724
f 3724 3725 3722
f 3722 3725 3726
f 3722 3726 3727
f 3727 3726 3728
f 3727 3728 3729
f 3728 3730 3729
f 3729 3730 3731
f 3729 3731 3732
f 3732 3731 3733
f 3732 3733 3686
f 3686 3733 3734
f 3686 3734 3684
f 3735 3736 3737
f 3737 3736 3738
f 3738 3736 3739
f 3738 3739 3740
f 3740 3739 3741
f 3740 3741 3742
f 3742 3741 3743
f 3742 3743 3744
f 3744 3745 3742
f 3742 3745 3746
f 3742 3746 3747
f 3747 3746 3748
f 3747 3748 3749
f 3749 3750 3747
f 3747 3750 3751
f 3747 3751 3752
f 3752 3751 3753
f 3752 3753 3754
f 3753 3755 3754
f 3754 3755 3756
f 3754 3756 3757
f 3757 3756 3758
f 3757 3758 3759
f 3759 3758 3760
f 3759 3760 3761
f 3762 3763 3764
f 3760 3765 3761
f 3761 3765 3766
f 3761 3766 3764
f 3764 3766 3767
f 3764 3767 3762
f 3763 3768 3764
f 3764 3768 3769
f 3764 3769 3770
f 3770 3769 3771
f 3770 3771 3772
f 3772 3773 3770
f 3770 3773 3774
f 3770 3774 3775
f 3775 3774 3776
f 3775 3776 3777
f 3777 3778 3775
f 3775 3778 3779
f 3775 3779 3780
f 3780 3779 3781
f 3780 3781 3782
f 3782 3781 3783
f 3782 3783 3784
f 3784 3783 3785
f 3784 3785 3737
f 3737 3785 3786
f 3737 3786 3735
f 3787 3788 3782
f 3789 3775 3788
f 3788 3775 3780
f 3788 3780 3782
f 3789 3790 3775
f 3775 3790 3791
f 3775 3791 3770
f 3770 3791 3792
f 3770 3792 3793
f 3793 3794 3770
f 3770 3794 3795
f 3770 3795 3764
f 3796 3761 3797
f 3797 3761 3764
f 3797 3764 3798
f 3798 3764 3795
f 3796 3799 3761
f 3761 3799 3800
f 3761 3800 3759
f 3759 3800 3801
f 3759 3801 3757
f 3757 3801 3802
f 3757 3802 3754
f 3754 3802 3803
f 3754 3803 3752
f 3752 3803 3804
f 3752 3804 3747
f 3747 3804 3805
f 3747 3805 3806
f 3806 3807 3747
f 3747 3807 3808
f 3747 3808 3742
f 3742 3808 3809
f 3742 3809 3810
f 3810 3811 3742
f 3742 3811 3812
f 3742 3812 3740
f 3740 3812 3813
f 3740 3813 3814
f 3814 3815 3740
f 3740 3815 3816
f 3740 3816 3738
f 3738 3816 3817
f 3738 3817 3737
f 3817 3818 3737
f 3737 3818 3819
f 3737 3819 3784
f 3784 3819 3820
f 3784 3820 3782
f 3782 3820 3821
f 3782 3821 3787
f 3822 3823 3729
f 3824 3722 3823
f 3823 3722 3727
f 3823 3727 3729
f 3824 3825 3722
f 3722 3825 3826
f 3722 3826 3717
f 3717 3826 3827
f 3717 3827 3828
f 3828 3829 3717
f 3717 3829 3830
f 3717 3830 3712
f 3712 3830 3831
f 3712 3831 3832
f 3832 3833 3712
f 3712 3833 3834
f 3712 3834 3710
f 3710 3834 3835
f 3710 3835 3708
f 3835 3836 3708
f 3708 3836 3837
f 3708 3837 3706
f 3706 3837 3838
f 3706 3838 3704
f 3704 3838 3839
f 3704 3839 3699
f 3840 3841 3697
f 3839 3842 3699
f 3699 3842 3843
f 3699 3843 3697
f 3697 3843 3844
f 3697 3844 3840
f 3841 3845 3697
f 3697 3845 3846
f 3697 3846 3692
f 3692 3846 3847
f 3692 3847 3848
f 3848 3849 3692
f 3692 3849 3850
f 3692 3850 3688
f 3688 3850 3851
f 3688 3851 3852
f 3852 3853 3688
f 3688 3853 3854
f 3688 3854 3689
f 3689 3854 3855
f 3689 3855 3686
f 3686 3855 3856
f 3686 3856 3732
f 3732 3856 3857
f 3732 3857 3729
f 3729 3857 3858
f 3729 3858 3822
f 3814 3813 807
f 3795 3794 788
f 788 3794 3793
f 788 3793 789
f 789 3793 3792
f 789 3792 662
f 662 3792 3791
f 662 3791 663
f 663 3791 3790
f 663 3790 780
f 780 3790 3789
f 780 3789 781
f 788 786 3795
f 3795 786 785
f 3795 785 3798
f 3798 785 800
f 3798 800 3797
f 797 3796 798
f 798 3796 3797
f 798 3797 799
f 799 3797 800
f 795 3800 797
f 797 3800 3799
f 797 3799 3796
f 3803 3802 795
f 795 3802 3801
f 795 3801 3800
f 791 3804 793
f 793 3804 3803
f 793 3803 794
f 794 3803 795
f 807 3813 811
f 811 3813 3812
f 811 3812 810
f 810 3812 3811
f 810 3811 808
f 808 3811 3810
f 808 3810 812
f 812 3810 3809
f 812 3809 813
f 813 3809 3808
f 813 3808 814
f 814 3808 3807
f 814 3807 790
f 790 3807 3806
f 790 3806 791
f 791 3806 3805
f 791 3805 3804
f 802 801 3817
f 807 806 3814
f 3814 806 804
f 3814 804 3815
f 3815 804 802
f 3815 802 3816
f 3816 802 3817
f 3789 3788 781
f 781 3788 3787
f 781 3787 782
f 782 3787 3821
f 782 3821 783
f 783 3821 3820
f 783 3820 784
f 784 3820 3819
f 784 3819 801
f 801 3819 3818
f 801 3818 3817
f 748 3755 749
f 749 3755 3753
f 749 3753 750
f 750 3753 3751
f 750 3751 751
f 751 3751 3750
f 751 3750 772
f 3750 3749 772
f 772 3749 3748
f 772 3748 773
f 773 3748 3746
f 773 3746 775
f 3746 3745 775
f 775 3745 3744
f 775 3744 776
f 776 3744 3743
f 776 3743 777
f 777 3743 3741
f 777 3741 778
f 3741 3739 778
f 778 3739 3736
f 778 3736 764
f 764 3736 3735
f 764 3735 763
f 763 3735 3786
f 763 3786 761
f 761 3786 3785
f 761 3785 765
f 765 3785 3783
f 765 3783 767
f 767 3783 768
f 768 3783 3781
f 768 3781 769
f 3781 3779 769
f 769 3779 3778
f 769 3778 770
f 770 3778 3777
f 770 3777 771
f 771 3777 3776
f 771 3776 757
f 3776 3774 757
f 757 3774 3773
f 757 3773 755
f 755 3773 3772
f 755 3772 753
f 3772 3771 753
f 753 3771 3769
f 753 3769 758
f 3769 3768 758
f 758 3768 3763
f 758 3763 759
f 759 3763 3762
f 759 3762 760
f 760 3762 3767
f 760 3767 742
f 742 3767 743
f 3767 3766 743
f 743 3766 3765
f 743 3765 745
f 745 3765 3760
f 745 3760 746
f 746 3760 3758
f 746 3758 748
f 748 3758 3756
f 748 3756 3755
f 709 3836 710
f 710 3836 3835
f 710 3835 714
f 714 3835 3834
f 714 3834 713
f 713 3834 3833
f 713 3833 711
f 3833 3832 711
f 711 3832 3831
f 711 3831 734
f 734 3831 3830
f 734 3830 735
f 735 3830 3829
f 735 3829 737
f 737 3829 3828
f 737 3828 738
f 738 3828 3827
f 738 3827 739
f 739 3827 3826
f 739 3826 740
f 740 3826 3825
f 740 3825 741
f 3825 3824 741
f 741 3824 3823
f 741 3823 727
f 727 3823 3822
f 727 3822 726
f 726 3822 3858
f 726 3858 724
f 724 3858 3857
f 724 3857 728
f 728 3857 3856
f 728 3856 729
f 729 3856 731
f 731 3856 3855
f 731 3855 732
f 3855 3854 732
f 732 3854 3853
f 732 3853 733
f 733 3853 3852
f 733 3852 720
f 720 3852 3851
f 720 3851 719
f 3851 3850 719
f 719 3850 3849
f 719 3849 717
f 717 3849 3848
f 717 3848 715
f 3848 3847 715
f 715 3847 3846
f 715 3846 721
f 3846 3845 721
f 721 3845 3841
f 721 3841 722
f 722 3841 3840
f 722 3840 723
f 723 3840 703
f 703 3840 3844
f 703 3844 704
f 3844 3843 704
f 704 3843 3842
f 704 3842 706
f 706 3842 3839
f 706 3839 707
f 707 3839 3838
f 707 3838 709
f 709 3838 3837
f 709 3837 3836
f 670 669 3687
f 3687 669 3690
f 3690 669 666
f 3690 666 3691
f 3691 666 665
f 3691 665 3693
f 3693 665 679
f 3693 679 3694
f 3694 679 678
f 3694 678 3695
f 3695 678 3696
f 3696 678 691
f 3696 691 3701
f 3701 691 690
f 3701 690 3700
f 686 3698 688
f 688 3698 3700
f 688 3700 689
f 689 3700 690
f 685 3703 686
f 686 3703 3702
f 686 3702 3698
f 3709 3707 685
f 685 3707 3705
f 685 3705 3703
f 681 3711 683
f 683 3711 3709
f 683 3709 684
f 684 3709 685
f 3718 3716 702
f 702 3716 3715
f 702 3715 680
f 680 3715 3714
f 680 3714 681
f 681 3714 3713
f 681 3713 3711
f 702 701 3718
f 3718 701 700
f 3718 700 3719
f 3719 700 696
f 3719 696 3720
f 3720 696 698
f 3720 698 3721
f 3721 698 699
f 3721 699 3723
f 3723 699 693
f 3723 693 3724
f 676 675 3728
f 693 692 3724
f 3724 692 695
f 3724 695 3725
f 3725 695 676
f 3725 676 3726
f 3726 676 3728
f 3687 3685 670
f 670 3685 3684
f 670 3684 671
f 671 3684 3734
f 671 3734 672
f 672 3734 3733
f 672 3733 673
f 673 3733 3731
f 673 3731 675
f 675 3731 3730
f 675 3730 3728
f 3009 1707 3008
f 3008 1707 1712
f 2991 1674 3019
f 3019 1674 1676
f 3019 1676 3018
f 3018 1676 1678
f 3018 1678 3017
f 3017 1678 1697
f 3017 1697 3016
f 3016 1697 1696
f 3016 1696 3015
f 3015 1696 1695
f 3015 1695 3014
f 3014 1695 1700
f 3014 1700 3013
f 3013 1700 1683
f 3013 1683 3012
f 3012 1683 1685
f 3012 1685 3011
f 3011 1685 1704
f 3011 1704 3010
f 3010 1704 1703
f 3010 1703 3009
f 3009 1703 1708
f 3009 1708 1707
f 1719 1718 3004
f 3004 1718 1723
f 3004 1723 3003
f 3003 1723 1722
f 3003 1722 3002
f 3002 1722 1730
f 3002 1730 3001
f 3001 1730 1729
f 3001 1729 3000
f 3000 1729 1727
f 3000 1727 2999
f 2999 1727 1733
f 2999 1733 2998
f 2998 1733 1736
f 2998 1736 2997
f 2997 1736 1738
f 2997 1738 2996
f 2996 1738 1747
f 2996 1747 2995
f 2995 1747 1751
f 2995 1751 2994
f 2994 1751 1750
f 2994 1750 2993
f 2993 1750 1759
f 2993 1759 2992
f 2992 1759 1761
f 2992 1761 2991
f 2991 1761 1672
f 2991 1672 1674
f 1712 1710 3008
f 3008 1710 1709
f 3008 1709 3007
f 3007 1709 1715
f 3007 1715 3006
f 3006 1715 1717
f 3006 1717 3005
f 3005 1717 1721
f 3005 1721 3004
f 3004 1721 1720
f 3004 1720 1719
f 1511 1513 561
f 561 599 597
f 1578 1128 567
f 609 607 556
f 556 607 605
f 556 605 544
f 544 605 603
f 544 603 543
f 639 574 572
f 599 655 552
f 552 655 653
f 552 653 551
f 551 653 651
f 551 651 593
f 543 603 562
f 562 603 661
f 562 661 561
f 561 661 659
f 561 659 599
f 599 659 657
f 599 657 655
f 1509 1511 1507
f 1507 1511 561
f 1507 561 1505
f 1505 561 597
f 1573 1578 1569
f 1569 1578 567
f 1569 567 1567
f 1567 567 1562
f 1547 1549 1542
f 1542 1549 1538
f 641 547 643
f 643 547 548
f 643 548 645
f 645 548 587
f 645 587 647
f 647 587 585
f 647 585 649
f 1517 1519 590
f 590 1519 1521
f 590 1521 1523
f 1557 1560 619
f 554 1139 1549
f 1549 1139 1536
f 1549 1536 1538
f 1527 1529 1531
f 572 578 639
f 639 578 581
f 639 581 641
f 641 581 577
f 641 577 547
f 651 649 593
f 593 649 585
f 593 585 590
f 590 585 1515
f 590 1515 1517
f 639 637 574
f 574 637 635
f 574 635 540
f 540 635 633
f 540 633 539
f 539 633 631
f 539 631 568
f 568 631 567
f 619 1560 621
f 621 1560 1562
f 621 1562 623
f 631 629 567
f 567 629 627
f 567 627 1562
f 1562 627 625
f 1562 625 623
f 1557 619 1554
f 1554 619 617
f 1554 617 1549
f 1549 617 615
f 1549 615 613
f 613 611 1549
f 1549 611 609
f 1549 609 554
f 554 609 556
f 1533 578 1531
f 1531 578 572
f 1531 572 1527
f 1527 572 1525
f 1580 1577 3859
f 1575 1568 3860
f 1565 1561 3861
f 3861 1561 3862
f 1551 1546 3863
f 1544 1537 3864
f 1118 1121 3865
f 1110 1116 3866
f 1114 1113 3867
f 1097 1096 3868
f 1083 1089 3869
f 1087 1086 3870
f 1074 1088 3871
f 1078 1077 3872
f 1138 1137 1579
f 1138 1579 1131
f 1579 3873 1131
f 1131 3873 3874
f 1131 3874 1129
f 3875 1132 3874
f 3874 1132 1130
f 3874 1130 1129
f 1119 1069 3876
f 3876 1069 1070
f 1070 1136 3876
f 3876 1136 1135
f 3876 1135 3875
f 3875 1135 1133
f 3875 1133 1132
f 3877 1143 1141
f 1143 3877 1144
f 1144 3877 3878
f 1144 3878 1145
f 1145 3878 1146
f 1146 3878 3879
f 1146 3879 1147
f 1147 3879 1148
f 1148 3879 3880
f 1148 3880 1149
f 1149 3880 1150
f 1150 3880 1535
f 1150 1535 1151
f 1078 3877 1079
f 1079 3877 1141
f 1079 1141 1080
f 1077 1075 3881
f 3881 1075 1074
f 1087 3870 1088
f 1086 1084 3882
f 3882 1084 1083
f 1089 1091 3883
f 3883 1091 1098
f 3883 1098 1097
f 3868 1096 3884
f 1096 1094 3884
f 3884 1094 1093
f 3884 1093 3885
f 3885 1093 1105
f 3885 1105 3886
f 1105 1104 3886
f 3886 1104 1103
f 3886 1103 3887
f 1103 1101 3887
f 3887 1101 1100
f 3887 1100 3888
f 3888 1100 1106
f 3888 1106 1108
f 1108 1115 3889
f 3889 1115 1114
f 1113 1111 3890
f 3890 1111 1110
f 1118 3865 1116
f 1121 1120 3891
f 3891 1120 1119
f 3888 3892 3887
f 3887 3892 3893
f 3887 3893 3886
f 3886 3893 3894
f 3886 3894 3885
f 3885 3894 3895
f 3885 3895 3884
f 3884 3895 3896
f 3884 3896 3868
f 3868 3896 3897
f 3892 3898 3893
f 3893 3898 3899
f 3893 3899 3894
f 3894 3899 3900
f 3894 3900 3895
f 3895 3900 3901
f 3895 3901 3896
f 3896 3901 3902
f 3896 3902 3897
f 3897 3902 3903
f 3898 3861 3899
f 3899 3861 3862
f 3899 3862 3900
f 3900 3862 3904
f 3900 3904 3901
f 3901 3904 3905
f 3901 3905 3902
f 3902 3905 3906
f 3902 3906 3903
f 3903 3906 3907
f 3908 1539 1540
f 1078 3872 3877
f 3877 3872 3909
f 3877 3909 3878
f 3878 3909 3910
f 3878 3910 3879
f 3879 3910 3908
f 3879 3908 3880
f 3880 3908 1540
f 3880 1540 1535
f 1077 3881 3872
f 3872 3881 3911
f 3872 3911 3909
f 3909 3911 3912
f 3909 3912 3910
f 3910 3912 3864
f 3910 3864 3908
f 3908 3864 1537
f 3908 1537 1539
f 1074 3871 3881
f 3881 3871 3913
f 3881 3913 3911
f 3911 3913 3914
f 3911 3914 3912
f 3912 3914 3915
f 3912 3915 3864
f 3864 3915 1543
f 3864 1543 1544
f 3916 1545 1541
f 1088 3870 3871
f 3871 3870 3917
f 3871 3917 3913
f 3913 3917 3918
f 3913 3918 3914
f 3914 3918 3916
f 3914 3916 3915
f 3915 3916 1541
f 3915 1541 1543
f 1086 3882 3870
f 3870 3882 3919
f 3870 3919 3917
f 3917 3919 3920
f 3917 3920 3918
f 3918 3920 3863
f 3918 3863 3916
f 3916 3863 1546
f 3916 1546 1545
f 1083 3869 3882
f 3882 3869 3921
f 3882 3921 3919
f 3919 3921 3922
f 3919 3922 3920
f 3920 3922 3923
f 3920 3923 3863
f 3863 3923 1550
f 3863 1550 1551
f 3924 1552 1548
f 1089 3883 3869
f 3869 3883 3925
f 3869 3925 3921
f 3921 3925 3926
f 3921 3926 3922
f 3922 3926 3924
f 3922 3924 3923
f 3923 3924 1548
f 3923 1548 1550
f 1097 3868 3883
f 3883 3868 3897
f 3883 3897 3925
f 3925 3897 3903
f 3925 3903 3926
f 3926 3903 3907
f 3926 3907 3924
f 3924 3907 1553
f 3924 1553 1552
f 1561 1563 3862
f 3862 1563 1564
f 3862 1564 3904
f 3904 1564 1559
f 3904 1559 3905
f 3905 1559 1558
f 3905 1558 3906
f 3906 1558 1556
f 3906 1556 3907
f 3907 1556 1555
f 3907 1555 1553
f 1108 3889 3888
f 3888 3889 3927
f 3888 3927 3892
f 3892 3927 3928
f 3892 3928 3898
f 3898 3928 3929
f 3898 3929 3861
f 3861 3929 1566
f 3861 1566 1565
f 3930 1570 1571
f 1114 3867 3889
f 3889 3867 3931
f 3889 3931 3927
f 3927 3931 3932
f 3927 3932 3928
f 3928 3932 3930
f 3928 3930 3929
f 3929 3930 1571
f 3929 1571 1566
f 1113 3890 3867
f 3867 3890 3933
f 3867 3933 3931
f 3931 3933 3934
f 3931 3934 3932
f 3932 3934 3860
f 3932 3860 3930
f 3930 3860 1568
f 3930 1568 1570
f 1110 3866 3890
f 3890 3866 3935
f 3890 3935 3933
f 3933 3935 3936
f 3933 3936 3934
f 3934 3936 3937
f 3934 3937 3860
f 3860 3937 1574
f 3860 1574 1575
f 3938 1576 1572
f 1116 3865 3866
f 3866 3865 3939
f 3866 3939 3935
f 3935 3939 3940
f 3935 3940 3936
f 3936 3940 3938
f 3936 3938 3937
f 3937 3938 1572
f 3937 1572 1574
f 1121 3891 3865
f 3865 3891 3941
f 3865 3941 3939
f 3939 3941 3942
f 3939 3942 3940
f 3940 3942 3859
f 3940 3859 3938
f 3938 3859 1577
f 3938 1577 1576
f 1119 3876 3891
f 3891 3876 3875
f 3891 3875 3941
f 3941 3875 3874
f 3941 3874 3942
f 3942 3874 3873
f 3942 3873 3859
f 3859 3873 1579
f 3859 1579 1580
f 3943 3944 3945
f 3945 3944 3946
f 3945 3946 3947
f 3947 3946 3948
f 3947 3948 3949
f 3950 3951 3952
f 3952 3951 3953
f 3952 3953 3943
f 3943 3953 3954
f 3943 3954 3944
f 3955 3956 3950
f 3950 3956 3957
f 3950 3957 3951
f 3958 3959 3960
f 3960 3959 3961
f 3960 3961 3962
f 3963 3964 3965
f 3965 3964 3966
f 3965 3966 3958
f 3958 3966 3967
f 3958 3967 3959
f 3968 3969 3970
f 3970 3969 3971
f 3970 3971 3963
f 3963 3971 3972
f 3963 3972 3964
f 3973 3974 3975
f 3975 3974 3976
f 3975 3976 3955
f 3955 3976 3977
f 3955 3977 3956
f 3978 3979 3980
f 3980 3979 3981
f 3980 3981 3982
f 3983 3984 3985
f 3985 3984 3986
f 3985 3986 3978
f 3978 3986 3987
f 3978 3987 3979
f 3961 3988 3962
f 3962 3988 3989
f 3962 3989 3983
f 3983 3989 3990
f 3983 3990 3984
f 3991 3992 3993
f 3993 3992 3994
f 3993 3994 3968
f 3968 3994 3995
f 3968 3995 3969
f 3981 3996 3982
f 3982 3996 3997
f 3982 3997 3998
f 3998 3997 3999
f 3998 3999 3973
f 3973 3999 4000
f 3973 4000 3974
f 4001 4002 3991
f 3991 4002 4003
f 3991 4003 3992
f 3948 4004 3949
f 3949 4004 4005
f 3949 4005 4006
f 4006 4005 4007
f 4006 4007 4001
f 4001 4007 4008
f 4001 4008 4002
f 4009 4010 4011
f 4011 4010 4012
f 4011 4012 4013
f 4014 4015 4016
f 4017 4018 4019
f 4019 4018 4020
f 4019 4020 4021
f 4022 4023 4024
f 4024 4023 4025
f 4024 4025 4009
f 4009 4025 4026
f 4009 4026 4010
f 4027 4028 4029
f 4029 4028 4030
f 4029 4030 4031
f 4016 4032 4014
f 4014 4032 4033
f 4014 4033 4034
f 4034 4033 4035
f 4034 4035 4017
f 4017 4035 4036
f 4017 4036 4018
f 4012 4037 4013
f 4013 4037 4038
f 4013 4038 4039
f 4039 4038 4040
f 4039 4040 4015
f 4015 4040 4041
f 4015 4041 4016
f 4042 4043 4044
f 4044 4043 4045
f 4044 4045 4046
f 4030 4047 4031
f 4031 4047 4048
f 4031 4048 4049
f 4049 4048 4050
f 4049 4050 4051
f 4051 4050 4052
f 4051 4052 4042
f 4042 4052 4053
f 4042 4053 4043
f 4054 4055 4027
f 4027 4055 4056
f 4027 4056 4028
f 4020 4057 4021
f 4021 4057 4058
f 4021 4058 4059
f 4059 4058 4060
f 4059 4060 4061
f 4062 4063 4064
f 4064 4063 4065
f 4064 4065 4022
f 4022 4065 4066
f 4022 4066 4023
f 4060 4067 4061
f 4061 4067 4068
f 4061 4068 4069
f 4069 4068 4070
f 4069 4070 4054
f 4054 4070 4071
f 4054 4071 4055
f 4045 4072 4046
f 4046 4072 4073
f 4046 4073 4062
f 4062 4073 4074
f 4062 4074 4063
f 4004 3948 4052
f 4052 3948 4053
f 3948 3946 4053
f 4053 3946 3944
f 4053 3944 4043
f 4043 3944 3954
f 4043 3954 4045
f 4045 3954 3953
f 4045 3953 4072
f 4072 3953 3951
f 4072 3951 4073
f 4073 3951 3957
f 4073 3957 4074
f 4074 3957 3956
f 4074 3956 4063
f 4063 3956 3977
f 4063 3977 4065
f 4065 3977 3976
f 4065 3976 4066
f 4066 3976 3974
f 4066 3974 4023
f 4023 3974 4000
f 4023 4000 4025
f 4025 4000 3999
f 4025 3999 4026
f 4026 3999 3997
f 4026 3997 4010
f 4010 3997 3996
f 4010 3996 4012
f 4012 3996 3981
f 4012 3981 4037
f 4037 3981 3979
f 4037 3979 4038
f 4038 3979 3987
f 4038 3987 4040
f 4040 3987 3986
f 4040 3986 4041
f 4041 3986 3984
f 4041 3984 4016
f 4016 3984 3990
f 4016 3990 4032
f 4032 3990 3989
f 4032 3989 4033
f 4033 3989 3988
f 4033 3988 4035
f 4035 3988 3961
f 4035 3961 4036
f 4036 3961 3959
f 4036 3959 4018
f 4018 3959 3967
f 4018 3967 4020
f 4020 3967 3966
f 4020 3966 4057
f 4057 3966 3964
f 4057 3964 4058
f 4058 3964 3972
f 4058 3972 4060
f 4060 3972 3971
f 4060 3971 4067
f 4067 3971 3969
f 4067 3969 4068
f 4068 3969 3995
f 4068 3995 4070
f 4070 3995 3994
f 4070 3994 4071
f 4071 3994 3992
f 4071 3992 4055
f 4055 3992 4003
f 4055 4003 4056
f 4056 4003 4002
f 4056 4002 4028
f 4028 4002 4008
f 4028 4008 4030
f 4030 4008 4007
f 4030 4007 4047
f 4047 4007 4005
f 4047 4005 4048
f 4048 4005 4004
f 4048 4004 4050
f 4050 4004 4052
f 3983 4014 3962
f 3962 4014 4034
f 3962 4034 3960
f 3960 4034 4017
f 3960 4017 3958
f 3958 4017 4019
f 3958 4019 3965
f 3965 4019 4021
f 3965 4021 3963
f 3963 4021 4059
f 3963 4059 3970
f 3970 4059 4061
f 3970 4061 3968
f 3968 4061 4069
f 3968 4069 3993
f 3993 4069 4054
f 3993 4054 3991
f 3991 4054 4027
f 3991 4027 4001
f 4001 4027 4029
f 4001 4029 4006
f 4006 4029 4031
f 4006 4031 3949
f 3949 4031 4049
f 3949 4049 3947
f 3947 4049 4051
f 3947 4051 3945
f 3945 4051 4042
f 3945 4042 3943
f 3943 4042 4044
f 3943 4044 3952
f 3952 4044 4046
f 3952 4046 3950
f 3950 4046 4062
f 3950 4062 3955
f 3955 4062 4064
f 3955 4064 3975
f 3975 4064 4022
f 3975 4022 3973
f 3973 4022 4024
f 3973 4024 3998
f 3998 4024 4009
f 3998 4009 3982
f 3982 4009 4011
f 3982 4011 3980
f 3980 4011 4013
f 3980 4013 3978
f 3978 4013 4039
f 3978 4039 3985
f 3985 4039 4015
f 3985 4015 3983
f 3983 4015 4014
f 4075 4076 4077
f 4077 4076 4078
f 4077 4078 4079
f 4079 4078 4080
f 4079 4080 4081
f 4082 4083 4084
f 4084 4083 4085
f 4084 4085 4075
f 4075 4085 4086
f 4075 4086 4076
f 4087 4088 4082
f 4082 4088 4089
f 4082 4089 4083
f 4090 4091 4092
f 4092 4091 4093
f 4092 4093 4094
f 4095 4096 4097
f 4097 4096 4098
f 4097 4098 4090
f 4090 4098 4099
f 4090 4099 4091
f 4100 4101 4102
f 4102 4101 4103
f 4102 4103 4095
f 4095 4103 4104
f 4095 4104 4096
f 4105 4106 4107
f 4107 4106 4108
f 4107 4108 4087
f 4087 4108 4109
f 4087 4109 4088
f 4110 4111 4112
f 4112 4111 4113
f 4112 4113 4114
f 4115 4116 4117
f 4117 4116 4118
f 4117 4118 4110
f 4110 4118 4119
f 4110 4119 4111
f 4093 4120 4094
f 4094 4120 4121
f 4094 4121 4115
f 4115 4121 4122
f 4115 4122 4116
f 4123 4124 4125
f 4125 4124 4126
f 4125 4126 4100
f 4100 4126 4127
f 4100 4127 4101
f 4113 4128 4114
f 4114 4128 4129
f 4114 4129 4130
f 4130 4129 4131
f 4130 4131 4105
f 4105 4131 4132
f 4105 4132 4106
f 4133 4134 4123
f 4123 4134 4135
f 4123 4135 4124
f 4080 4136 4081
f 4081 4136 4137
f 4081 4137 4138
f 4138 4137 4139
f 4138 4139 4133
f 4133 4139 4140
f 4133 4140 4134
f 4141 4142 4143
f 4143 4142 4144
f 4143 4144 4145
f 4146 4147 4148
f 4149 4150 4151
f 4151 4150 4152
f 4151 4152 4153
f 4154 4155 4156
f 4156 4155 4157
f 4156 4157 4141
f 4141 4157 4158
f 4141 4158 4142
f 4159 4160 4161
f 4161 4160 4162
f 4161 4162 4163
f 4148 4164 4146
f 4146 4164 4165
f 4146 4165 4166
f 4166 4165 4167
f 4166 4167 4149
f 4149 4167 4168
f 4149 4168 4150
f 4144 4169 4145
f 4145 4169 4170
f 4145 4170 4171
f 4171 4170 4172
f 4171 4172 4147
f 4147 4172 4173
f 4147 4173 4148
f 4174 4175 4176
f 4176 4175 4177
f 4176 4177 4178
f 4162 4179 4163
f 4163 4179 4180
f 4163 4180 4181
f 4181 4180 4182
f 4181 4182 4183
f 4183 4182 4184
f 4183 4184 4174
f 4174 4184 4185
f 4174 4185 4175
f 4186 4187 4159
f 4159 4187 4188
f 4159 4188 4160
f 4152 4189 4153
f 4153 4189 4190
f 4153 4190 4191
f 4191 4190 4192
f 4191 4192 4193
f 4194 4195 4196
f 4196 4195 4197
f 4196 4197 4154
f 4154 4197 4198
f 4154 4198 4155
f 4192 4199 4193
f 4193 4199 4200
f 4193 4200 4201
f 4201 4200 4202
f 4201 4202 4186
f 4186 4202 4203
f 4186 4203 4187
f 4177 4204 4178
f 4178 4204 4205
f 4178 4205 4194
f 4194 4205 4206
f 4194 4206 4195
f 4136 4080 4184
f 4184 4080 4185
f 4080 4078 4185
f 4185 4078 4076
f 4185 4076 4175
f 4175 4076 4086
f 4175 4086 4177
f 4177 4086 4085
f 4177 4085 4204
f 4204 4085 4083
f 4204 4083 4205
f 4205 4083 4089
f 4205 4089 4206
f 4206 4089 4088
f 4206 4088 4195
f 4195 4088 4109
f 4195 4109 4197
f 4197 4109 4108
f 4197 4108 4198
f 4198 4108 4106
f 4198 4106 4155
f 4155 4106 4132
f 4155 4132 4157
f 4157 4132 4131
f 4157 4131 4158
f 4158 4131 4129
f 4158 4129 4142
f 4142 4129 4128
f 4142 4128 4144
f 4144 4128 4113
f 4144 4113 4169
f 4169 4113 4111
f 4169 4111 4170
f 4170 4111 4119
f 4170 4119 4172
f 4172 4119 4118
f 4172 4118 4173
f 4173 4118 4116
f 4173 4116 4148
f 4148 4116 4122
f 4148 4122 4164
f 4164 4122 4121
f 4164 4121 4165
f 4165 4121 4120
f 4165 4120 4167
f 4167 4120 4093
f 4167 4093 4168
f 4168 4093 4091
f 4168 4091 4150
f 4150 4091 4099
f 4150 4099 4152
f 4152 4099 4098
f 4152 4098 4189
f 4189 4098 4096
f 4189 4096 4190
f 4190 4096 4104
f 4190 4104 4192
f 4192 4104 4103
f 4192 4103 4199
f 4199 4103 4101
f 4199 4101 4200
f 4200 4101 4127
f 4200 4127 4202
f 4202 4127 4126
f 4202 4126 4203
f 4203 4126 4124
f 4203 4124 4187
f 4187 4124 4135
f 4187 4135 4188
f 4188 4135 4134
f 4188 4134 4160
f 4160 4134 4140
f 4160 4140 4162
f 4162 4140 4139
f 4162 4139 4179
f 4179 4139 4137
f 4179 4137 4180
f 4180 4137 4136
f 4180 4136 4182
f 4182 4136 4184
f 4115 4146 4094
f 4094 4146 4166
f 4094 4166 4092
f 4092 4166 4149
f 4092 4149 4090
f 4090 4149 4151
f 4090 4151 4097
f 4097 4151 4153
f 4097 4153 4095
f 4095 4153 4191
f 4095 4191 4102
f 4102 4191 4193
f 4102 4193 4100
f 4100 4193 4201
f 4100 4201 4125
f 4125 4201 4186
f 4125 4186 4123
f 4123 4186 4159
f 4123 4159 4133
f 4133 4159 4161
f 4133 4161 4138
f 4138 4161 4163
f 4138 4163 4081
f 4081 4163 4181
f 4081 4181 4079
f 4079 4181 4183
f 4079 4183 4077
f 4077 4183 4174
f 4077 4174 4075
f 4075 4174 4176
f 4075 4176 4084
f 4084 4176 4178
f 4084 4178 4082
f 4082 4178 4194
f 4082 4194 4087
f 4087 4194 4196
f 4087 4196 4107
f 4107 4196 4154
f 4107 4154 4105
f 4105 4154 4156
f 4105 4156 4130
f 4130 4156 4141
f 4130 4141 4114
f 4114 4141 4143
f 4114 4143 4112
f 4112 4143 4145
f 4112 4145 4110
f 4110 4145 4171
f 4110 4171 4117
f 4117 4171 4147
f 4117 4147 4115
f 4115 4147 4146
f 4207 4208 4209
f 4209 4208 4210
f 4211 4210 4212
f 4213 4214 4215
f 4215 4214 4216
f 4215 4216 4217
f 4217 4218 4215
f 4215 4218 4219
f 4215 4219 4209
f 4209 4219 4220
f 4209 4220 4207
f 4221 4222 4223
f 4223 4224 4221
f 4221 4224 4225
f 4221 4225 4226
f 4226 4227 4221
f 4221 4227 4228
f 4221 4228 4229
f 4230 4231 4232
f 4232 4231 4233
f 4233 4234 4232
f 4232 4234 4235
f 4232 4235 4236
f 4236 4237 4232
f 4232 4237 4238
f 4232 4238 4213
f 4213 4238 4239
f 4213 4239 4214
f 4240 4241 4242
f 4212 4243 4211
f 4211 4243 4244
f 4211 4244 4242
f 4242 4244 4240
f 4241 4245 4242
f 4242 4245 4246
f 4242 4246 4222
f 4222 4246 4247
f 4222 4247 4223
f 4248 4249 4250
f 4250 4249 4251
f 4250 4251 4252
f 4252 4253 4250
f 4250 4253 4254
f 4250 4254 4255
f 4255 4256 4250
f 4250 4256 4257
f 4250 4257 4258
f 4259 4258 4260
f 4260 4261 4259
f 4259 4261 4262
f 4259 4262 4263
f 4264 4265 4266
f 4266 4265 4267
f 4266 4267 4248
f 4248 4267 4268
f 4248 4268 4249
f 4269 4270 4271
f 4271 4272 4269
f 4269 4272 4273
f 4269 4273 4274
f 4275 4276 4277
f 4277 4278 4275
f 4275 4278 4279
f 4275 4279 4266
f 4266 4279 4280
f 4266 4280 4264
f 4263 4281 4259
f 4259 4281 4282
f 4259 4282 4283
f 4283 4282 4284
f 4283 4284 4285
f 4286 4287 4288
f 4288 4287 4289
f 4288 4289 4269
f 4269 4289 4290
f 4269 4290 4270
f 4285 4291 4283
f 4283 4291 4292
f 4283 4292 4288
f 4288 4292 4293
f 4288 4293 4286
f 4294 4295 4296
f 4296 4295 4297
f 4296 4297 4298
f 4298 4299 4300
f 4300 4299 4301
f 4302 4303 4304
f 4304 4303 4300
f 4304 4300 4305
f 4305 4300 4301
f 4306 4307 4308
f 4309 4310 4311
f 4311 4310 4308
f 4311 4308 4312
f 4312 4308 4307
f 4309 4313 4310
f 4310 4313 4314
f 4310 4314 4296
f 4296 4314 4315
f 4296 4315 4294
f 4316 4317 4318
f 4318 4317 4319
f 4318 4319 4320
f 4321 4322 4323
f 4323 4322 4324
f 4324 4325 4323
f 4323 4325 4326
f 4323 4326 4308
f 4308 4326 4327
f 4308 4327 4306
f 4302 4328 4303
f 4303 4328 4329
f 4303 4329 4330
f 4330 4329 4331
f 4330 4331 4332
f 4332 4333 4330
f 4330 4333 4334
f 4330 4334 4318
f 4318 4334 4335
f 4318 4335 4316
f 4336 4337 4338
f 4339 4340 4341
f 4341 4340 4342
f 4342 4343 4341
f 4341 4343 4344
f 4341 4344 4345
f 4345 4346 4341
f 4341 4346 4347
f 4341 4347 4336
f 4336 4347 4348
f 4336 4348 4337
f 4349 4350 4351
f 4351 4352 4349
f 4349 4352 4353
f 4349 4353 4339
f 4339 4353 4354
f 4339 4354 4340
f 4355 4356 4357
f 4357 4356 4358
f 4358 4359 4357
f 4357 4359 4360
f 4357 4360 4361
f 4350 4349 4362
f 4362 4349 4363
f 4362 4363 4364
f 4365 4355 4366
f 4366 4355 4367
f 4365 4368 4355
f 4355 4368 4369
f 4355 4369 4356
f 4370 4371 4372
f 4370 4372 4373
f 4338 4374 4375
f 4375 4374 4376
f 4375 4376 4372
f 4372 4376 4377
f 4372 4377 4373
f 4371 4378 4372
f 4372 4378 4379
f 4372 4379 4380
f 4380 4379 4381
f 4381 4382 4380
f 4380 4382 4383
f 4380 4383 4355
f 4355 4383 4384
f 4355 4384 4367
f 4338 4375 4336
f 4336 4375 4385
f 4336 4385 4386
f 4386 4385 4387
f 4386 4387 4388
f 4388 4387 4389
f 4388 4389 4390
f 4390 4389 4391
f 4390 4391 4392
f 4392 4391 4318
f 4392 4318 4323
f 4323 4318 4320
f 4323 4320 4321
f 4298 4300 4296
f 4296 4300 4393
f 4296 4393 4394
f 4394 4393 4395
f 4394 4395 4396
f 4396 4395 4269
f 4396 4269 4275
f 4275 4269 4274
f 4275 4274 4276
f 4258 4259 4250
f 4250 4259 4397
f 4250 4397 4398
f 4398 4397 4399
f 4398 4399 4400
f 4400 4399 4401
f 4400 4401 4402
f 4402 4401 4403
f 4402 4403 4404
f 4404 4403 4405
f 4404 4405 4406
f 4406 4405 4221
f 4406 4221 4232
f 4232 4221 4229
f 4232 4229 4230
f 4210 4211 4209
f 4209 4211 4407
f 4209 4407 4408
f 4408 4407 4409
f 4408 4409 4410
f 4410 4409 4357
f 4410 4357 4363
f 4363 4357 4361
f 4363 4361 4364
f 4411 4412 4413
f 4413 4412 4414
f 4413 4414 4415
f 4415 4414 4416
f 4415 4416 4417
f 4417 4416 4418
f 4417 4418 4419
f 4419 4418 4420
f 4419 4420 4421
f 4421 4420 4422
f 4421 4422 4423
f 4423 4422 4424
f 4423 4424 4425
f 4425 4424 4426
f 4425 4426 4427
f 4427 4426 4428
f 4427 4428 4429
f 4429 4428 4430
f 4429 4430 4431
f 4431 4430 4432
f 4431 4432 4433
f 4433 4432 4434
f 4433 4434 4435
f 4435 4434 4436
f 4435 4436 4437
f 4437 4436 4438
f 4437 4438 4439
f 4439 4438 4440
f 4439 4440 4441
f 4441 4440 4442
f 4441 4442 4443
f 4443 4442 4444
f 4443 4444 4411
f 4411 4444 4412
f 4445 4446 4447
f 4447 4446 4448
f 4447 4448 4449
f 4450 4451 4452
f 4449 4453 4447
f 4447 4453 4454
f 4447 4454 4450
f 4451 4455 4452
f 4452 4455 4456
f 4452 4456 4457
f 4457 4458 4452
f 4452 4458 4459
f 4452 4459 4460
f 4461 4462 4463
f 4463 4462 4464
f 4463 4464 4465
f 4465 4466 4463
f 4463 4466 4467
f 4463 4467 4468
f 4469 4470 4471
f 4471 4470 4472
f 4471 4472 4473
f 4473 4474 4471
f 4471 4474 4475
f 4471 4475 4476
f 4450 4452 4447
f 4447 4452 4477
f 4447 4477 4478
f 4478 4477 4479
f 4478 4479 4480
f 4480 4479 4481
f 4480 4481 4482
f 4482 4481 4483
f 4482 4483 4484
f 4484 4483 4485
f 4484 4485 4486
f 4486 4485 4487
f 4486 4487 4488
f 4488 4487 4489
f 4488 4489 4490
f 4490 4489 4491
f 4490 4491 4492
f 4492 4491 4493
f 4492 4493 4494
f 4494 4493 4495
f 4494 4495 4496
f 4496 4495 4497
f 4496 4497 4498
f 4498 4497 4499
f 4498 4499 4500
f 4500 4499 4501
f 4500 4501 4502
f 4502 4501 4503
f 4502 4503 4504
f 4504 4503 4505
f 4504 4505 4506
f 4506 4505 4507
f 4506 4507 4508
f 4508 4507 4509
f 4508 4509 4510
f 4510 4509 4511
f 4510 4511 4512
f 4512 4511 4513
f 4512 4513 4514
f 4514 4513 4463
f 4514 4463 4471
f 4471 4463 4468
f 4471 4468 4469
f 4515 4516 4517
f 4518 4519 4483
f 4520 4499 4521
f 4521 4499 4497
f 4521 4497 4522
f 4483 4481 4518
f 4518 4481 4479
f 4518 4479 4523
f 4523 4479 4477
f 4523 4477 4524
f 4525 4526 4527
f 4527 4526 4528
f 4529 4489 4530
f 4530 4489 4487
f 4530 4487 4519
f 4519 4487 4485
f 4519 4485 4483
f 4531 4505 4532
f 4532 4505 4503
f 4532 4503 4520
f 4520 4503 4501
f 4520 4501 4499
f 4477 4452 4524
f 4524 4452 4460
f 4524 4460 4533
f 4497 4495 4522
f 4522 4495 4493
f 4522 4493 4529
f 4529 4493 4491
f 4529 4491 4489
f 4534 4535 4531
f 4531 4535 4461
f 4460 4536 4533
f 4533 4536 4537
f 4533 4537 4538
f 4539 4528 4540
f 4528 4541 4540
f 4540 4541 4542
f 4540 4542 4543
f 4543 4542 4533
f 4543 4533 4544
f 4544 4533 4538
f 4540 4545 4539
f 4539 4545 4546
f 4539 4546 4517
f 4517 4546 4547
f 4517 4547 4515
f 4548 4549 4531
f 4531 4549 4550
f 4531 4550 4534
f 4551 4552 4553
f 4553 4552 4554
f 4553 4554 4555
f 4555 4554 4556
f 4555 4556 4557
f 4461 4463 4531
f 4531 4463 4513
f 4531 4513 4511
f 4539 4558 4528
f 4528 4558 4555
f 4528 4555 4527
f 4527 4555 4557
f 4511 4509 4531
f 4531 4509 4507
f 4531 4507 4505
f 4559 4560 4531
f 4531 4560 4561
f 4525 4527 4531
f 4531 4527 4562
f 4531 4562 4559
f 4561 4563 4531
f 4531 4563 4564
f 4531 4564 4548
f 4429 4510 4427
f 4427 4510 4512
f 4427 4512 4425
f 4565 4566 4411
f 4421 4567 4419
f 4419 4567 4417
f 4568 4413 4415
f 4569 4570 4571
f 4431 4506 4429
f 4429 4506 4508
f 4429 4508 4510
f 4439 4494 4437
f 4437 4494 4496
f 4437 4496 4435
f 4423 4572 4421
f 4421 4572 4573
f 4421 4573 4574
f 4496 4498 4435
f 4435 4498 4500
f 4435 4500 4433
f 4433 4500 4502
f 4433 4502 4431
f 4431 4502 4504
f 4431 4504 4506
f 4441 4490 4439
f 4439 4490 4492
f 4439 4492 4494
f 4575 4576 4411
f 4411 4576 4577
f 4411 4577 4565
f 4411 4484 4443
f 4443 4484 4486
f 4443 4486 4441
f 4441 4486 4488
f 4441 4488 4490
f 4574 4578 4421
f 4421 4578 4579
f 4421 4579 4567
f 4512 4514 4425
f 4425 4514 4471
f 4425 4471 4423
f 4423 4471 4476
f 4423 4476 4572
f 4570 4580 4571
f 4571 4580 4581
f 4571 4581 4582
f 4582 4581 4583
f 4582 4583 4584
f 4584 4583 4585
f 4566 4445 4411
f 4411 4445 4447
f 4411 4447 4478
f 4586 4587 4571
f 4571 4587 4588
f 4571 4588 4569
f 4569 4588 4589
f 4569 4589 4590
f 4591 4592 4411
f 4411 4592 4593
f 4478 4480 4411
f 4411 4480 4482
f 4411 4482 4484
f 4571 4594 4586
f 4586 4594 4568
f 4586 4568 4567
f 4567 4568 4415
f 4567 4415 4417
f 4413 4568 4411
f 4411 4568 4595
f 4411 4595 4591
f 4593 4596 4411
f 4411 4596 4597
f 4411 4597 4575
f 4598 4599 4600
f 4601 4602 4603
f 4604 4605 4606
f 4607 4608 4609
f 4610 4611 4612
f 4612 4611 4613
f 4612 4613 4614
f 4614 4613 4615
f 4616 4617 4613
f 4613 4617 4618
f 4613 4618 4615
f 4613 4619 4616
f 4616 4619 4620
f 4616 4620 4621
f 4621 4620 4622
f 4622 4620 4623
f 4622 4623 4624
f 4625 4626 4627
f 4627 4626 4628
f 4627 4628 4629
f 4629 4630 4627
f 4627 4630 4631
f 4627 4631 4623
f 4623 4631 4632
f 4623 4632 4624
f 4633 4634 4635
f 4635 4634 4636
f 4635 4636 4627
f 4627 4636 4637
f 4627 4637 4625
f 4633 4635 4638
f 4638 4635 4639
f 4638 4639 4640
f 4641 4642 4643
f 4643 4642 4644
f 4643 4644 4639
f 4639 4644 4645
f 4639 4645 4640
f 4641 4643 4646
f 4646 4643 4647
f 4646 4647 4648
f 4649 4650 4651
f 4651 4650 4652
f 4651 4652 4647
f 4647 4652 4653
f 4647 4653 4648
f 4649 4651 4654
f 4654 4651 4655
f 4654 4655 4656
f 4657 4658 4655
f 4655 4658 4659
f 4655 4659 4656
f 4608 4660 4609
f 4609 4660 4661
f 4609 4661 4657
f 4657 4661 4662
f 4657 4662 4658
f 4607 4609 4663
f 4663 4609 4664
f 4663 4664 4665
f 4665 4664 4666
f 4666 4664 4667
f 4666 4667 4668
f 4669 4670 4667
f 4667 4670 4671
f 4667 4671 4668
f 4672 4673 4674
f 4674 4673 4675
f 4674 4675 4669
f 4669 4675 4676
f 4669 4676 4670
f 4605 4677 4606
f 4606 4677 4678
f 4606 4678 4674
f 4674 4678 4679
f 4674 4679 4672
f 4604 4606 4680
f 4680 4606 4681
f 4680 4681 4682
f 4683 4684 4681
f 4681 4684 4685
f 4681 4685 4682
f 4686 4687 4688
f 4688 4687 4689
f 4688 4689 4690
f 4690 4689 4691
f 4690 4691 4681
f 4681 4691 4692
f 4681 4692 4683
f 4693 4694 4695
f 4695 4694 4696
f 4696 4697 4695
f 4695 4697 4698
f 4695 4698 4688
f 4688 4698 4699
f 4688 4699 4686
f 4700 4701 4702
f 4700 4702 4695
f 4695 4702 4703
f 4695 4703 4693
f 4704 4705 4700
f 4700 4705 4706
f 4700 4706 4701
f 4707 4708 4709
f 4709 4708 4710
f 4709 4710 4704
f 4704 4710 4711
f 4704 4711 4705
f 4712 4713 4709
f 4709 4713 4714
f 4709 4714 4707
f 4602 4715 4603
f 4603 4715 4716
f 4603 4716 4712
f 4712 4716 4717
f 4712 4717 4713
f 4601 4603 4718
f 4718 4603 4719
f 4718 4719 4720
f 4721 4722 4719
f 4719 4722 4723
f 4719 4723 4720
f 4724 4725 4726
f 4726 4725 4727
f 4726 4727 4721
f 4721 4727 4728
f 4721 4728 4722
f 4729 4730 4726
f 4726 4730 4731
f 4726 4731 4724
f 4732 4733 4734
f 4734 4733 4735
f 4734 4735 4729
f 4729 4735 4736
f 4729 4736 4730
f 4732 4734 4737
f 4737 4734 4738
f 4737 4738 4739
f 4599 4740 4600
f 4600 4740 4741
f 4600 4741 4738
f 4738 4741 4742
f 4738 4742 4739
f 4610 4743 4611
f 4611 4743 4744
f 4611 4744 4600
f 4600 4744 4745
f 4600 4745 4598
f 4211 4623 4407
f 4407 4623 4620
f 4407 4620 4409
f 4409 4620 4619
f 4409 4619 4357
f 4395 4681 4269
f 4269 4681 4606
f 4269 4606 4288
f 4288 4606 4674
f 4288 4674 4283
f 4300 4695 4393
f 4393 4695 4688
f 4393 4688 4395
f 4395 4688 4690
f 4395 4690 4681
f 4674 4669 4283
f 4283 4669 4667
f 4283 4667 4259
f 4259 4667 4664
f 4259 4664 4397
f 4397 4664 4609
f 4397 4609 4399
f 4399 4609 4657
f 4399 4657 4401
f 4401 4657 4655
f 4401 4655 4403
f 4403 4655 4651
f 4403 4651 4405
f 4405 4651 4647
f 4405 4647 4221
f 4221 4647 4643
f 4221 4643 4222
f 4222 4643 4639
f 4222 4639 4242
f 4242 4639 4635
f 4242 4635 4211
f 4211 4635 4627
f 4211 4627 4623
f 4619 4613 4357
f 4357 4613 4611
f 4357 4611 4355
f 4355 4611 4600
f 4355 4600 4380
f 4380 4600 4738
f 4380 4738 4372
f 4372 4738 4734
f 4372 4734 4375
f 4375 4734 4729
f 4375 4729 4385
f 4385 4729 4726
f 4385 4726 4387
f 4387 4726 4721
f 4387 4721 4389
f 4389 4721 4719
f 4389 4719 4391
f 4391 4719 4603
f 4391 4603 4318
f 4318 4603 4712
f 4318 4712 4330
f 4330 4712 4709
f 4330 4709 4303
f 4303 4709 4704
f 4303 4704 4300
f 4300 4704 4700
f 4300 4700 4695
f 4363 4349 4410
f 4410 4349 4339
f 4410 4339 4408
f 4296 4394 4396
f 4209 4408 4215
f 4215 4408 4339
f 4215 4339 4213
f 4213 4339 4341
f 4213 4341 4232
f 4232 4341 4336
f 4232 4336 4406
f 4406 4336 4386
f 4406 4386 4404
f 4404 4386 4388
f 4404 4388 4402
f 4402 4388 4390
f 4402 4390 4400
f 4400 4390 4392
f 4400 4392 4398
f 4398 4392 4323
f 4398 4323 4250
f 4250 4323 4308
f 4250 4308 4248
f 4248 4308 4310
f 4248 4310 4266
f 4266 4310 4296
f 4266 4296 4275
f 4275 4296 4396
f 4746 4747 4748
f 4748 4747 4749
f 4748 4749 4750
f 4751 4752 4753
f 4753 4752 4754
f 4753 4754 4755
f 4756 4757 4758
f 4756 4758 4759
f 4760 4761 4762
f 4762 4761 4763
f 4762 4763 4758
f 4758 4763 4764
f 4758 4764 4759
f 4765 4766 4767
f 4767 4766 4768
f 4767 4768 4769
f 4769 4768 4770
f 4770 4771 4769
f 4769 4771 4772
f 4769 4772 4773
f 4774 4775 4776
f 4776 4775 4777
f 4776 4777 4778
f 4779 4780 4781
f 4781 4780 4782
f 4781 4782 4783
f 4784 4785 4786
f 4784 4786 4787
f 4787 4786 4788
f 4787 4788 4789
f 4789 4790 4787
f 4787 4790 4791
f 4787 4791 4792
f 4753 4793 4751
f 4751 4793 4787
f 4751 4787 4794
f 4794 4787 4792
f 4795 4796 4797
f 4797 4796 4798
f 4797 4798 4799
f 4799 4800 4797
f 4797 4800 4786
f 4797 4786 4801
f 4801 4786 4785
f 4802 4795 4803
f 4803 4795 4797
f 4803 4797 4804
f 4804 4797 4805
f 4804 4805 4806
f 4807 4808 4757
f 4806 4809 4804
f 4804 4809 4810
f 4804 4810 4811
f 4811 4810 4807
f 4811 4807 4812
f 4812 4807 4757
f 4808 4813 4757
f 4757 4813 4814
f 4757 4814 4758
f 4815 4816 4817
f 4818 4760 4819
f 4819 4760 4762
f 4818 4820 4760
f 4760 4820 4821
f 4760 4821 4822
f 4822 4821 4823
f 4824 4825 4817
f 4817 4825 4826
f 4817 4826 4827
f 4823 4821 4817
f 4817 4821 4828
f 4817 4828 4824
f 4829 4830 4827
f 4827 4830 4831
f 4827 4831 4817
f 4817 4831 4832
f 4817 4832 4815
f 4829 4827 4833
f 4833 4827 4834
f 4833 4834 4835
f 4835 4836 4833
f 4833 4836 4837
f 4833 4837 4838
f 4839 4748 4837
f 4837 4748 4750
f 4750 4840 4837
f 4837 4840 4841
f 4837 4841 4842
f 4842 4843 4837
f 4837 4843 4844
f 4837 4844 4838
f 4845 4846 4847
f 4848 4765 4849
f 4849 4765 4767
f 4848 4850 4765
f 4765 4850 4851
f 4765 4851 4852
f 4852 4851 4853
f 4854 4855 4847
f 4847 4855 4856
f 4847 4856 4857
f 4853 4851 4847
f 4847 4851 4858
f 4847 4858 4854
f 4859 4860 4857
f 4857 4860 4861
f 4857 4861 4847
f 4847 4861 4862
f 4847 4862 4845
f 4859 4857 4863
f 4863 4857 4864
f 4863 4864 4865
f 4865 4866 4863
f 4863 4866 4867
f 4863 4867 4868
f 4869 4776 4867
f 4867 4776 4778
f 4778 4870 4867
f 4867 4870 4871
f 4867 4871 4872
f 4872 4873 4867
f 4867 4873 4874
f 4867 4874 4868
f 4875 4876 4877
f 4875 4877 4878
f 4878 4877 4879
f 4878 4879 4880
f 4880 4881 4878
f 4878 4881 4882
f 4878 4882 4883
f 4781 4884 4779
f 4779 4884 4878
f 4779 4878 4885
f 4885 4878 4883
f 4886 4887 4888
f 4888 4887 4889
f 4888 4889 4890
f 4890 4891 4888
f 4888 4891 4877
f 4888 4877 4892
f 4892 4877 4876
f 4893 4886 4894
f 4894 4886 4888
f 4894 4888 4895
f 4895 4888 4896
f 4895 4896 4897
f 4898 4899 4773
f 4897 4900 4895
f 4895 4900 4901
f 4895 4901 4902
f 4902 4901 4898
f 4902 4898 4903
f 4903 4898 4773
f 4899 4904 4773
f 4773 4904 4905
f 4773 4905 4769
f 4906 4518 4907
f 4907 4518 4523
f 4907 4523 4908
f 4908 4523 4524
f 4908 4524 4909
f 4909 4524 4533
f 4909 4533 4910
f 4910 4533 4542
f 4910 4542 4911
f 4911 4542 4541
f 4911 4541 4912
f 4912 4541 4528
f 4912 4528 4913
f 4913 4528 4526
f 4913 4526 4914
f 4914 4526 4525
f 4914 4525 4915
f 4915 4525 4531
f 4915 4531 4916
f 4916 4531 4532
f 4916 4532 4917
f 4917 4532 4520
f 4917 4520 4918
f 4918 4520 4521
f 4918 4521 4919
f 4919 4521 4522
f 4919 4522 4920
f 4920 4522 4529
f 4920 4529 4921
f 4921 4529 4530
f 4921 4530 4922
f 4922 4530 4519
f 4922 4519 4906
f 4906 4519 4518
f 4685 4684 4923
f 4924 4925 4926
f 4924 4926 4927
f 4927 4926 4928
f 4927 4928 4929
f 4930 4931 4928
f 4928 4931 4932
f 4928 4932 4929
f 4816 4933 4930
f 4930 4933 4934
f 4930 4934 4931
f 4935 4679 4678
f 4936 4935 4937
f 4925 4936 4938
f 4935 4678 4937
f 4937 4678 4677
f 4937 4677 4939
f 4939 4677 4605
f 4939 4605 4940
f 4605 4604 4940
f 4940 4604 4680
f 4940 4680 4941
f 4941 4680 4682
f 4941 4682 4942
f 4936 4937 4938
f 4938 4937 4939
f 4938 4939 4943
f 4943 4939 4940
f 4943 4940 4944
f 4944 4940 4941
f 4944 4941 4945
f 4945 4941 4942
f 4945 4942 4946
f 4685 4923 4682
f 4682 4923 4942
f 4942 4923 4947
f 4942 4947 4946
f 4946 4947 4948
f 4946 4948 4949
f 4925 4938 4926
f 4926 4938 4943
f 4926 4943 4928
f 4928 4943 4944
f 4928 4944 4930
f 4930 4944 4945
f 4930 4945 4950
f 4950 4945 4946
f 4950 4946 4951
f 4951 4946 4949
f 4951 4949 4952
f 4816 4930 4817
f 4817 4930 4950
f 4817 4950 4823
f 4823 4950 4951
f 4823 4951 4822
f 4822 4951 4952
f 4822 4952 4760
f 4923 4684 4683
f 4948 4947 4953
f 4953 4947 4923
f 4760 4952 4954
f 4954 4952 4949
f 4954 4949 4948
f 4923 4683 4953
f 4953 4683 4692
f 4953 4692 4955
f 4955 4692 4691
f 4955 4691 4956
f 4691 4689 4956
f 4956 4689 4687
f 4956 4687 4957
f 4687 4686 4957
f 4957 4686 4699
f 4957 4699 4958
f 4958 4699 4698
f 4958 4698 4959
f 4948 4953 4954
f 4954 4953 4955
f 4954 4955 4960
f 4960 4955 4956
f 4960 4956 4961
f 4961 4956 4957
f 4961 4957 4962
f 4962 4957 4958
f 4962 4958 4963
f 4963 4958 4959
f 4963 4959 4964
f 4760 4954 4761
f 4761 4954 4960
f 4761 4960 4763
f 4763 4960 4961
f 4763 4961 4764
f 4764 4961 4962
f 4764 4962 4759
f 4759 4962 4963
f 4759 4963 4756
f 4756 4963 4964
f 4756 4964 4757
f 4965 4966 4967
f 4967 4966 4968
f 4967 4968 4969
f 4968 4970 4969
f 4969 4970 4971
f 4969 4971 4972
f 4971 4973 4972
f 4972 4973 4974
f 4972 4974 4975
f 4975 4974 4976
f 4975 4976 4977
f 4977 4976 4978
f 4977 4978 4979
f 4979 4978 4980
f 4979 4980 4981
f 4981 4980 4982
f 4981 4982 4983
f 4984 4985 4986
f 4986 4985 4987
f 4986 4987 4988
f 4988 4987 4983
f 4988 4983 4989
f 4989 4983 4982
f 4990 4991 4992
f 4992 4991 4993
f 4992 4993 4984
f 4984 4993 4994
f 4984 4994 4985
f 4936 4995 4935
f 4935 4995 4672
f 4935 4672 4679
f 4996 4636 4634
f 4996 4634 4997
f 4998 4999 5000
f 5000 4999 5001
f 5000 5001 5002
f 5003 5004 5000
f 5000 5004 5005
f 5000 5005 4998
f 5003 5000 5006
f 5006 5000 5007
f 5006 5007 5008
f 5008 5007 5009
f 5008 5009 5010
f 5009 5011 5010
f 5010 5011 5012
f 5010 5012 5013
f 4967 5014 4965
f 4965 5014 5013
f 4965 5013 5015
f 5015 5013 5012
f 4634 4633 4997
f 4997 4633 4638
f 4997 4638 5016
f 5016 4638 4640
f 5016 4640 5017
f 4640 4645 5017
f 5017 4645 4644
f 5017 4644 5018
f 5018 4644 4642
f 5018 4642 5019
f 4642 4641 5019
f 5019 4641 4646
f 5019 4646 5020
f 5020 4646 4648
f 5020 4648 5021
f 4648 4653 5021
f 5021 4653 4652
f 5021 4652 5022
f 5022 4652 4650
f 5022 4650 5023
f 4650 4649 5023
f 5023 4649 4654
f 5023 4654 5024
f 5024 4654 4656
f 5024 4656 5025
f 5025 4656 4659
f 5025 4659 4658
f 4662 5026 4658
f 4658 5026 5027
f 4658 5027 5025
f 4662 4661 5026
f 5026 4661 4660
f 5026 4660 5028
f 5028 4660 4608
f 5028 4608 5029
f 4608 4607 5029
f 5029 4607 4663
f 5029 4663 5030
f 5030 4663 4665
f 5030 4665 5031
f 5031 4665 4666
f 5031 4666 4668
f 4671 5032 4668
f 4668 5032 5033
f 4668 5033 5031
f 4671 4670 5032
f 5032 4670 4676
f 5032 4676 5034
f 5034 4676 4675
f 5034 4675 5035
f 5035 4675 4995
f 4995 4675 4673
f 4995 4673 4672
f 4924 5036 4925
f 4925 5036 4990
f 4925 4990 4936
f 4936 4990 4992
f 4936 4992 4995
f 4995 4992 4984
f 4995 4984 5035
f 5035 4984 4986
f 5035 4986 5034
f 5034 4986 4988
f 5034 4988 5032
f 5032 4988 4989
f 5032 4989 5033
f 5033 4989 4982
f 5033 4982 5031
f 5031 4982 4980
f 5031 4980 5030
f 5030 4980 4978
f 5030 4978 5029
f 5029 4978 4976
f 5029 4976 5028
f 5028 4976 4974
f 5028 4974 5026
f 5026 4974 4973
f 5026 4973 5027
f 5027 4973 4971
f 5027 4971 5025
f 5025 4971 4970
f 5025 4970 5024
f 5024 4970 4968
f 5024 4968 5023
f 5023 4968 4966
f 5023 4966 5022
f 5022 4966 4965
f 5022 4965 5021
f 5021 4965 5015
f 5021 5015 5020
f 5020 5015 5012
f 5020 5012 5019
f 5019 5012 5011
f 5019 5011 5018
f 5018 5011 5009
f 5018 5009 5017
f 5017 5009 5007
f 5017 5007 5016
f 5016 5007 5000
f 5016 5000 4997
f 4997 5000 5002
f 4997 5002 4996
f 5037 5038 5039
f 4802 5040 5041
f 5041 5040 5042
f 5041 5042 5043
f 5043 5042 5044
f 5044 5042 5039
f 5044 5039 5045
f 5045 5039 5038
f 5045 5038 5046
f 4959 4698 4697
f 4964 4959 5047
f 5048 4812 5049
f 5049 4812 4757
f 5049 4757 4964
f 4959 4697 5047
f 5047 4697 4696
f 5047 4696 5050
f 5050 4696 4694
f 5050 4694 5051
f 4802 4803 5040
f 5040 4803 4804
f 5040 4804 5048
f 5048 4804 4811
f 5048 4811 4812
f 4706 5052 4701
f 4701 5052 5053
f 4701 5053 4702
f 4702 5053 5054
f 4702 5054 4703
f 4703 5054 5051
f 4703 5051 4693
f 4693 5051 4694
f 4964 5047 5049
f 5049 5047 5050
f 5049 5050 5048
f 5048 5050 5051
f 5048 5051 5040
f 5040 5051 5054
f 5040 5054 5042
f 5042 5054 5053
f 5042 5053 5039
f 5039 5053 5052
f 5039 5052 5037
f 5001 4999 5055
f 4893 5056 5057
f 5057 5056 5058
f 5057 5058 5059
f 5059 5058 5060
f 5060 5058 5055
f 5060 5055 5061
f 5061 5055 4999
f 5061 4999 4998
f 5062 4631 4630
f 5063 5062 5064
f 5065 4903 5066
f 5066 4903 4773
f 5066 4773 5063
f 4893 4894 5056
f 5056 4894 4895
f 5056 4895 5065
f 5065 4895 4902
f 5065 4902 4903
f 5062 4630 5064
f 5064 4630 4629
f 5064 4629 5067
f 5067 4629 4628
f 5067 4628 5068
f 5068 4628 4626
f 5068 4626 5069
f 4637 4636 4996
f 4626 4625 5069
f 5069 4625 4637
f 5069 4637 5070
f 5070 4637 4996
f 5070 4996 5002
f 5063 5064 5066
f 5066 5064 5067
f 5066 5067 5065
f 5065 5067 5068
f 5065 5068 5056
f 5056 5068 5069
f 5056 5069 5058
f 5058 5069 5070
f 5058 5070 5055
f 5055 5070 5002
f 5055 5002 5001
f 5037 5071 5038
f 5038 5071 5072
f 5038 5072 5046
f 5073 5074 5075
f 5075 5074 5076
f 5075 5076 5037
f 5037 5076 5077
f 5037 5077 5071
f 5075 5078 5073
f 5073 5078 5079
f 5073 5079 5080
f 5079 5081 5080
f 5080 5081 5082
f 5080 5082 5083
f 5083 5082 5084
f 5083 5084 5085
f 5084 5086 5085
f 5085 5086 5087
f 5085 5087 5088
f 5088 5087 5089
f 5088 5089 5090
f 5089 5091 5090
f 5090 5091 5092
f 5090 5092 5093
f 5092 5094 5093
f 5093 5094 5095
f 5093 5095 5096
f 5096 5095 5097
f 5096 5097 5098
f 5098 5097 5099
f 5098 5099 5100
f 5100 5099 5101
f 5100 5101 5102
f 5102 5101 5103
f 5102 5103 5104
f 5104 5103 5105
f 5104 5105 5106
f 5106 5105 5107
f 5106 5107 5108
f 5108 5107 5109
f 5108 5109 5110
f 5110 5109 5111
f 5110 5111 5112
f 5113 5114 5115
f 5115 5114 5116
f 5115 5116 5111
f 5111 5116 5117
f 5111 5117 5112
f 5052 4706 4705
f 5037 5052 5118
f 5052 4705 5118
f 5118 4705 4711
f 5118 4711 5119
f 4711 4710 5119
f 5119 4710 4708
f 5119 4708 5120
f 5120 4708 4707
f 5120 4707 5121
f 4707 4714 5121
f 5121 4714 4713
f 5121 4713 5122
f 5122 4713 4717
f 5122 4717 5123
f 4717 4716 5123
f 5123 4716 4715
f 5123 4715 5124
f 5124 4715 4602
f 5124 4602 5125
f 4602 4601 5125
f 5125 4601 4718
f 5125 4718 5126
f 5126 4718 4720
f 5126 4720 5127
f 5127 4720 4723
f 5127 4723 4722
f 4728 5128 4722
f 4722 5128 5129
f 4722 5129 5127
f 4728 4727 5128
f 5128 4727 4725
f 5128 4725 5130
f 5130 4725 4724
f 5130 4724 5131
f 4724 4731 5131
f 5131 4731 4730
f 5131 4730 5132
f 5132 4730 4736
f 5132 4736 5133
f 5133 4736 4735
f 5133 4735 4733
f 4732 5134 4733
f 4733 5134 5135
f 4733 5135 5133
f 4732 4737 5134
f 5134 4737 4739
f 5134 4739 5136
f 5136 4739 4742
f 5136 4742 5137
f 4598 5138 4599
f 4599 5138 5139
f 4599 5139 4740
f 4740 5139 5137
f 4740 5137 4741
f 4741 5137 4742
f 5037 5118 5075
f 5075 5118 5119
f 5075 5119 5078
f 5078 5119 5120
f 5078 5120 5079
f 5079 5120 5121
f 5079 5121 5081
f 5081 5121 5122
f 5081 5122 5082
f 5082 5122 5123
f 5082 5123 5084
f 5084 5123 5124
f 5084 5124 5086
f 5086 5124 5125
f 5086 5125 5087
f 5087 5125 5126
f 5087 5126 5089
f 5089 5126 5127
f 5089 5127 5091
f 5091 5127 5129
f 5091 5129 5092
f 5092 5129 5128
f 5092 5128 5094
f 5094 5128 5130
f 5094 5130 5095
f 5095 5130 5131
f 5095 5131 5097
f 5097 5131 5132
f 5097 5132 5099
f 5099 5132 5133
f 5099 5133 5101
f 5101 5133 5135
f 5101 5135 5103
f 5103 5135 5134
f 5103 5134 5105
f 5105 5134 5136
f 5105 5136 5107
f 5107 5136 5137
f 5107 5137 5109
f 5109 5137 5139
f 5109 5139 5111
f 5111 5139 5138
f 5111 5138 5115
f 5140 5141 5142
f 4615 4618 5143
f 5143 4618 5144
f 5143 5144 5141
f 5140 5142 4765
f 4631 5062 4632
f 4632 5062 5145
f 4632 5145 4624
f 4624 5145 5146
f 4624 5146 4622
f 4622 5146 5147
f 4622 5147 4621
f 4621 5147 5148
f 4621 5148 4616
f 4616 5148 5144
f 4616 5144 4617
f 4617 5144 4618
f 5141 5144 5142
f 5142 5144 5148
f 5142 5148 5149
f 5149 5148 5147
f 5149 5147 5150
f 5150 5147 5146
f 5150 5146 5151
f 5151 5146 5145
f 5151 5145 5152
f 5152 5145 5062
f 5152 5062 5063
f 4765 5142 4766
f 4766 5142 5149
f 4766 5149 4768
f 4768 5149 5150
f 4768 5150 4770
f 4770 5150 5151
f 4770 5151 4771
f 4771 5151 5152
f 4771 5152 4772
f 4772 5152 5063
f 4772 5063 4773
f 4743 4610 5153
f 5154 5155 5156
f 5154 5156 5157
f 4847 4846 5158
f 5158 4846 5159
f 5158 5159 5160
f 5138 4598 4745
f 4745 5161 5138
f 5138 5161 5162
f 5138 5162 5115
f 5115 5162 5163
f 5115 5163 5113
f 5113 5163 5164
f 4745 4744 5161
f 5161 4744 5165
f 5161 5165 5162
f 5162 5165 5166
f 5162 5166 5163
f 5163 5166 5156
f 5163 5156 5164
f 5164 5156 5155
f 4744 4743 5165
f 5165 4743 5153
f 5165 5153 5166
f 5166 5153 5167
f 5166 5167 5156
f 5156 5167 5158
f 5156 5158 5157
f 5157 5158 5160
f 4610 4612 5153
f 5153 4612 5168
f 5153 5168 5167
f 5167 5168 5169
f 5167 5169 5158
f 5158 5169 5170
f 5158 5170 4847
f 4847 5170 4853
f 4852 4853 5171
f 5171 4853 5170
f 5171 5170 5172
f 5172 5170 5169
f 5172 5169 5173
f 5173 5169 5168
f 5173 5168 4614
f 4614 5168 4612
f 4765 4852 5140
f 5140 4852 5171
f 5140 5171 5141
f 5141 5171 5172
f 5141 5172 5143
f 5143 5172 5173
f 5143 5173 4615
f 4615 5173 4614
f 5174 5175 5176
f 5176 5175 5177
f 5176 5177 5178
f 5178 5179 5176
f 5176 5179 5180
f 5176 5180 5181
f 4568 4594 5182
f 5182 4594 5176
f 5182 5176 5183
f 5183 5176 5181
f 4839 5184 5176
f 5176 5184 5185
f 5176 5185 5186
f 5186 5187 5176
f 5176 5187 5188
f 5176 5188 5174
f 4594 4571 5176
f 5176 4571 5189
f 5176 5189 4839
f 4839 5189 4748
f 4746 4748 5189
f 5190 5191 5189
f 5189 5191 5192
f 5189 5192 5193
f 5194 4746 5195
f 5195 4746 5189
f 5195 5189 5196
f 5196 5189 5193
f 5189 4571 4582
f 4582 5197 5189
f 5189 5197 5198
f 5189 5198 5199
f 5199 5200 5189
f 5189 5200 5201
f 5189 5201 5190
f 5202 4884 5203
f 5202 5203 5204
f 5205 5204 5206
f 5206 5204 5203
f 5206 5203 5207
f 5207 5203 5208
f 4567 5209 4586
f 4586 5209 5210
f 4586 5210 5203
f 5203 5210 5211
f 5203 5211 5212
f 5212 5213 5203
f 5203 5213 5214
f 5203 5214 5208
f 4884 4781 5203
f 5203 4781 5215
f 5203 5215 4586
f 4586 5215 4587
f 5216 5215 5217
f 5217 5215 5218
f 4588 4587 5219
f 5219 4587 5215
f 5219 5215 5220
f 5220 5215 5216
f 5221 5222 4783
f 4783 5222 5215
f 4783 5215 4781
f 5222 5223 5215
f 5215 5223 5224
f 5215 5224 5225
f 5225 5226 5215
f 5215 5226 5227
f 5215 5227 5218
f 5228 5229 5230
f 5230 5229 5231
f 5230 5231 5232
f 5232 5233 5230
f 5230 5233 5234
f 5230 5234 5235
f 4527 4557 5236
f 5236 4557 5230
f 5236 5230 5237
f 5237 5230 5235
f 4869 5238 5230
f 5230 5238 5239
f 5230 5239 5240
f 5240 5241 5230
f 5230 5241 5242
f 5230 5242 5228
f 4557 4556 5230
f 5230 4556 5243
f 5230 5243 4869
f 4869 5243 4776
f 4774 4776 5243
f 5244 5245 5243
f 5243 5245 5246
f 5243 5246 5247
f 5248 4774 5249
f 5249 4774 5243
f 5249 5243 5250
f 5250 5243 5247
f 5243 4556 4554
f 4554 5251 5243
f 5243 5251 5252
f 5243 5252 5253
f 5253 5254 5243
f 5243 5254 5255
f 5243 5255 5244
f 5256 4793 5257
f 5256 5257 5258
f 5259 5258 5260
f 5260 5258 5257
f 5260 5257 5261
f 5261 5257 5262
f 4540 5263 4545
f 4545 5263 5264
f 4545 5264 5257
f 5257 5264 5265
f 5257 5265 5266
f 5266 5267 5257
f 5257 5267 5268
f 5257 5268 5262
f 4793 4753 5257
f 5257 4753 5269
f 5257 5269 4545
f 4545 5269 4546
f 5270 5269 5271
f 5271 5269 5272
f 4547 4546 5273
f 5273 4546 5269
f 5273 5269 5274
f 5274 5269 5270
f 5275 5276 4755
f 4755 5276 5269
f 4755 5269 4753
f 5276 5277 5269
f 5269 5277 5278
f 5269 5278 5279
f 5279 5280 5269
f 5269 5280 5281
f 5269 5281 5272
f 5085 5282 5283
f 5085 5283 5083
f 5283 5284 5083
f 5083 5284 5285
f 5083 5285 5286
f 5287 5288 5289
f 5289 5288 5088
f 5088 5288 5085
f 5085 5288 5290
f 5085 5290 5282
f 5291 5292 5080
f 5292 5293 5080
f 5080 5293 5294
f 5080 5294 5073
f 5286 5295 5083
f 5083 5295 5296
f 5083 5296 5080
f 5080 5296 5297
f 5080 5297 5291
f 5289 5088 5090
f 5096 5298 5093
f 5093 5298 5299
f 5093 5299 5090
f 5090 5299 5300
f 5090 5300 5289
f 5100 5301 5098
f 5098 5301 5302
f 5098 5302 5096
f 5096 5302 5303
f 5096 5303 5298
f 5304 5305 5102
f 5102 5305 5306
f 5102 5306 5100
f 5100 5306 5307
f 5100 5307 5301
f 5301 5307 5308
f 5309 5310 5311
f 5304 5102 5311
f 5311 5102 5104
f 5311 5104 5309
f 5110 5312 5108
f 5108 5312 5313
f 5108 5313 5314
f 5314 5315 5108
f 5108 5315 5316
f 5108 5316 5106
f 5106 5316 5317
f 5106 5317 5104
f 5104 5317 5318
f 5104 5318 5309
f 5014 5319 5320
f 5014 5320 5013
f 5320 5321 5013
f 5013 5321 5322
f 5013 5322 5323
f 5324 5325 5326
f 5326 5325 4967
f 4967 5325 5014
f 5014 5325 5327
f 5014 5327 5319
f 5328 5329 5010
f 5329 5330 5010
f 5010 5330 5331
f 5010 5331 5008
f 5323 5332 5013
f 5013 5332 5333
f 5013 5333 5010
f 5010 5333 5334
f 5010 5334 5328
f 5326 4967 5335
f 5335 4967 4969
f 5335 4969 5336
f 5336 4969 4972
f 4979 5337 4977
f 4977 5337 5338
f 4977 5338 4975
f 4975 5338 5339
f 4975 5339 4972
f 4972 5339 5340
f 4972 5340 5336
f 5341 5337 5342
f 5342 5337 4979
f 5342 4979 5343
f 5343 4979 4981
f 5343 4981 5344
f 5345 5346 5347
f 5348 5345 4983
f 4983 5345 5347
f 4983 5347 4981
f 4981 5347 5349
f 4981 5349 5344
f 4985 5350 4987
f 4987 5350 5351
f 4987 5351 5352
f 5352 5353 4987
f 4987 5353 5354
f 4987 5354 4983
f 4983 5354 5355
f 4983 5355 5348
f 5036 4924 5356
f 5356 4924 4927
f 5356 4927 5357
f 5357 4927 4929
f 4991 4990 5358
f 4993 5359 4994
f 4994 5359 5360
f 4929 4932 5357
f 5357 4932 4931
f 5357 4931 4832
f 4832 4931 4934
f 4832 4934 4815
f 4815 4934 4933
f 4815 4933 4816
f 4832 4831 5357
f 5357 4831 4830
f 5357 4830 5356
f 5356 4830 4829
f 4833 5361 4829
f 4829 5361 5358
f 4829 5358 5356
f 5356 5358 4990
f 5356 4990 5036
f 4833 4838 5361
f 5361 4838 4844
f 5361 4844 5362
f 5362 4844 4843
f 5362 4843 5363
f 5363 4843 4842
f 5363 4842 5364
f 5364 4842 4841
f 5364 4841 5365
f 5365 4841 4840
f 5365 4840 5366
f 5366 5367 5365
f 5365 5367 5368
f 5365 5368 5364
f 5364 5368 5369
f 5364 5369 5363
f 5363 5369 5370
f 5363 5370 5362
f 5362 5370 5371
f 5362 5371 5361
f 5361 5371 5360
f 5361 5360 5358
f 5358 5360 5359
f 5358 5359 4991
f 4991 5359 4993
f 5348 5355 5367
f 5367 5355 5354
f 5367 5354 5368
f 5368 5354 5353
f 5368 5353 5369
f 5369 5353 5352
f 5369 5352 5370
f 5370 5352 5351
f 5370 5351 5371
f 5371 5351 5350
f 5371 5350 5360
f 5360 5350 4985
f 5360 4985 4994
f 5345 5348 5372
f 5372 5348 5367
f 5372 5367 5373
f 5373 5367 5366
f 5373 5366 4750
f 4750 5366 4840
f 5373 4750 4749
f 5372 5374 5375
f 5372 5375 5345
f 5345 5375 5376
f 5345 5376 5346
f 5377 5378 5379
f 5379 5378 5380
f 5380 5381 5379
f 5379 5381 5382
f 5379 5382 5383
f 4746 5194 4747
f 4747 5194 5377
f 4747 5377 4749
f 4749 5377 5379
f 4749 5379 5373
f 5373 5379 5383
f 5373 5383 5372
f 5372 5383 5384
f 5372 5384 5374
f 5385 5341 5342
f 5192 5380 5193
f 5193 5380 5378
f 5193 5378 5196
f 5196 5378 5377
f 5196 5377 5195
f 5195 5377 5194
f 5381 5386 5382
f 5382 5386 5387
f 5382 5387 5383
f 5347 5346 5376
f 5376 5375 5388
f 5388 5375 5374
f 5388 5374 5387
f 5387 5374 5384
f 5387 5384 5383
f 5389 5390 5391
f 5391 5390 5392
f 5391 5392 5393
f 5197 5394 5198
f 5198 5394 5395
f 5198 5395 5396
f 4582 4584 5197
f 5197 4584 4585
f 5197 4585 5394
f 5376 5388 5347
f 5347 5388 5397
f 5347 5397 5349
f 5396 5389 5198
f 5198 5389 5391
f 5198 5391 5199
f 5199 5391 5398
f 5199 5398 5200
f 5200 5398 5397
f 5200 5397 5201
f 5201 5397 5388
f 5201 5388 5190
f 5190 5388 5387
f 5190 5387 5191
f 5191 5387 5386
f 5191 5386 5192
f 5192 5386 5381
f 5192 5381 5380
f 5349 5397 5344
f 5344 5397 5398
f 5344 5398 5343
f 5343 5398 5391
f 5343 5391 5342
f 5342 5391 5393
f 5342 5393 5385
f 5396 5395 4583
f 4583 5395 5394
f 4583 5394 4585
f 5385 5338 5341
f 5341 5338 5337
f 5393 5392 5399
f 5399 5392 5390
f 5399 5390 5389
f 5400 5401 5402
f 5401 5403 5335
f 5335 5403 5324
f 5335 5324 5326
f 5404 5405 5402
f 5402 5405 5406
f 5402 5406 5400
f 4590 5407 4569
f 4569 5407 5408
f 4569 5408 5404
f 5401 5335 5402
f 5402 5335 5336
f 5402 5336 5409
f 5409 5336 5340
f 5409 5340 5410
f 5410 5340 5339
f 5410 5339 5411
f 5411 5339 5338
f 5411 5338 5399
f 5399 5338 5385
f 5399 5385 5393
f 5404 5402 4569
f 4569 5402 5409
f 4569 5409 4570
f 4570 5409 5410
f 4570 5410 4580
f 4580 5410 5411
f 4580 5411 4581
f 4581 5411 5399
f 4581 5399 4583
f 4583 5399 5389
f 4583 5389 5396
f 5325 5412 5413
f 5414 5322 5321
f 4588 5219 4589
f 4589 5219 4590
f 4590 5219 5407
f 5407 5219 5220
f 5407 5220 5408
f 5401 5400 5412
f 5412 5400 5406
f 5412 5406 5405
f 5401 5412 5403
f 5403 5412 5325
f 5403 5325 5324
f 5414 5321 5415
f 5415 5416 5417
f 5417 5416 5418
f 5417 5418 5419
f 5420 5421 5422
f 5422 5421 5423
f 5422 5423 5418
f 5418 5423 5424
f 5418 5424 5419
f 5225 5224 5420
f 5420 5224 5425
f 5425 5224 5223
f 5425 5223 5426
f 5426 5223 5222
f 5426 5222 5221
f 5415 5321 5416
f 5416 5321 5320
f 5416 5320 5427
f 5427 5320 5319
f 5427 5319 5413
f 5413 5319 5327
f 5413 5327 5325
f 5420 5422 5225
f 5225 5422 5418
f 5225 5418 5226
f 5226 5418 5416
f 5226 5416 5227
f 5227 5416 5427
f 5227 5427 5218
f 5218 5427 5413
f 5218 5413 5217
f 5217 5413 5412
f 5217 5412 5216
f 5216 5412 5405
f 5216 5405 5220
f 5220 5405 5404
f 5220 5404 5408
f 5421 5428 5423
f 5423 5428 5424
f 5421 5420 5428
f 5428 5420 5425
f 5428 5425 4780
f 4780 5425 5426
f 4780 5426 4782
f 4782 5426 5221
f 4782 5221 4783
f 5415 5417 5429
f 5415 5429 5414
f 5414 5429 5323
f 5414 5323 5322
f 5417 5419 5429
f 5429 5419 5424
f 5429 5424 5430
f 5430 5424 5428
f 5430 5428 4779
f 4779 5428 4780
f 5429 5430 5431
f 5005 5432 4998
f 4998 5432 5433
f 4998 5433 5061
f 5061 5433 5060
f 5059 5060 4889
f 4893 5057 4886
f 4886 5057 5059
f 4886 5059 4887
f 4887 5059 4889
f 5008 5434 5006
f 5006 5434 5435
f 5006 5435 5003
f 5060 5433 4889
f 4889 5433 5432
f 4889 5432 4890
f 4890 5432 5436
f 4890 5436 4891
f 5008 5331 5434
f 5434 5331 5330
f 5434 5330 5437
f 5437 5330 5329
f 5437 5329 5438
f 5438 5329 5328
f 5438 5328 5439
f 5439 5328 5334
f 5439 5334 5440
f 5440 5334 5333
f 5440 5333 5441
f 5441 5333 5332
f 5005 5004 5432
f 5432 5004 5003
f 5432 5003 5436
f 5436 5003 5435
f 5436 5435 5442
f 5442 5435 5434
f 5442 5434 5443
f 5443 5434 5437
f 5443 5437 5444
f 5444 5437 5438
f 5444 5438 5445
f 5445 5438 5439
f 5445 5439 5446
f 5446 5439 5440
f 5446 5440 5431
f 5431 5440 5441
f 5431 5441 5429
f 5429 5441 5332
f 5429 5332 5323
f 4891 5436 4877
f 4877 5436 5442
f 4877 5442 4879
f 4879 5442 5443
f 4879 5443 4880
f 4880 5443 5444
f 4880 5444 4881
f 4881 5444 5445
f 4881 5445 4882
f 4882 5445 5446
f 4882 5446 4883
f 4883 5446 5431
f 4883 5431 4885
f 4885 5431 5430
f 4885 5430 4779
f 5447 5448 5449
f 5072 5450 5046
f 5046 5450 5451
f 5046 5451 5045
f 5045 5451 5044
f 5043 5044 4798
f 4802 5041 4795
f 4795 5041 5043
f 4795 5043 4796
f 4796 5043 4798
f 5073 5452 5074
f 5074 5452 5453
f 5074 5453 5076
f 5076 5453 5077
f 5044 5451 4798
f 4798 5451 5450
f 4798 5450 4799
f 4799 5450 5454
f 4799 5454 4800
f 5073 5294 5452
f 5452 5294 5293
f 5452 5293 5455
f 5455 5293 5292
f 5455 5292 5456
f 5456 5292 5291
f 5456 5291 5457
f 5457 5291 5297
f 5457 5297 5458
f 5458 5297 5296
f 5458 5296 5459
f 5459 5296 5295
f 5072 5071 5450
f 5450 5071 5077
f 5450 5077 5454
f 5454 5077 5453
f 5454 5453 5460
f 5460 5453 5452
f 5460 5452 5461
f 5461 5452 5455
f 5461 5455 5462
f 5462 5455 5456
f 5462 5456 5463
f 5463 5456 5457
f 5463 5457 5464
f 5464 5457 5458
f 5464 5458 5449
f 5449 5458 5459
f 5449 5459 5447
f 5447 5459 5295
f 5447 5295 5286
f 4800 5454 4786
f 4786 5454 5460
f 4786 5460 4788
f 4788 5460 5461
f 4788 5461 4789
f 4789 5461 5462
f 4789 5462 4790
f 4790 5462 5463
f 4790 5463 4791
f 4791 5463 5464
f 4791 5464 4792
f 4792 5464 5449
f 4792 5449 4794
f 4794 5449 5448
f 4794 5448 4751
f 4755 4754 5275
f 5275 4754 5465
f 4754 4752 5465
f 5465 4752 5466
f 5465 5466 5467
f 5467 5466 5468
f 5469 5470 5447
f 5469 5447 5471
f 5471 5447 5286
f 5471 5286 5285
f 5470 5472 5447
f 5447 5472 5468
f 5447 5468 5448
f 5448 5468 5466
f 5448 5466 4751
f 4751 5466 4752
f 5288 5473 5474
f 4515 4547 5273
f 5471 5285 5284
f 5471 5284 5469
f 5470 5469 5475
f 5470 5475 5472
f 5472 5475 5476
f 5472 5476 5468
f 5468 5476 5477
f 5468 5477 5467
f 5279 5278 5467
f 5467 5278 5277
f 5467 5277 5465
f 5465 5277 5276
f 5465 5276 5275
f 5274 5478 5273
f 5273 5478 4516
f 5273 4516 4515
f 5287 5479 5288
f 5288 5479 5480
f 5288 5480 5473
f 5473 5480 5481
f 5473 5481 5482
f 5469 5284 5475
f 5475 5284 5283
f 5475 5283 5483
f 5483 5283 5282
f 5483 5282 5474
f 5474 5282 5290
f 5474 5290 5288
f 5467 5477 5279
f 5279 5477 5476
f 5279 5476 5280
f 5280 5476 5475
f 5280 5475 5281
f 5281 5475 5483
f 5281 5483 5272
f 5272 5483 5474
f 5272 5474 5271
f 5271 5474 5473
f 5271 5473 5270
f 5270 5473 5482
f 5270 5482 5274
f 5274 5482 5484
f 5274 5484 5478
f 5482 5481 5485
f 5485 5481 5480
f 5289 5300 5287
f 5287 5300 5479
f 5484 4517 5478
f 5478 4517 4516
f 5486 5487 5488
f 5488 5487 5489
f 5489 5490 4553
f 4553 5490 5491
f 4553 5491 4551
f 5486 5302 5308
f 5308 5302 5301
f 5489 4553 5488
f 5488 4553 4555
f 5488 4555 5492
f 5492 4555 4558
f 5492 4558 5493
f 5493 4558 4539
f 5493 4539 5494
f 5494 4539 4517
f 5494 4517 5485
f 5485 4517 5484
f 5485 5484 5482
f 5486 5488 5302
f 5302 5488 5492
f 5302 5492 5303
f 5303 5492 5493
f 5303 5493 5298
f 5298 5493 5494
f 5298 5494 5299
f 5299 5494 5485
f 5299 5485 5300
f 5300 5485 5480
f 5300 5480 5479
f 5248 5249 5495
f 5311 5310 5496
f 5496 5497 5498
f 5497 5499 5498
f 5498 5499 5500
f 5498 5500 5501
f 5501 5500 5502
f 5501 5502 5503
f 5503 5502 5504
f 5489 5487 5505
f 5505 5487 5486
f 4554 4552 5251
f 5251 4552 4551
f 5251 4551 5252
f 5252 4551 5491
f 5252 5491 5490
f 5496 5498 5311
f 5311 5498 5506
f 5311 5506 5304
f 5249 5250 5495
f 5495 5250 5247
f 5495 5247 5504
f 5504 5247 5246
f 5504 5246 5503
f 5503 5246 5245
f 5503 5245 5501
f 5501 5245 5244
f 5501 5244 5498
f 5498 5244 5255
f 5498 5255 5506
f 5506 5255 5254
f 5506 5254 5507
f 5507 5254 5253
f 5507 5253 5505
f 5505 5253 5252
f 5505 5252 5489
f 5489 5252 5490
f 5304 5506 5305
f 5305 5506 5507
f 5305 5507 5306
f 5306 5507 5505
f 5306 5505 5307
f 5307 5505 5486
f 5307 5486 5308
f 5508 4778 4777
f 5509 5499 5497
f 5509 5497 5309
f 5309 5497 5496
f 5309 5496 5310
f 5502 5510 5504
f 5504 5510 5495
f 4774 5248 4775
f 4775 5248 5495
f 4775 5495 4777
f 4777 5495 5510
f 4777 5510 5508
f 5508 5510 5502
f 5508 5502 5509
f 5509 5502 5500
f 5509 5500 5499
f 4846 4845 5159
f 5159 4845 5160
f 5160 4845 4862
f 5160 4862 5157
f 5157 4862 5511
f 5157 5511 5154
f 5114 5113 5512
f 5512 5113 5164
f 5512 5164 5511
f 5511 5164 5155
f 5511 5155 5154
f 5117 5513 5112
f 5112 5513 5514
f 4862 4861 5511
f 5511 4861 4860
f 5511 4860 5512
f 5512 4860 4859
f 4863 5515 4859
f 4859 5515 5516
f 4859 5516 5512
f 5512 5516 5116
f 5512 5116 5114
f 4863 4868 5515
f 5515 4868 4874
f 5515 4874 5517
f 5517 4874 4873
f 5517 4873 5518
f 5518 4873 4872
f 5518 4872 5519
f 5519 4872 4871
f 5519 4871 5520
f 5520 4871 4870
f 5520 4870 5521
f 5521 5522 5520
f 5520 5522 5523
f 5520 5523 5519
f 5519 5523 5524
f 5519 5524 5518
f 5518 5524 5525
f 5518 5525 5517
f 5517 5525 5526
f 5517 5526 5515
f 5515 5526 5514
f 5515 5514 5516
f 5516 5514 5513
f 5516 5513 5116
f 5116 5513 5117
f 5318 5317 5522
f 5522 5317 5316
f 5522 5316 5523
f 5523 5316 5315
f 5523 5315 5524
f 5524 5315 5314
f 5524 5314 5525
f 5525 5314 5313
f 5525 5313 5526
f 5526 5313 5312
f 5526 5312 5514
f 5514 5312 5110
f 5514 5110 5112
f 5309 5318 5509
f 5509 5318 5522
f 5509 5522 5508
f 5508 5522 5521
f 5508 5521 4778
f 4778 5521 4870
f 5178 5527 5179
f 4577 5528 5529
f 5183 4591 5182
f 5182 4591 4595
f 5182 4595 4568
f 5183 5181 4591
f 4591 5181 5180
f 4591 5180 4592
f 5530 5531 4596
f 4596 5531 4597
f 4576 4575 5532
f 5532 4575 5533
f 4577 5529 4565
f 4565 5529 5534
f 4565 5534 4566
f 4566 5534 5535
f 4566 5535 4445
f 5188 5187 5536
f 5536 5187 5186
f 4839 4837 5184
f 5184 4837 4836
f 5184 4836 5185
f 5185 4836 4835
f 5185 4835 5186
f 4575 4597 5533
f 5533 4597 5531
f 5533 5531 5174
f 5174 5531 5530
f 5174 5530 5175
f 5175 5530 5177
f 4592 5180 4593
f 4593 5180 5179
f 4593 5179 4596
f 4596 5179 5527
f 4596 5527 5530
f 5530 5527 5178
f 5530 5178 5177
f 5186 4835 5536
f 5536 4835 4834
f 5536 4834 5537
f 4834 4827 5537
f 5537 4827 4826
f 5537 4826 5538
f 5538 4826 4825
f 5538 4825 5539
f 5539 4825 4824
f 5539 4824 5540
f 5540 4824 4828
f 5540 4828 5541
f 5542 5543 5544
f 5544 5543 5545
f 5544 5545 5546
f 5546 5545 5547
f 5546 5547 5541
f 5541 5547 5548
f 5541 5548 5540
f 5540 5548 5549
f 5540 5549 5539
f 5539 5549 5550
f 5539 5550 5538
f 5538 5550 5551
f 5538 5551 5537
f 5537 5551 5532
f 5537 5532 5536
f 5536 5532 5533
f 5536 5533 5188
f 5188 5533 5174
f 5543 5552 5545
f 5545 5552 5553
f 5545 5553 5547
f 5547 5553 5554
f 5547 5554 5548
f 5548 5554 5555
f 5548 5555 5549
f 5549 5555 5535
f 5549 5535 5550
f 5550 5535 5534
f 5550 5534 5551
f 5551 5534 5529
f 5551 5529 5532
f 5532 5529 5528
f 5532 5528 4576
f 4576 5528 4577
f 4828 4821 5541
f 5541 4821 4820
f 5541 4820 5546
f 5546 4820 4818
f 5546 4818 5544
f 5544 4818 4819
f 5544 4819 5542
f 5542 4819 4762
f 4762 5556 5542
f 5542 5556 5557
f 5542 5557 5543
f 5543 5557 5558
f 5543 5558 5552
f 5552 5558 5559
f 5552 5559 5560
f 4445 5535 4446
f 4446 5535 5555
f 4446 5555 4448
f 4448 5555 5554
f 4448 5554 4449
f 4449 5554 5553
f 4449 5553 4453
f 4453 5553 5552
f 4453 5552 4454
f 4454 5552 5560
f 4454 5560 4450
f 4451 4450 5561
f 5561 4450 5560
f 5561 5560 5562
f 5562 5560 5559
f 5562 5559 5563
f 5563 5559 5558
f 5563 5558 5564
f 5564 5558 5557
f 5564 5557 5565
f 5565 5557 5556
f 5565 5556 4758
f 4758 5556 4762
f 5260 5261 5566
f 4537 4536 5567
f 5567 4536 5568
f 5569 5570 4460
f 5566 4538 4537
f 5266 5265 4544
f 4544 5265 5264
f 4544 5264 4543
f 4543 5264 5263
f 4543 5263 4540
f 5571 5262 5572
f 5572 5262 5268
f 5572 5268 5267
f 5261 5262 5566
f 5566 5262 5571
f 5566 5571 4538
f 4538 5571 5572
f 4538 5572 4544
f 4544 5572 5267
f 4544 5267 5266
f 5259 5260 5573
f 4785 4784 5256
f 5256 4784 4787
f 5256 4787 4793
f 5260 5566 5573
f 5573 5566 4537
f 5573 4537 5574
f 5574 4537 5567
f 5574 5567 5575
f 5575 5567 5568
f 5575 5568 5576
f 5258 5259 5577
f 5577 5259 5573
f 5577 5573 5578
f 5578 5573 5574
f 5578 5574 5579
f 5579 5574 5575
f 5579 5575 5580
f 5580 5575 5576
f 5580 5576 5581
f 5256 5258 4785
f 4785 5258 5577
f 4785 5577 4801
f 4801 5577 5578
f 4801 5578 4797
f 4797 5578 5579
f 4797 5579 4805
f 4805 5579 5580
f 4805 5580 4806
f 4806 5580 5581
f 4807 4810 5581
f 5581 4810 4809
f 5581 4809 4806
f 5582 5583 5584
f 5584 5583 5585
f 5584 5585 5586
f 5586 5585 5587
f 5586 5587 5588
f 5588 5587 5589
f 5588 5589 5569
f 5569 5589 5590
f 5569 5590 5570
f 5583 5591 5585
f 5585 5591 5592
f 5585 5592 5587
f 5587 5592 5593
f 5587 5593 5589
f 5589 5593 5594
f 5589 5594 5590
f 4460 4459 5569
f 5569 4459 4458
f 5569 4458 5588
f 5588 4458 4457
f 5588 4457 5586
f 5586 4457 4456
f 5586 4456 5584
f 5584 4456 4455
f 5584 4455 5582
f 5582 4455 4451
f 4451 5561 5582
f 5582 5561 5562
f 5582 5562 5583
f 5583 5562 5563
f 5583 5563 5591
f 5591 5563 5564
f 5591 5564 5565
f 4536 4460 5568
f 5568 4460 5570
f 5568 5570 5576
f 5576 5570 5590
f 5576 5590 5581
f 5581 5590 5594
f 5581 5594 4807
f 4807 5594 5593
f 4807 5593 4808
f 4808 5593 5592
f 4808 5592 4813
f 4813 5592 5591
f 4813 5591 4814
f 4814 5591 5565
f 4814 5565 4758
f 5232 5595 5233
f 4550 5596 5597
f 5237 4559 5236
f 5236 4559 4562
f 5236 4562 4527
f 5237 5235 4559
f 4559 5235 5234
f 4559 5234 4560
f 5598 5599 4563
f 4563 5599 4564
f 4549 4548 5600
f 5600 4548 5601
f 4550 5597 4534
f 4534 5597 5602
f 4534 5602 4535
f 4535 5602 5603
f 4535 5603 4461
f 5242 5241 5604
f 5604 5241 5240
f 4869 4867 5238
f 5238 4867 4866
f 5238 4866 5239
f 5239 4866 4865
f 5239 4865 5240
f 4548 4564 5601
f 5601 4564 5599
f 5601 5599 5228
f 5228 5599 5598
f 5228 5598 5229
f 5229 5598 5231
f 4560 5234 4561
f 4561 5234 5233
f 4561 5233 4563
f 4563 5233 5595
f 4563 5595 5598
f 5598 5595 5232
f 5598 5232 5231
f 5240 4865 5604
f 5604 4865 4864
f 5604 4864 5605
f 4864 4857 5605
f 5605 4857 4856
f 5605 4856 5606
f 5606 4856 4855
f 5606 4855 5607
f 5607 4855 4854
f 5607 4854 5608
f 5608 4854 4858
f 5608 4858 5609
f 5610 5611 5612
f 5612 5611 5613
f 5612 5613 5614
f 5614 5613 5615
f 5614 5615 5609
f 5609 5615 5616
f 5609 5616 5608
f 5608 5616 5617
f 5608 5617 5607
f 5607 5617 5618
f 5607 5618 5606
f 5606 5618 5619
f 5606 5619 5605
f 5605 5619 5600
f 5605 5600 5604
f 5604 5600 5601
f 5604 5601 5242
f 5242 5601 5228
f 5611 5620 5613
f 5613 5620 5621
f 5613 5621 5615
f 5615 5621 5622
f 5615 5622 5616
f 5616 5622 5623
f 5616 5623 5617
f 5617 5623 5603
f 5617 5603 5618
f 5618 5603 5602
f 5618 5602 5619
f 5619 5602 5597
f 5619 5597 5600
f 5600 5597 5596
f 5600 5596 4549
f 4549 5596 4550
f 4858 4851 5609
f 5609 4851 4850
f 5609 4850 5614
f 5614 4850 4848
f 5614 4848 5612
f 5612 4848 4849
f 5612 4849 5610
f 5610 4849 4767
f 4767 5624 5610
f 5610 5624 5625
f 5610 5625 5611
f 5611 5625 5626
f 5611 5626 5620
f 5620 5626 5627
f 5620 5627 5628
f 4461 5603 4462
f 4462 5603 5623
f 4462 5623 4464
f 4464 5623 5622
f 4464 5622 4465
f 4465 5622 5621
f 4465 5621 4466
f 4466 5621 5620
f 4466 5620 4467
f 4467 5620 5628
f 4467 5628 4468
f 4767 4769 5624
f 5624 4769 5629
f 5624 5629 5625
f 5625 5629 5630
f 5625 5630 5626
f 5626 5630 5631
f 5626 5631 5627
f 5627 5631 5632
f 5627 5632 5628
f 5628 5632 5633
f 5628 5633 4468
f 4468 5633 4469
f 4578 5211 5210
f 4573 4572 5634
f 5634 4572 5635
f 5636 5637 4476
f 5638 4574 4573
f 5638 5639 4574
f 4574 5639 5640
f 4574 5640 4578
f 4578 5210 4579
f 4579 5210 5209
f 4579 5209 4567
f 5206 5207 5638
f 5638 5207 5208
f 5638 5208 5639
f 5639 5208 5214
f 5639 5214 5640
f 5640 5214 5213
f 5640 5213 4578
f 4578 5213 5212
f 4578 5212 5211
f 5205 5206 5641
f 4876 4875 5202
f 5202 4875 4878
f 5202 4878 4884
f 5206 5638 5641
f 5641 5638 4573
f 5641 4573 5642
f 5642 4573 5634
f 5642 5634 5643
f 5643 5634 5635
f 5643 5635 5644
f 5204 5205 5645
f 5645 5205 5641
f 5645 5641 5646
f 5646 5641 5642
f 5646 5642 5647
f 5647 5642 5643
f 5647 5643 5648
f 5648 5643 5644
f 5648 5644 5649
f 5202 5204 4876
f 4876 5204 5645
f 4876 5645 4892
f 4892 5645 5646
f 4892 5646 4888
f 4888 5646 5647
f 4888 5647 4896
f 4896 5647 5648
f 4896 5648 4897
f 4897 5648 5649
f 4898 4901 5649
f 5649 4901 4900
f 5649 4900 4897
f 5650 5651 5652
f 5652 5651 5653
f 5652 5653 5654
f 5654 5653 5655
f 5654 5655 5656
f 5656 5655 5657
f 5656 5657 5636
f 5636 5657 5658
f 5636 5658 5637
f 5651 5659 5653
f 5653 5659 5660
f 5653 5660 5655
f 5655 5660 5661
f 5655 5661 5657
f 5657 5661 5662
f 5657 5662 5658
f 4476 4475 5636
f 5636 4475 4474
f 5636 4474 5656
f 5656 4474 4473
f 5656 4473 5654
f 5654 4473 4472
f 5654 4472 5652
f 5652 4472 4470
f 5652 4470 5650
f 5650 4470 4469
f 4469 5633 5650
f 5650 5633 5632
f 5650 5632 5651
f 5651 5632 5631
f 5651 5631 5659
f 5659 5631 5630
f 5659 5630 5629
f 4572 4476 5635
f 5635 4476 5637
f 5635 5637 5644
f 5644 5637 5658
f 5644 5658 5649
f 5649 5658 5662
f 5649 5662 4898
f 4898 5662 5661
f 4898 5661 4899
f 4899 5661 5660
f 4899 5660 4904
f 4904 5660 5659
f 4904 5659 4905
f 4905 5659 5629
f 4905 5629 4769
f 4438 5663 4440
f 4440 5663 5664
f 4440 5664 4442
f 4442 5664 5665
f 4442 5665 4444
f 4444 5665 5666
f 4444 5666 4412
f 4412 5666 5667
f 4412 5667 4414
f 4414 5667 5668
f 4414 5668 4416
f 4416 5668 5669
f 4416 5669 4418
f 4418 5669 5670
f 4418 5670 4420
f 5670 5671 4420
f 4420 5671 5672
f 4420 5672 4422
f 4422 5672 5673
f 4422 5673 4424
f 4424 5673 5674
f 4424 5674 4426
f 4426 5674 5675
f 4426 5675 4428
f 4428 5675 5676
f 4428 5676 4430
f 4430 5676 5677
f 4430 5677 4432
f 4432 5677 5678
f 4432 5678 4434
f 4434 5678 5679
f 4434 5679 4436
f 4436 5679 5680
f 4436 5680 4438
f 4438 5680 5681
f 4438 5681 5663
f 4910 5682 4909
f 4909 5682 5683
f 4909 5683 4908
f 4908 5683 5684
f 4908 5684 4907
f 4907 5684 5685
f 4907 5685 4906
f 4906 5685 5686
f 4906 5686 4922
f 4922 5686 5687
f 4922 5687 4921
f 4921 5687 5688
f 4921 5688 4920
f 4920 5688 5689
f 4920 5689 4919
f 5689 5690 4919
f 4919 5690 5691
f 4919 5691 4918
f 4918 5691 5692
f 4918 5692 4917
f 4917 5692 5693
f 4917 5693 4916
f 4916 5693 5694
f 4916 5694 4915
f 4915 5694 5695
f 4915 5695 4914
f 4914 5695 5696
f 4914 5696 4913
f 4913 5696 5697
f 4913 5697 4912
f 4912 5697 5698
f 4912 5698 4911
f 4911 5698 5699
f 4911 5699 4910
f 4910 5699 5700
f 4910 5700 5682
f 5667 5686 5668
f 5668 5686 5685
f 5668 5685 5669
f 5669 5685 5684
f 5669 5684 5670
f 5670 5684 5683
f 5670 5683 5671
f 5671 5683 5682
f 5671 5682 5672
f 5672 5682 5700
f 5672 5700 5673
f 5673 5700 5699
f 5673 5699 5674
f 5674 5699 5698
f 5674 5698 5675
f 5675 5698 5697
f 5675 5697 5676
f 5676 5697 5696
f 5676 5696 5677
f 5677 5696 5695
f 5677 5695 5678
f 5678 5695 5694
f 5678 5694 5679
f 5679 5694 5693
f 5679 5693 5680
f 5680 5693 5692
f 5680 5692 5681
f 5681 5692 5691
f 5681 5691 5663
f 5663 5691 5690
f 5663 5690 5664
f 5664 5690 5689
f 5664 5689 5665
f 5665 5689 5688
f 5665 5688 5666
f 5666 5688 5687
f 5666 5687 5667
f 5667 5687 5686
f 5701 5702 5703
f 5704 5705 5706
f 5706 5705 5707
f 5708 5709 5704
f 5704 5709 5710
f 5704 5710 5705
f 5708 5711 5709
f 5709 5711 5712
f 5709 5712 5713
f 5714 5715 5713
f 5713 5715 5716
f 5713 5716 5709
f 5717 5718 5719
f 5719 5718 5720
f 5719 5720 5721
f 5721 5720 5722
f 5721 5722 5723
f 5723 5722 5715
f 5723 5715 5724
f 5724 5715 5714
f 5717 5725 5718
f 5718 5725 5726
f 5718 5726 5727
f 5727 5726 5728
f 5727 5728 5729
f 5729 5728 5730
f 5729 5730 5731
f 5731 5730 5732
f 5731 5732 5733
f 5732 5734 5733
f 5733 5734 5735
f 5733 5735 5736
f 5736 5735 5737
f 5736 5737 5738
f 5738 5737 5739
f 5739 5740 5738
f 5738 5740 5741
f 5738 5741 5742
f 5742 5741 5743
f 5742 5743 5744
f 5744 5743 5745
f 5745 5746 5744
f 5744 5746 5747
f 5744 5747 5748
f 5747 5749 5748
f 5748 5749 5750
f 5748 5750 5702
f 5702 5750 5751
f 5702 5751 5703
f 5703 5752 5701
f 5701 5752 5753
f 5701 5753 5754
f 5754 5753 5755
f 5754 5755 5756
f 5756 5755 5757
f 5757 5758 5756
f 5756 5758 5759
f 5756 5759 5760
f 5760 5759 5761
f 5760 5761 5762
f 5762 5761 5763
f 5763 5764 5762
f 5762 5764 5765
f 5762 5765 5766
f 5766 5765 5767
f 5766 5767 5705
f 5705 5767 5768
f 5705 5768 5707
f 5769 5770 5771
f 5772 5773 5774
f 5775 5776 5777
f 5777 5776 5778
f 5779 5780 5781
f 5779 5781 5777
f 5777 5781 5782
f 5777 5782 5775
f 5778 5776 5774
f 5774 5776 5783
f 5774 5783 5772
f 5784 5785 5773
f 5773 5785 5786
f 5773 5786 5774
f 5784 5787 5785
f 5785 5787 5788
f 5785 5788 5789
f 5789 5790 5785
f 5785 5790 5791
f 5785 5791 5792
f 5792 5791 5793
f 5792 5793 5794
f 5795 5796 5797
f 5797 5796 5794
f 5797 5794 5798
f 5798 5794 5793
f 5795 5799 5796
f 5796 5799 5800
f 5796 5800 5801
f 5801 5800 5802
f 5801 5802 5803
f 5802 5804 5803
f 5803 5804 5805
f 5803 5805 5806
f 5806 5805 5807
f 5806 5807 5808
f 5808 5807 5809
f 5808 5809 5810
f 5810 5809 5811
f 5810 5811 5812
f 5811 5813 5812
f 5812 5813 5814
f 5812 5814 5815
f 5815 5814 5816
f 5815 5816 5817
f 5817 5816 5818
f 5818 5819 5817
f 5817 5819 5820
f 5817 5820 5821
f 5821 5820 5822
f 5821 5822 5770
f 5770 5822 5823
f 5770 5823 5771
f 5771 5824 5769
f 5769 5824 5825
f 5769 5825 5826
f 5826 5825 5827
f 5826 5827 5828
f 5827 5829 5828
f 5828 5829 5830
f 5828 5830 5831
f 5831 5830 5832
f 5831 5832 5833
f 5833 5832 5834
f 5833 5834 5779
f 5779 5834 5835
f 5779 5835 5780
f 5785 5792 5836
f 5837 5833 5838
f 5838 5833 5839
f 5840 5828 5837
f 5837 5828 5831
f 5837 5831 5833
f 5840 5841 5828
f 5828 5841 5842
f 5828 5842 5843
f 5844 5769 5843
f 5843 5769 5826
f 5843 5826 5828
f 5845 5817 5846
f 5846 5817 5821
f 5846 5821 5847
f 5847 5821 5770
f 5847 5770 5848
f 5848 5770 5769
f 5848 5769 5849
f 5849 5769 5844
f 5845 5850 5817
f 5817 5850 5851
f 5817 5851 5815
f 5815 5851 5852
f 5815 5852 5812
f 5812 5852 5853
f 5812 5853 5810
f 5810 5853 5854
f 5810 5854 5808
f 5854 5855 5808
f 5808 5855 5856
f 5808 5856 5806
f 5806 5856 5857
f 5806 5857 5803
f 5803 5857 5858
f 5858 5859 5803
f 5803 5859 5860
f 5803 5860 5801
f 5801 5860 5861
f 5801 5861 5796
f 5796 5861 5862
f 5862 5863 5796
f 5796 5863 5864
f 5796 5864 5794
f 5864 5865 5794
f 5794 5865 5866
f 5794 5866 5792
f 5792 5866 5867
f 5792 5867 5836
f 5836 5868 5785
f 5785 5868 5869
f 5785 5869 5786
f 5786 5869 5870
f 5786 5870 5774
f 5774 5870 5871
f 5871 5872 5774
f 5774 5872 5873
f 5774 5873 5778
f 5778 5873 5874
f 5778 5874 5777
f 5777 5874 5875
f 5875 5876 5777
f 5777 5876 5877
f 5777 5877 5779
f 5779 5877 5878
f 5779 5878 5833
f 5833 5878 5879
f 5833 5879 5839
f 5715 5722 5880
f 5881 5882 5756
f 5883 5884 5762
f 5762 5884 5760
f 5766 5885 5886
f 5766 5886 5762
f 5762 5886 5887
f 5762 5887 5883
f 5760 5884 5756
f 5756 5884 5888
f 5756 5888 5881
f 5889 5701 5882
f 5882 5701 5754
f 5882 5754 5756
f 5889 5890 5701
f 5701 5890 5891
f 5701 5891 5892
f 5892 5893 5701
f 5701 5893 5894
f 5701 5894 5702
f 5702 5894 5895
f 5702 5895 5748
f 5896 5744 5897
f 5897 5744 5748
f 5897 5748 5898
f 5898 5748 5895
f 5896 5899 5744
f 5744 5899 5900
f 5744 5900 5742
f 5742 5900 5901
f 5742 5901 5738
f 5901 5902 5738
f 5738 5902 5903
f 5738 5903 5736
f 5736 5903 5904
f 5736 5904 5733
f 5733 5904 5905
f 5733 5905 5731
f 5731 5905 5906
f 5731 5906 5729
f 5906 5907 5729
f 5729 5907 5908
f 5729 5908 5727
f 5727 5908 5909
f 5727 5909 5718
f 5718 5909 5910
f 5910 5911 5718
f 5718 5911 5912
f 5718 5912 5720
f 5720 5912 5913
f 5720 5913 5722
f 5722 5913 5914
f 5722 5914 5880
f 5880 5915 5715
f 5715 5915 5916
f 5715 5916 5716
f 5716 5916 5917
f 5716 5917 5709
f 5917 5918 5709
f 5709 5918 5919
f 5709 5919 5710
f 5710 5919 5920
f 5710 5920 5705
f 5705 5920 5921
f 5705 5921 5766
f 5766 5921 5922
f 5766 5922 5885
f 4382 5789 4383
f 4383 5789 5788
f 4383 5788 4384
f 4376 4374 5805
f 5805 5804 4376
f 4376 5804 5802
f 4376 5802 4377
f 4377 5802 5800
f 4377 5800 4373
f 4373 5800 4370
f 4370 5800 5799
f 4370 5799 4371
f 5799 5795 4371
f 4371 5795 5797
f 4371 5797 4378
f 4378 5797 5798
f 4378 5798 4379
f 4379 5798 5793
f 4379 5793 4381
f 4381 5793 5791
f 4381 5791 4382
f 4382 5791 5790
f 4382 5790 5789
f 4384 5788 4367
f 4367 5788 5787
f 4367 5787 4366
f 4366 5787 5784
f 4366 5784 4365
f 5784 5773 4365
f 4365 5773 5772
f 4365 5772 4368
f 4368 5772 5783
f 4368 5783 4369
f 4369 5783 4356
f 4356 5783 5776
f 4356 5776 4358
f 4358 5776 5775
f 4358 5775 4359
f 4359 5775 5782
f 4359 5782 4360
f 4360 5782 5781
f 4360 5781 4361
f 5781 5780 4361
f 4361 5780 5835
f 4361 5835 4364
f 4364 5835 5834
f 4364 5834 4362
f 4362 5834 5832
f 4362 5832 4350
f 4350 5832 4351
f 5832 5830 4351
f 4351 5830 5829
f 4351 5829 4352
f 4352 5829 5827
f 4352 5827 4353
f 4353 5827 5825
f 4353 5825 4354
f 4354 5825 5824
f 4354 5824 4340
f 5824 5771 4340
f 4340 5771 5823
f 4340 5823 4342
f 4342 5823 5822
f 4342 5822 4343
f 4343 5822 5820
f 4343 5820 4344
f 4344 5820 5819
f 4344 5819 4345
f 4345 5819 5818
f 4345 5818 4346
f 4346 5818 5816
f 4346 5816 4347
f 4347 5816 5814
f 4347 5814 4348
f 4348 5814 5813
f 4348 5813 4337
f 4337 5813 5811
f 4337 5811 4338
f 4338 5811 5809
f 4338 5809 4374
f 4374 5809 5807
f 4374 5807 5805
f 5704 4294 5708
f 5708 4294 4315
f 5708 4315 5711
f 5704 5706 4294
f 4294 5706 5707
f 4294 5707 4295
f 4295 5707 5768
f 4295 5768 4297
f 4297 5768 4298
f 5711 4315 5712
f 5712 4315 4314
f 5712 4314 5713
f 5713 4314 5714
f 5714 4314 4313
f 5714 4313 5724
f 5724 4313 4309
f 5724 4309 5723
f 5723 4309 4311
f 5723 4311 5721
f 4311 4312 5721
f 5721 4312 4307
f 5721 4307 5719
f 5719 4307 4306
f 5719 4306 5717
f 5717 4306 4327
f 5717 4327 5725
f 4327 4326 5725
f 5725 4326 4325
f 5725 4325 5726
f 5726 4325 4324
f 5726 4324 5728
f 5728 4324 4322
f 5728 4322 5730
f 5730 4322 5732
f 5732 4322 4321
f 5732 4321 5734
f 5734 4321 5735
f 5735 4321 4320
f 5735 4320 5737
f 5737 4320 4319
f 5737 4319 5739
f 5739 4319 5740
f 5740 4319 4317
f 5740 4317 5741
f 5741 4317 4316
f 5741 4316 5743
f 4334 5747 4335
f 4335 5747 5746
f 4335 5746 4316
f 4316 5746 5745
f 4316 5745 5743
f 4302 5755 4328
f 4328 5755 5753
f 4328 5753 4329
f 4329 5753 5752
f 4329 5752 4331
f 4331 5752 5703
f 4331 5703 4332
f 4332 5703 5751
f 4332 5751 4333
f 4333 5751 5750
f 4333 5750 4334
f 4334 5750 5749
f 4334 5749 5747
f 4301 5761 4305
f 4305 5761 5759
f 4305 5759 4304
f 4304 5759 5758
f 4304 5758 4302
f 4302 5758 5757
f 4302 5757 5755
f 5768 5767 4298
f 4298 5767 5765
f 4298 5765 4299
f 4299 5765 5764
f 4299 5764 4301
f 4301 5764 5763
f 4301 5763 5761
f 4261 4260 5903
f 5903 5902 4261
f 4261 5902 5901
f 4261 5901 4262
f 4262 5901 5900
f 4262 5900 4263
f 4263 5900 5899
f 4263 5899 4281
f 5899 5896 4281
f 4281 5896 5897
f 4281 5897 4282
f 4282 5897 5898
f 4282 5898 4284
f 4284 5898 5895
f 4284 5895 4285
f 4285 5895 4291
f 4291 5895 5894
f 4291 5894 4292
f 5894 5893 4292
f 4292 5893 5892
f 4292 5892 4293
f 4293 5892 5891
f 4293 5891 4286
f 4286 5891 5890
f 4286 5890 4287
f 4287 5890 5889
f 4287 5889 4289
f 5889 5882 4289
f 4289 5882 5881
f 4289 5881 4290
f 4290 5881 5888
f 4290 5888 4270
f 4270 5888 4271
f 5888 5884 4271
f 4271 5884 5883
f 4271 5883 4272
f 4272 5883 5887
f 4272 5887 4273
f 4273 5887 5886
f 4273 5886 4274
f 5886 5885 4274
f 4274 5885 5922
f 4274 5922 4276
f 4276 5922 5921
f 4276 5921 4277
f 4277 5921 5920
f 4277 5920 4278
f 4278 5920 5919
f 4278 5919 4279
f 4279 5919 5918
f 4279 5918 4280
f 4280 5918 4264
f 4264 5918 5917
f 4264 5917 4265
f 4265 5917 5916
f 4265 5916 4267
f 4267 5916 5915
f 4267 5915 4268
f 5915 5880 4268
f 4268 5880 5914
f 4268 5914 4249
f 4249 5914 5913
f 4249 5913 4251
f 4251 5913 4252
f 4252 5913 5912
f 4252 5912 4253
f 4253 5912 5911
f 4253 5911 4254
f 4254 5911 5910
f 4254 5910 4255
f 4255 5910 5909
f 4255 5909 4256
f 5909 5908 4256
f 4256 5908 5907
f 4256 5907 4257
f 4257 5907 5906
f 4257 5906 4258
f 4258 5906 5905
f 4258 5905 4260
f 4260 5905 5904
f 4260 5904 5903
f 4224 5865 5864
f 4210 4208 5879
f 5879 4208 4207
f 5879 4207 5839
f 5839 4207 4220
f 5839 4220 5838
f 5844 5843 4217
f 4217 5843 5842
f 4217 5842 4218
f 4218 5842 5841
f 4218 5841 4219
f 4219 5841 5840
f 4219 5840 4220
f 4220 5840 5837
f 4220 5837 5838
f 5844 4217 5849
f 5849 4217 4216
f 5849 4216 5848
f 4216 4214 5848
f 5848 4214 4239
f 5848 4239 5847
f 4239 4238 5847
f 5847 4238 4237
f 5847 4237 5846
f 5846 4237 4236
f 5846 4236 5845
f 5845 4236 5850
f 4236 4235 5850
f 5850 4235 4234
f 5850 4234 5851
f 5851 4234 4233
f 5851 4233 5852
f 5852 4233 4231
f 5852 4231 5853
f 5853 4231 5854
f 5854 4231 4230
f 5854 4230 5855
f 5855 4230 5856
f 5856 4230 4229
f 5856 4229 5857
f 5857 4229 4228
f 5857 4228 5858
f 5858 4228 5859
f 5859 4228 4227
f 5859 4227 5860
f 5860 4227 4226
f 5860 4226 5861
f 4224 5864 4225
f 4225 5864 5863
f 4225 5863 4226
f 4226 5863 5862
f 4226 5862 5861
f 5872 5871 4241
f 4241 5871 5870
f 4241 5870 4245
f 4245 5870 5869
f 4245 5869 4246
f 4246 5869 5868
f 4246 5868 4247
f 4247 5868 5836
f 4247 5836 4223
f 4223 5836 5867
f 4223 5867 4224
f 4224 5867 5866
f 4224 5866 5865
f 4241 4240 5872
f 5872 4240 4244
f 5872 4244 5873
f 5873 4244 5874
f 5874 4244 4243
f 5879 5878 4210
f 4210 5878 5877
f 4210 5877 4212
f 4212 5877 5876
f 4212 5876 4243
f 4243 5876 5875
f 4243 5875 5874
