mtllib KneeRight_visuals.mtl
v -0.026422999799251553 0.034584999084472656 0.0018220000201836228
v -0.02654599957168102 0.0351249985396862 0.002125999890267849
v -0.020825000479817387 0.03379900008440018 0.004728000145405531
v -0.026654999703168866 0.035335998982191086 0.002220999915152788
v -0.02678200043737888 0.035521000623703 0.0022899999748915434
v -0.02725099958479404 0.03596600145101547 0.0023739999160170555
v -0.027829000726342198 0.03625800088047981 0.00228899996727705
v -0.22067900002002713 0.17083300650119781 0.001344999996945262
v -0.2205020040273666 0.17133399844169617 0.0017209999496117234
v -0.2204950004816055 0.17148800194263458 0.0018220000201836228
v -0.2205650061368942 0.17188799381256104 0.002056000055745244
v -0.22072699666023252 0.1722390055656433 0.002220999915152788
v -0.22085399925708768 0.17242300510406494 0.00228899996727705
v -0.02804400026798248 0.036315999925136566 0.002220999915152788
v -0.028428999707102772 0.036350999027490616 0.002056000055745244
v -0.02882900089025497 0.036281999200582504 0.0018220000201836228
v -0.22132299840450284 0.1728689968585968 0.0023739999160170555
v -0.221900001168251 0.17316100001335144 0.0022899999748915434
v -0.2255199998617172 0.17819499969482422 0.004728999920189381
v -0.22211599349975583 0.1732189953327179 0.002220999915152788
v -0.222351998090744 0.17325100302696228 0.002125999890267849
v -0.22345599532127378 0.1727920025587082 0.001344999996945262
v -0.22737899422645566 0.17555999755859375 0.001344999996945262
v -0.22298200428485868 0.17315499484539032 0.0017659999430179596
v -0.22290100157260892 0.17318500578403473 0.0018220000201836228
v -0.22368100285530088 0.1717430055141449 0.0007099999929778278
v -0.2235230058431625 0.1712770015001297 0.0005430000019259751
v -0.23026800155639646 0.17146499454975128 -0.001044000033289194
v -0.22348099946975705 0.17275799810886383 0.0013150000013411045
v -0.22368200123310086 0.17227399349212646 0.0009749999735504389
v -0.22370499372482297 0.1720450073480606 0.0008500000112690032
v -0.22327400743961331 0.17090700566768646 0.00045399999362416565
v -0.22292800247669217 0.1705929934978485 0.00042299999040551484
v -0.22264499962329862 0.17042799293994904 0.00043799998820759356
v -0.22129899263381955 0.17034800350666046 0.0008500000112690032
v -0.22108699381351468 0.17044900357723236 0.000977999996393919
v -0.029384000226855275 0.03589000180363655 0.001344999996945262
v -0.029409000650048252 0.03585600107908249 0.0013150000013411045
v -0.029609000310301777 0.03537600114941597 0.000977999996393919
v -0.22208300232887265 0.17026199400424957 0.0005430000019259751
v -0.22165800631046292 0.1702599972486496 0.0006830000202171504
v -0.029634000733494755 0.03514299914240837 0.0008500000112690032
v -0.029596000909805294 0.0347759984433651 0.0006830000202171504
v -0.02945199981331825 0.03437599912285805 0.0005430000019259751
v -0.02897199988365173 0.03622499853372574 0.0017209999496117234
v -0.22070300579071042 0.17079800367355347 0.0013150000013411045
v -0.02910700067877769 0.033900998532772064 0.00043799998820759356
v -0.028855999931693074 0.03369000181555748 0.00042299999040551484
v -0.025573000311851498 0.02706800028681755 -0.001044000033289194
v -0.028444999828934666 0.03347000107169151 0.00045399999362416565
v -0.02801200002431869 0.03336000069975853 0.0005430000019259751
v -0.027019999921321865 0.03354400023818016 0.0009749999735504389
v -0.0226840004324913 0.03116299957036972 0.001344999996945262
v -0.0272269994020462 0.033445000648498535 0.0008500000112690032
v -0.027519999071955677 0.03336700052022934 0.0007099999929778278
v -0.026630999520421025 0.03389599919319153 0.0013150000013411045
v -0.026606999337673184 0.03393099829554558 0.001344999996945262
v -0.026425000280141827 0.03449900075793266 0.0017659999430179596
v -0.02642400003969669 0.034522999078035355 0.01471799984574318
v -0.02650699950754642 0.03412400186061859 0.01500099990516901
v -0.022164000198245045 0.03190099820494652 0.014464999549090862
v -0.026422999799251553 0.034584999084472656 0.014677999541163445
v -0.026630999520421025 0.03389599919319153 0.015185000374913216
v -0.026723999530076977 0.03378000110387802 0.015286000445485115
v -0.02485300041735172 0.02809000015258789 0.017114000394940376
v -0.02705699950456619 0.03352300077676773 0.015549999661743641
v -0.0272269994020462 0.033445000648498535 0.015650000423192978
v -0.027475999668240544 0.03337499871850014 0.01577099971473217
v -0.027941999956965443 0.033351998776197433 0.01593800075352192
v -0.028046000748872753 0.03336400166153908 0.01596600003540516
v -0.02841600030660629 0.033459000289440155 0.01604199968278408
v -0.028855999931693074 0.03369000181555748 0.01607700064778328
v -0.029221000149846073 0.034026000648736954 0.01604199968278408
v -0.029434999451041218 0.03434399887919426 0.01596600003540516
v -0.22055299580097196 0.17184999585151672 0.014464999549090862
v -0.029595000669360157 0.03477099910378456 0.015819000080227852
v -0.029634000733494755 0.03514299914240837 0.015650000423192978
v -0.029612999409437176 0.03535500168800354 0.015533999539911747
v -0.029478000476956364 0.035746000707149506 0.015273000113666058
v -0.029409000650048252 0.03585600107908249 0.015185000374913216
v -0.029064999893307682 0.03617500141263008 0.014851000159978867
v -0.22110599279403684 0.1704380065202713 0.015533999539911747
v -0.22129899263381955 0.17034800350666046 0.015650000423192978
v -0.220782995223999 0.17069700360298157 0.015273000113666058
v -0.2204950004816055 0.17148800194263458 0.014677999541163445
v -0.2205179929733276 0.1712300032377243 0.014851000159978867
v -0.22070300579071042 0.17079900205135345 0.015185000374913216
v -0.22166199982166288 0.1702599972486496 0.015819000080227852
v -0.222118005156517 0.1702670007944107 0.01596600003540516
v -0.22248999774456021 0.17036199569702148 0.01604199968278408
v -0.22954699397087094 0.17248600721359253 0.017114000394940376
v -0.22292800247669217 0.1705929934978485 0.01607700064778328
v -0.22329400479793546 0.17092999815940857 0.01604199968278408
v -0.22350700199604032 0.17124700546264648 0.01596600003540516
v -0.22355300188064572 0.1713400036096573 0.01593800075352192
v -0.22368800640106198 0.17178800702095032 0.01577099971473217
v -0.22370499372482297 0.1720450073480606 0.015650000423192978
v -0.22368900477886197 0.1722320020198822 0.015549999661743641
v -0.22685900330543515 0.17629800736904144 0.014464999549090862
v -0.22355900704860684 0.17263199388980865 0.015286000445485115
v -0.22348099946975705 0.17275799810886383 0.015185000374913216
v -0.22330799698829648 0.17295199632644653 0.01500099990516901
v -0.22295899689197538 0.1731639951467514 0.01471799984574318
v -0.22290100157260892 0.17318500578403473 0.014677999541163445
v -0.22254100441932675 0.17325200140476227 0.014464999549090862
v -0.22527399659156797 0.17854399979114532 0.01092000026255846
v -0.22211599349975583 0.1732189953327179 0.014279000461101532
v -0.22184300422668454 0.1731410026550293 0.014196000061929226
v -0.027393000200390812 0.03605800122022629 0.01413199957460165
v -0.02725099958479404 0.03596600145101547 0.014125999994575977
v -0.020578999072313305 0.034147001802921295 0.01092000026255846
v -0.22132299840450284 0.1728689968585968 0.014125999994575977
v -0.22118900716304776 0.17276600003242493 0.01413199957460165
v -0.22084100544452664 0.17240700125694275 0.014216000214219093
v -0.028469000011682507 0.03635000064969063 0.014464999549090862
v -0.02804400026798248 0.036315999925136566 0.014279000461101532
v -0.02882900089025497 0.036281999200582504 0.014677999541163445
v -0.22072699666023252 0.1722390055656433 0.014279000461101532
v -0.027847999706864354 0.03626500070095062 0.014216000214219093
v -0.02682000026106834 0.03556700050830841 0.014196000061929226
v -0.026654999703168866 0.035335998982191086 0.014279000461101532
v -0.026481000706553456 0.034947000443935394 0.014464999549090862
v -0.029075000435113903 0.02210400067269802 -0.002093000104650855
v -0.23376999795436856 0.1665010005235672 -0.002093000104650855
v -0.032685000449419015 0.016986999660730362 -0.0016509999986737967
v -0.2373789995908737 0.1613830029964447 -0.0016509999986737967
v -0.035882998257875436 0.012454000301659107 0.00021800000104121864
v -0.2405769973993301 0.15684999525547028 0.00021800000104121864
v -0.042695999145507806 0.013415999710559845 0.0023449999280273914
v -0.042229998856782906 0.013256999664008617 0.002220999915152788
v -0.03820699825882911 0.009158000349998474 0.0032450000289827585
v -0.042174998670816415 0.013247000053524971 0.0022009999956935644
v -0.04166100174188613 0.013238999992609024 0.001955999992787838
v -0.041444998234510415 0.01329100038856268 0.0018220000201836228
v -0.04120700061321258 0.013399999588727951 0.0016459999606013298
v -0.04086599871516227 0.013717000372707844 0.0013160000089555979
v -0.04067499935626983 0.014151000417768955 0.0010049999691545963
v -0.04064099863171577 0.014430999755859375 0.0008500000112690032
v -0.04065300151705741 0.01465499959886074 0.0007430000114254653
v -0.0408090017735958 0.015169999562203884 0.0005510000046342611
v -0.04083900153636932 0.01522899977862835 0.0005339999916031957
v -0.04222799837589263 0.01620900072157383 0.0005339999916031957
v -0.042470000684261315 0.016227999702095985 0.0006040000007487833
v -0.04112900048494338 0.01563199982047081 0.0004440000047907233
v -0.04141800105571746 0.015883000567555428 0.00042299999040551484
v -0.041924998164176934 0.016137000173330307 0.0004689999914262444
v -0.042991999536752694 0.016147000715136528 0.0008210000232793391
v -0.043046999722719186 0.016127999871969223 0.0008500000112690032
v -0.04342800006270408 0.015908999368548393 0.001104000024497509
v -0.24290199577808377 0.1535540074110031 0.0032450000289827585
v -0.23709499835968015 0.1505099982023239 0.0023739999160170555
v -0.2369350045919418 0.15040700137615204 0.0023670000955462456
v -0.23641799390316007 0.15018700063228607 0.002259999979287386
v -0.23630200326442716 0.15015999972820282 0.002220999915152788
v -0.23589199781417844 0.15012599527835846 0.00204299995675683
v -0.23551699519157407 0.1501930058002472 0.0018220000201836228
v -0.23541599512100217 0.1502320021390915 0.0017519999528303742
v -0.23503600060939786 0.15049800276756287 0.0014260000316426158
v -0.04364300146698951 0.01567699946463108 0.0013150000013411045
v -0.043724998831748955 0.015542999841272831 0.0014260000316426158
v -0.04384800046682357 0.015096000395715237 0.0017519999528303742
v -0.04385099932551383 0.014987999573349953 0.0018220000201836228
v -0.04378899931907653 0.014612000435590744 0.00204299995675683
v -0.04361899942159652 0.014236999675631523 0.002220999915152788
v -0.04355400055646896 0.01413699984550476 0.002259999979287386
v -0.04317399859428405 0.013722999952733517 0.0023670000955462456
v -0.043023001402616494 0.01360700000077486 0.0023739999160170555
v -0.23493699729442594 0.1506199985742569 0.0013150000013411045
v -0.23479099571704862 0.1509000062942505 0.001104000024497509
v -0.23471300303936002 0.1513330042362213 0.0008500000112690032
v -0.23471300303936002 0.15139199793338776 0.0008210000232793391
v -0.23481200635433194 0.15191100537776947 0.0006040000007487833
v -0.23491099476814267 0.15213200449943542 0.0005339999916031957
v -0.2350800037384033 0.15239399671554565 0.0004689999914262444
v -0.23548999428749082 0.15278500318527222 0.00042299999040551484
v -0.23582300543785092 0.1529739946126938 0.0004440000047907233
v -0.23630000650882718 0.15311199426651 0.0005339999916031957
v -0.23636600375175473 0.1531199961900711 0.0005510000046342611
v -0.2369039952754974 0.15309399366378784 0.0007430000114254653
v -0.23711900413036344 0.15302999317646027 0.0008500000112690032
v -0.2373709976673126 0.15290500223636627 0.0010049999691545963
v -0.23771600425243375 0.15257899463176727 0.0013160000089555979
v -0.23790000379085538 0.15215200185775757 0.0016459999606013298
v -0.2379229962825775 0.15189099311828613 0.0018220000201836228
v -0.23790000379085538 0.15166999399662018 0.001955999992787838
v -0.2377189993858337 0.15118800103664398 0.0022009999956935644
v -0.23769100010395047 0.1511400043964386 0.002220999915152788
v -0.2373860031366348 0.15075400471687317 0.0023449999280273914
v -0.03931999951601028 0.007581000216305256 0.006953999865800142
v -0.24401399493217465 0.151978000998497 0.006953999865800142
v -0.039188999682664864 0.007765999995172024 0.010386999696493149
v -0.24388399720191953 0.15216200053691864 0.010386999696493149
v -0.03778000175952911 0.009763999842107296 0.014016999863088131
v -0.24247500300407407 0.15415999293327332 0.014016999863088131
v -0.043652001768350594 0.014293000102043152 0.014302000403404236
v -0.043829001486301415 0.014775999821722507 0.014549000188708305
v -0.23493699729442594 0.1506199985742569 0.015185000374913216
v -0.04361899942159652 0.014236999675631523 0.014279000461101532
v -0.04385099932551383 0.014987999573349953 0.014677999541163445
v -0.04382700100541114 0.01525299996137619 0.014856000430881977
v -0.04364300146698951 0.015677999705076218 0.015185000374913216
v -0.23565100133419034 0.1528880000114441 0.016071999445557594
v -0.23548999428749082 0.15278500318527222 0.01607700064778328
v -0.23991900682449338 0.15778400003910065 0.016815999522805214
v -0.2352029979228973 0.152537003159523 0.016056999564170837
v -0.2348850071430206 0.1520799994468689 0.015951000154018402
v -0.23472699522972104 0.1515669971704483 0.01576099917292595
v -0.23491099476814267 0.15213200449943542 0.01596600003540516
v -0.23471300303936002 0.1513330042362213 0.015650000423192978
v -0.2347449958324432 0.15105900168418884 0.01549800019711256
v -0.04329499974846839 0.016005000099539757 0.01549800019711256
v -0.043046999722719186 0.016127999871969223 0.015650000423192978
v -0.04282199963927268 0.016193000599741936 0.01576099917292595
v -0.042286001145839684 0.01621600054204464 0.015951000154018402
v -0.04222799837589263 0.01620900072157383 0.01596600003540516
v -0.04174799844622611 0.01607000082731247 0.016056999564170837
v -0.04141800105571746 0.015883000567555428 0.01607700064778328
v -0.03522400185465812 0.013387000188231468 0.016815999522805214
v -0.041267998516559594 0.015765000134706497 0.016071999445557594
v -0.04089999943971633 0.015333999879658222 0.015994999557733536
v -0.04083900153636932 0.01522899977862835 0.01596600003540516
v -0.04068600013852119 0.014829999767243862 0.01583000086247921
v -0.04064099863171577 0.014430999755859375 0.015650000423192978
v -0.04064799845218658 0.014314999803900719 0.015588999725878239
v -0.04078299924731254 0.01385200023651123 0.015292000025510788
v -0.04086500033736228 0.013717000372707844 0.015185000374913216
v -0.04107699915766715 0.013491000048816204 0.014964999631047249
v -0.041444998234510415 0.01329100038856268 0.014677999541163445
v -0.04149900004267692 0.013274000026285648 0.014643000438809395
v -0.04199900105595588 0.013225000351667404 0.01437199953943491
v -0.042229998856782906 0.013256999664008617 0.014279000461101532
v -0.04252500087022781 0.013341999612748623 0.014189999550580978
v -0.043023001402616494 0.01360700000077486 0.014125999994575977
v -0.23551699519157407 0.1501930058002472 0.014677999541163445
v -0.23527599871158597 0.15030500292778015 0.014856000430881977
v -0.04331599920988082 0.013852999545633793 0.014155000448226929
v -0.235724002122879 0.15014299750328064 0.014549000188708305
v -0.23623900115489957 0.15014800429344177 0.014302000403404236
v -0.23630200326442716 0.15015999972820282 0.014279000461101532
v -0.23676599562168119 0.1503169983625412 0.014155000448226929
v -0.23709499835968015 0.1505099982023239 0.014125999994575977
v -0.23751200735568997 0.1508910059928894 0.014189999550580978
v -0.23769100010395047 0.1511400043964386 0.014279000461101532
v -0.23779900372028348 0.15134699642658234 0.01437199953943491
v -0.2379209995269775 0.15183399617671967 0.014643000438809395
v -0.2379229962825775 0.15189099311828613 0.014677999541163445
v -0.23761600255966184 0.15270200371742249 0.015292000025510788
v -0.23771500587463376 0.15257999300956726 0.015185000374913216
v -0.23785799741744992 0.15230399370193481 0.014964999631047249
v -0.23722499608993527 0.15298500657081604 0.015588999725878239
v -0.23711900413036344 0.15302999317646027 0.015650000423192978
v -0.23672799766063687 0.15312199294567108 0.01583000086247921
v -0.23630000650882718 0.15311199426651 0.01596600003540516
v -0.23618100583553311 0.1530900001525879 0.015994999557733536
v -0.03189000114798545 0.01811400055885315 0.01838099956512451
v -0.2365850061178207 0.1625099927186966 0.01838099956512451
v -0.028257999569177624 0.02326199971139431 0.018485000357031822
v -0.23295299708843228 0.1676580011844635 0.018485000357031822
v -0.02025699988007545 0.03460400179028511 0.008249999955296516
v -0.2249519973993301 0.17900100350379944 0.008249999955296516
v -0.021096000447869297 0.03341500088572502 0.010083000175654888
v -0.02769999951124191 0.03533000126481056 0.013015000149607658
v -0.02803399972617626 0.035523999482393265 0.013043999671936035
v -0.02953800000250339 0.03550900146365166 0.01370100025087595
v -0.2234379947185516 0.1698710024356842 0.014814999885857105
v -0.029291000217199322 0.035627998411655426 0.013534000143408775
v -0.22310599684715268 0.1696850061416626 0.014797000214457512
v -0.029082000255584713 0.03568299859762192 0.013414000160992146
v -0.2226230055093765 0.16955099999904633 0.014715000055730343
v -0.22256900370121 0.1695449948310852 0.014702999964356422
v -0.22202800214290616 0.1695770025253296 0.014533000066876411
v -0.221791997551918 0.16965000331401825 0.014429000206291676
v -0.22147600352764127 0.171983003616333 0.013043999671936035
v -0.22177100181579587 0.1722330003976822 0.013015000149607658
v -0.2257910072803497 0.17781099677085876 0.010083000175654888
v -0.2222730070352554 0.1724960058927536 0.013075999915599823
v -0.2271890044212341 0.1758289933204651 0.013164999894797802
v -0.22254699468612668 0.1725739985704422 0.013152999803423882
v -0.22256800532341 0.17257800698280334 0.013159999623894691
v -0.22280499339103696 0.17260700464248657 0.013248000293970108
v -0.22331200540065763 0.17254699766635895 0.013504000380635262
v -0.22336299717426297 0.17253099381923676 0.013534000143408775
v -0.2237409949302673 0.1723179966211319 0.01380200032144785
v -0.2239580005407333 0.17208300530910492 0.014004000462591648
v -0.2297209948301315 0.1722390055656433 0.015503999777138233
v -0.22404299676418302 0.1719440072774887 0.014101999811828136
v -0.22418899834156034 0.17146700620651245 0.014372999779880047
v -0.22419799864292142 0.1713470071554184 0.014429000206291676
v -0.2241600006818771 0.17093800008296967 0.014592000283300877
v -0.2240120023488998 0.1705310046672821 0.014715000055730343
v -0.2239509969949722 0.17042100429534912 0.01474200002849102
v -0.22358499467372892 0.16998599469661713 0.014810999855399132
v -0.029888000339269635 0.035176001489162445 0.014006000012159348
v -0.030090000480413433 0.03471999987959862 0.014294000342488289
v -0.03012599982321262 0.03444400057196617 0.014429000206291676
v -0.0301159992814064 0.03419699892401695 0.014533000066876411
v -0.029963999986648556 0.03367700055241585 0.014702999964356422
v -0.029939999803900715 0.033629000186920166 0.014715000055730343
v -0.029651999473571774 0.03321800008416176 0.014795999974012375
v -0.029365999624133107 0.03296799957752228 0.014814999885857105
v -0.02502699941396713 0.02784300036728382 0.015503999777138233
v -0.02920800074934959 0.032868001610040665 0.014809999614953995
v -0.028674999251961705 0.03266900032758713 0.01474200002849102
v -0.0285509992390871 0.032648999243974686 0.014715000055730343
v -0.028117999434471127 0.032646000385284424 0.014592000283300877
v -0.02772000059485435 0.03274700045585632 0.014429000206291676
v -0.027610000222921368 0.03279599919915199 0.014372999779880047
v -0.02721000090241432 0.03309300169348717 0.014101999811828136
v -0.022493999451398846 0.03143300116062164 0.013164999894797802
v -0.027108000591397282 0.03322000056505203 0.014004000462591648
v -0.0269590001553297 0.033504001796245575 0.01380200032144785
v -0.026884999126195904 0.03393099829554558 0.013534000143408775
v -0.02688599936664104 0.033984001725912094 0.013504000380635262
v -0.027000000700354573 0.03448199853301048 0.013248000293970108
v -0.027107000350952145 0.034696001559495926 0.013159999623894691
v -0.027117999270558354 0.034713998436927795 0.013152999803423882
v -0.02728299982845783 0.03494599834084511 0.013075999915599823
v -0.22154499590396878 0.16977599263191223 0.014294000342488289
v -0.22118200361728665 0.1701190024614334 0.014006000012159348
v -0.028563000261783596 0.035686999559402466 0.013182999566197395
v -0.22098599374294278 0.17056100070476532 0.01370100025087595
v -0.02849600091576576 0.03567500039935112 0.013159000314772129
v -0.22095699608325955 0.17083300650119781 0.013534000143408775
v -0.22097499668598172 0.17104899883270264 0.013414000160992146
v -0.22114600241184232 0.17153899371623993 0.013182999566197395
v -0.2211789935827255 0.17159800231456757 0.013159999623894691
v -0.2342569977045059 0.15175600349903107 0.0022060000337660313
v -0.04257500171661376 0.01424300018697977 0.003484999993816018
v -0.042870000004768365 0.014492999762296677 0.003456000005826354
v -0.0432009994983673 0.014937000349164009 0.003317000111564994
v -0.043370999395847314 0.015426999889314175 0.003085999982431531
v -0.23421999812126157 0.1520320028066635 0.002070999937132001
v -0.04316699877381324 0.014878000132739544 0.0033400000538676977
v -0.04338899999856948 0.015643000602722168 0.002966000000014901
v -0.043359998613595956 0.015915000811219215 0.0027989998925477266
v -0.04316399991512298 0.016357000917196274 0.0024939998984336853
v -0.23440599441528318 0.15284700691699982 0.0017849999712780118
v -0.23438200354576108 0.15279899537563324 0.0017969999462366104
v -0.23423099517822263 0.15227900445461273 0.001967000076547265
v -0.23448400199413297 0.15298399329185486 0.0017519999528303742
v -0.04280100017786025 0.016699999570846558 0.0022060000337660313
v -0.042553998529911034 0.016826000064611435 0.002070999937132001
v -0.04231800138950347 0.016899000853300095 0.001967000076547265
v -0.04177699983119964 0.016930999234318733 0.0017969999462366104
v -0.041723001748323434 0.01692499965429306 0.0017849999712780118
v -0.04033400118350982 0.01594500057399273 0.0017849999712780118
v -0.04018700122833251 0.01553799957036972 0.0019079999765381217
v -0.03568999841809272 0.012726999819278717 0.0017610000213608146
v -0.040148001164197915 0.015128999948501587 0.002070999937132001
v -0.04015799984335899 0.015008999966084957 0.0021269998978823423
v -0.041034001857042306 0.013929000124335289 0.0029959999956190586
v -0.04154099896550178 0.013868999667465687 0.003252000082284212
v -0.03783399984240531 0.009688000194728374 0.004435999784618616
v -0.040982998907566064 0.013945000246167183 0.002966000000014901
v -0.040304001420736306 0.014531999826431274 0.0023980000987648964
v -0.040387999266386025 0.014392999932169914 0.002495999913662672
v -0.04060599952936172 0.014158000238239765 0.002698000054806471
v -0.04177799820899963 0.013898000121116638 0.0033400000538676977
v -0.04207300022244453 0.01397900003939867 0.00342399999499321
v -0.2344579994678497 0.15129899978637695 0.0024939998984336853
v -0.2348079979419708 0.15096700191497803 0.0027989998925477266
v -0.23505499958992002 0.15084800124168396 0.002966000000014901
v -0.2352650016546249 0.15079300105571747 0.003085999982431531
v -0.23578299582004544 0.15078899264335632 0.003317000111564994
v -0.23585000634193418 0.15080000460147858 0.0033400000538676977
v -0.23631200194358823 0.15095199644565582 0.003456000005826354
v -0.24252800643444059 0.1540839970111847 0.004435999784618616
v -0.23664699494838712 0.15114599466323853 0.003484999993816018
v -0.23706300556659696 0.15152999758720398 0.00342399999499321
v -0.2372390031814575 0.15177999436855316 0.0033400000538676977
v -0.23734599351882932 0.1519940048456192 0.003252000082284212
v -0.23746000230312345 0.1524920016527176 0.0029959999956190586
v -0.23746100068092343 0.1525450050830841 0.002966000000014901
v -0.2373870015144348 0.1529719978570938 0.002698000054806471
v -0.2403839975595474 0.15712299942970276 0.0017610000213608146
v -0.2372390031814575 0.15325599908828735 0.002495999913662672
v -0.23713600635528562 0.15338200330734253 0.0023980000987648964
v -0.23673599958419797 0.1536799967288971 0.0021269998978823423
v -0.236625999212265 0.15372900664806366 0.002070999937132001
v -0.2362280040979385 0.15383000671863556 0.0019079999765381217
v -0.23579500615596768 0.1538269966840744 0.0017849999712780118
v -0.23568299412727353 0.15380899608135223 0.0017610000213608146
v -0.23733599483966825 0.1614450067281723 8.800000068731606e-05
v -0.23567199707031247 0.15380699932575226 0.0017579999985173345
v -0.23513899743556974 0.15360699594020844 0.0016899999463930726
v -0.23498100042343137 0.1535079926252365 0.0016850000247359276
v -0.23469400405883786 0.15325799584388733 0.0017040000529959798
v -0.04156899824738502 0.01689700037240982 0.0017519999528303742
v -0.041239999234676354 0.016790999099612236 0.0017040000529959798
v -0.03264100104570388 0.017048999667167664 8.800000068731606e-05
v -0.040908999741077416 0.01660499908030033 0.0016850000247359276
v -0.04076199978590011 0.016489999368786812 0.0016899999463930726
v -0.040394999086856835 0.016054000705480576 0.0017579999985173345
v -0.04038900136947631 0.016044000163674355 0.0017610000213608146
v -0.023022999987006184 0.0306829996407032 0.002675000112503767
v -0.02710499987006187 0.03322400152683258 0.002498999936506152
v -0.025778999552130696 0.026776999235153198 0.0005830000154674053
v -0.027457000687718388 0.03288400173187256 0.0022150001022964716
v -0.02772000059485435 0.03274700045585632 0.002070999937132001
v -0.027933999896049496 0.0326789990067482 0.0019759999122470617
v -0.028480999171733853 0.03264100104570389 0.001800999976694584
v -0.0285509992390871 0.032648999243974686 0.0017849999712780118
v -0.02903099916875362 0.032781001180410385 0.0017040000529959798
v -0.029365999624133107 0.03296799957752228 0.0016850000247359276
v -0.02977200038731098 0.03336000069975853 0.0017259999876841903
v -0.22140799462795255 0.16987699270248413 0.0022980000358074903
v -0.030034000054001805 0.03384599834680557 0.00184599997010082
v -0.030127000063657757 0.03437399864196777 0.00203999993391335
v -0.03012599982321262 0.03444400057196617 0.002070999937132001
v -0.030040999874472615 0.03488200157880783 0.0022980000358074903
v -0.22118000686168668 0.17012299597263336 0.002495999913662672
v -0.02988599985837936 0.035179998725652695 0.002495999913662672
v -0.22104300558567044 0.1703760027885437 0.00267699989490211
v -0.22109700739383695 0.17025800049304962 0.0025949999690055847
v -0.221791997551918 0.16965000331401825 0.002070999937132001
v -0.029939999803900715 0.033629000186920166 0.0017849999712780118
v -0.22185799479484555 0.16962499916553497 0.00203999993391335
v -0.22238600254058835 0.16953599452972412 0.00184599997010082
v -0.2226230055093765 0.16955099999904633 0.0017849999712780118
v -0.22293199598789212 0.16962000727653503 0.0017259999876841903
v -0.2234379947185516 0.1698710024356842 0.0016850000247359276
v -0.23047299683094022 0.17117300629615784 0.0005830000154674053
v -0.22372700273990628 0.17012399435043335 0.0017040000529959798
v -0.2240120023488998 0.1705310046672821 0.0017849999712780118
v -0.22404299676418302 0.1705940067768097 0.001800999976694584
v -0.22418999671936032 0.17112299799919128 0.0019759999122470617
v -0.22419799864292142 0.1713470071554184 0.002070999937132001
v -0.22415700554847715 0.17163999378681183 0.0022150001022964716
v -0.2277179956436157 0.17508000135421753 0.002675000112503767
v -0.02769999951124191 0.03533000126481056 0.003484999993816018
v -0.027412999421358105 0.035089001059532166 0.0034580000210553408
v -0.021316999569535252 0.03310199826955795 0.005625999998301268
v -0.22395500540733335 0.17208699882030487 0.002498999936506152
v -0.22376599907875058 0.17229600250720978 0.00267699989490211
v -0.22601200640201566 0.177497997879982 0.005625999998301268
v -0.22360500693321225 0.17241500318050385 0.0028029999230057
v -0.22336299717426297 0.17253099381923676 0.002966000000014901
v -0.223142996430397 0.17258800566196442 0.003092000028118491
v -0.22262099385261533 0.17258800566196442 0.003321999916806817
v -0.22256800532341 0.17257800698280334 0.0033400000538676977
v -0.2220939993858337 0.17242200672626495 0.0034580000210553408
v -0.22177100181579587 0.1722330003976822 0.003484999993816018
v -0.22161599993705747 0.17211200296878815 0.003476999932900071
v -0.22101199626922605 0.1712149977684021 0.0031709999311715364
v -0.2211789935827255 0.17159800231456757 0.0033400000538676977
v -0.2212399989366531 0.17169499397277832 0.003375000087544322
v -0.029291000217199322 0.035627998411655426 0.002966000000014901
v -0.02891300059854984 0.035704001784324646 0.0031709999311715364
v -0.22095699608325955 0.17083300650119781 0.002966000000014901
v -0.029693000018596646 0.03539400175213814 0.00267699989490211
v -0.02939599938690662 0.035585999488830566 0.0028989999555051327
v -0.029786000028252598 0.03530300036072731 0.0025949999690055847
v -0.2209620028734207 0.17072099447250366 0.0028989999555051327
v -0.02849600091576576 0.03567599877715111 0.0033400000538676977
v -0.02838500030338764 0.03565099835395813 0.003375000087544322
v -0.027865000069141384 0.035436000674963 0.003476999932900071
v -0.027107000350952145 0.034696001559495926 0.0033400000538676977
v -0.027079999446868893 0.03464899957180023 0.003321999916806817
v -0.026905000209808346 0.03415700048208237 0.003092000028118491
v -0.026884999126195904 0.03393099829554558 0.002966000000014901
v -0.026913000270724293 0.033663999289274216 0.0028029999230057
v -0.026970999315381047 0.03347200155258179 0.00267699989490211
v -0.028299000114202496 0.023204000666737556 0.0167239997535944
v -0.23299400508403775 0.16760000586509705 0.0167239997535944
v -0.03180700168013572 0.018231000751256943 0.016635999083518982
v -0.23650200664997098 0.16262699663639069 0.016635999083518982
v -0.03500999882817268 0.013690999709069729 0.015254000201821327
v -0.23970399796962735 0.15808700025081635 0.015254000201821327
v -0.04257500171661376 0.01424300018697977 0.013015000149607658
v -0.04225200042128562 0.01405400037765503 0.013042000122368336
v -0.03741199895739555 0.010285000316798687 0.012792999856173992
v -0.04177799820899963 0.013898000121116638 0.013159999623894691
v -0.04172499850392341 0.013887999579310417 0.01317800022661686
v -0.04120299965143203 0.013887999579310417 0.013407999649643898
v -0.040982998907566064 0.013945000246167183 0.013534000143408775
v -0.04074199870228767 0.01406100019812584 0.013697000220417976
v -0.04039200022816657 0.01438899990171194 0.014000999741256237
v -0.04018900170922279 0.014835000038146973 0.014285000041127205
v -0.040148001164197915 0.015128999948501587 0.014429000206291676
v -0.04015599936246871 0.015352999791502953 0.014523999765515327
v -0.040304001420736306 0.01588200032711029 0.014698999933898449
v -0.04033400118350982 0.01594500057399273 0.014715000055730343
v -0.04061999917030334 0.01635199971497059 0.014795999974012375
v -0.040908999741077416 0.01660499908030033 0.014814999885857105
v -0.23648099601268766 0.1510390043258667 0.013023000210523605
v -0.23596100509166715 0.15082499384880066 0.013124999590218067
v -0.23585000634193418 0.15080000460147858 0.013159999623894691
v -0.23543299734592435 0.15077200531959534 0.01332900021225214
v -0.23505499958992002 0.15084800124168396 0.013534000143408775
v -0.23495100438594815 0.15088999271392822 0.013601000420749187
v -0.2345599979162216 0.1511719971895218 0.013904999941587448
v -0.23445999622344968 0.151296004652977 0.014004000462591648
v -0.23430499434471128 0.15159299969673157 0.014201999641954899
v -0.23421999812126157 0.1520320028066635 0.014429000206291676
v -0.23421899974346158 0.15210199356079102 0.014460000209510326
v -0.23431299626827237 0.15262900292873383 0.014654000289738178
v -0.23440599441528318 0.15284700691699982 0.014715000055730343
v -0.04172400012612342 0.01692499965429306 0.014715000055730343
v -0.04196000099182128 0.016939999535679817 0.014654000289738178
v -0.2421070039272308 0.154680997133255 0.012792999856173992
v -0.23664699494838712 0.15114599466323853 0.013015000149607658
v -0.04141400009393691 0.01685599982738495 0.014774000272154808
v -0.04248899966478347 0.016851000487804413 0.014460000209510326
v -0.042553998529911034 0.016826000064611435 0.014429000206291676
v -0.042938999831676476 0.016598999500274658 0.014201999641954899
v -0.04316699877381324 0.016352999955415726 0.014004000462591648
v -0.04324999824166297 0.016217999160289764 0.013904999941587448
v -0.043384999036788933 0.015754999592900276 0.013601000420749187
v -0.04338899999856948 0.015643000602722168 0.013534000143408775
v -0.04333399981260299 0.015261000022292137 0.01332900021225214
v -0.04316699877381324 0.014878000132739544 0.013159999623894691
v -0.04310699924826621 0.014781000092625618 0.013124999590218067
v -0.042730998247861855 0.014364000409841537 0.013023000210523605
v -0.2358649969100952 0.1538349986076355 0.014698999933898449
v -0.23641300201416013 0.1537970006465912 0.014523999765515327
v -0.23579500615596768 0.1538269966840744 0.014715000055730343
v -0.2345750033855438 0.15311600267887115 0.014774000272154808
v -0.23498100042343137 0.1535079926252365 0.014814999885857105
v -0.23531599342823026 0.1536950021982193 0.014795999974012375
v -0.236625999212265 0.15372900664806366 0.014429000206291676
v -0.2368890047073364 0.15359200537204742 0.014285000041127205
v -0.23724199831485746 0.15325100719928741 0.014000999741256237
v -0.23743399977684018 0.15281200408935547 0.013697000220417976
v -0.23746100068092343 0.1525450050830841 0.013534000143408775
v -0.2374410033226013 0.15231899917125702 0.013407999649643898
v -0.23726600408554074 0.15182699263095856 0.01317800022661686
v -0.2372390031814575 0.15177999436855316 0.013159999623894691
v -0.23693299293518064 0.15138599276542664 0.013042000122368336
v -0.03861400112509727 0.008581000380218029 0.00979899987578392
v -0.24330900609493253 0.15297800302505493 0.00979899987578392
v -0.038701999932527535 0.008457000367343426 0.007265999913215637
v -0.2433969974517822 0.15285399556159973 0.007265999913215637
v -0.029157999902963635 0.02198600023984909 -0.0003260000084992498
v -0.2338529974222183 0.16638199985027313 -0.0003260000084992498
v -0.22558599710464475 0.17810200154781342 0.008249999955296516
v -0.020890999585390087 0.033705998212099075 0.008249999955296516
v -0.01643699966371059 -0.018998999148607254 -0.0017500000540167093
v -0.01238499954342842 -0.02185799926519394 -0.0017500000540167093
v -0.01643699966371059 -0.018998999148607254 0.0070500001311302185
v -0.01238499954342842 -0.02185799926519394 0.0070500001311302185
v 0.01643699966371059 0.018998999148607254 -0.0017500000540167093
v 0.01238499954342842 0.02185799926519394 -0.0017500000540167093
v 0.01643699966371059 0.018998999148607254 0.0070500001311302185
v 0.01238499954342842 0.02185799926519394 0.0070500001311302185
v 0.008236000314354895 -0.023733999580144882 -0.0017500000540167093
v 0.012737000361084936 -0.021654000505805016 -0.0017500000540167093
v 0.008236000314354895 -0.023733999580144882 0.0070500001311302185
v 0.012737000361084936 -0.021654000505805016 0.0070500001311302185
v 0.02467199973762035 -0.004734999965876341 -0.0017500000540167093
v 0.025121999904513356 0.00020300000323913991 -0.0017500000540167093
v 0.02467199973762035 -0.004734999965876341 0.0070500001311302185
v 0.025121999904513356 0.00020300000323913991 0.0070500001311302185
v 0.010916999541223047 0.02503499947488308 -0.0017500000540167093
v 0.010916999541223047 0.02503499947488308 0.0070500001311302185
v 0.010952999815344809 0.024121999740600586 -0.0017500000540167093
v 0.011225000023841856 0.023250000551342964 0.0070500001311302185
v 0.011225000023841856 0.023250000551342964 -0.0017500000540167093
v 0.011713000014424322 0.02247699908912182 -0.0017500000540167093
v 0.019921999424695965 0.018681999295949936 -0.0017500000540167093
v 0.019050000235438343 0.018410999327898026 -0.0017500000540167093
v 0.019921999424695965 0.018681999295949936 0.0070500001311302185
v 0.01813700050115585 0.018373999744653702 0.0070500001311302185
v 0.017246000468730923 0.018574999645352364 -0.0017500000540167093
v 0.01813700050115585 0.018373999744653702 -0.0017500000540167093
v -0.019921999424695965 -0.018681999295949936 -0.0017500000540167093
v -0.019050000235438343 -0.018410999327898026 -0.0017500000540167093
v -0.019921999424695965 -0.018681999295949936 0.0070500001311302185
v -0.01813700050115585 -0.018373999744653702 0.0070500001311302185
v -0.017246000468730923 -0.018574999645352364 -0.0017500000540167093
v -0.01813700050115585 -0.018373999744653702 -0.0017500000540167093
v -0.010916999541223047 -0.02503499947488308 -0.0017500000540167093
v -0.010916999541223047 -0.02503499947488308 0.0070500001311302185
v -0.010952999815344809 -0.024121999740600586 -0.0017500000540167093
v -0.011225000023841856 -0.023250000551342964 0.0070500001311302185
v -0.011225000023841856 -0.023250000551342964 -0.0017500000540167093
v -0.011713000014424322 -0.02247699908912182 -0.0017500000540167093
v 0.007238000165671109 -0.024428000673651695 0.0070500001311302185
v 0.006217999849468469 -0.026593999937176704 0.0070500001311302185
v 0.006217999849468469 -0.026593999937176704 -0.0017500000540167093
v 0.006419000215828418 -0.025702999904751778 -0.0017500000540167093
v 0.006537000183016061 -0.02542099915444851 0.0070500001311302185
v 0.006843999959528445 -0.024893999099731445 -0.0017500000540167093
v 0.007462999783456325 -0.024222999811172485 -0.0017500000540167093
v 0.016223000362515446 -0.02197200059890747 -0.0017500000540167093
v 0.016223000362515446 -0.02197200059890747 0.0070500001311302185
v 0.015413999557495115 -0.021547000855207443 -0.0017500000540167093
v 0.014522000215947626 -0.021345999091863632 0.0070500001311302185
v 0.014522000215947626 -0.021345999091863632 -0.0017500000540167093
v 0.013608999550342558 -0.021383000537753105 -0.0017500000540167093
v 0.026140000671148297 -0.007911999709904194 0.0070500001311302185
v 0.026140000671148297 -0.007911999709904194 -0.0017500000540167093
v 0.025468999519944188 -0.007292000111192465 -0.0017500000540167093
v 0.02498099952936172 -0.006519999820739031 0.0070500001311302185
v 0.024708999320864674 -0.005648000165820122 -0.0017500000540167093
v 0.02498099952936172 -0.006519999820739031 -0.0017500000540167093
v 0.027139000594615933 0.003063000040128827 -0.0017500000540167093
v 0.027139000594615933 0.003063000040128827 0.0070500001311302185
v 0.026366999372839924 0.002575000049546361 -0.0017500000540167093
v 0.025746999308466908 0.0019039999460801482 0.0070500001311302185
v 0.025746999308466908 0.0019039999460801482 -0.0017500000540167093
v 0.025322999805212017 0.0010949999559670687 -0.0017500000540167093
v 0.01383399963378906 0.019610999152064323 0.0062500000931322575
v 0.01383399963378906 0.019610999152064323 0.0070500001311302185
v 0.009455000050365923 0.0220589991658926 0.0062500000931322575
v 0.009455000050365923 0.0220589991658926 0.0070500001311302185
v 0.004662000108510255 0.02354300022125244 0.0062500000931322575
v 0.004662000108510255 0.02354300022125244 0.0070500001311302185
v -0.0003349999897181987 0.023997999727725983 0.0062500000931322575
v -0.0003349999897181987 0.023997999727725983 0.0070500001311302185
v -0.005317000206559896 0.02340400032699108 0.0062500000931322575
v -0.005317000206559896 0.02340400032699108 0.0070500001311302185
v -0.010067000053822992 0.021787000820040703 0.0062500000931322575
v -0.010067000053822992 0.021787000820040703 0.0070500001311302185
v -0.014376999810338019 0.019217999652028084 0.0062500000931322575
v -0.014376999810338019 0.019217999652028084 0.0070500001311302185
v -0.018058000132441517 0.01580899953842163 0.0062500000931322575
v -0.018058000132441517 0.01580899953842163 0.0070500001311302185
v -0.020950000733137127 0.01170899998396635 0.0062500000931322575
v -0.020950000733137127 0.01170899998396635 0.0070500001311302185
v -0.02292699925601482 0.007096999790519476 0.0062500000931322575
v -0.02292699925601482 0.007096999790519476 0.0070500001311302185
v -0.023901000618934628 0.0021750000305473804 0.0062500000931322575
v -0.023901000618934628 0.0021750000305473804 0.0070500001311302185
v -0.02383100055158138 -0.002841999987140298 0.0062500000931322575
v -0.02383100055158138 -0.002841999987140298 0.0070500001311302185
v -0.022719999775290486 -0.007734000217169523 0.0062500000931322575
v -0.022719999775290486 -0.007734000217169523 0.0070500001311302185
v -0.02061500027775764 -0.012288999743759632 0.0062500000931322575
v -0.02061500027775764 -0.012288999743759632 0.0070500001311302185
v -0.017610000446438786 -0.016307000070810318 0.0062500000931322575
v -0.017610000446438786 -0.016307000070810318 0.0070500001311302185
v -0.01383399963378906 -0.019610999152064323 0.0062500000931322575
v -0.01383399963378906 -0.019610999152064323 0.0070500001311302185
v -0.009455000050365923 -0.0220589991658926 0.0062500000931322575
v -0.009455000050365923 -0.0220589991658926 0.0070500001311302185
v -0.004662000108510255 -0.02354300022125244 0.0062500000931322575
v -0.004662000108510255 -0.02354300022125244 0.0070500001311302185
v 0.0003349999897181987 -0.023997999727725983 0.0062500000931322575
v 0.0003349999897181987 -0.023997999727725983 0.0070500001311302185
v 0.005317000206559896 -0.02340400032699108 0.0062500000931322575
v 0.005317000206559896 -0.02340400032699108 0.0070500001311302185
v 0.010067000053822992 -0.021787000820040703 0.0062500000931322575
v 0.010067000053822992 -0.021787000820040703 0.0070500001311302185
v 0.014376999810338019 -0.019217999652028084 0.0062500000931322575
v 0.014376999810338019 -0.019217999652028084 0.0070500001311302185
v 0.018058000132441517 -0.01580899953842163 0.0062500000931322575
v 0.018058000132441517 -0.01580899953842163 0.0070500001311302185
v 0.020950000733137127 -0.01170899998396635 0.0062500000931322575
v 0.020950000733137127 -0.01170899998396635 0.0070500001311302185
v 0.02292699925601482 -0.007096999790519476 0.0062500000931322575
v 0.02292699925601482 -0.007096999790519476 0.0070500001311302185
v 0.023901000618934628 -0.0021750000305473804 0.0062500000931322575
v 0.023901000618934628 -0.0021750000305473804 0.0070500001311302185
v 0.02383100055158138 0.002841999987140298 0.0062500000931322575
v 0.02383100055158138 0.002841999987140298 0.0070500001311302185
v 0.022719999775290486 0.007734000217169523 0.0062500000931322575
v 0.022719999775290486 0.007734000217169523 0.0070500001311302185
v 0.02061500027775764 0.012288999743759632 0.0062500000931322575
v 0.02061500027775764 0.012288999743759632 0.0070500001311302185
v 0.017610000446438786 0.016307000070810318 0.0062500000931322575
v 0.017610000446438786 0.016307000070810318 0.0070500001311302185
v -0.02929900027811527 0.037018001079559326 0.012690000236034393
v -0.02896500006318092 0.03711099922657013 0.012435000389814377
v -0.03260999917984008 0.0396450012922287 0.01246500015258789
v -0.044702000916004174 0.015184000134468079 0.003809999907389283
v -0.04464700073003768 0.014685000292956829 0.004172999877482653
v -0.04834600165486335 0.017338000237941742 0.004137999843806028
v -0.04919200018048286 0.016138000413775444 0.0062420000322163105
v -0.04453900083899497 0.014348000288009644 0.004399999976158142
v -0.044388998299837105 0.014042000286281109 0.004585999995470047
v -0.04409800097346305 0.013624999672174454 0.004794999957084656
v -0.043698001652956 0.01322100032120943 0.0049230000004172325
v -0.04343799874186515 0.013020000420510769 0.004941999912261963
v -0.038570001721382134 0.00864499993622303 0.0062420000322163105
v -0.04249500110745429 0.012550000101327896 0.004738999996334314
v -0.04188400134444236 0.012431999668478966 0.00443900004029274
v -0.04695700109004974 0.019307000562548637 0.0023159999400377274
v -0.04434499889612197 0.016273999586701393 0.0029349999967962503
v -0.04449899867177009 0.016016000881791115 0.003152000019326806
v -0.039703000336885445 0.01510000042617321 0.0019130000146105886
v -0.039834998548030846 0.015557000413537025 0.001766999950632453
v -0.03449799865484237 0.014417000114917755 0.000901999999769032
v -0.04024799913167953 0.016272999346256256 0.0016049999976530671
v -0.04034100100398063 0.016381999477744102 0.001588999992236495
v -0.041159998625516885 0.016999000683426857 0.0015750000020489097
v -0.041930999606847756 0.017237000167369843 0.001689000055193901
v -0.04512099921703338 0.02191000059247017 0.000901999999769032
v -0.04231800138950347 0.01726599968969822 0.001782999956049025
v -0.04273200035095214 0.017235999926924706 0.001914000022225082
v -0.04350300133228301 0.01699100062251091 0.0022589999716728926
v -0.043595999479293816 0.01694200001657009 0.0023129999171942472
v -0.04134900122880935 0.012455999851226807 0.004093000199645758
v -0.04101800173521041 0.012539999559521675 0.003843999933451414
v -0.03772300109267234 0.009844000451266766 0.004137999843806028
v -0.04142599925398826 0.012443999759852886 0.004147999919950962
v -0.0398150011897087 0.013729999773204327 0.002581000095233321
v -0.03633400052785873 0.011812999844551086 0.0023159999400377274
v -0.04028499871492385 0.012999000027775764 0.0031789999920874834
v -0.04034499824047088 0.012941000051796436 0.0032420000061392784
v -0.03973999992012977 0.013956000097095966 0.002440999960526824
v -0.03968700021505355 0.014205999672412872 0.002303000073879957
v -0.039654999971389764 0.01463599968701601 0.002096999902278185
v -0.04253000020980834 0.01725899986922741 0.014654000289738178
v -0.041854999959468835 0.01722400076687336 0.014826999977231026
v -0.04490900039672851 0.022210000082850456 0.015716999769210815
v -0.0416169986128807 0.017170000821352005 0.014870000071823597
v -0.04078700020909309 0.016777999699115753 0.014941000379621983
v -0.03428699821233749 0.01471600029617548 0.015716999769210815
v -0.04033700004220008 0.016377000138163567 0.014910000376403332
v -0.040001999586820595 0.01590999960899353 0.01482400018721819
v -0.03965599834918975 0.014538999646902084 0.014360000379383564
v -0.03616299852728843 0.01205699983984232 0.014352000318467617
v -0.03965900093317031 0.01474899984896183 0.014450999908149242
v -0.03983300179243087 0.015552000142633915 0.014732000418007374
v -0.04413000121712684 0.016534000635147095 0.013793000020086765
v -0.04678599908947944 0.01954999938607216 0.014352000318467617
v -0.04440400004386901 0.016184000298380852 0.01348899956792593
v -0.048225998878479 0.017508000135421753 0.012567000463604927
v -0.04454400017857551 0.015917999669909477 0.013268000446259975
v -0.0447000004351139 0.015075000002980232 0.012609000317752361
v -0.04330600053071975 0.017079999670386314 0.014344999566674232
v -0.04327499866485595 0.01709200069308281 0.014360000379383564
v -0.043081998825073235 0.01715799979865551 0.014449000358581543
v -0.04343799874186515 0.013020000420510769 0.01155799999833107
v -0.03850900009274482 0.008729999884963036 0.010484999977052212
v -0.0428519994020462 0.012684999965131283 0.011641000397503376
v -0.0426810011267662 0.012613999657332897 0.011692999862134457
v -0.04374000057578086 0.013257999904453754 0.011584999971091747
v -0.04401800036430358 0.013532999902963638 0.011668000370264053
v -0.04913200065493583 0.016224000602960587 0.010484999977052212
v -0.04440100118517875 0.014062999747693539 0.011926000006496906
v -0.04448899999260902 0.014235000126063824 0.012028999626636505
v -0.04469700157642364 0.015010000206530094 0.012559999711811543
v -0.03981300070881843 0.013732999563217163 0.013921000063419342
v -0.03987900167703628 0.013578999787569046 0.01381599996238947
v -0.03760299831628799 0.010014999657869339 0.012567000463604927
v -0.04028199985623359 0.013001999817788601 0.01332399994134903
v -0.04064299911260604 0.01271700020879507 0.012973000295460224
v -0.041014000773429864 0.012540999799966812 0.012659000232815742
v -0.04117099940776824 0.012493999674916267 0.012536999769508839
v -0.041788000613451 0.01242700032889843 0.012117999605834484
v -0.03052599914371967 0.03427699953317642 0.00184599997010082
v -0.030265999957919117 0.03365200012922287 0.001673000049777329
v -0.036095000803470605 0.03470500186085701 0.0007249999907799065
v -0.03013600036501884 0.033445000648498535 0.0016299999551847577
v -0.029487999156117436 0.032795000821352005 0.0015589999966323376
v -0.0254720002412796 0.027211999520659447 0.0007249999907799065
v -0.028960000723600384 0.03250600025057793 0.0015899999998509884
v -0.028407000005245205 0.032347001135349274 0.0016759999562054873
v -0.02801300026476383 0.032308001071214676 0.0017679999582469463
v -0.02719900012016296 0.03241400048136711 0.0020490000024437904
v -0.02357699908316135 0.029898999258875847 0.002065999899059534
v -0.0303799994289875 0.0360260009765625 0.0027069998905062675
v -0.03419899940490722 0.03739200159907341 0.002065999899059534
v -0.030141999945044514 0.036403000354766846 0.003011000109836459
v -0.032733999192714684 0.03946999832987785 0.0038320000749081373
v -0.02993799932301044 0.03662300109863281 0.0032319999299943447
v -0.030617000535130497 0.03506699949502945 0.0021550001110881567
v -0.030617000535130497 0.03486200049519539 0.0020649998914450407
v -0.030615000054240223 0.0348300002515316 0.002051000017672777
v -0.02683700062334537 0.0365540012717247 0.004941999912261963
v -0.02117500081658363 0.033303000032901764 0.005901999771595001
v -0.026324000209569928 0.03611399978399277 0.004858999978750944
v -0.026200000196695324 0.03597699850797653 0.004807000048458576
v -0.027162000536918637 0.036757998168468475 0.0049149999395012856
v -0.031798001378774636 0.04079600051045418 0.005901999771595001
v -0.02751499973237514 0.036928001791238785 0.004832000005990267
v -0.028141999617218968 0.03711099922657013 0.0045739999040961266
v -0.028333999216556546 0.03713599964976311 0.00447099981829524
v -0.029196999967098233 0.037053000181913376 0.003891000058501959
v -0.02926700003445148 0.03703000023961067 0.003836000105366111
v -0.027163000777363774 0.03242500126361847 0.0020639998838305473
v -0.02617000043392181 0.033013999462127686 0.0026839999482035637
v -0.022111000493168827 0.03197700157761574 0.0038320000749081373
v -0.025761999189853665 0.03358599916100502 0.0031759999692440033
v -0.02561400085687637 0.034021999686956406 0.003527000080794096
v -0.025573000311851498 0.03445500135421753 0.0038590000476688147
v -0.02572499960660934 0.03519799932837486 0.004381999839097261
v -0.03173400089144706 0.04088699817657471 0.010371999815106392
v -0.02845700085163116 0.03714499995112419 0.01209999993443489
v -0.028118999674916264 0.03710699826478958 0.011913999915122986
v -0.027628000825643536 0.03697200119495392 0.011704999953508377
v -0.027112999930977818 0.036729998886585236 0.0115769999101758
v -0.02683700062334537 0.0365540012717247 0.01155799999833107
v -0.030600000172853466 0.03528200089931488 0.014240999706089497
v -0.030584000051021572 0.035392001271247864 0.014183999970555305
v -0.03402499854564666 0.03763899952173233 0.014268999919295311
v -0.030207000672817227 0.036315999925136566 0.013565000146627426
v -0.0300149992108345 0.03654799982905388 0.01334800012409687
v -0.027543999254703518 0.0323369987308979 0.014587000012397766
v -0.028017999604344365 0.032308001071214676 0.014732999727129936
v -0.02525899931788444 0.027513999491930008 0.015658000484108925
v -0.028830999508500096 0.03245700150728226 0.014894999563694
v -0.028966000303626057 0.0325080007314682 0.014910999685525894
v -0.029820999130606648 0.033073000609874725 0.014925000257790089
v -0.03588199988007545 0.03500699996948242 0.015658000484108925
v -0.030303999781608578 0.033720001578330994 0.014810999855399132
v -0.030461000278592106 0.034074001014232635 0.014716999605298042
v -0.030572000890970227 0.03447499871253967 0.014585999771952629
v -0.030606999993324276 0.03521599993109703 0.014274000190198421
v -0.026077000424265858 0.035822998732328415 0.011761000379920006
v -0.025761999189853665 0.035287000238895416 0.012060999870300293
v -0.021111000329256054 0.033392999321222305 0.010371999815106392
v -0.025605000555515286 0.03477500006556511 0.012407000176608562
v -0.02198800072073936 0.032150998711586 0.01246500015258789
v -0.02559299953281879 0.034699998795986176 0.01245999988168478
v -0.025573000311851498 0.03443500027060509 0.012656000442802906
v -0.026289999485015866 0.03290199860930443 0.013918999582529068
v -0.02340300008654594 0.03014500066637993 0.014268999919295311
v -0.02576000057160854 0.03359000012278557 0.013321000151336193
v -0.02572499960660934 0.03366699814796448 0.013257999904453754
v -0.02647900022566318 0.03275600075721741 0.014058999717235565
v -0.026853000745177266 0.03254299983382225 0.014286000281572342
v -0.027089999988675114 0.03244800120592117 0.01440299954265356
v -0.04296299815177917 0.02496900036931038 -7.000000096013537e-06
v -0.03234000131487846 0.017474999651312828 -7.000000096013537e-06
v -0.04063300043344497 0.028272999450564384 -0.0003480000013951212
v -0.030009999871253964 0.020779000595211983 -0.0003480000013951212
v -0.03829000145196914 0.03159400075674057 -9.7999996796716e-05
v -0.027667000889778134 0.024101000279188156 -9.7999996796716e-05
v -0.03145699948072433 0.041280001401901245 0.008132999762892723
v -0.02083400078117847 0.033785998821258545 0.008132999762892723
v -0.038052000105381005 0.03193100169301033 0.01653899997472763
v -0.02742899954319 0.02443699911236763 0.01653899997472763
v -0.04038700088858604 0.028620000928640366 0.016850000247359276
v -0.02976400032639503 0.02112700045108795 0.016850000247359276
v -0.042727001011371606 0.025304000824689865 0.016568999737501144
v -0.032104000449180596 0.01781100034713745 0.016568999737501144
v -0.04944099858403205 0.015785999596118927 0.008249999955296516
v -0.03881800174713134 0.00829199980944395 0.008249999955296516
v -0.0034640000667423006 -0.02151699922978878 -0.0042500002309679985
v -0.004927999805659055 -0.020441999658942223 -0.0042500002309679985
v -0.0034640000667423006 -0.02151699922978878 -0.004662000108510256
v -0.004894999787211417 -0.02047800086438656 -0.005249999929219484
v -0.003431000048294663 -0.021531999111175537 -0.004922000225633383
v -0.004147999919950961 -0.02112700045108795 -0.005249999929219484
v -0.0033350000157952304 -0.021573999896645546 -0.005160000175237656
v -0.0032780000474303956 -0.021598000079393387 -0.005249999929219484
v -0.005911999847739934 -0.01866699941456318 -0.0042500002309679985
v -0.006016000173985957 -0.01664000004529953 -0.0042500002309679985
v -0.006025999784469604 -0.016693999990820885 -0.005249999929219484
v -0.006076999939978122 -0.017712000757455826 -0.005249999929219484
v -0.005898000206798314 -0.018716000020503998 -0.005249999929219484
v -0.00549700018018484 -0.01965400017797947 -0.005249999929219484
v -0.005218999926000833 -0.014773000031709671 -0.0042500002309679985
v -0.0037370000500231977 -0.01347499992698431 -0.0042500002309679985
v -0.0037370000500231977 -0.01347499992698431 -0.005249999929219484
v -0.004571999888867139 -0.01406100019812584 -0.005249999929219484
v -0.005253000184893607 -0.014820000156760216 -0.005249999929219484
v -0.0057459999807178965 -0.015713000670075417 -0.005249999929219484
v -0.020367000252008435 -0.007757999934256077 -0.0042500002309679985
v -0.02016700059175491 -0.0059529999271035194 -0.0042500002309679985
v -0.020367000252008435 -0.007757999934256077 -0.004662000108510256
v -0.020182000473141667 -0.006000000052154064 -0.005249999929219484
v -0.020362999290227887 -0.007794999983161688 -0.004922000225633383
v -0.020370999351143834 -0.006971000228077173 -0.005249999929219484
v -0.02035100013017654 -0.007899000309407711 -0.005160000175237656
v -0.020343000069260594 -0.007960000075399876 -0.005249999929219484
v -0.019122000783681866 -0.0042130001820623875 -0.0042500002309679985
v -0.017418999224901196 -0.003108999924734235 -0.0042500002309679985
v -0.01747000031173229 -0.003128000069409609 -0.005249999929219484
v -0.018378000706434246 -0.0035929998848587275 -0.005249999929219484
v -0.019158000126481053 -0.004251000005751848 -0.005249999929219484
v -0.019768999889492985 -0.005067000165581703 -0.005249999929219484
v -0.015403999947011469 -0.002865999937057495 -0.0042500002309679985
v -0.013538000173866747 -0.0035019998904317617 -0.0042500002309679985
v -0.013538000173866747 -0.0035019998904317617 -0.005249999929219484
v -0.014462999999523161 -0.003071000101044774 -0.005249999929219484
v -0.01546099968254566 -0.0028609998989850283 -0.005249999929219484
v -0.016481000930070874 -0.0028800000436604023 -0.005249999929219484
v -0.016901999711990353 0.013759000226855278 -0.0042500002309679985
v -0.015239000320434569 0.01448800042271614 -0.0042500002309679985
v -0.016901999711990353 0.013759000226855278 -0.004662000108510256
v -0.015286999754607676 0.01447799988090992 -0.005249999929219484
v -0.016931999474763867 0.013737999834120274 -0.004922000225633383
v -0.016223000362515446 0.014155999757349491 -0.005249999929219484
v -0.017015999183058735 0.013674999587237835 -0.005160000175237656
v -0.017064999788999554 0.013638000003993511 -0.005249999929219484
v -0.013209999538958071 0.014453999698162079 -0.0042500002309679985
v -0.011401999741792677 0.013530000112950802 -0.0042500002309679985
v -0.011443999595940111 0.013565000146627426 -0.005249999929219484
v -0.01230099983513355 0.014119000174105167 -0.005249999929219484
v -0.013260000385344027 0.014465999789536 -0.005249999929219484
v -0.014272999949753283 0.014587000012397766 -0.005249999929219484
v -0.010184000246226786 0.011907000094652176 -0.0042500002309679985
v -0.009801000356674193 0.009974000044167042 -0.0042500002309679985
v -0.009801000356674193 0.009974000044167042 -0.005249999929219484
v -0.009890999644994734 0.010990000329911709 -0.005249999929219484
v -0.010208000428974627 0.011958999559283257 -0.005249999929219484
v -0.010734000243246554 0.012833000160753727 -0.005249999929219484
v 0.0034640000667423006 0.02151699922978878 -0.004662000108510256
v 0.0034640000667423006 0.02151699922978878 -0.0042500002309679985
v 0.004927999805659055 0.020441999658942223 -0.0042500002309679985
v 0.0032780000474303956 0.021598000079393387 -0.005249999929219484
v 0.003390999976545572 0.021549999713897705 -0.005044000223278999
v 0.004147999919950961 0.02112700045108795 -0.005249999929219484
v 0.004894999787211417 0.02047800086438656 -0.005249999929219484
v 0.005911999847739934 0.01866699941456318 -0.0042500002309679985
v 0.006016000173985957 0.01664000004529953 -0.0042500002309679985
v 0.006025999784469604 0.016693999990820885 -0.005249999929219484
v 0.006076999939978122 0.017712000757455826 -0.005249999929219484
v 0.005898000206798314 0.018716000020503998 -0.005249999929219484
v 0.00549700018018484 0.01965400017797947 -0.005249999929219484
v 0.005218999926000833 0.014773000031709671 -0.0042500002309679985
v 0.0037370000500231977 0.01347499992698431 -0.0042500002309679985
v 0.0037370000500231977 0.01347499992698431 -0.005249999929219484
v 0.004571999888867139 0.01406100019812584 -0.005249999929219484
v 0.005253000184893607 0.014820000156760216 -0.005249999929219484
v 0.0057459999807178965 0.015713000670075417 -0.005249999929219484
v 0.020367000252008435 0.007757999934256077 -0.004662000108510256
v 0.020367000252008435 0.007757999934256077 -0.0042500002309679985
v 0.02016700059175491 0.0059529999271035194 -0.0042500002309679985
v 0.020300000905990597 0.0064650001004338264 -0.005249999929219484
v 0.020343000069260594 0.007960000075399876 -0.005249999929219484
v 0.02035100013017654 0.007899000309407711 -0.005160000175237656
v 0.020362999290227887 0.007794999983161688 -0.004922000225633383
v 0.020182000473141667 0.006000000052154064 -0.005249999929219484
v 0.019770000129938122 0.005067000165581703 -0.005249999929219484
v 0.019158000126481053 0.004251000005751848 -0.005249999929219484
v 0.019158000126481053 0.004251000005751848 -0.0042500002309679985
v 0.018810000270605084 0.003920000046491623 -0.005249999929219484
v 0.019122000783681866 0.0042130001820623875 -0.0042500002309679985
v 0.017527999356389042 0.0031500000040978193 -0.005249999929219484
v 0.01747000031173229 0.003128000069409609 -0.0042500002309679985
v 0.017418999224901196 0.003108999924734235 -0.0042500002309679985
v 0.016063999384641644 0.0028440000023692846 -0.005249999929219484
v 0.015403999947011469 0.002865999937057495 -0.0042500002309679985
v 0.01546099968254566 0.0028609998989850283 -0.005249999929219484
v 0.013538000173866747 0.0035019998904317617 -0.0042500002309679985
v 0.013538000173866747 0.0035019998904317617 -0.005249999929219484
v 0.014580000191926954 0.003034000052139163 -0.005249999929219484
v 0.016901999711990353 -0.013759000226855278 -0.004662000108510256
v 0.016901999711990353 -0.013759000226855278 -0.0042500002309679985
v 0.015239000320434569 -0.01448800042271614 -0.0042500002309679985
v 0.0157490000128746 -0.014348000288009644 -0.005249999929219484
v 0.017064999788999554 -0.013638000003993511 -0.005249999929219484
v 0.017015999183058735 -0.013674999587237835 -0.005160000175237656
v 0.016931999474763867 -0.013737999834120274 -0.004922000225633383
v 0.015286999754607676 -0.01447799988090992 -0.005249999929219484
v 0.014272999949753283 -0.014587000012397766 -0.005249999929219484
v 0.013260000385344027 -0.014465999789536 -0.005249999929219484
v 0.013260000385344027 -0.014465999789536 -0.0042500002309679985
v 0.0127999996766448 -0.014329999685287476 -0.005249999929219484
v 0.013209999538958071 -0.014453999698162079 -0.0042500002309679985
v 0.011491999961435793 -0.013604000210762024 -0.005249999929219484
v 0.011443999595940111 -0.013565000146627426 -0.0042500002309679985
v 0.011401999741792677 -0.013530000112950802 -0.0042500002309679985
v 0.010494999587535856 -0.012489999644458294 -0.005249999929219484
v 0.010184000246226786 -0.011907000094652176 -0.0042500002309679985
v 0.010208000428974627 -0.011958999559283257 -0.005249999929219484
v 0.009801000356674193 -0.009974000044167042 -0.0042500002309679985
v 0.009801000356674193 -0.009974000044167042 -0.005249999929219484
v 0.009917999617755411 -0.011110000312328339 -0.005249999929219484
v -0.032476998865604394 -0.016659000888466835 0.0182499997317791
v -0.032476998865604394 -0.016659000888466835 -0.0017500000540167093
v -0.031122999265789982 -0.019068000838160515 0.0182499997317791
v -0.031131999567151066 -0.019053999334573746 -0.0017500000540167093
v -0.02959099970757961 -0.02136800065636635 0.0182499997317791
v -0.02959099970757961 -0.02136800065636635 -0.0017500000540167093
v -0.03285000100731849 0.01590999960899353 -0.0017500000540167093
v -0.034134998917579644 0.012924999929964542 -0.0017500000540167093
v -0.033658001571893685 0.014119000174105167 -0.001269000000320375
v -0.03435999900102615 0.012315000407397747 -0.0006309999735094607
v -0.035333998501300805 0.009151999838650227 -0.0017500000540167093
v -0.03491200134158134 0.01064900029450655 0.00011500000255182385
v -0.03626799955964088 0.004104999825358391 0.009049000218510628
v -0.0362740010023117 0.004058999940752983 0.007935999892652035
v -0.0362740010023117 0.00405400013551116 0.01924999989569187
v -0.03608899936079978 0.00546099990606308 0.012273999862372875
v -0.03618400171399116 0.0047889999113976955 0.01118599995970726
v -0.03623899817466735 0.004356999881565571 0.010149000212550163
v -0.03553399816155433 0.008342999964952469 0.015022000297904015
v -0.03576999902725219 0.0072639998979866505 0.014192000031471252
v -0.03595700114965438 0.006275000050663948 0.013255000114440918
v -0.036254998296499245 0.004219000227749348 0.00684100016951561
v -0.036212999373674386 0.004567000083625317 0.005787000060081482
v -0.0362740010023117 0.00405400013551116 -0.0017500000540167093
v -0.03614500164985656 0.00507500022649765 0.0048039997927844524
v -0.03602999821305274 0.00583899999037385 0.0037380000576376915
v -0.03587500005960464 0.006725999992340803 0.0027920000720769167
v -0.03611699864268302 0.005272999871522188 -0.0017500000540167093
v -0.03564900159835815 0.00783700030297041 0.00184599997010082
v -0.03536399826407432 0.00903400033712387 0.001019999966956675
v -0.03509199991822242 0.010041999630630016 0.00043200000072829425
v -0.03410900011658668 0.012993999756872654 0.017389999702572823
v -0.03508900105953216 0.010052000172436237 0.01924999989569187
v -0.033422000706195824 0.014669000171124935 0.017931999638676643
v -0.0329190008342266 0.01576700061559677 0.01924999989569187
v -0.032921001315116875 0.015762999653816223 0.018216000869870186
v -0.034701000899076455 0.011315999552607536 0.016704000532627106
v -0.035089999437332146 0.010046999901533127 0.016070999205112457
v -0.035160001367330544 0.009800000116229057 0.015935000032186508
v -0.029826000332832333 0.021040000021457672 0.01924999989569187
v -0.029826000332832333 0.021040000021457672 0.018850000575184822
v -0.031509999185800545 0.018422000110149384 0.018688999116420746
v -0.03252999857068061 0.016555000096559525 0.01838799938559532
v -0.02783500030636787 0.023610999807715416 0.01867399923503399
v -0.02589599974453449 0.02572299912571907 0.01924999989569187
v -0.02628899924457073 0.025320999324321747 0.018330000340938568
v -0.02174199931323528 0.02931799925863743 0.016383999958634377
v -0.023127000778913494 0.028238000348210335 0.017131000757217407
v -0.021239999681711193 0.029683999717235565 0.01924999989569187
v -0.02473100088536739 0.026844000443816185 0.01782199926674366
v -0.025893000885844227 0.025724999606609344 0.018216000869870186
v -0.01625999994575977 0.03267800062894821 0.006353999953716993
v -0.016032999381422993 0.03279000148177147 0.007451000157743692
v -0.015987999737262722 0.03281199932098389 -0.0017500000540167093
v -0.016650000587105748 0.03248099982738495 0.005313999950885773
v -0.01884599961340427 0.0312579981982708 0.0023040000814944506
v -0.01797300018370151 0.03176800161600113 0.0032450000289827585
v -0.017249999567866322 0.032166000455617905 0.004226000048220158
v -0.021239999681711193 0.029683999717235565 -0.0017500000540167093
v -0.021034000441431996 0.029829999431967735 0.0005600000149570405
v -0.020475000143051144 0.030215999111533165 -0.0017500000540167093
v -0.019779000431299206 0.03067599982023239 0.0014779999619349837
v -0.017083000391721722 0.032255999743938446 -0.0017500000540167093
v -0.01599200069904327 0.03280999884009361 0.008561000227928162
v -0.016135999932885167 0.03273899853229523 0.009658999741077423
v -0.015987999737262722 0.03281199932098389 0.01924999989569187
v -0.016450000926852223 0.032582998275756836 0.010711000300943851
v -0.0169060006737709 0.03234900161623955 0.011695999652147293
v -0.017585000023245808 0.031984999775886536 0.012757999822497368
v -0.0183700006455183 0.031539998948574066 0.01370800007134676
v -0.01934700086712837 0.030950000509619713 0.014658999629318714
v -0.020374000072479245 0.030285000801086426 0.015479999594390392
v -0.02123099938035011 0.029689999297261238 0.016068000346422195
v -0.026008000597357746 0.025609999895095825 -0.0017500000540167093
v -0.025031000375747677 0.026565000414848328 -0.0014319999609142542
v -0.02362599968910217 0.02782200090587139 -0.0017500000540167093
v -0.023675000295042988 0.02778100036084652 -0.0008870000019669533
v -0.02230099961161613 0.028894999995827675 -0.00020399999630171806
v -0.033734999597072594 -0.013934999704360962 -0.0017500000540167093
v -0.033734999597072594 -0.013934999704360962 0.01924999989569187
v -0.034986000508069985 -0.010402999818325043 -0.0017500000540167093
v -0.035587999969720834 -0.00810999982059002 0.01924999989569187
v -0.03644200041890144 -0.002056000055745244 -0.0017500000540167093
v -0.03640500083565711 -0.002626999979838729 -0.0017500000540167093
v -0.03644200041890144 -0.002056000055745244 0.01924999989569187
v -0.035907000303268426 -0.006554000079631805 -0.0017500000540167093
v -0.035587999969720834 -0.00810999982059002 -0.0017500000540167093
v -0.0364760011434555 0.0013310000067576766 -0.0017500000540167093
v -0.013488999567925928 0.03391600027680397 -0.0017500000540167093
v -0.010286999866366385 0.035020001232624054 0.01924999989569187
v -0.004298000130802392 0.03624600172042847 -0.0017500000540167093
v -0.0058709997683763495 0.036024998873472214 -0.0017500000540167093
v -0.004298000130802392 0.03624600172042847 0.01924999989569187
v -0.009736999869346617 0.03517699986696243 -0.0017500000540167093
v -0.010286999866366385 0.035020001232624054 -0.0017500000540167093
v -0.0019359999569132922 0.03644900023937225 -0.0017500000540167093
v 0.0018110000528395174 0.036455001682043076 0.01924999989569187
v 0.0018110000528395174 0.036455001682043076 -0.0017500000540167093
v 0.004798999987542628 0.03618299961090088 -0.0017500000540167093
v 0.004798999987542628 0.03618299961090088 0.0182499997317791
v 0.007507000118494033 0.03571999818086624 -0.0017500000540167093
v 0.0075229997746646396 0.03571600094437599 0.0182499997317791
v 0.010204000398516653 0.03504500165581703 -0.0017500000540167093
v 0.010204000398516653 0.03504500165581703 0.0182499997317791
v -0.025101000443100926 -0.02064399980008602 0.01886099949479103
v -0.025335000827908512 -0.02035599946975708 0.019217999652028084
v -0.025407999753952023 -0.02053700014948845 0.01917400024831295
v -0.025257000699639317 -0.02096099965274334 0.01880599930882454
v -0.024863999336957928 -0.02092999964952469 0.01850299909710884
v -0.025389000773429867 -0.020885000005364418 0.018957000225782394
v -0.025423999875783917 -0.02082199975848198 0.019022999331355095
v -0.02543999999761581 -0.02074199914932251 0.019081000238656998
v 0.011028000153601168 0.03057200089097023 0.01886099949479103
v 0.010677999816834925 0.030696000903844833 0.019217999652028084
v 0.010435000061988829 0.030779000371694565 0.01924999989569187
v -0.026043999940156933 -0.019440999254584312 0.0182499997317791
v -0.02484199963510036 -0.020955000072717667 0.0182499997317791
v -0.02811699919402599 -0.016300000250339508 0.01924999989569187
v -0.025495000183582302 -0.020155999809503555 0.01924999989569187
v 0.00025899999309331173 0.03249900043010712 0.01924999989569187
v 0.00025899999309331173 0.03249900043010712 0.0182499997317791
v 0.0015600000042468307 0.03246299922466278 0.0182499997317791
v 0.0059239999391138545 0.03195500001311302 0.01924999989569187
v 0.005613000132143497 0.03201200067996979 0.0182499997317791
v 0.0059239999391138545 0.03195500001311302 0.0182499997317791
v 0.00957799982279539 0.031057000160217285 0.0182499997317791
v 0.011408000253140925 0.030432000756263733 0.0182499997317791
v 0.011376000009477137 0.03044399991631508 0.01850299909710884
v -0.010921999812126158 0.03061000071465969 0.01924999989569187
v -0.010921999812126158 0.03061000071465969 0.0182499997317791
v -0.01049000024795532 0.030760999768972397 0.0182499997317791
v -0.005415000021457671 0.03204600140452385 0.01924999989569187
v -0.006554999854415654 0.031831998378038406 0.0182499997317791
v -0.005415000021457671 0.03204600140452385 0.0182499997317791
v -0.0025170000735670324 0.032402001321315765 0.0182499997317791
v -0.014259000308811663 0.029205000028014183 0.0182499997317791
v -0.016093999147415158 0.028234999626874924 0.01924999989569187
v -0.016093999147415158 0.028234999626874924 0.0182499997317791
v -0.02481500059366226 0.020987000316381454 0.01924999989569187
v -0.02481500059366226 0.020987000316381454 0.0182499997317791
v -0.024002000689506527 0.021911999210715294 0.0182499997317791
v -0.020772999152541157 0.024994999170303345 0.01924999989569187
v -0.021068999543786045 0.02474600076675415 0.0182499997317791
v -0.020772999152541157 0.024994999170303345 0.0182499997317791
v -0.017804000526666638 0.027188999578356743 0.0182499997317791
v -0.03051500022411346 0.011184999719262123 0.01924999989569187
v -0.03051500022411346 0.011184999719262123 0.0182499997317791
v -0.030378999188542363 0.011547000147402287 0.0182499997317791
v -0.02809599973261356 0.016336999833583832 0.01924999989569187
v -0.02869400009512901 0.015261000022292137 0.0182499997317791
v -0.02809599973261356 0.016336999833583832 0.0182499997317791
v -0.026557000353932377 0.018734000623226166 0.0182499997317791
v -0.03158599883317947 0.007652000058442354 0.0182499997317791
v -0.03199800103902816 0.005690000019967556 0.01924999989569187
v -0.03199800103902816 0.005690000019967556 0.0182499997317791
v -0.03200500085949897 -0.0056489999406039715 0.01924999989569187
v -0.03200500085949897 -0.0056489999406039715 0.0182499997317791
v -0.03218699991703033 -0.004503000061959028 0.0182499997317791
v -0.0324999988079071 2.099999983329326e-05 0.01924999989569187
v -0.032496999949216836 -0.00043700000969693065 0.0182499997317791
v -0.0324999988079071 2.099999983329326e-05 0.0182499997317791
v -0.032295998185873025 0.0036359999794512987 0.0182499997317791
v -0.03136900067329406 -0.008497999981045723 0.0182499997317791
v -0.03052899986505508 -0.011145999655127525 0.01924999989569187
v -0.03052899986505508 -0.011145999655127525 0.0182499997317791
v -0.02811699919402599 -0.016300000250339508 0.0182499997317791
v -0.028273999691009518 -0.016026999801397324 0.0182499997317791
v -0.030058000236749646 -0.012360000051558018 0.0182499997317791
v 0.010948999784886835 0.03090200014412403 0.019115999341011047
v 0.011060999706387518 0.030935000628232956 0.019043000414967537
v 0.011158999986946581 0.03092299960553646 0.018957000225782394
v 0.011304000392556189 0.030771000310778618 0.01875000074505806
v 0.011239999905228613 0.030868999660015106 0.018859000876545906
v -0.027131000533699986 -0.022012999281287193 -0.0017500000540167093
v -0.02015000022947788 -0.01878800056874752 0.0070500001311302185
v -0.022649999707937237 -0.019943000748753548 0.014027999714016914
v -0.023211000487208363 -0.020201999694108963 0.014468000270426273
v -0.021774999797344204 -0.019538000226020813 0.013567999936640263
v -0.023874999955296513 -0.02050900086760521 0.015216000378131866
v -0.02424499951303005 -0.020679999142885208 0.01581300050020218
v -0.027131000533699986 -0.022012999281287193 0.0182499997317791
v -0.02462700009346008 -0.02085600048303604 0.016755999997258186
v -0.02477299980819225 -0.020924000069499016 0.017399000003933907
v -0.02015000022947788 -0.01878800056874752 0.013249999843537807
v -0.021134000271558758 -0.019241999834775925 0.013368000276386738
v 0.010940000414848326 0.02528499998152256 0.0070500001311302185
v 0.0116370003670454 0.0329429991543293 -0.0017500000540167093
v 0.011397999711334704 0.030323000624775887 0.01722699962556362
v 0.0116370003670454 0.0329429991543293 0.0182499997317791
v 0.011382999829947947 0.030156999826431274 0.016641000285744667
v 0.011343000456690787 0.029712999239563942 0.01570500060915947
v 0.011311000213026999 0.029370000585913658 0.015212999656796455
v 0.011243999935686587 0.028635000810027122 0.014461999759078026
v 0.011199999600648878 0.028147999197244644 0.014103000052273273
v 0.011113000102341173 0.027194000780582428 0.013616000302135944
v 0.011057999916374682 0.02658499963581562 0.013419999741017818
v 0.010959999635815619 0.025510000064969063 0.013256999664008617
v 0.010940000414848326 0.02528499998152256 0.013249999843537807
v 0.0048929997719824305 0.037209998816251755 0.01924999989569187
v 0.004707999993115663 0.03518600016832352 0.01924999989569187
v 0.004738000221550464 0.035516999661922455 0.019193999469280243
v 0.00475399987772107 0.03568499907851219 0.019115999341011047
v 0.004765000194311141 0.035808999091386795 0.019030999392271042
v 0.004784999880939721 0.036031998693943024 0.018779000267386436
v 0.0048929997719824305 0.037209998816251755 -0.003650000086054206
v 0.004788999911397695 0.03607099875807762 -0.00241199997253716
v 0.004832999780774116 0.036556001752614975 -0.003650000086054206
v 0.004759000148624181 0.03574699908494949 -0.0029990000184625387
v 0.004765000194311141 0.03580399975180626 -0.00367600005120039
v 0.004714000038802623 0.03524800017476082 -0.003444999922066927
v 0.0046870000660419455 0.03495199978351593 -0.0035979999229311943
v 0.004786999896168708 0.03604999929666519 0.01875000074505806
v 0.004796999972313642 0.03615900129079819 0.01846900023519993
v 0.004617999773472547 0.03418999910354614 -0.0037499999161809683
v 0.003511999966576695 0.02204200066626072 -0.0037499999161809683
v 0.0046580000780522815 0.03462899848818779 -0.0037010000087320805
v 0.0017770000267773864 0.036076001822948456 -0.00367600005120039
v 0.0017430000007152555 0.035707999020814896 -0.0033110000658780336
v 0.0018449999624863265 0.03682800009846687 -0.003650000086054206
v 0.0017839999636635182 0.036152999848127365 -0.0028089999686926603
v 0.0019049999536946414 0.03748200088739395 -0.003650000086054206
v 0.0017979999538511036 0.036302998661994934 -0.002515000058338046
v 0.00047699999413453037 0.021788999438285828 -0.0042500002309679985
v 0.0005249999812804161 0.022314000874757767 -0.0037499999161809683
v 0.00047699999413453037 0.021788999438285828 -0.004662000108510256
v 0.0016299999551847575 0.03446099907159805 -0.0037499999161809683
v 0.0016899999463930724 0.03512199968099594 -0.003636999987065792
v 0.0019049999536946414 0.03748200088739395 0.01924999989569187
v 0.001807000022381544 0.036407001316547394 -0.0021869998890906572
v -0.03467100113630294 -0.014368000440299511 -0.003650000086054206
v -0.03467100113630294 -0.014368000440299511 0.01924999989569187
v -0.03363300114870071 -0.013887999579310417 -0.00241199997253716
v -0.034074999392032616 -0.01409200020134449 -0.003650000086054206
v -0.03333700075745582 -0.013752000406384468 -0.0029990000184625387
v -0.033390000462532037 -0.013775999657809734 -0.00367600005120039
v -0.03288200125098228 -0.013540999963879585 -0.003444999922066927
v -0.03261300176382064 -0.013416999951004982 -0.0035979999229311943
v -0.03191800042986869 -0.01309600006788969 -0.0037499999161809683
v -0.02084499970078468 -0.007978999987244606 -0.0037499999161809683
v -0.03231799975037574 -0.013280999846756458 -0.0037010000087320805
v -0.019107999280095097 -0.010482000187039375 -0.0042500002309679985
v -0.01958700083196163 -0.010703000240027905 -0.0037499999161809683
v -0.019107999280095097 -0.010482000187039375 -0.004662000108510256
v -0.030659999698400494 -0.015819000080227852 -0.0037499999161809683
v -0.03213100135326385 -0.016498999670147896 -0.00367600005120039
v -0.03126100078225135 -0.016096999868750572 -0.003636999987065792
v -0.03179600089788436 -0.01634399965405464 -0.0033110000658780336
v -0.03281600028276443 -0.016815999522805214 -0.003650000086054206
v -0.03220099955797195 -0.016530999913811684 -0.0028089999686926603
v -0.033411998301744454 -0.017091000452637672 -0.003650000086054206
v -0.03233800083398818 -0.01659500040113926 -0.002515000058338046
v -0.03242599964141845 -0.016635000705718994 0.018580999225378036
v -0.032354999333620064 -0.01660200022161007 0.01875000074505806
v -0.033411998301744454 -0.017091000452637672 0.01924999989569187
v -0.032278001308441155 -0.01656699925661087 0.018874000757932663
v -0.03204999864101409 -0.016462000086903572 0.01909800060093403
v -0.03202199935913085 -0.01644900068640709 0.019115999341011047
v -0.03176800161600112 -0.01633100025355816 0.019224999472498894
v -0.0315679982304573 -0.016239000484347343 0.01924999989569187
v -0.03243299946188926 -0.016637999564409256 -0.0021869998890906572
v 0.003986999858170747 0.03829599916934967 0.01924999989569187
v 0.003986999858170747 0.03829599916934967 -0.003650000086054206
v 0.0029909999575465913 0.0383870005607605 0.01924999989569187
v 0.0029909999575465913 0.0383870005607605 -0.003650000086054206
v -0.03515899926424026 -0.01569500006735325 -0.003650000086054206
v -0.03474000096321105 -0.016603000462055206 -0.003650000086054206
v -0.03515899926424026 -0.01569500006735325 0.01924999989569187
v -0.03474000096321105 -0.016603000462055206 0.01924999989569187
v 0.010797999799251555 0.034758999943733215 -0.0017500000540167093
v 0.010997000150382517 0.03459800034761429 0.0182499997317791
v 0.010997000150382517 0.03459800034761429 -0.0017500000540167093
v 0.011338000185787676 0.034189000725746155 -0.0017500000540167093
v 0.011509999632835386 0.033844999969005585 0.0182499997317791
v 0.011509999632835386 0.033844999969005585 -0.0017500000540167093
v 0.011617000214755533 0.03345600143074989 -0.0017500000540167093
v -0.02749500051140785 -0.022140000015497208 -0.0017500000540167093
v -0.02802300080657005 -0.022197000682353973 0.0182499997317791
v -0.02802300080657005 -0.022197000682353973 -0.0017500000540167093
v -0.028279000893235203 -0.022173000499606133 -0.0017500000540167093
v -0.028904000297188755 -0.02196599915623665 0.0182499997317791
v -0.029015999287366864 -0.021902000531554222 -0.0017500000540167093
v 0.004883000161498784 0.03746600076556206 -0.003650000086054206
v 0.004803999792784452 0.03771999850869179 0.01924999989569187
v 0.004803999792784452 0.03771999850869179 -0.003650000086054206
v 0.004472999833524226 0.038116998970508575 -0.003650000086054206
v 0.004472999833524226 0.038116998970508575 0.01924999989569187
v 0.0020129999611526723 0.03785200044512749 -0.003650000086054206
v 0.0020840000361204143 0.037967000156641006 0.01924999989569187
v 0.0020840000361204143 0.037967000156641006 -0.003650000086054206
v 0.002260999986901879 0.038159001618623734 -0.003650000086054206
v 0.0024810000322759147 0.03829900175333023 0.01924999989569187
v 0.0024810000322759147 0.03829900175333023 -0.003650000086054206
v 0.002608000067993998 0.038346998393535614 -0.003650000086054206
v -0.034510001540184014 -0.01691799983382225 -0.003650000086054206
v -0.034510001540184014 -0.01691799983382225 0.01924999989569187
v -0.03440799936652183 -0.017000000923871994 -0.003650000086054206
v -0.0341770015656948 -0.017122000455856323 0.01924999989569187
v -0.0341770015656948 -0.017122000455856323 -0.003650000086054206
v -0.03404900059103965 -0.017159000039100647 -0.003650000086054206
v -0.03379200026392936 -0.017183000221848488 0.01924999989569187
v -0.0336569994688034 -0.01716800034046173 -0.003650000086054206
v -0.03379200026392936 -0.017183000221848488 -0.003650000086054206
v -0.035250000655651086 -0.015320000238716602 -0.003650000086054206
v -0.035247001796960824 -0.015185000374913216 0.01924999989569187
v -0.035247001796960824 -0.015185000374913216 -0.003650000086054206
v -0.03519000113010406 -0.014929999597370625 -0.003650000086054206
v -0.03506899997591972 -0.014698999933898449 0.01924999989569187
v -0.03506899997591972 -0.014698999933898449 -0.003650000086054206
v -0.03498300164937972 -0.014593999832868576 -0.003650000086054206
v -0.028936000540852543 0.022247999906539917 -0.003650000086054206
v -0.028938999399542805 0.022244000807404518 -0.0037499999161809683
v -0.029826000332832333 0.021040000021457672 -0.0037499999161809683
v -0.030663000419735905 0.019801000133156776 -0.0037499999161809683
v -0.030360000208020207 0.020261000841856003 -0.0023350000847131014
v -0.03066500090062618 0.01979600079357624 -0.003650000086054206
v -0.03066500090062618 0.01979600079357624 -0.0023129999171942472
v -0.028936000540852543 0.022247999906539917 -0.0023129999171942472
v -0.029826000332832333 0.021040000021457672 -0.0023499999660998583
v -0.03009499981999397 0.020653000101447105 -0.002345999935641885
v -0.004571999888867139 -0.03369100019335747 -0.0037499999161809683
v -0.004571999888867139 -0.03369100019335747 0.013249999843537807
v -0.009599000215530394 -0.0326169990003109 -0.0037499999161809683
v -0.010002000257372854 -0.032496001571416855 0.013249999843537807
v -0.010002000257372854 -0.032496001571416855 -0.0037070000544190407
v 0.026891000568866726 -0.02080499939620495 -0.0037499999161809683
v 0.026891000568866726 -0.02080499939620495 0.013249999843537807
v 0.02344799973070621 -0.02462100051343441 -0.0037499999161809683
v 0.023141000419855114 -0.02490999922156334 0.013249999843537807
v 0.023141000419855114 -0.02490999922156334 -0.0037070000544190407
v 0.03146399930119514 0.012885999865829945 -0.0037499999161809683
v 0.03146399930119514 0.012885999865829945 0.013249999843537807
v 0.033045999705791466 0.007996000349521637 -0.0037499999161809683
v 0.03314299881458282 0.007586000021547079 0.013249999843537807
v 0.03314299881458282 0.007586000021547079 -0.0037070000544190407
v 0.0035530000459402795 -0.03381400182843208 -0.0037499999161809683
v -0.0015849999617785213 -0.033962998539209366 -0.0037499999161809683
v 0.004226000048220157 -0.026412999257445335 -0.0037499999161809683
v 0.004542000126093625 -0.025011999532580376 -0.0037499999161809683
v 0.013089000247418879 -0.014938999898731709 -0.0037499999161809683
v 0.015344000421464441 -0.01497699972242117 -0.0037499999161809683
v 0.01470299996435642 -0.019354000687599182 -0.0037499999161809683
v 0.017333000898361203 -0.014062999747693539 -0.0037499999161809683
v 0.017374999821186062 -0.020337000489234924 -0.0037499999161809683
v 0.01610399968922138 -0.019670000299811363 -0.0037499999161809683
v 0.005208999849855899 -0.023740999400615692 -0.0037499999161809683
v 0.011079999618232248 -0.013913000002503395 -0.0037499999161809683
v 0.0061829998157918445 -0.022686000913381577 -0.0037499999161809683
v 0.002917000092566013 -0.015255000442266464 -0.0037499999161809683
v 0.0017640000442042945 -0.013716000132262707 -0.0037499999161809683
v 0.004639999940991401 -0.006943999789655209 -0.0037499999161809683
v 0.013268999755382536 -0.019411999732255936 -0.0037499999161809683
v 0.01189799979329109 -0.019838999956846237 -0.0037499999161809683
v 0.007397000212222337 -0.021919000893831253 -0.0037499999161809683
v -0.0005249999812804161 -0.022314000874757767 -0.0037499999161809683
v 0.001460999948903918 -0.02139200083911419 -0.0037499999161809683
v 0.002892999909818172 -0.01964999921619892 -0.0037499999161809683
v 0.0034139999188482757 -0.017455000430345535 -0.0037499999161809683
v 0.00972700025886297 -0.012109000235795975 -0.0037499999161809683
v 0.009301999583840368 -0.010232999920845032 -0.0037499999161809683
v 0.0031459999736398454 -0.006808000151067972 -0.0037499999161809683
v 0.003911000210791825 -0.006676000077277422 -0.0037499999161809683
v 0.0025490000844001766 -0.007304999977350235 -0.0037499999161809683
v 0.0022809999063611026 -0.008034000173211098 -0.0037499999161809683
v -0.01655500009655952 -0.016697999089956284 -0.0037499999161809683
v -0.01795599982142448 -0.016381999477744102 -0.0037499999161809683
v -0.0065089999698102466 -0.016551999375224113 -0.0037499999161809683
v -0.00639300001785159 -0.018804000690579414 -0.0037499999161809683
v -0.005299000069499015 -0.02077700011432171 -0.0037499999161809683
v -0.009410000406205652 -0.022410999983549118 -0.0037499999161809683
v -0.003511999966576695 -0.02204200066626072 -0.0037499999161809683
v -0.008925000205636023 -0.02521600015461445 -0.0037499999161809683
v -0.008983000181615351 -0.023781999945640564 -0.0037499999161809683
v -0.019390000030398365 -0.016440000385046005 -0.0037499999161809683
v -0.02076099999248981 -0.016867000609636307 -0.0037499999161809683
v -0.029425999149680134 -0.01800999976694584 -0.0037499999161809683
v -0.027969999238848683 -0.020198000594973564 -0.0037499999161809683
v -0.0036939999554306264 -0.00749000022187829 -0.0037499999161809683
v -0.010997000150382517 -0.00838600005954504 -0.0037499999161809683
v -0.005816999822854995 -0.005993000231683254 -0.0037499999161809683
v -0.011753000319004057 -0.0101539995521307 -0.0037499999161809683
v -0.017795000225305554 -0.011962000280618668 -0.0037499999161809683
v -0.015569999814033507 -0.012330000288784504 -0.0037499999161809683
v -0.01341000013053417 -0.011683999560773373 -0.0037499999161809683
v -0.00562300020828843 -0.01447799988090992 -0.0037499999161809683
v -0.0042110001668334 -0.013172999955713749 -0.0037499999161809683
v -0.010177000425755976 -0.0211970005184412 -0.0037499999161809683
v -0.011231999844312666 -0.020222999155521393 -0.0037499999161809683
v -0.01528399996459484 -0.017364999279379845 -0.0037499999161809683
v -0.005051999818533658 -0.005859999917447567 -0.0037499999161809683
v -0.004323000088334083 -0.006128999870270491 -0.0037499999161809683
v -0.0038260000292211767 -0.006725000217556953 -0.0037499999161809683
v 0.02076099999248981 0.016867000609636307 -0.0037499999161809683
v 0.027506999671459195 0.01998399943113327 -0.0037499999161809683
v 0.030205000191926953 0.015608999878168106 -0.0037499999161809683
v 0.01655500009655952 0.016697999089956284 -0.0037499999161809683
v 0.01795599982142448 0.016381999477744102 -0.0037499999161809683
v 0.0065089999698102466 0.016551999375224113 -0.0037499999161809683
v 0.007094999775290488 0.03376200050115585 -0.0037499999161809683
v 0.009645000100135801 0.03312399983406067 -0.0037499999161809683
v 0.008925000205636023 0.02521600015461445 -0.0037499999161809683
v 0.011753000319004057 0.0101539995521307 -0.0037499999161809683
v 0.010997000150382517 0.00838600005954504 -0.0037499999161809683
v 0.0036939999554306264 0.00749000022187829 -0.0037499999161809683
v 0.019390000030398365 0.016440000385046005 -0.0037499999161809683
v 0.00639300001785159 0.018804000690579414 -0.0037499999161809683
v 0.005299000069499015 0.02077700011432171 -0.0037499999161809683
v 0.009410000406205652 0.022410999983549118 -0.0037499999161809683
v 0.01958700083196163 0.010703000240027905 -0.0037499999161809683
v 0.017795000225305554 0.011962000280618668 -0.0037499999161809683
v 0.015569999814033507 0.012330000288784504 -0.0037499999161809683
v 0.01341000013053417 0.011683999560773373 -0.0037499999161809683
v 0.00562300020828843 0.01447799988090992 -0.0037499999161809683
v 0.0042110001668334 0.013172999955713749 -0.0037499999161809683
v 0.010177000425755976 0.0211970005184412 -0.0037499999161809683
v 0.011231999844312666 0.020222999155521393 -0.0037499999161809683
v 0.01528399996459484 0.017364999279379845 -0.0037499999161809683
v 0.008983000181615351 0.023781999945640564 -0.0037499999161809683
v 0.004323000088334083 0.006128999870270491 -0.0037499999161809683
v 0.0038260000292211767 0.006725000217556953 -0.0037499999161809683
v 0.005051999818533658 0.005859999917447567 -0.0037499999161809683
v 0.005816999822854995 0.005993000231683254 -0.0037499999161809683
v 0.02498799934983253 -0.009545999579131603 -0.0037499999161809683
v 0.031060000881552693 -0.013829999603331089 -0.0037499999161809683
v 0.02862099930644035 -0.01835400052368641 -0.0037499999161809683
v 0.022738000378012654 -0.005987999960780144 -0.0037499999161809683
v 0.023165000602602955 -0.00735899992287159 -0.0037499999161809683
v 0.017588999122381207 0.0026390000712126493 -0.0037499999161809683
v 0.01467000041157007 -0.0051009999588131905 -0.0037499999161809683
v 0.012760999612510203 -0.005330000072717667 -0.0037499999161809683
v 0.008333999663591383 0.0005460000247694552 -0.0037499999161809683
v 0.02393200062215328 -0.008573000319302082 -0.0037499999161809683
v 0.02084499970078468 0.007978999987244606 -0.0037499999161809683
v 0.026300000026822087 0.0048790001310408115 -0.0037499999161809683
v 0.02064299955964088 0.005799000151455402 -0.0037499999161809683
v 0.01906199939548969 -0.011610999703407288 -0.0037499999161809683
v 0.019256999716162678 -0.009429999627172947 -0.0037499999161809683
v 0.01846400089561939 -0.007319000083953142 -0.0037499999161809683
v 0.016823999583721157 -0.005770999938249588 -0.0037499999161809683
v 0.015350000001490114 0.0023690001107752323 -0.0037499999161809683
v 0.01351299975067377 0.002939000027254224 -0.0037499999161809683
v 0.01948199979960918 0.0038660001009702682 -0.0037499999161809683
v 0.023129999637603756 0.00038499999209307134 -0.0037499999161809683
v 0.022680999711155888 -0.0045540002174675465 -0.0037499999161809683
v 0.025087000802159306 0.004112000111490488 -0.0037499999161809683
v 0.0241129994392395 0.0030559999868273735 -0.0037499999161809683
v 0.023445999249815937 0.0017849999712780118 -0.0037499999161809683
v 0.007468999829143285 -0.0006799999973736703 -0.0037499999161809683
v 0.007737000007182359 4.8999998398358e-05 -0.0037499999161809683
v 0.007600999902933835 -0.0014449999434873462 -0.0037499999161809683
v 0.008097999729216097 -0.0020409999415278435 -0.0037499999161809683
v 0.018242999911308285 -0.012257000431418419 -0.0056489999406039715
v 0.024802999570965763 -0.01688399910926819 -0.005096999928355217
v 0.017704000696539875 -0.013030000030994415 -0.005648000165820122
v 0.024226000532507893 -0.017702000215649605 -0.005096999928355217
v 0.017666000872850415 -0.013074000366032124 -0.0056489999406039715
v 0.01973599940538406 0.009669999592006207 -0.0056489999406039715
v 0.026088999584317204 0.01260599959641695 -0.005167999770492315
v 0.020137000828981396 0.008817000314593315 -0.005648000165820122
v 0.026508999988436695 0.011698000133037567 -0.005167999770492315
v 0.020155999809503552 0.008762000128626823 -0.0056489999406039715
v -0.0014929999597370622 -0.02192699909210205 -0.0056489999406039715
v -0.0022209999151527877 -0.02992199920117855 -0.005096999928355217
v -0.0024319998919963832 -0.021848000586032867 -0.005648000165820122
v -0.0032170000486075874 -0.029830999672412872 -0.005096999928355217
v -0.0024890000931918617 -0.021835999563336372 -0.0056489999406039715
v 0.0024669999256730075 -0.015472999773919582 -0.0042500002309679985
v 0.0012430000351741908 -0.013927999883890152 -0.0042500002309679985
v -0.00047699999413453037 -0.021788999438285828 -0.0042500002309679985
v 0.00115699996240437 -0.02099600061774254 -0.0042500002309679985
v 0.002444999990984797 -0.019426999613642693 -0.0042500002309679985
v 0.002914000069722533 -0.017451999709010124 -0.0042500002309679985
v -0.012165999971330164 -0.009872999973595142 -0.0042500002309679985
v -0.011440999805927275 -0.00803999975323677 -0.0042500002309679985
v -0.017604000866413113 -0.011498999781906605 -0.0042500002309679985
v -0.015602000057697294 -0.011831000447273254 -0.0042500002309679985
v -0.01365699991583824 -0.011250000447034836 -0.0042500002309679985
v -0.03075199946761131 0.015637999400496483 -0.0037499999161809683
v -0.029029000550508496 0.01864200085401535 -0.0037499999161809683
v -0.017588999122381207 -0.0026390000712126493 -0.0037499999161809683
v -0.03226500004529952 0.012217000126838684 -0.0037499999161809683
v -0.01948199979960918 -0.0038660001009702682 -0.0037499999161809683
v -0.033397998660802834 0.008651000447571278 -0.0037499999161809683
v -0.02064299955964088 -0.005799000151455402 -0.0037499999161809683
v -0.03447699919342994 0.0012580000329762697 -0.0037499999161809683
v -0.034138001501560204 0.004984000232070684 -0.0037499999161809683
v -0.03306899964809417 -0.009832999669015408 -0.0037499999161809683
v -0.03393900021910667 -0.006194999907165766 -0.0037499999161809683
v -0.03441099822521209 -0.002483000047504902 -0.0037499999161809683
v -0.01906199939548969 0.011610999703407288 -0.0037499999161809683
v -0.019256999716162678 0.009429999627172947 -0.0037499999161809683
v -0.01846400089561939 0.007319000083953142 -0.0037499999161809683
v -0.016823999583721157 0.005770999938249588 -0.0037499999161809683
v -0.015350000001490114 -0.0023690001107752323 -0.0037499999161809683
v -0.01467000041157007 0.0051009999588131905 -0.0037499999161809683
v -0.012760999612510203 0.005330000072717667 -0.0037499999161809683
v -0.01351299975067377 -0.002939000027254224 -0.0037499999161809683
v -0.008097999729216097 0.0020409999415278435 -0.0037499999161809683
v -0.008333999663591383 -0.0005460000247694552 -0.0037499999161809683
v -0.007600999902933835 0.0014449999434873462 -0.0037499999161809683
v -0.007468999829143285 0.0006799999973736703 -0.0037499999161809683
v -0.007737000007182359 -4.8999998398358e-05 -0.0037499999161809683
v -0.014632999897003172 0.00559999980032444 -0.0042500002309679985
v -0.012683999724686144 0.005888000130653381 -0.0042500002309679985
v -0.018632000312209126 0.011307000182569027 -0.0042500002309679985
v -0.018760999664664265 0.009495999664068222 -0.0042500002309679985
v -0.01804699935019016 0.007596000097692013 -0.0042500002309679985
v -0.016571000218391415 0.006202999968081713 -0.0042500002309679985
v -0.001460999948903918 0.02139200083911419 -0.0037499999161809683
v -0.002892999909818172 0.01964999921619892 -0.0037499999161809683
v -0.011079999618232248 0.013913000002503395 -0.0037499999161809683
v -0.0034139999188482757 0.017455000430345535 -0.0037499999161809683
v -0.00972700025886297 0.012109000235795975 -0.0037499999161809683
v -0.01274999976158142 0.03205699846148491 -0.0037499999161809683
v -0.00920400023460388 0.033250000327825546 -0.0037499999161809683
v -0.013089000247418879 0.014938999898731709 -0.0037499999161809683
v -0.005549000110477208 0.03405100107192993 -0.0037499999161809683
v -0.0018299999646842478 0.03445100039243698 -0.0037499999161809683
v -0.017333000898361203 0.014062999747693539 -0.0037499999161809683
v -0.02730000019073486 0.021093999966979027 -0.0037499999161809683
v -0.015344000421464441 0.01497699972242117 -0.0037499999161809683
v -0.025048000738024708 0.02372400090098381 -0.0037499999161809683
v -0.022331999614834782 0.02629699930548668 -0.0037499999161809683
v -0.01935300044715404 0.028560999780893326 -0.0037499999161809683
v -0.016147000715136525 0.030487999320030212 -0.0037499999161809683
v -0.0031459999736398454 0.006808000151067972 -0.0037499999161809683
v -0.003911000210791825 0.006676000077277422 -0.0037499999161809683
v -0.0025490000844001766 0.007304999977350235 -0.0037499999161809683
v -0.004639999940991401 0.006943999789655209 -0.0037499999161809683
v -0.0022809999063611026 0.008034000173211098 -0.0037499999161809683
v -0.009301999583840368 0.010232999920845032 -0.0037499999161809683
v -0.0017640000442042945 0.013716000132262707 -0.0037499999161809683
v -0.002917000092566013 0.015255000442266464 -0.0037499999161809683
v -0.0024669999256730075 0.015472999773919582 -0.0042500002309679985
v -0.0012430000351741908 0.013927999883890152 -0.0042500002309679985
v -0.00115699996240437 0.02099600061774254 -0.0042500002309679985
v -0.002444999990984797 0.019426999613642693 -0.0042500002309679985
v -0.002914000069722533 0.017451999709010124 -0.0042500002309679985
v 0.012165999971330164 0.009872999973595142 -0.0042500002309679985
v 0.011440999805927275 0.00803999975323677 -0.0042500002309679985
v 0.01365699991583824 0.011250000447034836 -0.0042500002309679985
v 0.015602000057697294 0.011831000447273254 -0.0042500002309679985
v 0.013705000281333922 0.011276000179350376 -0.0042500002309679985
v 0.019107999280095097 0.010482000187039375 -0.0042500002309679985
v 0.017604000866413113 0.011498999781906605 -0.0042500002309679985
v 0.015652999281883236 0.01183400023728609 -0.0042500002309679985
v 0.014632999897003172 -0.00559999980032444 -0.0042500002309679985
v 0.012683999724686144 -0.005888000130653381 -0.0042500002309679985
v 0.018632000312209126 -0.011307000182569027 -0.0042500002309679985
v 0.018760999664664265 -0.009495999664068222 -0.0042500002309679985
v 0.01804699935019016 -0.007596000097692013 -0.0042500002309679985
v 0.016571000218391415 -0.006202999968081713 -0.0042500002309679985
v 0.027366999536752697 0.0031689999159425497 0.0070500001311302185
v 0.027366999536752697 0.0031689999159425497 0.013249999843537807
v 0.02652199938893318 0.007455999962985516 0.0070500001311302185
v 0.02652199938893318 0.007455999962985516 0.013249999843537807
v 0.02500900067389011 0.01155600044876337 0.0070500001311302185
v 0.02500900067389011 0.01155600044876337 0.013249999843537807
v 0.022866999730467793 0.015364999882876873 0.0070500001311302185
v 0.022866999730467793 0.015364999882876873 0.013249999843537807
v 0.02015000022947788 0.01878800056874752 0.0070500001311302185
v 0.02015000022947788 0.01878800056874752 0.013249999843537807
v 0.016427999362349507 -0.022115999832749367 0.0070500001311302185
v 0.016427999362349507 -0.022115999832749367 0.013249999843537807
v 0.01971800066530704 -0.019240999594330788 0.0070500001311302185
v 0.01971800066530704 -0.019240999594330788 0.013249999843537807
v 0.022512000054121014 -0.015881000086665154 0.0070500001311302185
v 0.022512000054121014 -0.015881000086665154 0.013249999843537807
v 0.024739999324083325 -0.012121000327169895 0.0070500001311302185
v 0.024739999324083325 -0.012121000327169895 0.013249999843537807
v 0.026345999911427494 -0.008057000115513802 0.0070500001311302185
v 0.026345999911427494 -0.008057000115513802 0.013249999843537807
v -0.010940000414848326 -0.02528499998152256 0.0070500001311302185
v -0.010940000414848326 -0.02528499998152256 0.013249999843537807
v -0.006804000120609998 -0.026697000488638878 0.0070500001311302185
v -0.006804000120609998 -0.026697000488638878 0.013249999843537807
v -0.002496999921277165 -0.02743699960410595 0.0070500001311302185
v -0.002496999921277165 -0.02743699960410595 0.013249999843537807
v 0.0018729999428614972 -0.027486000210046768 0.0070500001311302185
v 0.0018729999428614972 -0.027486000210046768 0.013249999843537807
v 0.006194999907165765 -0.026844000443816185 0.0070500001311302185
v 0.006194999907165765 -0.026844000443816185 0.013249999843537807
v 0.008119000121951101 0.026326000690460205 0.013249999843537807
v 0.005834000185132026 0.026924999430775642 0.0070500001311302185
v 0.0013229999458417294 0.027518000453710556 0.013249999843537807
v 0.0005070000188425182 0.02754499949514866 0.0070500001311302185
v 0.004757999908179044 0.027135999873280525 0.013249999843537807
v 0.005834000185132026 0.026924999430775642 0.013249999843537807
v -0.004838999826461076 0.027122000232338905 0.013249999843537807
v -0.004838999826461076 0.027122000232338905 0.0070500001311302185
v -0.0021339999511837955 0.027466999366879463 0.013249999843537807
v 0.0005070000188425182 0.02754499949514866 0.013249999843537807
v -0.005557000171393155 0.026984000578522682 0.013249999843537807
v -0.008891999721527098 0.026076000183820724 0.013249999843537807
v -0.010002000257372854 0.025669999420642853 0.0070500001311302185
v -0.014786000363528727 0.023245999589562416 0.013249999843537807
v -0.014786000363528727 0.023245999589562416 0.0070500001311302185
v -0.012086999602615832 0.02475699968636036 0.013249999843537807
v -0.010002000257372854 0.025669999420642853 0.013249999843537807
v -0.015092999674379824 0.023048000410199165 0.013249999843537807
v -0.017859999090433117 0.020976999774575233 0.013249999843537807
v -0.01900899969041347 0.019941000267863274 0.0070500001311302185
v -0.01900899969041347 0.019941000267863274 0.013249999843537807
v -0.020346000790596005 0.018574999645352364 0.013249999843537807
v -0.022512000054121014 0.015881000086665154 0.0070500001311302185
v -0.022512000054121014 0.015881000086665154 0.013249999843537807
v -0.02432399988174438 0.012935999780893326 0.013249999843537807
v -0.02516200020909309 0.011218000203371048 0.0070500001311302185
v -0.02677500061690807 0.006486999802291393 0.013249999843537807
v -0.02685900032520294 0.006130999885499477 0.0070500001311302185
v -0.025752000510692593 0.009789000265300274 0.013249999843537807
v -0.02516200020909309 0.011218000203371048 0.013249999843537807
v -0.02685900032520294 0.006130999885499477 0.013249999843537807
v -0.02737700007855892 0.0030819999519735575 0.013249999843537807
v -0.027537999674677845 0.0008110000053420663 0.0070500001311302185
v -0.027284000068902966 -0.0038169999606907368 0.013249999843537807
v -0.027172999456524845 -0.004538999870419502 0.0070500001311302185
v -0.027548000216484066 -0.0003699999942909926 0.013249999843537807
v -0.027537999674677845 0.0008110000053420663 0.013249999843537807
v -0.025778999552130696 -0.009717999957501888 0.013249999843537807
v -0.025778999552130696 -0.009717999957501888 0.0070500001311302185
v -0.02659099921584129 -0.007203999906778336 0.013249999843537807
v -0.027172999456524845 -0.004538999870419502 0.013249999843537807
v -0.025480000302195546 -0.010476999916136265 0.013249999843537807
v -0.02396699972450733 -0.013585999608039856 0.013249999843537807
v -0.023407999426126477 -0.014527999795973301 0.0070500001311302185
v -0.022076999768614766 -0.01648000068962574 0.013249999843537807
v -0.023407999426126477 -0.014527999795973301 0.013249999843537807
v 0.01808100007474422 0.011269000358879566 -0.005249999929219484
v 0.017649000510573384 0.011481000110507011 -0.005249999929219484
v 0.019107999280095097 0.010482000187039375 -0.004662000108510256
v 0.019132999703288075 0.010456000454723835 -0.004920999985188246
v 0.019205000251531597 0.010378999635577202 -0.005160999950021505
v 0.019246999174356457 0.010332999750971794 -0.005249999929219484
v 0.011440999805927275 0.00803999975323677 -0.005249999929219484
v 0.011760000139474867 0.00913699995726347 -0.005249999929219484
v 0.013759000226855276 0.01130599994212389 -0.005249999929219484
v 0.012577000074088572 0.01039000041782856 -0.005249999929219484
v 0.012199000455439089 0.009920000098645687 -0.005249999929219484
v 0.01517600007355213 0.01178400032222271 -0.005249999929219484
v 0.015652999281883236 0.01183400023728609 -0.005249999929219484
v 0.016672000288963314 0.011770999990403652 -0.005249999929219484
v -0.0011180000146850941 0.021025000140070915 -0.005249999929219484
v -0.0002659999881871044 0.021529000252485275 -0.005249999929219484
v 0.0005549999768845736 0.021808000281453133 -0.005044000223278999
v 0.0006750000175088643 0.021834999322891235 -0.005249999929219484
v -0.0012430000351741908 0.013927999883890152 -0.005249999929219484
v -0.0019580000080168243 0.01465499959886074 -0.005249999929219484
v -0.0024920001160353418 0.015525000169873238 -0.005249999929219484
v -0.00281500001437962 0.016491999849677086 -0.005249999929219484
v -0.0029130000621080394 0.017506999894976616 -0.005249999929219484
v -0.002779999980702996 0.018518000841140747 -0.005249999929219484
v -0.002422000048682093 0.0194729994982481 -0.005249999929219484
v -0.0018589999526739118 0.020323999226093292 -0.005249999929219484
v -0.018632000312209126 0.011307000182569027 -0.004662000108510256
v -0.018621999770402905 0.011342000216245651 -0.004920999985188246
v -0.018766999244689938 0.009544000029563904 -0.005249999929219484
v -0.018778000026941296 0.010533999651670456 -0.005249999929219484
v -0.018590999767184254 0.01144300028681755 -0.005160999950021505
v -0.0185720007866621 0.011501999571919441 -0.005249999929219484
v -0.012683999724686144 0.005888000130653381 -0.005249999929219484
v -0.01367099955677986 0.005632000043988228 -0.005249999929219484
v -0.0146909998729825 0.0056050000712275505 -0.005249999929219484
v -0.01569000072777271 0.005807999987155199 -0.005249999929219484
v -0.01661800034344196 0.006231000181287527 -0.005249999929219484
v -0.017426999285817143 0.006852000020444393 -0.005249999929219484
v -0.018076000735163685 0.007639000192284584 -0.005249999929219484
v -0.01853000000119209 0.008551999926567078 -0.005249999929219484
v -0.019132999703288075 -0.010456000454723835 -0.004920999985188246
v -0.017649000510573384 -0.011481000110507011 -0.005249999929219484
v -0.018510999158024784 -0.010994999669492245 -0.005249999929219484
v -0.019205000251531597 -0.010378999635577202 -0.005160999950021505
v -0.019246999174356457 -0.010332999750971794 -0.005249999929219484
v -0.011440999805927275 -0.00803999975323677 -0.005249999929219484
v -0.011713000014424322 -0.009022999554872513 -0.005249999929219484
v -0.012199000455439089 -0.009920000098645687 -0.005249999929219484
v -0.01287500001490116 -0.010684000328183174 -0.005249999929219484
v -0.013705000281333922 -0.011276000179350376 -0.005249999929219484
v -0.014646999537944792 -0.011667000129818916 -0.005249999929219484
v -0.015652999281883236 -0.01183400023728609 -0.005249999929219484
v -0.016671000048518177 -0.011770999990403652 -0.005249999929219484
v 0.0011180000146850941 -0.021025000140070915 -0.005249999929219484
v -0.00047699999413453037 -0.021788999438285828 -0.004662000108510256
v 0.0002659999881871044 -0.021529000252485275 -0.005249999929219484
v -0.0005549999768845736 -0.021808000281453133 -0.005044000223278999
v -0.0006750000175088643 -0.021834999322891235 -0.005249999929219484
v 0.0012430000351741908 -0.013927999883890152 -0.005249999929219484
v 0.0019580000080168243 -0.01465499959886074 -0.005249999929219484
v 0.0024920001160353418 -0.015525000169873238 -0.005249999929219484
v 0.00281500001437962 -0.016491999849677086 -0.005249999929219484
v 0.0029130000621080394 -0.017506999894976616 -0.005249999929219484
v 0.002779999980702996 -0.018518000841140747 -0.005249999929219484
v 0.002422000048682093 -0.0194729994982481 -0.005249999929219484
v 0.0018589999526739118 -0.020323999226093292 -0.005249999929219484
v 0.018632000312209126 -0.011307000182569027 -0.004662000108510256
v 0.018621999770402905 -0.011342000216245651 -0.004920999985188246
v 0.018766999244689938 -0.009544000029563904 -0.005249999929219484
v 0.018778000026941296 -0.010533999651670456 -0.005249999929219484
v 0.018590999767184254 -0.01144300028681755 -0.005160999950021505
v 0.0185720007866621 -0.011501999571919441 -0.005249999929219484
v 0.012683999724686144 -0.005888000130653381 -0.005249999929219484
v 0.01367099955677986 -0.005632000043988228 -0.005249999929219484
v 0.0146909998729825 -0.0056050000712275505 -0.005249999929219484
v 0.01569000072777271 -0.005807999987155199 -0.005249999929219484
v 0.01661800034344196 -0.006231000181287527 -0.005249999929219484
v 0.017426999285817143 -0.006852000020444393 -0.005249999929219484
v 0.018076000735163685 -0.007639000192284584 -0.005249999929219484
v 0.01853000000119209 -0.008551999926567078 -0.005249999929219484
v 0.017428999766707417 0.008053000085055828 0.0032500000670552254
v 0.017579000443220135 0.007185999769717455 0.0032500000670552254
v 0.019709000363945958 0.010331000201404095 0.0032500000670552254
v -0.016598999500274655 -0.005797000136226416 0.0032500000670552254
v -0.01573199965059757 -0.005646999925374985 0.0032500000670552254
v -0.01501100044697523 -0.003671000013127923 0.0032500000670552254
v -0.014906000345945357 -0.005950999911874533 0.0032500000670552254
v -0.006717000156641006 -0.009522000327706337 0.0032500000670552254
v -0.014343000017106531 -0.0066269999369978905 0.0032500000670552254
v -0.014193000271916388 -0.007493999786674976 0.0032500000670552254
v -0.014496999792754648 -0.008320000022649765 0.0032500000670552254
v -0.013113999739289282 -0.01858999952673912 0.0032500000670552254
v -0.015173000283539293 -0.008883999660611153 0.0032500000670552254
v -0.015046999789774416 -0.017062999308109283 0.0032500000670552254
v -0.016039999201893803 -0.009033000096678734 0.0032500000670552254
v -0.01836300082504749 -0.01343000028282404 0.0032500000670552254
v -0.016866000369191166 -0.008729999884963036 0.0032500000670552254
v -0.02082099951803684 -0.00916799996048212 0.0032500000670552254
v -0.017428999766707417 -0.008053000085055828 0.0032500000670552254
v -0.017579000443220135 -0.007185999769717455 0.0032500000670552254
v -0.0174419991672039 -0.001955999992787838 0.0032500000670552254
v -0.0172749999910593 -0.0063599999994039536 0.0032500000670552254
v -0.017852999269962307 0.014100999571383 0.0032500000670552254
v -0.015012999996542929 0.011630999855697155 0.0032500000670552254
v -0.014403999783098696 0.017609000205993652 0.0032500000670552254
v -0.014146000146865843 0.011780999600887299 0.0032500000670552254
v -0.013319999910891054 0.011477000080049038 0.0032500000670552254
v -0.012756999582052229 0.010800999589264393 0.0032500000670552254
v -0.012606999836862086 0.009933000430464745 0.0032500000670552254
v -0.0073959999717772 0.012284999713301659 0.0032500000670552254
v -0.01291100028902292 0.009108000434935093 0.0032500000670552254
v -0.014054000377655028 0.0028470000252127647 0.0032500000670552254
v -0.013586999848484991 0.00854399986565113 0.0032500000670552254
v -0.014453999698162077 0.008395000360906124 0.0032500000670552254
v -0.02212399989366531 0.005301999859511852 0.0032500000670552254
v -0.0227460004389286 0.0004220000118948519 0.0032500000670552254
v -0.02230500057339668 -0.004478000104427338 0.0032500000670552254
v -0.015279999934136866 0.008697999641299248 0.0032500000670552254
v -0.01584300026297569 0.009374000132083893 0.0032500000670552254
v -0.020467000082135197 0.009933999739587307 0.0032500000670552254
v -0.015992999076843258 0.010242000222206116 0.0032500000670552254
v -0.015689000487327572 0.011068000458180904 0.0032500000670552254
v -0.005679000169038772 0.022029999643564224 0.0032500000670552254
v -0.010281999595463274 0.02029399946331978 0.0032500000670552254
v -0.004007999785244464 0.01708799973130226 0.0032500000670552254
v -0.0001069999998435378 0.0175819993019104 0.0032500000670552254
v -5.700000110664404e-05 0.022749999538064003 0.0032500000670552254
v -0.0008099999977275728 0.022735999897122383 0.0032500000670552254
v 0.004095999989658593 0.022377999499440193 0.0032500000670552254
v 0.003405000083148479 0.02249399945139885 0.0032500000670552254
v 0.003121000016108155 0.0220320001244545 0.0032500000670552254
v 0.002470999956130981 0.02261500060558319 0.0032500000670552254
v 0.0008730000117793678 0.018970999866724014 0.0032500000670552254
v 0.00019700000120792535 0.018408000469207764 0.0032500000670552254
v 0.008810999803245066 0.02097499929368496 0.0032500000670552254
v 0.011415000073611735 0.016181999817490578 0.0032500000670552254
v 0.013113999739289282 0.01858999952673912 0.0032500000670552254
v 0.02047600038349628 0.00991399958729744 0.0032500000670552254
v 0.020047999918460842 0.010753000155091286 0.0032500000670552254
v 0.01970800012350082 0.011366000398993492 0.0032500000670552254
v 0.016804000362753865 0.015336000360548496 0.0032500000670552254
v 0.0216899998486042 0.006862999871373177 0.0032500000670552254
v 0.021451000124216076 0.007577999960631132 0.0032500000670552254
v 0.0174419991672039 0.001955999992787838 0.0032500000670552254
v 0.0172749999910593 0.0063599999994039536 0.0032500000670552254
v 0.014453999698162077 -0.008395000360906124 0.0032500000670552254
v 0.021421000361442562 -0.007662000134587288 0.0032500000670552254
v 0.014054000377655028 -0.0028470000252127647 0.0032500000670552254
v 0.022567000240087506 -0.0028780000284314156 0.0032500000670552254
v 0.022657999768853184 0.00203999993391335 0.0032500000670552254
v 0.015279999934136866 -0.008697999641299248 0.0032500000670552254
v 0.01584300026297569 -0.009374000132083893 0.0032500000670552254
v 0.019272999837994572 -0.01208799984306097 0.0032500000670552254
v 0.015992999076843258 -0.010242000222206116 0.0032500000670552254
v 0.015689000487327572 -0.011068000458180904 0.0032500000670552254
v 0.016224000602960583 -0.015948999673128128 0.0032500000670552254
v 0.015012999996542929 -0.011630999855697155 0.0032500000670552254
v 0.01241599954664707 -0.01906299963593483 0.0032500000670552254
v 0.014146000146865843 -0.011780999600887299 0.0032500000670552254
v 0.013319999910891054 -0.011477000080049038 0.0032500000670552254
v 0.012756999582052229 -0.010800999589264393 0.0032500000670552254
v 0.0073959999717772 -0.012284999713301659 0.0032500000670552254
v 0.012606999836862086 -0.009933000430464745 0.0032500000670552254
v 0.01291100028902292 -0.009108000434935093 0.0032500000670552254
v 0.013586999848484991 -0.00854399986565113 0.0032500000670552254
v 0.004007999785244464 -0.01708799973130226 0.0032500000670552254
v 0.008027000352740286 -0.02128699980676174 0.0032500000670552254
v 0.0001069999998435378 -0.0175819993019104 0.0032500000670552254
v -0.00019700000120792535 -0.018408000469207764 0.0032500000670552254
v -0.0016530000139027832 -0.022690000012516975 0.0032500000670552254
v 0.0032639999408274885 -0.02251500077545643 0.0032500000670552254
v -0.0022990000434219833 -0.015884999185800552 0.0032500000670552254
v -0.001431999960914254 -0.015735000371932983 0.0032500000670552254
v -0.00060600001597777 -0.01603900082409382 0.0032500000670552254
v -4.300000000512227e-05 -0.016714999452233315 0.0032500000670552254
v 0.0015770000172778962 -0.01537299994379282 0.0032500000670552254
v -0.0008730000117793678 -0.018970999866724014 0.0032500000670552254
v -0.0017399999778717754 -0.019121000543236732 0.0032500000670552254
v -0.006492000073194503 -0.021803999319672585 0.0032500000670552254
v -0.00256599998101592 -0.018817000091075897 0.0032500000670552254
v -0.01102699991315603 -0.019898999482393265 0.0032500000670552254
v -0.0031290000770241018 -0.018140999600291252 0.0032500000670552254
v -0.003279000055044889 -0.017273999750614166 0.0032500000670552254
v -0.002975000068545341 -0.016448000445961952 0.0032500000670552254
v 0.016598999500274655 0.005797000136226416 0.0032500000670552254
v 0.01573199965059757 0.005646999925374985 0.0032500000670552254
v 0.01501100044697523 0.003671000013127923 0.0032500000670552254
v 0.014906000345945357 0.005950999911874533 0.0032500000670552254
v 0.014496999792754648 0.008320000022649765 0.0032500000670552254
v 0.015173000283539293 0.008883999660611153 0.0032500000670552254
v 0.016039999201893803 0.009033000096678734 0.0032500000670552254
v 0.016866000369191166 0.008729999884963036 0.0032500000670552254
v 0.014343000017106531 0.0066269999369978905 0.0032500000670552254
v 0.006717000156641006 0.009522000327706337 0.0032500000670552254
v 0.014193000271916388 0.007493999786674976 0.0032500000670552254
v 0.003279000055044889 0.017273999750614166 0.0032500000670552254
v 0.002975000068545341 0.016448000445961952 0.0032500000670552254
v 0.0017399999778717754 0.019121000543236732 0.0032500000670552254
v 0.00256599998101592 0.018817000091075897 0.0032500000670552254
v 0.0031290000770241018 0.018140999600291252 0.0032500000670552254
v 0.0022990000434219833 0.015884999185800552 0.0032500000670552254
v 0.001431999960914254 0.015735000371932983 0.0032500000670552254
v -0.0015770000172778962 0.01537299994379282 0.0032500000670552254
v 0.00060600001597777 0.01603900082409382 0.0032500000670552254
v 4.300000000512227e-05 0.016714999452233315 0.0032500000670552254
v -0.0008929999894462525 -0.009809000417590141 0.0032500000670552254
v -0.0025830001104623075 -0.009504999965429306 0.0032500000670552254
v -0.004193999804556369 -0.008913000114262104 0.0032500000670552254
v 0.00980900041759014 -0.0008929999894462526 0.0032500000670552254
v 0.009504999965429304 -0.002583000110462308 0.0032500000670552254
v 0.011622999794781206 -0.0011320000048726797 0.0032500000670552254
v 0.005621999967843293 -0.008088000118732452 0.0032500000670552254
v 0.004131999798119067 -0.00894199963659048 0.0032500000670552254
v 0.004964999854564666 -0.010569999925792217 0.0032500000670552254
v 0.002516000065952539 -0.0095229996368289 0.0032500000670552254
v 0.0008239999879151582 -0.009814999997615814 0.0032500000670552254
v 0.008913000114262102 -0.00419399980455637 0.0032500000670552254
v 0.008049000054597853 -0.0056779999285936356 0.0032500000670552254
v 0.006940999999642371 -0.006988999899476767 0.0032500000670552254
v 0.005677999928593635 0.008049000054597855 0.0032500000670552254
v 0.006988999899476766 0.006940999999642372 0.0032500000670552254
v 0.00808800011873245 0.005621999967843294 0.0032500000670552254
v 0.008941999636590479 0.004131999798119068 0.0032500000670552254
v 0.009522999636828898 0.0025160000659525394 0.0032500000670552254
v 0.009814999997615812 0.0008239999879151583 0.0032500000670552254
v 0.0008929999894462525 0.009809000417590141 0.0032500000670552254
v 0.0025830001104623075 0.009504999965429306 0.0032500000670552254
v 0.004193999804556369 0.008913000114262104 0.0032500000670552254
v -0.005621999967843293 0.008088000118732452 0.0032500000670552254
v -0.004131999798119067 0.00894199963659048 0.0032500000670552254
v -0.004964999854564666 0.010569999925792217 0.0032500000670552254
v -0.002516000065952539 0.0095229996368289 0.0032500000670552254
v -0.0008239999879151582 0.009814999997615814 0.0032500000670552254
v -0.011622999794781206 0.0011320000048726797 0.0032500000670552254
v -0.00980900041759014 0.0008929999894462526 0.0032500000670552254
v -0.009504999965429304 0.002583000110462308 0.0032500000670552254
v -0.008913000114262102 0.00419399980455637 0.0032500000670552254
v -0.008049000054597853 0.0056779999285936356 0.0032500000670552254
v -0.006940999999642371 0.006988999899476767 0.0032500000670552254
v -0.00808800011873245 -0.005621999967843294 0.0032500000670552254
v -0.006988999899476766 -0.006940999999642372 0.0032500000670552254
v -0.005677999928593635 -0.008049000054597855 0.0032500000670552254
v -0.008941999636590479 -0.004131999798119068 0.0032500000670552254
v -0.009522999636828898 -0.0025160000659525394 0.0032500000670552254
v -0.009814999997615812 -0.0008239999879151583 0.0032500000670552254
v 0.014906000345945357 0.005950999911874533 -0.005750000011175871
v 0.014343000017106531 0.0066269999369978905 -0.005750000011175871
v 0.014193000271916388 0.007493999786674976 -0.005750000011175871
v 0.014496999792754648 0.008320000022649765 -0.005750000011175871
v 0.015173000283539293 0.008883999660611153 -0.005750000011175871
v 0.016039999201893803 0.009033000096678734 -0.005750000011175871
v 0.016866000369191166 0.008729999884963036 -0.005750000011175871
v 0.017428999766707417 0.008053000085055828 -0.005750000011175871
v 0.017579000443220135 0.007185999769717455 -0.005750000011175871
v 0.0172749999910593 0.0063599999994039536 -0.005750000011175871
v 0.016598999500274655 0.005797000136226416 -0.005750000011175871
v 0.01573199965059757 0.005646999925374985 -0.005750000011175871
v 0.00060600001597777 0.01603900082409382 -0.005750000011175871
v 4.300000000512227e-05 0.016714999452233315 -0.005750000011175871
v -0.0001069999998435378 0.0175819993019104 -0.005750000011175871
v 0.00019700000120792535 0.018408000469207764 -0.005750000011175871
v 0.0008730000117793678 0.018970999866724014 -0.005750000011175871
v 0.0017399999778717754 0.019121000543236732 -0.005750000011175871
v 0.00256599998101592 0.018817000091075897 -0.005750000011175871
v 0.0031290000770241018 0.018140999600291252 -0.005750000011175871
v 0.003279000055044889 0.017273999750614166 -0.005750000011175871
v 0.002975000068545341 0.016448000445961952 -0.005750000011175871
v 0.0022990000434219833 0.015884999185800552 -0.005750000011175871
v 0.001431999960914254 0.015735000371932983 -0.005750000011175871
v -0.015279999934136866 0.008697999641299248 -0.005750000011175871
v -0.01584300026297569 0.009374000132083893 -0.005750000011175871
v -0.015992999076843258 0.010242000222206116 -0.005750000011175871
v -0.015689000487327572 0.011068000458180904 -0.005750000011175871
v -0.015012999996542929 0.011630999855697155 -0.005750000011175871
v -0.014146000146865843 0.011780999600887299 -0.005750000011175871
v -0.013319999910891054 0.011477000080049038 -0.005750000011175871
v -0.012756999582052229 0.010800999589264393 -0.005750000011175871
v -0.012606999836862086 0.009933000430464745 -0.005750000011175871
v -0.01291100028902292 0.009108000434935093 -0.005750000011175871
v -0.013586999848484991 0.00854399986565113 -0.005750000011175871
v -0.014453999698162077 0.008395000360906124 -0.005750000011175871
v -0.016866000369191166 -0.008729999884963036 -0.005750000011175871
v -0.017428999766707417 -0.008053000085055828 -0.005750000011175871
v -0.017579000443220135 -0.007185999769717455 -0.005750000011175871
v -0.0172749999910593 -0.0063599999994039536 -0.005750000011175871
v -0.016598999500274655 -0.005797000136226416 -0.005750000011175871
v -0.01573199965059757 -0.005646999925374985 -0.005750000011175871
v -0.014906000345945357 -0.005950999911874533 -0.005750000011175871
v -0.014343000017106531 -0.0066269999369978905 -0.005750000011175871
v -0.014193000271916388 -0.007493999786674976 -0.005750000011175871
v -0.014496999792754648 -0.008320000022649765 -0.005750000011175871
v -0.015173000283539293 -0.008883999660611153 -0.005750000011175871
v -0.016039999201893803 -0.009033000096678734 -0.005750000011175871
v -0.00256599998101592 -0.018817000091075897 -0.005750000011175871
v -0.0031290000770241018 -0.018140999600291252 -0.005750000011175871
v -0.003279000055044889 -0.017273999750614166 -0.005750000011175871
v -0.002975000068545341 -0.016448000445961952 -0.005750000011175871
v -0.0022990000434219833 -0.015884999185800552 -0.005750000011175871
v -0.001431999960914254 -0.015735000371932983 -0.005750000011175871
v -0.00060600001597777 -0.01603900082409382 -0.005750000011175871
v -4.300000000512227e-05 -0.016714999452233315 -0.005750000011175871
v 0.0001069999998435378 -0.0175819993019104 -0.005750000011175871
v -0.00019700000120792535 -0.018408000469207764 -0.005750000011175871
v -0.0008730000117793678 -0.018970999866724014 -0.005750000011175871
v -0.0017399999778717754 -0.019121000543236732 -0.005750000011175871
v 0.013319999910891054 -0.011477000080049038 -0.005750000011175871
v 0.012756999582052229 -0.010800999589264393 -0.005750000011175871
v 0.012606999836862086 -0.009933000430464745 -0.005750000011175871
v 0.01291100028902292 -0.009108000434935093 -0.005750000011175871
v 0.013586999848484991 -0.00854399986565113 -0.005750000011175871
v 0.014453999698162077 -0.008395000360906124 -0.005750000011175871
v 0.015279999934136866 -0.008697999641299248 -0.005750000011175871
v 0.01584300026297569 -0.009374000132083893 -0.005750000011175871
v 0.015992999076843258 -0.010242000222206116 -0.005750000011175871
v 0.015689000487327572 -0.011068000458180904 -0.005750000011175871
v 0.015012999996542929 -0.011630999855697155 -0.005750000011175871
v 0.014146000146865843 -0.011780999600887299 -0.005750000011175871
v 0.012218999676406382 0.008937000297009945 -0.005750000011175871
v 0.012945000082254408 0.0100509999319911 -0.005750000011175871
v 0.0139960004016757 0.010865000076591969 -0.005750000011175871
v -0.010661999695003031 0.011750999838113785 -0.005750000011175871
v -0.012621999718248842 0.0064559997990727425 -0.005750000011175871
v -0.011130999773740767 0.01252800039947033 -0.005750000011175871
v -0.011761000379920004 0.013178999535739422 -0.005750000011175871
v -0.01636100001633167 0.006659000180661678 -0.005750000011175871
v -0.01553600002080202 0.006283000111579895 -0.005750000011175871
v -0.012862999923527239 0.00635500019416213 -0.005750000011175871
v -0.013740999624133108 0.006126999855041504 -0.005750000011175871
v -0.014646999537944792 0.00610300013795495 -0.005750000011175871
v -0.018097000196576115 0.011345000006258488 -0.005750000011175871
v -0.018270999193191525 0.009604999795556068 -0.005750000011175871
v -0.01827999949455261 0.010483999736607075 -0.005750000011175871
v -0.01707999967038631 0.007211000192910433 -0.005750000011175871
v -0.017656000331044194 0.007911000400781631 -0.005750000011175871
v -0.01806000061333179 0.008723000064492226 -0.005750000011175871
v -0.013375000096857546 0.01397900003939867 -0.005750000011175871
v -0.012523000128567217 0.013670999556779861 -0.005750000011175871
v -0.015177000313997267 0.013989999890327454 -0.005750000011175871
v -0.01427599973976612 0.01408699993044138 -0.005750000011175871
v -0.018055999651551243 0.011532999575138092 -0.005750000011175871
v -0.018048999831080433 0.011601000092923641 -0.005750000011175871
v -0.01802200078964233 0.011997000314295292 -0.005750000011175871
v -0.01798000000417232 0.012109000235795975 -0.005750000011175871
v -0.017473999410867688 0.012834999710321426 -0.005750000011175871
v -0.017439000308513638 0.012876000255346298 -0.005750000011175871
v -0.01706600002944469 0.01307700015604496 -0.005750000011175871
v -0.01679899916052818 0.013213000260293484 -0.005750000011175871
v -0.016758000478148457 0.013243000023066998 -0.005750000011175871
v -0.016008999198675152 0.013704000040888786 -0.005750000011175871
v -0.01741700060665607 0.012899000197649002 -0.005750000011175871
v -0.01729599945247173 0.012981999665498734 -0.005750000011175871
v -0.0015930000226944683 0.006949999835342169 -0.005750000011175871
v 0.0037469998933374877 0.005311000160872936 -0.005750000011175871
v -0.002278000116348266 0.006167999934405088 -0.005750000011175871
v -0.0037469998933374877 -0.005311000160872936 -0.005750000011175871
v -0.003221000079065561 0.00573199987411499 -0.005750000011175871
v -0.004203000105917453 -0.0050559998489916325 -0.005750000011175871
v -0.004261000081896781 0.005717999767512083 -0.005750000011175871
v -0.005222999956458806 -0.004854999948292971 -0.005750000011175871
v -0.006575000006705522 7.599999662488699e-05 -0.005750000011175871
v -0.010381000116467474 0.01088900025933981 -0.005750000011175871
v -0.010316000320017336 0.009724999777972698 -0.005750000011175871
v -0.011877999641001223 0.005931000225245953 -0.005750000011175871
v -0.009572000242769716 0.009200000204145908 -0.005750000011175871
v -0.00752199999988079 0.0028589998837560415 -0.005750000011175871
v -0.005216000135987996 0.006126999855041504 -0.005750000011175871
v -0.006816000211983918 0.0020959998946636915 -0.005750000011175871
v -0.0064810002222657195 0.0011119999689981341 -0.005750000011175871
v -0.017294000834226605 -0.0035959999077022076 -0.005750000011175871
v -0.016414999961853024 -0.003375000087544322 -0.005750000011175871
v -0.0119030000641942 -0.007703000213950872 -0.005750000011175871
v -0.015507999807596205 -0.0033579999580979347 -0.005750000011175871
v -0.014620999805629252 -0.0035459999926388264 -0.005750000011175871
v -0.013580000028014181 -0.004071999806910753 -0.005750000011175871
v -0.0062370002269744864 -0.0050849998369812965 -0.005750000011175871
v -0.007914000190794466 -0.0014540000120177865 -0.005750000011175871
v -0.007081999909132718 -0.000830999983008951 -0.005750000011175871
v -0.016583999618887898 -0.011278999969363213 -0.005750000011175871
v -0.017452999949455258 -0.01102100033313036 -0.005750000011175871
v -0.01567899994552135 -0.011335000395774841 -0.005750000011175871
v -0.01478500012308359 -0.01118599995970726 -0.005750000011175871
v -0.013209000229835509 -0.010312999598681927 -0.005750000011175871
v -0.01394699979573488 -0.010839000344276428 -0.005750000011175871
v -0.011935000307857989 -0.007962999865412712 -0.005750000011175871
v -0.01217599958181381 -0.008836000226438046 -0.005750000011175871
v -0.01260900031775236 -0.009633000008761883 -0.005750000011175871
v -0.01821999996900558 -0.010588999837636948 -0.005750000011175871
v -0.018873000517487522 -0.009999999776482582 -0.005750000011175871
v -0.01901599951088428 -0.009871000424027443 -0.005750000011175871
v -0.019070999696850773 -0.009831000119447708 -0.005750000011175871
v -0.019703999161720272 -0.006149000022560358 -0.005750000011175871
v -0.019851999357342717 -0.008716000244021416 -0.005750000011175871
v -0.019869999960064885 -0.00866399984806776 -0.005750000011175871
v -0.01985800080001354 -0.008240999653935432 -0.005750000011175871
v -0.019842000678181645 -0.007942000404000282 -0.005750000011175871
v -0.019848000258207318 -0.007891000248491764 -0.005750000011175871
v -0.019873000681400296 -0.0070119998417794704 -0.005750000011175871
v -0.019338000565767285 -0.005319000221788883 -0.005750000011175871
v -0.01879400014877319 -0.004594000056385994 -0.005750000011175871
v -0.018100999295711514 -0.004009999800473452 -0.005750000011175871
v -0.019401000812649723 -0.009608999826014042 -0.005750000011175871
v -0.019476000219583508 -0.009517000056803226 -0.005750000011175871
v -0.01987900026142597 -0.008634000085294247 -0.005750000011175871
v -0.019890999421477314 -0.008488000370562077 -0.005750000011175871
v 0.005222999956458806 0.004854999948292971 -0.005750000011175871
v 0.007914000190794466 0.0014540000120177865 -0.005750000011175871
v 0.004203000105917453 0.0050559998489916325 -0.005750000011175871
v 0.007081999909132718 0.000830999983008951 -0.005750000011175871
v 0.006575000006705522 -7.599999662488699e-05 -0.005750000011175871
v 0.0064810002222657195 -0.0011119999689981341 -0.005750000011175871
v 0.009572000242769716 -0.009200000204145908 -0.005750000011175871
v 0.005216000135987996 -0.006126999855041504 -0.005750000011175871
v 0.00752199999988079 -0.0028589998837560415 -0.005750000011175871
v 0.006816000211983918 -0.0020959998946636915 -0.005750000011175871
v 0.004261000081896781 -0.005717999767512083 -0.005750000011175871
v 0.003221000079065561 -0.00573199987411499 -0.005750000011175871
v 0.0015930000226944683 -0.006949999835342169 -0.005750000011175871
v 0.0012850000057369468 -0.007942999713122845 -0.005750000011175871
v -0.0028210000600665803 -0.006548999808728695 -0.005750000011175871
v 0.002278000116348266 -0.006167999934405088 -0.005750000011175871
v -0.003353999927639961 -0.005656000226736069 -0.005750000011175871
v -0.004846000112593173 -0.015110000036656857 -0.005750000011175871
v 0.0007200000109151005 -0.014158999547362328 -0.005750000011175871
v -0.005284000188112258 -0.01590299978852272 -0.005750000011175871
v -0.005532000213861465 -0.01677500084042549 -0.005750000011175871
v -0.004240000154823064 -0.014434999786317348 -0.005750000011175871
v -0.0032639999408274885 -0.013797000050544739 -0.005750000011175871
v -0.0026980000548064704 -0.007581000216305256 -0.005750000011175871
v 0.0009280000231228768 -0.014317000284790993 -0.005750000011175871
v 0.0015640000347048042 -0.01496300008147955 -0.005750000011175871
v -0.004526999779045581 -0.020138999447226524 -0.005750000011175871
v 6.099999882280826e-05 -0.021073000505566597 -0.005750000011175871
v -0.0007759999716654419 -0.021345000714063644 -0.005750000011175871
v -0.00095999997574836 -0.021402999758720398 -0.005750000011175871
v -0.0010219999821856616 -0.021431999281048775 -0.005750000011175871
v 0.0008180000004358589 -0.020625000819563866 -0.005750000011175871
v 0.0014759999467059968 -0.020002000033855438 -0.005750000011175871
v 0.0020389999262988563 -0.01573600061237812 -0.005750000011175871
v 0.0023260000161826606 -0.016596000641584396 -0.005750000011175871
v -0.005061999894678592 -0.0194070003926754 -0.005750000011175871
v -0.005419000051915645 -0.01857299916446209 -0.005750000011175871
v -0.005578000098466872 -0.017681000754237175 -0.005750000011175871
v -0.0023779999464750286 -0.021549999713897705 -0.005750000011175871
v -0.0024319998919963832 -0.021539999172091484 -0.005750000011175871
v -0.0027920000720769163 -0.021317999809980392 -0.005750000011175871
v -0.0030429998878389593 -0.02115499973297119 -0.005750000011175871
v -0.003090000012889504 -0.0211350005120039 -0.005750000011175871
v -0.003864000085741281 -0.020716000348329544 -0.005750000011175871
v -0.0013790000230073927 -0.021606000140309334 -0.005750000011175871
v -0.0014969999901950357 -0.02162499912083149 -0.005750000011175871
v 0.002412999980151653 -0.017497999593615532 -0.005750000011175871
v 0.00229500001296401 -0.018396999686956406 -0.005750000011175871
v 0.0019769999198615547 -0.019246000796556473 -0.005750000011175871
v -0.0024619998876005407 -0.021532999351620674 -0.005750000011175871
v -0.002593999961391091 -0.021469999104738235 -0.005750000011175871
v 0.012621999718248842 -0.0064559997990727425 -0.005750000011175871
v 0.015588000416755675 -0.013873999938368797 -0.005750000011175871
v 0.01427599973976612 -0.01408699993044138 -0.005750000011175871
v 0.012965999543666838 -0.01385900005698204 -0.005750000011175871
v 0.01180399954319 -0.013213000260293484 -0.005750000011175871
v 0.010917999781668184 -0.012222999706864357 -0.005750000011175871
v 0.010405000299215315 -0.010995999909937382 -0.005750000011175871
v 0.010316000320017336 -0.009724999777972698 -0.005750000011175871
v 0.011877999641001223 -0.005931000225245953 -0.005750000011175871
v 0.018270999193191525 -0.009604999795556068 -0.005750000011175871
v 0.01806000061333179 -0.008723000064492226 -0.005750000011175871
v 0.017656000331044194 -0.007911000400781631 -0.005750000011175871
v 0.01707999967038631 -0.007211000192910433 -0.005750000011175871
v 0.013740999624133108 -0.006126999855041504 -0.005750000011175871
v 0.014646999537944792 -0.00610300013795495 -0.005750000011175871
v 0.012862999923527239 -0.00635500019416213 -0.005750000011175871
v 0.01553600002080202 -0.006283000111579895 -0.005750000011175871
v 0.01636100001633167 -0.006659000180661678 -0.005750000011175871
v 0.01827999949455261 -0.010483999736607075 -0.005750000011175871
v 0.01679899916052818 -0.013213000260293484 -0.005750000011175871
v 0.016758000478148457 -0.013243000023066998 -0.005750000011175871
v 0.01798000000417232 -0.012109000235795975 -0.005750000011175871
v 0.017473999410867688 -0.012834999710321426 -0.005750000011175871
v 0.01706600002944469 -0.01307700015604496 -0.005750000011175871
v 0.017439000308513638 -0.012876000255346298 -0.005750000011175871
v 0.01729599945247173 -0.012981999665498734 -0.005750000011175871
v 0.01741700060665607 -0.012899000197649002 -0.005750000011175871
v 0.01802200078964233 -0.011997000314295292 -0.005750000011175871
v 0.018048999831080433 -0.011601000092923641 -0.005750000011175871
v 0.018055999651551243 -0.011532999575138092 -0.005750000011175871
v 0.018097000196576115 -0.011345000006258488 -0.005750000011175871
v 0.014724999666213988 0.003512999974191189 -0.005750000011175871
v 0.013580000028014181 0.004071999806910753 -0.005750000011175871
v 0.0119030000641942 0.007703000213950872 -0.005750000011175871
v 0.0062370002269744864 0.0050849998369812965 -0.005750000011175871
v 0.015255000442266462 0.011289999820291996 -0.005750000011175871
v 0.01985800080001354 0.008240999653935432 -0.005750000011175871
v 0.01848500035703182 0.00430000014603138 -0.005750000011175871
v 0.01734500005841255 0.003616000059992075 -0.005750000011175871
v 0.01604400016367435 0.003344000084325671 -0.005750000011175871
v 0.019842000678181645 0.007942000404000282 -0.005750000011175871
v 0.019848000258207318 0.007891000248491764 -0.005750000011175871
v 0.019810000434517857 0.006562999915331602 -0.005750000011175871
v 0.019338000565767285 0.005319999996572733 -0.005750000011175871
v 0.016584999859333035 0.011278999969363213 -0.005750000011175871
v 0.017836999148130413 0.01083299983292818 -0.005750000011175871
v 0.018873000517487522 0.009999999776482582 -0.005750000011175871
v 0.01901599951088428 0.009871000424027443 -0.005750000011175871
v 0.019070999696850773 0.009831000119447708 -0.005750000011175871
v 0.01987900026142597 0.008634000085294247 -0.005750000011175871
v 0.019890999421477314 0.008488000370562077 -0.005750000011175871
v 0.019869999960064885 0.00866399984806776 -0.005750000011175871
v 0.019851999357342717 0.008716000244021416 -0.005750000011175871
v 0.019476000219583508 0.009517000056803226 -0.005750000011175871
v 0.019401000812649723 0.009608999826014042 -0.005750000011175871
v 0.0032639999408274885 0.013797000050544739 -0.005750000011175871
v -0.0007200000109151005 0.014158999547362328 -0.005750000011175871
v 0.0026980000548064704 0.007581000216305256 -0.005750000011175871
v -0.0012850000057369468 0.007942999713122845 -0.005750000011175871
v 0.0028210000600665803 0.006548999808728695 -0.005750000011175871
v 0.003353999927639961 0.005656000226736069 -0.005750000011175871
v 0.004240000154823064 0.014434999786317348 -0.005750000011175871
v 0.005284000188112258 0.01590299978852272 -0.005750000011175871
v 0.004846000112593173 0.015110000036656857 -0.005750000011175871
v -0.0023260000161826606 0.016596000641584396 -0.005750000011175871
v -0.0009280000231228768 0.014317000284790993 -0.005750000011175871
v -0.0015640000347048042 0.01496300008147955 -0.005750000011175871
v -0.0020389999262988563 0.01573600061237812 -0.005750000011175871
v -0.0014759999467059968 0.020002000033855438 -0.005750000011175871
v -0.0008180000004358589 0.020625000819563866 -0.005750000011175871
v -6.099999882280826e-05 0.021073000505566597 -0.005750000011175871
v 0.0007759999716654419 0.021345000714063644 -0.005750000011175871
v 0.00095999997574836 0.021402999758720398 -0.005750000011175871
v 0.005518000107258557 0.018164999783039093 -0.005750000011175871
v 0.005578000098466872 0.017681000754237175 -0.005750000011175871
v 0.005532000213861465 0.01677500084042549 -0.005750000011175871
v -0.002412999980151653 0.017497999593615532 -0.005750000011175871
v -0.00229500001296401 0.018396999686956406 -0.005750000011175871
v -0.0019769999198615547 0.019246000796556473 -0.005750000011175871
v 0.004526999779045581 0.020138999447226524 -0.005750000011175871
v 0.005061999894678592 0.0194070003926754 -0.005750000011175871
v 0.005419000051915645 0.01857299916446209 -0.005750000011175871
v 0.0014969999901950357 0.02162499912083149 -0.005750000011175871
v 0.0023779999464750286 0.021549999713897705 -0.005750000011175871
v 0.0027920000720769163 0.021317999809980392 -0.005750000011175871
v 0.0024319998919963832 0.021539999172091484 -0.005750000011175871
v 0.002593999961391091 0.021469999104738235 -0.005750000011175871
v 0.0024619998876005407 0.021532999351620674 -0.005750000011175871
v 0.0013790000230073927 0.021606000140309334 -0.005750000011175871
v 0.0010219999821856616 0.021431999281048775 -0.005750000011175871
v 0.0030429998878389593 0.02115499973297119 -0.005750000011175871
v 0.003090000012889504 0.0211350005120039 -0.005750000011175871
v 0.003864000085741281 0.020716000348329544 -0.005750000011175871
v 0.008124000392854212 0.0010000000474974513 -0.005249999929219484
v 0.008124000392854212 0.0010000000474974513 -0.0042500002309679985
v 0.007809999864548444 -0.0024500000290572643 -0.005249999929219484
v 0.007809999864548444 -0.0024500000290572643 -0.0042500002309679985
v 0.004927999805659055 -0.006535999942570925 -0.005249999929219484
v 0.004927999805659055 -0.006535999942570925 -0.0042500002309679985
v 0.0017829999560490248 -0.007988999597728252 -0.005249999929219484
v 0.0017829999560490248 -0.007988999597728252 -0.0042500002309679985
v -0.0031959998887032266 -0.007536000106483698 -0.005249999929219484
v -0.0031959998887032266 -0.007536000106483698 -0.0042500002309679985
v -0.006027000024914741 -0.005539000034332275 -0.005249999929219484
v -0.006027000024914741 -0.005539000034332275 -0.0042500002309679985
v -0.008124000392854212 -0.0010000000474974513 -0.005249999929219484
v -0.008124000392854212 -0.0010000000474974513 -0.0042500002309679985
v -0.007809999864548444 0.0024500000290572643 -0.005249999929219484
v -0.007809999864548444 0.0024500000290572643 -0.0042500002309679985
v -0.004927999805659055 0.006535999942570925 -0.005249999929219484
v -0.004927999805659055 0.006535999942570925 -0.0042500002309679985
v -0.0017829999560490248 0.007988999597728252 -0.005249999929219484
v -0.0017829999560490248 0.007988999597728252 -0.0042500002309679985
v 0.0031959998887032266 0.007536000106483698 -0.005249999929219484
v 0.0031959998887032266 0.007536000106483698 -0.0042500002309679985
v 0.006027000024914741 0.005539000034332275 -0.005249999929219484
v 0.006027000024914741 0.005539000034332275 -0.0042500002309679985
v 0.005216000135987996 0.00535399978980422 -0.005249999929219484
v 0.005007000174373387 0.005363000091165304 -0.0042500002309679985
v 0.005007000174373387 0.005363000091165304 -0.005249999929219484
v 0.004399999976158141 0.0055160000920295715 -0.005249999929219484
v 0.004035000223666429 0.00571999978274107 -0.0042500002309679985
v 0.004035000223666429 0.00571999978274107 -0.005249999929219484
v 0.0037199999205768104 0.005994999781250954 -0.005249999929219484
v 0.0033720000647008415 0.006515000015497208 -0.0042500002309679985
v 0.0032949999440461393 0.006709999870508909 -0.005249999929219484
v 0.0033720000647008415 0.006515000015497208 -0.005249999929219484
v -0.0020290000829845663 0.007193999830633402 -0.005249999929219484
v -0.002141000004485249 0.007017000112682581 -0.0042500002309679985
v -0.002141000004485249 0.007017000112682581 -0.005249999929219484
v -0.0025770000647753473 0.006568999961018562 -0.005249999929219484
v -0.0029360000044107433 0.006353999953716993 -0.0042500002309679985
v -0.0029360000044107433 0.006353999953716993 -0.005249999929219484
v -0.0033319999929517503 0.006219999864697456 -0.005249999929219484
v -0.003955999854952096 0.006178000010550022 -0.0042500002309679985
v -0.004164000041782855 0.006207999773323536 -0.005249999929219484
v -0.003955999854952096 0.006178000010550022 -0.005249999929219484
v -0.007244999986141919 0.0018400000408291817 -0.005249999929219484
v -0.007147000171244144 0.0016550000291317701 -0.0042500002309679985
v -0.007147000171244144 0.0016550000291317701 -0.005249999929219484
v -0.006976999808102845 0.0010529999854043126 -0.005249999929219484
v -0.006971000228077172 0.0006339999963529408 -0.0042500002309679985
v -0.006971000228077172 0.0006339999963529408 -0.005249999929219484
v -0.007052000146359204 0.00022400000307243317 -0.005249999929219484
v -0.007329000160098075 -0.0003370000049471855 -0.0042500002309679985
v -0.0074579999782145015 -0.0005019999807700515 -0.005249999929219484
v -0.007329000160098075 -0.0003370000049471855 -0.005249999929219484
v -0.005216000135987996 -0.00535399978980422 -0.005249999929219484
v -0.005007000174373387 -0.005363000091165304 -0.0042500002309679985
v -0.005007000174373387 -0.005363000091165304 -0.005249999929219484
v -0.004399999976158141 -0.0055160000920295715 -0.005249999929219484
v -0.004035000223666429 -0.00571999978274107 -0.0042500002309679985
v -0.004035000223666429 -0.00571999978274107 -0.005249999929219484
v -0.0037199999205768104 -0.005994999781250954 -0.005249999929219484
v -0.0033720000647008415 -0.006515000015497208 -0.0042500002309679985
v -0.0032949999440461393 -0.006709999870508909 -0.005249999929219484
v -0.0033720000647008415 -0.006515000015497208 -0.005249999929219484
v 0.0020290000829845663 -0.007193999830633402 -0.005249999929219484
v 0.002141000004485249 -0.007017000112682581 -0.0042500002309679985
v 0.002141000004485249 -0.007017000112682581 -0.005249999929219484
v 0.0025770000647753473 -0.006568999961018562 -0.005249999929219484
v 0.0029360000044107433 -0.006353999953716993 -0.0042500002309679985
v 0.0029360000044107433 -0.006353999953716993 -0.005249999929219484
v 0.0033319999929517503 -0.006219999864697456 -0.005249999929219484
v 0.003955999854952096 -0.006178000010550022 -0.0042500002309679985
v 0.004164000041782855 -0.006207999773323536 -0.005249999929219484
v 0.003955999854952096 -0.006178000010550022 -0.005249999929219484
v 0.007244999986141919 -0.0018400000408291817 -0.005249999929219484
v 0.007147000171244144 -0.0016550000291317701 -0.0042500002309679985
v 0.007147000171244144 -0.0016550000291317701 -0.005249999929219484
v 0.006976999808102845 -0.0010529999854043126 -0.005249999929219484
v 0.006971000228077172 -0.0006339999963529408 -0.0042500002309679985
v 0.006971000228077172 -0.0006339999963529408 -0.005249999929219484
v 0.007052000146359204 -0.00022400000307243317 -0.005249999929219484
v 0.007329000160098075 0.0003370000049471855 -0.0042500002309679985
v 0.0074579999782145015 0.0005019999807700515 -0.005249999929219484
v 0.007329000160098075 0.0003370000049471855 -0.005249999929219484
v -0.011405000463128088 -0.030402999371290207 -0.0017500000540167093
v -0.011405000463128088 -0.030402999371290207 0.013249999843537807
v 0.02481500059366226 0.02094300091266632 0.013249999843537807
v 0.02481500059366226 0.02094300091266632 -0.0017500000540167093
v 0.005729999858886003 -0.03196199983358383 0.013249999843537807
v 0.005729999858886003 -0.03196199983358383 -0.0017500000540167093
v 0.020626999437808987 -0.025079000741243362 -0.0017500000540167093
v 0.020626999437808987 -0.025079000741243362 0.013249999843537807
v 0.030544999986886975 -0.011018999852240086 0.013249999843537807
v 0.030544999986886975 -0.011018999852240086 -0.0017500000540167093
v 0.03203200176358222 0.005324000027030706 -0.0017500000540167093
v 0.03203200176358222 0.005324000027030706 0.013249999843537807
v 0.027707999572157856 -0.021382000297307968 0.013249999843537807
v 0.027707999572157856 -0.021382000297307968 -0.004149999935179949
v 0.023665999993681904 -0.018530000001192093 -0.004093000199645758
v 0.02449100092053413 -0.01911200024187565 -0.004149999935179949
v 0.02539500035345554 -0.016078999266028404 -0.004093000199645758
v 0.02862099930644035 -0.01835400052368641 0.013249999843537807
v 0.02943800017237663 -0.018929999321699142 0.013249999843537807
v 0.02943800017237663 -0.018929999321699142 -0.004149999935179949
v 0.026219999417662617 -0.01666099950671196 -0.004149999935179949
v 0.03237099945545196 0.0133050000295043 0.013249999843537807
v 0.03237099945545196 0.0133050000295043 -0.004149999935179949
v 0.02686600014567375 0.010761000216007233 -0.004170000087469816
v 0.027877999469637867 0.011229000054299831 -0.004149999935179949
v 0.02560699917376041 0.013484999537467957 -0.004170000087469816
v 0.030205000191926953 0.015608999878168106 0.013249999843537807
v 0.03111300058662891 0.016029000282287598 0.013249999843537807
v 0.03111300058662891 0.016029000282287598 -0.004149999935179949
v 0.02661900036036968 0.013952000066637993 -0.004149999935179949
v 0.003775000106543302 0.03596299886703491 -0.004674000199884176
v 0.0024890000931918617 0.021835999563336372 -0.0056489999406039715
v 0.0027789999730885025 0.03605400025844574 -0.004674000199884176
v 0.0024319998919963832 0.021848000586032867 -0.005648000165820122
v 0.0014929999597370622 0.02192699909210205 -0.0056489999406039715
v -0.02877699956297874 0.02091200090944767 -0.004714000038802624
v -0.017666000872850415 0.013074000366032124 -0.0056489999406039715
v -0.029353000223636624 0.02009500004351139 -0.004714000038802624
v -0.017704000696539875 0.013030000030994415 -0.005648000165820122
v -0.018242999911308285 0.012257000431418419 -0.0056489999406039715
v -0.030687000602483746 0.019818000495433807 -0.0037499999161809683
v -0.028869999572634693 0.022200999781489372 -0.0023129999171942472
v -0.028578000143170353 0.021995000541210175 -0.0029990000184625387
v -0.028168000280857083 0.021705999970436096 -0.003444999922066927
v -0.02792599983513355 0.021534999832510948 -0.0035979999229311943
v -0.02766099944710731 0.021347999572753906 -0.0037010000087320805
v -0.03059899993240833 0.019750000908970833 -0.0023129999171942472
v -0.030417000874876973 0.019620999693870544 -0.0028089999686926603
v -0.030052000656723973 0.019363999366760254 -0.0033110000658780336
v -0.029571000486612316 0.01902499981224537 -0.003636999987065792
v -0.028963999822735783 0.0222609993070364 -0.0037499999161809683
v -0.033032998442649834 -0.014712000265717506 -0.004674000199884176
v -0.020155999809503552 -0.008762000128626823 -0.0056489999406039715
v -0.03261300176382064 -0.01561999972909689 -0.004674000199884176
v -0.020137000828981396 -0.008817000314593315 -0.005648000165820122
v -0.01973599940538406 -0.009669999592006207 -0.0056489999406039715
v -0.004662999883294105 -0.03468700125813484 0.013249999843537807
v -0.004662999883294105 -0.03468700125813484 -0.004149999935179949
v -0.004215000197291373 -0.029759999364614487 -0.004093000199645758
v -0.004306000191718339 -0.030765999108552933 -0.004149999935179949
v -0.0012270000297576187 -0.030031999573111534 -0.004093000199645758
v -0.0015849999617785213 -0.033962998539209366 0.013249999843537807
v -0.0016749999485909937 -0.03495899960398674 0.013249999843537807
v -0.0016749999485909937 -0.03495899960398674 -0.004149999935179949
v -0.0013180000241845844 -0.03103799931704998 -0.004149999935179949
v 0.002900999970734119 0.037390999495983124 -0.004650000017136335
v 0.0038970001041889186 0.037300001829862595 -0.004650000017136335
v 0.002840999979525804 0.036736998707056046 -0.004650000017136335
v 0.0038370001129806037 0.036646001040935516 -0.004650000017136335
v -0.033654998987913125 -0.014999999664723873 -0.004650000017136335
v -0.03323600068688392 -0.015907999128103256 -0.004650000017136335
v -0.03425100073218345 -0.015275999903678894 -0.004650000017136335
v -0.033831998705863946 -0.016183000057935715 -0.004650000017136335
v 0.00397100020200014 -0.03376699984073639 -0.0037070000544190407
v 0.00397100020200014 -0.03376699984073639 0.013249999843537807
v 0.02725799940526485 0.020323000848293304 -0.0037070000544190407
v 0.02725799940526485 0.020323000848293304 0.013249999843537807
v 0.031229000538587567 -0.01344399992376566 -0.0037070000544190407
v 0.031229000538587567 -0.01344399992376566 0.013249999843537807
v 0.03243999928236007 0.015540000051259995 0.013249999843537807
v 0.03285999968647956 0.014631999656558037 0.013249999843537807
v 0.03243999928236007 0.015540000051259995 -0.004149999935179949
v 0.03285999968647956 0.014632999897003174 -0.004149999935179949
v 0.02744299918413162 0.012129999697208405 -0.005150000099092722
v 0.027024000883102414 0.013036999851465225 -0.005150000099092722
v 0.03195200115442275 0.014213000424206257 -0.005150000099092722
v 0.03153200075030326 0.01512099988758564 -0.005150000099092722
v 0.02967800013720989 -0.020323999226093292 0.013249999843537807
v 0.029101999476552006 -0.02114100009202957 0.013249999843537807
v 0.02967800013720989 -0.020323999226093292 -0.004149999935179949
v 0.029101999476552006 -0.02114100009202957 -0.004149999935179949
v 0.02886099927127361 -0.019747000187635422 -0.005150000099092722
v 0.028285000473260876 -0.02056499943137169 -0.005150000099092722
v 0.025644000619649884 -0.01747800037264824 -0.005150000099092722
v 0.025066999718546864 -0.01829499937593937 -0.005150000099092722
v -0.002762000076472759 -0.03586399927735329 0.013249999843537807
v -0.003757999977096915 -0.035773999989032745 0.013249999843537807
v -0.002762000076472759 -0.03586399927735329 -0.004149999935179949
v -0.003757999977096915 -0.035773999989032745 -0.004149999935179949
v -0.002671000082045793 -0.03486799821257591 -0.005150000099092722
v -0.003666999982669949 -0.03477799892425537 -0.005150000099092722
v -0.00231399992480874 -0.030946999788284302 -0.005150000099092722
v -0.00331000005826354 -0.030856000259518623 -0.005150000099092722
v 0.0256970003247261 0.02112700045108795 0.013249999843537807
v 0.025834999978542324 0.021119000390172005 -0.002749999985098839
v 0.02656999975442886 0.02090499922633171 0.013249999843537807
v 0.02655299939215183 0.020913999527692795 -0.003315000096336007
v 0.026807000860571858 0.020762000232934952 -0.003481999970972538
v 0.020439999178051945 0.017562000080943108 -0.0035979999229311943
v 0.020341999828815457 0.017774000763893127 -0.003481999970972538
v 0.020168000832200047 0.018151000142097473 -0.0031640001107007265
v 0.01998599991202354 0.018543999642133713 -0.002515000058338046
v 0.02003500051796436 0.018439000472426414 -0.002749999985098839
v 0.01926000043749809 0.017193999141454697 -0.0035979999229311943
v 0.01586000062525272 0.018182000145316124 -0.003481999970972538
v 0.016099000349640843 0.01852099969983101 -0.0031640001107007265
v 0.017043000087141987 0.018024999648332596 -0.0031640001107007265
v 0.017193000763654705 0.018432000651955605 -0.002515000058338046
v 0.01812300086021423 0.01822200044989586 -0.002515000058338046
v 0.01907600089907646 0.018261000514030457 -0.002515000058338046
v 0.016349000856280323 0.01887499913573265 -0.002515000058338046
v 0.016281999647617337 0.01878100074827671 -0.002749999985098839
v 0.018084000796079632 0.01779099926352501 -0.0031640001107007265
v 0.019150000065565106 0.017833000048995018 -0.0031640001107007265
v 0.01572499983012676 0.017991000786423683 -0.0035979999229311943
v 0.01681900024414062 0.017416000366210938 -0.0035979999229311943
v 0.018024999648332592 0.01714400015771389 -0.0035979999229311943
v 0.011672999709844587 0.02084900066256523 -0.0035979999229311943
v 0.011807999573647974 0.02104100026190281 -0.003481999970972538
v 0.012047000229358671 0.021378999575972557 -0.0031640001107007265
v 0.01223000045865774 0.02163900062441826 -0.002749999985098839
v 0.012296999804675577 0.021733000874519348 -0.002515000058338046
v 0.010765000246465204 0.02168699912726879 -0.0035979999229311943
v 0.009921000339090822 0.025126000866293907 -0.003481999970972538
v 0.010332999750971792 0.025087999179959297 -0.0031640001107007265
v 0.010375999845564364 0.024021999910473824 -0.0031640001107007265
v 0.010803000070154665 0.02409599907696247 -0.002515000058338046
v 0.011087000370025633 0.02318600006401539 -0.002515000058338046
v 0.011595999822020529 0.022379999980330467 -0.002515000058338046
v 0.010765000246465204 0.0250489991158247 -0.002515000058338046
v 0.01064999960362911 0.02505899965763092 -0.002749999985098839
v 0.010692999698221682 0.023003999143838882 -0.0031640001107007265
v 0.011262999847531317 0.022102000191807747 -0.0031640001107007265
v 0.009686999954283236 0.025147000327706337 -0.0035979999229311943
v 0.009736999869346617 0.02391199953854084 -0.0035979999229311943
v 0.010103999637067316 0.022732000797986984 -0.0035979999229311943
v 0.01148100011050701 0.03295699879527092 -0.002524999901652336
v 0.011370000429451464 0.03296700119972229 -0.002749999985098839
v 0.010641000233590601 0.03303400054574013 -0.003481999970972538
v 0.010146999731659887 0.03307899832725525 -0.0036849998869001865
v -0.02764399908483028 -0.020903000608086586 -0.0035929998848587275
v -0.020439999178051945 -0.017562000080943108 -0.0035979999229311943
v -0.02755000069737434 -0.021105000749230385 -0.003481999970972538
v -0.020341999828815457 -0.017774000763893127 -0.003481999970972538
v -0.027371000498533245 -0.02149200066924095 -0.003152000019326806
v -0.020168000832200047 -0.018151000142097473 -0.0031640001107007265
v -0.027242999523878094 -0.021770000457763672 -0.002749999985098839
v -0.02003500051796436 -0.018439000472426414 -0.002749999985098839
v -0.027193000540137287 -0.021879000589251518 -0.002503999974578619
v -0.01998599991202354 -0.018543999642133713 -0.002515000058338046
v -0.01926000043749809 -0.017193999141454697 -0.0035979999229311943
v -0.01586000062525272 -0.018182000145316124 -0.003481999970972538
v -0.016099000349640843 -0.01852099969983101 -0.0031640001107007265
v -0.017043000087141987 -0.018024999648332596 -0.0031640001107007265
v -0.017193000763654705 -0.018432000651955605 -0.002515000058338046
v -0.01812300086021423 -0.01822200044989586 -0.002515000058338046
v -0.01907600089907646 -0.018261000514030457 -0.002515000058338046
v -0.016349000856280323 -0.01887499913573265 -0.002515000058338046
v -0.016281999647617337 -0.01878100074827671 -0.002749999985098839
v -0.018084000796079632 -0.01779099926352501 -0.0031640001107007265
v -0.019150000065565106 -0.017833000048995018 -0.0031640001107007265
v -0.01572499983012676 -0.017991000786423683 -0.0035979999229311943
v -0.01681900024414062 -0.017416000366210938 -0.0035979999229311943
v -0.018024999648332592 -0.01714400015771389 -0.0035979999229311943
v -0.012296999804675577 -0.021733000874519348 -0.002515000058338046
v -0.01223000045865774 -0.02163900062441826 -0.002749999985098839
v -0.012047000229358671 -0.021378999575972557 -0.0031640001107007265
v -0.011807999573647974 -0.02104100026190281 -0.003481999970972538
v -0.011672999709844587 -0.02084900066256523 -0.0035979999229311943
v -0.010765000246465204 -0.02168699912726879 -0.0035979999229311943
v -0.009921000339090822 -0.025126000866293907 -0.003481999970972538
v -0.010332999750971792 -0.025087999179959297 -0.0031640001107007265
v -0.010375999845564364 -0.024021999910473824 -0.0031640001107007265
v -0.010803000070154665 -0.02409599907696247 -0.002515000058338046
v -0.011087000370025633 -0.02318600006401539 -0.002515000058338046
v -0.011595999822020529 -0.022379999980330467 -0.002515000058338046
v -0.010765000246465204 -0.0250489991158247 -0.002515000058338046
v -0.01064999960362911 -0.02505899965763092 -0.002749999985098839
v -0.010692999698221682 -0.023003999143838882 -0.0031640001107007265
v -0.011262999847531317 -0.022102000191807747 -0.0031640001107007265
v -0.009686999954283236 -0.025147000327706337 -0.0035979999229311943
v -0.009736999869346617 -0.02391199953854084 -0.0035979999229311943
v -0.010103999637067316 -0.022732000797986984 -0.0035979999229311943
v -0.010565999895334242 -0.032218001782894135 -0.003481999970972538
v -0.010781000368297098 -0.03204299882054329 0.013249999843537807
v -0.010795000009238718 -0.032030001282691956 -0.003315000096336007
v -0.011282999999821184 -0.03129500150680542 0.013249999843537807
v -0.01122900005429983 -0.03142299875617027 -0.002749999985098839
v 0.005448000039905309 -0.03281800076365471 0.013249999843537807
v 0.0053719999268651 -0.032933998852968216 -0.002749999985098839
v 0.004819000139832496 -0.0334630012512207 0.013249999843537807
v 0.004836000036448239 -0.03345299884676933 -0.003315000096336007
v 0.0045770001597702495 -0.03359600156545639 -0.003481999970972538
v 0.004989000037312507 -0.026481999084353447 -0.0035979999229311943
v 0.005222000181674956 -0.026504000648856163 -0.003481999970972538
v 0.005634999834001063 -0.026541000232100487 -0.0031640001107007265
v 0.006066999863833188 -0.02658100053668022 -0.002515000058338046
v 0.005950999911874532 -0.026569999754428864 -0.002749999985098839
v 0.005260000005364417 -0.025276999920606613 -0.0035979999229311943
v 0.007815999910235403 -0.02282699942588806 -0.003481999970972538
v 0.007989999838173388 -0.02320300042629242 -0.0031640001107007265
v 0.007087999954819678 -0.02377299964427948 -0.0031640001107007265
v 0.007366000209003686 -0.024105999618768692 -0.002515000058338046
v 0.006719000171869992 -0.024806000292301178 -0.002515000058338046
v 0.006275999825447797 -0.02565000019967556 -0.002515000058338046
v 0.008171999827027319 -0.02359599992632866 -0.002515000058338046
v 0.008123000152409075 -0.02349100075662136 -0.002749999985098839
v 0.006364999804645776 -0.024555999785661697 -0.0031640001107007265
v 0.00586900021880865 -0.02550099976360798 -0.0031640001107007265
v 0.0077180000953376285 -0.022614000365138054 -0.0035979999229311943
v 0.006672999821603297 -0.023274000734090805 -0.0035979999229311943
v 0.0058349999599158755 -0.024181999266147614 -0.0035979999229311943
v 0.012218999676406382 -0.020533999428153038 -0.0035979999229311943
v 0.012316999956965445 -0.020747000351548195 -0.003481999970972538
v 0.01249099988490343 -0.021122999489307404 -0.0031640001107007265
v 0.012625000439584253 -0.021410999819636345 -0.002749999985098839
v 0.01267299987375736 -0.021516000851988792 -0.002515000058338046
v 0.013399000279605387 -0.020166000351309776 -0.0035979999229311943
v 0.01679899916052818 -0.02115499973297119 -0.003481999970972538
v 0.016559999436140057 -0.02149300090968609 -0.0031640001107007265
v 0.015615999698638914 -0.020997000858187675 -0.0031640001107007265
v 0.01546599995344877 -0.021403999999165535 -0.002515000058338046
v 0.014535999856889246 -0.021195000037550926 -0.002515000058338046
v 0.013582999818027018 -0.021232999861240387 -0.002515000058338046
v 0.016310000792145726 -0.02184700034558773 -0.002515000058338046
v 0.016377000138163563 -0.02175300009548664 -0.002749999985098839
v 0.014574999921023844 -0.02076300047338009 -0.0031640001107007265
v 0.013509999960660933 -0.020805999636650085 -0.0031640001107007265
v 0.01693399995565414 -0.020963000133633614 -0.0035979999229311943
v 0.015839999541640278 -0.020387999713420868 -0.0035979999229311943
v 0.014634000137448309 -0.020116999745368958 -0.0035979999229311943
v 0.022618999704718586 -0.025259999558329582 -0.003481999970972538
v 0.02236000075936317 -0.02535800077021122 0.013249999843537807
v 0.022340999916195866 -0.025364000350236893 -0.003315000096336007
v 0.021461000666022297 -0.025419000536203384 0.013249999843537807
v 0.02159900031983852 -0.025436000898480415 -0.002749999985098839
v 0.033185001462697976 0.006957999896258116 -0.003481999970972538
v 0.033140998333692544 0.006684999912977219 0.013249999843537807
v 0.033137001097202294 0.006666000001132488 -0.003315000096336007
v 0.032744001597166054 0.005876000039279461 0.013249999843537807
v 0.032827999442815774 0.005987000185996294 -0.002749999985098839
v 0.026621000841259953 0.004184000194072723 -0.0035979999229311943
v 0.027075000107288357 0.003200999926775694 -0.002515000058338046
v 0.027026999741792675 0.00330700003542006 -0.002749999985098839
v 0.026893999427556988 0.003594999900087714 -0.0031640001107007265
v 0.026720000430941578 0.003971000202000141 -0.003481999970972538
v 0.02412600070238113 0.00029399999766610563 -0.003481999970972538
v 0.023892000317573544 0.0003150000120513141 -0.0035979999229311943
v 0.02416400052607059 0.001521000056527555 -0.0035979999229311943
v 0.025992000475525853 0.0030249999836087227 -0.0031640001107007265
v 0.026270000264048573 0.0026920000091195107 -0.002515000058338046
v 0.025622999295592305 0.0019910000264644623 -0.002515000058338046
v 0.02518000081181526 0.0011470000026747584 -0.002515000058338046
v 0.024970000609755513 0.00021699999342672527 -0.002515000058338046
v 0.024855000898241993 0.0002280000044265762 -0.002749999985098839
v 0.025268999859690663 0.0022410000674426556 -0.0031640001107007265
v 0.02477299980819225 0.0012969999806955457 -0.0031640001107007265
v 0.024537999182939526 0.00025599999935366213 -0.0031640001107007265
v 0.025576999410986897 0.003524000057950616 -0.0035979999229311943
v 0.024738999083638188 0.0026149998884648085 -0.0035979999229311943
v 0.024521000683307644 -0.004720999859273434 -0.002515000058338046
v 0.024405999109148976 -0.0047109997831285 -0.002749999985098839
v 0.024088999256491658 -0.004681999795138836 -0.0031640001107007265
v 0.023677000775933262 -0.004643999971449375 -0.003481999970972538
v 0.023443000391125676 -0.004623000044375658 -0.0035979999229311943
v 0.025564000010490414 -0.008728999644517899 -0.003481999970972538
v 0.025428999215364453 -0.008921000175178051 -0.0035979999229311943
v 0.024520000442862507 -0.008082999847829342 -0.0035979999229311943
v 0.024132000282406803 -0.005747999995946884 -0.0031640001107007265
v 0.024559000506997105 -0.005673999898135662 -0.002515000058338046
v 0.024842999875545498 -0.006583999842405319 -0.002515000058338046
v 0.025351999327540394 -0.0073899999260902405 -0.002515000058338046
v 0.026053000241518017 -0.008036999963223934 -0.002515000058338046
v 0.02598600089550018 -0.008131000213325024 -0.002749999985098839
v 0.02444900013506412 -0.006765999831259251 -0.0031640001107007265
v 0.025018999353051182 -0.007666999939829111 -0.0031640001107007265
v 0.025802999734878537 -0.00839100033044815 -0.0031640001107007265
v 0.023491999134421345 -0.00585799990221858 -0.0035979999229311943
v 0.023860000073909756 -0.007038000039756298 -0.0035979999229311943
v 0.031145000830292698 -0.011691000312566757 0.013249999843537807
v 0.031207999214529988 -0.011814000084996223 -0.002749999985098839
v 0.03139000013470649 -0.012558000162243843 0.013249999843537807
v 0.0313890017569065 -0.012539000250399113 -0.003315000096336007
v 0.03138399869203567 -0.012834999710321426 -0.003481999970972538
v -0.027576999738812443 -0.022026000544428825 -0.0024590000975877047
v -0.0285899993032217 -0.020646000280976295 -0.0035979999229311943
v -0.029467999935150143 -0.021278999745845795 -0.002515000058338046
v -0.029293999075889584 -0.02151699922978878 -0.0024610001128166914
v -0.029115999117493626 -0.021025000140070915 -0.0031640001107007265
v -0.028792999684810635 -0.021462000906467438 -0.003063000040128827
v -0.02816499955952167 -0.021213000640273094 -0.0034620000515133142
v -0.027813000604510304 -0.021700000390410423 -0.003060000017285347
v -0.02852299995720386 -0.021835999563336372 -0.0027550000231713057
v -0.028341999277472493 -0.022086000069975853 -0.002294000005349517
v -0.029147999361157414 -0.02171899937093258 -0.002294000005349517
v -0.029050000011920925 -0.021855000406503677 -0.002044999971985817
v -0.030078999698162075 -0.01840999908745289 -0.0035979999229311943
v -0.030632000416517254 -0.018748000264167786 -0.0031640001107007265
v -0.03100199997425079 -0.018975000828504562 -0.002515000058338046
v 0.009867000393569468 0.03388899937272072 -0.003585000056773424
v 0.00985900033265352 0.033858999609947205 -0.0035979999229311943
v 0.007253000047057866 0.03451099991798401 -0.0035979999229311943
v 0.007476000115275382 0.03557100147008896 -0.002515000058338046
v 0.007385999895632266 0.03514600172638893 -0.0031640001107007265
v 0.009956999681890009 0.03419499844312668 -0.0034099998883903027
v 0.010040000081062315 0.03448199853301048 -0.0031640001107007265
v 0.010161000303924082 0.03489900007843971 -0.002515000058338046
v 0.01020000036805868 0.035029999911785126 -0.001998000079765916
v 0.01019500009715557 0.03501499816775322 -0.002102999947965145
v 0.010161999613046644 0.03490100055932999 -0.0025080000050365925
v 0.010568999685347078 0.03473199903964996 -0.0024999999441206455
v 0.010316999629139898 0.034908998757600784 -0.002351999981328845
v 0.011180000379681585 0.03376400098204613 -0.0028609998989850283
v 0.011022999882698057 0.033073000609874725 -0.003198999911546707
v 0.010414999909698961 0.033500999212265015 -0.0035570000763982534
v 0.01150199957191944 0.03353700041770935 -0.002366000087931752
v 0.011274999938905237 0.03423300012946129 -0.0020840000361204147
v 0.010848999954760073 0.03453399986028671 -0.0024999999441206455
v 0.010197999887168406 0.0344570018351078 -0.0031349998898804188
v 0.010714000090956686 0.0340920016169548 -0.0031349998898804188
v 0.011101000010967253 0.034356001764535904 -0.002351999981328845
v -0.013433000072836874 0.0337739996612072 -0.002515000058338046
v -0.001928000012412667 0.03629700094461441 -0.002515000058338046
v -0.001870000036433339 0.03521599993109703 -0.0035979999229311943
v -0.026389999315142628 0.024994999170303345 -0.002515000058338046
v -0.026074999943375584 0.02469700016081333 -0.0031640001107007265
v -0.02560400031507015 0.024250999093055725 -0.0035979999229311943
v -0.0019049999536946414 0.03586399927735329 -0.0031640001107007265
v -0.009407999925315378 0.033987000584602356 -0.0035979999229311943
v -0.01303299982100725 0.03276899829506874 -0.0035979999229311943
v -0.009580999612808226 0.034612998366355896 -0.0031640001107007265
v -0.01327299978584051 0.033371999859809875 -0.0031640001107007265
v -0.009696999564766882 0.035029999911785126 -0.002515000058338046
v -0.019781999289989468 0.029193999245762825 -0.0035979999229311943
v -0.022826999425888058 0.02687999978661537 -0.0035979999229311943
v -0.02014599926769733 0.02973099984228611 -0.0031640001107007265
v -0.02324699983000755 0.027374999597668648 -0.0031640001107007265
v -0.02039000019431114 0.030090000480413437 -0.002515000058338046
v -0.02352800033986568 0.027705999091267586 -0.002515000058338046
v -0.005847000051289796 0.03587400168180466 -0.002515000058338046
v -0.005776999983936547 0.035447001457214355 -0.0031640001107007265
v -0.0056730001233518115 0.03480599820613861 -0.0035979999229311943
v -0.0170109998434782 0.032120998948812485 -0.002515000058338046
v -0.016807999461889263 0.031738001853227615 -0.0031640001107007265
v -0.016504999250173565 0.031165000051259995 -0.0035979999229311943
v -0.02788400091230869 0.02347699925303459 -0.002188999904319644
v -0.036324001848697655 0.0013249999610707164 -0.002515000058338046
v -0.031433999538421624 0.015985000878572464 -0.0035979999229311943
v -0.034839998930692666 -0.010359999723732471 -0.002515000058338046
v -0.03442500159144401 -0.010235999710857868 -0.0031640001107007265
v -0.03380300104618072 -0.0100509999319911 -0.0035979999229311943
v -0.03201299905776977 0.016279000788927078 -0.0031640001107007265
v -0.0323989987373352 0.016475999727845192 -0.002515000058338046
v -0.03168899938464164 0.01803399994969368 -0.002142000012099743
v -0.03267199918627738 0.016269000247120857 -0.001829999964684248
v -0.03297999873757362 0.012488000094890594 -0.0035979999229311943
v -0.03413899987936019 0.008843000046908855 -0.0035979999229311943
v -0.0335870012640953 0.01271700020879507 -0.0031640001107007265
v -0.034766998142004006 0.009006000123918056 -0.0031640001107007265
v -0.03399299830198287 0.012870999984443188 -0.002515000058338046
v -0.0351869985461235 0.009114000014960766 -0.002515000058338046
v -0.03489499911665916 0.0050940001383423805 -0.0035979999229311943
v -0.03553799912333488 0.005187999922782183 -0.0031640001107007265
v -0.03596699982881545 0.005251000169664621 -0.002515000058338046
v -0.03524199873208999 0.0012860000133514404 -0.0035979999229311943
v -0.035890001803636544 0.0013089999556541443 -0.0031640001107007265
v -0.03469200059771537 -0.006331999786198139 -0.0035979999229311943
v -0.03533099964261054 -0.006448000203818083 -0.0031640001107007265
v -0.03575700148940086 -0.006525999866425991 -0.002515000058338046
v -0.03625300154089927 -0.002615999896079302 -0.002515000058338046
v -0.035820998251438134 -0.002584999892860651 -0.0031640001107007265
v -0.035174001008272164 -0.00253800000064075 -0.0035979999229311943
v 0.023870000615715977 -0.018213000148534775 -0.0048779998905956745
v 0.017082000151276585 -0.013624000363051891 -0.005276999901980162
v 0.017234999686479565 -0.013499000109732151 -0.005458999890834093
v 0.023940000683069226 -0.018112000077962875 -0.00496200006455183
v 0.023745000362396237 -0.018397999927401543 -0.004627999849617481
v 0.02373399958014488 -0.018415000289678574 -0.004594999831169844
v 0.023676000535488125 -0.01850700005888939 -0.004317000042647123
v 0.023664999753236767 -0.018530000001192093 -0.004108000081032515
v 0.017627999186515805 -0.013117000460624695 -0.005648000165820122
v 0.024036999791860577 -0.017971999943256378 -0.0050409999676048756
v 0.01745600067079067 -0.013295999728143215 -0.0056050000712275505
v 0.01730900071561336 -0.013434000313282013 -0.005520000122487545
v 0.024778999388217923 -0.018703000620007515 -0.005016000010073185
v 0.02456800080835819 -0.019003000110387802 -0.004650000017136335
v 0.027785999700427052 -0.021271999925374985 -0.004650000017136335
v 0.027997000142931935 -0.020973000675439835 -0.005016000010073185
v 0.02819399908185005 -0.021561000496149063 -0.004149999935179949
v 0.02819399908185005 -0.021561000496149063 0.013249999843537807
v 0.02870400063693523 -0.02147199958562851 -0.004149999935179949
v 0.02870400063693523 -0.02147199958562851 0.013249999843537807
v 0.028609000146389004 -0.02140600048005581 -0.0045830002054572105
v 0.027990000322461125 -0.02141599915921688 -0.0045830002054572105
v 0.028139000758528706 -0.021522000432014465 -0.004399999976158142
v 0.02834999933838844 -0.021222999319434166 -0.004900000058114529
v 0.028991999104619023 -0.021064000204205513 -0.004650000017136335
v 0.028692999854683873 -0.02085299976170063 -0.005016000010073185
v 0.029569000005722042 -0.020246999338269234 -0.004650000017136335
v 0.029270000755786892 -0.0200360007584095 -0.005016000010073185
v 0.02970599941909313 -0.019213000312447548 0.013249999843537807
v 0.02970599941909313 -0.019213000312447548 -0.004149999935179949
v 0.029846999794244763 -0.01957700029015541 0.013249999843537807
v 0.029846999794244763 -0.01957700029015541 -0.004149999935179949
v 0.029836999252438542 -0.01996699906885624 0.013249999843537807
v 0.029836999252438542 -0.01996699906885624 -0.004149999935179949
v 0.029549999162554737 -0.019102999940514565 -0.004480999894440174
v 0.029394000768661496 -0.01899299956858158 -0.004532999824732542
v 0.029665000736713406 -0.01918400079011917 -0.004341000225394964
v 0.02945899963378906 -0.019701000303030014 -0.00494999997317791
v 0.029735999181866642 -0.019896000623703003 -0.004612000193446875
v 0.029768999665975567 -0.019523000344634056 -0.004503999836742878
v 0.029557999223470684 -0.019372999668121338 -0.004761999938637018
v 0.029082000255584713 -0.01943499967455864 -0.005073999986052513
v 0.02914899960160255 -0.019339000806212425 -0.005016000010073185
v 0.029269000515341755 -0.019169999286532402 -0.004856999963521957
v 0.029360000044107434 -0.019039999693632126 -0.004650000017136335
v 0.025931999087333676 -0.017069000750780106 -0.005016000010073185
v 0.02614299952983856 -0.016769999638199806 -0.004650000017136335
v 0.0251650009304285 -0.016378000378608704 -0.0048779998905956745
v 0.01854000054299831 -0.011594000272452831 -0.005357999820262194
v 0.024994000792503353 -0.016614999622106552 -0.0050409999676048756
v 0.018340999260544773 -0.012067999690771103 -0.005628000013530254
v 0.02509300038218498 -0.01647699996829033 -0.00496200006455183
v 0.018462000414729115 -0.011800000444054604 -0.005520000122487545
v 0.018524000421166417 -0.011637999676167965 -0.005400999914854765
v 0.02539500035345554 -0.016078000888228416 -0.004108000081032515
v 0.025376999750733372 -0.016095999628305435 -0.004317000042647123
v 0.025309000164270398 -0.016181999817490578 -0.004594999831169844
v 0.025296999141573902 -0.01619799993932247 -0.004627999849617481
v -0.0038379998877644535 -0.02977900020778179 -0.0048779998905956745
v -0.0032579998951405282 -0.021606000140309334 -0.005276999901980162
v -0.0030730001162737604 -0.021674999967217445 -0.005458999890834093
v -0.003715000115334987 -0.029788000509142876 -0.00496200006455183
v -0.004060000181198119 -0.029763000085949898 -0.004627999849617481
v -0.004079999867826699 -0.02976199984550476 -0.004594999831169844
v -0.004188999999314546 -0.029758000746369362 -0.004317000042647123
v -0.004213999956846236 -0.029759999364614487 -0.004108000081032515
v -0.0025460000615566965 -0.021824000403285027 -0.005648000165820122
v -0.003545999992638826 -0.029802000150084496 -0.0050409999676048756
v -0.0027870000340044494 -0.021764999255537987 -0.0056050000712275505
v -0.002980000106617808 -0.021707000210881233 -0.005520000122487545
v -0.0036909999325871463 -0.03082199953496456 -0.005073999986052513
v -0.00423000007867813 -0.030773000791668892 -0.004532999824732542
v -0.004172999877482652 -0.030778000131249428 -0.004650000017136335
v -0.004013999830931424 -0.030791999772191048 -0.004856999963521957
v -0.003807999892160296 -0.030811000615358353 -0.005016000010073185
v -0.004557000007480382 -0.034696999937295914 -0.004598999861627817
v -0.004530000034719705 -0.03469900041818619 -0.004650000017136335
v -0.004164999816566705 -0.03473199903964996 -0.005016000010073185
v -0.004652999807149171 -0.034942999482154846 -0.004149999935179949
v -0.004575000144541263 -0.035197000950574875 0.013249999843537807
v -0.004575000144541263 -0.035197000950574875 -0.004149999935179949
v -0.004244000185281037 -0.03559499979019165 -0.004149999935179949
v -0.004244000185281037 -0.03559499979019165 0.013249999843537807
v -0.0044709998182952395 -0.035339999943971634 -0.004342000000178814
v -0.00436299992725253 -0.03514799848198891 -0.004765000194311142
v -0.00435600010678172 -0.03542099893093109 -0.004482999909669161
v -0.004199000075459479 -0.03553200140595436 -0.004534999839961529
v -0.004042000044137239 -0.03564300015568733 -0.004482999909669161
v -0.0037459998857229944 -0.03564000129699707 -0.004650000017136335
v -0.003781999927014112 -0.03555800020694733 -0.004765000194311142
v -0.003712000092491507 -0.03527599945664406 -0.005016000010073185
v -0.0037539999466389413 -0.03572700172662735 -0.00445100013166666
v -0.003926999866962432 -0.03572399914264679 -0.004342000000178814
v -0.004575999919325112 -0.03499799966812134 -0.004505000077188015
v -0.004073000047355889 -0.035353001207113266 -0.004860000219196081
v -0.003884000005200505 -0.03508500009775162 -0.00507699977606535
v -0.004261999856680631 -0.034818001091480255 -0.004951999988406897
v -0.002760000061243772 -0.03583899885416031 -0.004373000003397465
v -0.0027499999850988384 -0.0357309989631176 -0.004650000017136335
v -0.0027369998861104246 -0.03558899834752083 -0.004840000066906214
v -0.002726000035181641 -0.035475000739097595 -0.0049430001527071
v -0.002716999966651201 -0.0353659987449646 -0.005016000010073185
v -0.002699000062420964 -0.03517000004649162 -0.005102999974042177
v -0.001785999978892505 -0.035333000123500824 0.013249999843537807
v -0.0017839999636635182 -0.035328999161720276 -0.004149999935179949
v -0.002031000098213553 -0.03563699871301651 0.013249999843537807
v -0.002031000098213553 -0.03563699871301651 -0.004149999935179949
v -0.002373999916017055 -0.035822998732328415 0.013249999843537807
v -0.0023779999464750286 -0.0358240008354187 -0.004149999935179949
v -0.0018459999701008198 -0.03528499975800514 -0.004530999809503555
v -0.0021730000153183933 -0.03491400182247162 -0.005016000010073185
v -0.0022889999672770496 -0.03497299924492836 -0.005067999940365553
v -0.001924999989569187 -0.034935999661684036 -0.004811999853700399
v -0.002023000037297606 -0.03516000136733055 -0.004854000173509121
v -0.0018090000376105306 -0.034947000443935394 -0.004650000017136335
v -0.001735999947413802 -0.03495299816131592 -0.0044929999858140945
v -0.002522999886423349 -0.03528900071978569 -0.005044999998062849
v -0.0022650000173598524 -0.035471998155117035 -0.00483600003644824
v -0.0025700000114738937 -0.03568900004029274 -0.004712000023573637
v -0.0024280000943690534 -0.03578900173306465 -0.004453999921679497
v -0.0020920000970363613 -0.03559400141239166 -0.004521999973803759
v -0.0018159999744966624 -0.030991999432444572 -0.005016000010073185
v -0.0014519999967887995 -0.031026000156998634 -0.004650000017136335
v -0.0007769999792799353 -0.021855000406503677 -0.005365000106394291
v -0.0007699999841861426 -0.021852999925613403 -0.005357999820262194
v -0.0013790000230073927 -0.030006999149918556 -0.004627999849617481
v -0.001358999987132847 -0.030009999871253967 -0.004594999831169844
v -0.0016009999671950934 -0.029982000589370728 -0.0048779998905956745
v -0.00172299996484071 -0.029969999566674232 -0.00496200006455183
v -0.0008169999928213655 -0.021862000226974487 -0.005400999914854765
v -0.0018919999711215494 -0.0299529992043972 -0.0050409999676048756
v -0.001107000047340989 -0.021902000531554222 -0.005576999858021736
v -0.0012270000297576187 -0.030031999573111534 -0.004108000081032515
v -0.0012519999872893093 -0.030024999752640724 -0.004317000042647123
v -0.0013020000187680123 -0.030016999691724777 -0.004476999863982201
v 0.0042719999328255645 0.03590900078415871 -0.004540000110864639
v 0.0032579998951405282 0.021606000140309334 -0.005276999901980162
v 0.004633999895304441 0.03585100173950195 -0.004174999892711639
v 0.0044769998639822 0.03587900102138519 -0.004381000064313412
v 0.0031810000073164697 0.021635999903082848 -0.005365000106394291
v 0.0030730001162737604 0.021674999967217445 -0.005458999890834093
v 0.0028649999294430013 0.021741999313235283 -0.005576999858021736
v 0.004335000179708003 0.036600999534130096 -0.004515999928116798
v 0.004699999932199716 0.03656800091266632 -0.004149999935179949
v 0.004786999896168708 0.03721899911761284 -0.004098999779671431
v 0.004759000148624181 0.0372220017015934 -0.004149999935179949
v 0.004395000170916318 0.037255000323057175 -0.004515999928116798
v 0.004155999980866908 0.038247000426054 -0.0038419999182224274
v 0.004271000158041715 0.03816499933600426 -0.003982999827712774
v 0.004428999964147805 0.038054998964071274 -0.0040350002236664295
v 0.004585999995470046 0.0379440002143383 -0.003982999827712774
v 0.003942000214010476 0.03779799863696098 -0.004515999928116798
v 0.004112999886274337 0.03760800138115883 -0.00457700015977025
v 0.004492000211030244 0.03734099864959717 -0.00445199990645051
v 0.004805000033229589 0.03752100095152855 -0.004004999995231628
v 0.004592999815940856 0.03767099976539612 -0.004265000112354755
v 0.003975000232458114 0.03816299885511398 -0.004149999935179949
v 0.0040119998157024375 0.03807999938726425 -0.004265000112354755
v 0.004302000161260366 0.03787500038743019 -0.004360000137239695
v 0.004701000172644853 0.03786199912428856 -0.0038419999182224274
v 0.003982999827712773 0.03824999928474426 -0.003951000049710274
v 0.0019140000222250817 0.03609799966216087 -0.004174999892711639
v 0.0007699999841861426 0.021852999925613403 -0.005357999820262194
v 0.0007769999792799353 0.021855000406503677 -0.005365000106394291
v 0.0020729999523609872 0.03609799966216087 -0.004381000064313412
v 0.0008169999928213655 0.021862000226974487 -0.005400999914854765
v 0.0022799998987466093 0.036090001463890076 -0.004540000110864639
v 0.001107000047340989 0.021902000531554222 -0.005576999858021736
v 0.002946000080555677 0.03788900002837181 -0.004515999928116798
v 0.0029279999434947963 0.037693001329898834 -0.004602999892085791
v 0.002955999923869967 0.03799799829721451 -0.004443000070750713
v 0.0029660000000149007 0.03811199963092804 -0.004339999984949827
v 0.0029790000990033145 0.038252998143434525 -0.004149999935179949
v 0.0029889999423176046 0.03836200013756752 -0.003872999921441078
v 0.0019789999350905414 0.03681600093841553 -0.004149999935179949
v 0.0023429999127984043 0.036782000213861465 -0.004515999928116798
v 0.002798999892547726 0.03821200132369995 -0.0042119999416172504
v 0.0025180000811815258 0.037494998425245285 -0.004567999858409166
v 0.0027530000079423185 0.0378119982779026 -0.0045449999161064625
v 0.002402999904006719 0.037436001002788544 -0.004515999928116798
v 0.002037999918684363 0.03746899962425232 -0.004149999935179949
v 0.001965000061318278 0.03747599944472313 -0.003992999903857708
v 0.0020759999752044673 0.037808001041412354 -0.004031000193208456
v 0.002493999898433685 0.03799400106072426 -0.004335999954491854
v 0.002154000103473663 0.03745900094509125 -0.004311999771744013
v 0.002252999925985932 0.037682000547647476 -0.004354000091552734
v 0.0023209999781101938 0.03811600059270859 -0.004021999891847372
v 0.0026579999830573793 0.038311999291181564 -0.00395399983972311
v 0.026786999776959416 0.011048000305891037 -0.004875000100582838
v 0.020339999347925183 0.007980999536812305 -0.005276999901980162
v 0.020307999104261395 0.008177000097930431 -0.005458999890834093
v 0.026709999889135357 0.011239999905228615 -0.005034000147134066
v 0.02684099972248077 0.010897000320255756 -0.004668999928981066
v 0.0268580000847578 0.010840999893844128 -0.00455200020223856
v 0.020287999883294102 0.00827299989759922 -0.005520000122487545
v 0.020241999998688694 0.008469000458717346 -0.0056050000712275505
v 0.02666400000452995 0.011347999796271324 -0.005092000123113394
v 0.02787699922919273 0.011229000054299831 -0.004184999968856573
v 0.027863999828696247 0.011250000447034836 -0.004370000213384628
v 0.027839999645948407 0.011295000091195107 -0.004532999824732542
v 0.027806000784039494 0.011362999677658081 -0.004679999779909849
v 0.027707999572157856 0.011563999578356743 -0.0049310000613331795
v 0.027582999318838116 0.011830000206828117 -0.0050940001383423805
v 0.032111998647451394 0.01386599987745285 -0.005073999986052513
v 0.03224800154566764 0.013570999726653099 -0.004856999963521957
v 0.0322670005261898 0.013531000353395939 -0.004809999838471413
v 0.03233899921178817 0.01337399985641241 -0.004532999824732542
v 0.03234599903225898 0.013358999975025654 -0.004490000195801258
v 0.03268399834632873 0.013531000353395939 -0.004149999935179949
v 0.032768998295068734 0.013636999763548374 0.013249999843537807
v 0.032768998295068734 0.013636999763548374 -0.004149999935179949
v 0.032889999449253075 0.013868000358343124 -0.004149999935179949
v 0.03294799849390983 0.014121999964118004 0.013249999843537807
v 0.03295100107789039 0.014258000068366528 -0.004149999935179949
v 0.03294799849390983 0.014121999964118004 -0.004149999935179949
v 0.032657001167535775 0.014032999984920025 -0.00483600003644824
v 0.03244400024414062 0.01370100025087595 -0.004854000173509121
v 0.032177999615669244 0.013887999579310417 -0.005067999940365553
v 0.03290100023150443 0.014293000102043152 -0.004453999921679497
v 0.03283699974417686 0.01462200004607439 -0.004373000003397465
v 0.03250499814748763 0.014468999579548836 -0.0049430001527071
v 0.03239800035953521 0.014214999973773956 -0.005044999998062849
v 0.03240599855780601 0.014422999694943428 -0.005016000010073185
v 0.03222699835896491 0.014340000227093697 -0.005102999974042177
v 0.03262099996209144 0.013574999757111073 -0.004530999809503555
v 0.03282999992370605 0.013911000452935696 -0.004521999973803759
v 0.03276000171899795 0.014392999932169914 -0.004712000023573637
v 0.03260900080204009 0.014516999945044518 -0.004840000066906214
v 0.03273800015449523 0.014576000161468983 -0.004650000017136335
v 0.03239800035953521 0.015521000139415264 -0.00445100013166666
v 0.03231900185346603 0.015483999624848366 -0.004650000017136335
v 0.031985998153686516 0.015331000089645386 -0.005016000010073185
v 0.0313579998910427 0.01610499992966652 -0.004149999935179949
v 0.03149199858307838 0.016119999811053276 0.013249999843537807
v 0.03149199858307838 0.016119999811053276 -0.004149999935179949
v 0.031750001013278954 0.016096999868750572 -0.004149999935179949
v 0.03187799826264381 0.01605900004506111 0.013249999843537807
v 0.03187799826264381 0.01605900004506111 -0.004149999935179949
v 0.03210899978876113 0.01593800075352192 -0.004149999935179949
v 0.03221099823713302 0.015855999663472176 0.013249999843537807
v 0.03221099823713302 0.015855999663472176 -0.004149999935179949
v 0.0322280004620552 0.01549100037664175 -0.004765000194311142
v 0.03116899915039539 0.01590700075030327 -0.004650000017136335
v 0.031371001154184334 0.01569500006735325 -0.004951999988406897
v 0.03132300078868865 0.015575000084936619 -0.005016000010073185
v 0.03115800023078918 0.015931999310851097 -0.004598999861627817
v 0.03143500164151191 0.016050999984145164 -0.004505000077188015
v 0.03174899891018867 0.015428000129759312 -0.00507699977606535
v 0.03193800151348113 0.015696000307798386 -0.004860000219196081
v 0.03222199901938438 0.01576399989426136 -0.004482999909669161
v 0.03164799883961677 0.015900999307632446 -0.004765000194311142
v 0.03190699964761733 0.015985999256372452 -0.004482999909669161
v 0.031791999936103814 0.01606700010597706 -0.004342000000178814
v 0.032336998730897897 0.015683000907301903 -0.004342000000178814
v 0.03206399828195571 0.01587500050663948 -0.004534999839961529
v 0.02661900036036968 0.013950999826192856 -0.004184999968856573
v 0.02662600018084049 0.013929000124335289 -0.004370000213384628
v 0.02666799910366535 0.013826999813318253 -0.004650000017136335
v 0.026675000786781308 0.013810000382363796 -0.004679999779909849
v 0.02676500007510185 0.013605999760329723 -0.0049310000613331795
v 0.026815999299287793 0.013492000289261341 -0.005016000010073185
v 0.02688599936664104 0.01333799958229065 -0.0050940001383423805
v 0.025694999843835827 0.013376999646425247 -0.004668999928981066
v 0.019310999661684033 0.010259999893605709 -0.005357999820262194
v 0.02587099932134151 0.013055999763309956 -0.005034000147134066
v 0.019621999934315678 0.009848999790847301 -0.005628000013530254
v 0.019449999555945393 0.010088999755680561 -0.005520000122487545
v 0.019340999424457547 0.010223000310361385 -0.005400999914854765
v -0.032219000160694115 -0.016392000019550323 -0.004174999892711639
v -0.019310999661684033 -0.010259999893605709 -0.005357999820262194
v -0.03239500150084495 -0.01607000082731247 -0.004540000110864639
v -0.019621999934315678 -0.009848999790847301 -0.005628000013530254
v -0.019449999555945393 -0.010088999755680561 -0.005520000122487545
v -0.019340999424457547 -0.010223000310361385 -0.005400999914854765
v -0.032873000949621194 -0.016693999990820885 -0.004149999935179949
v -0.033025998622179024 -0.01636200025677681 -0.004515999928116798
v -0.03362200036644935 -0.01663699932396412 -0.004515999928116798
v -0.03346899896860122 -0.01696999929845333 -0.004149999935179949
v -0.033456999808549874 -0.01699499972164631 -0.004098999779671431
v -0.034363999962806695 -0.016938000917434692 -0.0040350002236664295
v -0.034207001328468316 -0.017047999426722527 -0.003982999827712774
v -0.034520998597145074 -0.016827000305056572 -0.003982999827712774
v -0.03463599830865859 -0.01674499921500683 -0.0038419999182224274
v -0.033734999597072594 -0.01711300015449524 -0.004004999995231628
v -0.03423799946904182 -0.01675800047814846 -0.004360000137239695
v -0.03367000073194503 -0.01675800047814846 -0.00445199990645051
v -0.033946998417377465 -0.01696299947798252 -0.004265000112354755
v -0.0342859998345375 -0.01639300025999546 -0.004515999928116798
v -0.03404900059103965 -0.01649099960923195 -0.00457700015977025
v -0.034092001616954797 -0.01713000051677227 -0.0038419999182224274
v -0.034527998417615884 -0.016553999856114388 -0.004265000112354755
v -0.034697998315095895 -0.016582999378442764 -0.003951000049710274
v -0.03461800143122672 -0.016547000035643578 -0.004149999935179949
v -0.03336500003933906 -0.013911999762058258 -0.004174999892711639
v -0.020287999883294102 -0.00827299989759922 -0.005520000122487545
v -0.033234000205993645 -0.014255000278353691 -0.004540000110864639
v -0.020307999104261395 -0.008177000097930431 -0.005458999890834093
v -0.020339999347925183 -0.007980999536812305 -0.005276999901980162
v -0.020173000171780583 -0.008706999942660332 -0.005648000165820122
v -0.020241999998688694 -0.008469000458717346 -0.0056050000712275505
v -0.034527000039815896 -0.015402999706566334 -0.004602999892085791
v -0.034705001860857 -0.015484999865293503 -0.004515999928116798
v -0.034804999828338616 -0.01553099974989891 -0.004443000070750713
v -0.03490800037980079 -0.015579000115394592 -0.004339999984949827
v -0.035135999321937554 -0.01568399928510189 -0.003872999921441078
v -0.035038001835346215 -0.01563899964094162 -0.004149999935179949
v -0.03386500105261802 -0.014546000398695469 -0.004515999928116798
v -0.03401900082826614 -0.01421399973332882 -0.004149999935179949
v -0.035059001296758645 -0.015455000102519989 -0.0042119999416172504
v -0.03469699993729591 -0.015278000384569168 -0.0045449999161064625
v -0.034478001296520226 -0.014949999749660492 -0.004567999858409166
v -0.034460999071598046 -0.014821999706327915 -0.004515999928116798
v -0.034742999821901314 -0.014763000421226025 -0.004354000091552734
v -0.034566000103950494 -0.014595000073313713 -0.004311999771744013
v -0.03461499884724616 -0.014488999731838703 -0.004149999935179949
v -0.03492100164294242 -0.014638000167906284 -0.004031000193208456
v -0.03464499861001968 -0.014422999694943428 -0.003992999903857708
v -0.03520099818706512 -0.015355999581515789 -0.00395399983972311
v -0.03495600074529647 -0.0150950001552701 -0.004335999954491854
v -0.035128999501466744 -0.014972999691963196 -0.004021999891847372
v -0.02888800017535686 0.02160000056028366 -0.004546999931335449
v -0.028950000181794163 0.022050000727176666 -0.004215999972075224
v -0.017234999686479565 0.013499000109732151 -0.005458999890834093
v -0.028955999761819836 0.022096000611782074 -0.004157999996095896
v -0.017082000151276585 0.013624000363051891 -0.005276999901980162
v -0.02896500006318092 0.02220899984240532 -0.003957999870181084
v -0.01745600067079067 0.013295999728143215 -0.0056050000712275505
v -0.01730900071561336 0.013434000313282013 -0.005520000122487545
v -0.028883000835776326 0.0215620007365942 -0.00456500006839633
v -0.030531000345945355 0.019865000620484352 -0.004155999980866909
v -0.030639000236988064 0.019836999475955963 -0.003957999870181084
v -0.03004200011491775 0.019967999309301376 -0.0045460001565515995
v -0.018340999260544773 0.012067999690771103 -0.005628000013530254
v -0.018462000414729115 0.011800000444054604 -0.005520000122487545
v -0.030479000881314274 0.019876999780535698 -0.004220999777317047
v -0.018524000421166417 0.011637999676167965 -0.005400999914854765
v -0.01854000054299831 0.011594000272452831 -0.005357999820262194
v -0.019765999168157574 0.03530000150203705 0.009658999741077423
v -0.01970800012350082 0.035381998866796494 0.007451000157743692
v -0.020058000460267063 0.03488599881529808 0.005313999950885773
v -0.039942998439073556 0.006697000004351139 0.009049000218510628
v -0.03959299996495246 0.007193999830633402 0.01118599995970726
v -0.03881800174713134 0.008293000049889088 0.013255000114440918
v -0.0377030000090599 0.009872999973595142 0.015022000297904015
v -0.03602600097656249 0.012250999920070171 0.016704000532627106
v -0.0340219996869564 0.015092000365257263 0.017931999638676643
v -0.03161900117993354 0.018497999757528305 0.018688999116420746
v -0.02083400078117847 0.033785998821258545 0.0032450000289827585
v -0.021948000416159626 0.032207001000642776 0.0014779999619349837
v -0.02362599968910217 0.0298289991915226 -0.00020399999630171806
v -0.025629999116063115 0.02698799967765808 -0.0014319999609142542
v -0.02803299948573112 0.023581000044941902 -0.002188999904319644
v -0.029281999915838238 0.021810999140143394 0.018835000693798065
v -0.026634000241756436 0.025564000010490417 0.018330000340938568
v -0.024209000170230862 0.029001999646425247 0.017131000757217407
v -0.022330999374389645 0.031665001064538956 0.015479999594390392
v -0.021073000505566594 0.03344700112938881 0.01370800007134676
v -0.020206000655889508 0.03467699885368347 0.011695999652147293
v -0.030370000749826428 0.020268000662326813 -0.0023350000847131014
v -0.03301800042390823 0.01651499979197979 -0.001829999964684248
v -0.035441998392343514 0.013078000396490097 -0.0006309999735094607
v -0.03732100129127502 0.010414999909698963 0.001019999966956675
v -0.03857799991965293 0.008631999604403973 0.0027920000720769167
v -0.03944500163197517 0.007402999792248011 0.0048039997927844524
v -0.0398849993944168 0.006779999937862158 0.00684100016951561
v -0.02755000069737434 -0.021105000749230385 0.01924999989569187
v -0.02878100052475929 -0.02078299969434738 0.01924999989569187
v -0.02843699976801872 -0.02108200080692768 0.01924999989569187
v -0.027995999902486798 -0.0211970005184412 0.01924999989569187
v 0.010641000233590601 0.03303400054574013 0.01924999989569187
v 0.010577999986708162 0.03348499909043312 0.01924999989569187
v 0.0073170000687241546 0.034738000482320786 0.01924999989569187
v 0.009924000129103659 0.034085001796483994 0.01924999989569187
v 0.010320999659597872 0.03386100009083748 0.01924999989569187
v -0.030270000919699665 -0.018546000123023987 0.01924999989569187
v -0.02734100073575973 -0.02155900001525879 0.019115999341011047
v -0.027254000306129452 -0.021747000515460968 0.018957000225782394
v -0.027186999097466465 -0.021890999749302864 0.01875000074505806
v -0.028009999543428418 -0.021696999669075012 0.019115999341011047
v -0.0280189998447895 -0.02206300012767315 0.01875000074505806
v -0.02866999991238117 -0.02152400091290474 0.019115999341011047
v -0.028841000050306317 -0.021848000586032867 0.01875000074505806
v -0.029185999184846875 -0.02107599936425686 0.019115999341011047
v -0.0294829998165369 -0.021290000528097153 0.01875000074505806
v -0.0310089997947216 -0.018998000770807266 0.01875000074505806
v -0.030696999281644818 -0.018806999549269676 0.019115999341011047
v 0.011502999812364577 0.032954998314380646 0.01875000074505806
v 0.011138999834656714 0.03298800066113472 0.019115999341011047
v 0.010064000263810156 0.03456500172615051 0.019115999341011047
v 0.010658999904990194 0.03422899916768074 0.019115999341011047
v 0.010165999643504618 0.034915998578071594 0.01875000074505806
v 0.010906999930739401 0.03449900075793266 0.01875000074505806
v 0.011044000275433062 0.0336650013923645 0.019115999341011047
v 0.01138500031083822 0.0337969996035099 0.01875000074505806
v 0.007420000154525041 0.03522700071334839 0.019115999341011047
v 0.0074950000271201125 0.03558500111103058 0.01875000074505806
v -0.015046999789774416 -0.017062999308109283 0.0062500000931322575
v -0.01102699991315603 -0.019898999482393265 0.0062500000931322575
v -0.006492000073194503 -0.021803999319672585 0.0062500000931322575
v -0.0016530000139027832 -0.022690000012516975 0.0062500000931322575
v 0.0032639999408274885 -0.02251500077545643 0.0062500000931322575
v 0.008027000352740286 -0.02128699980676174 0.0062500000931322575
v 0.01241599954664707 -0.01906299963593483 0.0062500000931322575
v 0.016224000602960583 -0.015948999673128128 0.0062500000931322575
v 0.019272999837994572 -0.01208799984306097 0.0062500000931322575
v 0.021421000361442562 -0.007662000134587288 0.0062500000931322575
v 0.022567000240087506 -0.0028780000284314156 0.0062500000931322575
v 0.022657999768853184 0.00203999993391335 0.0062500000931322575
v 0.0216899998486042 0.006862999871373177 0.0062500000931322575
v 0.01970800012350082 0.011366000398993492 0.0062500000931322575
v 0.016804000362753865 0.015336000360548496 0.0062500000931322575
v 0.013113999739289282 0.01858999952673912 0.0062500000931322575
v 0.008810999803245066 0.02097499929368496 0.0062500000931322575
v 0.004095999989658593 0.022377999499440193 0.0062500000931322575
v -0.0008099999977275728 0.022735999897122383 0.0062500000931322575
v -0.005679000169038772 0.022029999643564224 0.0062500000931322575
v -0.010281999595463274 0.02029399946331978 0.0062500000931322575
v -0.014403999783098696 0.017609000205993652 0.0062500000931322575
v -0.017852999269962307 0.014100999571383 0.0062500000931322575
v -0.020467000082135197 0.009933999739587307 0.0062500000931322575
v -0.02212399989366531 0.005301999859511852 0.0062500000931322575
v -0.0227460004389286 0.0004220000118948519 0.0062500000931322575
v -0.02230500057339668 -0.004478000104427338 0.0062500000931322575
v -0.02082099951803684 -0.00916799996048212 0.0062500000931322575
v -0.01836300082504749 -0.01343000028282404 0.0062500000931322575
v -0.012657999992370604 0.0061039999127388 -0.005642999894917011
v -0.012651000171899794 0.006171999964863062 -0.005683000199496746
v -0.0076660001650452605 0.0026539999525994062 -0.005683000199496746
v -0.01262299995869398 0.006451999768614769 -0.005750000011175871
v -0.012640999630093573 0.006262999959290028 -0.005721000023186207
v -0.007770999800413846 0.0025049999821931124 -0.005499999970197678
v -0.01267999969422817 0.005913999862968922 -0.005400999914854765
v -0.012674000114202498 0.005963999778032303 -0.005499999970197678
v -0.012671000324189661 0.005987999960780144 -0.005534000229090452
v -0.012772999703884123 0.006120999809354544 -0.005683000199496746
v -0.012707999907433985 0.005950000137090683 -0.005499999970197678
v -0.013705999590456484 0.005878999829292297 -0.005683000199496746
v -0.014669000171124933 0.005853999871760607 -0.005683000199496746
v -0.015612999908626078 0.006045000161975622 -0.005683000199496746
v -0.01648899912834167 0.006444999948143959 -0.005683000199496746
v -0.017253000289201733 0.007031000219285488 -0.005683000199496746
v -0.01786600053310394 0.0077749998308718204 -0.005683000199496746
v -0.018294999375939366 0.008636999875307083 -0.005683000199496746
v -0.01851899921894073 0.009573999792337418 -0.005683000199496746
v -0.018528999760746952 0.010509000159800053 -0.005683000199496746
v -0.0183349996805191 0.011423000134527683 -0.005683000199496746
v -0.013679999858140944 0.005698000080883503 -0.005499999970197678
v -0.014685000292956827 0.005671000108122826 -0.005499999970197678
v -0.01566899940371513 0.00587099976837635 -0.005499999970197678
v -0.016583999618887898 0.006287999916821718 -0.005499999970197678
v -0.017380999401211735 0.006899999920278788 -0.005499999970197678
v -0.01801900006830692 0.007675000000745058 -0.005499999970197678
v -0.01846699975430965 0.008574999868869781 -0.005499999970197678
v -0.018701000139117237 0.00955200009047985 -0.005499999970197678
v -0.01871100068092346 0.010526999831199646 -0.005499999970197678
v -0.018508000299334523 0.011481000110507011 -0.005499999970197678
v -0.008019000291824339 -0.001227000029757619 -0.005683000199496746
v -0.00726999994367361 -0.000666000007186085 -0.005683000199496746
v -0.008096000179648398 -0.0010610000463202596 -0.005499999970197678
v -0.00740800006315112 -0.0005460000247694552 -0.005499999970197678
v -0.006988000124692916 0.00020399999630171806 -0.005499999970197678
v -0.00691099977120757 0.0010600000387057662 -0.005499999970197678
v -0.007187999784946441 0.0018739999504759908 -0.005499999970197678
v -0.0068140001967549315 0.0001500000071246177 -0.005683000199496746
v -0.006728999782353639 0.0010819999733939767 -0.005683000199496746
v -0.00702999997884035 0.0019680000841617584 -0.005683000199496746
v -0.018162000924348828 0.012211999855935574 -0.005704000126570463
v -0.01824500039219856 0.012047000229358673 -0.005694999825209379
v -0.018445000052452084 0.01158200018107891 -0.0055599999614059925
v -0.018271999433636662 0.01155999954789877 -0.00570000009611249
v -0.018420999869704243 0.011629999615252018 -0.005582999903708696
v -0.018253000453114506 0.011617000214755535 -0.00570600014179945
v -0.018136000260710713 0.012023000046610832 -0.005735999904572964
v -0.018073000013828274 0.012160999700427055 -0.0057379999198019505
v -0.013539999723434447 -0.0035280000884085894 -0.005400999914854765
v -0.013543000444769858 -0.0035780000034719706 -0.005499999970197678
v -0.01354399975389242 -0.003601999953389168 -0.005534000229090452
v -0.013551999814808367 -0.0037189999129623175 -0.005642999894917011
v -0.013580000028014181 -0.00406700000166893 -0.005750000011175871
v -0.013563999906182287 -0.003877999959513545 -0.005721000023186207
v -0.013557000085711477 -0.003785999957472086 -0.005683000199496746
v -0.017596000805497166 0.0129380002617836 -0.005723999813199043
v -0.017558999359607693 0.012981000356376171 -0.005723999813199043
v -0.014484000392258166 -0.0031349998898804188 -0.005499999970197678
v -0.014542000368237494 -0.003309000050649047 -0.005683000199496746
v -0.015484999865293501 -0.003108999924734235 -0.005683000199496746
v -0.01644800044596195 -0.003128000069409609 -0.005683000199496746
v -0.017381999641656872 -0.003361999988555908 -0.005683000199496746
v -0.018239000812172886 -0.0038010000716894865 -0.005683000199496746
v -0.018975999206304547 -0.004422000143676996 -0.005683000199496746
v -0.019554000347852703 -0.005193000193685293 -0.005683000199496746
v -0.019943000748753544 -0.006074000149965286 -0.005683000199496746
v -0.02012199908494949 -0.00699200015515089 -0.005683000199496746
v -0.020096000283956524 -0.007926000282168388 -0.005683000199496746
v -0.015467000193893908 -0.0029269999358803034 -0.005499999970197678
v -0.01647200062870979 -0.0029460000805556774 -0.005499999970197678
v -0.017446000128984448 -0.003191000083461404 -0.005499999970197678
v -0.018340999260544773 -0.0036490000784397125 -0.005499999970197678
v -0.019108999520540234 -0.004296999890357256 -0.005499999970197678
v -0.01971199922263622 -0.0051009999588131905 -0.005499999970197678
v -0.02011799998581409 -0.006020000204443932 -0.005499999970197678
v -0.020304000005125996 -0.006976000033318996 -0.005499999970197678
v -0.020276999101042744 -0.007950999774038792 -0.005499999970197678
v -0.017492000013589856 0.01297600008547306 -0.0057379999198019505
v -0.01756300032138824 0.013050000183284283 -0.005704000126570463
v -0.017193999141454693 0.013396999798715115 -0.0056130001321434975
v -0.017409000545740124 0.0132039999589324 -0.005683999974280596
v -0.01703899912536144 0.01356200035661459 -0.0055149998515844345
v -0.017023999243974682 0.013585000298917294 -0.005499999970197678
v -0.01735500060021877 0.01309600006788969 -0.005733000114560127
v -0.017134999856352803 0.01324899960309267 -0.005714000202715397
v -0.016937000676989552 0.013412999920547009 -0.0056870002299547195
v -0.016912000253796574 0.013439999893307686 -0.005683000199496746
v -0.01997200027108192 -0.008698999881744385 -0.0057379999198019505
v -0.020067999139428135 -0.00873200036585331 -0.005704000126570463
v -0.02008300088346004 -0.008685000240802765 -0.005704000126570463
v -0.019983999431133267 -0.008659999817609787 -0.0057379999198019505
v -0.020199000835418698 -0.008191999979317188 -0.0056130001321434975
v -0.02013899944722652 -0.008475000038743019 -0.005683999974280596
v -0.020264999940991398 -0.007974999956786633 -0.0055149998515844345
v -0.020019000396132466 -0.008480999618768692 -0.005733000114560127
v -0.02004200033843517 -0.008214999921619892 -0.005714000202715397
v -0.02008399926126003 -0.007961000315845013 -0.0056870002299547195
v -0.009824999608099459 0.009961999952793121 -0.005400999914854765
v -0.009870000183582304 0.009939000010490417 -0.005499999970197678
v -0.009956999681890009 0.010975999757647514 -0.005499999970197678
v -0.010057999752461909 0.009847000241279602 -0.005683000199496746
v -0.010141000151634215 0.009808000177145004 -0.005721000023186207
v -0.010312000289559363 0.009727000258862972 -0.005750000011175871
v -0.009891999885439871 0.009929000400006771 -0.005534000229090452
v -0.010135999880731104 0.01093900017440319 -0.005683000199496746
v -0.009996999986469744 0.009877000004053116 -0.005642999894917011
v -0.010435000061988829 0.01185499969869852 -0.005683000199496746
v -0.010932000353932379 0.012679999694228172 -0.005683000199496746
v -0.011602999642491339 0.013372000306844711 -0.005683000199496746
v -0.012412000447511671 0.013895000331103802 -0.005683000199496746
v -0.013318000361323355 0.014221999794244766 -0.005683000199496746
v -0.01427400019019842 0.01433700043708086 -0.005683000199496746
v -0.015231999568641184 0.014233999885618687 -0.005683000199496746
v -0.016116000711917874 0.013930000364780426 -0.005683000199496746
v -0.010269000194966791 0.011931000277400017 -0.005499999970197678
v -0.010786999948322771 0.012791999615728855 -0.005499999970197678
v -0.011486999690532683 0.013512999750673771 -0.005499999970197678
v -0.012330000288784502 0.014058999717235565 -0.005499999970197678
v -0.013275000266730784 0.014400999993085861 -0.005499999970197678
v -0.014272999949753283 0.014519999735057354 -0.005499999970197678
v -0.015271999873220919 0.014413000084459782 -0.005499999970197678
v -0.01619400084018707 0.014096000231802464 -0.005499999970197678
v -0.020002000033855435 -0.008768999949097633 -0.005723999813199043
v -0.019612999632954594 -0.009597999975085258 -0.005723999813199043
v -0.004966999869793653 0.00648100022226572 -0.005499999970197678
v -0.0050719999708235255 0.0063310000114142895 -0.005683000199496746
v -0.01955500058829784 -0.009777000173926353 -0.005694999825209379
v -0.01919700019061565 -0.010288000106811523 -0.005499999970197678
v -0.019060000777244564 -0.010166999883949757 -0.005683000199496746
v -0.019146999344229695 -0.01004400011152029 -0.00570000009611249
v -0.01918699964880943 -0.009998999536037445 -0.00570600014179945
v -0.019479999318718907 -0.009695000015199184 -0.005735999904572964
v -0.01925300061702728 -0.01018300000578165 -0.0055599999614059925
v -0.019283000379800793 -0.01013800036162138 -0.005582999903708696
v -0.00421199994161725 0.005963000003248453 -0.005683000199496746
v -0.004176999907940625 0.006142000202089548 -0.005499999970197678
v -0.0033170001115649934 0.006153999827802181 -0.005499999970197678
v -0.002536999993026256 0.006515000015497208 -0.005499999970197678
v -0.001971000107005238 0.007162000052630901 -0.005499999970197678
v -0.0017170000355690716 0.00798300001770258 -0.005499999970197678
v -0.0032770000398159023 0.005975999869406223 -0.005683000199496746
v -0.00242700008675456 0.0063680000603199005 -0.005683000199496746
v -0.0018110000528395174 0.007071999832987785 -0.005683000199496746
v -0.0015340000391006468 0.007965999655425549 -0.005683000199496746
v -0.01174500025808811 -0.007815999910235405 -0.005721000023186207
v -0.011669999919831751 -0.00786999985575676 -0.005683000199496746
v -0.011687999591231344 -0.00800199992954731 -0.005683000199496746
v -0.01161499973386526 -0.007910000160336494 -0.005642999894917011
v -0.011521000415086744 -0.007980000227689743 -0.005534000229090452
v -0.01150699984282255 -0.008030000142753124 -0.005499999970197678
v -0.01150199957191944 -0.0079950001090765 -0.005499999970197678
v -0.01146200019866228 -0.008023999631404877 -0.005400999914854765
v -0.011899000033736227 -0.007706000003963709 -0.005750000011175871
v -0.011944999918341635 -0.00892999954521656 -0.005683000199496746
v -0.012404000386595724 -0.009777000173926353 -0.005683000199496746
v -0.013042000122368334 -0.01049800030887127 -0.005683000199496746
v -0.013825999572873114 -0.011057999916374683 -0.005683000199496746
v -0.014716000296175478 -0.01142599992454052 -0.005683000199496746
v -0.01566600054502487 -0.011584999971091747 -0.005683000199496746
v -0.01662800088524818 -0.01152500044554472 -0.005683000199496746
v -0.017550999298691746 -0.011250999756157398 -0.005683000199496746
v -0.01836599968373775 -0.010792000219225883 -0.005683000199496746
v -0.011775000020861624 -0.00899800006300211 -0.005499999970197678
v -0.012253999710083006 -0.009882000274956226 -0.005499999970197678
v -0.012919000349938868 -0.010634000413119793 -0.005499999970197678
v -0.013736999593675135 -0.011218000203371048 -0.005499999970197678
v -0.014666000381112097 -0.011602000333368778 -0.005499999970197678
v -0.015657000243663784 -0.011766999959945679 -0.005499999970197678
v -0.01665999926626682 -0.011704999953508377 -0.005499999970197678
v -0.01762299984693527 -0.01141900010406971 -0.005499999970197678
v -0.018471999093890187 -0.01094099972397089 -0.005499999970197678
v -0.0010430000256747005 0.014014000073075294 -0.005642999894917011
v -0.0009810000192373989 0.014041000045835972 -0.005683000199496746
v -0.000723999983165413 0.014156999997794628 -0.005750000011175871
v -0.0008960000122897326 0.014078999869525433 -0.005721000023186207
v -0.0012179999612271784 0.013938999734818935 -0.005400999914854765
v -0.0011729999678209422 0.013957999646663666 -0.005499999970197678
v -0.0011500000255182383 0.013968000188469887 -0.005534000229090452
v -0.0061320001259446135 -0.005311999935656786 -0.005683000199496746
v -0.006054999772459268 -0.0054779998026788235 -0.005499999970197678
v -0.00108600000385195 0.014123000204563141 -0.005683000199496746
v -0.001200999948196113 0.013980000279843807 -0.005499999970197678
v -0.0017610000213608144 0.014809000305831432 -0.005683000199496746
v -0.0022650000173598524 0.015629999339580536 -0.005683000199496746
v -0.002571000019088387 0.016543999314308167 -0.005683000199496746
v -0.002663000021129846 0.017503000795841217 -0.005683000199496746
v -0.002536999993026256 0.01845799945294857 -0.005683000199496746
v -0.0021999999880790706 0.019360000267624855 -0.005683000199496746
v -0.0016670000040903685 0.020162999629974365 -0.005683000199496746
v -0.0009679999784566461 0.02082500047981739 -0.005683000199496746
v -0.00016300000424962488 0.02130099944770336 -0.005683000199496746
v 0.0007249999907799064 0.02159000001847744 -0.005683000199496746
v -0.0019049999536946414 0.01469700038433075 -0.005499999970197678
v -0.00243099988438189 0.015553000383079052 -0.005499999970197678
v -0.0027499999850988384 0.016505999490618706 -0.005499999970197678
v -0.002846000017598271 0.01750599965453148 -0.005499999970197678
v -0.002714999951422214 0.018502000719308853 -0.005499999970197678
v -0.0023630000650882717 0.019442999735474586 -0.005499999970197678
v -0.001807000022381544 0.02027999982237816 -0.005499999970197678
v -0.001077999942936003 0.02097100019454956 -0.005499999970197678
v -0.00023900000087451187 0.02146800048649311 -0.005499999970197678
v 0.0006880000000819563 0.021769000217318535 -0.005499999970197678
v -0.005216999910771846 -0.005288000218570232 -0.005499999970197678
v -0.0036710000131279226 -0.005950000137090683 -0.005499999970197678
v -0.003230999922379851 -0.006688000168651342 -0.005499999970197678
v -0.00305800000205636 -0.006628999952226877 -0.005683000199496746
v -0.0035369999241083856 -0.00582600012421608 -0.005683000199496746
v -0.004373999778181314 -0.00545400008559227 -0.005499999970197678
v -0.004302000161260366 -0.005286000203341246 -0.005683000199496746
v -0.005218999926000833 -0.005104999989271164 -0.005683000199496746
v -0.0031290000770241018 -0.007542000152170658 -0.005499999970197678
v -0.0029470000881701704 -0.007557999808341265 -0.005683000199496746
v 0.0008079999824985861 0.021764999255537987 -0.0055599999614059925
v 0.0008750000270083546 0.02160399965941906 -0.00570000009611249
v 0.0008619999862276017 0.021767999976873398 -0.005582999903708696
v 0.0013109999708831308 0.021824000403285027 -0.005694999825209379
v 0.0014939999673515556 0.021834999322891235 -0.005704000126570463
v 0.0009340000106021761 0.021616000682115555 -0.00570600014179945
v 0.0013439999893307684 0.021717999130487442 -0.005735999904572964
v 0.001494999974966049 0.021733000874519348 -0.0057379999198019505
v -0.003715000115334987 -0.013489999808371067 -0.005400999914854765
v -0.0036730000283569093 -0.013516999781131744 -0.005499999970197678
v -0.0036530001088976856 -0.013531000353395939 -0.005534000229090452
v -0.0035550000611692663 -0.013596000149846077 -0.005642999894917011
v -0.003267999971285462 -0.013794000260531902 -0.005750000011175871
v -0.003422999987378716 -0.013686000369489193 -0.005721000023186207
v -0.003499000100418925 -0.013633999973535538 -0.005683000199496746
v 0.0024069999344646926 0.021707000210881233 -0.005723999813199043
v 0.0024619998876005407 0.021695999428629875 -0.005723999813199043
v -0.004526999779045581 -0.01411100011318922 -0.005499999970197678
v -0.0044060000218451014 -0.014248000457882881 -0.005683000199496746
v -0.005049000028520822 -0.014964999631047249 -0.005683000199496746
v -0.005514999851584434 -0.015807999297976494 -0.005683000199496746
v -0.005778999999165534 -0.01673400029540062 -0.005683000199496746
v -0.005828000139445066 -0.017696000635623932 -0.005683000199496746
v -0.005657999776303767 -0.018644999712705612 -0.005683000199496746
v -0.0052800001576542846 -0.019530000165104866 -0.005683000199496746
v -0.004710999783128499 -0.0203079991042614 -0.005683000199496746
v -0.004005999770015477 -0.020921999588608742 -0.005683000199496746
v -0.00318400003015995 -0.021366000175476074 -0.005683000199496746
v -0.005198999773710965 -0.014859000220894814 -0.005499999970197678
v -0.005683999974280595 -0.015737999230623245 -0.005499999970197678
v -0.005960000213235616 -0.016704000532627106 -0.005499999970197678
v -0.006010000128298997 -0.017707999795675278 -0.005499999970197678
v -0.005834000185132026 -0.018696999177336693 -0.005499999970197678
v -0.005439000204205512 -0.019620999693870544 -0.005499999970197678
v -0.004846000112593173 -0.020431999117136 -0.005499999970197678
v -0.0041100000962615004 -0.02107200026512146 -0.005499999970197678
v -0.003253000089898705 -0.021536000072956085 -0.005499999970197678
v 0.0024920001160353418 0.021637000143527985 -0.0057379999198019505
v 0.0025200000964105125 0.021734999492764473 -0.005704000126570463
v 0.0027300000656396146 0.021678000688552856 -0.005683999974280596
v 0.003225999884307384 0.02153800055384636 -0.0055149998515844345
v 0.0030050000641494985 0.021588999778032303 -0.0056130001321434975
v 0.003253000089898705 0.021536000072956085 -0.005499999970197678
v 0.002665000036358833 0.021578000858426094 -0.005733000114560127
v 0.002907000016421079 0.021463999524712563 -0.005714000202715397
v 0.003146999981254339 0.02137400023639202 -0.0056870002299547195
v 0.00318400003015995 0.021366000175476074 -0.005683000199496746
v -0.0024520000442862506 -0.02164500020444393 -0.0057379999198019505
v -0.0024719999637454744 -0.02174600027501583 -0.005704000126570463
v -0.0025200000964105125 -0.021734999492764473 -0.005704000126570463
v -0.0024920001160353418 -0.021637000143527985 -0.0057379999198019505
v -0.0030050000641494985 -0.021588999778032303 -0.0056130001321434975
v -0.0027300000656396146 -0.021678000688552856 -0.005683999974280596
v -0.003225999884307384 -0.02153800055384636 -0.0055149998515844345
v -0.002665000036358833 -0.021578000858426094 -0.005733000114560127
v -0.002907000016421079 -0.021463999524712563 -0.005714000202715397
v -0.003146999981254339 -0.02137400023639202 -0.0056870002299547195
v 0.003715000115334987 0.013489999808371067 -0.005400999914854765
v 0.0036730000283569093 0.013516999781131744 -0.005499999970197678
v 0.004526999779045581 0.01411100011318922 -0.005499999970197678
v 0.003267999971285462 0.013794000260531902 -0.005750000011175871
v 0.003422999987378716 0.013686000369489193 -0.005721000023186207
v 0.0036530001088976856 0.013531000353395939 -0.005534000229090452
v 0.0044060000218451014 0.014248000457882881 -0.005683000199496746
v 0.0035550000611692663 0.013596000149846077 -0.005642999894917011
v 0.003499000100418925 0.013633999973535538 -0.005683000199496746
v 0.005778999999165534 0.01673400029540062 -0.005683000199496746
v 0.005514999851584434 0.015807999297976494 -0.005683000199496746
v 0.005049000028520822 0.014964999631047249 -0.005683000199496746
v 0.005657999776303767 0.018644999712705612 -0.005683000199496746
v 0.005828000139445066 0.017696000635623932 -0.005683000199496746
v 0.0052800001576542846 0.019530000165104866 -0.005683000199496746
v 0.004710999783128499 0.0203079991042614 -0.005683000199496746
v 0.004005999770015477 0.020921999588608742 -0.005683000199496746
v 0.005198999773710965 0.014859000220894814 -0.005499999970197678
v 0.005683999974280595 0.015737999230623245 -0.005499999970197678
v 0.005960000213235616 0.016704000532627106 -0.005499999970197678
v 0.006010000128298997 0.017707999795675278 -0.005499999970197678
v 0.005834000185132026 0.018696999177336693 -0.005499999970197678
v 0.005439000204205512 0.019620999693870544 -0.005499999970197678
v 0.004846000112593173 0.020431999117136 -0.005499999970197678
v 0.0041100000962615004 0.02107200026512146 -0.005499999970197678
v -0.0024069999344646926 -0.021707000210881233 -0.005723999813199043
v -0.001494999974966049 -0.021784000098705292 -0.005723999813199043
v -0.0014939999673515556 -0.021858999505639076 -0.005692000035196543
v -0.0014959999825805423 -0.021705999970436096 -0.005743000190705061
v 0.0031290000770241018 0.007542000152170658 -0.005499999970197678
v 0.0029470000881701704 0.007557999808341265 -0.005683000199496746
v -0.0008469999884255229 -0.02179799973964691 -0.005541999824345112
v -0.0008950000046752392 -0.021555999293923378 -0.0057219997979700565
v -0.0007949999999254941 -0.02179500088095665 -0.005514000076800585
v -0.0006830000202171503 -0.021796999499201775 -0.0054410002194345
v -0.0007370000239461659 -0.021531999111175537 -0.00571200018748641
v -0.0007249999907799064 -0.02159000001847744 -0.005683000199496746
v -0.0008379999781027435 -0.021692000329494476 -0.005640000104904175
v -0.0007050000131130217 -0.02169100008904934 -0.0056039998307824135
v -0.0006880000000819563 -0.021769000217318535 -0.005499999970197678
v -0.0009549999958835541 -0.021571999415755272 -0.00572500005364418
v -0.0008950000046752392 -0.02169799990952015 -0.005654000211507082
v -0.0013530000578612087 -0.021689999848604202 -0.005741999950259924
v -0.001326999976299703 -0.021771999076008797 -0.00571900000795722
v -0.0013030000263825057 -0.021849000826478004 -0.005679999943822622
v 0.0036710000131279226 0.005950000137090683 -0.005499999970197678
v 0.004373999778181314 0.00545400008559227 -0.005499999970197678
v 0.0035369999241083856 0.00582600012421608 -0.005683000199496746
v 0.005216999910771846 0.005288000218570232 -0.005499999970197678
v 0.006054999772459268 0.0054779998026788235 -0.005499999970197678
v 0.004302000161260366 0.005286000203341246 -0.005683000199496746
v 0.005218999926000833 0.005104999989271164 -0.005683000199496746
v 0.0061320001259446135 0.005311999935656786 -0.005683000199496746
v 0.003230999922379851 0.006688000168651342 -0.005499999970197678
v 0.00305800000205636 0.006628999952226877 -0.005683000199496746
v 0.0008960000122897326 -0.014078999869525433 -0.005721000023186207
v 0.0009810000192373989 -0.014042000286281109 -0.005683000199496746
v 0.00108600000385195 -0.014123000204563141 -0.005683000199496746
v 0.0010430000256747005 -0.014014000073075294 -0.005642999894917011
v 0.00108900002669543 -0.013993999920785427 -0.0056039998307824135
v 0.0011500000255182383 -0.013968000188469887 -0.005534000229090452
v 0.001200999948196113 -0.013980000279843807 -0.005499999970197678
v 0.0011729999678209422 -0.013957999646663666 -0.005499999970197678
v 0.0012179999612271784 -0.013938999734818935 -0.005400999914854765
v 0.000723999983165413 -0.014156999997794628 -0.005750000011175871
v 0.00016300000424962488 -0.02130099944770336 -0.005683000199496746
v 0.00023900000087451187 -0.02146800048649311 -0.005499999970197678
v 0.0017610000213608144 -0.014809000305831432 -0.005683000199496746
v 0.0022650000173598524 -0.015629999339580536 -0.005683000199496746
v 0.002571000019088387 -0.016543999314308167 -0.005683000199496746
v 0.002663000021129846 -0.017503000795841217 -0.005683000199496746
v 0.002536999993026256 -0.01845799945294857 -0.005683000199496746
v 0.0021999999880790706 -0.019360000267624855 -0.005683000199496746
v 0.0016670000040903685 -0.020162999629974365 -0.005683000199496746
v 0.0009679999784566461 -0.02082500047981739 -0.005683000199496746
v 0.0019049999536946414 -0.01469700038433075 -0.005499999970197678
v 0.00243099988438189 -0.015553000383079052 -0.005499999970197678
v 0.0027499999850988384 -0.016505999490618706 -0.005499999970197678
v 0.002846000017598271 -0.01750599965453148 -0.005499999970197678
v 0.002714999951422214 -0.018502000719308853 -0.005499999970197678
v 0.0023630000650882717 -0.019442999735474586 -0.005499999970197678
v 0.001807000022381544 -0.02027999982237816 -0.005499999970197678
v 0.001077999942936003 -0.02097100019454956 -0.005499999970197678
v 0.011899000033736227 0.007706000003963709 -0.005750000011175871
v 0.0115750003606081 0.007939999923110008 -0.0056039998307824135
v 0.01161499973386526 0.007910000160336494 -0.005642999894917011
v 0.011669999919831751 0.00786999985575676 -0.005683000199496746
v 0.01174500025808811 0.007815999910235405 -0.005721000023186207
v 0.01146200019866228 0.008023999631404877 -0.005400999914854765
v 0.01150199957191944 0.0079950001090765 -0.005499999970197678
v 0.011521000415086744 0.007980000227689743 -0.005534000229090452
v 0.0015340000391006468 -0.007965999655425549 -0.005683000199496746
v 0.001637000008486211 -0.007974999956786633 -0.0056039998307824135
v 0.0017170000355690716 -0.00798300001770258 -0.005499999970197678
v 0.018061999231576916 0.011235999874770641 -0.0054410002194345
v 0.011795000173151491 0.009122000075876713 -0.0054410002194345
v 0.011895000003278254 0.009078999981284142 -0.0056039998307824135
v 0.012043000198900698 0.009014000184834003 -0.00571200018748641
v 0.017929999157786366 0.010999999940395355 -0.00571200018748641
v 0.01661800034344196 0.011466999538242817 -0.00571200018748641
v 0.015224999748170374 0.011478999629616737 -0.00571200018748641
v 0.013904999941587446 0.011033999733626842 -0.00571200018748641
v 0.012803999707102774 0.010181000456213951 -0.00571200018748641
v 0.0180089995265007 0.01114100031554699 -0.0056039998307824135
v 0.01913800090551376 0.010235999710857868 -0.0056039998307824135
v 0.019060000777244564 0.010166999883949757 -0.005683000199496746
v 0.012684999965131281 0.01029099989682436 -0.0056039998307824135
v 0.013828000053763388 0.011176999658346176 -0.0056039998307824135
v 0.015199000015854834 0.011638999916613102 -0.0056039998307824135
v 0.0166459996253252 0.011626999825239182 -0.0056039998307824135
v 0.012605000287294386 0.010363999754190445 -0.0054410002194345
v 0.01377699989825487 0.01127300038933754 -0.0054410002194345
v 0.015181999653577803 0.011745999567210674 -0.0054410002194345
v 0.016665000468492504 0.011734000407159328 -0.0054410002194345
v 0.01919700019061565 0.010288000106811523 -0.005499999970197678
v 0.01921799965202808 0.01030800025910139 -0.0054410002194345
v 0.0050719999708235255 -0.0063310000114142895 -0.005683000199496746
v 0.00421199994161725 -0.005963000003248453 -0.005683000199496746
v 0.0018110000528395174 -0.007071999832987785 -0.005683000199496746
v 0.004966999869793653 -0.00648100022226572 -0.005499999970197678
v 0.004176999907940625 -0.006142000202089548 -0.005499999970197678
v 0.0033170001115649934 -0.006153999827802181 -0.005499999970197678
v 0.002536999993026256 -0.006515000015497208 -0.005499999970197678
v 0.001971000107005238 -0.007162000052630901 -0.005499999970197678
v 0.0032770000398159023 -0.005975999869406223 -0.005683000199496746
v 0.00242700008675456 -0.0063680000603199005 -0.005683000199496746
v 0.019657000899314877 0.009623000398278236 -0.005704000126570463
v 0.01955500058829784 0.009777000173926353 -0.005694999825209379
v 0.01925300061702728 0.01018300000578165 -0.0055599999614059925
v 0.019146999344229695 0.01004400011152029 -0.00570000009611249
v 0.019283000379800793 0.01013800036162138 -0.005582999903708696
v 0.01918699964880943 0.009998999536037445 -0.00570600014179945
v 0.019479999318718907 0.009695000015199184 -0.005735999904572964
v 0.01956900022923946 0.009571000002324581 -0.0057379999198019505
v 0.009824999608099459 -0.009961999952793121 -0.005400999914854765
v 0.010057000443339346 -0.009847000241279602 -0.005683000199496746
v 0.009996999986469744 -0.009877000004053116 -0.005642999894917011
v 0.009951000101864336 -0.009898999705910683 -0.0056039998307824135
v 0.009891999885439871 -0.009929000400006771 -0.005534000229090452
v 0.009870000183582304 -0.009939000010490417 -0.005499999970197678
v 0.010312000289559363 -0.009727000258862972 -0.005750000011175871
v 0.010141000151634215 -0.009808000177145004 -0.005721000023186207
v 0.020002000033855435 0.008768999949097633 -0.005723999813199043
v 0.02002100087702274 0.008716000244021416 -0.005723999813199043
v 0.014272999949753283 -0.014549000188708305 -0.0054410002194345
v 0.010218000039458273 -0.01104000024497509 -0.00571200018748641
v 0.010060000233352183 -0.011076999828219414 -0.0056039998307824135
v 0.01075599994510412 -0.012325000017881393 -0.00571200018748641
v 0.011684999801218508 -0.013363000005483627 -0.00571200018748641
v 0.012903000228106974 -0.014038999564945698 -0.00571200018748641
v 0.014275000430643557 -0.014279000461101532 -0.00571200018748641
v 0.01061899960041046 -0.012412000447511673 -0.0056039998307824135
v 0.011583999730646609 -0.013489999808371067 -0.0056039998307824135
v 0.01284900028258562 -0.014192000031471252 -0.0056039998307824135
v 0.01427400019019842 -0.014441000297665596 -0.0056039998307824135
v 0.00995500013232231 -0.011101000010967255 -0.0054410002194345
v 0.010526999831199644 -0.012469000183045864 -0.0054410002194345
v 0.011516000144183634 -0.01357400044798851 -0.0054410002194345
v 0.01281199976801872 -0.014294000342488289 -0.0054410002194345
v 0.015737000852823254 -0.014312000013887882 -0.0054410002194345
v 0.015701999887824055 -0.014209000393748283 -0.0056039998307824135
v 0.015650000423192974 -0.014055999927222729 -0.00571200018748641
v 0.016876000910997387 -0.013394000008702278 -0.00571200018748641
v 0.016975000500679013 -0.013522000052034855 -0.0056039998307824135
v 0.01704199984669685 -0.013608000241219997 -0.0054410002194345
v 0.02008300088346004 0.008685000240802765 -0.005704000126570463
v 0.020199000835418698 0.008191999979317188 -0.0056130001321434975
v 0.020019000396132466 0.008480999618768692 -0.005733000114560127
v 0.02013899944722652 0.008475000038743019 -0.005683999974280596
v 0.019983999431133267 0.008659999817609787 -0.0057379999198019505
v 0.020264999940991398 0.007974999956786633 -0.0055149998515844345
v 0.02008399926126003 0.007961000315845013 -0.0056870002299547195
v 0.02004200033843517 0.008214999921619892 -0.005714000202715397
v 0.02030600048601627 0.007954999804496765 -0.0054410002194345
v 0.020276999101042744 0.007950999774038792 -0.005499999970197678
v 0.02019800059497356 0.007939999923110008 -0.0056039998307824135
v 0.020096000283956524 0.007926000282168388 -0.005683000199496746
v 0.017558999359607693 -0.012981000356376171 -0.005723999813199043
v 0.017614999786019322 -0.013028999790549278 -0.005692000035196543
v 0.017580000683665272 -0.013067999854683876 -0.005692000035196543
v 0.017498999834060665 -0.012928999960422516 -0.005743000190705061
v 0.017527999356389042 -0.013013999909162521 -0.005723999813199043
v 0.01747299917042255 -0.01295700017362833 -0.005743000190705061
v 0.017206000164151188 -0.013426999561488628 -0.005578000098466873
v 0.01742099970579147 -0.01322800014168024 -0.005667000077664852
v 0.017056999728083607 -0.013586999848484993 -0.00546000013127923
v 0.017381999641656872 -0.013151000253856182 -0.00571200018748641
v 0.017165999859571453 -0.013326999731361866 -0.005671000108122826
v 0.01699399948120117 -0.013496000319719315 -0.0056130001321434975
v 0.017340000718832013 -0.013067999854683876 -0.005739999935030937
v 0.01711799949407577 -0.013206999748945236 -0.0057299998588860035
v 0.016904000192880627 -0.013365999795496464 -0.005714000202715397
v 0.019736999645829197 0.0050860000774264336 -0.0054410002194345
v 0.013580000028014181 0.00406700000166893 -0.005750000011175871
v 0.013563999906182287 0.003877999959513545 -0.005721000023186207
v 0.01354900002479553 0.003667999990284443 -0.0056039998307824135
v 0.013551999814808367 0.0037189999129623175 -0.005642999894917011
v 0.01467000041157007 0.0033289999701082706 -0.00571200018748641
v 0.013557000085711477 0.003785999957472086 -0.005683000199496746
v 0.013539999723434447 0.0035280000884085894 -0.005400999914854765
v 0.013543000444769858 0.0035780000034719706 -0.005499999970197678
v 0.014623000286519526 0.0031739999540150166 -0.0056039998307824135
v 0.01354399975389242 0.003601999953389168 -0.005534000229090452
v 0.016052000224590298 0.003152000019326806 -0.00571200018748641
v 0.017415000125765797 0.003438000101596117 -0.00571200018748641
v 0.01861000061035156 0.004153999965637922 -0.00571200018748641
v 0.01950299926102161 0.005222999956458807 -0.00571200018748641
v 0.01605799980461597 0.0029899999499320984 -0.0056039998307824135
v 0.017473999410867688 0.0032870001159608364 -0.0056039998307824135
v 0.018714999780058857 0.004031000193208456 -0.0056039998307824135
v 0.019642999395728108 0.005140999797731638 -0.0056039998307824135
v 0.014591000042855738 0.0030700000934302807 -0.0054410002194345
v 0.01606200076639652 0.002882000058889389 -0.0054410002194345
v 0.017513999715447422 0.003186000045388937 -0.0054410002194345
v 0.018784999847412106 0.003949000034481287 -0.0054410002194345
v 0.020262999460101124 0.006473000161349773 -0.0054410002194345
v 0.02015700004994869 0.0064940000884234905 -0.0056039998307824135
v 0.0199970006942749 0.006525000091642141 -0.00571200018748641
v 0.017596000805497166 -0.0129380002617836 -0.005723999813199043
v 0.018117999657988545 -0.01218700036406517 -0.005723999813199043
v 0.008096000179648398 0.0010610000463202596 -0.005499999970197678
v 0.008019000291824339 0.001227000029757619 -0.005683000199496746
v 0.01824500039219856 -0.012047000229358673 -0.005694999825209379
v 0.018508000299334523 -0.011481000110507011 -0.005499999970197678
v 0.0183349996805191 -0.011423000134527683 -0.005683000199496746
v 0.018271999433636662 -0.01155999954789877 -0.00570000009611249
v 0.018253000453114506 -0.011617000214755535 -0.00570600014179945
v 0.018136000260710713 -0.012023000046610832 -0.005735999904572964
v 0.018445000052452084 -0.01158200018107891 -0.0055599999614059925
v 0.018420999869704243 -0.011629999615252018 -0.005582999903708696
v 0.00726999994367361 0.000666000007186085 -0.005683000199496746
v 0.00740800006315112 0.0005460000247694552 -0.005499999970197678
v 0.006988000124692916 -0.00020399999630171806 -0.005499999970197678
v 0.00691099977120757 -0.0010600000387057662 -0.005499999970197678
v 0.007187999784946441 -0.0018739999504759908 -0.005499999970197678
v 0.007770999800413846 -0.0025049999821931124 -0.005499999970197678
v 0.0068140001967549315 -0.0001500000071246177 -0.005683000199496746
v 0.006728999782353639 -0.0010819999733939767 -0.005683000199496746
v 0.00702999997884035 -0.0019680000841617584 -0.005683000199496746
v 0.0076660001650452605 -0.0026539999525994062 -0.005683000199496746
v 0.012640999630093573 -0.006262999959290028 -0.005721000023186207
v 0.012651000171899794 -0.006171000190079212 -0.005683000199496746
v 0.012772999703884123 -0.006120999809354544 -0.005683000199496746
v 0.012657999992370604 -0.0061039999127388 -0.005642999894917011
v 0.012671000324189661 -0.005987999960780144 -0.005534000229090452
v 0.012707999907433985 -0.005950000137090683 -0.005499999970197678
v 0.012674000114202498 -0.005963999778032303 -0.005499999970197678
v 0.01267999969422817 -0.005913999862968922 -0.005400999914854765
v 0.01262299995869398 -0.006451999768614769 -0.005750000011175871
v 0.013705999590456484 -0.005878999829292297 -0.005683000199496746
v 0.014669000171124933 -0.005853999871760607 -0.005683000199496746
v 0.015612999908626078 -0.006045000161975622 -0.005683000199496746
v 0.01648899912834167 -0.006444999948143959 -0.005683000199496746
v 0.017253000289201733 -0.007031000219285488 -0.005683000199496746
v 0.01786600053310394 -0.0077749998308718204 -0.005683000199496746
v 0.018294999375939366 -0.008636999875307083 -0.005683000199496746
v 0.01851899921894073 -0.009573999792337418 -0.005683000199496746
v 0.018528999760746952 -0.010509000159800053 -0.005683000199496746
v 0.013679999858140944 -0.005698000080883503 -0.005499999970197678
v 0.014685000292956827 -0.005671000108122826 -0.005499999970197678
v 0.01566899940371513 -0.00587099976837635 -0.005499999970197678
v 0.016583999618887898 -0.006287999916821718 -0.005499999970197678
v 0.017380999401211735 -0.006899999920278788 -0.005499999970197678
v 0.01801900006830692 -0.007675000000745058 -0.005499999970197678
v 0.01846699975430965 -0.008574999868869781 -0.005499999970197678
v 0.018701000139117237 -0.00955200009047985 -0.005499999970197678
v 0.01871100068092346 -0.010526999831199646 -0.005499999970197678
v 0.00510099995881319 0.00723200011998415 0.0
v 0.00510099995881319 0.00723200011998415 0.0022499999031424522
v 0.0023199999704957004 0.008539999835193157 0.0
v 0.0037680000532418485 0.008008000440895557 0.0022499999031424522
v 0.0023199999704957004 0.008539999835193157 0.0022499999031424522
v 0.0008019999950192868 0.008813999593257904 0.0022499999031424522
v -0.0007409999961964785 0.008818999864161015 0.0
v -0.0007409999961964785 0.008818999864161015 0.0022499999031424522
v -0.002260999986901879 0.008555999957025051 0.0022499999031424522
v -0.003712000092491507 0.008034000173211098 0.0
v -0.003712000092491507 0.008034000173211098 0.0022499999031424522
v -0.005051000043749808 0.007267000153660774 0.0022499999031424522
v -0.006235999986529349 0.006279999855905771 0.0
v -0.006235999986529349 0.006279999855905771 0.0022499999031424522
v -0.008008000440895556 0.003768000053241849 0.0
v -0.007232000119984149 0.0051009999588131905 0.0022499999031424522
v -0.008008000440895556 0.003768000053241849 0.0022499999031424522
v -0.008813999593257902 0.0008019999950192869 0.0
v -0.008539999835193155 0.002319999970495701 0.0022499999031424522
v -0.008813999593257902 0.0008019999950192869 0.0022499999031424522
v -0.00855599995702505 -0.0022609999869018793 0.0
v -0.008818999864161013 -0.0007409999961964786 0.0022499999031424522
v -0.00855599995702505 -0.0022609999869018793 0.0022499999031424522
v -0.007267000153660773 -0.005051000043749809 0.0
v -0.008034000173211096 -0.0037120000924915075 0.0022499999031424522
v -0.007267000153660773 -0.005051000043749809 0.0022499999031424522
v -0.00510099995881319 -0.00723200011998415 0.0
v -0.00627999985590577 -0.00623599998652935 0.0022499999031424522
v -0.00510099995881319 -0.00723200011998415 0.0022499999031424522
v -0.0037680000532418485 -0.008008000440895557 0.0022499999031424522
v -0.0023199999704957004 -0.008539999835193157 0.0
v -0.0023199999704957004 -0.008539999835193157 0.0022499999031424522
v 0.0007409999961964785 -0.008818999864161015 0.0
v -0.0008019999950192868 -0.008813999593257904 0.0022499999031424522
v 0.0007409999961964785 -0.008818999864161015 0.0022499999031424522
v 0.003712000092491507 -0.008034000173211098 0.0
v 0.002260999986901879 -0.008555999957025051 0.0022499999031424522
v 0.003712000092491507 -0.008034000173211098 0.0022499999031424522
v 0.005051000043749808 -0.007267000153660774 0.0022499999031424522
v 0.006235999986529349 -0.006279999855905771 0.0
v 0.006235999986529349 -0.006279999855905771 0.0022499999031424522
v 0.008008000440895556 -0.003768000053241849 0.0
v 0.007232000119984149 -0.0051009999588131905 0.0022499999031424522
v 0.008008000440895556 -0.003768000053241849 0.0022499999031424522
v 0.008539999835193155 -0.002319999970495701 0.0022499999031424522
v 0.008813999593257902 -0.0008019999950192869 0.0
v 0.008813999593257902 -0.0008019999950192869 0.0022499999031424522
v 0.00855599995702505 0.0022609999869018793 0.0
v 0.008818999864161013 0.0007409999961964786 0.0022499999031424522
v 0.00855599995702505 0.0022609999869018793 0.0022499999031424522
v 0.007267000153660773 0.005051000043749809 0.0
v 0.008034000173211096 0.0037120000924915075 0.0022499999031424522
v 0.007267000153660773 0.005051000043749809 0.0022499999031424522
v 0.00627999985590577 0.00623599998652935 0.0022499999031424522
v 0.0 0.0 0.0
v -0.006634000223129987 -0.006587999872863293 0.0031159999780356884
v -0.007677999790757894 -0.005336000118404627 0.0031159999780356884
v -0.008488000370562075 -0.00392200006172061 0.0031159999780356884
v -0.009039999917149542 -0.0023880000226199627 0.0031159999780356884
v -0.0093170003965497 -0.0007820000173524022 0.0031159999780356884
v -0.00931200012564659 0.000846999988425523 0.0031159999780356884
v -0.009022999554872511 0.0024510000366717577 0.0031159999780356884
v -0.00846000015735626 0.0039809998124837875 0.0031159999780356884
v -0.007639999967068433 0.0053900000639259815 0.0031159999780356884
v -0.006587999872863292 0.006634000223129988 0.0031159999780356884
v -0.005336000118404626 0.0076779997907578945 0.0031159999780356884
v -0.003922000061720609 0.008488000370562077 0.0031159999780356884
v -0.0023880000226199623 0.009039999917149544 0.0031159999780356884
v -0.0007820000173524021 0.009317000396549702 0.0031159999780356884
v 0.0008469999884255229 0.009312000125646591 0.0031159999780356884
v 0.0024510000366717573 0.009022999554872513 0.0031159999780356884
v 0.003980999812483787 0.008460000157356262 0.0031159999780356884
v 0.005390000063925981 0.007639999967068434 0.0031159999780356884
v 0.006634000223129987 0.006587999872863293 0.0031159999780356884
v 0.007677999790757894 0.005336000118404627 0.0031159999780356884
v 0.008488000370562075 0.00392200006172061 0.0031159999780356884
v 0.009039999917149542 0.0023880000226199627 0.0031159999780356884
v 0.0093170003965497 0.0007820000173524022 0.0031159999780356884
v 0.00931200012564659 -0.000846999988425523 0.0031159999780356884
v 0.009022999554872511 -0.0024510000366717577 0.0031159999780356884
v 0.00846000015735626 -0.0039809998124837875 0.0031159999780356884
v 0.007639999967068433 -0.0053900000639259815 0.0031159999780356884
v 0.006587999872863292 -0.006634000223129988 0.0031159999780356884
v 0.005336000118404626 -0.0076779997907578945 0.0031159999780356884
v 0.003922000061720609 -0.008488000370562077 0.0031159999780356884
v 0.0023880000226199623 -0.009039999917149544 0.0031159999780356884
v 0.0007820000173524021 -0.009317000396549702 0.0031159999780356884
v -0.0008469999884255229 -0.009312000125646591 0.0031159999780356884
v -0.0024510000366717573 -0.009022999554872513 0.0031159999780356884
v -0.003980999812483787 -0.008460000157356262 0.0031159999780356884
v -0.005390000063925981 -0.007639999967068434 0.0031159999780356884
v -0.00637499988079071 -0.0063299997709691525 0.002749999985098839
v -0.0073770000599324695 -0.005127000156790018 0.002749999985098839
v -0.008155000396072863 -0.003768000053241849 0.002749999985098839
v -0.008685999549925326 -0.0022950000129640102 0.002749999985098839
v -0.0089520001783967 -0.0007520000217482448 0.002749999985098839
v -0.00894699990749359 0.0008140000281855464 0.002749999985098839
v -0.008670000359416006 0.0023560000117868185 0.002749999985098839
v -0.008128999732434748 0.0038250000216066837 0.002749999985098839
v -0.007340999785810708 0.005179000087082386 0.002749999985098839
v -0.006329999770969152 0.0063749998807907104 0.002749999985098839
v -0.005127000156790017 0.00737700005993247 0.002749999985098839
v -0.0037680000532418485 0.008155000396072865 0.002749999985098839
v -0.00229500001296401 0.008685999549925327 0.002749999985098839
v -0.0007520000217482447 0.008952000178396702 0.002749999985098839
v 0.0008140000281855463 0.008946999907493591 0.002749999985098839
v 0.002356000011786818 0.008670000359416008 0.002749999985098839
v 0.0038250000216066833 0.00812899973243475 0.002749999985098839
v 0.005179000087082385 0.007340999785810709 0.002749999985098839
v 0.00637499988079071 0.0063299997709691525 0.002749999985098839
v 0.0073770000599324695 0.005127000156790018 0.002749999985098839
v 0.008155000396072863 0.003768000053241849 0.002749999985098839
v 0.008685999549925326 0.0022950000129640102 0.002749999985098839
v 0.0089520001783967 0.0007520000217482448 0.002749999985098839
v 0.00894699990749359 -0.0008140000281855464 0.002749999985098839
v 0.008670000359416006 -0.0023560000117868185 0.002749999985098839
v 0.008128999732434748 -0.0038250000216066837 0.002749999985098839
v 0.007340999785810708 -0.005179000087082386 0.002749999985098839
v 0.006329999770969152 -0.0063749998807907104 0.002749999985098839
v 0.005127000156790017 -0.00737700005993247 0.002749999985098839
v 0.0037680000532418485 -0.008155000396072865 0.002749999985098839
v 0.00229500001296401 -0.008685999549925327 0.002749999985098839
v 0.0007520000217482447 -0.008952000178396702 0.002749999985098839
v -0.0008140000281855463 -0.008946999907493591 0.002749999985098839
v -0.002356000011786818 -0.008670000359416008 0.002749999985098839
v -0.0038250000216066833 -0.00812899973243475 0.002749999985098839
v -0.005179000087082385 -0.007340999785810709 0.002749999985098839
v -0.04378100112080573 0.01448800042271614 0.005245000123977661
v -0.04386499896645545 0.014607000164687634 0.005185999907553196
v -0.0423079989850521 0.01575700007379055 0.008249999955296516
v -0.04405400156974792 0.014937000349164009 0.004999000113457441
v -0.04273299872875213 0.017815999686717987 0.008249999955296516
v -0.04262800142168998 0.016359999775886536 0.008249999955296516
v -0.04422400146722793 0.015468999743461609 0.004648000001907349
v -0.04424700140953063 0.01571499928832054 0.004470000043511391
v -0.04212100058794021 0.01927199959754944 0.008249999955296516
v -0.04408099874854087 0.016459999606013298 0.0038880000356584787
v -0.04395300149917602 0.016673000529408455 0.0037090000696480274
v -0.04390300065279006 0.016742000356316566 0.003650000086054206
v -0.043418999761342995 0.017173999920487404 0.0032470000442117453
v -0.040954999625682824 0.020337000489234924 0.008249999955296516
v -0.04182099923491477 0.01750599965453148 0.0026209999341517687
v -0.03954799845814704 0.020726000890135765 0.008249999955296516
v -0.042463000863790505 0.017506999894976616 0.0027989998925477266
v -0.04305600002408027 0.017356999218463898 0.00304200011305511
v -0.04170399904251098 0.01748800091445446 0.002595999976620078
v -0.04126999899744987 0.017376000061631203 0.002524999901652336
v -0.038871999830007546 0.02062699943780899 0.008249999955296516
v -0.04086700081825256 0.017196999862790108 0.0024870000779628754
v -0.03827700018882751 0.020336000248789787 0.008249999955296516
v -0.04060599952936172 0.017033999785780907 0.0024790000170469284
v -0.03780300170183181 0.0198730006814003 0.008249999955296516
v -0.040263000875711434 0.016745999455451965 0.0024949999060481787
v -0.03748299926519393 0.019269999116659164 0.008249999955296516
v -0.03975399956107139 0.016047999262809753 0.0026209999341517687
v -0.037377998232841485 0.017813999205827713 0.008249999955296516
v -0.03967399895191192 0.015873000025749207 0.0026660000439733267
v -0.03962200134992599 0.015737000852823257 0.0027050001081079245
v -0.03948000073432922 0.01501299999654293 0.002962999977171421
v -0.03948000073432922 0.014833999797701836 0.00304200011305511
v -0.0379900000989437 0.01635799929499626 0.008249999955296516
v -0.039498001337051385 0.014613999985158443 0.003148999996483326
v -0.03960400074720382 0.014179999940097332 0.003398000029847026
v -0.039824999868869775 0.013756999745965004 0.003711000084877014
v -0.04002099856734275 0.013527999632060528 0.003930000122636557
v -0.03915600106120109 0.015293000265955925 0.008249999955296516
v -0.040589999407529824 0.013174000196158886 0.00443999981507659
v -0.040669001638889306 0.013148000463843346 0.004501999821513891
v -0.04148799926042556 0.013089999556541443 0.005032999906688929
v -0.04161600023508071 0.01310999970883131 0.005098999943584204
v -0.04056299850344657 0.014902999624609947 0.008249999955296516
v -0.041799001395702355 0.013148999772965908 0.005185000132769346
v -0.041239000856876366 0.015002000145614147 0.008249999955296516
v -0.042240999639034264 0.013299000449478626 0.005350000225007534
v -0.04266700148582458 0.013512000441551208 0.005444000009447336
v -0.041834000498056405 0.015293999575078487 0.008249999955296516
v -0.04295799881219863 0.013700000010430813 0.005464000161737204
v -0.04360400140285491 0.014271999709308147 0.005338999908417463
v -0.026693999767303463 0.03532800078392029 0.005348999984562397
v -0.026409000158309933 0.03496599942445755 0.005185000132769346
v -0.02796700038015842 0.033817000687122345 0.008249999955296516
v -0.027645999565720555 0.03321300074458122 0.008249999955296516
v -0.02627800032496452 0.03474999964237213 0.005065999925136566
v -0.027541000396013256 0.03175700083374977 0.008249999955296516
v -0.026029000058770176 0.033918000757694244 0.004513999912887812
v -0.028154000639915463 0.030301999300718307 0.008249999955296516
v -0.02602799981832504 0.03375300019979477 0.004391000140458345
v -0.02617000043392181 0.03316099941730499 0.003926999866962433
v -0.02631900086998939 0.032903000712394714 0.003711000084877014
v -0.02664699964225292 0.03254999965429306 0.003396000014618039
v -0.0293199997395277 0.029236000031232834 0.008249999955296516
v -0.027120999991893765 0.03225700184702873 0.003092000028118491
v -0.027217999100685116 0.03221600130200386 0.00304200011305511
v -0.0273899994790554 0.03215600177645683 0.0029619999695569277
v -0.02824600040912628 0.0320499986410141 0.0026700000744313
v -0.03072700090706348 0.028846999630331993 0.008249999955296516
v -0.02845400013029575 0.03206799924373627 0.0026209999341517687
v -0.031401999294757836 0.02894599922001362 0.008249999955296516
v -0.02916000038385391 0.03225700184702873 0.002506999997422099
v -0.02937900088727474 0.032361000776290894 0.0024880000855773687
v -0.03199800103902816 0.02923700027167797 0.008249999955296516
v -0.029667999595403668 0.0325389988720417 0.0024790000170469284
v -0.03247100114822387 0.02969999983906746 0.008249999955296516
v -0.030298000201582905 0.03316099941730499 0.0025430000387132168
v -0.03279199823737144 0.03030399978160858 0.008249999955296516
v -0.03079300001263618 0.03453199937939644 0.002951999893411994
v -0.030796000733971592 0.03468000143766403 0.0030159999150782824
v -0.032896999269723885 0.03175999969244003 0.008249999955296516
v -0.03046300075948238 0.03341799974441528 0.002595999976620078
v -0.030519999563693997 0.033525001257658005 0.0026209999341517687
v -0.030688000842928883 0.033945001661777496 0.0027379998937249184
v -0.030795000493526455 0.03473899886012077 0.00304200011305511
v -0.030632000416517254 0.0354899987578392 0.0034620000515133142
v -0.03228399902582168 0.0332150012254715 0.008249999955296516
v -0.030575999990105625 0.03560800105333328 0.0035459999926388264
v -0.030450999736785885 0.03581399843096733 0.0037090000696480274
v -0.030207000672817227 0.03608899936079979 0.003976999782025814
v -0.029929000884294506 0.036288000643253326 0.004236999899148941
v -0.031117999926209446 0.03428100049495697 0.008249999955296516
v -0.02960499934852123 0.03642600029706955 0.004501999821513891
v -0.029543999582529065 0.03644299879670143 0.004548000171780586
v -0.029058000072836872 0.03650199994444847 0.0048779998905956745
v -0.02873500064015388 0.036476001143455505 0.005059999879449606
v -0.02971200086176395 0.03466999903321266 0.008249999955296516
v -0.028475999832153317 0.036423999816179276 0.005185000132769346
v -0.029036000370979306 0.034570999443531036 0.008249999955296516
v -0.02796000055968761 0.03624200075864792 0.005371999926865101
v -0.028441000729799267 0.034279998391866684 0.008249999955296516
v -0.027316000312566754 0.03587400168180466 0.005464000161737204
v -0.026987999677658078 0.03561500087380409 0.0054350001737475395
v -0.028334999457001683 0.03638400137424469 0.011254999786615372
v -0.02847499959170818 0.036423999816179276 0.011314000003039837
v -0.028849000111222264 0.036490000784397125 0.011501000262796879
v -0.02940700016915798 0.036472998559474945 0.011851999908685684
v -0.029647000133991238 0.03641200065612793 0.012029999867081642
v -0.03029300086200237 0.03600599989295006 0.012612000107765198
v -0.030451999977231022 0.03581300005316734 0.012791000306606293
v -0.030499000102281567 0.035743001848459244 0.012849999591708183
v -0.030743999406695362 0.03514200076460838 0.013252999633550644
v -0.030519999563693997 0.033525001257658005 0.013879000209271908
v -0.030736999586224552 0.034129999577999115 0.01370100025087595
v -0.030795000493526455 0.03473899886012077 0.01345799956470728
v -0.030463999137282368 0.033420998603105545 0.013903999701142311
v -0.0302130002528429 0.03305000066757202 0.013975000008940697
v -0.029908999800682064 0.03272999823093414 0.014012999832630157
v -0.029667999595403668 0.0325389988720417 0.014020999893546104
v -0.029281999915838238 0.032311998307704926 0.01400499977171421
v -0.02845400013029575 0.03206799924373627 0.013879000209271908
v -0.028262000530958172 0.0320499986410141 0.013833999633789062
v -0.028116000816226002 0.03204699978232384 0.013794999569654465
v -0.027386000379920002 0.03215700015425682 0.013536999933421612
v -0.027217999100685116 0.03221600130200386 0.01345799956470728
v -0.027016999199986454 0.03230699896812439 0.013350999914109707
v -0.026644000783562657 0.03255299851298332 0.013101999647915363
v -0.02631900086998939 0.032903000712394714 0.012788999825716019
v -0.026169000193476673 0.033163998275995255 0.012570000253617764
v -0.026026999577879902 0.03381900116801262 0.012059999629855156
v -0.026029000058770176 0.03390200063586235 0.011997999623417854
v -0.026248000562191006 0.034692998975515366 0.011466999538242817
v -0.026310000568628308 0.0348070003092289 0.011401000432670116
v -0.026409000158309933 0.03496599942445755 0.011315000243484974
v -0.02669800072908401 0.035332001745700836 0.011149999685585499
v -0.027041999623179432 0.03566199913620949 0.011056000366806984
v -0.027316000312566754 0.03587400168180466 0.011036000214517117
v -0.02807199954986572 0.0362900011241436 0.011160999536514282
v -0.04223499819636344 0.013296999968588352 0.011150999926030636
v -0.041799001395702355 0.013148999772965908 0.011315000243484974
v -0.04155100136995315 0.013098999857902527 0.011433999985456467
v -0.04148200154304504 0.01308900024741888 0.011470000259578228
v -0.040683999657630913 0.013143000192940235 0.011986000463366508
v -0.04052799940109252 0.013198000378906727 0.012109000235795975
v -0.04001799970865249 0.013530000112950802 0.0125730000436306
v -0.039824999868869775 0.013756999745965004 0.012788999825716019
v -0.039602998644113534 0.014183999970555305 0.013104000128805637
v -0.03948599845170974 0.014728999696671963 0.013407999649643898
v -0.03948000073432922 0.014833999797701836 0.01345799956470728
v -0.03948000073432922 0.015015999786555767 0.013538000173866749
v -0.039668001234531396 0.01585800014436245 0.013829999603331089
v -0.039755001664161675 0.016047999262809753 0.013879000209271908
v -0.04016999900341033 0.01665000058710575 0.01399299968034029
v -0.04034100100398063 0.0168210007250309 0.01401199959218502
v -0.04060599952936172 0.017033999785780907 0.014020999893546104
v -0.041402999311685555 0.0174189992249012 0.013957000337541103
v -0.04286099970340728 0.01742500066757202 0.013547999784350395
v -0.043001998215913766 0.017378000542521477 0.013484000228345394
v -0.04170100018382072 0.01748800091445446 0.013903999701142311
v -0.041820000857114785 0.01750599965453148 0.013879000209271908
v -0.042272001504898064 0.01752300001680851 0.013762000016868114
v -0.04305600002408027 0.017356999218463898 0.01345799956470728
v -0.04370899870991706 0.016951000317931175 0.013038000091910362
v -0.04380099847912788 0.016860000789165497 0.012954000383615494
v -0.043953999876976006 0.016673000529408455 0.012791000306606293
v -0.04413099959492683 0.01635099947452545 0.012523000128567219
v -0.04422499984502792 0.016022000461816788 0.012263000011444092
v -0.044245999306440346 0.01566999964416027 0.011997999623417854
v -0.0442419983446598 0.015607000328600407 0.011951999738812447
v -0.04413399845361709 0.015130000188946724 0.011621999554336071
v -0.04400200024247169 0.014833999797701836 0.01143999956548214
v -0.04386600106954574 0.014607000164687634 0.011315000243484974
v -0.04352099820971488 0.014182000420987606 0.011129000224173069
v -0.04295799881219863 0.013700000010430813 0.011036000214517117
v -0.042605001479387276 0.013477000407874584 0.011064999736845493
v -0.02530100010335445 -0.014341999776661396 0.013507000170648098
v -0.028803000226616856 -0.004029999952763319 0.013507000170648098
v -0.028264999389648434 0.00684799998998642 0.013507000170648098
v -0.02718500047922134 0.010332999750971794 0.013507000170648098
v -0.009387000463902949 0.02752700075507164 0.013507000170648098
v 0.0013960000360384581 0.02905000001192093 0.013507000170648098
v -0.029835000634193417 -0.012268000282347202 0.016713999211788177
v -0.031136000528931614 -0.008434999734163284 0.016713999211788177
v -0.03225500136613845 -0.00043399998685345054 0.016713999211788177
v -0.020912000909447667 0.02456199936568737 0.016713999211788177
v -0.014152999967336653 0.028988000005483627 0.016713999211788177
v -0.00650600017979741 0.03159499913454056 0.016713999211788177
v -0.0024979999288916583 0.03216100111603737 0.016713999211788177
v 0.005572000052779912 0.03177399933338165 0.016713999211788177
v -0.02330599911510944 -0.017396999523043633 0.013507000170648098
v -0.024412000551819798 -0.018223000690340996 0.014221999794244766
v -0.025288000702857968 -0.018876999616622925 0.015327000059187412
v -0.02584999985992908 -0.019297000020742416 0.016713999211788177
v 0.009507000446319578 0.03082600049674511 0.016713999211788177
v 0.009300000034272669 0.030154999345541 0.015327000059187412
v 0.00897799991071224 0.029109999537467957 0.014221999794244766
v 0.008570999838411806 0.02779100090265274 0.013507000170648098
v 0.0015490000369027255 0.032221000641584396 0.016713999211788177
v -0.010412000119686125 0.030532000586390495 0.016713999211788177
v -0.017672000452876088 0.026986999437212944 0.016713999211788177
v -0.02382400073111057 0.021748999133706093 0.016713999211788177
v -0.026359999552369114 0.018595000728964806 0.016713999211788177
v -0.028480999171733853 0.01514699961990118 0.016713999211788177
v -0.03015399910509586 0.011460999958217144 0.016713999211788177
v -0.03135100007057189 0.007594999857246876 0.016713999211788177
v -0.032056000083684914 0.0036090000066906214 0.016713999211788177
v -0.03194700181484222 -0.004468999803066254 0.016713999211788177
v -0.028062999248504635 -0.01590700075030327 0.016713999211788177
v -0.030670000240206715 0.007430000230669975 0.015327000059187412
v -0.029497999697923657 0.0112119996920228 0.015327000059187412
v -0.027860999107360836 0.014817999675869942 0.015327000059187412
v -0.025785999372601506 0.01819000020623207 0.015327000059187412
v -0.02330599911510944 0.021276000887155533 0.015327000059187412
v -0.020457999780774113 0.02402699925005436 0.015327000059187412
v -0.029606999829411503 0.007172000128775835 0.014221999794244766
v -0.02847499959170818 0.010824000462889671 0.014221999794244766
v -0.026895999908447262 0.014303999952971935 0.014221999794244766
v -0.024893000721931454 0.017559999600052834 0.014221999794244766
v -0.022498000413179394 0.020539000630378723 0.014221999794244766
v -0.019749000668525692 0.023195000365376472 0.014221999794244766
v -0.02567699924111366 0.013655999675393105 0.013507000170648098
v -0.02376499958336353 0.016764000058174133 0.013507000170648098
v -0.021478999406099316 0.0196090005338192 0.013507000170648098
v -0.018853999674320217 0.022143999114632607 0.013507000170648098
v 0.005022999830543994 0.02864599972963333 0.013507000170648098
v 0.005450999829918145 0.0310830008238554 0.015327000059187412
v 0.005262000020593404 0.03000500053167343 0.014221999794244766
v 0.0015150000108405946 0.03152000159025192 0.015327000059187412
v 0.0014629999641329048 0.030427999794483185 0.014221999794244766
v -0.0024439999833703037 0.03146199882030487 0.015327000059187412
v -0.002359000034630298 0.030371999368071556 0.014221999794244766
v -0.0022519999183714385 0.028996000066399574 0.013507000170648098
v -0.005865999963134526 0.028485000133514404 0.013507000170648098
v -0.006364999804645776 0.030907999724149704 0.015327000059187412
v -0.006144000217318534 0.029836999252438545 0.014221999794244766
v -0.010184999555349348 0.029867999255657196 0.015327000059187412
v -0.009832000359892843 0.028832999989390373 0.014221999794244766
v -0.013845000416040419 0.028356999158859253 0.015327000059187412
v -0.013365999795496462 0.027374999597668648 0.014221999794244766
v -0.01276000030338764 0.026133999228477478 0.013507000170648098
v -0.015931999310851094 0.024330999702215195 0.013507000170648098
v -0.017287999391555783 0.026399999856948853 0.015327000059187412
v -0.01668800041079521 0.025484999641776085 0.014221999794244766
v -0.03135899826884269 0.0035310001112520695 0.015327000059187412
v -0.03027199953794479 0.0034080001059919596 0.014221999794244766
v -0.028899999335408207 0.003254000097513199 0.013507000170648098
v -0.02907999977469444 -0.0003910000086762011 0.013507000170648098
v -0.03155399858951568 -0.0004239999980200082 0.015327000059187412
v -0.03046000003814697 -0.0004090000002179295 0.014221999794244766
v -0.03125200048089027 -0.004372000228613615 0.015327000059187412
v -0.030169000849127766 -0.004220999777317047 0.014221999794244766
v -0.030458999797701832 -0.00825200043618679 0.015327000059187412
v -0.02940299920737743 -0.007965999655425549 0.014221999794244766
v -0.028070999309420582 -0.0076049999333918095 0.013507000170648098
v -0.026898000389337536 -0.011060000397264957 0.013507000170648098
v -0.029185999184846875 -0.012001000344753265 0.015327000059187412
v -0.028173999860882756 -0.011584999971091747 0.014221999794244766
v -0.02745299972593784 -0.015561000443994999 0.015327000059187412
v -0.026502000167965886 -0.015022000297904015 0.014221999794244766
v -0.26259699463844294 0.1854739934206009 0.013749999925494194
v -0.2657690048217773 0.1870429962873459 0.013749999925494194
v -0.262932002544403 0.1849440038204193 0.013749999925494194
v -0.266209989786148 0.18618400394916534 0.013749999925494194
v -0.26304799318313593 0.18465200066566467 0.013749999925494194
v -0.26637700200080866 0.18573099374771118 0.013749999925494194
v -0.26312500238418574 0.184348002076149 0.013749999925494194
v -0.2615909874439239 0.18620599806308746 0.013749999925494194
v -0.26371499896049494 0.18905100226402283 0.013749999925494194
v -0.26214000582695 0.18590299785137177 0.013749999925494194
v -0.26450499892234797 0.18849599361419678 0.013749999925494194
v -0.26519599556922907 0.18782100081443787 0.013749999925494194
v -0.2609849870204925 0.18636199831962585 0.013749999925494194
v -0.261922001838684 0.18975000083446503 0.013749999925494194
v -0.2628470063209533 0.1894730031490326 0.013749999925494194
v -0.2594630122184753 0.1816920042037964 0.013749999925494194
v -0.257216989994049 0.17897500097751617 0.013749999925494194
v -0.2589559853076934 0.18206100165843964 0.013749999925494194
v -0.25647500157356257 0.17959199845790863 0.013749999925494194
v -0.25855699181556696 0.18254399299621582 0.013749999925494194
v -0.2606669962406158 0.18138200044631958 0.013749999925494194
v -0.25989300012588495 0.1779319941997528 0.013749999925494194
v -0.2600449919700622 0.18146100640296936 0.013749999925494194
v -0.2589490115642547 0.1781339943408966 0.013749999925494194
v -0.2580490112304687 0.1784839928150177 0.013749999925494194
v -0.2618719935417175 0.1816900074481964 0.013749999925494194
v -0.2627469897270202 0.17825299501419067 0.013749999925494194
v -0.2612890005111694 0.18145999312400818 0.013749999925494194
v -0.2618170082569122 0.17799299955368042 0.013749999925494194
v -0.26085698604583735 0.1778849959373474 0.013749999925494194
v -0.2597509920597076 0.18620699644088745 0.013749999925494194
v -0.2590509951114654 0.1896599978208542 0.013749999925494194
v -0.26035800576210016 0.18636199831962585 0.013749999925494194
v -0.259999006986618 0.18984399735927582 0.013749999925494194
v -0.26096400618553156 0.18987500667572021 0.013749999925494194
v -0.258213996887207 0.18435199558734894 0.013749999925494194
v -0.25499498844146723 0.18583300709724426 0.013749999925494194
v -0.25840801000595087 0.18494799733161926 0.013749999925494194
v -0.25538200139999384 0.18671700358390808 0.013749999925494194
v -0.25874400138854975 0.18547700345516205 0.013749999925494194
v -0.2582910060882568 0.18311099708080292 0.013749999925494194
v -0.2547389864921569 0.1829719990491867 0.013749999925494194
v -0.2581740021705627 0.18372699618339539 0.013749999925494194
v -0.2546690106391906 0.1839350014925003 0.013749999925494194
v -0.2547560036182403 0.18489700555801392 0.013749999925494194
v -0.25584098696708674 0.18031999468803406 0.013749999925494194
v -0.2553319931030273 0.18114100396633148 0.013749999925494194
v -0.25496101379394526 0.1820330023765564 0.013749999925494194
v -0.2627789974212646 0.18254099786281586 0.013749999925494194
v -0.2651250064373016 0.17986300587654114 0.013749999925494194
v -0.26237899065017695 0.18205800652503967 0.013749999925494194
v -0.26442199945449824 0.17920100688934326 0.013749999925494194
v -0.2636229991912841 0.17865900695323944 0.013749999925494194
v -0.2559050023555755 0.18752899765968323 0.013749999925494194
v -0.25655201077461237 0.1882459968328476 0.013749999925494194
v -0.25920099020004267 0.18590599298477173 0.013749999925494194
v -0.2573049962520599 0.18885000050067902 0.013749999925494194
v -0.25814500451087946 0.1893250048160553 0.013749999925494194
v -0.26304599642753596 0.18310700356960297 0.013749999925494194
v -0.26616799831390375 0.1814810037612915 0.013749999925494194
v -0.2657119929790496 0.18062999844551086 0.013749999925494194
v -0.2665069997310638 0.18526600301265717 0.013749999925494194
v -0.2666540145874023 0.18431100249290466 0.013749999925494194
v -0.26316401362419123 0.18372300267219543 0.013749999925494194
v -0.2666450142860412 0.1833460032939911 0.013749999925494194
v -0.2664819955825805 0.18239399790763855 0.013749999925494194
v -0.25920099020004267 0.18590599298477173 0.012749999761581421
v -0.25655201077461237 0.1882459968328476 0.012749999761581421
v -0.25874400138854975 0.18547700345516205 0.012749999761581421
v -0.2559050023555755 0.18752899765968323 0.012749999761581421
v -0.25840801000595087 0.18494799733161926 0.012749999761581421
v -0.2582910060882568 0.18311099708080292 0.012749999761581421
v -0.2581740021705627 0.18372699618339539 0.012749999761581421
v -0.2547389864921569 0.1829719990491867 0.012749999761581421
v -0.2589559853076934 0.18206100165843964 0.012749999761581421
v -0.257216989994049 0.17897500097751617 0.012749999761581421
v -0.2594630122184753 0.1816920042037964 0.012749999761581421
v -0.2580490112304687 0.1784839928150177 0.012749999761581421
v -0.2600449919700622 0.18146100640296936 0.012749999761581421
v -0.26035800576210016 0.18636199831962585 0.012749999761581421
v -0.2590509951114654 0.1896599978208542 0.012749999761581421
v -0.2597509920597076 0.18620699644088745 0.012749999761581421
v -0.25814500451087946 0.1893250048160553 0.012749999761581421
v -0.2573049962520599 0.18885000050067902 0.012749999761581421
v -0.2627789974212646 0.18254099786281586 0.012749999761581421
v -0.26616799831390375 0.1814810037612915 0.012749999761581421
v -0.26304599642753596 0.18310700356960297 0.012749999761581421
v -0.2664819955825805 0.18239399790763855 0.012749999761581421
v -0.26316401362419123 0.18372300267219543 0.012749999761581421
v -0.25496101379394526 0.1820330023765564 0.012749999761581421
v -0.2553319931030273 0.18114100396633148 0.012749999761581421
v -0.25855699181556696 0.18254399299621582 0.012749999761581421
v -0.25584098696708674 0.18031999468803406 0.012749999761581421
v -0.25647500157356257 0.17959199845790863 0.012749999761581421
v -0.25538200139999384 0.18671700358390808 0.012749999761581421
v -0.25499498844146723 0.18583300709724426 0.012749999761581421
v -0.258213996887207 0.18435199558734894 0.012749999761581421
v -0.2547560036182403 0.18489700555801392 0.012749999761581421
v -0.2546690106391906 0.1839350014925003 0.012749999761581421
v -0.262932002544403 0.1849440038204193 0.012749999761581421
v -0.2657690048217773 0.1870429962873459 0.012749999761581421
v -0.26259699463844294 0.1854739934206009 0.012749999761581421
v -0.26519599556922907 0.18782100081443787 0.012749999761581421
v -0.26214000582695 0.18590299785137177 0.012749999761581421
v -0.2666450142860412 0.1833460032939911 0.012749999761581421
v -0.2666540145874023 0.18431100249290466 0.012749999761581421
v -0.26312500238418574 0.184348002076149 0.012749999761581421
v -0.2665069997310638 0.18526600301265717 0.012749999761581421
v -0.26304799318313593 0.18465200066566467 0.012749999761581421
v -0.26637700200080866 0.18573099374771118 0.012749999761581421
v -0.266209989786148 0.18618400394916534 0.012749999761581421
v -0.26237899065017695 0.18205800652503967 0.012749999761581421
v -0.2651250064373016 0.17986300587654114 0.012749999761581421
v -0.2657119929790496 0.18062999844551086 0.012749999761581421
v -0.2589490115642547 0.1781339943408966 0.012749999761581421
v -0.25989300012588495 0.1779319941997528 0.012749999761581421
v -0.2606669962406158 0.18138200044631958 0.012749999761581421
v -0.26085698604583735 0.1778849959373474 0.012749999761581421
v -0.2612890005111694 0.18145999312400818 0.012749999761581421
v -0.2615909874439239 0.18620599806308746 0.012749999761581421
v -0.261922001838684 0.18975000083446503 0.012749999761581421
v -0.2609849870204925 0.18636199831962585 0.012749999761581421
v -0.26096400618553156 0.18987500667572021 0.012749999761581421
v -0.259999006986618 0.18984399735927582 0.012749999761581421
v -0.2618170082569122 0.17799299955368042 0.012749999761581421
v -0.2627469897270202 0.17825299501419067 0.012749999761581421
v -0.2618719935417175 0.1816900074481964 0.012749999761581421
v -0.2636229991912841 0.17865900695323944 0.012749999761581421
v -0.26442199945449824 0.17920100688934326 0.012749999761581421
v -0.26450499892234797 0.18849599361419678 0.012749999761581421
v -0.26371499896049494 0.18905100226402283 0.012749999761581421
v -0.2628470063209533 0.1894730031490326 0.012749999761581421
v -0.2610949873924255 0.18634499609470367 0.0037499999161809683
v -0.26247999072074885 0.18960200250148773 0.0037499999161809683
v -0.26169499754905695 0.18616199493408203 0.0037499999161809683
v -0.26337400078773493 0.18923799693584442 0.0037499999161809683
v -0.2619720101356506 0.1860159933567047 0.0037499999161809683
v -0.2637960016727447 0.18900300562381744 0.0037499999161809683
v -0.2622289955615997 0.18583500385284424 0.0037499999161809683
v -0.25985598564147944 0.18624599277973175 0.0037499999161809683
v -0.25961399078369135 0.18978799879550934 0.0037499999161809683
v -0.26046898961067194 0.1863739937543869 0.0037499999161809683
v -0.26057600975036616 0.18988099694252014 0.0037499999161809683
v -0.26153901219367975 0.18981899321079254 0.0037499999161809683
v -0.2592929899692535 0.18596899509429932 0.0037499999161809683
v -0.25779798626899714 0.18915000557899475 0.0037499999161809683
v -0.25868099927902216 0.1895429939031601 0.0037499999161809683
v -0.2611800134181976 0.1814350038766861 0.0037499999161809683
v -0.26124501228332514 0.1779100000858307 0.0037499999161809683
v -0.26055499911308283 0.18138499557971954 0.0037499999161809683
v -0.26028001308441157 0.17789499461650848 0.0037499999161809683
v -0.2599380016326904 0.18149100244045258 0.0037499999161809683
v -0.2622959911823272 0.18198299407958984 0.0037499999161809683
v -0.26395499706268305 0.17886100709438324 0.0037499999161809683
v -0.26177200675010676 0.18163900077342987 0.0037499999161809683
v -0.26310700178146357 0.178398996591568 0.0037499999161809683
v -0.2621960043907165 0.17807899415493011 0.0037499999161809683
v -0.2630090117454528 0.18300199508666992 0.0037499999161809683
v -0.26591199636459345 0.18096299469470978 0.0037499999161809683
v -0.2627170085906982 0.18244799971580505 0.0037499999161809683
v -0.26537600159645075 0.18016000092029572 0.0037499999161809683
v -0.2647179961204528 0.1794539988040924 0.0037499999161809683
v -0.25845798850059504 0.18504799902439117 0.0037499999161809683
v -0.2556790113449096 0.1872130036354065 0.0037499999161809683
v -0.2588180005550384 0.18556199967861176 0.0037499999161809683
v -0.2562780082225799 0.18796999752521515 0.0037499999161809683
v -0.25698998570442194 0.18862199783325195 0.0037499999161809683
v -0.2585000097751617 0.18264000117778778 0.0037499999161809683
v -0.25509300827980036 0.1816670000553131 0.0037499999161809683
v -0.2582589983940124 0.18321900069713593 0.0037499999161809683
v -0.2548100054264068 0.18258999288082123 0.0037499999161809683
v -0.25817000865936274 0.18383899331092834 0.0037499999161809683
v -0.25936600565910334 0.18174800276756287 0.0037499999161809683
v -0.2567610144615173 0.17932899296283722 0.0037499999161809683
v -0.25887700915336603 0.18213899433612823 0.0037499999161809683
v -0.25608101487159723 0.18001499772071838 0.0037499999161809683
v -0.25552099943161005 0.18080100417137146 0.0037499999161809683
v -0.25932499766349787 0.17803500592708588 0.0037499999161809683
v -0.25840398669242853 0.17832599580287933 0.0037499999161809683
v -0.2575420141220092 0.17876100540161133 0.0037499999161809683
v -0.2631439864635467 0.184238001704216 0.0037499999161809683
v -0.2666670083999633 0.1837339997291565 0.0037499999161809683
v -0.26315501332283014 0.18361100554466248 0.0037499999161809683
v -0.2665660083293914 0.18277400732040405 0.0037499999161809683
v -0.2663120031356811 0.18184199929237366 0.0037499999161809683
v -0.2546789944171905 0.1835470050573349 0.0037499999161809683
v -0.2547020018100738 0.18451200425624847 0.0037499999161809683
v -0.2582370042800903 0.18446199595928192 0.0037499999161809683
v -0.2548809945583343 0.18546099960803986 0.0037499999161809683
v -0.25520899891853327 0.18636900186538696 0.0037499999161809683
v -0.26297700405120844 0.18484200537204742 0.0037499999161809683
v -0.2664059996604919 0.18564100563526154 0.0037499999161809683
v -0.2666130065917968 0.18469800055027008 0.0037499999161809683
v -0.2641980051994323 0.1887339949607849 0.0037499999161809683
v -0.2649309933185577 0.1881050020456314 0.0037499999161809683
v -0.26266598701477045 0.18538600206375122 0.0037499999161809683
v -0.2655529975891113 0.1873670071363449 0.0037499999161809683
v -0.2660489976406097 0.1865379959344864 0.0037499999161809683
v -0.2582370042800903 0.18446199595928192 0.002749999985098839
v -0.2547020018100738 0.18451200425624847 0.002749999985098839
v -0.25817000865936274 0.18383899331092834 0.002749999985098839
v -0.2546789944171905 0.1835470050573349 0.002749999985098839
v -0.2582589983940124 0.18321900069713593 0.002749999985098839
v -0.25936600565910334 0.18174800276756287 0.002749999985098839
v -0.25887700915336603 0.18213899433612823 0.002749999985098839
v -0.2567610144615173 0.17932899296283722 0.002749999985098839
v -0.26055499911308283 0.18138499557971954 0.002749999985098839
v -0.26124501228332514 0.1779100000858307 0.002749999985098839
v -0.2611800134181976 0.1814350038766861 0.002749999985098839
v -0.2621960043907165 0.17807899415493011 0.002749999985098839
v -0.26177200675010676 0.18163900077342987 0.002749999985098839
v -0.2588180005550384 0.18556199967861176 0.002749999985098839
v -0.2556790113449096 0.1872130036354065 0.002749999985098839
v -0.25845798850059504 0.18504799902439117 0.002749999985098839
v -0.25520899891853327 0.18636900186538696 0.002749999985098839
v -0.2548809945583343 0.18546099960803986 0.002749999985098839
v -0.2631439864635467 0.184238001704216 0.002749999985098839
v -0.2664059996604919 0.18564100563526154 0.002749999985098839
v -0.26297700405120844 0.18484200537204742 0.002749999985098839
v -0.2660489976406097 0.1865379959344864 0.002749999985098839
v -0.26266598701477045 0.18538600206375122 0.002749999985098839
v -0.2575420141220092 0.17876100540161133 0.002749999985098839
v -0.25840398669242853 0.17832599580287933 0.002749999985098839
v -0.2599380016326904 0.18149100244045258 0.002749999985098839
v -0.25932499766349787 0.17803500592708588 0.002749999985098839
v -0.26028001308441157 0.17789499461650848 0.002749999985098839
v -0.2548100054264068 0.18258999288082123 0.002749999985098839
v -0.25509300827980036 0.1816670000553131 0.002749999985098839
v -0.2585000097751617 0.18264000117778778 0.002749999985098839
v -0.25552099943161005 0.18080100417137146 0.002749999985098839
v -0.25608101487159723 0.18001499772071838 0.002749999985098839
v -0.26169499754905695 0.18616199493408203 0.002749999985098839
v -0.26247999072074885 0.18960200250148773 0.002749999985098839
v -0.2610949873924255 0.18634499609470367 0.002749999985098839
v -0.26153901219367975 0.18981899321079254 0.002749999985098839
v -0.26046898961067194 0.1863739937543869 0.002749999985098839
v -0.2655529975891113 0.1873670071363449 0.002749999985098839
v -0.2649309933185577 0.1881050020456314 0.002749999985098839
v -0.2622289955615997 0.18583500385284424 0.002749999985098839
v -0.2641980051994323 0.1887339949607849 0.002749999985098839
v -0.2619720101356506 0.1860159933567047 0.002749999985098839
v -0.2637960016727447 0.18900300562381744 0.002749999985098839
v -0.26337400078773493 0.18923799693584442 0.002749999985098839
v -0.26315501332283014 0.18361100554466248 0.002749999985098839
v -0.2666670083999633 0.1837339997291565 0.002749999985098839
v -0.2666130065917968 0.18469800055027008 0.002749999985098839
v -0.26310700178146357 0.178398996591568 0.002749999985098839
v -0.26395499706268305 0.17886100709438324 0.002749999985098839
v -0.2622959911823272 0.18198299407958984 0.002749999985098839
v -0.2647179961204528 0.1794539988040924 0.002749999985098839
v -0.2627170085906982 0.18244799971580505 0.002749999985098839
v -0.25985598564147944 0.18624599277973175 0.002749999985098839
v -0.25779798626899714 0.18915000557899475 0.002749999985098839
v -0.2592929899692535 0.18596899509429932 0.002749999985098839
v -0.25698998570442194 0.18862199783325195 0.002749999985098839
v -0.2562780082225799 0.18796999752521515 0.002749999985098839
v -0.26537600159645075 0.18016000092029572 0.002749999985098839
v -0.26591199636459345 0.18096299469470978 0.002749999985098839
v -0.2630090117454528 0.18300199508666992 0.002749999985098839
v -0.2663120031356811 0.18184199929237366 0.002749999985098839
v -0.2665660083293914 0.18277400732040405 0.002749999985098839
v -0.26057600975036616 0.18988099694252014 0.002749999985098839
v -0.25961399078369135 0.18978799879550934 0.002749999985098839
v -0.25868099927902216 0.1895429939031601 0.002749999985098839
v -0.23663100600242612 0.14958299696445465 0.011734999716281891
v -0.23681800067424771 0.1496569961309433 0.011675000190734863
v -0.23010499775409696 0.14393900334835052 0.010370999574661255
v -0.23744699358940122 0.15001100301742554 0.011579000391066074
v -0.2431789934635162 0.15316200256347656 0.010370999574661255
v -0.23807400465011594 0.15057699382305145 0.011710000224411488
v -0.2283930033445358 0.14636600017547607 0.013659000396728516
v -0.2340770065784454 0.15024800598621368 0.013585999608039856
v -0.229433998465538 0.14488999545574188 0.012103999964892864
v -0.2343579977750778 0.1499290019273758 0.013275000266730785
v -0.23480400443077085 0.14962400496006012 0.012861000373959541
v -0.23560400307178495 0.14941999316215515 0.012260000221431255
v -0.23590700328350064 0.1494240015745163 0.01207400020211935
v -0.23636999726295468 0.1495019942522049 0.011838999576866627
v -0.240105003118515 0.15751999616622925 0.01496300008147955
v -0.24146699905395505 0.1555889993906021 0.013659000396728516
v -0.23828999698162076 0.1533530056476593 0.013660999946296215
v -0.23759299516677854 0.15394100546836853 0.014216000214219093
v -0.23673999309539792 0.15422800183296204 0.01460800040513277
v -0.2364390045404434 0.15425699949264526 0.014705000445246696
v -0.2356469929218292 0.1541679948568344 0.014887000434100628
v -0.23548099398612973 0.15411800146102905 0.014911999925971031
v -0.2347930073738098 0.15376900136470795 0.014961999841034412
v -0.23467299342155454 0.1536789983510971 0.014960000291466713
v -0.2340549975633621 0.15297900140285492 0.01486200001090765
v -0.22702999413013455 0.1482969969511032 0.01496300008147955
v -0.2337200045585632 0.1521340012550354 0.014623000286519527
v -0.23371100425720212 0.15208999812602997 0.014607000164687634
v -0.2336889952421188 0.15195700526237488 0.014557999558746815
v -0.23372399806976316 0.15104900300502777 0.014138000085949898
v -0.23372699320316312 0.15103599429130554 0.014131000265479088
v -0.23386299610137937 0.15062600374221802 0.013876000419259071
v -0.23401699960231778 0.15033699572086334 0.013660999946296215
v -0.23862299323081967 0.15155300498008728 0.012261999770998955
v -0.23871099948883054 0.15211699903011322 0.012667999602854252
v -0.24250799417495725 0.15411299467086792 0.012103999964892864
v -0.23818300664424893 0.15071000158786774 0.011768000200390816
v -0.2385199964046478 0.1512719988822937 0.012078000232577324
v -0.23868000507354734 0.15249599516391754 0.012958000414073467
v -0.23853799700736997 0.15294499695301056 0.013318000361323357
v -0.23835299909114835 0.1532679945230484 0.01358800008893013
v -0.2148330062627792 0.16558900475502014 0.014031999744474888
v -0.22055299580097196 0.16961300373077393 0.014038000255823135
v -0.2162699997425079 0.16355100274085999 0.015259999781847
v -0.22067999839782712 0.16952499747276306 0.01412499975413084
v -0.22082400321960446 0.16943900287151337 0.014214999973773956
v -0.22108800709247586 0.1693129986524582 0.014359000138938427
v -0.22167900204658506 0.1691499948501587 0.01460800040513277
v -0.22188399732112882 0.16912700235843658 0.014677000232040882
v -0.22277300059795377 0.1692110002040863 0.01488799974322319
v -0.22279800474643704 0.16921700537204742 0.014891000464558601
v -0.22362299263477323 0.1696079969406128 0.014961999841034412
v -0.22934499382972715 0.17277400195598602 0.015259999781847
v -0.22419300675392148 0.17015300691127777 0.014909000135958195
v -0.22436000406742093 0.17039400339126587 0.014863000251352787
v -0.22463800013065335 0.1710119992494583 0.014700000174343586
v -0.22470700740814206 0.17128700017929077 0.014607000164687634
v -0.21970699727535245 0.17127400636672974 0.012657999992370605
v -0.21974000334739682 0.17087799310684204 0.012961000204086304
v -0.213700994849205 0.1671929955482483 0.012536999769508839
v -0.21987099945545194 0.1704549938440323 0.013300999999046326
v -0.22006599605083463 0.17011000216007233 0.013589000329375267
v -0.2260019928216934 0.1775120049715042 0.010843999683856964
v -0.22266499698162076 0.17396099865436554 0.012165999971330166
v -0.2218540012836456 0.17381800711154938 0.011758999899029732
v -0.22179399430751798 0.17379799485206604 0.011737000197172165
v -0.2210859954357147 0.17344599962234497 0.01158200018107891
v -0.22097100317478177 0.17336800694465637 0.011579000391066074
v -0.21292799711227414 0.16828900575637817 0.010843999683856964
v -0.22042700648307798 0.17289400100708008 0.011673999950289726
v -0.2202319949865341 0.17266400158405304 0.011769999749958515
v -0.2199040055274963 0.17212000489234924 0.012070000171661377
v -0.21979500353336331 0.17182700335979462 0.012261999770998955
v -0.21972000598907468 0.17146100103855133 0.012520000338554382
v -0.22474899888038632 0.1719450056552887 0.014336000196635723
v -0.22469200193881986 0.17233900725841522 0.014132999815046787
v -0.22790700197219846 0.1748110055923462 0.014031999744474888
v -0.22464700043201444 0.17250700294971466 0.014034999534487724
v -0.2245250046253204 0.17281800508499146 0.013829999603331089
v -0.22365300357341764 0.17373399436473846 0.012895000167191029
v -0.22361299395561215 0.1737550050020218 0.012860000133514404
v -0.22677500545978543 0.17641599476337433 0.012536999769508839
v -0.2231909930706024 0.17390500009059906 0.012523000128567219
v -0.2228160053491592 0.17395800352096558 0.012261000461876392
v -0.22434300184249875 0.17312799394130707 0.013589000329375267
v -0.22429899871349332 0.1731880009174347 0.013535999692976475
v -0.2240059971809387 0.1734970062971115 0.013221999630331993
v -0.2201299965381622 0.17252300679683685 0.004660999868065119
v -0.2202939987182617 0.17274199426174164 0.004765000194311142
v -0.21302300691604611 0.16815300285816193 0.005381000228226185
v -0.2204259932041168 0.1728930026292801 0.004825000185519457
v -0.22097100317478177 0.17336800694465637 0.004920999985188246
v -0.2217150032520294 0.17376799881458282 0.0047900001518428326
v -0.22609800100326535 0.17737600207328796 0.005381000228226185
v -0.2218769937753677 0.17382599413394928 0.004732000175863504
v -0.22350999712944028 0.17380200326442719 0.0037269999738782644
v -0.22693000733852384 0.17619700729846954 0.0037140001077204943
v -0.2228180021047592 0.17395800352096558 0.004238000139594078
v -0.22251699864864347 0.17395499348640442 0.004422000143676996
v -0.22069999575614926 0.16951200366020203 0.0023620000574737787
v -0.2206889986991882 0.16951900720596313 0.0023690001107752323
v -0.21503899991512296 0.16529600322246552 0.0022559999488294125
v -0.21985700726509091 0.1704850047826767 0.0032250001095235348
v -0.2138549983501434 0.1669739931821823 0.0037140001077204943
v -0.22006399929523465 0.1701129972934723 0.0029140000697225332
v -0.2203480005264282 0.16978399455547333 0.002623999956995249
v -0.21972000598907468 0.17100700736045837 0.003639000002294779
v -0.2197110056877136 0.1711129993200302 0.003719999920576811
v -0.2197960019111633 0.1718290001153946 0.004240000154823065
v -0.22463199496269223 0.17099399864673615 0.0017950000474229455
v -0.22428399324417111 0.17027699947357178 0.0016129999421536922
v -0.22959299385547635 0.17242200672626495 0.0010760000441223383
v -0.22418099641799924 0.17013700306415558 0.0015879999846220016
v -0.22362099587917325 0.16960600018501282 0.0015379999531432986
v -0.22349600493907926 0.16952399909496307 0.0015399999683722854
v -0.22262899577617642 0.16917599737644196 0.0016380000161007047
v -0.2165179997682571 0.16319899260997772 0.0010760000441223383
v -0.22172099351882932 0.16914400458335876 0.0018769999733194709
v -0.22167700529098508 0.16915099322795868 0.001892999978736043
v -0.2215439975261688 0.16917400062084198 0.0019420000026002526
v -0.22089299559593198 0.16940200328826904 0.002245000097900629
v -0.2237250059843063 0.17369499802589417 0.003541999962180853
v -0.22410100698471067 0.17341099679470062 0.0031820000149309635
v -0.2281129956245422 0.17451900243759155 0.0022559999488294125
v -0.22434300184249875 0.17312900722026825 0.0029120000544935465
v -0.2245340049266815 0.1727990061044693 0.002655999967828393
v -0.22472199797630307 0.17218700051307678 0.002283999929204583
v -0.22473099827766416 0.17212699353694916 0.0022529999259859324
v -0.22470599412918088 0.17128600180149078 0.0018919999711215496
v -0.22567699849605558 0.1502159982919693 0.0006750000175088644
v -0.23415000736713407 0.15312400460243225 0.0016090000281110406
v -0.23479500412940976 0.15377099812030792 0.0015379999531432986
v -0.22857800126075742 0.14610299468040466 0.0030690000858157873
v -0.23407499492168424 0.15025100111961365 0.002911000046879053
v -0.22726200520992276 0.14796899259090424 0.0017209999496117234
v -0.23373000323772428 0.15102599561214447 0.002374999923631549
v -0.2336969971656799 0.15119099617004395 0.0022849999368190765
v -0.2336670011281967 0.1514820009469986 0.0021410000044852495
v -0.2337120026350021 0.15209199488162994 0.0018919999711215496
v -0.2337590008974075 0.15229399502277374 0.0018230000277981162
v -0.2339150011539459 0.1527169942855835 0.0017000000225380063
v -0.23413600027561185 0.15310299396514893 0.0016120000509545207
v -0.22956399619579312 0.14470599591732025 0.004656999837607145
v -0.23639599978923795 0.149508997797966 0.004672999959439039
v -0.2356009930372238 0.14941999316215515 0.004238000139594078
v -0.23505100607872007 0.14952300488948822 0.0038419999182224274
v -0.23468899726867673 0.14968599379062653 0.0035389999393373728
v -0.23421500623226163 0.15007400512695312 0.003073000116273761
v -0.24263800680637357 0.1539289951324463 0.004656999837607145
v -0.23826099932193753 0.15081599354743958 0.004681000020354986
v -0.2432489991188049 0.15306299924850464 0.006411000154912472
v -0.23816800117492673 0.15069200098514557 0.004741000011563301
v -0.23812900483608243 0.15064199268817902 0.004763000179082155
v -0.23755900561809537 0.15009300410747528 0.004918000195175409
v -0.23744699358940122 0.15001100301742554 0.004920999985188246
v -0.23653699457645413 0.14955100417137146 0.004730000160634518
v -0.23017400503158567 0.1438400000333786 0.006411000154912472
v -0.2368189990520477 0.1496569961309433 0.004825999960303307
v -0.23870499432086942 0.1519870012998581 0.00392899988219142
v -0.2386980056762695 0.15237000584602356 0.003640000009909272
v -0.23869299888610837 0.15241500735282898 0.003604999976232648
v -0.23862299323081967 0.1515509933233261 0.004238999914377928
v -0.2385749965906143 0.15140800178050995 0.004335000179708004
v -0.2367410063743591 0.15422800183296204 0.001892999978736043
v -0.23737399280071256 0.15404699742794037 0.0021639999467879534
v -0.240336000919342 0.15719200670719147 0.0017209999496117234
v -0.23645800352096555 0.15425600111484528 0.0017999999690800905
v -0.2354999929666519 0.15412500500679016 0.0015910000074654818
v -0.23875099420547483 0.15943799912929535 0.0006750000175088644
v -0.23578299582004544 0.15420100092887878 0.0016370000084862113
v -0.23611000180244443 0.15424899756908417 0.0017059999518096447
v -0.23772600293159482 0.15386199951171875 0.0023670000955462456
v -0.23812200129032132 0.15354299545288086 0.0026700000744313
v -0.24165199697017667 0.1553259938955307 0.0030690000858157873
v -0.23835299909114835 0.1532679945230484 0.002911000046879053
v -0.23839400708675382 0.15320700407028198 0.0029639999847859144
v -0.2384729981422424 0.15307599306106567 0.0030739998910576105
v -0.23858700692653653 0.15282699465751648 0.003278000047430396
v -0.23697100579738614 0.16196300089359283 -1.9999999494757503e-05
v -0.2238959968090057 0.1527400016784668 -1.9999999494757503e-05
v -0.23507699370384214 0.16464799642562866 -0.0003330000035930425
v -0.22200299799442288 0.15542499721050262 -0.0003330000035930425
v -0.23315699398517606 0.16736899316310883 -0.00024900000425986946
v -0.2200829982757568 0.1581459939479828 -0.00024900000425986946
v -0.23129999637603757 0.17000100016593933 0.0002280000044265762
v -0.21822600066661832 0.1607780009508133 0.0002280000044265762
v -0.22565500438213346 0.17800399661064148 0.007180999964475632
v -0.212580993771553 0.16878099739551544 0.007180999964475632
v -0.22562299668788907 0.1780499964952469 0.00903099961578846
v -0.21254800260066983 0.16882699728012085 0.00903099961578846
v -0.23102200031280515 0.17039600014686584 0.016163000836968422
v -0.2179470062255859 0.1611730009317398 0.016163000836968422
v -0.23285999894142148 0.16778899729251862 0.016699999570846558
v -0.21978600323200223 0.15856699645519257 0.016699999570846558
v -0.2347760051488876 0.16507400572299957 0.016845999285578728
v -0.22170199453830716 0.15585100650787354 0.016845999285578728
v -0.2366800010204315 0.16237500309944153 0.01659500040113926
v -0.22360600531101224 0.1531520038843155 0.01659500040113926
v -0.23848399519920346 0.15981799364089966 0.015957999974489212
v -0.2254099994897842 0.15059499442577362 0.015957999974489212
v -0.24345000088214871 0.1527779996395111 0.008539999835193157
v -0.23037600517272946 0.14355500042438507 0.008539999835193157
v -0.24345499277114865 0.15276999771595 0.008249999955296516
v -0.2303809970617294 0.14354699850082397 0.008249999955296516
v -0.25795999169349665 0.18772199749946594 0.012749999761581421
v -0.25795999169349665 0.18772199749946594 0.01075000036507845
v -0.25675600767135615 0.18648399412631989 0.012749999761581421
v -0.25675600767135615 0.18648399412631989 0.01075000036507845
v -0.25608000159263605 0.18489499390125275 0.012749999761581421
v -0.25608000159263605 0.18489499390125275 0.01075000036507845
v -0.2560240030288696 0.18316900730133057 0.012749999761581421
v -0.2560240030288696 0.18316900730133057 0.01075000036507845
v -0.25659498572349543 0.18153899908065796 0.012749999761581421
v -0.25659498572349543 0.18153899908065796 0.01075000036507845
v -0.25771701335906977 0.18022499978542328 0.012749999761581421
v -0.25771701335906977 0.18022499978542328 0.01075000036507845
v -0.259236991405487 0.17940500378608704 0.012749999761581421
v -0.259236991405487 0.17940500378608704 0.01075000036507845
v -0.2609510123729705 0.179189994931221 0.012749999761581421
v -0.2609510123729705 0.179189994931221 0.01075000036507845
v -0.26262700557708735 0.1796090006828308 0.012749999761581421
v -0.26262700557708735 0.1796090006828308 0.01075000036507845
v -0.2640379965305328 0.1806049942970276 0.012749999761581421
v -0.2640379965305328 0.1806049942970276 0.01075000036507845
v -0.26499399542808527 0.18204300105571747 0.012749999761581421
v -0.26499399542808527 0.18204300105571747 0.01075000036507845
v -0.26536700129508967 0.18372899293899536 0.012749999761581421
v -0.26536700129508967 0.18372899293899536 0.01075000036507845
v -0.26510500907897944 0.18543699383735657 0.012749999761581421
v -0.26510500907897944 0.18543699383735657 0.01075000036507845
v -0.26424300670623774 0.1869339942932129 0.012749999761581421
v -0.26424300670623774 0.1869339942932129 0.01075000036507845
v -0.26289999485015864 0.1880190074443817 0.012749999761581421
v -0.26289999485015864 0.1880190074443817 0.01075000036507845
v -0.2612540125846862 0.18854500353336334 0.012749999761581421
v -0.2612540125846862 0.18854500353336334 0.01075000036507845
v -0.2595300078392028 0.18844200670719147 0.012749999761581421
v -0.2595300078392028 0.18844200670719147 0.01075000036507845
v -0.24670000374317166 0.18481199443340302 0.012749999761581421
v -0.2467200011014938 0.1850689947605133 0.01241500023752451
v -0.24715200066566465 0.18752600252628326 0.012749999761581421
v -0.246750995516777 0.18539699912071228 0.011845000088214874
v -0.24677699804306027 0.18561699986457825 0.01128000020980835
v -0.24680300056934354 0.18580999970436096 0.009999999776482582
v -0.24680300056934354 0.18580999970436096 0.006500000134110451
v -0.24715200066566465 0.18752600252628326 0.0037499999161809683
v -0.24678100645542142 0.1856440007686615 0.011188999749720097
v -0.24679699540138242 0.1857679933309555 0.010602000169456005
v -0.24679699540138242 0.1857679933309555 0.005898000206798315
v -0.24678100645542142 0.1856440007686615 0.005311000160872936
v -0.24677699804306027 0.18561699986457825 0.0052200001664459705
v -0.246750995516777 0.18539699912071228 0.004654999822378159
v -0.2467200011014938 0.1850689947605133 0.004085000138729811
v -0.24670000374317166 0.18481199443340302 0.0037499999161809683
v -0.2568599879741668 0.17041000723838806 0.0037499999161809683
v -0.257108986377716 0.17034199833869934 0.004085000138729811
v -0.25956800580024714 0.1699250042438507 0.0037499999161809683
v -0.2574279904365539 0.17026199400424957 0.004654999822378159
v -0.2576439976692199 0.1702129989862442 0.0052200001664459705
v -0.257669985294342 0.17020699381828308 0.005311000160872936
v -0.2577919960021972 0.170181006193161 0.005898000206798315
v -0.2578339874744415 0.17017200589179993 0.006500000134110451
v -0.2578339874744415 0.17017200589179993 0.009999999776482582
v -0.2577919960021972 0.170181006193161 0.010602000169456005
v -0.25956800580024714 0.1699250042438507 0.012749999761581421
v -0.257669985294342 0.17020699381828308 0.011188999749720097
v -0.2576439976692199 0.1702129989862442 0.01128000020980835
v -0.2574279904365539 0.17026199400424957 0.011845000088214874
v -0.257108986377716 0.17034199833869934 0.01241500023752451
v -0.2568599879741668 0.17041000723838806 0.012749999761581421
v -0.24831500649452207 0.1904670000076294 0.0037499999161809683
v -0.24831500649452207 0.1904670000076294 0.012749999761581421
v -0.25010800361633295 0.19307200610637665 0.0037499999161809683
v -0.25010800361633295 0.19307200610637665 0.012749999761581421
v -0.2524409890174865 0.19520799815654755 0.0037499999161809683
v -0.2524409890174865 0.19520799815654755 0.012749999761581421
v -0.2551929950714111 0.19676600396633148 0.0037499999161809683
v -0.2551929950714111 0.19676600396633148 0.012749999761581421
v -0.25822499394416804 0.19766700267791748 0.0037499999161809683
v -0.25822499394416804 0.19766700267791748 0.012749999761581421
v -0.2613810002803802 0.19786399602890015 0.0037499999161809683
v -0.2613810002803802 0.19786399602890015 0.012749999761581421
v -0.2645019888877868 0.1973470002412796 0.0037499999161809683
v -0.2645019888877868 0.1973470002412796 0.012749999761581421
v -0.26742601394653315 0.1961430013179779 0.0037499999161809683
v -0.26742601394653315 0.1961430013179779 0.012749999761581421
v -0.27000600099563593 0.19431400299072266 0.0037499999161809683
v -0.27000600099563593 0.19431400299072266 0.012749999761581421
v -0.27210900187492365 0.19195200502872467 0.0037499999161809683
v -0.27210900187492365 0.19195200502872467 0.012749999761581421
v -0.2736290097236633 0.189178004860878 0.0037499999161809683
v -0.2736290097236633 0.189178004860878 0.012749999761581421
v -0.27448698878288263 0.1861339956521988 0.0037499999161809683
v -0.27448698878288263 0.1861339956521988 0.012749999761581421
v -0.27463999390602106 0.18297499418258667 0.0037499999161809683
v -0.27463999390602106 0.18297499418258667 0.012749999761581421
v -0.27408000826835627 0.17986300587654114 0.0037499999161809683
v -0.27408000826835627 0.17986300587654114 0.012749999761581421
v -0.2728349864482879 0.17695499956607819 0.0037499999161809683
v -0.2728349864482879 0.17695499956607819 0.012749999761581421
v -0.2709699869155883 0.17440100014209747 0.0037499999161809683
v -0.2709699869155883 0.17440100014209747 0.012749999761581421
v -0.2685790061950683 0.17233100533485413 0.0037499999161809683
v -0.2685790061950683 0.17233100533485413 0.012749999761581421
v -0.2657850086688995 0.1708499938249588 0.0037499999161809683
v -0.2657850086688995 0.1708499938249588 0.012749999761581421
v -0.26272898912429804 0.1700340062379837 0.0037499999161809683
v -0.26272898912429804 0.1700340062379837 0.012749999761581421
v -0.2410359978675842 0.1779170036315918 0.0037499999161809683
v -0.2409040033817291 0.1778690069913864 0.0037499999161809683
v -0.2422160059213638 0.17636799812316895 0.0037499999161809683
v -0.25795999169349665 0.18772199749946594 0.0037499999161809683
v -0.2595300078392028 0.18844200670719147 0.0037499999161809683
v -0.26536700129508967 0.18372899293899536 0.0037499999161809683
v -0.26510500907897944 0.18543699383735657 0.0037499999161809683
v -0.26424300670623774 0.1869339942932129 0.0037499999161809683
v -0.25675600767135615 0.18648399412631989 0.0037499999161809683
v -0.25608000159263605 0.18489499390125275 0.0037499999161809683
v -0.26262700557708735 0.1796090006828308 0.0037499999161809683
v -0.2609510123729705 0.179189994931221 0.0037499999161809683
v -0.2537460029125213 0.17128600180149078 0.0037499999161809683
v -0.259236991405487 0.17940500378608704 0.0037499999161809683
v -0.26289999485015864 0.1880190074443817 0.0037499999161809683
v -0.2612540125846862 0.18854500353336334 0.0037499999161809683
v -0.2640379965305328 0.1806049942970276 0.0037499999161809683
v -0.26499399542808527 0.18204300105571747 0.0037499999161809683
v -0.2560240030288696 0.18316900730133057 0.0037499999161809683
v -0.25597798824310297 0.17057999968528748 0.0037499999161809683
v -0.25657600164413447 0.17048099637031555 0.0037499999161809683
v -0.24655500054359433 0.18388299643993378 0.0037499999161809683
v -0.24647499620914456 0.18353000283241272 0.0037499999161809683
v -0.24634499847888944 0.1828649938106537 0.0037499999161809683
v -0.24382099509239194 0.17434699833393097 0.0037499999161809683
v -0.24648100137710569 0.18158499896526337 0.0037499999161809683
v -0.25771701335906977 0.18022499978542328 0.0037499999161809683
v -0.25659498572349543 0.18153899908065796 0.0037499999161809683
v -0.24645400047302243 0.181659996509552 0.0037499999161809683
v -0.2463250011205673 0.18223699927330017 0.0037499999161809683
v -0.24532699584960935 0.18091799318790436 0.0037499999161809683
v -0.24476200342178342 0.18053999543190002 0.0037499999161809683
v -0.2410520017147064 0.17792299389839172 0.0037499999161809683
v -0.25566101074218744 0.1706179976463318 0.0037499999161809683
v -0.25580900907516474 0.1706009954214096 0.0037499999161809683
v -0.2559069991111755 0.17058899998664856 0.0037499999161809683
v -0.2483749985694885 0.16727900505065918 0.0037499999161809683
v -0.24846400320529935 0.167386993765831 0.0037499999161809683
v -0.24758699536323545 0.1686989963054657 0.0037499999161809683
v -0.2484750002622604 0.16740000247955322 0.0037499999161809683
v -0.24633699655532834 0.17074300348758698 0.0037499999161809683
v -0.2521849870681762 0.1700180023908615 0.0037499999161809683
v -0.2527300119400024 0.1704220026731491 0.0037499999161809683
v -0.24495400488376615 0.17279499769210815 0.0037499999161809683
v -0.25406101346015925 0.17105500400066376 0.0037499999161809683
v -0.25413298606872553 0.17101100087165833 0.0037499999161809683
v -0.25423398613929743 0.17095699906349182 0.0037499999161809683
v -0.25375801324844355 0.1712760031223297 0.0037499999161809683
v -0.25447100400924677 0.17085200548171997 0.0037499999161809683
v -0.25518199801445 0.1706790030002594 0.0037499999161809683
v -0.24656400084495542 0.18392500281333923 0.012749999761581421
v -0.24667100608348844 0.18452100455760956 0.012749999761581421
v -0.2537460029125213 0.17128600180149078 0.012749999761581421
v -0.24648100137710569 0.18158499896526337 0.012749999761581421
v -0.24758699536323545 0.1686989963054657 0.012749999761581421
v -0.24633699655532834 0.17074300348758698 0.012749999761581421
v -0.24476200342178342 0.18053999543190002 0.012749999761581421
v -0.2559350132942199 0.1705850064754486 0.012749999761581421
v -0.25557601451873774 0.17062799632549286 0.012749999761581421
v -0.25490599870681757 0.17072799801826477 0.012749999761581421
v -0.24649399518966672 0.18361300230026245 0.012749999761581421
v -0.2465270012617111 0.18375800549983978 0.012749999761581421
v -0.2465489953756332 0.18385499715805054 0.012749999761581421
v -0.2543070018291473 0.17092099785804749 0.012749999761581421
v -0.2538079917430877 0.17123499512672424 0.012749999761581421
v -0.24495400488376615 0.17279499769210815 0.012749999761581421
v -0.24382099509239194 0.17434699833393097 0.012749999761581421
v -0.2410520017147064 0.17792299389839172 0.012749999761581421
v -0.2422160059213638 0.17636799812316895 0.012749999761581421
v -0.2410359978675842 0.1779170036315918 0.012749999761581421
v -0.2409040033817291 0.1778690069913864 0.012749999761581421
v -0.2527309954166412 0.1704230010509491 0.012749999761581421
v -0.2521849870681762 0.1700180023908615 0.012749999761581421
v -0.2484750002622604 0.16740000247955322 0.012749999761581421
v -0.24846400320529935 0.167386993765831 0.012749999761581421
v -0.2483749985694885 0.16727900505065918 0.012749999761581421
v -0.24636900424957273 0.18195900321006775 0.012749999761581421
v -0.24635200202465055 0.18204200267791748 0.012749999761581421
v -0.24633400142192838 0.18215499818325043 0.012749999761581421
v -0.24532599747180936 0.18091699481010437 0.012749999761581421
v -0.24647499620914456 0.18160000443458557 0.012749999761581421
v -0.24631500244140622 0.1824139952659607 0.012749999761581421
v -0.24639099836349485 0.18314099311828613 0.012749999761581421
v -0.24506799876689908 0.15395399928092957 0.003192000091075897
v -0.2447569966316223 0.1543940007686615 0.0026179999113082886
v -0.24312299489974973 0.15324099361896515 0.0026179999113082886
v -0.23257499933242795 0.17166300117969513 -0.0016830000095069408
v -0.23206500709056851 0.1723870038986206 -0.0014690000098198652
v -0.23043000698089597 0.17123399674892426 -0.0014690000098198652
v -0.22679500281810758 0.18013499677181244 0.01192300021648407
v -0.22689600288867948 0.17987599968910217 0.012353000231087208
v -0.2251860052347183 0.1786690056324005 0.012353000231087208
v -0.23236399888992307 0.17196300625801086 0.018099000677466393
v -0.23301500082015988 0.17103999853134155 0.018340999260544777
v -0.23138099908828733 0.1698870062828064 0.018340999260544777
v -0.24577599763870236 0.1532279998064041 0.00457700015977025
v -0.24391999840736386 0.15211200714111328 0.004317999817430973
v -0.2459979951381683 0.15300700068473816 0.005152999889105558
v -0.24438099563121793 0.15145699679851532 0.00595899997279048
v -0.24601800739765164 0.1529799997806549 0.005224000196903944
v -0.24612799286842343 0.15275999903678894 0.005799000151455402
v -0.24628299474716184 0.15234999358654022 0.007654999848455191
v -0.2462230026721954 0.15249000489711761 0.0067159999161958694
v -0.2461459934711456 0.15270200371742249 0.00595899997279048
v -0.2445929944515228 0.15115800499916077 0.007656000088900328
v -0.244607999920845 0.15113599598407745 0.008249999955296516
v -0.24628700315952298 0.15233999490737915 0.008713999763131142
v -0.24623300135135648 0.15246599912643433 0.00966699980199337
v -0.24447000026702878 0.15133200585842133 0.01004400011152029
v -0.24621799588203427 0.15250200033187866 0.009836000390350819
v -0.24566200375556943 0.15332600474357605 0.01216300018131733
v -0.24585400521755216 0.15315799415111542 0.011745000258088112
v -0.24406999349594113 0.15189899504184723 0.011744000017642975
v -0.24593099951744077 0.15308299660682678 0.011548999696969986
v -0.24609300494194028 0.15285299718379974 0.010944000445306301
v -0.24611799418926236 0.15278899669647217 0.010777999646961689
v -0.24612799286842343 0.15275999903678894 0.01070099975913763
v -0.24619899690151212 0.15255199372768402 0.01004400011152029
v -0.2446549981832504 0.15454000234603882 0.014054999686777592
v -0.24500900506973264 0.1540369987487793 0.01342300046235323
v -0.24337500333786008 0.15288400650024414 0.01342300046235323
v -0.24506799876689908 0.15395399928092957 0.013307999819517136
v -0.24539099633693692 0.15357400476932526 0.012688999995589256
v -0.2441180050373077 0.15530000627040863 0.014848999679088593
v -0.24244700372219083 0.1542000025510788 0.014898999594151974
v -0.2440810054540634 0.15535299479961395 0.014898999594151974
v -0.24234400689601895 0.15781499445438385 0.016682999208569527
v -0.24276499450206754 0.15721899271011353 0.016327999532222748
v -0.241129994392395 0.15606600046157837 0.016327999532222748
v -0.24313899874687192 0.15668800473213196 0.015975000336766243
v -0.24353000521659848 0.1561339944601059 0.015565999783575535
v -0.2415020018815994 0.15900899469852448 0.01728699915111065
v -0.23959599435329434 0.15824100375175476 0.017455000430345535
v -0.2412309944629669 0.15939399600028992 0.017455000430345535
v -0.23847599327564237 0.16329799592494965 0.018574999645352364
v -0.23940299451351163 0.16198399662971497 0.018303999677300453
v -0.23776899278163907 0.1608310043811798 0.018303999677300453
v -0.23953099548816678 0.1618030071258545 0.018259000033140182
v -0.24055600166320798 0.1603499948978424 0.01782199926674366
v -0.23739500343799588 0.1648319959640503 0.018772000446915627
v -0.23572100698947904 0.16373500227928162 0.018776999786496162
v -0.2373549938201904 0.16488799452781677 0.018776999786496162
v -0.23352999985218045 0.16684000194072723 0.018799999728798866
v -0.23585900664329526 0.16700899600982666 0.018845999613404274
v -0.23628699779510495 0.1664009988307953 0.018849000334739685
v -0.23349800705909726 0.17035600543022156 0.018487999215722084
v -0.2346670031547546 0.1686989963054657 0.018737999722361565
v -0.235164001584053 0.1679929941892624 0.018799999728798866
v -0.23127199709415433 0.17351099848747253 0.017566999420523643
v -0.22938899695873258 0.17271099984645844 0.017420999705791473
v -0.23102299869060514 0.17386400699615479 0.017420999705791473
v -0.23092299699783322 0.17400600016117096 0.01735999993979931
v -0.22784399986267087 0.17490099370479584 0.016266999766230583
v -0.23001100122928617 0.1752990037202835 0.016719000414013863
v -0.22706900537014005 0.1759990006685257 0.015479999594390392
v -0.22917400300502774 0.17648500204086304 0.015978999435901642
v -0.22947800159454343 0.1760540008544922 0.016266999766230583
v -0.22741000354290006 0.17898599803447723 0.013628999702632427
v -0.22764299809932706 0.1786549985408783 0.014034999534487724
v -0.2260089963674545 0.17750300467014313 0.014034999534487724
v -0.22794499993324277 0.1782270073890686 0.014504999853670597
v -0.22841499745845792 0.17756099998950958 0.015138000249862671
v -0.22697000205516812 0.1797039955854416 0.012616000138223171
v -0.22722199559211728 0.1792529970407486 0.013268000446259975
v -0.22724199295043943 0.17922399938106537 0.013307999819517136
v -0.2266619950532913 0.180417999625206 0.011346999555826187
v -0.2246969938278198 0.1793619990348816 0.010718000121414661
v -0.22664299607276914 0.18044599890708923 0.011276000179350376
v -0.2262499928474426 0.18080300092697144 0.009783999994397163
v -0.22647300362586972 0.18062299489974976 0.01070099975913763
v -0.22647799551486966 0.1806190013885498 0.010718000121414661
v -0.22623099386692044 0.1808210015296936 0.006833000108599663
v -0.22620099782943723 0.18084800243377686 0.0070329997688531876
v -0.22449700534343717 0.17964600026607513 0.0070329997688531876
v -0.22613100707530973 0.1809139996767044 0.007786000147461891
v -0.2244479954242706 0.17971499264240265 0.008836000226438046
v -0.22613799571990964 0.1809069961309433 0.008836000226438046
v -0.22613899409770963 0.1809069961309433 0.008844999596476555
v -0.22671100497245786 0.18032899498939514 0.004951000213623047
v -0.226622998714447 0.18047399818897247 0.005299000069499016
v -0.2248129993677139 0.17919699847698212 0.005299000069499016
v -0.22654800117015836 0.18055899441242218 0.005555999930948019
v -0.22649699449539182 0.1806039959192276 0.0057219997979700565
v -0.22647300362586972 0.18062299489974976 0.005799000151455402
v -0.22626000642776486 0.18079499900341034 0.0066639999859035015
v -0.22534200549125669 0.17844699323177338 0.0037620000075548887
v -0.22700800001621244 0.17962299287319183 0.003763000015169382
v -0.22699199616909024 0.1796559989452362 0.0038109999150037766
v -0.22685000300407407 0.17999400198459625 0.004337000194936991
v -0.22615300118923184 0.17729699611663818 0.0022330000065267086
v -0.22775800526142118 0.17849299311637878 0.0022799998987466097
v -0.22724199295043943 0.17922399938106537 0.003192000091075897
v -0.22887699306011197 0.1769070029258728 0.0008280000183731318
v -0.22878600656986234 0.17703500390052795 0.0009270000155083835
v -0.22724199295043943 0.17575399577617645 0.0008280000183731318
v -0.22832700610160825 0.17768600583076477 0.0014730000402778387
v -0.2277880012989044 0.17845000326633453 0.0022330000065267086
v -0.2287279963493347 0.17364799976348877 -0.0004839999892283231
v -0.23030500113964078 0.17488199472427368 -0.00044299999717622995
v -0.22952200472354886 0.1759919971227646 0.00019299999985378236
v -0.23157900571823117 0.17307600378990173 -0.0012329999590292573
v -0.23061800003051755 0.1744370013475418 -0.0006629999843426049
v -0.23036199808120725 0.17480100691318512 -0.0004839999892283231
v -0.2336039990186691 0.1702049970626831 -0.0020169999916106462
v -0.23239099979400632 0.16845400631427765 -0.002119000069797039
v -0.23402599990367887 0.1696069985628128 -0.002119000069797039
v -0.2345210015773773 0.1654359996318817 -0.0023499999660998583
v -0.23538899421691892 0.16767500340938568 -0.002319999970495701
v -0.23466299474239347 0.16870300471782684 -0.002237000036984682
v -0.2383340001106262 0.16349999606609344 -0.002107999986037612
v -0.2377739995718002 0.16429400444030762 -0.0022169998846948147
v -0.23669900000095365 0.16234800219535828 -0.002107999986037612
v -0.23658299446105954 0.16598199307918549 -0.002340999897569418
v -0.23615500330924985 0.16658900678157806 -0.0023499999660998583
v -0.23878000676631925 0.15939800441265106 -0.0013909999979659915
v -0.24009500443935392 0.16100400686264038 -0.0015350000467151403
v -0.23894800245761869 0.16263000667095184 -0.0019490000559017062
v -0.24226100742816922 0.15793299674987793 -0.00024900000425986946
v -0.24165500700473783 0.15879300236701965 -0.000686999992467463
v -0.24062700569629666 0.15678000450134277 -0.00024900000425986946
v -0.24067500233650205 0.16018199920654297 -0.0012619999470189214
v -0.2404139935970306 0.16055099666118622 -0.0013909999979659915
v -0.2425650060176849 0.15750199556350708 -1.9999999949504854e-06
v -0.2420929968357086 0.15470099449157715 0.0011599999852478504
v -0.24340200424194333 0.15631599724292755 0.0007949999999254942
v -0.24454000592231748 0.15470199286937714 0.0022619999945163727
v -0.24393700063228604 0.1555580049753189 0.0014149999478831887
v -0.24372799694538114 0.1558540016412735 0.0011599999852478504
v -0.24565300345420835 0.15333400666713715 0.004317999817430973
v -0.24542899429798123 0.15353600680828094 0.0038840000052005053
v -0.2450889945030212 0.15392500162124634 0.0032319999299943447
v -0.24065999686717984 0.17955699563026428 0.012000000104308128
v -0.2403679937124252 0.17974300682544708 0.012000000104308128
v -0.2438620030879974 0.1818159967660904 0.012000000104308128
v -0.23960399627685544 0.18018099665641785 0.012000000104308128
v -0.23845499753952024 0.18074199557304382 0.012000000104308128
v -0.23845499753952024 0.18074199557304382 0.0044999998062849045
v -0.23960399627685544 0.18018099665641785 0.0044999998062849045
v -0.2438620030879974 0.1818159967660904 0.0044999998062849045
v -0.2403679937124252 0.17974300682544708 0.0044999998062849045
v -0.24065999686717984 0.17955699563026428 0.0044999998062849045
v -0.22856600582599637 0.18081599473953247 0.00712500000372529
v -0.22856600582599637 0.18081599473953247 0.006500000134110451
v -0.24521100521087644 0.1841229945421219 0.006500000134110451
v -0.22856600582599637 0.18081599473953247 0.007247000001370907
v -0.22856600582599637 0.18081599473953247 0.009999999776482582
v -0.22856600582599637 0.18081599473953247 0.009336999617516994
v -0.24521100521087644 0.1841229945421219 0.009999999776482582
v -0.22856600582599637 0.18081599473953247 0.008667999878525734
v -0.22856600582599637 0.18081599473953247 0.007925000041723251
v -0.24701200425624845 0.15466700494289398 0.006500000134110451
v -0.24701200425624845 0.15466700494289398 0.007162999827414751
v -0.2557109892368316 0.16923899948596954 0.006500000134110451
v -0.24701200425624845 0.15466700494289398 0.007832000032067299
v -0.2557109892368316 0.16923899948596954 0.009999999776482582
v -0.24701200425624845 0.15466700494289398 0.008574999868869781
v -0.24701200425624845 0.15466700494289398 0.009252999909222126
v -0.24701200425624845 0.15466700494289398 0.00937500037252903
v -0.24701200425624845 0.15466700494289398 0.009999999776482582
v -0.24988299608230588 0.16648299992084503 0.0044999998062849045
v -0.24996000528335569 0.16614499688148499 0.0044999998062849045
v -0.2530849874019622 0.16874200105667114 0.0044999998062849045
v -0.25011700391769404 0.16527900099754333 0.0044999998062849045
v -0.2502590119838714 0.1640080064535141 0.0044999998062849045
v -0.2502590119838714 0.1640080064535141 0.012000000104308128
v -0.25011700391769404 0.16527900099754333 0.012000000104308128
v -0.2530849874019622 0.16874200105667114 0.012000000104308128
v -0.24996000528335569 0.16614499688148499 0.012000000104308128
v -0.24988299608230588 0.16648299992084503 0.012000000104308128
v -0.24479599297046659 0.18256700038909912 0.0045779999345541
v -0.24483500421047208 0.18287000060081482 0.004687000066041946
v -0.23190000653266904 0.18045799434185028 0.004767000209540129
v -0.24479000270366666 0.18250100314617157 0.004561000037938356
v -0.23221500217914579 0.18046900629997253 0.004738999996334314
v -0.2324540019035339 0.18047699332237244 0.004718999844044447
v -0.2336190044879913 0.18052400648593903 0.004637999925762415
v -0.23486499488353726 0.1805800050497055 0.0045739999040961266
v -0.23551100492477414 0.18061000108718872 0.004550000187009573
v -0.24478800594806668 0.18246899545192719 0.0045540002174675465
v -0.23698000609874723 0.18067799508571625 0.004513000138103962
v -0.22918799519538877 0.180417999625206 0.005164000205695629
v -0.22949799895286557 0.18041500449180603 0.005096000153571367
v -0.24489100277423856 0.1831579953432083 0.004840000066906214
v -0.23005700111389157 0.18041600286960602 0.004993999842554331
v -0.2306990027427673 0.1804250031709671 0.004900999832898378
v -0.2314209938049316 0.18044300377368927 0.004815000109374523
v -0.2448650002479553 0.1830350011587143 0.004767999984323978
v -0.22883999347686765 0.18042799830436707 0.0052559999749064445
v -0.22880600392818448 0.18047699332237244 0.00532800005748868
v -0.2287349998950958 0.18057699501514435 0.005499999970197678
v -0.24489800631999967 0.1831890046596527 0.004860000219196081
v -0.2449660003185272 0.18344900012016296 0.005059000104665756
v -0.24510900676250455 0.1838729977607727 0.005576999858021736
v -0.24516199529170987 0.184006005525589 0.005859999917447567
v -0.24503800272941587 0.18367500603199005 0.005293000023812056
v -0.24509100615978238 0.1838259994983673 0.005499000195413828
v -0.22860899567604062 0.18075500428676605 0.0059819999150931835
v -0.22856800258159635 0.1808139979839325 0.006395000033080578
v -0.24516899883747098 0.18402299284934998 0.005905999802052975
v -0.24519999325275418 0.1840980052947998 0.006198999937623739
v -0.22918799519538877 0.180417999625206 0.011335999704897404
v -0.22883999347686765 0.18042799830436707 0.011243999935686588
v -0.22873599827289579 0.18057499825954437 0.011002999730408192
v -0.24516899883747098 0.18402299284934998 0.010594000108540058
v -0.24519999325275418 0.1840980052947998 0.010301000438630581
v -0.24516199529170987 0.184006005525589 0.010639999993145466
v -0.24510900676250455 0.1838729977607727 0.010923000052571297
v -0.22860899567604062 0.18075500428676605 0.010518000461161137
v -0.22870799899101255 0.18061600625514984 0.01092000026255846
v -0.24503800272941587 0.18367500603199005 0.011207000352442265
v -0.2449660003185272 0.18344900012016296 0.011440999805927277
v -0.24489800631999967 0.1831890046596527 0.011640000157058239
v -0.24489100277423856 0.1831579953432083 0.011660000309348106
v -0.24509100615978238 0.1838259994983673 0.011001000180840492
v -0.2314209938049316 0.18044300377368927 0.01168499980121851
v -0.2306990027427673 0.1804250031709671 0.011598999612033367
v -0.23005700111389157 0.18041600286960602 0.011505999602377415
v -0.22949799895286557 0.18041500449180603 0.011404000222682953
v -0.23190000653266904 0.18045799434185028 0.011733000166714191
v -0.2448650002479553 0.1830350011587143 0.011731999926269054
v -0.24483500421047208 0.18287000060081482 0.011812999844551086
v -0.24479599297046659 0.18256700038909912 0.011921999976038933
v -0.24479000270366666 0.18250100314617157 0.011939000338315964
v -0.23221500217914579 0.18046900629997253 0.011761000379920006
v -0.24478800594806668 0.18246899545192719 0.011946000158786774
v -0.23698000609874723 0.18067799508571625 0.011986999772489071
v -0.23551100492477414 0.18061000108718872 0.011950000189244747
v -0.23486499488353726 0.1805800050497055 0.011926000006496906
v -0.2336190044879913 0.18052400648593903 0.011862000450491905
v -0.2324540019035339 0.18047699332237244 0.011780999600887299
v -0.24684600532054898 0.1553869992494583 0.005164000205695629
v -0.24673800170421598 0.15505599975585938 0.0052559999749064445
v -0.24684199690818784 0.15490800142288208 0.005497000180184841
v -0.2556020021438598 0.16923199594020844 0.005905999802052975
v -0.25568398833274836 0.16923700273036957 0.006198999937623739
v -0.25558400154113764 0.16923099756240845 0.005859999917447567
v -0.2554410099983215 0.1692260056734085 0.005576999858021736
v -0.246968999505043 0.1547279953956604 0.0059819999150931835
v -0.24687099456787107 0.1548680067062378 0.00558000011369586
v -0.2552309930324554 0.16922500729560852 0.005293000023812056
v -0.25499400496482844 0.1692339926958084 0.005059000104665756
v -0.2547259926795959 0.1692570000886917 0.004860000219196081
v -0.2546940147876739 0.16926099359989166 0.004840000066906214
v -0.2553910017013549 0.16922500729560852 0.005499000195413828
v -0.24761800467967984 0.15748199820518494 0.004815000109374523
v -0.24735899269580838 0.156808003783226 0.004900999832898378
v -0.24713499844074246 0.15620599687099457 0.004993999842554331
v -0.2469460070133209 0.15568000078201294 0.005096000153571367
v -0.2477930039167404 0.157928004860878 0.004767000209540129
v -0.2545700073242187 0.16927699744701385 0.004767999984323978
v -0.25440400838851923 0.1693039983510971 0.004687000066041946
v -0.2541059851646423 0.16936899721622467 0.0045779999345541
v -0.2540409862995147 0.16938599944114685 0.004561000037938356
v -0.2479089945554733 0.1582220047712326 0.004738999996334314
v -0.2540110051631927 0.16939499974250793 0.0045540002174675465
v -0.24970400333404538 0.1626410037279129 0.004513000138103962
v -0.24914699792861936 0.16127899289131165 0.004550000187009573
v -0.2489019930362701 0.16067999601364136 0.0045739999040961266
v -0.24843199551105496 0.1595260053873062 0.004637999925762415
v -0.24799700081348416 0.15844400227069855 0.004718999844044447
v -0.2541059851646423 0.16936899721622467 0.011921999976038933
v -0.25440400838851923 0.1693039983510971 0.011812999844551086
v -0.2477930039167404 0.157928004860878 0.011733000166714191
v -0.2540409862995147 0.16938599944114685 0.011939000338315964
v -0.2479089945554733 0.1582220047712326 0.011761000379920006
v -0.24799700081348416 0.15844400227069855 0.011780999600887299
v -0.24843199551105496 0.1595260053873062 0.011862000450491905
v -0.2489019930362701 0.16067999601364136 0.011926000006496906
v -0.24914699792861936 0.16127899289131165 0.011950000189244747
v -0.2540110051631927 0.16939499974250793 0.011946000158786774
v -0.24970400333404538 0.1626410037279129 0.011986999772489071
v -0.24684600532054898 0.1553869992494583 0.011335999704897404
v -0.2469460070133209 0.15568000078201294 0.011404000222682953
v -0.2546940147876739 0.16926099359989166 0.011660000309348106
v -0.24713499844074246 0.15620599687099457 0.011505999602377415
v -0.24735899269580838 0.156808003783226 0.011598999612033367
v -0.24761800467967984 0.15748199820518494 0.01168499980121851
v -0.2545700073242187 0.16927699744701385 0.011731999926269054
v -0.24673800170421598 0.15505599975585938 0.011243999935686588
v -0.24677300453186032 0.155007004737854 0.01117200031876564
v -0.24684299528598783 0.1549070030450821 0.010999999940395355
v -0.2547259926795959 0.1692570000886917 0.011640000157058239
v -0.25499400496482844 0.1692339926958084 0.011440999805927277
v -0.2554410099983215 0.1692260056734085 0.010923000052571297
v -0.25558400154113764 0.16923099756240845 0.010639999993145466
v -0.2552309930324554 0.16922500729560852 0.011207000352442265
v -0.2553910017013549 0.16922500729560852 0.011001000180840492
v -0.246968999505043 0.1547279953956604 0.010518000461161137
v -0.24700999259948728 0.15467000007629395 0.010104999877512455
v -0.2556020021438598 0.16923199594020844 0.010594000108540058
v -0.25568398833274836 0.16923700273036957 0.010301000438630581
v -0.25795999169349665 0.18772199749946594 0.005750000011175871
v -0.25675600767135615 0.18648399412631989 0.005750000011175871
v -0.25608000159263605 0.18489499390125275 0.005750000011175871
v -0.2560240030288696 0.18316900730133057 0.005750000011175871
v -0.25659498572349543 0.18153899908065796 0.005750000011175871
v -0.25771701335906977 0.18022499978542328 0.005750000011175871
v -0.259236991405487 0.17940500378608704 0.005750000011175871
v -0.2609510123729705 0.179189994931221 0.005750000011175871
v -0.26262700557708735 0.1796090006828308 0.005750000011175871
v -0.2640379965305328 0.1806049942970276 0.005750000011175871
v -0.26499399542808527 0.18204300105571747 0.005750000011175871
v -0.26536700129508967 0.18372899293899536 0.005750000011175871
v -0.26510500907897944 0.18543699383735657 0.005750000011175871
v -0.26424300670623774 0.1869339942932129 0.005750000011175871
v -0.26289999485015864 0.1880190074443817 0.005750000011175871
v -0.2612540125846862 0.18854500353336334 0.005750000011175871
v -0.2595300078392028 0.18844200670719147 0.005750000011175871
v -0.22696800529956815 0.18091300129890442 0.010586000047624111
v -0.22940400242805478 0.17946399748325348 0.012395000085234642
v -0.22928899526596067 0.17952799797058105 0.012497999705374241
v -0.22926700115203855 0.1795479953289032 0.012486999854445457
v -0.22939200699329373 0.17947900295257568 0.012377999722957611
v -0.2289050072431564 0.17991900444030762 0.012237999588251114
v -0.22915600240230558 0.17987200617790222 0.011931000277400017
v -0.22850699722766873 0.18039000034332275 0.011754999868571758
v -0.22905600070953366 0.1800680011510849 0.011703000403940678
v -0.2291380017995834 0.17990800738334656 0.011889999732375145
v -0.22895599901676175 0.18024900555610657 0.011482000350952148
v -0.22898499667644498 0.18019799888134003 0.011544999666512012
v -0.22793300449848172 0.1795710027217865 0.013207999989390373
v -0.22865200042724607 0.17967799305915833 0.012923999689519405
v -0.2279119938611984 0.1795939952135086 0.013175999745726585
v -0.22862899303436277 0.17969700694084167 0.012901999987661839
v -0.22760599851608274 0.179967001080513 0.012624000199139118
v -0.2273440062999725 0.18036900460720062 0.011958999559283257
v -0.2271510064601898 0.18066999316215515 0.01133000012487173
v -0.22712899744510648 0.18070200085639954 0.011249000206589699
v -0.2282769978046417 0.18004199862480164 0.012493000365793705
v -0.22793200612068173 0.1804569959640503 0.011900999583303928
v -0.22768199443817136 0.1807910054922104 0.011247999966144562
v -0.2276560068130493 0.18082700669765472 0.011158999986946583
v -0.22714599967002866 0.180976003408432 0.01053600013256073
v -0.22751300036907193 0.1810470074415207 0.01042100042104721
v -0.2278809994459152 0.18104399740695953 0.010289999656379223
v -0.2282139956951141 0.18077300488948822 0.011107999831438065
v -0.22818599641323087 0.18081200122833252 0.011013999581336975
v -0.22806100547313687 0.18101400136947632 0.010219999589025974
v -0.22700600326061246 0.18114499747753143 0.009686999954283237
v -0.22782500088214871 0.18114900588989258 0.00952799990773201
v -0.22693599760532376 0.18124300241470337 0.008808000013232231
v -0.22693100571632382 0.18125000596046448 0.007814999669790268
v -0.22699299454689023 0.18116100132465363 0.0069229998625814915
v -0.2270119935274124 0.18113699555397034 0.006765000056475401
v -0.22714599967002866 0.180976003408432 0.005963999778032303
v -0.22779899835586545 0.18121099472045898 0.008744999766349792
v -0.22779700160026548 0.18121500313282013 0.007864000275731087
v -0.22782100737094876 0.18116000294685364 0.007069000042974949
v -0.22782799601554868 0.18114399909973145 0.006928000133484602
v -0.2278809994459152 0.18104399740695953 0.006209999788552523
v -0.24169999361038205 0.16140000522136688 0.017125999554991722
v -0.24070399999618527 0.16281099617481232 0.01755099929869175
v -0.24102400243282315 0.16287000477313995 0.017030000686645508
v -0.2396769970655441 0.16426700353622437 0.017858000472187996
v -0.23940399289131162 0.165243998169899 0.017376000061631203
v -0.23862299323081967 0.1657620072364807 0.018050000071525574
v -0.2375420033931732 0.1672929972410202 0.018125999718904495
v -0.23770199716091153 0.16767999529838562 0.017494000494480133
v -0.23712399601936338 0.16788600385189056 0.018122000619769096
v -0.23596100509166715 0.16953499615192413 0.01801699958741665
v -0.23597900569438932 0.17010000348091125 0.017376000061631203
v -0.23482200503349301 0.17114999890327454 0.01777300052344799
v -0.23513500392436978 0.17126600444316864 0.017232000827789307
v -0.23371900618076322 0.1727129966020584 0.017395000904798508
v -0.23428499698638913 0.17242300510406494 0.017030000686645508
v -0.23265999555587766 0.17421500384807587 0.016878999769687653
v -0.2330989986658096 0.17405200004577637 0.01656699925661087
v -0.2323220074176788 0.1746940016746521 0.01667799986898899
v -0.23197700083255765 0.17566099762916565 0.01582000032067299
v -0.2294729948043823 0.1787330061197281 0.013952000066637993
v -0.23019899427890775 0.1783600002527237 0.013624000363051891
v -0.2299160063266754 0.1781039983034134 0.014549000188708305
v -0.23099699616432187 0.17712800204753876 0.014820000156760216
v -0.23063899576663968 0.17708000540733337 0.015350000001490116
v -0.23144200444221494 0.17594100534915924 0.016061000525951385
v -0.22957800328731534 0.17924100160598755 0.012640999630093575
v -0.22960300743579862 0.17920799553394318 0.012678000144660473
v -0.22897100448608396 0.17944400012493134 0.013132000342011452
v -0.2299460023641586 0.17873600125312805 0.013195999898016453
v -0.23008100688457486 0.17854000627994537 0.013416999951004982
v -0.2281839996576309 0.17936399579048157 0.013499000109732151
v -0.2456800043582916 0.15456099808216095 0.013183999806642532
v -0.245275005698204 0.15513700246810913 0.013917000032961369
v -0.24602000415325162 0.15591000020503998 0.012395000085234642
v -0.24604800343513486 0.15556900203227997 0.012652000412344933
v -0.2456260025501251 0.15583400428295135 0.013528999872505665
v -0.24601100385189054 0.1552869975566864 0.012833000160753727
v -0.24576899409294126 0.15469500422477722 0.013132000342011452
v -0.24584099650382993 0.1561889946460724 0.012683999724686146
v -0.24588400125503537 0.15612399578094482 0.012616000138223171
v -0.24589900672435758 0.15610000491142273 0.012590999715030193
v -0.24551400542259214 0.15666800737380981 0.013199999928474426
v -0.24512200057506559 0.15654900670051575 0.014276999980211258
v -0.2452459931373596 0.15703000128269196 0.013624000363051891
v -0.24456299841403958 0.15734000504016876 0.01495600026100874
v -0.2443529963493347 0.15819500386714935 0.014820000156760216
v -0.24419100582599637 0.15786899626255035 0.01534700021147728
v -0.2434280067682266 0.15895000100135803 0.016025999560952187
v -0.24330000579357144 0.15960900485515594 0.01582000032067299
v -0.2421610057353973 0.16120600700378418 0.01656699925661087
v -0.24261499941349027 0.1601019948720932 0.016607999801635742
v -0.24474599957466123 0.1558849960565567 0.014698999933898449
v -0.2441660016775131 0.1567080020904541 0.015406000427901745
v -0.24378000199794767 0.15725499391555786 0.015809999778866768
v -0.2429939955472946 0.1583700031042099 0.01651100069284439
v -0.24215899407863614 0.15955300629138947 0.01710899919271469
v -0.24122099578380582 0.16088299453258514 0.017638999968767166
v -0.2402040064334869 0.16232499480247498 0.018073000013828278
v -0.2391559928655624 0.16380999982357025 0.018386999145150185
v -0.23808200657367704 0.16533300280570984 0.01858299970626831
v -0.2369810044765472 0.16689300537109375 0.018658999353647232
v -0.23537099361419675 0.16917599737644196 0.01854800060391426
v -0.2365559935569763 0.167495995759964 0.01865600049495697
v -0.2342099994421005 0.17082099616527557 0.018300000578165054
v -0.23308500647544858 0.17241699993610382 0.017914000898599625
v -0.23200100660324094 0.17395299673080444 0.017386000603437424
v -0.2316550016403198 0.17444400489330292 0.017180999740958214
v -0.2299229949712753 0.1768990010023117 0.015814000740647316
v -0.23075099289417264 0.17572499811649323 0.01654599979519844
v -0.22917400300502774 0.17796100676059723 0.014983000233769417
v -0.2287109941244125 0.17861700057983398 0.014360000379383564
v -0.22956299781799314 0.1792609989643097 0.012620000168681145
v -0.22881500422954557 0.17966599762439728 0.0036669999826699495
v -0.229092001914978 0.17960600554943085 0.0038479999639093876
v -0.22874599695205686 0.17993800342082977 0.0041229999624192715
v -0.2281280010938644 0.18067499995231628 0.005086999852210283
v -0.22895599901676175 0.18024900555610657 0.005018999800086021
v -0.22845199704170224 0.1802700012922287 0.004476999863982201
v -0.22907499969005582 0.18003199994564056 0.004755000118166208
v -0.22913299500942227 0.17991800606250763 0.004621999803930521
v -0.2292309999465942 0.17972999811172485 0.004404999781399965
v -0.22940400242805478 0.17946399748325348 0.004104999825358391
v -0.22716300189495084 0.1809529960155487 0.005874000024050474
v -0.22791500389575955 0.18097800016403198 0.005888000130653381
v -0.2278890013694763 0.18102599680423737 0.00610999995842576
v -0.22720299661159513 0.18089699745178223 0.005677000153809786
v -0.22739599645137784 0.18062299489974976 0.004954999778419733
v -0.2281749993562698 0.17963500320911407 0.0033680000342428684
v -0.22786299884319303 0.17997199296951294 0.0038429999258369207
v -0.22763399779796598 0.1802770048379898 0.004311999771744013
v -0.24624499678611753 0.155131995677948 0.012377000413835049
v -0.24673199653625486 0.15430200099945068 0.011412999592721462
v -0.24660800397396085 0.1552239954471588 0.011481000110507011
v -0.24645900726318357 0.1547430008649826 0.012023000046610832
v -0.24644400179386136 0.1554100066423416 0.011745000258088112
v -0.2463559955358505 0.15550200641155243 0.011877999641001225
v -0.24621200561523435 0.15565800666809082 0.01209499966353178
v -0.24668599665164945 0.1532759964466095 0.01053600013256073
v -0.24699600040912625 0.15394599735736847 0.010289999656379223
v -0.24666999280452725 0.1532990038394928 0.010626000352203846
v -0.2469460070133209 0.15399900078773499 0.010611999779939651
v -0.24698300659656522 0.1539590060710907 0.01039000041782856
v -0.24663099646568296 0.15335600078105927 0.010823000222444534
v -0.24643799662590024 0.15363000333309174 0.011544999666512012
v -0.24619099497795102 0.15397000312805176 0.012187999673187733
v -0.24598099291324613 0.15428799390792847 0.012656999751925468
v -0.22956000268459317 0.17926500737667084 0.0038840000052005053
v -0.229542002081871 0.17928700149059296 0.0039090001955628395
v -0.23019899427890775 0.1783600002527237 0.002876000013202429
v -0.22994799911975858 0.17873400449752808 0.0032999999821186066
v -0.22929599881172177 0.17898300290107727 0.002816000021994114
v -0.22990399599075315 0.17879599332809448 0.003370000049471855
v -0.22960700094699857 0.17920200526714325 0.0038159999530762434
v -0.22983300685882566 0.17822200059890747 0.002056000055745244
v -0.23026899993419644 0.17760400474071503 0.0015369999455288053
v -0.23099699616432187 0.17712800204753876 0.0016799999866634607
v -0.2309720069169998 0.17660799622535706 0.0008360000210814178
v -0.2317250072956085 0.1755400002002716 0.00022400000307243317
v -0.23197700083255765 0.17566099762916565 0.0006799999973736703
v -0.232026994228363 0.17511099576950073 1.2000000424450263e-05
v -0.2330989986658096 0.17405200004577637 -6.70000008540228e-05
v -0.23295700550079343 0.1737930029630661 -0.000539999979082495
v -0.23392400145530698 0.17242200672626495 -0.0009769999887794256
v -0.23428499698638913 0.17242300510406494 -0.0005300000193528831
v -0.2349250018596649 0.17100299894809723 -0.0013020000187680125
v -0.23597900569438932 0.17010000348091125 -0.0008759999764151871
v -0.235957995057106 0.16953900456428528 -0.0015160000184550881
v -0.2366649955511093 0.1685360074043274 -0.001597000053152442
v -0.23770199716091153 0.16767999529838562 -0.000994000001810491
v -0.23783099651336667 0.16688400506973267 -0.0016169999726116657
v -0.23899200558662412 0.16523799300193787 -0.001496999990195036
v -0.23940399289131162 0.165243998169899 -0.0008759999764151871
v -0.24013699591159818 0.16361600160598755 -0.0012359999818727374
v -0.24034599959850309 0.16387300193309784 -0.0007040000054985285
v -0.24125200510025022 0.16203400492668152 -0.0008329999982379377
v -0.24102400243282315 0.16287000477313995 -0.0005300000193528831
v -0.24181500077247617 0.1612360030412674 -0.0005680000176653266
v -0.2421610057353973 0.16120600700378418 -6.70000008540228e-05
v -0.24276299774646756 0.1598919928073883 -1.2000000424450263e-05
v -0.24330000579357144 0.15960900485515594 0.0006799999973736703
v -0.24364000558853147 0.1586489975452423 0.0006479999865405262
v -0.24375900626182553 0.15898600220680237 0.0010730000212788582
v -0.24444100260734555 0.15751299262046814 0.001411000033840537
v -0.2443529963493347 0.15819500386714935 0.0016799999866634607
v -0.244949996471405 0.1567929983139038 0.0020000000949949026
v -0.2452459931373596 0.15703000128269196 0.002876000013202429
v -0.24551899731159207 0.1559859961271286 0.0027989998925477266
v -0.2453760057687759 0.15685799717903137 0.003082999959588051
v -0.24602000415325162 0.15591000020503998 0.004104999825358391
v -0.2458810061216354 0.15612800419330597 0.0038799999747425318
v -0.24601100385189054 0.1552869975566864 0.0036669999826699495
v -0.24584500491619107 0.15618400275707245 0.0038219999987632036
v -0.2455160021781921 0.15666499733924866 0.00330400001257658
v -0.22852699458599088 0.1788789927959442 0.002420000033453107
v -0.22908699512481687 0.17808400094509125 0.001626000041142106
v -0.22954000532627103 0.17744199931621552 0.0010870000114664435
v -0.23026700317859647 0.1764110028743744 0.00036199999158270657
v -0.23104299604892728 0.17531199753284454 -0.0002680000034160912
v -0.23135299980640409 0.1748719960451126 -0.00048600000445730984
v -0.2323060035705566 0.1735209971666336 -0.0010509999701753259
v -0.2332939952611923 0.17212000489234924 -0.0014979999978095293
v -0.23431600630283353 0.1706719994544983 -0.0018289999570697546
v -0.2353679984807968 0.1691800057888031 -0.002047999994829297
v -0.23727500438690183 0.16647599637508392 -0.0021510000806301832
v -0.2360890060663223 0.16815899312496185 -0.002130999928340316
v -0.2384579926729202 0.16479900479316711 -0.0020280000753700733
v -0.23962500691413877 0.1631460040807724 -0.001762000028975308
v -0.2407640069723129 0.161531001329422 -0.0013510000426322222
v -0.2413389980792999 0.1607159972190857 -0.00107999995816499
v -0.24321199953556058 0.15806099772453308 0.00016900000628083944
v -0.2423100024461746 0.15933899581432343 -0.0005099999834783375
v -0.24403899908065793 0.1568879932165146 0.0009560000034980476
v -0.24456700682640073 0.15613900125026703 0.001567999948747456
v -0.2456800043582916 0.15456099808216095 0.0033160001039505005
v -0.24516199529170987 0.15529599785804749 0.0024029999040067196
v -0.24702900648117063 0.15412500500679016 0.006279999855905771
v -0.24699600040912625 0.15394599735736847 0.006209999788552523
v -0.247077003121376 0.1538580060005188 0.006972000002861023
v -0.24668599665164945 0.1532759964466095 0.005963999778032303
v -0.2467979937791824 0.15308700501918793 0.006812999956309795
v -0.24679300189018247 0.15309500694274902 0.00973500031977892
v -0.24681000411510465 0.15307000279426575 0.009577999822795391
v -0.24687199294567105 0.15298199653625488 0.008685000240802765
v -0.24686700105667111 0.152988001704216 0.007691999897360802
v -0.24712599813938138 0.1538120061159134 0.00775500014424324
v -0.24713000655174253 0.15380899608135223 0.008635999634861946
v -0.2470860034227371 0.1538500040769577 0.009430999867618084
v -0.24707399308681485 0.15386100113391876 0.009572000242769718
v -0.24618099629878995 0.15366600453853607 0.004540999885648489
v -0.2463479936122894 0.1555110067129135 0.004610000178217888
v -0.24632099270820615 0.15554000437259674 0.004569000098854303
v -0.24628099799156186 0.1552869975566864 0.004261999856680632
v -0.2464710026979446 0.1553799957036972 0.0047969999723136425
v -0.24659100174903867 0.15475399792194366 0.004745000042021275
v -0.24660800397396085 0.1552249938249588 0.005018000025302172
v -0.24657000601291654 0.15526899695396423 0.004954999778419733
v -0.2456409931182861 0.15446099638938904 0.003323999932035804
v -0.24597899615764615 0.15510199964046478 0.0035979999229311943
v -0.2460529953241348 0.1557530015707016 0.004013000056147575
v -0.2460300028324127 0.15589399635791779 0.004122000187635422
v -0.2458900064229965 0.15404799580574036 0.0038759999442845583
v -0.24618600308895108 0.15465499460697174 0.004007000010460615
v -0.24646100401878354 0.15419000387191772 0.004598999861627817
v -0.24639900028705594 0.15338300168514252 0.005169999785721302
v -0.24669200181961057 0.1538430005311966 0.005251999944448471
v -0.2468529939651489 0.15435099601745605 0.005392000079154968
v -0.24688099324703214 0.15431100130081177 0.00548599986359477
v -0.24671700596809384 0.15380699932575226 0.00534099992364645
v -0.24642199277877805 0.15335200726985931 0.005251000169664621
v -0.24593399465084073 0.182669997215271 0.012338999658823013
v -0.2460760027170181 0.1824910044670105 0.012488000094890594
v -0.24485500156879422 0.181659996509552 0.012546000070869923
v -0.24613599479198453 0.1823910027742386 0.012548999860882759
v -0.2461459934711456 0.18237300217151642 0.01255900040268898
v -0.24617500603199002 0.18231600522994995 0.012587999925017357
v -0.246300995349884 0.18204300105571747 0.012688999995589256
v -0.24633499979972837 0.18196099996566772 0.01271000038832426
v -0.24637299776077268 0.18186500668525696 0.012728000059723854
v -0.24633899331092832 0.18195199966430664 0.01271199993789196
v -0.24484300613403318 0.1825069934129715 0.011940999887883663
v -0.24507300555706021 0.18264800310134888 0.011934000067412853
v -0.24538099765777585 0.18277999758720398 0.011982999742031097
v -0.2455800026655197 0.18281300365924835 0.01206399966031313
v -0.24575999379158017 0.18278299272060394 0.012183000333607197
v -0.24426299333572385 0.1812479943037033 0.012552999891340733
v -0.24028499424457547 0.17835499346256256 0.01258500013500452
v -0.24024699628353116 0.17852100729942322 0.012508999556303024
v -0.2402430027723312 0.17870500683784485 0.012416999787092209
v -0.24026900529861447 0.1789039969444275 0.0123089998960495
v -0.24040199816226956 0.1793690025806427 0.012005999684333801
v -0.24035699665546414 0.17924000322818756 0.012098999693989754
v -0.24029600620269773 0.17903099954128265 0.01223399955779314
v -0.24092499911785123 0.1779240071773529 0.012749000452458858
v -0.24073900282382962 0.1779550015926361 0.012738999910652637
v -0.2405859977006912 0.17802099883556366 0.01271899975836277
v -0.24044300615787503 0.17812000215053558 0.012683000415563583
v -0.24034099280834195 0.17824000120162964 0.012635000050067902
v -0.2541050016880035 0.16946299374103546 0.01193699985742569
v -0.2532730102539062 0.16972999274730682 0.012546000070869923
v -0.2544209957122802 0.16974900662899017 0.01195400021970272
v -0.25456500053405756 0.16994799673557281 0.01202400028705597
v -0.25462898612022394 0.17013899981975555 0.012134999968111515
v -0.2546150088310241 0.1703210026025772 0.012271000072360039
v -0.25451299548149103 0.17053300142288208 0.012438000179827213
v -0.25375801324844355 0.17127500474452972 0.012749999761581421
v -0.25405201315879816 0.17102199792861938 0.012709000147879124
v -0.25411599874496454 0.17096400260925293 0.012690000236034393
v -0.254144012928009 0.17093800008296967 0.012679999694228172
v -0.25420799851417536 0.17087699472904205 0.012653999961912632
v -0.2544629871845245 0.1706019937992096 0.012488000094890594
v -0.25268501043319697 0.16931000351905823 0.012552999891340733
v -0.24841099977493283 0.16692900657653809 0.01271899975836277
v -0.24845600128173825 0.16676099598407745 0.012683000415563583
v -0.24853500723838803 0.16662399470806122 0.012635000050067902
v -0.24843299388885495 0.16728100180625916 0.012749000452458858
v -0.24840000271797177 0.16709500551223755 0.012738999910652637
v -0.24961900711059568 0.16630299389362335 0.012005999684333801
v -0.24948300421237943 0.16630400717258453 0.012098999693989754
v -0.24926599860191342 0.16631700098514557 0.01223399955779314
v -0.2491360008716583 0.16633300483226776 0.0123089998960495
v -0.2489410042762756 0.166375994682312 0.012416999787092209
v -0.24876800179481504 0.16644099354743958 0.012508999556303024
v -0.2486239969730377 0.1665329933166504 0.01258500013500452
v -0.2545840144157409 0.1704069972038269 0.004160999786108732
v -0.25446400046348566 0.1706009954214096 0.004011999815702438
v -0.2532710134983062 0.16972899436950684 0.00395399983972311
v -0.254390001296997 0.17069000005722046 0.003951000049710274
v -0.2543759942054748 0.17070600390434265 0.00394099997356534
v -0.25433200597763056 0.17075300216674805 0.003911999985575676
v -0.2541170120239257 0.17096300423145294 0.0038109999150037766
v -0.254050999879837 0.17102199792861938 0.0037899999879300594
v -0.2539739906787872 0.1710910052061081 0.0037720000836998224
v -0.25404399633407587 0.1710290014743805 0.0037879999727010727
v -0.2540650069713592 0.16943399608135223 0.00455900002270937
v -0.2542749941349029 0.16960300505161285 0.00456599984318018
v -0.25450301170349116 0.1698489934206009 0.004517000168561935
v -0.2545999884605407 0.1700260043144226 0.004435999784618616
v -0.2546330094337463 0.1702059954404831 0.004317000042647123
v -0.25268501043319697 0.16931000351905823 0.0039470000192523
v -0.2486239969730377 0.1665329933166504 0.003914999775588512
v -0.24876800179481504 0.16644099354743958 0.003990999888628721
v -0.2489410042762756 0.166375994682312 0.004083000123500824
v -0.2491360008716583 0.16633300483226776 0.004191000014543533
v -0.24961900711059568 0.16630299389362335 0.004494000226259232
v -0.24948300421237943 0.16630400717258453 0.004401000216603279
v -0.24926599860191342 0.16631700098514557 0.004265999887138605
v -0.24843299388885495 0.16728100180625916 0.0037509999237954617
v -0.24840000271797177 0.16709500551223755 0.0037609999999403954
v -0.24841099977493283 0.16692900657653809 0.003780999919399619
v -0.24845600128173825 0.16676099598407745 0.0038169999606907368
v -0.24853500723838803 0.16662399470806122 0.003865000093355775
v -0.24488399922847745 0.18253399431705475 0.004563000053167343
v -0.2448559999465942 0.181660994887352 0.00395399983972311
v -0.24525900185108182 0.18273699283599854 0.0045460001565515995
v -0.24549500644206998 0.18280500173568726 0.004476000089198351
v -0.2456959933042526 0.1828020066022873 0.004364999942481518
v -0.24586400389671323 0.18272800743579865 0.004228999838232994
v -0.2460290044546127 0.182559996843338 0.004062000196427107
v -0.24647499620914456 0.18160000443458557 0.0037499999161809683
v -0.24633400142192838 0.1819619983434677 0.003790999995544553
v -0.246301993727684 0.1820410043001175 0.003809999907389283
v -0.24628700315952298 0.18207600712776184 0.003819999983534217
v -0.24625100195407865 0.1821579933166504 0.003845999948680401
v -0.2460770010948181 0.1824910044670105 0.004011999815702438
v -0.24426299333572385 0.1812479943037033 0.0039470000192523
v -0.2405859977006912 0.17802099883556366 0.003780999919399619
v -0.24044300615787503 0.17812000215053558 0.0038169999606907368
v -0.24034099280834195 0.17824000120162964 0.003865000093355775
v -0.24092499911785123 0.1779240071773529 0.0037509999237954617
v -0.24073900282382962 0.1779550015926361 0.0037609999999403954
v -0.24040199816226956 0.1793690025806427 0.004494000226259232
v -0.24035699665546414 0.17924000322818756 0.004401000216603279
v -0.24029600620269773 0.17903099954128265 0.004265999887138605
v -0.24026900529861447 0.1789039969444275 0.004191000014543533
v -0.2402430027723312 0.17870500683784485 0.004083000123500824
v -0.24024699628353116 0.17852100729942322 0.003990999888628721
v -0.24028499424457547 0.17835499346256256 0.003914999775588512
v -0.23724399507045743 0.17616799473762512 0.0027660001069307327
v -0.23706500232219693 0.17641299962997437 0.002862999914214015
v -0.23687799274921414 0.1767120063304901 0.0030060000717639923
v -0.23687200248241422 0.17672200500965118 0.003011000109836459
v -0.2366950064897537 0.17676199972629547 0.002982999896630645
v -0.23787300288677213 0.1754859983921051 0.0026000000070780516
v -0.2376569956541061 0.17569799721240997 0.0026340000331401825
v -0.23785099387168882 0.17546699941158295 0.002581000095233321
v -0.2373390048742294 0.17605000734329224 0.0027260000351816416
v -0.23324200510978696 0.17753100395202637 0.002669000066816807
v -0.23197899758815763 0.17785100638866425 0.0026920000091195107
v -0.23077400028705594 0.17818699777126312 0.002795000094920397
v -0.23052500188350675 0.17826099693775177 0.002827000105753541
v -0.23637199401855466 0.17683300375938416 0.0029329999815672636
v -0.23531700670719144 0.17705899477005005 0.0027970001101493835
v -0.23388700187206266 0.17737799882888794 0.002687999978661537
v -0.24162399768829343 0.1704459935426712 0.0024419999681413174
v -0.24058400094509122 0.1718980073928833 0.0024530000519007444
v -0.2391570061445236 0.17381200194358826 0.002503999974578619
v -0.24508699774742124 0.16520899534225464 0.002581000095233321
v -0.2441499978303909 0.16670900583267212 0.002515000058338046
v -0.24293200671672818 0.16855399310588837 0.0024610001128166914
v -0.24571500718593595 0.16415099799633026 0.002862999914214015
v -0.24554400146007535 0.16440199315547943 0.0027660001069307327
v -0.24546499550342557 0.16453100740909576 0.0027260000351816416
v -0.24524000287055966 0.1649480015039444 0.0026340000331401825
v -0.2451120018959045 0.16522300243377686 0.0026000000070780516
v -0.2459200024604797 0.16368499398231506 0.002982999896630645
v -0.24594099819660184 0.16386599838733673 0.003011000109836459
v -0.24593399465084073 0.16387499868869781 0.0030060000717639923
v -0.24526199698448178 0.15737000107765198 0.002827000105753541
v -0.245276004076004 0.15762999653816223 0.002795000094920397
v -0.24536399543285367 0.15887700021266937 0.0026920000091195107
v -0.2454860061407089 0.16017399728298187 0.002669000066816807
v -0.24555799365043637 0.16083300113677979 0.002687999978661537
v -0.24573700129985807 0.16228699684143066 0.0027970001101493835
v -0.24587799608707425 0.16335700452327728 0.0029329999815672636
v -0.24554400146007535 0.16440199315547943 0.0137339998036623
v -0.24571500718593595 0.16415099799633026 0.013636999763548374
v -0.24593399465084073 0.16387499868869781 0.01349399983882904
v -0.24594099819660184 0.16386599838733673 0.01348899956792593
v -0.2459200024604797 0.16368499398231506 0.013516999781131744
v -0.2451120018959045 0.16522300243377686 0.013899999670684338
v -0.24524000287055966 0.1649480015039444 0.01386599987745285
v -0.24508699774742124 0.16520899534225464 0.013918999582529068
v -0.24546499550342557 0.16453100740909576 0.013774000108242035
v -0.2454860061407089 0.16017399728298187 0.013830999843776226
v -0.24536399543285367 0.15887700021266937 0.013807999901473522
v -0.245276004076004 0.15762999653816223 0.013705000281333923
v -0.24526199698448178 0.15737000107765198 0.013673000037670135
v -0.24587799608707425 0.16335700452327728 0.013566999696195126
v -0.24573700129985807 0.16228699684143066 0.01370299980044365
v -0.24555799365043637 0.16083300113677979 0.013811999931931496
v -0.2441499978303909 0.16670900583267212 0.013984999619424343
v -0.24293200671672818 0.16855399310588837 0.014038999564945698
v -0.23785099387168882 0.17546699941158295 0.013918999582529068
v -0.2391570061445236 0.17381200194358826 0.013996000401675701
v -0.24058400094509122 0.1718980073928833 0.014046999625861645
v -0.24162399768829343 0.1704459935426712 0.014058000408113003
v -0.23787300288677213 0.1754859983921051 0.013899999670684338
v -0.2376569956541061 0.17569799721240997 0.01386599987745285
v -0.2373390048742294 0.17605000734329224 0.013774000108242035
v -0.23724399507045743 0.17616799473762512 0.0137339998036623
v -0.2366950064897537 0.17676199972629547 0.013516999781131744
v -0.23687200248241422 0.17672200500965118 0.01348899956792593
v -0.23687799274921414 0.1767120063304901 0.01349399983882904
v -0.23637199401855466 0.17683300375938416 0.013566999696195126
v -0.23706500232219693 0.17641299962997437 0.013636999763548374
v -0.23052500188350675 0.17826099693775177 0.013673000037670135
v -0.23077400028705594 0.17818699777126312 0.013705000281333923
v -0.23197899758815763 0.17785100638866425 0.013807999901473522
v -0.23324200510978696 0.17753100395202637 0.013830999843776226
v -0.23388700187206266 0.17737799882888794 0.013811999931931496
v -0.23531700670719144 0.17705899477005005 0.01370299980044365
v -0.23010599613189694 0.17977499961853027 0.01208100002259016
v -0.2294490039348602 0.17985999584197998 0.011962000280618668
v -0.23084299266338346 0.17969399690628052 0.012179000303149223
v -0.23026099801063535 0.17904800176620483 0.01279900036752224
v -0.2310809940099716 0.17887599766254425 0.012897999957203865
v -0.23164899647235868 0.1796180009841919 0.012254999950528145
v -0.23189100623130796 0.17959800362586975 0.012272000312805176
v -0.23306499421596524 0.17951300740242004 0.012326999567449093
v -0.2343109995126724 0.17944300174713135 0.01233999989926815
v -0.23495300114154813 0.17941400408744812 0.012330999597907066
v -0.2363989949226379 0.1793619990348816 0.012275000102818012
v -0.23583599925041196 0.17813800275325775 0.012854999862611294
v -0.2344039976596832 0.17832300066947937 0.01295899972319603
v -0.23376299440860746 0.1784140020608902 0.012981999665498734
v -0.23251199722290036 0.17861300706863403 0.012981999665498734
v -0.23132599890232083 0.17882800102233887 0.01291900034993887
v -0.2372310012578964 0.17797300219535828 0.01268799975514412
v -0.23782700300216672 0.1793220043182373 0.012174000032246113
v -0.2373239994049072 0.17708399891853333 0.013119000010192394
v -0.2369579970836639 0.1767909973859787 0.013412999920547009
v -0.23688399791717527 0.17673100531101227 0.013477999716997147
v -0.23991300165653226 0.17900699377059937 0.012054000049829483
v -0.23904600739479062 0.17838099598884583 0.012248000130057335
v -0.23890499770641324 0.1788800060749054 0.012157999910414219
v -0.23898400366306302 0.1783369928598404 0.012267000041902065
v -0.23840999603271482 0.1779170036315918 0.012485000304877758
v -0.2383569926023483 0.1778780072927475 0.012508999556303024
v -0.23819899559020993 0.17775900661945343 0.012583999894559383
v -0.23809100687503812 0.17767800390720367 0.012639000080525875
v -0.23840999603271482 0.17590099573135376 0.013508000411093235
v -0.23840799927711484 0.1779019981622696 0.012494999915361404
v -0.2384729981422424 0.17765699326992035 0.012655000202357769
v -0.23857699334621427 0.17740599811077118 0.012795000337064266
v -0.23989300429821012 0.17711099982261658 0.012864000163972378
v -0.23929800093173978 0.17661899328231812 0.013050000183284283
v -0.23908999562263486 0.17677000164985657 0.013031000271439552
v -0.23929099738597867 0.17661400139331818 0.01305299997329712
v -0.23913900554180142 0.176488995552063 0.013116000220179558
v -0.24083000421524045 0.17783500254154205 0.012749999761581421
v -0.24052700400352475 0.17762500047683716 0.012764000333845615
v -0.24015299975872037 0.17732499539852142 0.01281100045889616
v -0.2386910021305084 0.1772110015153885 0.012887000106275082
v -0.2388699948787689 0.17698299884796143 0.012973999604582787
v -0.24061299860477445 0.175028994679451 0.013069000095129013
v -0.2466509938240051 0.16618099808692932 0.01305299997329712
v -0.24648900330066678 0.16608299314975739 0.013113000430166721
v -0.24578699469566342 0.1676570028066635 0.013066000305116177
v -0.24569000303745267 0.1655929982662201 0.013504000380635262
v -0.24761800467967984 0.1667580008506775 0.012810000218451023
v -0.24732799828052518 0.16658499836921692 0.012861999683082104
v -0.2466589957475662 0.16618500649929047 0.013050000183284283
v -0.24832199513912198 0.1672240048646927 0.012749999761581421
v -0.24802300333976743 0.16700899600982666 0.012764000333845615
v -0.24455000460147855 0.16959400475025177 0.013079999946057796
v -0.24320499598979947 0.17156100273132324 0.013085000216960907
v -0.24212199449539182 0.17306199669837952 0.01308200042694807
v -0.24672999978065488 0.16593900322914124 0.013031000271439552
v -0.24685700237751004 0.16565999388694763 0.012973999604582787
v -0.24595400691032407 0.16387400031089783 0.013477999716997147
v -0.24603499472141263 0.1639229953289032 0.013412999920547009
v -0.24715800583362577 0.165242001414299 0.012795000337064266
v -0.2464330047369003 0.16416899859905243 0.013119000010192394
v -0.24736000597476956 0.16505999863147736 0.012655000202357769
v -0.24725000560283658 0.16469299793243408 0.012639000080525875
v -0.24817100167274472 0.1653130054473877 0.012267000041902065
v -0.2475830018520355 0.16491299867630005 0.012485000304877758
v -0.2475679963827133 0.1649170070886612 0.012494999915361404
v -0.247528001666069 0.1648769974708557 0.012508999556303024
v -0.24736300110816953 0.16476699709892273 0.012583999894559383
v -0.24823300540447232 0.16535599529743195 0.012248000130057335
v -0.24911400675773618 0.1659640073776245 0.012054000049829483
v -0.24701300263404843 0.16541500389575958 0.012887000106275082
v -0.24865600466728208 0.1650560051202774 0.012157999910414219
v -0.2472400069236755 0.163782998919487 0.01268799975514412
v -0.24871100485324857 0.16389299929141998 0.012174000032246113
v -0.24827000498771665 0.16253399848937988 0.012275000102818012
v -0.24654799699783322 0.156468003988266 0.01208100002259016
v -0.24640800058841703 0.15581999719142914 0.011962000280618668
v -0.24602800607681272 0.1576869934797287 0.012897999957203865
v -0.24591499567031858 0.15685699880123138 0.01279900036752224
v -0.24671800434589383 0.15718799829483032 0.012179000303149223
v -0.24606500566005704 0.15793399512767792 0.01291900034993887
v -0.24626000225543973 0.1591240018606186 0.012981999665498734
v -0.24649299681186673 0.16036899387836456 0.012981999665498734
v -0.24662099778652188 0.16100400686264038 0.01295899972319603
v -0.24692800641059873 0.16241499781608582 0.012854999862611294
v -0.24691799283027646 0.1579730063676834 0.012254999950528145
v -0.24697999656200406 0.1582079976797104 0.012272000312805176
v -0.24729399383068082 0.15934300422668457 0.012326999567449093
v -0.2476450055837631 0.16053999960422516 0.01233999989926815
v -0.24783299863338468 0.16115400195121765 0.012330999597907066
v -0.2372310012578964 0.17797300219535828 0.00381199992261827
v -0.23782700300216672 0.1793220043182373 0.00432599987834692
v -0.2363989949226379 0.1793619990348816 0.004224999807775021
v -0.23010599613189694 0.17977499961853027 0.0044189998880028725
v -0.2294490039348602 0.17985999584197998 0.0045380000956356525
v -0.2310809940099716 0.17887599766254425 0.003601999953389168
v -0.23026099801063535 0.17904800176620483 0.0037010000087320805
v -0.23084299266338346 0.17969399690628052 0.004321000073105097
v -0.23132599890232083 0.17882800102233887 0.0035810000263154507
v -0.23251199722290036 0.17861300706863403 0.0035180000122636557
v -0.23376299440860746 0.1784140020608902 0.0035180000122636557
v -0.2344039976596832 0.17832300066947937 0.0035409999545663595
v -0.23583599925041196 0.17813800275325775 0.003645000047981739
v -0.23164899647235868 0.1796180009841919 0.004244999960064888
v -0.23189100623130796 0.17959800362586975 0.004228000063449144
v -0.23306499421596524 0.17951300740242004 0.004172999877482653
v -0.2343109995126724 0.17944300174713135 0.0041600000113248825
v -0.23495300114154813 0.17941400408744812 0.004168999847024679
v -0.23951700329780576 0.17872099578380585 0.0043750000186264515
v -0.23890499770641324 0.1788800060749054 0.004342000000178814
v -0.23865300416946408 0.1780959963798523 0.0041160001419484615
v -0.23819799721240995 0.17775900661945343 0.0039160000160336494
v -0.2369579970836639 0.1767909973859787 0.0030869999900460243
v -0.2373230010271072 0.17708300054073334 0.0033809999004006386
v -0.23688399791717527 0.17673100531101227 0.0030219999607652426
v -0.23742300271987912 0.17716200649738312 0.003452999982982874
v -0.23908999562263486 0.17677000164985657 0.003469000104814768
v -0.2388699948787689 0.17698299884796143 0.0035260000731796026
v -0.23857699334621427 0.17740599811077118 0.003705000039190054
v -0.2384729981422424 0.17765699326992035 0.0038449999410659075
v -0.23840799927711484 0.1779019981622696 0.004004999995231628
v -0.24058300256729123 0.1776680052280426 0.0037400000728666782
v -0.23841500282287595 0.1759060025215149 0.0029959999956190586
v -0.23865699768066403 0.17609800398349762 0.0031429999507963657
v -0.23929800093173978 0.17661899328231812 0.003449999960139394
v -0.23939299583435056 0.1766970008611679 0.0034860000014305115
v -0.2386910021305084 0.1772110015153885 0.003613000037148595
v -0.24016000330448148 0.17733100056648254 0.0036899999249726534
v -0.24061299860477445 0.175028994679451 0.0034310000482946634
v -0.24583299458026883 0.16568300127983093 0.003077999921515584
v -0.24663999676704404 0.1661739945411682 0.00344299990683794
v -0.24578699469566342 0.1676570028066635 0.0034340000711381435
v -0.24697199463844297 0.16637299954891205 0.0035500000230968
v -0.2478239983320236 0.16688400506973267 0.003717999905347824
v -0.24808900058269498 0.1670520007610321 0.0037410000804811716
v -0.24455000460147855 0.16959400475025177 0.0034199999645352364
v -0.24320499598979947 0.17156100273132324 0.0034149999264627695
v -0.24212199449539182 0.17306199669837952 0.0034179999493062496
v -0.24871200323104856 0.16568699479103088 0.0043750000186264515
v -0.24595400691032407 0.16387400031089783 0.0030219999607652426
v -0.24603499472141263 0.1639229953289032 0.0030869999900460243
v -0.24715800583362577 0.165242001414299 0.003705000039190054
v -0.2464340031147003 0.16416999697685242 0.0033809999004006386
v -0.24654099345207212 0.16423699259757996 0.003452999982982874
v -0.24736000597476956 0.16505999863147736 0.0038449999410659075
v -0.24736300110816953 0.16476699709892273 0.0039160000160336494
v -0.2475679963827133 0.1649170070886612 0.004004999995231628
v -0.24783299863338468 0.16508199274539948 0.0041160001419484615
v -0.24672999978065488 0.16593900322914124 0.003469000104814768
v -0.24701300263404843 0.16541500389575958 0.003613000037148595
v -0.24685700237751004 0.16565999388694763 0.0035260000731796026
v -0.24871100485324857 0.16389299929141998 0.00432599987834692
v -0.2472400069236755 0.163782998919487 0.00381199992261827
v -0.24865600466728208 0.1650560051202774 0.004342000000178814
v -0.24640800058841703 0.15581999719142914 0.0045380000956356525
v -0.24654799699783322 0.156468003988266 0.0044189998880028725
v -0.24591499567031858 0.15685699880123138 0.0037010000087320805
v -0.24602800607681272 0.1576869934797287 0.003601999953389168
v -0.24691799283027646 0.1579730063676834 0.004244999960064888
v -0.24671800434589383 0.15718799829483032 0.004321000073105097
v -0.24697999656200406 0.1582079976797104 0.004228000063449144
v -0.24729399383068082 0.15934300422668457 0.004172999877482653
v -0.2476450055837631 0.16053999960422516 0.0041600000113248825
v -0.24783299863338468 0.16115400195121765 0.004168999847024679
v -0.24827000498771665 0.16253399848937988 0.004224999807775021
v -0.24692800641059873 0.16241499781608582 0.003645000047981739
v -0.24662099778652188 0.16100400686264038 0.0035409999545663595
v -0.24649299681186673 0.16036899387836456 0.0035180000122636557
v -0.24626000225543973 0.1591240018606186 0.0035180000122636557
v -0.24606500566005704 0.15793399512767792 0.0035810000263154507
v -0.24616700410842893 0.18237699568271637 0.012581000104546547
v -0.2465340048074722 0.1838199943304062 0.012726999819278717
v -0.2465350031852722 0.18386399745941162 0.012695999816060066
v -0.24614900350570676 0.18272599577903748 0.012529999949038029
v -0.24614700675010678 0.1828009933233261 0.012511000037193298
v -0.2461539953947067 0.18349100649356842 0.012210999615490437
v -0.24614499509334561 0.18314999341964722 0.012391000054776669
v -0.24654500186443326 0.18423500657081604 0.012381999753415585
v -0.24656400084495542 0.18456099927425385 0.012005999684333801
v -0.24555000662803647 0.18295900523662567 0.011989000253379345
v -0.24558100104331967 0.1832599937915802 0.011839999817311764
v -0.2455859929323196 0.18329299986362457 0.011819999665021896
v -0.24562700092792508 0.18357299268245697 0.011614999733865261
v -0.2456720024347305 0.18382300436496735 0.011366000398993492
v -0.24571999907493589 0.18404600024223328 0.011052999645471573
v -0.24578200280666349 0.18430499732494354 0.010347000323235989
v -0.2462709993124008 0.18467900156974792 0.010417000390589237
v -0.24575999379158017 0.18421800434589386 0.0106819998472929
v -0.24625599384307859 0.184578999876976 0.010820000432431698
v -0.24575600028038022 0.1841990053653717 0.010734000243246555
v -0.24625299870967862 0.18455800414085388 0.010882999747991562
v -0.24623000621795652 0.18438400328159332 0.011265999637544155
v -0.2462009936571121 0.184129998087883 0.011641999706625938
v -0.24617500603199002 0.18384599685668945 0.0119420001283288
v -0.24615600705146787 0.18352800607681274 0.01218700036406517
v -0.2466199994087219 0.18518200516700745 0.01050500012934208
v -0.24660800397396085 0.18507100641727448 0.010994999669492245
v -0.24660600721836087 0.1850460022687912 0.01107100024819374
v -0.24658599495887754 0.18485000729560852 0.01153900008648634
v -0.24579000473022458 0.18433499336242676 0.009999999776482582
v -0.24596500396728513 0.18444399535655975 0.009999999776482582
v -0.24627600610256192 0.1847119927406311 0.009999999776482582
v -0.2465260028839111 0.1850389987230301 0.009999999776482582
v -0.24662500619888303 0.18522000312805176 0.009999999776482582
v -0.24662500619888303 0.18522000312805176 0.006500000134110451
v -0.2465260028839111 0.1850389987230301 0.006500000134110451
v -0.24627600610256192 0.1847119927406311 0.006500000134110451
v -0.24596500396728513 0.18444399535655975 0.006500000134110451
v -0.24579000473022458 0.18433499336242676 0.006500000134110451
v -0.24614700675010678 0.1828009933233261 0.0039889998733997345
v -0.2465340048074722 0.1838199943304062 0.003773000091314316
v -0.2465350031852722 0.18386399745941162 0.0038040000945329666
v -0.24656400084495542 0.18456099927425385 0.004494000226259232
v -0.24654500186443326 0.18423500657081604 0.004118000157177448
v -0.24614900350570676 0.18272599577903748 0.003969999961555004
v -0.24616700410842893 0.18237699568271637 0.003918999806046486
v -0.24614499509334561 0.18314999341964722 0.004108999855816364
v -0.2461539953947067 0.18349100649356842 0.004288999829441309
v -0.24615600705146787 0.18352800607681274 0.00431300001218915
v -0.24617500603199002 0.18384599685668945 0.004557999782264233
v -0.24555000662803647 0.18295900523662567 0.004511000122874975
v -0.24558100104331967 0.1832599937915802 0.004660000093281269
v -0.2455859929323196 0.18329299986362457 0.004679999779909849
v -0.24562700092792508 0.18357299268245697 0.004885000176727772
v -0.2456720024347305 0.18382300436496735 0.005133999977260828
v -0.2466199994087219 0.18518200516700745 0.005994999781250954
v -0.2462709993124008 0.18467900156974792 0.006082999985665083
v -0.24660800397396085 0.18507100641727448 0.005504999775439501
v -0.24625599384307859 0.184578999876976 0.005679999943822622
v -0.24660600721836087 0.1850460022687912 0.005429000128060579
v -0.24625299870967862 0.18455800414085388 0.005617000162601471
v -0.24658599495887754 0.18485000729560852 0.004960999824106693
v -0.24623000621795652 0.18438400328159332 0.00523399980738759
v -0.2462009936571121 0.184129998087883 0.004858000203967094
v -0.24578200280666349 0.18430499732494354 0.0061530000530183315
v -0.24575999379158017 0.18421800434589386 0.005818000063300133
v -0.24575600028038022 0.1841990053653717 0.005766000133007765
v -0.24571999907493589 0.18404600024223328 0.005446999799460173
v -0.25438699126243586 0.1707250028848648 0.003918999806046486
v -0.25586900115013117 0.17058700323104858 0.003773000091314316
v -0.25591099262237543 0.17057199776172638 0.0038040000945329666
v -0.2547090053558349 0.17059099674224854 0.003969999961555004
v -0.2547790110111236 0.17056399583816528 0.0039889998733997345
v -0.2554309964179992 0.17033900320529938 0.004288999829441309
v -0.2551069855690002 0.17044499516487122 0.004108999855816364
v -0.2562640011310577 0.17045800387859344 0.004118000157177448
v -0.25657799839973444 0.17036600410938263 0.004494000226259232
v -0.25472798943519587 0.1699489951133728 0.004511000122874975
v -0.2550219893455505 0.16987699270248413 0.004660000093281269
v -0.25505501031875605 0.16987000405788422 0.004679999779909849
v -0.2553319931030273 0.16981500387191772 0.004885000176727772
v -0.25558298826217646 0.16977399587631226 0.005133999977260828
v -0.25580900907516474 0.16974399983882904 0.005446999799460173
v -0.2560740113258361 0.1697150021791458 0.0061530000530183315
v -0.2565900087356567 0.1700509935617447 0.006082999985665083
v -0.2559849917888641 0.1697240024805069 0.005818000063300133
v -0.25649100542068476 0.17007000744342804 0.005679999943822622
v -0.25596499443054194 0.16972599923610687 0.005766000133007765
v -0.25646999478340143 0.17007499933242798 0.005617000162601471
v -0.25629800558090204 0.17011100053787231 0.00523399980738759
v -0.25604900717735285 0.17016899585723877 0.004858000203967094
v -0.2557730078697204 0.17023999989032745 0.004557999782264233
v -0.25546699762344355 0.17032800614833832 0.00431300001218915
v -0.2571809887886047 0.17021100223064423 0.005994999781250954
v -0.2570720016956329 0.1702370047569275 0.005504999775439501
v -0.2570489943027496 0.17024199664592743 0.005429000128060579
v -0.25685700774192805 0.1702899932861328 0.004960999824106693
v -0.25610500574111933 0.16971300542354584 0.006500000134110451
v -0.25626599788665766 0.169841006398201 0.006500000134110451
v -0.25662299990653986 0.17004400491714478 0.006500000134110451
v -0.2570149898529052 0.17016999423503876 0.006500000134110451
v -0.257218986749649 0.17020200192928314 0.006500000134110451
v -0.25610500574111933 0.16971300542354584 0.009999999776482582
v -0.25626599788665766 0.169841006398201 0.009999999776482582
v -0.25662299990653986 0.17004400491714478 0.009999999776482582
v -0.2570149898529052 0.17016999423503876 0.009999999776482582
v -0.257218986749649 0.17020200192928314 0.009999999776482582
v -0.25586900115013117 0.17058700323104858 0.012726999819278717
v -0.25591099262237543 0.17057199776172638 0.012695999816060066
v -0.25657799839973444 0.17036600410938263 0.012005999684333801
v -0.2562640011310577 0.17045800387859344 0.012381999753415585
v -0.2547790110111236 0.17056399583816528 0.012511000037193298
v -0.2547090053558349 0.17059099674224854 0.012529999949038029
v -0.25438699126243586 0.1707250028848648 0.012581000104546547
v -0.2551069855690002 0.17044499516487122 0.012391000054776669
v -0.2554309964179992 0.17033900320529938 0.012210999615490437
v -0.25546699762344355 0.17032800614833832 0.01218700036406517
v -0.2557730078697204 0.17023999989032745 0.0119420001283288
v -0.25472798943519587 0.1699489951133728 0.011989000253379345
v -0.2550219893455505 0.16987699270248413 0.011839999817311764
v -0.25505501031875605 0.16987000405788422 0.011819999665021896
v -0.2553319931030273 0.16981500387191772 0.011614999733865261
v -0.25558298826217646 0.16977399587631226 0.011366000398993492
v -0.2571809887886047 0.17021100223064423 0.01050500012934208
v -0.2565900087356567 0.1700509935617447 0.010417000390589237
v -0.2570720016956329 0.1702370047569275 0.010994999669492245
v -0.25649100542068476 0.17007000744342804 0.010820000432431698
v -0.2570489943027496 0.17024199664592743 0.01107100024819374
v -0.25646999478340143 0.17007499933242798 0.010882999747991562
v -0.25685700774192805 0.1702899932861328 0.01153900008648634
v -0.25629800558090204 0.17011100053787231 0.011265999637544155
v -0.25604900717735285 0.17016899585723877 0.011641999706625938
v -0.2560740113258361 0.1697150021791458 0.010347000323235989
v -0.2559849917888641 0.1697240024805069 0.0106819998472929
v -0.25596499443054194 0.16972599923610687 0.010734000243246555
v -0.25580900907516474 0.16974399983882904 0.011052999645471573
v -0.26483300328254694 0.188741996884346 0.01075000036507845
v -0.26302999258041376 0.18983100354671478 0.01075000036507845
v -0.2609699964523315 0.19027499854564667 0.01075000036507845
v -0.2588779926300048 0.19002600014209747 0.01075000036507845
v -0.25698000192642206 0.18911199271678925 0.01075000036507845
v -0.25548198819160456 0.18762999773025513 0.01075000036507845
v -0.2545459866523742 0.18574300408363342 0.01075000036507845
v -0.2542729973793029 0.18365399539470673 0.01075000036507845
v -0.2546940147876739 0.1815890073776245 0.01075000036507845
v -0.25576201081275934 0.1797730028629303 0.01075000036507845
v -0.25736200809478754 0.17840300500392914 0.01075000036507845
v -0.25931999087333674 0.17762599885463715 0.01075000036507845
v -0.26142498850822443 0.17752699553966522 0.01075000036507845
v -0.2634469866752624 0.17811599373817444 0.01075000036507845
v -0.2651689946651458 0.1793310046195984 0.01075000036507845
v -0.26640298962593073 0.1810380071401596 0.01075000036507845
v -0.26701501011848444 0.18305400013923645 0.01075000036507845
v -0.2669399976730346 0.18515999615192413 0.01075000036507845
v -0.2661859989166259 0.1871269941329956 0.01075000036507845
v -0.2546940147876739 0.1815890073776245 0.005750000011175871
v -0.2542729973793029 0.18365399539470673 0.005750000011175871
v -0.2545459866523742 0.18574300408363342 0.005750000011175871
v -0.25548198819160456 0.18762999773025513 0.005750000011175871
v -0.25698000192642206 0.18911199271678925 0.005750000011175871
v -0.2588779926300048 0.19002600014209747 0.005750000011175871
v -0.2609699964523315 0.19027499854564667 0.005750000011175871
v -0.26302999258041376 0.18983100354671478 0.005750000011175871
v -0.26483300328254694 0.188741996884346 0.005750000011175871
v -0.2661859989166259 0.1871269941329956 0.005750000011175871
v -0.2669399976730346 0.18515999615192413 0.005750000011175871
v -0.26701501011848444 0.18305400013923645 0.005750000011175871
v -0.26640298962593073 0.1810380071401596 0.005750000011175871
v -0.2651689946651458 0.1793310046195984 0.005750000011175871
v -0.2634469866752624 0.17811599373817444 0.005750000011175871
v -0.26142498850822443 0.17752699553966522 0.005750000011175871
v -0.25931999087333674 0.17762599885463715 0.005750000011175871
v -0.25736200809478754 0.17840300500392914 0.005750000011175871
v -0.25576201081275934 0.1797730028629303 0.005750000011175871
v -0.22589699923992154 0.17061999440193176 0.008249999955296516
v -0.22642700374126432 0.17001700401306152 0.008249999955296516
v -0.22458599507808683 0.17262700200080872 0.0036879999097436666
v -0.22054399549961087 0.17178000509738922 0.005164999980479479
v -0.2221100032329559 0.1706179976463318 0.008249999955296516
v -0.22062399983406064 0.17189300060272217 0.005222000181674957
v -0.22067800164222715 0.17196400463581085 0.005255000200122595
v -0.2203940004110336 0.17152699828147888 0.005024000070989132
v -0.2216439992189407 0.1693129986524582 0.008249999955296516
v -0.22178900241851804 0.17001500725746155 0.008249999955296516
v -0.2202460020780563 0.1711689978837967 0.004800000227987766
v -0.22022199630737302 0.17108699679374695 0.0047439998015761375
v -0.22016300261020658 0.17071600258350372 0.004482000134885311
v -0.2201769948005676 0.17041200399398804 0.004253999795764685
v -0.22190700471401212 0.1678059995174408 0.008249999955296516
v -0.221683993935585 0.1685589998960495 0.008249999955296516
v -0.22135299444198606 0.16902899742126465 0.0030219999607652426
v -0.22346299886703488 0.16603800654411316 0.008249999955296516
v -0.2210319936275482 0.16918699443340302 0.0031999999191612005
v -0.22282800078392026 0.1665010005235672 0.008249999955296516
v -0.22069300711154935 0.16944199800491333 0.003447999944910407
v -0.2222969979047775 0.16710300743579865 0.008249999955296516
v -0.22045199573040006 0.16971799731254578 0.0036929999478161335
v -0.22022500634193418 0.1701900064945221 0.0040799998678267
v -0.2215279936790466 0.16896800696849823 0.002940000034868717
v -0.22198800742626187 0.16887499392032623 0.0027650000993162394
v -0.22415900230407712 0.1657470017671585 0.008249999955296516
v -0.22258199751377103 0.16888000071048737 0.0026030000299215317
v -0.22486999630928037 0.16564899682998657 0.008249999955296516
v -0.22285999357700345 0.16892899572849274 0.0025470000691711903
v -0.22554600238800046 0.1657480001449585 0.008249999955296516
v -0.22361899912357328 0.16923299431800842 0.0024629998952150345
v -0.2261410057544708 0.16603900492191315 0.008249999955296516
v -0.22368100285530088 0.16927100718021393 0.0024610001128166914
v -0.2238029986619949 0.16935299336910248 0.0024590000975877047
v -0.2266149967908859 0.1665019989013672 0.008249999955296516
v -0.22428600490093228 0.16978900134563446 0.0024939998984336853
v -0.22693499922752378 0.16710500419139862 0.008249999955296516
v -0.22434499859809873 0.16985900700092316 0.002503999974578619
v -0.22460700571537015 0.17024800181388855 0.002580000087618828
v -0.22465500235557553 0.1703380048274994 0.002601000014692545
v -0.2270800024271011 0.16780799627304077 0.008249999955296516
v -0.22479400038719174 0.17066699266433716 0.002689999993890524
v -0.22703999280929563 0.16856099665164948 0.008249999955296516
v -0.2248129993677139 0.17072400450706482 0.0027069998905062675
v -0.22490200400352475 0.17110300064086914 0.0028359999414533377
v -0.224930003285408 0.17155300080776215 0.0030219999607652426
v -0.2268169969320297 0.16931499540805817 0.008249999955296516
v -0.22492800652980802 0.17158900201320648 0.00303900009021163
v -0.22487899661064145 0.1719529926776886 0.0032250001095235348
v -0.22466200590133664 0.17250899970531464 0.0035920001100748777
v -0.22436699271202085 0.17287899553775787 0.003930999897420406
v -0.22429700195789334 0.17294099926948547 0.004000999964773655
v -0.22526100277900693 0.171082004904747 0.008249999955296516
v -0.22373999655246732 0.17323899269104004 0.004482000134885311
v -0.2245649993419647 0.17137299478054047 0.008249999955296516
v -0.2237109988927841 0.17324699461460114 0.004503999836742878
v -0.22350500524044034 0.17329199612140656 0.004652999807149172
v -0.22291499376296994 0.1732960045337677 0.005016000010073185
v -0.22385500371456143 0.1714719980955124 0.008249999955296516
v -0.22260999679565427 0.17323699593544006 0.005164999980479479
v -0.22317899763584134 0.17137299478054047 0.008249999955296516
v -0.2225369960069656 0.1732179969549179 0.005197000224143267
v -0.22216199338436124 0.17308500409126282 0.005332000087946653
v -0.22162599861621854 0.17280399799346924 0.005435999948531389
v -0.222583994269371 0.17108100652694702 0.008249999955296516
v -0.221450999379158 0.17268699407577515 0.005444000009447336
v -0.22091899812221524 0.17223699390888214 0.005361999850720167
v -0.23252199590206143 0.15275900065898895 0.008249999955296516
v -0.23199099302291867 0.1533609926700592 0.008249999955296516
v -0.23383200168609616 0.150750994682312 0.0036879999097436666
v -0.2382410019636154 0.1525149941444397 0.004588000010699034
v -0.2382549941539764 0.15266300737857819 0.004482000134885311
v -0.23677399754524228 0.15406599640846252 0.008249999955296516
v -0.2376739978790283 0.1513340026140213 0.005289999768137932
v -0.23787400126457212 0.1515990048646927 0.005164999980479479
v -0.23630799353122708 0.15275999903678894 0.008249999955296516
v -0.23662899434566495 0.15336300432682037 0.008249999955296516
v -0.23583500087261197 0.1522970050573349 0.008249999955296516
v -0.23696799576282498 0.15069100260734558 0.005444000009447336
v -0.237075999379158 0.15077100694179535 0.005439999978989363
v -0.23742699623107907 0.1510709971189499 0.005384000018239021
v -0.23803499341011045 0.15187199413776398 0.0050130002200603485
v -0.23825700581073758 0.15277299284934998 0.004399999976158142
v -0.23651100695133206 0.15557299554347992 0.008249999955296516
v -0.236734002828598 0.15481899678707123 0.008249999955296516
v -0.23824900388717649 0.15289999544620514 0.004304999951273203
v -0.23816800117492673 0.1532689929008484 0.004015999846160412
v -0.23800100386142728 0.15360799431800842 0.003737000050023198
v -0.23799599707126615 0.15361599624156952 0.003731000004336238
v -0.2379619926214218 0.15366500616073608 0.0036879999097436666
v -0.2361209988594055 0.15627500414848328 0.008249999955296516
v -0.2378589957952499 0.1537970006465912 0.0035729999653995037
v -0.23559099435806272 0.15687799453735352 0.008249999955296516
v -0.23706600069999692 0.15434899926185608 0.0030219999607652426
v -0.2349549978971481 0.15734000504016876 0.008249999955296516
v -0.23708699643611905 0.154339998960495 0.0030330000445246696
v -0.23743900656700132 0.15415899455547333 0.0032339999452233315
v -0.2366479933261871 0.1544709950685501 0.002841999987140298
v -0.23620399832725522 0.1545179933309555 0.0026950000319629908
v -0.23425899446010587 0.15763099491596222 0.008249999955296516
v -0.23606200516223905 0.15451699495315552 0.002655999967828393
v -0.2335489988327026 0.15772999823093414 0.008249999955296516
v -0.23582899570465085 0.15449799597263336 0.002601000014692545
v -0.23529200255870816 0.15437300503253937 0.002506999997422099
v -0.23287299275398252 0.15762999653816223 0.008249999955296516
v -0.2350019961595535 0.1542530059814453 0.0024759999942034483
v -0.23227800428867337 0.15733900666236877 0.008249999955296516
v -0.23461499810218808 0.15402600169181824 0.0024590000975877047
v -0.23180399835109708 0.15687599778175354 0.008249999955296516
v -0.23398800194263455 0.1534080058336258 0.0025229998864233494
v -0.2314829975366592 0.1562730073928833 0.008249999955296516
v -0.23387299478054044 0.1532360017299652 0.002555999904870987
v -0.23376299440860746 0.15304100513458252 0.002601000014692545
v -0.23133799433708188 0.15557099878787994 0.008249999955296516
v -0.233596995472908 0.15262599289417267 0.002715999959036708
v -0.23137800395488736 0.15481700003147125 0.008249999955296516
v -0.2335100024938583 0.1522340029478073 0.0028510000556707382
v -0.233486995100975 0.151869997382164 0.003002000041306019
v -0.23348900675773618 0.15182599425315857 0.0030219999607652426
v -0.2316009998321533 0.15406399965286255 0.008249999955296516
v -0.23359000682830808 0.15123799443244934 0.003335000015795231
v -0.2336580008268356 0.15106099843978882 0.003450999967753887
v -0.2340710014104843 0.15048100054264069 0.003951000049710274
v -0.23436899483203885 0.15026900172233582 0.004230000078678131
v -0.23315699398517606 0.1522960066795349 0.008249999955296516
v -0.23467800021171567 0.15014000236988068 0.004482000134885311
v -0.2338529974222183 0.15200500190258026 0.008249999955296516
v -0.23484799265861508 0.15009799599647522 0.004606999922543764
v -0.23551599681377408 0.1500840038061142 0.005022999830543995
v -0.23456400632858274 0.15190599858760834 0.008249999955296516
v -0.23581199347972867 0.15014199912548065 0.005166999995708466
v -0.23523899912834165 0.15200600028038025 0.008249999955296516
v -0.23636600375175473 0.15034200251102448 0.005361999850720167
v -0.23680099844932553 0.1505800038576126 0.005437000188976526
v -0.2379619926214218 0.15366500616073608 0.012811999768018723
v -0.23580799996852872 0.15014100074768066 0.011335000395774841
v -0.235942006111145 0.15017899870872498 0.011277999728918076
v -0.2360270023345947 0.15020599961280823 0.011246000416576862
v -0.23551900684833524 0.15008500218391418 0.011475999839603901
v -0.2351330071687698 0.15006500482559204 0.011700999923050404
v -0.2350479960441589 0.15006999671459198 0.011756000109016895
v -0.23467899858951566 0.1501390039920807 0.012017999775707722
v -0.2343969941139221 0.1502539962530136 0.01224599964916706
v -0.23348900675773618 0.15182599425315857 0.013477999716997147
v -0.23352900147438047 0.15147100389003754 0.013299999758601189
v -0.23365600407123563 0.15106500685214996 0.013051999732851982
v -0.23383599519729611 0.15074700117111206 0.012807000428438187
v -0.2342029958963394 0.15037399530410767 0.012419999577105045
v -0.23349000513553617 0.15201200544834137 0.013559999875724316
v -0.23355600237846372 0.15247699618339539 0.013735000044107437
v -0.2337599992752075 0.1530340015888214 0.013896999880671501
v -0.2338999956846237 0.15327900648117065 0.01395300030708313
v -0.23443999886512754 0.15389199554920197 0.014037000015377998
v -0.234496995806694 0.15393799543380737 0.014038999564945698
v -0.23461499810218808 0.15402600169181824 0.014041000045835972
v -0.2351880073547363 0.15433500707149506 0.014006000012159348
v -0.235274001955986 0.15436600148677826 0.013996000401675701
v -0.23572799563407895 0.15448300540447235 0.013919999822974205
v -0.23582899570465085 0.15449799597263336 0.013899000361561775
v -0.23618599772453305 0.1545179933309555 0.013810000382363796
v -0.23624600470066068 0.15451699495315552 0.013793000020086765
v -0.2366330027580261 0.15447400510311127 0.013663999736309052
v -0.23706600069999692 0.15434899926185608 0.013477999716997147
v -0.2370990067720413 0.15433500707149506 0.01346100028604269
v -0.23742599785327909 0.15416699647903442 0.013275000266730785
v -0.23787699639797208 0.15377600491046906 0.012907999567687511
v -0.23812599480152127 0.15337400138378143 0.012569000013172626
v -0.23816099762916562 0.15328699350357056 0.012498999945819378
v -0.2382549941539764 0.152661994099617 0.012017999775707722
v -0.23825299739837644 0.1526319980621338 0.011996000073850155
v -0.23822599649429319 0.15242399275302887 0.011846999637782574
v -0.23803199827671048 0.15186600387096405 0.011483999900519848
v -0.23787400126457212 0.1515980064868927 0.011335000395774841
v -0.23783099651336667 0.1515360027551651 0.011303000152111053
v -0.2375800013542175 0.15122699737548828 0.011168000288307667
v -0.23713600635528562 0.15081700682640076 0.011064000427722931
v -0.236966997385025 0.15069100260734558 0.011056999675929546
v -0.23636500537395475 0.15034200251102448 0.011137999594211578
v -0.2204560041427612 0.16971300542354584 0.012811999768018723
v -0.22359600663185117 0.17327600717544556 0.011912000365555286
v -0.22373999655246732 0.17323899269104004 0.012017999775707722
v -0.22229300439357755 0.17313699424266815 0.011210000142455101
v -0.22260999679565427 0.17323699593544006 0.011335000395774841
v -0.221450999379158 0.17268699407577515 0.011056999675929546
v -0.22156199812889096 0.17276300489902496 0.011060000397264957
v -0.2219630032777786 0.172993004322052 0.011115999892354012
v -0.22292099893093106 0.1732970029115677 0.011486999690532684
v -0.22384500503540036 0.1732030063867569 0.01209999993443489
v -0.22396099567413327 0.17315399646759033 0.012195000424981117
v -0.22428199648857114 0.17295299470424652 0.012484000064432621
v -0.22454500198364255 0.1726830005645752 0.012763000093400478
v -0.22455100715160367 0.1726749986410141 0.012768999673426151
v -0.22458599507808683 0.17262700200080872 0.012811999768018723
v -0.22467599809169767 0.17248499393463135 0.012927000410854816
v -0.224930003285408 0.17155300080776215 0.013477999716997147
v -0.224929004907608 0.17157599329948425 0.013466999866068363
v -0.2248760014772415 0.1719689965248108 0.013265999965369701
v -0.22490499913692472 0.17111900448799133 0.013658000156283379
v -0.22480000555515287 0.17068499326705933 0.013805000111460686
v -0.2247509956359863 0.17055100202560425 0.013844000175595284
v -0.22465500235557553 0.1703380048274994 0.013899000361561775
v -0.22435699403285977 0.16987399756908417 0.01399299968034029
v -0.22414700686931607 0.16964100301265717 0.014023999683558941
v -0.2238029986619949 0.1693519949913025 0.014041000045835972
v -0.2230110019445419 0.16896900534629822 0.013976999558508396
v -0.2228100001811981 0.16891799867153168 0.013944000005722046
v -0.22258900105953214 0.16888099908828735 0.013899000361561775
v -0.2221419960260391 0.16886299848556519 0.013783999718725681
v -0.22174400091171262 0.16891300678253174 0.013648999854922295
v -0.22139400243759152 0.16901400685310364 0.013497999869287014
v -0.22135299444198606 0.16902899742126465 0.013477999716997147
v -0.22083400189876554 0.16932199895381927 0.013164999894797802
v -0.2206889986991882 0.1694449931383133 0.013048999942839146
v -0.22028100490570066 0.17002899944782257 0.012548999860882759
v -0.22018200159072873 0.17038099467754364 0.012269999831914902
v -0.22016300261020658 0.17071600258350372 0.012017999775707722
v -0.22018100321292874 0.17089000344276428 0.011893000453710556
v -0.22039200365543363 0.17152300477027893 0.011477000080049038
v -0.22054600715637204 0.17178300023078918 0.011332999914884567
v -0.22091999650001523 0.17223800718784332 0.011137999594211578
v -0.22129100561141965 0.17256799340248108 0.011063000187277794
usemtl material_black
f 1 2 3
f 3 2 4
f 4 5 3
f 3 5 6
f 3 6 7
f 8 9 7
f 7 9 10
f 7 10 11
f 11 12 7
f 7 12 13
f 7 13 3
f 7 14 8
f 8 14 15
f 8 15 16
f 17 18 19
f 19 18 20
f 19 20 21
f 22 23 24
f 24 23 19
f 24 19 25
f 25 19 21
f 26 27 28
f 22 29 23
f 23 29 30
f 23 30 28
f 28 30 31
f 28 31 26
f 27 32 28
f 28 32 33
f 28 33 34
f 35 36 37
f 38 39 40
f 38 40 37
f 37 40 41
f 37 41 35
f 39 42 40
f 40 42 43
f 40 43 44
f 16 45 8
f 8 45 37
f 8 37 46
f 46 37 36
f 47 28 44
f 44 28 34
f 44 34 40
f 47 48 49
f 49 48 50
f 49 50 51
f 52 53 54
f 54 53 49
f 54 49 55
f 55 49 51
f 52 56 53
f 53 56 57
f 53 57 3
f 3 57 58
f 3 58 1
f 59 60 61
f 59 61 62
f 60 63 61
f 61 63 64
f 61 64 65
f 65 64 66
f 65 66 67
f 67 68 65
f 65 68 69
f 65 69 70
f 70 71 65
f 65 71 72
f 65 72 73
f 73 74 75
f 74 76 75
f 75 76 77
f 75 77 78
f 78 79 75
f 75 79 80
f 75 80 81
f 82 83 65
f 82 65 84
f 75 85 73
f 73 85 86
f 73 86 65
f 65 86 87
f 65 87 84
f 83 88 65
f 65 88 89
f 65 89 90
f 91 92 93
f 93 94 91
f 91 94 95
f 91 95 96
f 96 97 91
f 91 97 98
f 91 98 99
f 99 98 100
f 100 101 99
f 99 101 102
f 99 102 103
f 103 104 99
f 99 104 105
f 99 105 106
f 106 105 107
f 106 107 108
f 109 110 111
f 108 112 106
f 106 112 113
f 106 113 114
f 115 116 114
f 81 117 75
f 75 117 115
f 75 115 118
f 118 115 114
f 109 111 119
f 110 120 111
f 111 120 121
f 111 121 61
f 61 121 122
f 61 122 62
f 47 49 28
f 28 49 123
f 28 123 124
f 124 123 125
f 124 125 126
f 126 125 127
f 126 127 128
f 129 130 131
f 131 130 132
f 131 132 133
f 133 134 131
f 131 134 135
f 131 135 127
f 135 136 127
f 127 136 137
f 127 137 138
f 138 139 127
f 127 139 140
f 127 140 141
f 142 143 128
f 141 144 127
f 127 144 145
f 127 145 128
f 128 145 146
f 128 146 142
f 143 147 128
f 128 147 148
f 128 148 149
f 150 151 152
f 152 153 131
f 131 153 154
f 131 154 155
f 155 156 149
f 149 156 157
f 149 157 158
f 149 159 155
f 155 159 160
f 155 160 161
f 161 162 155
f 155 162 163
f 155 163 164
f 164 165 155
f 155 165 166
f 155 166 131
f 131 166 167
f 131 167 129
f 158 168 149
f 149 168 169
f 149 169 170
f 170 171 149
f 149 171 172
f 149 172 173
f 173 174 149
f 149 174 175
f 149 175 128
f 128 175 176
f 128 176 177
f 177 178 128
f 128 178 179
f 128 179 180
f 180 181 128
f 128 181 182
f 128 182 150
f 150 182 183
f 183 184 150
f 150 184 185
f 150 185 186
f 186 187 150
f 150 187 188
f 150 188 151
f 152 131 150
f 150 131 189
f 150 189 190
f 190 189 191
f 190 191 192
f 192 191 193
f 192 193 194
f 195 196 197
f 195 197 198
f 196 199 197
f 197 199 200
f 197 200 201
f 202 203 204
f 204 203 205
f 206 207 201
f 206 201 208
f 207 209 201
f 201 209 210
f 201 210 197
f 208 201 205
f 205 201 211
f 205 211 212
f 212 213 205
f 205 213 214
f 205 214 215
f 216 217 218
f 218 217 219
f 218 219 220
f 220 221 218
f 218 221 222
f 218 222 223
f 223 224 218
f 218 224 225
f 218 225 193
f 193 225 226
f 193 226 227
f 227 228 193
f 193 228 229
f 193 229 230
f 230 231 193
f 193 231 232
f 193 232 233
f 234 193 235
f 235 193 233
f 235 233 197
f 197 233 236
f 197 236 198
f 234 237 193
f 193 237 238
f 193 238 239
f 239 240 193
f 193 240 241
f 193 241 194
f 194 241 242
f 194 242 243
f 243 244 194
f 194 244 245
f 194 245 246
f 247 204 248
f 248 204 194
f 248 194 249
f 249 194 246
f 247 250 204
f 204 250 251
f 204 251 252
f 252 253 204
f 204 253 254
f 204 254 202
f 215 216 205
f 205 216 218
f 205 218 204
f 204 218 255
f 204 255 256
f 256 255 257
f 256 257 258
f 258 257 65
f 258 65 91
f 91 65 90
f 91 90 92
f 116 119 114
f 114 119 111
f 114 111 106
f 106 111 259
f 106 259 260
f 260 259 3
f 260 3 19
f 19 3 13
f 19 13 17
f 261 262 263
f 264 265 266
f 266 265 267
f 266 267 268
f 268 267 269
f 269 270 268
f 268 270 271
f 268 271 272
f 273 274 275
f 275 274 276
f 275 276 277
f 277 276 278
f 277 278 279
f 279 280 277
f 277 280 281
f 277 281 282
f 282 283 277
f 277 283 284
f 277 284 285
f 285 284 286
f 285 286 287
f 287 288 285
f 285 288 289
f 285 289 290
f 290 291 285
f 285 291 292
f 285 292 265
f 264 293 265
f 265 293 294
f 265 294 285
f 285 294 295
f 285 295 296
f 296 297 285
f 285 297 298
f 285 298 299
f 299 300 301
f 301 300 302
f 301 302 303
f 303 304 301
f 301 304 305
f 301 305 306
f 306 307 301
f 301 307 308
f 301 308 309
f 309 308 310
f 309 310 311
f 311 312 309
f 309 312 313
f 309 313 314
f 314 315 309
f 309 315 316
f 309 316 261
f 261 316 317
f 261 317 262
f 272 318 268
f 268 318 319
f 268 319 320
f 321 322 319
f 319 322 320
f 321 323 322
f 322 323 324
f 322 324 325
f 325 326 322
f 322 326 263
f 327 328 329
f 330 331 332
f 327 329 332
f 332 329 333
f 332 333 330
f 331 334 332
f 332 334 335
f 332 335 336
f 337 338 336
f 336 338 339
f 336 339 332
f 337 336 340
f 340 336 341
f 340 341 342
f 342 343 340
f 340 343 344
f 340 344 345
f 346 347 348
f 348 347 349
f 348 349 350
f 351 352 353
f 351 353 354
f 350 355 348
f 348 355 356
f 348 356 353
f 353 356 357
f 353 357 354
f 352 358 353
f 353 358 359
f 353 359 328
f 327 360 328
f 328 360 361
f 328 361 353
f 353 361 362
f 353 362 363
f 363 364 353
f 353 364 365
f 353 365 366
f 367 368 369
f 369 370 367
f 367 370 371
f 367 371 372
f 372 373 367
f 367 373 374
f 367 374 375
f 375 374 376
f 375 376 377
f 377 378 375
f 375 378 379
f 375 379 380
f 380 381 375
f 375 381 382
f 375 382 383
f 383 382 384
f 383 384 385
f 385 386 383
f 383 386 387
f 383 387 340
f 388 389 390
f 390 389 391
f 391 392 390
f 390 392 393
f 390 393 348
f 348 393 394
f 348 394 346
f 395 396 397
f 397 396 398
f 397 398 399
f 399 400 397
f 397 400 401
f 397 401 402
f 402 403 397
f 397 403 404
f 397 404 405
f 406 407 408
f 408 409 406
f 406 409 410
f 406 410 411
f 412 413 410
f 410 413 414
f 410 414 411
f 415 405 406
f 406 405 416
f 406 416 407
f 415 417 405
f 405 417 418
f 405 418 419
f 420 421 422
f 422 421 423
f 423 424 422
f 422 424 425
f 422 425 426
f 426 427 422
f 422 427 428
f 422 428 429
f 430 431 432
f 428 433 429
f 429 433 434
f 429 434 435
f 435 434 436
f 435 436 437
f 437 438 435
f 435 438 439
f 435 439 440
f 440 441 435
f 435 441 442
f 435 442 443
f 444 432 445
f 445 432 446
f 447 448 444
f 449 450 444
f 444 450 451
f 444 451 447
f 412 452 413
f 413 452 450
f 413 450 453
f 453 450 449
f 448 454 444
f 444 454 455
f 444 455 432
f 432 455 456
f 432 456 430
f 431 457 432
f 432 457 458
f 432 458 459
f 459 460 432
f 432 460 461
f 432 461 395
f 395 461 462
f 395 462 396
f 299 301 285
f 285 301 463
f 285 463 464
f 464 463 465
f 464 465 466
f 466 465 467
f 466 467 468
f 469 470 471
f 471 470 472
f 472 473 471
f 471 473 474
f 471 474 475
f 475 476 471
f 471 476 477
f 471 477 467
f 467 477 478
f 478 479 467
f 467 479 480
f 467 480 481
f 481 482 467
f 467 482 483
f 467 483 484
f 485 486 467
f 467 486 487
f 467 487 488
f 488 489 467
f 467 489 490
f 467 490 491
f 491 492 467
f 467 492 493
f 467 493 494
f 494 495 467
f 467 495 496
f 467 496 497
f 498 499 500
f 485 467 501
f 501 467 484
f 501 484 500
f 500 484 502
f 500 502 498
f 499 503 500
f 500 503 504
f 500 504 505
f 505 506 500
f 500 506 507
f 500 507 508
f 508 509 500
f 500 509 510
f 500 510 511
f 511 512 500
f 500 512 513
f 500 513 469
f 514 515 468
f 514 468 516
f 497 517 467
f 467 517 518
f 467 518 468
f 468 518 519
f 468 519 516
f 515 520 468
f 468 520 521
f 468 521 500
f 500 521 522
f 500 522 523
f 523 524 500
f 500 524 525
f 500 525 526
f 526 527 500
f 500 527 528
f 500 528 501
f 469 471 500
f 500 471 529
f 500 529 530
f 530 529 531
f 530 531 532
f 532 531 353
f 532 353 367
f 367 353 366
f 367 366 368
f 345 388 340
f 340 388 390
f 340 390 383
f 383 390 533
f 383 533 534
f 534 533 397
f 534 397 422
f 422 397 405
f 422 405 420
f 420 405 419
f 326 273 263
f 263 273 275
f 263 275 261
f 261 275 535
f 261 535 536
f 536 535 435
f 536 435 432
f 432 435 443
f 432 443 446
f 464 258 285
f 285 258 91
f 285 91 277
f 277 91 99
f 277 99 275
f 275 99 106
f 275 106 535
f 535 106 260
f 535 260 435
f 435 260 19
f 435 19 429
f 429 19 23
f 429 23 422
f 422 23 28
f 422 28 534
f 534 28 124
f 534 124 383
f 383 124 126
f 383 126 375
f 375 126 128
f 375 128 367
f 367 128 150
f 367 150 532
f 532 150 190
f 532 190 530
f 530 190 192
f 530 192 500
f 500 192 194
f 500 194 468
f 468 194 204
f 468 204 466
f 466 204 256
f 466 256 464
f 464 256 258
f 533 123 397
f 397 123 49
f 397 49 395
f 395 49 53
f 395 53 432
f 432 53 3
f 432 3 536
f 536 3 259
f 536 259 261
f 261 259 111
f 261 111 309
f 309 111 61
f 309 61 301
f 301 61 65
f 301 65 463
f 463 65 257
f 463 257 465
f 465 257 255
f 465 255 467
f 467 255 218
f 467 218 471
f 471 218 193
f 471 193 529
f 529 193 191
f 529 191 531
f 531 191 189
f 531 189 353
f 353 189 131
f 353 131 348
f 348 131 127
f 348 127 390
f 390 127 125
f 390 125 533
f 533 125 123
f 88 83 272
f 272 83 318
f 92 292 93
f 93 292 291
f 93 291 94
f 94 291 290
f 94 290 95
f 95 290 289
f 95 289 96
f 96 289 288
f 96 288 97
f 97 288 287
f 97 287 98
f 98 287 286
f 98 286 100
f 100 286 101
f 101 286 284
f 101 284 102
f 102 284 283
f 102 283 103
f 103 283 282
f 103 282 104
f 104 282 281
f 104 281 105
f 105 281 280
f 105 280 107
f 280 279 107
f 107 279 278
f 107 278 108
f 108 278 276
f 108 276 112
f 112 276 274
f 112 274 113
f 113 274 273
f 113 273 114
f 114 273 326
f 114 326 118
f 118 326 325
f 118 325 75
f 75 325 324
f 75 324 85
f 85 324 323
f 85 323 86
f 86 323 321
f 86 321 87
f 87 321 319
f 87 319 84
f 84 319 318
f 84 318 82
f 82 318 83
f 272 271 88
f 88 271 270
f 88 270 89
f 89 270 269
f 89 269 90
f 90 269 267
f 90 267 92
f 92 267 265
f 92 265 292
f 244 243 526
f 244 526 245
f 245 526 525
f 245 525 246
f 246 525 524
f 246 524 249
f 249 524 523
f 249 523 248
f 248 523 522
f 248 522 247
f 247 522 521
f 247 521 250
f 252 514 253
f 253 514 516
f 253 516 254
f 250 521 251
f 251 521 520
f 251 520 252
f 252 520 515
f 252 515 514
f 254 516 202
f 202 516 519
f 202 519 203
f 203 519 518
f 203 518 205
f 205 518 517
f 205 517 208
f 208 517 497
f 208 497 206
f 206 497 496
f 206 496 207
f 207 496 495
f 207 495 209
f 209 495 494
f 209 494 210
f 210 494 493
f 210 493 197
f 493 492 197
f 197 492 491
f 197 491 235
f 235 491 490
f 235 490 234
f 234 490 489
f 234 489 237
f 237 489 488
f 237 488 238
f 238 488 487
f 238 487 239
f 239 487 486
f 239 486 240
f 240 486 485
f 240 485 241
f 241 485 501
f 241 501 242
f 242 501 528
f 242 528 243
f 243 528 527
f 243 527 526
f 17 441 18
f 18 441 440
f 18 440 20
f 20 440 439
f 20 439 21
f 21 439 25
f 439 438 25
f 25 438 437
f 25 437 24
f 24 437 436
f 24 436 22
f 22 436 434
f 22 434 29
f 29 434 433
f 29 433 30
f 30 433 428
f 30 428 31
f 31 428 427
f 31 427 26
f 427 426 26
f 26 426 425
f 26 425 27
f 27 425 424
f 27 424 32
f 32 424 423
f 32 423 33
f 33 423 421
f 33 421 34
f 34 421 420
f 34 420 40
f 420 419 40
f 40 419 418
f 40 418 41
f 41 418 417
f 41 417 35
f 35 417 415
f 35 415 36
f 36 415 406
f 36 406 46
f 46 406 411
f 46 411 8
f 13 443 17
f 17 443 442
f 17 442 441
f 411 414 8
f 8 414 413
f 8 413 9
f 9 413 453
f 9 453 10
f 10 453 449
f 10 449 11
f 11 449 444
f 11 444 12
f 12 444 445
f 12 445 13
f 13 445 446
f 13 446 443
f 384 177 176
f 384 382 177
f 177 382 381
f 177 381 178
f 178 381 380
f 178 380 179
f 179 380 379
f 179 379 180
f 180 379 378
f 180 378 181
f 181 378 377
f 181 377 182
f 182 377 376
f 182 376 183
f 183 376 374
f 183 374 184
f 374 373 184
f 184 373 372
f 184 372 185
f 185 372 371
f 185 371 186
f 186 371 187
f 187 371 370
f 187 370 188
f 188 370 369
f 188 369 151
f 151 369 368
f 151 368 152
f 152 368 366
f 152 366 153
f 153 366 365
f 153 365 154
f 154 365 364
f 154 364 155
f 155 364 363
f 155 363 156
f 156 363 362
f 156 362 157
f 157 362 361
f 157 361 158
f 158 361 360
f 158 360 168
f 174 387 175
f 175 387 386
f 175 386 176
f 176 386 385
f 176 385 384
f 168 360 169
f 169 360 327
f 169 327 170
f 170 327 332
f 170 332 171
f 171 332 339
f 171 339 172
f 172 339 338
f 172 338 173
f 173 338 337
f 173 337 174
f 174 337 340
f 174 340 387
f 6 456 7
f 7 456 455
f 7 455 14
f 14 455 454
f 14 454 15
f 15 454 448
f 15 448 16
f 16 448 447
f 16 447 45
f 45 447 451
f 45 451 37
f 451 450 37
f 37 450 452
f 37 452 38
f 38 452 412
f 38 412 39
f 39 412 410
f 39 410 42
f 42 410 409
f 42 409 43
f 409 408 43
f 43 408 407
f 43 407 44
f 44 407 416
f 44 416 47
f 47 416 405
f 47 405 48
f 48 405 404
f 48 404 50
f 50 404 403
f 50 403 51
f 403 402 51
f 51 402 401
f 51 401 55
f 55 401 400
f 55 400 54
f 54 400 399
f 54 399 52
f 52 399 398
f 52 398 56
f 56 398 396
f 56 396 57
f 57 396 462
f 57 462 58
f 58 462 461
f 58 461 1
f 461 460 1
f 1 460 459
f 1 459 2
f 2 459 458
f 2 458 4
f 4 458 457
f 4 457 5
f 5 457 431
f 5 431 6
f 6 431 430
f 6 430 456
f 165 164 333
f 145 389 146
f 146 389 388
f 146 388 142
f 142 388 345
f 142 345 143
f 345 344 143
f 143 344 343
f 143 343 147
f 147 343 342
f 147 342 148
f 148 342 341
f 148 341 149
f 149 341 336
f 149 336 159
f 159 336 160
f 160 336 335
f 160 335 161
f 161 335 162
f 162 335 334
f 162 334 163
f 163 334 331
f 163 331 164
f 164 331 330
f 164 330 333
f 165 333 166
f 166 333 329
f 166 329 167
f 167 329 328
f 167 328 129
f 129 328 359
f 129 359 130
f 130 359 358
f 130 358 132
f 132 358 352
f 132 352 133
f 133 352 351
f 133 351 134
f 134 351 354
f 134 354 135
f 135 354 357
f 135 357 136
f 136 357 356
f 136 356 137
f 137 356 355
f 137 355 138
f 355 350 138
f 138 350 349
f 138 349 139
f 139 349 347
f 139 347 140
f 140 347 346
f 140 346 141
f 346 394 141
f 141 394 393
f 141 393 144
f 144 393 392
f 144 392 145
f 145 392 391
f 145 391 389
f 74 297 76
f 76 297 296
f 76 296 77
f 77 296 295
f 77 295 78
f 78 295 294
f 78 294 79
f 79 294 293
f 79 293 80
f 80 293 81
f 81 293 264
f 81 264 117
f 117 264 266
f 117 266 115
f 115 266 268
f 115 268 116
f 119 263 109
f 109 263 262
f 109 262 110
f 268 320 116
f 116 320 322
f 116 322 119
f 119 322 263
f 316 121 120
f 110 262 120
f 120 262 317
f 120 317 316
f 316 315 121
f 121 315 314
f 121 314 122
f 122 314 313
f 122 313 62
f 62 313 312
f 62 312 59
f 59 312 311
f 71 70 304
f 304 70 69
f 304 69 305
f 305 69 68
f 305 68 306
f 306 68 67
f 306 67 307
f 307 67 66
f 307 66 308
f 308 66 64
f 308 64 310
f 310 64 63
f 310 63 311
f 311 63 60
f 311 60 59
f 304 303 71
f 71 303 302
f 71 302 72
f 72 302 300
f 72 300 73
f 73 300 299
f 73 299 74
f 74 299 298
f 74 298 297
f 236 512 198
f 198 512 511
f 198 511 195
f 195 511 196
f 196 511 510
f 196 510 199
f 510 509 199
f 199 509 508
f 199 508 200
f 200 508 507
f 200 507 201
f 201 507 506
f 201 506 211
f 211 506 505
f 211 505 212
f 212 505 504
f 212 504 213
f 213 504 503
f 213 503 214
f 214 503 499
f 214 499 215
f 215 499 498
f 215 498 216
f 216 498 502
f 216 502 217
f 217 502 484
f 217 484 219
f 219 484 483
f 219 483 220
f 220 483 482
f 220 482 221
f 221 482 481
f 221 481 222
f 222 481 480
f 222 480 223
f 223 480 479
f 223 479 224
f 224 479 478
f 224 478 225
f 225 478 477
f 225 477 226
f 226 477 227
f 227 477 476
f 227 476 228
f 228 476 475
f 228 475 229
f 229 475 474
f 229 474 230
f 230 474 473
f 230 473 231
f 231 473 472
f 231 472 232
f 232 472 470
f 232 470 233
f 233 470 469
f 233 469 236
f 236 469 513
f 236 513 512
f 537 538 539
f 539 538 540
f 541 542 543
f 543 542 544
f 545 546 547
f 547 546 548
f 549 550 551
f 551 550 552
f 553 554 555
f 555 554 556
f 555 556 557
f 557 556 558
f 558 556 544
f 558 544 542
f 559 560 561
f 561 560 562
f 541 543 563
f 563 543 562
f 563 562 564
f 564 562 560
f 565 566 567
f 567 566 568
f 537 539 569
f 569 539 568
f 569 568 570
f 570 568 566
f 571 572 573
f 573 572 574
f 573 574 575
f 575 574 576
f 576 574 540
f 576 540 538
f 545 547 577
f 578 579 580
f 578 580 581
f 581 580 582
f 581 582 577
f 577 582 583
f 577 583 545
f 584 585 586
f 586 585 587
f 586 587 588
f 588 587 589
f 589 587 548
f 589 548 546
f 590 591 592
f 590 592 593
f 549 551 594
f 594 551 593
f 594 593 595
f 595 593 592
f 596 597 598
f 598 597 599
f 598 599 600
f 600 599 601
f 601 599 552
f 601 552 550
f 602 603 604
f 604 603 605
f 604 605 606
f 606 605 607
f 606 607 608
f 608 607 609
f 608 609 610
f 610 609 611
f 610 611 612
f 612 611 613
f 612 613 614
f 614 613 615
f 614 615 616
f 616 615 617
f 616 617 618
f 618 617 619
f 618 619 620
f 620 619 621
f 620 621 622
f 622 621 623
f 622 623 624
f 624 623 625
f 624 625 626
f 626 625 627
f 626 627 628
f 628 627 629
f 628 629 630
f 630 629 631
f 630 631 632
f 632 631 633
f 632 633 634
f 634 633 635
f 634 635 636
f 636 635 637
f 636 637 638
f 638 637 639
f 638 639 640
f 640 639 641
f 640 641 642
f 642 641 643
f 642 643 644
f 644 643 645
f 644 645 646
f 646 645 647
f 646 647 648
f 648 647 649
f 648 649 650
f 650 649 651
f 650 651 652
f 652 651 653
f 652 653 654
f 654 653 655
f 654 655 656
f 656 655 657
f 656 657 658
f 658 657 659
f 658 659 660
f 660 659 661
f 660 661 602
f 602 661 603
f 662 663 664
f 665 666 667
f 667 666 668
f 668 666 669
f 668 669 670
f 670 671 668
f 668 671 672
f 668 672 673
f 674 675 676
f 677 678 667
f 667 678 679
f 667 679 665
f 680 681 682
f 681 683 682
f 682 683 684
f 682 684 685
f 685 686 687
f 687 686 688
f 688 689 687
f 687 689 690
f 687 690 677
f 677 690 691
f 677 691 678
f 692 693 694
f 674 676 694
f 694 676 695
f 694 695 692
f 696 697 698
f 698 697 694
f 698 694 699
f 699 694 693
f 696 700 697
f 697 700 701
f 697 701 682
f 682 701 702
f 682 702 680
f 703 704 705
f 705 704 706
f 705 706 707
f 708 709 710
f 711 712 713
f 713 712 708
f 713 708 714
f 714 708 710
f 715 716 717
f 717 716 718
f 717 718 719
f 719 718 720
f 715 721 716
f 716 721 722
f 716 722 705
f 705 722 723
f 705 723 703
f 724 725 726
f 726 725 727
f 728 729 730
f 728 730 724
f 729 731 730
f 730 731 732
f 730 732 718
f 718 732 733
f 718 733 720
f 711 734 712
f 712 734 735
f 712 735 736
f 736 735 737
f 736 737 738
f 738 739 736
f 736 739 740
f 736 740 725
f 725 740 741
f 725 741 727
f 742 743 744
f 744 743 745
f 744 745 746
f 747 748 749
f 749 750 747
f 747 750 751
f 747 751 752
f 753 754 755
f 755 754 756
f 755 756 757
f 753 758 754
f 754 758 759
f 754 759 744
f 744 759 760
f 744 760 742
f 761 762 763
f 763 762 764
f 761 765 766
f 766 765 767
f 766 767 768
f 768 769 766
f 766 769 770
f 766 770 756
f 756 770 771
f 756 771 757
f 751 772 752
f 752 772 773
f 752 773 774
f 774 773 775
f 775 776 774
f 774 776 777
f 774 777 762
f 762 777 778
f 762 778 764
f 664 663 779
f 779 663 780
f 779 780 781
f 781 782 779
f 779 782 783
f 779 783 784
f 785 786 787
f 787 786 788
f 787 788 664
f 664 788 789
f 664 789 662
f 790 791 792
f 791 793 792
f 792 793 794
f 792 794 795
f 796 795 797
f 797 798 796
f 796 798 799
f 796 799 787
f 787 799 800
f 787 800 785
f 801 802 803
f 803 802 804
f 803 804 805
f 805 804 806
f 805 806 807
f 808 809 810
f 810 809 805
f 810 805 811
f 811 805 807
f 808 812 809
f 809 812 813
f 809 813 792
f 792 813 814
f 792 814 790
f 685 687 682
f 682 687 815
f 682 815 816
f 816 815 817
f 816 817 818
f 818 817 819
f 818 819 820
f 820 819 744
f 820 744 747
f 747 744 746
f 747 746 748
f 761 766 762
f 762 766 821
f 762 821 822
f 822 821 779
f 822 779 803
f 803 779 784
f 803 784 801
f 795 796 792
f 792 796 823
f 792 823 824
f 824 823 825
f 824 825 826
f 826 825 827
f 826 827 828
f 828 827 705
f 828 705 708
f 708 705 707
f 708 707 709
f 724 730 725
f 725 730 829
f 725 829 830
f 830 829 668
f 830 668 674
f 674 668 673
f 674 673 675
f 831 832 833
f 833 832 834
f 833 834 835
f 835 834 836
f 835 836 837
f 837 836 838
f 839 840 841
f 841 842 839
f 839 842 843
f 839 843 832
f 832 843 844
f 832 844 834
f 845 846 847
f 847 848 845
f 845 848 849
f 845 849 840
f 840 849 850
f 840 850 841
f 851 852 853
f 853 852 854
f 853 854 855
f 855 854 856
f 855 856 857
f 857 856 858
f 859 860 861
f 861 862 859
f 859 862 863
f 859 863 852
f 852 863 864
f 852 864 854
f 865 866 867
f 867 868 865
f 865 868 869
f 865 869 860
f 860 869 870
f 860 870 861
f 871 872 873
f 873 872 874
f 873 874 875
f 875 874 876
f 875 876 877
f 877 876 878
f 879 880 881
f 881 882 879
f 879 882 883
f 879 883 872
f 872 883 884
f 872 884 874
f 885 886 887
f 887 888 885
f 885 888 889
f 885 889 880
f 880 889 890
f 880 890 881
f 891 892 893
f 894 895 896
f 896 895 891
f 896 891 897
f 897 891 893
f 898 899 900
f 900 901 898
f 898 901 902
f 898 902 893
f 893 902 903
f 893 903 897
f 904 905 906
f 906 907 904
f 904 907 908
f 904 908 899
f 899 908 909
f 899 909 900
f 910 911 912
f 913 914 915
f 915 916 913
f 913 916 910
f 913 910 917
f 917 910 912
f 917 912 918
f 918 912 919
f 919 912 920
f 919 920 921
f 921 920 922
f 921 922 923
f 922 924 923
f 923 924 925
f 923 925 926
f 926 925 927
f 926 927 928
f 929 930 927
f 927 930 931
f 927 931 928
f 932 933 934
f 935 936 937
f 937 938 935
f 935 938 932
f 935 932 939
f 939 932 934
f 939 934 940
f 940 934 941
f 941 934 942
f 941 942 943
f 943 942 944
f 943 944 945
f 944 946 945
f 945 946 947
f 945 947 948
f 948 947 949
f 948 949 950
f 951 952 949
f 949 952 953
f 949 953 950
f 954 955 956
f 956 955 957
f 956 957 958
f 958 957 959
f 960 961 962
f 962 961 963
f 963 961 964
f 963 964 965
f 966 967 968
f 969 970 968
f 968 970 971
f 968 971 966
f 972 973 968
f 968 973 974
f 968 974 969
f 975 976 977
f 977 976 978
f 978 979 977
f 977 979 980
f 977 980 981
f 980 982 981
f 981 982 983
f 981 983 964
f 964 983 984
f 964 984 965
f 985 986 987
f 987 986 988
f 987 988 989
f 985 990 986
f 986 990 991
f 986 991 968
f 968 991 992
f 968 992 972
f 993 994 995
f 993 995 988
f 988 995 996
f 988 996 989
f 994 993 997
f 997 993 998
f 997 998 999
f 1000 1001 1002
f 1002 1001 1003
f 1002 1003 998
f 998 1003 1004
f 998 1004 999
f 1005 1006 1007
f 1005 1007 1008
f 1009 1010 1007
f 1007 1010 1011
f 1007 1011 1008
f 1012 1013 1014
f 1014 1013 1015
f 1009 1007 1015
f 1015 1007 1016
f 1015 1016 1014
f 1017 1018 1019
f 1019 1018 1020
f 1020 1021 1019
f 1019 1021 1022
f 1019 1022 1023
f 1023 1024 1019
f 1019 1024 1025
f 1019 1025 1002
f 1002 1025 1026
f 1002 1026 1000
f 1027 1028 1029
f 1029 1028 1030
f 1029 1030 1012
f 1012 1030 1031
f 1012 1031 1013
f 1032 1033 1034
f 1034 1033 1035
f 1036 1037 1038
f 1038 1037 1039
f 1038 1039 1035
f 1035 1039 1040
f 1035 1040 1034
f 1036 1038 1041
f 1041 1038 968
f 1041 968 977
f 977 968 967
f 977 967 975
f 1006 1017 1007
f 1007 1017 1019
f 1007 1019 1042
f 1042 1019 1043
f 1044 1045 1046
f 1046 1045 1047
f 1046 1047 1043
f 1043 1047 1048
f 1043 1048 1042
f 1044 1046 1049
f 1049 1046 1050
f 1049 1050 1051
f 1052 1053 1054
f 1054 1053 1055
f 1054 1055 1056
f 1056 1055 1057
f 1058 1059 1060
f 1061 1062 1063
f 1063 1062 1058
f 1063 1058 1064
f 1064 1058 1060
f 1064 1060 1065
f 1066 1067 1068
f 1058 1062 1069
f 1069 1062 1070
f 1071 1072 1069
f 1069 1072 1059
f 1069 1059 1058
f 1073 1074 1075
f 1073 1075 1076
f 1075 1077 1076
f 1076 1077 1078
f 1076 1078 1068
f 1068 1078 1079
f 1068 1079 1066
f 1066 1079 1080
f 1066 1080 1081
f 1082 1083 1084
f 1082 1084 1085
f 1084 1086 1085
f 1085 1086 1087
f 1085 1087 1073
f 1073 1087 1088
f 1073 1088 1074
f 1083 1082 1089
f 1089 1082 1090
f 1089 1090 1091
f 1092 1093 1094
f 1092 1094 1095
f 1094 1096 1095
f 1095 1096 1097
f 1095 1097 1090
f 1090 1097 1098
f 1090 1098 1091
f 1099 1100 1101
f 1099 1101 1102
f 1101 1103 1102
f 1102 1103 1104
f 1102 1104 1092
f 1092 1104 1105
f 1092 1105 1093
f 1100 1099 1106
f 1106 1099 1107
f 1106 1107 1108
f 1109 1110 1111
f 1109 1111 1112
f 1111 1113 1112
f 1112 1113 1114
f 1112 1114 1107
f 1107 1114 1115
f 1107 1115 1108
f 1110 1109 1116
f 1116 1109 1117
f 1116 1117 1118
f 1069 1119 1071
f 1071 1119 1120
f 1071 1120 1117
f 1117 1120 1121
f 1117 1121 1118
f 1122 1067 1123
f 1123 1067 1066
f 1123 1066 1124
f 1081 1125 1066
f 1066 1125 1126
f 1066 1126 1124
f 565 567 1127
f 1127 567 1128
f 1129 1130 1127
f 1129 1127 1131
f 1130 1132 1127
f 1127 1132 1133
f 1127 1133 1134
f 1134 1133 1135
f 1135 1136 1134
f 1134 1136 1070
f 1128 1137 1127
f 1127 1137 1138
f 1127 1138 1131
f 554 553 1139
f 1139 553 1140
f 1080 1141 1142
f 1142 1141 1143
f 1142 1143 1140
f 1140 1143 1144
f 1144 1145 1140
f 1140 1145 1146
f 1140 1146 1147
f 1147 1148 1140
f 1140 1148 1149
f 1140 1149 1139
f 1139 1149 1150
f 1139 1150 1151
f 1152 1153 1154
f 1154 1155 1152
f 1152 1155 1156
f 1152 1156 1157
f 1158 1152 1053
f 1053 1052 1158
f 1158 1052 1159
f 1158 1159 1160
f 1160 1159 1161
f 1160 1161 1162
f 1162 1161 1163
f 1162 1163 1164
f 1157 1165 1152
f 1152 1165 1166
f 1152 1166 1053
f 1167 1168 892
f 892 891 1167
f 1167 891 1162
f 1167 1162 1169
f 1169 1162 1164
f 1170 1171 1172
f 1172 1171 1173
f 1172 1173 1174
f 1174 1173 1175
f 1176 1177 1178
f 1178 1177 1179
f 1178 1179 1170
f 1170 1179 1180
f 1170 1180 1171
f 1050 1181 1051
f 1051 1181 1174
f 1051 1174 1182
f 1182 1174 1175
f 1183 1184 1033
f 1033 1032 1183
f 1183 1032 1185
f 1183 1185 1186
f 1186 1185 1187
f 1186 1187 1188
f 1188 1187 1189
f 1188 1189 1190
f 1191 1192 851
f 851 853 1191
f 1191 853 1188
f 1191 1188 1193
f 1193 1188 1190
f 1194 1195 1196
f 1196 1195 1197
f 1196 1197 1198
f 1197 1199 1198
f 1198 1199 1200
f 1198 1200 1201
f 1201 1200 1202
f 1201 1202 1203
f 1203 1202 1204
f 1205 1206 1207
f 1207 1206 1208
f 1207 1208 1209
f 1209 1210 1207
f 1207 1210 1211
f 1207 1211 1212
f 1204 1213 1203
f 1203 1213 955
f 1203 955 1207
f 1207 955 954
f 1207 954 1205
f 1214 1215 1216
f 1216 1215 1217
f 1218 1219 1220
f 1220 1219 1221
f 1056 1057 1222
f 1222 1057 1223
f 1222 1223 1224
f 1224 1223 1225
f 1225 1223 1226
f 1225 1226 1227
f 1227 1226 1228
f 1228 1226 1142
f 1228 1142 1140
f 1127 1134 1229
f 1229 1134 1230
f 1229 1230 1231
f 1231 1230 1232
f 1232 1230 1233
f 1232 1233 1234
f 1234 1233 958
f 1234 958 959
f 1152 1158 1235
f 1152 1235 1236
f 1235 1237 1236
f 1236 1237 1238
f 1236 1238 1239
f 1239 1238 1215
f 1239 1215 1214
f 1174 1181 1240
f 1240 1181 1241
f 1240 1241 1242
f 1242 1241 1243
f 1243 1241 1244
f 1243 1244 1245
f 1245 1244 1246
f 1246 1244 1216
f 1246 1216 1217
f 1221 1219 1247
f 1221 1247 1248
f 1248 1247 1249
f 1248 1249 1250
f 1249 1251 1250
f 1250 1251 1252
f 1250 1252 1253
f 1203 1207 1254
f 1254 1207 1253
f 1254 1253 1255
f 1255 1253 1252
f 1218 1220 1256
f 1256 1220 1257
f 1256 1257 1258
f 1258 1257 1259
f 1259 1257 1260
f 1259 1260 1261
f 1261 1260 1262
f 1262 1260 1184
f 1262 1184 1183
f 1263 1264 1265
f 1265 1266 1267
f 1267 1266 1268
f 1267 1268 1269
f 1270 1263 1271
f 1271 1263 1265
f 1271 1265 1272
f 1272 1265 1267
f 1273 1274 1275
f 1275 1274 1276
f 1275 1276 1277
f 1278 1279 1280
f 1280 1279 1281
f 1280 1281 1282
f 1283 1284 1285
f 1285 1284 1286
f 1285 1286 1287
f 1288 1289 1290
f 1290 1289 1291
f 1292 1293 1294
f 1278 1280 1295
f 1295 1280 1296
f 1295 1296 1293
f 1293 1296 1297
f 1293 1297 1294
f 1291 1289 1298
f 1298 1289 1299
f 1298 1299 1300
f 1301 1302 1303
f 1294 1304 1292
f 1292 1304 1305
f 1292 1305 1299
f 1299 1305 1306
f 1299 1306 1300
f 1307 1308 1289
f 1289 1308 1309
f 1289 1309 1299
f 1299 1309 1310
f 1299 1310 1311
f 1311 1310 1301
f 1311 1301 1312
f 1312 1301 1303
f 1313 1314 1315
f 1315 1314 1303
f 1315 1303 1316
f 1316 1303 1302
f 1317 1318 1319
f 1320 1321 1322
f 1273 1275 1323
f 1323 1275 1324
f 1323 1324 1321
f 1321 1324 1325
f 1321 1325 1322
f 1319 1318 1197
f 1318 1326 1197
f 1197 1326 1327
f 1197 1327 1328
f 1328 1327 1329
f 1330 1331 1332
f 1331 1330 1333
f 1195 1334 1197
f 1197 1334 1335
f 1197 1335 1319
f 1319 1335 1336
f 1319 1336 1337
f 1337 1336 1333
f 1337 1333 1338
f 1338 1333 1330
f 1322 1339 1320
f 1320 1339 1340
f 1320 1340 1319
f 1319 1340 1341
f 1319 1341 1317
f 1332 1342 1330
f 1330 1342 1343
f 1330 1343 1344
f 1345 1346 1347
f 1348 1349 1350
f 1351 1352 1353
f 1354 1355 1356
f 1350 1349 1347
f 1347 1349 1357
f 1347 1357 1345
f 1358 1359 1360
f 1361 1362 1347
f 1347 1362 1363
f 1347 1363 1350
f 1350 1363 1364
f 1350 1364 1365
f 1365 1364 1354
f 1365 1354 1366
f 1366 1354 1356
f 1360 1367 1358
f 1358 1367 1368
f 1358 1368 1350
f 1350 1368 1369
f 1350 1369 1348
f 1167 1351 1168
f 1168 1351 1353
f 1168 1353 1359
f 1359 1353 1370
f 1359 1370 1360
f 1371 1372 1373
f 1373 1372 1356
f 1373 1356 1374
f 1374 1356 1355
f 1375 1376 1377
f 1378 1379 1380
f 1381 1382 1383
f 1380 1379 1377
f 1377 1379 1384
f 1377 1384 1375
f 1283 1285 1385
f 1385 1285 1386
f 1385 1386 1387
f 1388 1389 1377
f 1377 1389 1390
f 1377 1390 1380
f 1380 1390 1391
f 1380 1391 1392
f 1392 1391 1381
f 1392 1381 1393
f 1393 1381 1383
f 1394 1395 1380
f 1380 1395 1396
f 1380 1396 1378
f 1386 1397 1387
f 1387 1397 1398
f 1387 1398 1394
f 1394 1398 1399
f 1394 1399 1395
f 1400 1401 1402
f 1402 1401 1383
f 1402 1383 1403
f 1403 1383 1382
f 1404 1405 1406
f 1406 1405 1407
f 1406 1407 1408
f 1409 1410 1411
f 1411 1410 1412
f 1411 1412 1413
f 1414 1415 1416
f 1416 1415 1417
f 1416 1417 1418
f 1419 1420 1302
f 1308 1307 1421
f 1421 1422 1308
f 1308 1422 1423
f 1308 1423 1309
f 1309 1423 1424
f 1309 1424 1310
f 1310 1424 1419
f 1310 1419 1301
f 1301 1419 1302
f 1425 1426 1331
f 1334 1195 1194
f 1194 1427 1334
f 1334 1427 1428
f 1334 1428 1335
f 1335 1428 1429
f 1335 1429 1336
f 1336 1429 1425
f 1336 1425 1333
f 1333 1425 1331
f 1430 1431 1432
f 1430 1432 1433
f 1433 1432 1434
f 1433 1434 1435
f 1436 1437 1434
f 1434 1437 1438
f 1434 1438 1435
f 1192 1191 1436
f 1436 1191 1439
f 1439 1440 1436
f 1436 1440 1441
f 1436 1441 1437
f 1442 1443 1431
f 1431 1443 1444
f 1431 1444 1432
f 1432 1444 1445
f 1432 1445 1446
f 1445 1447 1446
f 1446 1447 1448
f 1446 1448 1449
f 1449 1448 1450
f 1449 1450 1451
f 1452 1453 1450
f 1450 1453 1454
f 1450 1454 1451
f 1455 1456 1448
f 1443 1442 1457
f 1457 1458 1443
f 1443 1458 1459
f 1443 1459 1444
f 1444 1459 1460
f 1444 1460 1445
f 1445 1460 1455
f 1445 1455 1447
f 1447 1455 1448
f 1177 1461 1179
f 1179 1461 1462
f 1179 1462 1463
f 1463 1462 1464
f 1463 1464 1465
f 1466 1467 1468
f 1468 1467 1469
f 1468 1469 1463
f 1463 1469 1470
f 1463 1470 1179
f 1471 1472 1473
f 1473 1472 1474
f 1474 1475 1473
f 1473 1475 1476
f 1473 1476 1468
f 1468 1476 1477
f 1468 1477 1466
f 1478 1479 1480
f 1480 1479 1481
f 1480 1481 1482
f 1482 1481 1483
f 1482 1483 1484
f 1484 1483 1465
f 1484 1465 1485
f 1485 1465 1464
f 1486 1487 1484
f 1461 1177 1176
f 1176 1488 1461
f 1461 1488 1489
f 1461 1489 1462
f 1462 1489 1490
f 1462 1490 1464
f 1464 1490 1486
f 1464 1486 1485
f 1485 1486 1484
f 1491 1492 1355
f 1355 1354 1491
f 1491 1354 1364
f 1491 1364 1493
f 1363 1494 1364
f 1364 1494 1495
f 1364 1495 1493
f 1361 1496 1362
f 1362 1496 1497
f 1362 1497 1363
f 1363 1497 1498
f 1363 1498 1494
f 1499 1500 1382
f 1389 1388 1501
f 1501 1502 1389
f 1389 1502 1503
f 1389 1503 1390
f 1390 1503 1504
f 1390 1504 1391
f 1391 1504 1499
f 1391 1499 1381
f 1381 1499 1382
f 1505 1506 1507
f 1507 1506 1508
f 1507 1508 1509
f 1509 1508 1510
f 1509 1510 1511
f 1511 1510 1512
f 1511 1512 1513
f 1513 1512 1514
f 1515 1516 1517
f 1517 1516 1518
f 1517 1518 1519
f 1519 1518 1520
f 1519 1520 1521
f 1521 1520 1522
f 1521 1522 1523
f 1523 1522 1524
f 1525 1526 1527
f 1527 1526 1528
f 1527 1528 1529
f 1529 1528 1530
f 1529 1530 1531
f 1531 1530 1532
f 1531 1532 1533
f 1533 1532 1534
f 1151 1535 1139
f 1139 1535 1536
f 1537 1538 1539
f 1539 1538 1536
f 1539 1536 1540
f 1540 1536 1535
f 1541 1542 1543
f 1543 1542 1538
f 1543 1538 1544
f 1544 1538 1537
f 1541 1545 1542
f 1542 1545 1546
f 1542 1546 1547
f 1548 1549 1550
f 1550 1549 1547
f 1550 1547 1551
f 1551 1547 1546
f 1548 1552 1549
f 1549 1552 1553
f 1549 1553 1554
f 1553 1555 1554
f 1554 1555 1556
f 1554 1556 1557
f 1556 1558 1557
f 1557 1558 1559
f 1557 1559 1560
f 1561 1562 1563
f 1563 1562 1560
f 1563 1560 1564
f 1564 1560 1559
f 1561 1565 1562
f 1562 1565 1566
f 1562 1566 1567
f 1568 1569 1570
f 1570 1569 1567
f 1570 1567 1571
f 1571 1567 1566
f 1572 1573 1574
f 1574 1573 1569
f 1574 1569 1575
f 1575 1569 1568
f 1572 1576 1573
f 1573 1576 1577
f 1573 1577 1578
f 1137 1128 1579
f 1579 1128 1578
f 1579 1578 1580
f 1580 1578 1577
f 1581 1582 1583
f 1583 1584 1581
f 1581 1584 1585
f 1581 1585 1586
f 1587 1492 1588
f 1588 1492 1491
f 1589 1590 1491
f 1491 1590 1591
f 1491 1591 1588
f 1491 1493 1589
f 1589 1493 1495
f 1589 1495 1592
f 1592 1495 1494
f 1592 1494 1593
f 1593 1494 1498
f 1593 1498 1594
f 1594 1498 1497
f 1594 1497 1582
f 1582 1497 1496
f 1582 1496 1583
f 1595 1178 1596
f 1596 1178 1597
f 1596 1597 1598
f 1599 1487 1600
f 1600 1487 1486
f 1600 1486 1601
f 1601 1486 1602
f 1602 1486 1490
f 1602 1490 1603
f 1603 1490 1604
f 1604 1490 1489
f 1604 1489 1605
f 1605 1489 1606
f 1606 1489 1488
f 1606 1488 1595
f 1595 1488 1176
f 1595 1176 1178
f 1607 1608 1609
f 1609 1608 1610
f 1610 1608 1611
f 1610 1611 1612
f 1613 1456 1614
f 1614 1456 1455
f 1614 1455 1615
f 1615 1455 1616
f 1616 1455 1460
f 1616 1460 1617
f 1617 1460 1618
f 1618 1460 1459
f 1618 1459 1619
f 1619 1459 1620
f 1620 1459 1458
f 1620 1458 1609
f 1609 1458 1457
f 1609 1457 1607
f 1196 1621 1622
f 1622 1621 1623
f 1623 1621 1624
f 1623 1624 1625
f 1626 1426 1627
f 1627 1426 1425
f 1627 1425 1628
f 1628 1425 1629
f 1629 1425 1429
f 1629 1429 1630
f 1630 1429 1631
f 1631 1429 1428
f 1631 1428 1632
f 1632 1428 1633
f 1633 1428 1427
f 1633 1427 1622
f 1622 1427 1194
f 1622 1194 1196
f 1634 1635 1636
f 1636 1635 1637
f 1636 1637 1638
f 1639 1420 1640
f 1640 1420 1419
f 1640 1419 1641
f 1641 1419 1642
f 1642 1419 1424
f 1642 1424 1643
f 1643 1424 1644
f 1644 1424 1423
f 1644 1423 1645
f 1645 1423 1646
f 1646 1423 1422
f 1646 1422 1634
f 1634 1422 1421
f 1634 1421 1635
f 1647 1648 1649
f 1649 1648 1650
f 1650 1648 1651
f 1650 1651 1652
f 1653 1500 1654
f 1654 1500 1499
f 1654 1499 1655
f 1655 1499 1656
f 1656 1499 1504
f 1656 1504 1657
f 1657 1504 1658
f 1658 1504 1503
f 1658 1503 1659
f 1659 1503 1660
f 1660 1503 1502
f 1660 1502 1649
f 1649 1502 1501
f 1649 1501 1647
f 1661 1662 1663
f 1664 1665 1666
f 1666 1665 1667
f 1666 1667 1668
f 1668 1667 1669
f 1669 1670 1668
f 1668 1670 1671
f 1668 1671 1672
f 1672 1671 1673
f 1672 1673 1674
f 1674 1673 1675
f 1674 1675 1676
f 1676 1675 1677
f 1676 1677 1678
f 1677 1679 1678
f 1678 1679 1680
f 1678 1680 1681
f 1681 1680 1682
f 1683 1684 1685
f 1685 1684 1686
f 1685 1686 1687
f 1688 1689 1690
f 1690 1689 1691
f 1690 1691 1692
f 1692 1691 1693
f 1692 1693 1694
f 1694 1695 1692
f 1692 1695 1696
f 1692 1696 1681
f 1681 1696 1697
f 1681 1697 1678
f 1694 1698 1695
f 1695 1698 1699
f 1695 1699 1700
f 1700 1699 1701
f 1700 1701 1683
f 1683 1701 1702
f 1683 1702 1684
f 1703 1704 1705
f 1705 1704 1685
f 1705 1685 1690
f 1690 1685 1687
f 1690 1687 1688
f 1706 1707 1705
f 1705 1707 1708
f 1705 1708 1703
f 1709 1710 1711
f 1711 1710 1712
f 1711 1712 1713
f 1713 1712 1707
f 1713 1707 1714
f 1714 1707 1706
f 1709 1711 1715
f 1715 1711 1716
f 1715 1716 1717
f 1718 1719 1663
f 1663 1719 1720
f 1663 1720 1716
f 1716 1720 1721
f 1716 1721 1717
f 1722 1723 1724
f 1724 1723 1725
f 1718 1663 1723
f 1723 1663 1662
f 1723 1662 1725
f 1726 1727 1728
f 1728 1727 1729
f 1728 1729 1724
f 1724 1729 1730
f 1724 1730 1722
f 1726 1731 1727
f 1727 1731 1732
f 1727 1732 1733
f 1732 1734 1733
f 1733 1734 1735
f 1733 1735 1736
f 1736 1735 1737
f 1736 1737 1738
f 1738 1737 1739
f 1738 1739 1740
f 1740 1741 1742
f 1741 1743 1742
f 1742 1743 1744
f 1742 1744 1728
f 1728 1744 1745
f 1728 1745 1726
f 1740 1742 1738
f 1738 1742 1746
f 1738 1746 1747
f 1748 1749 1746
f 1749 1750 1746
f 1746 1750 1751
f 1746 1751 1747
f 1752 1753 1668
f 1754 1755 1756
f 1749 1757 1750
f 1750 1757 1758
f 1750 1758 1759
f 1759 1758 1760
f 1759 1760 1761
f 1761 1760 1762
f 1761 1762 1672
f 1672 1762 1763
f 1672 1763 1668
f 1668 1763 1764
f 1668 1764 1752
f 1754 1756 1753
f 1765 1766 1767
f 1767 1766 1768
f 1769 1770 1716
f 1716 1770 1771
f 1716 1771 1663
f 1663 1771 1772
f 1663 1772 1661
f 1768 1773 1774
f 1774 1773 1775
f 1774 1775 1769
f 1769 1716 1774
f 1774 1716 1776
f 1774 1776 1777
f 1713 1778 1711
f 1711 1778 1779
f 1711 1779 1716
f 1716 1779 1780
f 1716 1780 1776
f 1777 1781 1774
f 1774 1781 1782
f 1774 1782 1783
f 1783 1782 1784
f 1783 1784 1785
f 1786 1787 1756
f 1753 1756 1668
f 1668 1756 1787
f 1668 1787 1788
f 1789 1790 1791
f 1792 1793 1794
f 1794 1793 1795
f 1794 1795 1756
f 1756 1795 1796
f 1756 1796 1786
f 1790 1797 1791
f 1791 1797 1798
f 1791 1798 1794
f 1794 1798 1799
f 1794 1799 1792
f 1774 1800 1801
f 1768 1774 1767
f 1767 1774 1801
f 1767 1801 1802
f 1802 1803 1767
f 1767 1803 1804
f 1767 1804 1791
f 1791 1804 1805
f 1791 1805 1789
f 1806 1807 1783
f 1783 1807 1774
f 1774 1807 1808
f 1774 1808 1800
f 1809 1810 1811
f 1811 1810 1812
f 1811 1812 1783
f 1783 1812 1813
f 1783 1813 1806
f 1814 1815 1816
f 1816 1817 1814
f 1814 1817 1818
f 1814 1818 1811
f 1811 1818 1819
f 1811 1819 1809
f 1820 1666 1821
f 1821 1666 1668
f 1821 1668 1822
f 1822 1668 1788
f 1820 1823 1666
f 1666 1823 1824
f 1666 1824 1814
f 1814 1824 1825
f 1814 1825 1815
f 1725 1765 1724
f 1724 1765 1767
f 1724 1767 1728
f 1728 1767 1791
f 1728 1791 1742
f 1742 1791 1794
f 1742 1794 1746
f 1746 1794 1756
f 1746 1756 1748
f 1748 1756 1755
f 1785 1706 1783
f 1783 1706 1705
f 1783 1705 1811
f 1811 1705 1690
f 1811 1690 1814
f 1814 1690 1692
f 1814 1692 1666
f 1666 1692 1681
f 1666 1681 1664
f 1664 1681 1682
f 1768 1826 1773
f 1773 1826 1827
f 1773 1827 1775
f 1775 1827 1828
f 1775 1828 1769
f 1769 1828 1829
f 1769 1829 1770
f 1770 1829 1830
f 1770 1830 1771
f 1771 1830 1831
f 1771 1831 1772
f 1772 1831 1832
f 1772 1832 1661
f 1661 1832 1833
f 1661 1833 1662
f 1662 1833 1834
f 1662 1834 1725
f 1725 1834 1835
f 1725 1835 1765
f 1765 1835 1836
f 1765 1836 1766
f 1766 1836 1837
f 1766 1837 1768
f 1768 1837 1826
f 1784 1838 1785
f 1785 1838 1839
f 1785 1839 1706
f 1706 1839 1840
f 1706 1840 1714
f 1714 1840 1841
f 1714 1841 1713
f 1713 1841 1842
f 1713 1842 1778
f 1778 1842 1843
f 1778 1843 1779
f 1779 1843 1844
f 1779 1844 1780
f 1780 1844 1845
f 1780 1845 1776
f 1776 1845 1846
f 1776 1846 1777
f 1777 1846 1847
f 1777 1847 1781
f 1781 1847 1848
f 1781 1848 1782
f 1782 1848 1849
f 1782 1849 1784
f 1784 1849 1838
f 1698 1850 1699
f 1699 1850 1851
f 1699 1851 1701
f 1701 1851 1852
f 1701 1852 1702
f 1702 1852 1853
f 1702 1853 1684
f 1684 1853 1854
f 1684 1854 1686
f 1686 1854 1855
f 1686 1855 1687
f 1687 1855 1856
f 1687 1856 1688
f 1688 1856 1857
f 1688 1857 1689
f 1689 1857 1858
f 1689 1858 1691
f 1691 1858 1859
f 1691 1859 1693
f 1693 1859 1860
f 1693 1860 1694
f 1694 1860 1861
f 1694 1861 1698
f 1698 1861 1850
f 1677 1862 1679
f 1679 1862 1863
f 1679 1863 1680
f 1680 1863 1864
f 1680 1864 1682
f 1682 1864 1865
f 1682 1865 1664
f 1664 1865 1866
f 1664 1866 1665
f 1665 1866 1867
f 1665 1867 1667
f 1667 1867 1868
f 1667 1868 1669
f 1669 1868 1869
f 1669 1869 1670
f 1670 1869 1870
f 1670 1870 1671
f 1671 1870 1871
f 1671 1871 1673
f 1673 1871 1872
f 1673 1872 1675
f 1675 1872 1873
f 1675 1873 1677
f 1677 1873 1862
f 1760 1874 1762
f 1762 1874 1875
f 1762 1875 1763
f 1763 1875 1876
f 1763 1876 1764
f 1764 1876 1877
f 1764 1877 1752
f 1752 1877 1878
f 1752 1878 1753
f 1753 1878 1879
f 1753 1879 1754
f 1754 1879 1880
f 1754 1880 1755
f 1755 1880 1881
f 1755 1881 1748
f 1748 1881 1882
f 1748 1882 1749
f 1749 1882 1883
f 1749 1883 1757
f 1757 1883 1884
f 1757 1884 1758
f 1758 1884 1885
f 1758 1885 1760
f 1760 1885 1874
f 1740 1886 1741
f 1741 1886 1887
f 1741 1887 1743
f 1743 1887 1888
f 1743 1888 1744
f 1744 1888 1889
f 1744 1889 1745
f 1745 1889 1890
f 1745 1890 1726
f 1726 1890 1891
f 1726 1891 1731
f 1731 1891 1892
f 1731 1892 1732
f 1732 1892 1893
f 1732 1893 1734
f 1734 1893 1894
f 1734 1894 1735
f 1735 1894 1895
f 1735 1895 1737
f 1737 1895 1896
f 1737 1896 1739
f 1739 1896 1897
f 1739 1897 1740
f 1740 1897 1886
f 1898 1899 1900
f 1901 1902 1903
f 1903 1902 1904
f 1905 1850 1906
f 1906 1850 1861
f 1902 1907 1860
f 1860 1907 1908
f 1860 1908 1861
f 1861 1908 1909
f 1861 1909 1906
f 1860 1859 1902
f 1902 1859 1858
f 1902 1858 1904
f 1904 1858 1857
f 1904 1857 1856
f 1910 1853 1852
f 1851 1911 1852
f 1852 1911 1912
f 1852 1912 1910
f 1905 1913 1850
f 1850 1913 1914
f 1850 1914 1851
f 1851 1914 1915
f 1851 1915 1911
f 1855 1916 1856
f 1856 1916 1917
f 1856 1917 1904
f 1854 1918 1855
f 1855 1918 1919
f 1855 1919 1916
f 1910 1920 1853
f 1853 1920 1921
f 1853 1921 1922
f 1922 1923 1853
f 1853 1923 1924
f 1853 1924 1925
f 1926 1927 1853
f 1853 1927 1928
f 1853 1928 1854
f 1854 1928 1929
f 1854 1929 1918
f 1925 1930 1853
f 1853 1930 1931
f 1853 1931 1926
f 1932 1933 1934
f 1934 1933 1935
f 1934 1935 1936
f 1936 1935 1937
f 1936 1937 1938
f 1938 1937 1939
f 1938 1939 1940
f 1901 1941 1902
f 1902 1941 1942
f 1902 1942 1943
f 1943 1942 1944
f 1943 1944 1945
f 1945 1944 1946
f 1945 1946 1947
f 1947 1946 1938
f 1947 1938 1948
f 1948 1938 1940
f 1949 1950 1951
f 1951 1950 1952
f 1952 1953 1951
f 1951 1953 1954
f 1951 1954 1955
f 1955 1954 1956
f 1955 1956 1939
f 1939 1956 1957
f 1939 1957 1940
f 1958 1959 1873
f 1873 1959 1862
f 1958 1873 1960
f 1960 1873 1872
f 1960 1872 1961
f 1871 1962 1872
f 1872 1962 1963
f 1872 1963 1961
f 1951 1964 1870
f 1870 1964 1965
f 1870 1965 1871
f 1871 1965 1966
f 1871 1966 1962
f 1959 1967 1862
f 1862 1967 1968
f 1862 1968 1863
f 1863 1968 1969
f 1863 1969 1970
f 1870 1869 1951
f 1951 1869 1868
f 1951 1868 1949
f 1949 1868 1867
f 1949 1867 1866
f 1865 1864 1971
f 1863 1972 1973
f 1974 1975 1863
f 1863 1975 1976
f 1863 1976 1864
f 1864 1976 1977
f 1864 1977 1971
f 1971 1978 1865
f 1865 1978 1979
f 1865 1979 1866
f 1866 1979 1980
f 1866 1980 1949
f 1970 1981 1863
f 1863 1981 1982
f 1863 1982 1972
f 1973 1983 1863
f 1863 1983 1984
f 1863 1984 1974
f 1985 1986 1987
f 1987 1986 1988
f 1987 1988 1933
f 1933 1988 1935
f 1935 1988 1989
f 1935 1989 1990
f 1991 1992 1993
f 1993 1992 1994
f 1994 1992 1995
f 1994 1995 1990
f 1990 1995 1996
f 1990 1996 1935
f 1997 1998 1999
f 1996 2000 1935
f 1935 2000 1997
f 1935 1997 2001
f 2001 1997 1999
f 2002 2003 2004
f 2004 2003 2005
f 2002 2006 2003
f 2003 2006 2007
f 2003 2007 1998
f 1998 2007 2008
f 1998 2008 1999
f 2003 2009 1880
f 1880 2009 2010
f 1880 2010 1881
f 1875 1874 2011
f 1884 2012 2013
f 1884 2013 1885
f 1885 2013 2014
f 1885 2014 2015
f 2012 1884 2016
f 2016 1884 1883
f 2016 1883 2017
f 2010 2018 1881
f 1881 2018 2019
f 1881 2019 1882
f 1880 1879 2003
f 2003 1879 1878
f 2003 1878 2005
f 2005 1878 1877
f 2005 1877 1876
f 2011 2020 1875
f 1875 2020 2021
f 1875 2021 1876
f 1876 2021 2022
f 1876 2022 2005
f 1885 2023 2024
f 2025 2026 1885
f 1885 2026 2027
f 1885 2027 1874
f 1874 2027 2028
f 1874 2028 2011
f 2015 2029 1885
f 1885 2029 2030
f 1885 2030 2023
f 2019 2031 1882
f 1882 2031 2032
f 1882 2032 1883
f 1883 2032 2033
f 1883 2033 2017
f 2024 2034 1885
f 1885 2034 2035
f 1885 2035 2025
f 2036 1891 1890
f 2037 2038 1897
f 1897 2038 2039
f 1897 2039 1886
f 1886 2039 2040
f 1886 2040 1887
f 2040 2041 1887
f 1887 2041 2042
f 1887 2042 1888
f 1888 2042 2043
f 1888 2043 1889
f 1993 2044 1991
f 1991 2044 2036
f 1991 2036 2043
f 2043 2036 1890
f 2043 1890 1889
f 1897 1896 2037
f 2037 1896 1895
f 2037 1895 2045
f 2045 1895 1894
f 2045 1894 2046
f 2046 1894 1893
f 2046 1893 2047
f 2047 1893 1892
f 2047 1892 2048
f 2049 2050 1892
f 1891 2036 1892
f 1892 2036 2051
f 1892 2051 2049
f 2050 2052 1892
f 1892 2052 2053
f 1892 2053 2048
f 2054 2055 2045
f 2045 2055 2056
f 2045 2056 2037
f 2057 2058 2059
f 2059 2058 2060
f 2059 2060 2061
f 2061 2060 2062
f 2063 2057 2064
f 2064 2057 2059
f 2064 2059 2065
f 2065 2059 2055
f 2065 2055 2066
f 2066 2055 2054
f 1837 2067 1826
f 1826 2067 2068
f 1826 2068 1827
f 1830 1829 2069
f 2069 1829 1828
f 2069 1828 2070
f 2070 1828 1827
f 2070 1827 1985
f 1985 1827 2068
f 1985 2068 1986
f 2069 1898 1830
f 1830 1898 1900
f 1830 1900 1831
f 1831 1900 2071
f 1831 2071 1832
f 1832 2071 2072
f 1832 2072 1833
f 1835 2073 1836
f 1836 2073 2074
f 1836 2074 1837
f 1837 2074 2075
f 1837 2075 2067
f 2072 2076 1833
f 1833 2076 2077
f 1833 2077 1834
f 1834 2077 2078
f 1834 2078 1835
f 1835 2078 2079
f 1835 2079 2073
f 2080 2081 2071
f 2071 2081 2082
f 2071 2082 2072
f 2072 2082 2083
f 2072 2083 2084
f 2085 2086 2087
f 2087 2086 2072
f 2087 2072 2088
f 2088 2072 2089
f 2089 2072 2084
f 2089 2084 2090
f 1838 2091 2092
f 2092 2091 2093
f 2092 2093 2094
f 2094 2093 2095
f 2094 2095 1932
f 1932 2095 2096
f 1932 2096 1933
f 1838 1849 2091
f 2091 1849 1848
f 2091 1848 2097
f 2097 1848 1847
f 1846 2098 1847
f 1847 2098 2099
f 1847 2099 2097
f 1840 1839 2100
f 2092 2101 1838
f 1838 2101 2102
f 1838 2102 1839
f 1839 2102 2103
f 1839 2103 2100
f 2104 2105 1841
f 1841 2105 1842
f 2105 2106 1842
f 1842 2106 2107
f 1842 2107 1843
f 1843 2107 2108
f 1843 2108 1844
f 1844 2108 2109
f 1844 2109 1845
f 1845 2109 2110
f 1845 2110 1846
f 1846 2110 2111
f 1846 2111 2098
f 2100 2112 1840
f 1840 2112 2113
f 1840 2113 1841
f 1841 2113 2114
f 1841 2114 2104
f 2115 2116 2117
f 2118 2119 2120
f 2120 2119 2121
f 2120 2121 2122
f 2122 2121 2123
f 2124 2118 2125
f 2125 2118 2120
f 2125 2120 2108
f 2108 2120 2126
f 2108 2126 2109
f 2109 2126 2127
f 2109 2127 2117
f 2117 2127 2128
f 2117 2128 2115
f 930 929 2129
f 2129 929 2130
f 2131 2132 1653
f 1653 2132 1500
f 952 951 2133
f 2133 951 2134
f 2135 2136 1639
f 1639 2136 1420
f 847 846 2137
f 2137 846 2138
f 2139 2140 1626
f 1626 2140 1426
f 867 866 2141
f 2141 866 2142
f 2143 2144 1613
f 1613 2144 1456
f 887 886 2145
f 2145 886 2146
f 2147 2148 1599
f 1599 2148 1487
f 906 905 2149
f 2149 905 2150
f 2151 2152 1587
f 1587 2152 1492
f 2151 2153 2152
f 2152 2153 2154
f 2153 2155 2154
f 2154 2155 2156
f 2154 2156 2157
f 2156 2158 2157
f 2157 2158 2159
f 2157 2159 2160
f 2149 2150 2161
f 2161 2150 2160
f 2161 2160 2162
f 2162 2160 2159
f 2147 2163 2148
f 2148 2163 2164
f 2163 2165 2164
f 2164 2165 2166
f 2164 2166 2167
f 2166 2168 2167
f 2167 2168 2169
f 2167 2169 2170
f 2145 2146 2171
f 2171 2146 2170
f 2171 2170 2172
f 2172 2170 2169
f 2143 2173 2144
f 2144 2173 2174
f 2173 2175 2174
f 2174 2175 2176
f 2174 2176 2177
f 2176 2178 2177
f 2177 2178 2179
f 2177 2179 2180
f 2141 2142 2181
f 2181 2142 2180
f 2181 2180 2182
f 2182 2180 2179
f 2139 2183 2140
f 2140 2183 2184
f 2183 2185 2184
f 2184 2185 2186
f 2184 2186 2187
f 2186 2188 2187
f 2187 2188 2189
f 2187 2189 2190
f 2137 2138 2191
f 2191 2138 2190
f 2191 2190 2192
f 2192 2190 2189
f 2135 2193 2136
f 2136 2193 2194
f 2193 2195 2194
f 2194 2195 2196
f 2194 2196 2197
f 2196 2198 2197
f 2197 2198 2199
f 2197 2199 2200
f 2133 2134 2201
f 2201 2134 2200
f 2201 2200 2202
f 2202 2200 2199
f 2131 2203 2132
f 2132 2203 2204
f 2203 2205 2204
f 2204 2205 2206
f 2204 2206 2207
f 2206 2208 2207
f 2207 2208 2209
f 2207 2209 2210
f 2129 2130 2211
f 2211 2130 2210
f 2211 2210 2212
f 2212 2210 2209
f 1331 1426 1332
f 1332 1426 2140
f 1446 1449 866
f 852 851 1192
f 866 865 1446
f 1446 865 860
f 1446 860 1432
f 1432 860 859
f 1432 859 1434
f 1434 859 852
f 1434 852 1436
f 1436 852 1192
f 1332 2140 1342
f 1342 2140 2184
f 1342 2184 1343
f 1343 2184 2187
f 1343 2187 1344
f 1344 2187 2190
f 1344 2190 1330
f 1330 2190 2138
f 1451 2142 1449
f 1449 2142 866
f 846 1338 2138
f 2138 1338 1330
f 1450 2144 1452
f 1452 2144 2174
f 1452 2174 1453
f 1453 2174 2177
f 1453 2177 1454
f 1454 2177 2180
f 1454 2180 1451
f 1451 2180 2142
f 1337 1338 846
f 832 831 1323
f 846 845 1337
f 1337 845 840
f 1337 840 1319
f 1319 840 839
f 1319 839 1320
f 1320 839 832
f 1320 832 1321
f 1321 832 1323
f 1448 1456 1450
f 1450 1456 2144
f 2136 1316 1420
f 1420 1316 1302
f 1465 1483 886
f 872 871 1471
f 886 885 1465
f 1465 885 880
f 1465 880 1463
f 1463 880 879
f 1463 879 1468
f 1468 879 872
f 1468 872 1473
f 1473 872 1471
f 1316 2136 1315
f 1315 2136 2194
f 1315 2194 1313
f 1313 2194 2197
f 1313 2197 1314
f 1314 2197 2200
f 1314 2200 1303
f 1303 2200 2134
f 1481 2146 1483
f 1483 2146 886
f 951 1312 2134
f 2134 1312 1303
f 1482 2148 1480
f 1480 2148 2164
f 1480 2164 1478
f 1478 2164 2167
f 1478 2167 1479
f 1479 2167 2170
f 1479 2170 1481
f 1481 2170 2146
f 1311 1312 951
f 933 1295 934
f 934 1295 1293
f 934 1293 942
f 942 1293 1292
f 951 949 1311
f 1311 949 947
f 1311 947 1299
f 1299 947 946
f 1299 946 1292
f 1292 946 944
f 1292 944 942
f 1484 1487 1482
f 1482 1487 2148
f 2132 1403 1500
f 1500 1403 1382
f 1365 1366 905
f 893 892 1168
f 905 904 1365
f 1365 904 899
f 1365 899 1350
f 1350 899 898
f 1350 898 1358
f 1358 898 893
f 1358 893 1359
f 1359 893 1168
f 1403 2132 1402
f 1402 2132 2204
f 1402 2204 1400
f 1400 2204 2207
f 1400 2207 1401
f 1401 2207 2210
f 1401 2210 1383
f 1383 2210 2130
f 1356 2150 1366
f 1366 2150 905
f 929 1393 2130
f 2130 1393 1383
f 1374 2152 1373
f 1373 2152 2154
f 1373 2154 1371
f 1371 2154 2157
f 1371 2157 1372
f 1372 2157 2160
f 1372 2160 1356
f 1356 2160 2150
f 1392 1393 929
f 911 1385 912
f 912 1385 1387
f 912 1387 920
f 920 1387 1394
f 929 927 1392
f 1392 927 925
f 1392 925 1380
f 1380 925 924
f 1380 924 1394
f 1394 924 922
f 1394 922 920
f 1355 1492 1374
f 1374 1492 2152
f 572 571 1525
f 1525 571 2213
f 1525 2213 1526
f 1526 2213 2214
f 1514 2215 1513
f 1513 2215 2216
f 1513 2216 561
f 561 2216 559
f 1534 2217 1533
f 1533 2217 2218
f 1533 2218 578
f 578 2218 579
f 585 584 1515
f 1515 584 2219
f 1515 2219 1516
f 1516 2219 2220
f 1524 2221 1523
f 1523 2221 2222
f 1523 2222 590
f 590 2222 591
f 597 596 1505
f 1505 596 2223
f 1505 2223 1506
f 1506 2223 2224
f 2225 1279 2226
f 2226 1279 1278
f 933 932 1295
f 1295 932 2227
f 1295 2227 1278
f 1278 2227 2228
f 1278 2228 2226
f 2229 1647 1501
f 2230 2231 1377
f 1377 2231 2232
f 2232 2233 1377
f 1377 2233 2229
f 1377 2229 1388
f 1388 2229 1501
f 2234 1284 2235
f 2235 1284 1283
f 911 910 1385
f 1385 910 2236
f 1385 2236 1283
f 1283 2236 2237
f 1283 2237 2235
f 2238 1583 1496
f 2239 2240 1347
f 1347 2240 2241
f 2241 2242 1347
f 1347 2242 2238
f 1347 2238 1361
f 1361 2238 1496
f 2243 2244 2245
f 2245 2244 2246
f 2245 2246 2247
f 2248 2249 2250
f 2250 2249 2251
f 2250 2251 2252
f 2253 1266 1265
f 1263 1270 2254
f 2254 2255 1263
f 1263 2255 2256
f 1263 2256 2257
f 1472 1471 871
f 871 873 1472
f 1472 873 1263
f 1472 1263 2258
f 2258 1263 2257
f 2259 1269 2260
f 2260 1269 1268
f 2260 1268 2261
f 1457 1442 1607
f 1607 1442 1431
f 1607 1431 1268
f 1268 1431 2262
f 1268 2262 2261
f 1264 2263 1265
f 2264 2265 2266
f 2266 2265 2267
f 2266 2267 2268
f 2269 1274 2270
f 2270 1274 1273
f 831 833 1323
f 1323 833 2271
f 1323 2271 1273
f 1273 2271 2272
f 1273 2272 2270
f 2273 1635 1421
f 2274 2275 1289
f 1289 2275 2276
f 2276 2277 1289
f 1289 2277 2273
f 1289 2273 1307
f 1307 2273 1421
f 2278 2279 2280
f 2280 2279 2281
f 2282 2283 2284
f 2284 2283 2285
f 2286 2287 1288
f 1288 2287 2274
f 1288 2274 1289
f 2288 2289 1346
f 1346 2289 2239
f 1346 2239 1347
f 2290 2291 1376
f 1376 2291 2230
f 1376 2230 1377
f 2292 2293 2294
f 2294 2293 2295
f 2296 2297 2298
f 2298 2297 2299
f 2300 2301 2302
f 2302 2301 2303
f 2304 2305 2306
f 2306 2305 2307
f 2308 2309 2310
f 2310 2309 2311
f 2312 2313 2314
f 2314 2313 2315
f 1415 2314 1417
f 1417 2314 2315
f 1405 2306 1407
f 1407 2306 2307
f 2297 2296 1410
f 1410 2296 1412
f 2283 2282 2266
f 2266 2282 2264
f 2280 2281 2245
f 2245 2281 2243
f 2216 2215 2316
f 2216 2316 2317
f 2317 2316 2318
f 2317 2318 2319
f 2319 2318 2320
f 2320 2318 2289
f 2320 2289 2288
f 1346 1345 2288
f 2288 1345 2321
f 2288 2321 2320
f 2320 2321 2322
f 2320 2322 2319
f 2319 2322 2323
f 2319 2323 2317
f 559 2216 2324
f 2324 2216 2317
f 2324 2317 2325
f 2325 2317 2323
f 2322 2321 2326
f 2327 2328 2329
f 2330 563 564
f 2330 564 2331
f 2331 564 560
f 2331 560 2332
f 541 563 2333
f 2333 563 2330
f 2333 2330 2334
f 2334 2330 2328
f 560 559 2332
f 2332 559 2324
f 2332 2324 2325
f 2328 2330 2329
f 2329 2330 2331
f 2329 2331 2335
f 2335 2331 2332
f 2335 2332 2336
f 2336 2332 2325
f 2336 2325 2323
f 1369 2337 2338
f 2338 2337 2327
f 2327 2329 2338
f 2338 2329 2335
f 2338 2335 2339
f 2339 2335 2336
f 2339 2336 2326
f 2326 2336 2323
f 2326 2323 2322
f 1369 2338 1348
f 1348 2338 2339
f 1348 2339 1349
f 1349 2339 2326
f 1349 2326 1357
f 1357 2326 2321
f 1357 2321 1345
f 1369 1368 2337
f 2337 1368 2340
f 2337 2340 2327
f 2327 2340 2341
f 2327 2341 2328
f 2328 2341 2342
f 2328 2342 2334
f 2334 2342 2343
f 2334 2343 2333
f 2333 2343 2344
f 2333 2344 541
f 541 2344 542
f 2341 2340 2345
f 2346 2347 2348
f 2349 555 557
f 2349 557 2350
f 2350 557 558
f 2350 558 2351
f 553 555 2352
f 2352 555 2349
f 2352 2349 2353
f 2353 2349 2347
f 558 542 2351
f 2351 542 2344
f 2351 2344 2343
f 2347 2349 2348
f 2348 2349 2350
f 2348 2350 2354
f 2354 2350 2351
f 2354 2351 2355
f 2355 2351 2343
f 2355 2343 2342
f 1353 2356 2357
f 2357 2356 2346
f 2346 2348 2357
f 2357 2348 2354
f 2357 2354 2358
f 2358 2354 2355
f 2358 2355 2345
f 2345 2355 2342
f 2345 2342 2341
f 1353 2357 1370
f 1370 2357 2358
f 1370 2358 1360
f 1360 2358 2345
f 1360 2345 1367
f 1367 2345 2340
f 1367 2340 1368
f 1140 553 2359
f 2359 553 2352
f 2359 2352 2360
f 2352 2353 2360
f 2360 2353 2347
f 2360 2347 2361
f 2361 2347 2346
f 2361 2346 2362
f 2362 2346 2356
f 2362 2356 1352
f 1352 2356 1353
f 1329 1327 2363
f 2363 1327 2364
f 2363 2364 2365
f 2365 2364 2366
f 2365 2366 2367
f 2367 2366 2368
f 2367 2368 2369
f 2369 2368 2370
f 2369 2370 2371
f 2371 2370 2372
f 2371 2372 1127
f 1127 2372 565
f 2366 2364 2373
f 2374 2375 2376
f 2377 569 570
f 2377 570 2378
f 2378 570 566
f 2378 566 2379
f 537 569 2380
f 2380 569 2377
f 2380 2377 2381
f 2381 2377 2375
f 566 565 2379
f 2379 565 2372
f 2379 2372 2370
f 2375 2377 2376
f 2376 2377 2378
f 2376 2378 2382
f 2382 2378 2379
f 2382 2379 2383
f 2383 2379 2370
f 2383 2370 2368
f 1341 2384 2385
f 2385 2384 2374
f 2374 2376 2385
f 2385 2376 2382
f 2385 2382 2386
f 2386 2382 2383
f 2386 2383 2373
f 2373 2383 2368
f 2373 2368 2366
f 1341 2385 1317
f 1317 2385 2386
f 1317 2386 1318
f 1318 2386 2373
f 1318 2373 1326
f 1326 2373 2364
f 1326 2364 1327
f 538 537 2387
f 2387 537 2380
f 2387 2380 2388
f 2388 2380 2381
f 2388 2381 2389
f 2389 2381 2375
f 2389 2375 2390
f 2390 2375 2374
f 2390 2374 2391
f 2391 2374 2384
f 2391 2384 1340
f 1340 2384 1341
f 2390 2391 2392
f 2393 2394 2395
f 2396 573 575
f 2396 575 2397
f 2397 575 576
f 2397 576 2398
f 571 573 2399
f 2399 573 2396
f 2399 2396 2400
f 2400 2396 2394
f 576 538 2398
f 2398 538 2387
f 2398 2387 2388
f 2394 2396 2395
f 2395 2396 2397
f 2395 2397 2401
f 2401 2397 2398
f 2401 2398 2402
f 2402 2398 2388
f 2402 2388 2389
f 1324 2403 2404
f 2404 2403 2393
f 2393 2395 2404
f 2404 2395 2401
f 2404 2401 2405
f 2405 2401 2402
f 2405 2402 2392
f 2392 2402 2389
f 2392 2389 2390
f 1324 2404 1325
f 1325 2404 2405
f 1325 2405 1322
f 1322 2405 2392
f 1322 2392 1339
f 1339 2392 2391
f 1339 2391 1340
f 1277 1276 2406
f 2406 1276 2407
f 2406 2407 2408
f 2408 2407 2409
f 2408 2409 2410
f 2410 2409 2214
f 2410 2214 2213
f 2410 2213 571
f 571 2399 2410
f 2410 2399 2400
f 2410 2400 2408
f 2408 2400 2394
f 2408 2394 2406
f 2394 2393 2406
f 2406 2393 2403
f 2406 2403 1277
f 1277 2403 1324
f 1277 1324 1275
f 2218 2217 2411
f 2218 2411 2412
f 2412 2411 2413
f 2412 2413 2414
f 2414 2413 2415
f 2415 2413 2287
f 2415 2287 2286
f 1288 1290 2286
f 2286 1290 2416
f 2286 2416 2415
f 2415 2416 2417
f 2415 2417 2414
f 2414 2417 2418
f 2414 2418 2412
f 579 2218 2419
f 2419 2218 2412
f 2419 2412 2420
f 2420 2412 2418
f 2417 2416 2421
f 2422 2423 2424
f 2425 583 582
f 2425 582 2426
f 2426 582 580
f 2426 580 2427
f 545 583 2428
f 2428 583 2425
f 2428 2425 2429
f 2429 2425 2423
f 580 579 2427
f 2427 579 2419
f 2427 2419 2420
f 2423 2425 2424
f 2424 2425 2426
f 2424 2426 2430
f 2430 2426 2427
f 2430 2427 2431
f 2431 2427 2420
f 2431 2420 2418
f 1306 2432 2433
f 2433 2432 2422
f 2422 2424 2433
f 2433 2424 2430
f 2433 2430 2434
f 2434 2430 2431
f 2434 2431 2421
f 2421 2431 2418
f 2421 2418 2417
f 1306 2433 1300
f 1300 2433 2434
f 1300 2434 1298
f 1298 2434 2421
f 1298 2421 1291
f 1291 2421 2416
f 1291 2416 1290
f 1306 1305 2432
f 2432 1305 2435
f 2432 2435 2422
f 2422 2435 2436
f 2422 2436 2423
f 2423 2436 2437
f 2423 2437 2429
f 2429 2437 2438
f 2429 2438 2428
f 2428 2438 2439
f 2428 2439 545
f 545 2439 546
f 2436 2435 2440
f 2441 2442 2443
f 2444 586 588
f 2444 588 2445
f 2445 588 589
f 2445 589 2446
f 584 586 2447
f 2447 586 2444
f 2447 2444 2448
f 2448 2444 2442
f 589 546 2446
f 2446 546 2439
f 2446 2439 2438
f 2442 2444 2443
f 2443 2444 2445
f 2443 2445 2449
f 2449 2445 2446
f 2449 2446 2450
f 2450 2446 2438
f 2450 2438 2437
f 1296 2451 2452
f 2452 2451 2441
f 2441 2443 2452
f 2452 2443 2449
f 2452 2449 2453
f 2453 2449 2450
f 2453 2450 2440
f 2440 2450 2437
f 2440 2437 2436
f 1296 2452 1297
f 1297 2452 2453
f 1297 2453 1294
f 1294 2453 2440
f 1294 2440 1304
f 1304 2440 2435
f 1304 2435 1305
f 1282 1281 2454
f 2454 1281 2455
f 2454 2455 2456
f 2456 2455 2457
f 2456 2457 2458
f 2458 2457 2220
f 2458 2220 2219
f 2458 2219 584
f 584 2447 2458
f 2458 2447 2448
f 2458 2448 2456
f 2456 2448 2442
f 2456 2442 2454
f 2442 2441 2454
f 2454 2441 2451
f 2454 2451 1282
f 1282 2451 1296
f 1282 1296 1280
f 1287 1286 2459
f 2459 1286 2460
f 2459 2460 2461
f 2461 2460 2462
f 2461 2462 2463
f 2463 2462 2224
f 2463 2224 2223
f 2459 2464 1287
f 1287 2464 1386
f 1287 1386 1285
f 2463 2223 596
f 596 2465 2463
f 2463 2465 2466
f 2463 2466 2461
f 2461 2466 2467
f 2461 2467 2459
f 2459 2467 2468
f 2459 2468 2464
f 2469 2470 2471
f 2468 2467 2472
f 2473 598 600
f 2473 600 2474
f 2474 600 601
f 2474 601 2475
f 596 598 2465
f 2465 598 2473
f 2465 2473 2466
f 2466 2473 2467
f 601 550 2475
f 2475 550 2476
f 2475 2476 2477
f 2467 2473 2472
f 2472 2473 2474
f 2472 2474 2478
f 2478 2474 2475
f 2478 2475 2479
f 2479 2475 2477
f 2479 2477 2480
f 1386 2464 2481
f 2481 2464 2468
f 2468 2472 2481
f 2481 2472 2478
f 2481 2478 2482
f 2482 2478 2479
f 2482 2479 2471
f 2471 2479 2480
f 2471 2480 2469
f 1386 2481 1397
f 1397 2481 2482
f 1397 2482 1398
f 1398 2482 2471
f 1398 2471 1399
f 1399 2471 2470
f 1399 2470 1395
f 550 549 2476
f 2476 549 2483
f 2476 2483 2477
f 2477 2483 2484
f 2477 2484 2480
f 2480 2484 2485
f 2480 2485 2469
f 2469 2485 2486
f 2469 2486 2470
f 2470 2486 2487
f 2470 2487 1395
f 1395 2487 1396
f 2488 2489 2490
f 2486 2485 2491
f 2492 594 595
f 2492 595 2493
f 2493 595 592
f 2493 592 2494
f 549 594 2483
f 2483 594 2492
f 2483 2492 2484
f 2484 2492 2485
f 592 591 2494
f 2494 591 2495
f 2494 2495 2496
f 2485 2492 2491
f 2491 2492 2493
f 2491 2493 2497
f 2497 2493 2494
f 2497 2494 2498
f 2498 2494 2496
f 2498 2496 2499
f 1396 2487 2500
f 2500 2487 2486
f 2486 2491 2500
f 2500 2491 2497
f 2500 2497 2501
f 2501 2497 2498
f 2501 2498 2490
f 2490 2498 2499
f 2490 2499 2488
f 1396 2500 1378
f 1378 2500 2501
f 1378 2501 1379
f 1379 2501 2490
f 1379 2490 1384
f 1384 2490 2489
f 1384 2489 1375
f 2222 2221 2502
f 2222 2502 2503
f 2503 2502 2504
f 2503 2504 2505
f 2505 2504 2506
f 2506 2504 2291
f 2506 2291 2290
f 1376 1375 2290
f 2290 1375 2489
f 2290 2489 2506
f 2506 2489 2488
f 2506 2488 2505
f 2505 2488 2499
f 2505 2499 2503
f 591 2222 2495
f 2495 2222 2503
f 2495 2503 2496
f 2496 2503 2499
f 2367 2369 2507
f 2507 2369 2371
f 2507 2371 1127
f 2508 1329 2363
f 959 2509 2510
f 2510 2509 2511
f 2510 2511 2512
f 2512 2511 2508
f 2512 2508 2513
f 2513 2508 2363
f 2365 2367 2514
f 2514 2367 2507
f 2514 2507 2515
f 2515 2507 2516
f 2515 2516 2517
f 2517 2516 2518
f 2517 2518 959
f 1127 1229 2507
f 2507 1229 1231
f 2507 1231 2516
f 2516 1231 1232
f 2516 1232 2518
f 2518 1232 1234
f 2518 1234 959
f 2363 2365 2513
f 2513 2365 2514
f 2513 2514 2512
f 2512 2514 2515
f 2512 2515 2510
f 2510 2515 2517
f 2510 2517 959
f 1197 1328 2519
f 1197 2519 1199
f 1199 2519 2520
f 1199 2520 1200
f 1200 2520 1202
f 1202 2520 2521
f 1202 2521 1204
f 1204 2521 1213
f 1213 2521 957
f 1213 957 955
f 1328 1329 2519
f 2519 1329 2508
f 2519 2508 2520
f 2520 2508 2511
f 2520 2511 2521
f 2521 2511 2509
f 2521 2509 957
f 957 2509 959
f 2522 2523 2524
f 1054 2525 1052
f 1052 2525 1159
f 1169 1164 2524
f 2524 1164 1163
f 2524 1163 2526
f 2526 1163 1161
f 2526 1161 1159
f 1351 1167 1169
f 1169 2524 1351
f 1351 2524 2523
f 1351 2523 1352
f 2522 2524 2527
f 2527 2524 2526
f 2527 2526 2528
f 1159 2525 2526
f 2526 2525 2529
f 2526 2529 2528
f 1056 2530 1054
f 1054 2530 2531
f 1054 2531 2525
f 2525 2531 2532
f 2525 2532 2529
f 2533 2534 1222
f 2535 2536 2537
f 2523 2522 2537
f 2538 2359 2360
f 1140 2359 1228
f 1228 2359 2538
f 1228 2538 1227
f 1222 2531 2530
f 1056 1222 2530
f 2532 2534 2529
f 2529 2534 2533
f 2529 2533 2528
f 1352 2523 2362
f 2362 2523 2537
f 2362 2537 2361
f 2361 2537 2536
f 2361 2536 2360
f 2360 2536 2535
f 2360 2535 2538
f 2538 2535 2539
f 2538 2539 1227
f 1222 2540 2533
f 2533 2540 2541
f 2533 2541 2528
f 2528 2541 2527
f 2532 2531 2534
f 2534 2531 1222
f 1222 1224 2539
f 2539 1224 1225
f 2539 1225 1227
f 2522 2527 2537
f 2537 2527 2542
f 2537 2542 2535
f 2535 2542 2543
f 2535 2543 2539
f 2539 2543 1222
f 2527 2541 2542
f 2542 2541 2540
f 2542 2540 2543
f 2543 2540 1222
f 1007 1042 2544
f 1044 1049 2545
f 1179 1470 2546
f 2547 2548 2254
f 2254 2548 2255
f 2255 2548 2256
f 2256 2548 2549
f 2256 2549 2257
f 2257 2549 2258
f 2258 2549 1474
f 2258 1474 1472
f 1179 2546 1180
f 1180 2546 2550
f 1180 2550 1171
f 1171 2550 1173
f 1173 2550 2545
f 1173 2545 1175
f 1175 2545 1182
f 1182 2545 1049
f 1182 1049 1051
f 1467 1466 2551
f 2551 1466 2552
f 2551 2552 2553
f 2553 2552 2554
f 2553 2554 2555
f 2555 2554 2544
f 1476 1475 2556
f 2556 1475 2557
f 2556 2557 2558
f 2558 2557 2559
f 2558 2559 2560
f 2560 2559 2561
f 1475 1474 2557
f 2557 1474 2549
f 2557 2549 2559
f 2559 2549 2548
f 2559 2548 2561
f 2561 2548 2547
f 1045 1044 2562
f 2562 1044 2545
f 2562 2545 2563
f 2563 2545 2550
f 2563 2550 2564
f 2564 2550 2546
f 2564 2546 1469
f 1469 2546 1470
f 1469 1467 2564
f 2564 1467 2551
f 2564 2551 2563
f 2563 2551 2553
f 2563 2553 2562
f 2562 2553 2555
f 2562 2555 1045
f 1045 2555 1047
f 2544 1042 2555
f 2555 1042 1048
f 2555 1048 1047
f 1016 1007 2565
f 2565 1007 2544
f 2565 2544 2566
f 2566 2544 2554
f 2566 2554 2567
f 2567 2554 2552
f 2567 2552 1477
f 1477 2552 1466
f 1477 1476 2567
f 2567 1476 2556
f 2567 2556 2566
f 2566 2556 2558
f 2566 2558 2565
f 2565 2558 2560
f 2565 2560 1016
f 1016 2560 1014
f 2254 2568 2547
f 2547 2568 1027
f 2547 1027 2561
f 2561 1027 1029
f 2561 1029 2560
f 2560 1029 1012
f 2560 1012 1014
f 1036 1041 2569
f 1431 1430 2570
f 2571 2572 1185
f 1185 2572 1187
f 1187 2572 1189
f 1189 2572 2573
f 1189 2573 1190
f 1190 2573 1193
f 1193 2573 1439
f 1193 1439 1191
f 1431 2570 2262
f 2262 2570 2574
f 2262 2574 2261
f 2261 2574 2575
f 2261 2575 2260
f 2260 2575 2576
f 2260 2576 2259
f 961 960 2575
f 2575 960 2577
f 2575 2577 2576
f 1433 1435 2578
f 2578 1435 2579
f 2578 2579 2580
f 2580 2579 2581
f 2580 2581 2582
f 2582 2581 2583
f 1435 1438 2579
f 2579 1438 2584
f 2579 2584 2581
f 2581 2584 2585
f 2581 2585 2583
f 2583 2585 2586
f 1438 1437 2584
f 2584 1437 2587
f 2584 2587 2585
f 2585 2587 2588
f 2585 2588 2586
f 2586 2588 2569
f 1440 1439 2589
f 2589 1439 2573
f 2589 2573 2590
f 2590 2573 2572
f 2590 2572 2591
f 2591 2572 2571
f 1430 1433 2570
f 2570 1433 2578
f 2570 2578 2574
f 2574 2578 2580
f 2574 2580 2575
f 2575 2580 2582
f 2575 2582 961
f 961 2582 2583
f 961 2583 964
f 964 2583 2586
f 964 2586 981
f 2569 1041 2586
f 2586 1041 977
f 2586 977 981
f 1037 1036 2592
f 2592 1036 2569
f 2592 2569 2593
f 2593 2569 2588
f 2593 2588 2594
f 2594 2588 2587
f 2594 2587 1441
f 1441 2587 1437
f 1441 1440 2594
f 2594 1440 2589
f 2594 2589 2593
f 2593 2589 2590
f 2593 2590 2592
f 2592 2590 2591
f 2592 2591 1037
f 1037 2591 1039
f 1185 1032 2571
f 2571 1032 1034
f 2571 1034 2591
f 2591 1034 1040
f 2591 1040 1039
f 2595 937 936
f 936 2596 2595
f 2595 2596 2597
f 2595 2597 2598
f 2595 2599 937
f 937 2599 2600
f 937 2600 938
f 938 2600 2601
f 938 2601 932
f 932 2601 2602
f 932 2602 2227
f 1408 1407 2603
f 2603 1407 2604
f 2603 2604 2605
f 2605 2604 2598
f 2605 2598 2606
f 2606 2598 2597
f 1407 2307 2604
f 2604 2307 2607
f 2604 2607 2598
f 2608 2599 2607
f 2607 2599 2595
f 2607 2595 2598
f 2227 2602 2228
f 2228 2602 2601
f 2228 2601 2608
f 2608 2601 2600
f 2608 2600 2599
f 2226 2228 2608
f 2226 2608 2609
f 2609 2608 2607
f 2609 2607 2610
f 2610 2607 2307
f 2610 2307 2305
f 2225 2226 2611
f 2225 2611 2612
f 2612 2611 2613
f 2612 2613 2614
f 2614 2613 2303
f 2614 2303 2301
f 2303 2613 2615
f 2226 2609 2616
f 2613 2617 2615
f 2615 2617 2616
f 2615 2616 2618
f 2618 2616 2609
f 2618 2609 2610
f 2303 2615 2619
f 2619 2615 2618
f 2619 2618 2620
f 2620 2618 2610
f 2620 2610 2305
f 2617 2226 2616
f 2613 2611 2617
f 2617 2611 2226
f 2302 2303 2619
f 2302 2619 2621
f 2621 2619 2620
f 2621 2620 2622
f 2622 2620 2305
f 2622 2305 2304
f 2232 2231 2623
f 2232 2623 2624
f 2624 2623 2625
f 2624 2625 2626
f 2626 2625 2627
f 2626 2627 2628
f 2628 2627 2300
f 2628 2300 2302
f 2629 2630 2232
f 2629 2232 2631
f 2624 2631 2232
f 2632 2622 2304
f 2302 2621 2628
f 2628 2621 2633
f 2628 2633 2626
f 2626 2633 2634
f 2626 2634 2624
f 2621 2622 2633
f 2633 2622 2632
f 2633 2632 2634
f 2634 2632 2635
f 2304 2636 2632
f 2632 2636 2637
f 2632 2637 2635
f 2635 2637 2638
f 2635 2638 2639
f 2624 2634 2631
f 2631 2634 2635
f 2631 2635 2629
f 2629 2635 2639
f 2629 2639 2630
f 2304 2306 2636
f 2636 2306 2640
f 2636 2640 2637
f 2637 2640 2638
f 2638 2640 2641
f 2638 2641 2639
f 2639 2641 2630
f 2630 2641 2233
f 2630 2233 2232
f 1651 2642 1652
f 1652 2642 2643
f 1405 1404 2644
f 2644 1404 2645
f 2644 2645 2646
f 2646 2645 2647
f 2646 2647 2642
f 2642 2647 2648
f 2642 2648 2643
f 2229 2649 1647
f 1647 2649 2650
f 1647 2650 1648
f 1648 2650 2651
f 1648 2651 1651
f 1651 2651 2652
f 1651 2652 2642
f 2649 2229 2233
f 2640 2646 2642
f 2640 2642 2641
f 2642 2652 2641
f 2641 2652 2651
f 2641 2651 2233
f 2233 2651 2650
f 2233 2650 2649
f 2306 1405 2640
f 2640 1405 2644
f 2640 2644 2646
f 2653 837 838
f 838 2654 2653
f 2653 2654 2655
f 2653 2655 2656
f 2653 2657 837
f 837 2657 2658
f 837 2658 835
f 835 2658 2659
f 835 2659 833
f 833 2659 2660
f 833 2660 2271
f 1418 1417 2661
f 2661 1417 2662
f 2661 2662 2663
f 2663 2662 2656
f 2663 2656 2664
f 2664 2656 2655
f 1417 2315 2665
f 2271 2660 2272
f 2272 2660 2659
f 2272 2659 2666
f 2666 2659 2658
f 2666 2658 2667
f 2667 2658 2657
f 2667 2657 2668
f 2668 2657 2653
f 2668 2653 2669
f 2669 2653 2656
f 2669 2656 2665
f 2665 2656 2662
f 2665 2662 1417
f 2270 2272 2666
f 2270 2666 2670
f 2670 2666 2667
f 2670 2667 2671
f 2671 2667 2668
f 2671 2668 2672
f 2315 2313 2665
f 2665 2313 2672
f 2665 2672 2669
f 2669 2672 2668
f 2269 2270 2673
f 2269 2673 2674
f 2673 2675 2674
f 2674 2675 2676
f 2674 2676 2677
f 2677 2676 2311
f 2677 2311 2309
f 2676 2675 2678
f 2679 2680 2678
f 2678 2680 2676
f 2676 2681 2682
f 2683 2684 2685
f 2686 2687 2683
f 2683 2687 2682
f 2683 2682 2684
f 2671 2688 2670
f 2670 2688 2673
f 2670 2673 2270
f 2682 2681 2684
f 2684 2681 2689
f 2684 2689 2685
f 2685 2689 2690
f 2685 2690 2313
f 2687 2676 2682
f 2686 2311 2687
f 2687 2311 2676
f 2675 2673 2678
f 2678 2673 2688
f 2678 2688 2679
f 2679 2688 2671
f 2679 2671 2691
f 2691 2671 2672
f 2672 2313 2691
f 2691 2313 2690
f 2691 2690 2679
f 2679 2690 2689
f 2679 2689 2680
f 2680 2689 2681
f 2680 2681 2676
f 2310 2311 2692
f 2692 2311 2686
f 2692 2686 2693
f 2693 2686 2683
f 2693 2683 2694
f 2694 2683 2695
f 2695 2683 2685
f 2695 2685 2696
f 2696 2685 2697
f 2697 2685 2313
f 2697 2313 2312
f 2276 2275 2698
f 2276 2698 2699
f 2699 2698 2700
f 2699 2700 2701
f 2701 2700 2702
f 2701 2702 2703
f 2703 2702 2308
f 2703 2308 2310
f 2276 2699 2704
f 2312 2705 2706
f 2706 2705 2707
f 2706 2707 2708
f 2708 2707 2709
f 2708 2709 2704
f 2704 2709 2710
f 2704 2710 2276
f 2696 2697 2711
f 2711 2697 2312
f 2696 2711 2695
f 2695 2711 2712
f 2695 2712 2694
f 2694 2713 2693
f 2693 2713 2714
f 2693 2714 2692
f 2692 2714 2703
f 2692 2703 2310
f 2694 2712 2713
f 2713 2712 2715
f 2713 2715 2714
f 2714 2715 2701
f 2714 2701 2703
f 2312 2706 2711
f 2711 2706 2708
f 2711 2708 2712
f 2712 2708 2704
f 2712 2704 2715
f 2715 2704 2699
f 2715 2699 2701
f 2314 2716 2312
f 2312 2716 2705
f 2705 2716 2707
f 2707 2716 2717
f 2707 2717 2709
f 2709 2717 2710
f 2710 2717 2277
f 2710 2277 2276
f 2718 2719 2720
f 2719 1638 2720
f 2720 1638 1637
f 2720 1637 2721
f 2720 2722 2718
f 2718 2722 2723
f 2718 2723 2724
f 2724 2723 2725
f 2724 2725 2726
f 2726 2725 1415
f 2726 1415 1414
f 2273 2727 1635
f 1635 2727 2728
f 1635 2728 1637
f 1637 2728 2729
f 1637 2729 2721
f 2727 2273 2277
f 2717 2721 2729
f 2717 2729 2277
f 2277 2729 2728
f 2277 2728 2727
f 2716 2723 2722
f 2716 2722 2717
f 2717 2722 2720
f 2717 2720 2721
f 2314 1415 2716
f 2716 1415 2725
f 2716 2725 2723
f 2244 2243 2730
f 894 2731 2732
f 2732 2731 2733
f 894 2732 895
f 895 2732 1162
f 895 1162 891
f 2731 2734 2733
f 2733 2734 2735
f 2733 2735 2730
f 2730 2735 2736
f 2730 2736 2244
f 2243 2281 2730
f 2730 2281 2737
f 2730 2737 2733
f 2733 2737 2738
f 1160 1162 2738
f 2738 1162 2732
f 2738 2732 2733
f 1158 1160 2739
f 2739 1160 2738
f 2739 2738 2740
f 2740 2738 2737
f 2740 2737 2741
f 2741 2737 2281
f 2741 2281 2279
f 2742 1215 1238
f 2742 1238 2743
f 2744 2743 1238
f 2745 2744 1238
f 2746 2747 2279
f 2279 2747 2748
f 2279 2748 2741
f 2749 2739 2740
f 2749 2740 2750
f 2751 2752 2746
f 2746 2752 2753
f 2746 2753 2747
f 2747 2753 2750
f 2747 2750 2748
f 2748 2750 2740
f 2748 2740 2741
f 1238 1237 2754
f 2754 1237 1235
f 2745 1238 2754
f 1158 2739 1235
f 1235 2739 2749
f 1235 2749 2754
f 2754 2749 2750
f 2754 2750 2745
f 2745 2750 2753
f 2745 2753 2744
f 2744 2753 2752
f 2744 2752 2743
f 2743 2752 2751
f 2743 2751 2742
f 2742 2751 2755
f 2742 2755 1215
f 2756 2757 1598
f 2757 2756 2758
f 2758 2756 2759
f 2758 2759 2760
f 2760 2759 2761
f 2760 2761 2762
f 2762 2761 2245
f 2762 2245 2247
f 1598 1597 2756
f 2756 1597 1178
f 2756 1178 1170
f 2763 2746 2764
f 2764 2746 2279
f 2764 2279 2278
f 2763 2765 2746
f 2746 2765 2766
f 2746 2766 2751
f 2751 2766 2767
f 2751 2767 2755
f 2755 2767 2768
f 2755 2768 1215
f 1215 2768 1217
f 1170 1172 2756
f 2756 1172 2769
f 2280 2245 2770
f 2770 2245 2761
f 2770 2761 2769
f 2769 2761 2759
f 2769 2759 2756
f 2766 2771 2767
f 2278 2772 2773
f 2772 2278 2774
f 2775 2776 2777
f 2777 2776 1174
f 2765 2763 2773
f 2773 2763 2764
f 2773 2764 2278
f 2771 2766 2778
f 2774 2779 2772
f 2772 2779 2780
f 2772 2780 2773
f 2773 2780 2778
f 2773 2778 2765
f 2765 2778 2766
f 1174 1240 2777
f 2777 1240 1242
f 2777 1242 2781
f 2779 2775 2780
f 2780 2775 2777
f 2780 2777 2778
f 2778 2777 2781
f 2778 2781 2771
f 2771 2781 2782
f 2771 2782 2767
f 2767 2782 2768
f 1217 2768 1246
f 1246 2768 2782
f 1246 2782 1245
f 1245 2782 2781
f 1245 2781 1243
f 1243 2781 1242
f 1174 2776 1172
f 1172 2776 2769
f 2776 2775 2769
f 2769 2775 2779
f 2769 2779 2770
f 2779 2774 2770
f 2770 2774 2278
f 2770 2278 2280
f 2783 2784 2785
f 2783 2785 2786
f 2784 2783 914
f 914 2783 2787
f 914 2787 915
f 915 2787 2788
f 915 2788 916
f 916 2788 2236
f 916 2236 910
f 2785 2789 2786
f 2786 2789 2790
f 2786 2790 2791
f 2791 2790 1413
f 2791 1413 1412
f 2237 2236 2792
f 2792 2236 2793
f 2793 2236 2794
f 2794 2236 2788
f 2794 2788 2795
f 2795 2788 2787
f 2795 2787 2796
f 2787 2783 2796
f 2796 2783 2786
f 2796 2786 2797
f 2786 2791 2797
f 2797 2791 1412
f 2797 1412 2296
f 2296 2298 2798
f 2296 2798 2797
f 2797 2798 2799
f 2797 2799 2796
f 2796 2799 2795
f 2795 2799 2800
f 2795 2800 2794
f 2800 2801 2794
f 2794 2801 2802
f 2794 2802 2793
f 2793 2802 2235
f 2793 2235 2792
f 2792 2235 2237
f 2235 2803 2234
f 2234 2803 2804
f 2803 2805 2804
f 2804 2805 2806
f 2804 2806 2807
f 2295 2293 2808
f 2808 2293 2807
f 2808 2807 2809
f 2809 2807 2806
f 2810 2811 2812
f 2813 2814 2295
f 2815 2816 2817
f 2817 2816 2818
f 2801 2800 2811
f 2811 2800 2799
f 2811 2799 2812
f 2812 2799 2798
f 2812 2798 2298
f 2235 2802 2803
f 2803 2802 2819
f 2803 2819 2805
f 2805 2819 2820
f 2298 2818 2812
f 2812 2818 2816
f 2812 2816 2810
f 2810 2816 2815
f 2810 2815 2821
f 2821 2815 2822
f 2821 2822 2823
f 2295 2808 2813
f 2813 2808 2809
f 2813 2809 2820
f 2820 2809 2806
f 2820 2806 2805
f 2802 2801 2819
f 2819 2801 2811
f 2819 2811 2820
f 2820 2811 2810
f 2820 2810 2813
f 2813 2810 2821
f 2813 2821 2814
f 2814 2821 2823
f 2294 2295 2824
f 2824 2295 2814
f 2824 2814 2825
f 2815 2826 2822
f 2822 2826 2825
f 2822 2825 2823
f 2823 2825 2814
f 2298 2299 2818
f 2818 2299 2826
f 2818 2826 2817
f 2817 2826 2815
f 2241 2240 2827
f 2827 2240 2828
f 2827 2828 2829
f 2829 2828 2830
f 2830 2828 2831
f 2830 2831 2832
f 2832 2831 2833
f 2833 2831 2834
f 2833 2834 2835
f 2835 2834 2292
f 2835 2292 2294
f 2826 2836 2825
f 2837 2838 2839
f 2837 2840 2841
f 2841 2840 2241
f 2299 2842 2826
f 2826 2842 2843
f 2826 2843 2836
f 2836 2843 2844
f 2836 2844 2825
f 2825 2844 2824
f 2838 2837 2845
f 2845 2837 2841
f 2845 2841 2846
f 2846 2841 2847
f 2846 2847 2833
f 2832 2833 2847
f 2833 2835 2848
f 2848 2835 2294
f 2848 2294 2824
f 2824 2844 2848
f 2848 2844 2833
f 2843 2849 2844
f 2844 2849 2833
f 2241 2827 2841
f 2841 2827 2829
f 2841 2829 2847
f 2847 2829 2830
f 2847 2830 2832
f 2299 2839 2842
f 2842 2839 2838
f 2842 2838 2843
f 2843 2838 2845
f 2843 2845 2849
f 2849 2845 2846
f 2849 2846 2833
f 2850 2242 2241
f 2850 2241 2851
f 2851 2241 2840
f 2851 2840 2852
f 2852 2840 2837
f 2852 2837 2853
f 2853 2837 2854
f 2854 2837 2839
f 2854 2839 2855
f 2855 2839 2856
f 2856 2839 2299
f 2856 2299 2297
f 2857 2858 1586
f 2859 1410 1409
f 1409 2860 2859
f 2859 2860 2861
f 2859 2861 2857
f 2857 2861 2862
f 2857 2862 2858
f 1583 2238 1584
f 1584 2238 2857
f 1584 2857 1585
f 1585 2857 1586
f 2297 1410 2856
f 2856 1410 2859
f 2856 2859 2855
f 2857 2853 2859
f 2859 2853 2854
f 2859 2854 2855
f 2242 2850 2238
f 2238 2850 2851
f 2238 2851 2857
f 2857 2851 2852
f 2857 2852 2853
f 2863 2864 1625
f 2865 2266 2268
f 2268 2866 2865
f 2865 2866 2867
f 2865 2867 2863
f 2863 2867 2868
f 2863 2868 2864
f 1196 1198 1621
f 1621 1198 2863
f 1621 2863 1624
f 1624 2863 1625
f 1198 1201 2863
f 2863 1201 2869
f 2863 2869 2865
f 2865 2869 2870
f 2865 2870 2266
f 2266 2870 2283
f 2285 2283 2870
f 2285 2870 2871
f 2871 2870 2869
f 2871 2869 2872
f 2872 2869 2873
f 2873 2869 1201
f 2873 1201 1203
f 1249 2874 2875
f 2876 2874 1249
f 2877 2876 1249
f 1203 1254 2878
f 2879 2880 2881
f 2881 2880 2872
f 2881 2872 2878
f 2878 2872 2873
f 2878 2873 1203
f 2882 2285 2883
f 2883 2285 2871
f 1255 1252 2884
f 2884 1252 1251
f 2884 1251 1249
f 1247 2877 1249
f 2878 2875 2881
f 2881 2875 2874
f 2881 2874 2879
f 2879 2874 2876
f 2879 2876 2885
f 1254 1255 2878
f 2878 1255 2884
f 2878 2884 2875
f 2875 2884 1249
f 1247 1219 2877
f 2877 1219 2886
f 2877 2886 2876
f 2876 2886 2887
f 2876 2887 2885
f 2885 2887 2882
f 2885 2882 2879
f 2879 2882 2883
f 2879 2883 2880
f 2880 2883 2871
f 2880 2871 2872
f 2888 857 858
f 2889 2890 2891
f 2891 2890 2888
f 2891 2888 2892
f 2892 2888 858
f 857 2888 855
f 855 2888 1188
f 855 1188 853
f 2265 2264 2893
f 2893 2264 2890
f 2893 2890 2894
f 2894 2890 2889
f 2284 2285 2895
f 2895 2285 2882
f 2895 2882 2896
f 2896 2882 2897
f 2897 2882 2887
f 2897 2887 2898
f 1219 1218 2886
f 2886 1218 2899
f 2886 2899 2887
f 2887 2899 2900
f 2887 2900 2898
f 2264 2282 2890
f 2890 2282 2901
f 2890 2901 2888
f 2888 2901 2902
f 2888 2902 1188
f 1188 2902 1186
f 2897 2898 2903
f 2903 2898 2900
f 2284 2895 2904
f 2284 2905 2906
f 2906 2905 2907
f 2906 2907 2908
f 2908 2907 2909
f 2909 2907 2910
f 2909 2910 2911
f 2911 2910 1262
f 2911 1262 1183
f 2912 2899 1218
f 2903 2913 2897
f 2897 2913 2904
f 2897 2904 2896
f 2896 2904 2895
f 2900 2899 2903
f 2903 2899 2912
f 2903 2912 2913
f 2913 2912 2914
f 1218 1256 2912
f 2912 1256 1258
f 2912 1258 2914
f 2914 1258 1259
f 2914 1259 1261
f 2284 2904 2905
f 2905 2904 2913
f 2905 2913 2907
f 2907 2913 2914
f 2907 2914 2910
f 2910 2914 1261
f 2910 1261 1262
f 1183 1186 2911
f 2911 1186 2902
f 2911 2902 2909
f 2909 2902 2908
f 2908 2902 2901
f 2908 2901 2906
f 2906 2901 2282
f 2906 2282 2284
f 2915 2916 2917
f 2917 2916 2918
f 2917 2918 2919
f 2263 1264 2920
f 2920 1264 2918
f 1263 873 875
f 1263 875 1264
f 1264 875 877
f 1264 877 2918
f 2918 877 878
f 2918 878 2919
f 2921 2249 2248
f 2917 2922 2915
f 2915 2922 2921
f 2915 2921 2923
f 2923 2921 2248
f 1607 1268 1608
f 1608 1268 1266
f 1608 1266 1611
f 1612 1611 2924
f 2924 1611 1266
f 2924 1266 2925
f 2925 1266 2253
f 2926 2250 2252
f 2252 2927 2926
f 2926 2927 2928
f 2926 2928 2929
f 2929 2928 2930
f 2929 2930 2924
f 2924 2930 2931
f 2924 2931 1612
f 2929 2924 1265
f 1265 2924 2925
f 1265 2925 2253
f 2263 2920 1265
f 1265 2920 2918
f 1265 2918 2929
f 2918 2916 2929
f 2929 2916 2915
f 2929 2915 2926
f 2915 2923 2926
f 2926 2923 2248
f 2926 2248 2250
f 2217 1534 1532
f 1532 1530 2274
f 2274 1530 1528
f 1274 1526 2214
f 2309 2308 2275
f 2269 2674 2677
f 2409 2407 2214
f 2214 2407 1276
f 2214 1276 1274
f 2677 2309 2269
f 2269 2309 2275
f 2269 2275 1274
f 1274 2275 2274
f 1274 2274 1526
f 1526 2274 1528
f 2308 2702 2275
f 2275 2702 2700
f 2275 2700 2698
f 2411 2217 2413
f 2413 2217 1532
f 2413 1532 2287
f 2287 1532 2274
f 2240 2239 2292
f 2292 2239 2293
f 2215 1514 1512
f 1512 1510 2239
f 2239 1510 1508
f 1284 1506 2224
f 2462 2460 2224
f 2224 2460 1286
f 2224 1286 1284
f 2804 2807 2234
f 2234 2807 2293
f 2234 2293 1284
f 1284 2293 2239
f 1284 2239 1506
f 1506 2239 1508
f 2834 2831 2292
f 2292 2831 2828
f 2292 2828 2240
f 2316 2215 2318
f 2318 2215 1512
f 2318 1512 2289
f 2289 1512 2239
f 2221 1524 1522
f 1279 1516 2220
f 2291 1522 2230
f 2230 1522 1520
f 2230 1520 1518
f 2225 2612 2614
f 2291 2504 1522
f 1522 2504 2502
f 1522 2502 2221
f 2457 2455 2220
f 2220 2455 1281
f 2220 1281 1279
f 2614 2301 2225
f 2225 2301 2231
f 2225 2231 1279
f 1279 2231 2230
f 1279 2230 1516
f 1516 2230 1518
f 2625 2623 2627
f 2627 2623 2231
f 2627 2231 2300
f 2300 2231 2301
f 803 2932 822
f 822 2932 2933
f 822 2933 762
f 762 2933 2934
f 762 2934 774
f 830 2935 725
f 725 2935 2936
f 725 2936 736
f 2936 2937 736
f 736 2937 2938
f 736 2938 712
f 712 2938 2939
f 712 2939 708
f 708 2939 2940
f 708 2940 828
f 828 2940 2941
f 828 2941 826
f 2934 2942 774
f 774 2942 2943
f 774 2943 752
f 752 2943 2944
f 752 2944 747
f 747 2944 2945
f 747 2945 820
f 820 2945 2946
f 820 2946 818
f 2941 994 826
f 826 994 2947
f 826 2947 824
f 824 2947 2948
f 824 2948 792
f 792 2948 2949
f 792 2949 809
f 809 2949 2950
f 809 2950 805
f 805 2950 2951
f 805 2951 803
f 803 2951 2952
f 803 2952 2932
f 2946 1271 818
f 818 1271 2953
f 818 2953 816
f 816 2953 2954
f 816 2954 682
f 682 2954 2955
f 682 2955 697
f 697 2955 2956
f 697 2956 694
f 694 2956 2957
f 694 2957 674
f 674 2957 2958
f 674 2958 830
f 830 2958 2959
f 830 2959 2935
f 962 963 2955
f 987 989 2940
f 2940 989 996
f 2940 996 2941
f 2941 996 995
f 2941 995 994
f 987 2940 985
f 985 2940 2939
f 985 2939 990
f 990 2939 991
f 991 2939 2938
f 991 2938 992
f 2937 973 2938
f 2938 973 972
f 2938 972 992
f 2936 969 2937
f 2937 969 974
f 2937 974 973
f 2935 971 2936
f 2936 971 970
f 2936 970 969
f 2959 967 2935
f 2935 967 966
f 2935 966 971
f 2958 976 2959
f 2959 976 975
f 2959 975 967
f 2957 979 2958
f 2958 979 978
f 2958 978 976
f 984 983 2956
f 2956 983 982
f 2956 982 2957
f 2957 982 980
f 2957 980 979
f 2955 963 2956
f 2956 963 965
f 2956 965 984
f 962 2955 960
f 960 2955 2954
f 960 2954 2577
f 1269 2954 2953
f 2577 2954 2576
f 2576 2954 1269
f 2576 1269 2259
f 1271 1272 2953
f 2953 1272 1267
f 2953 1267 1269
f 1003 1001 2949
f 2568 2946 1027
f 1027 2946 2945
f 2944 1030 2945
f 2945 1030 1028
f 2945 1028 1027
f 2943 1013 2944
f 2944 1013 1031
f 2944 1031 1030
f 2942 1009 2943
f 2943 1009 1015
f 2943 1015 1013
f 2934 1011 2942
f 2942 1011 1010
f 2942 1010 1009
f 2933 1005 2934
f 2934 1005 1008
f 2934 1008 1011
f 2932 1017 2933
f 2933 1017 1006
f 2933 1006 1005
f 2952 1020 2932
f 2932 1020 1018
f 2932 1018 1017
f 2951 1022 2952
f 2952 1022 1021
f 2952 1021 1020
f 1026 1025 2950
f 2950 1025 1024
f 2950 1024 2951
f 2951 1024 1023
f 2951 1023 1022
f 2949 1001 2950
f 2950 1001 1000
f 2950 1000 1026
f 1003 2949 1004
f 1004 2949 2948
f 1004 2948 999
f 999 2948 997
f 997 2948 2947
f 997 2947 994
f 2568 2254 2946
f 2946 2254 1270
f 2946 1270 1271
f 664 779 821
f 829 730 668
f 668 730 718
f 821 766 664
f 664 766 756
f 664 756 787
f 787 756 754
f 787 754 796
f 796 754 744
f 796 744 823
f 823 744 819
f 823 819 825
f 825 819 817
f 825 817 827
f 827 817 815
f 827 815 705
f 705 815 687
f 705 687 716
f 716 687 677
f 716 677 718
f 718 677 667
f 718 667 668
f 2960 1072 1071
f 1244 1241 1181
f 2961 2962 1071
f 1071 2962 2963
f 1071 2963 2960
f 1236 1239 1152
f 1152 1239 1214
f 1152 1214 1153
f 1153 1214 1216
f 1153 1216 1244
f 1184 1260 1257
f 1068 2964 1076
f 1076 2964 2965
f 1244 1181 1153
f 1153 1181 1050
f 1153 1050 1082
f 1257 1220 1184
f 1184 1220 1207
f 1184 1207 1033
f 1033 1207 1212
f 1250 1253 1248
f 1248 1253 1207
f 1248 1207 1221
f 1221 1207 1220
f 1082 1085 1153
f 1153 1085 1073
f 1153 1073 2966
f 2966 1073 1076
f 2966 1076 2967
f 2967 1076 2965
f 2967 2965 2968
f 1109 1033 1117
f 1117 1033 1212
f 1117 1212 1071
f 1071 1212 2969
f 1071 2969 2961
f 1050 1046 1082
f 1082 1046 1043
f 1082 1043 1090
f 1090 1043 1019
f 1090 1019 1095
f 1095 1019 1002
f 1095 1002 1092
f 1092 1002 998
f 1092 998 1102
f 998 993 1102
f 1102 993 988
f 1102 988 1099
f 1099 988 986
f 1099 986 1107
f 1107 986 968
f 1107 968 1112
f 1112 968 1038
f 1112 1038 1109
f 1109 1038 1035
f 1109 1035 1033
f 1060 1059 1072
f 1072 2960 1060
f 1060 2960 2970
f 1060 2970 1065
f 1065 2970 1064
f 1064 2970 1063
f 1063 2970 2971
f 1063 2971 1061
f 1061 2971 2972
f 1061 2972 1062
f 1062 2972 1134
f 1062 1134 1070
f 2960 2963 2970
f 2970 2963 2973
f 2970 2973 2971
f 2971 2973 2974
f 1230 1134 2974
f 2974 1134 2972
f 2974 2972 2971
f 2963 2962 2973
f 2973 2962 2975
f 2973 2975 2974
f 2974 2975 2976
f 2974 2976 1230
f 1230 2976 1233
f 2962 2961 2975
f 2975 2961 2977
f 2975 2977 2976
f 2976 2977 2978
f 2976 2978 1233
f 1233 2978 958
f 954 956 1205
f 1205 956 2979
f 1210 1209 2980
f 2980 1209 1208
f 2980 1208 2979
f 2979 1208 1206
f 2979 1206 1205
f 1210 2980 1211
f 1211 2980 2969
f 1211 2969 1212
f 2961 2969 2977
f 2977 2969 2980
f 2977 2980 2978
f 2978 2980 2979
f 2978 2979 958
f 958 2979 956
f 1080 1142 2981
f 1081 1080 1125
f 1125 1080 2981
f 1125 2981 1126
f 1126 2981 1124
f 1068 1067 1122
f 1124 2981 1123
f 1123 2981 2982
f 1123 2982 1122
f 1122 2982 2964
f 1122 2964 1068
f 2967 2968 2983
f 2983 2968 2984
f 2983 2984 2985
f 2985 2984 2986
f 2985 2986 1057
f 1057 2986 1223
f 2968 2965 2984
f 2984 2965 2987
f 2984 2987 2986
f 2986 2987 2988
f 2986 2988 1223
f 1223 2988 1226
f 2965 2964 2987
f 2987 2964 2982
f 2987 2982 2988
f 2988 2982 2981
f 2988 2981 1226
f 1226 2981 1142
f 1153 2966 1154
f 1154 2966 2989
f 1165 1157 2990
f 2990 1157 1156
f 2990 1156 2989
f 2989 1156 1155
f 2989 1155 1154
f 1165 2990 1166
f 1166 2990 1055
f 1166 1055 1053
f 2966 2967 2989
f 2989 2967 2983
f 2989 2983 2990
f 2990 2983 2985
f 2990 2985 1055
f 1055 2985 1057
f 628 630 2991
f 2991 630 632
f 2991 632 2992
f 2992 632 634
f 2992 634 2993
f 2993 634 636
f 2993 636 2994
f 2994 636 638
f 2994 638 2995
f 2995 638 640
f 2995 640 2996
f 2996 640 642
f 2996 642 2997
f 2997 642 644
f 2997 644 2998
f 2998 644 646
f 2998 646 2999
f 2999 646 648
f 2999 648 3000
f 3000 648 650
f 3000 650 3001
f 3001 650 652
f 3001 652 3002
f 3002 652 654
f 3002 654 3003
f 3003 654 656
f 3003 656 3004
f 3004 656 658
f 3004 658 3005
f 3005 658 660
f 3005 660 3006
f 3006 660 602
f 3006 602 3007
f 3007 602 604
f 3007 604 3008
f 3008 604 606
f 3008 606 3009
f 3009 606 608
f 3009 608 3010
f 3010 608 610
f 3010 610 3011
f 3011 610 612
f 3011 612 3012
f 3012 612 614
f 3012 614 3013
f 3013 614 616
f 3013 616 3014
f 3014 616 618
f 3014 618 3015
f 3015 618 620
f 3015 620 3016
f 3016 620 622
f 3016 622 3017
f 3017 622 624
f 3017 624 3018
f 3018 624 626
f 3018 626 3019
f 3019 626 628
f 3019 628 2991
f 3020 3021 3022
f 3023 1902 1943
f 1943 1945 3022
f 3022 3021 1943
f 1943 3021 3024
f 1943 3024 3023
f 3025 2143 1613
f 1613 3026 3025
f 3025 3026 3027
f 3025 3027 3022
f 3022 3027 3028
f 3022 3028 3020
f 3024 3021 3029
f 3029 3021 3020
f 3020 3028 3030
f 3030 3028 3027
f 3030 3027 3026
f 3024 1907 3023
f 3023 1907 1902
f 3024 3029 1907
f 1907 3029 3031
f 1907 3031 1908
f 1908 3031 3032
f 1908 3032 1909
f 1909 3032 3033
f 1909 3033 1906
f 1906 3033 3034
f 1906 3034 1905
f 1905 3034 3035
f 1905 3035 1913
f 1913 3035 3036
f 1913 3036 1914
f 1914 3036 3037
f 1914 3037 1915
f 1915 3037 3038
f 1915 3038 1911
f 1911 3038 3039
f 1911 3039 1912
f 1912 3039 3040
f 1912 3040 1910
f 3020 3030 3029
f 3029 3030 3041
f 3029 3041 3031
f 3031 3041 3042
f 3031 3042 3032
f 3032 3042 3043
f 3032 3043 3033
f 3033 3043 3044
f 3033 3044 3034
f 3034 3044 3045
f 3034 3045 3035
f 3035 3045 3046
f 3035 3046 3036
f 3036 3046 3047
f 3036 3047 3037
f 3037 3047 3048
f 3037 3048 3038
f 3038 3048 3049
f 3038 3049 3039
f 3039 3049 3050
f 3039 3050 3040
f 3026 1613 3030
f 3030 1613 1614
f 3030 1614 3041
f 3041 1614 1615
f 3041 1615 3042
f 3042 1615 1616
f 3042 1616 3043
f 3043 1616 1617
f 3043 1617 3044
f 3044 1617 1618
f 3044 1618 3045
f 3045 1618 1619
f 3045 1619 3046
f 3046 1619 1620
f 3046 1620 3047
f 3047 1620 1609
f 3047 1609 3048
f 3048 1609 1610
f 3048 1610 3049
f 3049 1610 1612
f 3049 1612 3050
f 1956 3051 3052
f 3051 3053 3054
f 3053 2141 2181
f 3053 2181 3054
f 3054 2181 2182
f 3054 2182 3055
f 3055 2182 2179
f 3055 2179 3056
f 2179 2178 3056
f 3056 2178 2176
f 3056 2176 3057
f 3057 2176 2175
f 2175 2173 3057
f 3057 2173 2143
f 3057 2143 3025
f 3051 3054 3052
f 3052 3054 3055
f 3052 3055 3058
f 3058 3055 3056
f 3058 3056 3059
f 3059 3056 3057
f 3059 3057 3060
f 3060 3057 3025
f 3060 3025 3022
f 1956 3052 1957
f 1957 3052 3058
f 1957 3058 1940
f 1940 3058 3059
f 1940 3059 1948
f 1948 3059 3060
f 1948 3060 1947
f 1947 3060 3022
f 1947 3022 1945
f 2252 3061 3062
f 3050 1612 2931
f 3040 3050 3063
f 1910 3040 3064
f 3050 2931 3063
f 3063 2931 2930
f 3063 2930 3065
f 3065 2930 2928
f 3065 2928 3062
f 3062 2928 2927
f 3062 2927 2252
f 3040 3063 3064
f 3064 3063 3065
f 3064 3065 3066
f 3066 3065 3062
f 3066 3062 3067
f 3067 3062 3061
f 3067 3061 3068
f 1910 3064 1920
f 1920 3064 3066
f 1920 3066 1921
f 1921 3066 3067
f 1921 3067 1922
f 1922 3067 3068
f 1922 3068 1923
f 867 2141 3069
f 3069 2141 3053
f 3069 3053 3070
f 3070 3053 3071
f 3071 3053 3051
f 3071 3051 3072
f 1954 3073 1956
f 1956 3073 3074
f 1956 3074 3051
f 3051 3074 3075
f 3051 3075 3072
f 2252 2251 3061
f 3061 2251 3076
f 3061 3076 3068
f 3068 3076 1924
f 3068 1924 1923
f 1925 1924 3077
f 3077 1924 3076
f 3077 3076 2249
f 2249 3076 2251
f 3069 3070 3078
f 3075 3074 1953
f 1953 3074 3073
f 1953 3073 1954
f 3070 3071 3079
f 3079 3071 3072
f 3079 3072 3075
f 3069 3078 867
f 3075 1953 3079
f 3079 1953 1952
f 3079 1952 3080
f 3080 1952 1950
f 3080 1950 3081
f 3081 1950 1949
f 3081 1949 3082
f 3082 1949 1980
f 3082 1980 3083
f 3083 1980 1979
f 3083 1979 3084
f 3084 1979 1978
f 3084 1978 3085
f 3085 1978 1971
f 3085 1971 3086
f 3086 1971 1977
f 3086 1977 3087
f 3087 1977 1976
f 3087 1976 3088
f 3070 3079 3078
f 3078 3079 3080
f 3078 3080 3089
f 3089 3080 3081
f 3089 3081 3090
f 3090 3081 3082
f 3090 3082 3091
f 3091 3082 3083
f 3091 3083 3092
f 3092 3083 3084
f 3092 3084 3093
f 3093 3084 3085
f 3093 3085 3094
f 3094 3085 3086
f 3094 3086 3095
f 3095 3086 3087
f 3095 3087 3096
f 3096 3087 3088
f 3096 3088 3097
f 867 3078 868
f 868 3078 3089
f 868 3089 869
f 869 3089 3090
f 869 3090 870
f 870 3090 3091
f 870 3091 861
f 861 3091 3092
f 861 3092 862
f 862 3092 3093
f 862 3093 863
f 863 3093 3094
f 863 3094 864
f 864 3094 3095
f 864 3095 854
f 854 3095 3096
f 854 3096 856
f 856 3096 3097
f 856 3097 858
f 1925 3077 3098
f 3077 2249 3099
f 3099 2249 2921
f 2922 3100 2921
f 2921 3100 3101
f 2921 3101 3099
f 2922 2917 3100
f 3100 2917 2919
f 3100 2919 3102
f 3102 2919 878
f 3102 878 3103
f 3077 3099 3098
f 3098 3099 3101
f 3098 3101 3104
f 3104 3101 3100
f 3104 3100 3105
f 3105 3100 3102
f 3105 3102 3106
f 3106 3102 3103
f 3106 3103 3107
f 1925 3098 1930
f 1930 3098 3104
f 1930 3104 1931
f 1931 3104 3105
f 1931 3105 1926
f 1926 3105 3106
f 1926 3106 1927
f 1927 3106 3107
f 1927 3107 1928
f 3108 3109 3110
f 1973 3108 3111
f 2894 3110 2893
f 2893 3110 3109
f 2893 3109 2265
f 2889 3112 2894
f 2894 3112 3113
f 2894 3113 3110
f 2889 2891 3112
f 3112 2891 2892
f 3112 2892 3114
f 3114 2892 858
f 3114 858 3097
f 3108 3110 3111
f 3111 3110 3113
f 3111 3113 3115
f 3115 3113 3112
f 3115 3112 3116
f 3116 3112 3114
f 3116 3114 3117
f 3117 3114 3097
f 3117 3097 3088
f 1973 3111 1983
f 1983 3111 3115
f 1983 3115 1984
f 1984 3115 3116
f 1984 3116 1974
f 1974 3116 3117
f 1974 3117 1975
f 1975 3117 3088
f 1975 3088 1976
f 3118 3119 3120
f 3121 3122 1941
f 1941 3122 3123
f 1941 3123 1942
f 3119 3124 3125
f 3125 3124 3126
f 3125 3126 3121
f 3118 3120 887
f 3121 1941 3125
f 3125 1941 1901
f 3125 1901 3127
f 3127 1901 1903
f 3127 1903 3128
f 3128 1903 1904
f 3128 1904 3129
f 3129 1904 1917
f 3129 1917 3130
f 3130 1917 1916
f 3130 1916 3131
f 3131 1916 1919
f 3131 1919 3132
f 3132 1919 1918
f 3132 1918 3133
f 3133 1918 1929
f 3133 1929 3134
f 3134 1929 1928
f 3134 1928 3107
f 3119 3125 3120
f 3120 3125 3127
f 3120 3127 3135
f 3135 3127 3128
f 3135 3128 3136
f 3136 3128 3129
f 3136 3129 3137
f 3137 3129 3130
f 3137 3130 3138
f 3138 3130 3131
f 3138 3131 3139
f 3139 3131 3132
f 3139 3132 3140
f 3140 3132 3133
f 3140 3133 3141
f 3141 3133 3134
f 3141 3134 3142
f 3142 3134 3107
f 3142 3107 3103
f 887 3120 888
f 888 3120 3135
f 888 3135 889
f 889 3135 3136
f 889 3136 890
f 890 3136 3137
f 890 3137 881
f 881 3137 3138
f 881 3138 882
f 882 3138 3139
f 882 3139 883
f 883 3139 3140
f 883 3140 884
f 884 3140 3141
f 884 3141 874
f 874 3141 3142
f 874 3142 876
f 876 3142 3103
f 876 3103 878
f 1972 1982 3143
f 3143 1982 3144
f 2265 3143 2267
f 2267 3143 3144
f 2267 3144 2268
f 1973 1972 3108
f 3108 1972 3143
f 3108 3143 3109
f 3109 3143 2265
f 887 2145 3118
f 3118 2145 3145
f 3121 3126 3146
f 3146 3126 3124
f 3146 3124 3145
f 3145 3124 3119
f 3145 3119 3118
f 1944 1942 3123
f 3146 1946 3121
f 3121 1946 1944
f 3121 1944 3122
f 3122 1944 3123
f 2268 3144 3147
f 3148 1625 2864
f 1968 3149 3150
f 1968 3150 1969
f 1969 3150 3151
f 1969 3151 1970
f 1970 3151 3152
f 1970 3152 1981
f 3148 2864 3153
f 3153 2864 2868
f 3153 2868 3154
f 3154 2868 2867
f 3154 2867 3147
f 3147 2867 2866
f 3147 2866 2268
f 1982 1981 3144
f 3144 1981 3152
f 3144 3152 3147
f 3147 3152 3151
f 3147 3151 3154
f 3154 3151 3150
f 3154 3150 3153
f 3153 3150 3149
f 3153 3149 3148
f 1946 3146 3155
f 3146 3145 3156
f 3145 2145 2171
f 3145 2171 3156
f 3156 2171 2172
f 3156 2172 3157
f 3157 2172 2169
f 3157 2169 3158
f 2169 2168 3158
f 3158 2168 2166
f 3158 2166 3159
f 3159 2166 2165
f 2165 2163 3159
f 3159 2163 2147
f 3159 2147 3160
f 3146 3156 3155
f 3155 3156 3157
f 3155 3157 3161
f 3161 3157 3158
f 3161 3158 3162
f 3162 3158 3159
f 3162 3159 3163
f 3163 3159 3160
f 3163 3160 3164
f 1946 3155 1938
f 1938 3155 3161
f 1938 3161 1936
f 1936 3161 3162
f 1936 3162 1934
f 1934 3162 3163
f 1934 3163 1932
f 1932 3163 3164
f 1932 3164 2094
f 3165 3166 3167
f 3167 3166 3168
f 3168 3169 3170
f 3170 3169 3171
f 3170 3171 3172
f 3165 1964 3173
f 3173 1964 1951
f 3165 3167 1964
f 1964 3167 3174
f 1964 3174 1965
f 1965 3174 3175
f 1965 3175 1966
f 1966 3175 3176
f 1966 3176 1962
f 1962 3176 3177
f 1962 3177 1963
f 1963 3177 3178
f 1963 3178 1961
f 1961 3178 3179
f 1961 3179 1960
f 1960 3179 3180
f 1960 3180 1958
f 1958 3180 3181
f 1958 3181 1959
f 1959 3181 3182
f 1959 3182 1967
f 1967 3182 3149
f 1967 3149 1968
f 3168 3170 3167
f 3167 3170 3183
f 3167 3183 3174
f 3174 3183 3184
f 3174 3184 3175
f 3175 3184 3185
f 3175 3185 3176
f 3176 3185 3186
f 3176 3186 3177
f 3177 3186 3187
f 3177 3187 3178
f 3178 3187 3188
f 3178 3188 3179
f 3179 3188 3189
f 3179 3189 3180
f 3180 3189 3190
f 3180 3190 3181
f 3181 3190 3191
f 3181 3191 3182
f 3182 3191 3148
f 3182 3148 3149
f 3172 1626 3170
f 3170 1626 1627
f 3170 1627 3183
f 3183 1627 1628
f 3183 1628 3184
f 3184 1628 1629
f 3184 1629 3185
f 3185 1629 1630
f 3185 1630 3186
f 3186 1630 1631
f 3186 1631 3187
f 3187 1631 1632
f 3187 1632 3188
f 3188 1632 1633
f 3188 1633 3189
f 3189 1633 1622
f 3189 1622 3190
f 3190 1622 1623
f 3190 1623 3191
f 3191 1623 1625
f 3191 1625 3148
f 3192 3193 3164
f 3194 2092 2094
f 3164 3193 2094
f 2094 3193 3195
f 2094 3195 3194
f 3160 2147 1599
f 1599 3196 3160
f 3160 3196 3197
f 3160 3197 3164
f 3164 3197 3198
f 3164 3198 3192
f 3168 3166 3199
f 3173 1951 1955
f 3199 3166 1955
f 1955 3166 3165
f 1955 3165 3173
f 3200 2139 1626
f 1626 3172 3200
f 3200 3172 3171
f 3200 3171 3199
f 3199 3171 3169
f 3199 3169 3168
f 3195 3193 3201
f 3201 3193 3192
f 3192 3198 3202
f 3202 3198 3197
f 3202 3197 3196
f 3195 2101 3194
f 3194 2101 2092
f 3195 3201 2101
f 2101 3201 3203
f 2101 3203 2102
f 2102 3203 3204
f 2102 3204 2103
f 2103 3204 3205
f 2103 3205 2100
f 2100 3205 3206
f 2100 3206 2112
f 2112 3206 3207
f 2112 3207 2113
f 2113 3207 3208
f 2113 3208 2114
f 2114 3208 3209
f 2114 3209 2104
f 2104 3209 3210
f 2104 3210 2105
f 2105 3210 3211
f 2105 3211 2106
f 2106 3211 3212
f 2106 3212 2107
f 3192 3202 3201
f 3201 3202 3213
f 3201 3213 3203
f 3203 3213 3214
f 3203 3214 3204
f 3204 3214 3215
f 3204 3215 3205
f 3205 3215 3216
f 3205 3216 3206
f 3206 3216 3217
f 3206 3217 3207
f 3207 3217 3218
f 3207 3218 3208
f 3208 3218 3219
f 3208 3219 3209
f 3209 3219 3220
f 3209 3220 3210
f 3210 3220 3221
f 3210 3221 3211
f 3211 3221 3222
f 3211 3222 3212
f 3196 1599 3202
f 3202 1599 1600
f 3202 1600 3213
f 3213 1600 1601
f 3213 1601 3214
f 3214 1601 1602
f 3214 1602 3215
f 3215 1602 1603
f 3215 1603 3216
f 3216 1603 1604
f 3216 1604 3217
f 3217 1604 1605
f 3217 1605 3218
f 3218 1605 1606
f 3218 1606 3219
f 3219 1606 1595
f 3219 1595 3220
f 3220 1595 1596
f 3220 1596 3221
f 3221 1596 1598
f 3221 1598 3222
f 2185 2183 3223
f 2192 2189 3224
f 2185 3223 2186
f 2191 2192 3225
f 3225 2192 3224
f 3225 3224 3226
f 3226 3224 3227
f 3226 3227 1999
f 2188 2186 3228
f 3228 2186 3223
f 3228 3223 3229
f 3229 3223 3230
f 2183 2139 3223
f 3223 2139 3200
f 3223 3200 3230
f 3230 3200 3199
f 2137 2191 3231
f 3231 2191 3225
f 3231 3225 3232
f 3232 3225 3226
f 3232 3226 2008
f 2008 3226 1999
f 1937 1935 3227
f 3227 1935 2001
f 3227 2001 1999
f 2189 2188 3224
f 3224 2188 3228
f 3224 3228 3227
f 3227 3228 3229
f 3227 3229 1937
f 1937 3229 3230
f 1937 3230 1939
f 1939 3230 3199
f 1939 3199 1955
f 3222 1598 2757
f 3212 3222 3233
f 2107 3212 3234
f 3222 2757 3233
f 3233 2757 2758
f 3233 2758 3235
f 2758 2760 3235
f 3235 2760 2762
f 3235 2762 3236
f 3236 2762 2247
f 3236 2247 3237
f 3212 3233 3234
f 3234 3233 3235
f 3234 3235 3238
f 3238 3235 3236
f 3238 3236 3239
f 3239 3236 3237
f 3239 3237 3240
f 2107 3234 2108
f 2108 3234 3238
f 2108 3238 2125
f 2125 3238 3239
f 2125 3239 2124
f 2124 3239 3240
f 2124 3240 2118
f 847 2137 3241
f 3241 2137 3231
f 3241 3231 3242
f 3242 3231 3243
f 3243 3231 3232
f 3243 3232 3244
f 2007 3245 2008
f 2008 3245 3246
f 2008 3246 3232
f 3232 3246 3247
f 3232 3247 3244
f 2247 2246 3237
f 3237 2246 3248
f 3237 3248 3240
f 3240 3248 2119
f 3240 2119 2118
f 2121 2119 3249
f 3249 2119 3248
f 3249 3248 2244
f 2244 3248 2246
f 3241 3242 3250
f 3247 3246 2006
f 2006 3246 3245
f 2006 3245 2007
f 3242 3243 3251
f 3251 3243 3244
f 3251 3244 3247
f 3241 3250 847
f 3247 2006 3251
f 3251 2006 2002
f 3251 2002 3252
f 3252 2002 2004
f 3252 2004 3253
f 3253 2004 2005
f 3253 2005 3254
f 3254 2005 2022
f 3254 2022 3255
f 3255 2022 2021
f 3255 2021 3256
f 3256 2021 2020
f 3256 2020 3257
f 3257 2020 2011
f 3257 2011 3258
f 3258 2011 2028
f 3258 2028 3259
f 3259 2028 2027
f 3259 2027 3260
f 3242 3251 3250
f 3250 3251 3252
f 3250 3252 3261
f 3261 3252 3253
f 3261 3253 3262
f 3262 3253 3254
f 3262 3254 3263
f 3263 3254 3255
f 3263 3255 3264
f 3264 3255 3256
f 3264 3256 3265
f 3265 3256 3257
f 3265 3257 3266
f 3266 3257 3258
f 3266 3258 3267
f 3267 3258 3259
f 3267 3259 3268
f 3268 3259 3260
f 3268 3260 3269
f 847 3250 848
f 848 3250 3261
f 848 3261 849
f 849 3261 3262
f 849 3262 850
f 850 3262 3263
f 850 3263 841
f 841 3263 3264
f 841 3264 842
f 842 3264 3265
f 842 3265 843
f 843 3265 3266
f 843 3266 844
f 844 3266 3267
f 844 3267 834
f 834 3267 3268
f 834 3268 836
f 836 3268 3269
f 836 3269 838
f 2121 3249 3270
f 3249 2244 3271
f 3271 2244 2736
f 3271 2736 3272
f 3272 2736 2735
f 2734 3273 2735
f 2735 3273 3274
f 2735 3274 3272
f 2734 2731 3273
f 3273 2731 894
f 3273 894 3275
f 3249 3271 3270
f 3270 3271 3272
f 3270 3272 3276
f 3276 3272 3274
f 3276 3274 3277
f 3277 3274 3273
f 3277 3273 3278
f 3278 3273 3275
f 3278 3275 3279
f 2121 3270 2123
f 2123 3270 3276
f 2123 3276 2122
f 2122 3276 3277
f 2122 3277 2120
f 2120 3277 3278
f 2120 3278 2126
f 2126 3278 3279
f 2126 3279 2127
f 3280 3281 3282
f 2024 3280 3283
f 2663 3282 2661
f 2661 3282 3281
f 2661 3281 1418
f 2664 3284 2663
f 2663 3284 3285
f 2663 3285 3282
f 2664 2655 3284
f 3284 2655 2654
f 3284 2654 3286
f 3286 2654 838
f 3286 838 3269
f 3280 3282 3283
f 3283 3282 3285
f 3283 3285 3287
f 3287 3285 3284
f 3287 3284 3288
f 3288 3284 3286
f 3288 3286 3289
f 3289 3286 3269
f 3289 3269 3260
f 2024 3283 2034
f 2034 3283 3287
f 2034 3287 2035
f 2035 3287 3288
f 2035 3288 2025
f 2025 3288 3289
f 2025 3289 2026
f 2026 3289 3260
f 2026 3260 2027
f 3290 3291 3292
f 2091 2097 3293
f 3293 2097 3294
f 3291 3295 3296
f 3296 3295 3297
f 3296 3297 3298
f 3290 3292 906
f 2110 3299 2111
f 2111 3299 3300
f 2111 3300 2098
f 2098 3300 3301
f 2098 3301 2099
f 2099 3301 3296
f 2099 3296 2097
f 2097 3296 3298
f 2097 3298 3294
f 2109 3302 2110
f 2110 3302 3303
f 2110 3303 3299
f 2109 2117 3302
f 3302 2117 2116
f 3302 2116 3304
f 3304 2116 2115
f 3304 2115 3305
f 3305 2115 2128
f 3305 2128 3306
f 3306 2128 2127
f 3306 2127 3279
f 3291 3296 3292
f 3292 3296 3301
f 3292 3301 3307
f 3307 3301 3300
f 3307 3300 3308
f 3308 3300 3299
f 3308 3299 3309
f 3309 3299 3303
f 3309 3303 3310
f 3310 3303 3302
f 3310 3302 3311
f 3311 3302 3304
f 3311 3304 3312
f 3312 3304 3305
f 3312 3305 3313
f 3313 3305 3306
f 3313 3306 3314
f 3314 3306 3279
f 3314 3279 3275
f 906 3292 907
f 907 3292 3307
f 907 3307 908
f 908 3307 3308
f 908 3308 909
f 909 3308 3309
f 909 3309 900
f 900 3309 3310
f 900 3310 901
f 901 3310 3311
f 901 3311 902
f 902 3311 3312
f 902 3312 903
f 903 3312 3313
f 903 3313 897
f 897 3313 3314
f 897 3314 896
f 896 3314 3275
f 896 3275 894
f 3315 3316 3317
f 3316 3315 3318
f 3318 3315 2023
f 3318 2023 2030
f 1418 3315 1416
f 1416 3315 3317
f 1416 3317 1414
f 2024 2023 3280
f 3280 2023 3315
f 3280 3315 3281
f 3281 3315 1418
f 906 2149 3290
f 3290 2149 3319
f 3290 3319 3291
f 3291 3319 3295
f 3295 3319 3320
f 3295 3320 3297
f 2091 3293 2093
f 2093 3293 3294
f 2093 3294 3320
f 3320 3294 3298
f 3320 3298 3297
f 2718 2724 3321
f 3322 2014 2013
f 3323 3324 2719
f 2719 3324 1638
f 2013 3325 3322
f 3322 3325 3326
f 3322 3326 3327
f 3327 3326 3328
f 3327 3328 3323
f 3323 3328 3329
f 3323 3329 3324
f 2015 2014 3330
f 3330 2014 3322
f 3330 3322 3331
f 3331 3322 3327
f 3331 3327 3321
f 3321 3327 3323
f 3321 3323 2718
f 2718 3323 2719
f 2029 2015 3332
f 3332 2015 3330
f 3332 3330 3333
f 3333 3330 3331
f 3333 3331 3334
f 3334 3331 3321
f 3334 3321 2726
f 2726 3321 2724
f 2030 2029 3318
f 3318 2029 3332
f 3318 3332 3316
f 3316 3332 3333
f 3316 3333 3317
f 3317 3333 3334
f 3317 3334 1414
f 1414 3334 2726
f 2162 2159 3335
f 3335 2159 3336
f 3335 3336 3337
f 2159 2158 3336
f 3336 2158 2156
f 3336 2156 3338
f 3338 2156 2155
f 2155 2153 3338
f 3338 2153 2151
f 3338 2151 3339
f 3337 3336 3340
f 3340 3336 3338
f 3340 3338 3341
f 3341 3338 3339
f 3341 3339 3342
f 2149 2161 3319
f 3319 2161 3343
f 3319 3343 3320
f 3320 3343 3344
f 3320 3344 2093
f 2093 3344 2095
f 2161 2162 3343
f 3343 2162 3335
f 3343 3335 3344
f 3344 3335 3337
f 3344 3337 2095
f 2095 3337 2096
f 2096 3337 1933
f 1933 3337 3340
f 1933 3340 1987
f 1987 3340 3341
f 1987 3341 1985
f 1985 3341 3342
f 1985 3342 2070
f 3345 3346 3347
f 3347 3346 3348
f 3347 3348 3349
f 3349 3350 3351
f 3351 3350 3352
f 3351 3352 3353
f 3345 2009 3354
f 3354 2009 2003
f 3355 3326 3325
f 3356 3329 3328
f 1636 1638 3324
f 3345 3347 2009
f 2009 3347 3357
f 2009 3357 2010
f 2010 3357 3358
f 2010 3358 2018
f 2018 3358 3359
f 2018 3359 2019
f 2019 3359 3360
f 2019 3360 2031
f 2031 3360 3361
f 2031 3361 2032
f 2032 3361 3362
f 2032 3362 2033
f 2033 3362 3363
f 2033 3363 2017
f 2017 3363 3364
f 2017 3364 2016
f 2016 3364 3355
f 2016 3355 2012
f 2012 3355 3325
f 2012 3325 2013
f 3349 3351 3347
f 3347 3351 3365
f 3347 3365 3357
f 3357 3365 3366
f 3357 3366 3358
f 3358 3366 3367
f 3358 3367 3359
f 3359 3367 3368
f 3359 3368 3360
f 3360 3368 3369
f 3360 3369 3361
f 3361 3369 3370
f 3361 3370 3362
f 3362 3370 3371
f 3362 3371 3363
f 3363 3371 3372
f 3363 3372 3364
f 3364 3372 3356
f 3364 3356 3355
f 3355 3356 3328
f 3355 3328 3326
f 3353 1639 3351
f 3351 1639 1640
f 3351 1640 3365
f 3365 1640 1641
f 3365 1641 3366
f 3366 1641 1642
f 3366 1642 3367
f 3367 1642 1643
f 3367 1643 3368
f 3368 1643 1644
f 3368 1644 3369
f 3369 1644 1645
f 3369 1645 3370
f 3370 1645 1646
f 3370 1646 3371
f 3371 1646 1634
f 3371 1634 3372
f 3372 1634 1636
f 3372 1636 3356
f 3356 1636 3324
f 3356 3324 3329
f 3373 2069 2070
f 3374 3375 3342
f 3342 3375 3376
f 3342 3376 2070
f 2070 3376 3377
f 2070 3377 3373
f 3339 2151 1587
f 1587 3378 3339
f 3339 3378 3379
f 3339 3379 3342
f 3342 3379 3380
f 3342 3380 3374
f 3346 3345 3381
f 3381 3345 1998
f 1998 3345 3354
f 1998 3354 2003
f 3353 3352 3382
f 3352 3350 3382
f 3382 3350 3349
f 3382 3349 3381
f 3381 3349 3348
f 3381 3348 3346
f 3382 3383 3353
f 3353 3383 2135
f 3353 2135 1639
f 1582 1581 3384
f 3379 3378 3385
f 3375 3374 3386
f 3386 3374 3380
f 3386 3380 3379
f 3373 3377 3387
f 3387 3377 3376
f 3387 3376 3375
f 2082 2081 3388
f 3388 2081 2080
f 3388 2080 3389
f 3389 2080 2071
f 3389 2071 3390
f 3390 2071 1900
f 3390 1900 3391
f 3391 1900 1899
f 3391 1899 3392
f 3392 1899 1898
f 3392 1898 3387
f 3387 1898 2069
f 3387 2069 3373
f 3393 3394 3395
f 3375 3386 3387
f 3387 3386 3396
f 3387 3396 3392
f 3392 3396 3397
f 3392 3397 3391
f 3391 3397 3398
f 3391 3398 3390
f 3390 3398 3399
f 3390 3399 3389
f 3389 3399 3393
f 3389 3393 3388
f 3388 3393 3395
f 3388 3395 2082
f 3379 3385 3386
f 3386 3385 3400
f 3386 3400 3396
f 3396 3400 3401
f 3396 3401 3397
f 3397 3401 3402
f 3397 3402 3398
f 3398 3402 3403
f 3398 3403 3399
f 3399 3403 3384
f 3399 3384 3393
f 3393 3384 3404
f 3393 3404 3394
f 1581 1586 3384
f 3384 1586 3405
f 3384 3405 3404
f 1582 3384 1594
f 1594 3384 3403
f 1594 3403 1593
f 1593 3403 3402
f 1593 3402 1592
f 1592 3402 3401
f 1592 3401 1589
f 1589 3401 3400
f 1589 3400 1590
f 3378 1587 3385
f 3385 1587 1588
f 3385 1588 3400
f 3400 1588 1591
f 3400 1591 1590
f 1992 3406 3407
f 3382 3381 3408
f 3406 3409 3410
f 3409 2133 2201
f 3409 2201 3410
f 3410 2201 2202
f 3410 2202 3411
f 2202 2199 3411
f 3411 2199 2198
f 3411 2198 3412
f 3412 2198 2196
f 3412 2196 3413
f 3413 2196 2195
f 2195 2193 3413
f 3413 2193 2135
f 3413 2135 3383
f 3406 3410 3407
f 3407 3410 3411
f 3407 3411 3414
f 3414 3411 3412
f 3414 3412 3415
f 3415 3412 3413
f 3415 3413 3408
f 3408 3413 3383
f 3408 3383 3382
f 1992 3407 1995
f 1995 3407 3414
f 1995 3414 1996
f 1996 3414 3415
f 1996 3415 2000
f 2000 3415 3408
f 2000 3408 1997
f 1997 3408 3381
f 1997 3381 1998
f 1409 3416 3417
f 3394 3404 3418
f 3405 1586 2858
f 3405 2858 3404
f 3394 3418 3395
f 2082 3395 3419
f 3404 2858 3418
f 3418 2858 2862
f 3418 2862 3420
f 3420 2862 2861
f 3420 2861 3417
f 3417 2861 2860
f 3417 2860 1409
f 3395 3418 3419
f 3419 3418 3420
f 3419 3420 3421
f 3421 3420 3417
f 3421 3417 3422
f 3422 3417 3416
f 3422 3416 3423
f 2082 3419 2083
f 2083 3419 3421
f 2083 3421 2084
f 2084 3421 3422
f 2084 3422 2090
f 2090 3422 3423
f 2090 3423 2089
f 952 2133 3424
f 3424 2133 3409
f 3406 3425 3426
f 3426 3427 3406
f 3406 3427 3428
f 3406 3428 3409
f 3409 3428 3429
f 3409 3429 3424
f 1991 2043 3430
f 3406 1992 3425
f 3425 1992 1991
f 3425 1991 3431
f 3431 1991 3430
f 1409 1411 3416
f 3416 1411 3432
f 3416 3432 3423
f 3423 3432 2088
f 3423 2088 2089
f 2087 2088 3433
f 3433 2088 3432
f 3433 3432 1413
f 1413 3432 1411
f 939 940 3434
f 3430 2043 2042
f 3430 2042 3431
f 3427 3426 3435
f 3435 3426 3425
f 3435 3425 3431
f 3424 3429 3436
f 3436 3429 3428
f 3436 3428 3427
f 3431 2042 3435
f 3435 2042 2041
f 3435 2041 3437
f 3437 2041 2040
f 3437 2040 3438
f 3438 2040 2039
f 3438 2039 3439
f 3439 2039 2038
f 3439 2038 3440
f 3427 3435 3436
f 3436 3435 3437
f 3436 3437 3441
f 3441 3437 3438
f 3441 3438 3442
f 3442 3438 3439
f 3442 3439 3443
f 3443 3439 3440
f 3443 3440 3444
f 3424 3436 3445
f 3445 3436 3441
f 3445 3441 3446
f 3446 3441 3442
f 3446 3442 3447
f 3447 3442 3443
f 3447 3443 3448
f 3448 3443 3444
f 3448 3444 3434
f 952 3424 953
f 953 3424 3445
f 953 3445 950
f 950 3445 3446
f 950 3446 948
f 948 3446 3447
f 948 3447 945
f 945 3447 3448
f 945 3448 943
f 3434 940 3448
f 3448 940 941
f 3448 941 943
f 935 939 3449
f 3449 939 3434
f 3449 3434 3450
f 3450 3434 3444
f 3450 3444 3451
f 3451 3444 3440
f 3451 3440 2037
f 2037 3440 2038
f 2037 2056 3451
f 3451 2056 3452
f 3451 3452 3450
f 3450 3452 3453
f 3450 3453 3449
f 3449 3453 3454
f 3449 3454 935
f 935 3454 936
f 3433 1413 3455
f 3455 1413 2790
f 3456 3457 3458
f 3458 3457 3459
f 2087 3433 3459
f 3459 3433 3455
f 3459 3455 3458
f 3458 3455 2790
f 3458 2790 3456
f 2790 2789 3456
f 3456 2789 2785
f 3456 2785 2784
f 3460 3461 3462
f 914 3463 2784
f 2784 3463 3460
f 2784 3460 3456
f 3456 3460 3462
f 3456 3462 3457
f 3463 3464 3460
f 3460 3464 3465
f 3460 3465 3461
f 3461 3465 3466
f 2087 3459 2085
f 2085 3459 3457
f 2085 3457 2086
f 2086 3457 3462
f 2086 3462 2072
f 2072 3462 3461
f 2072 3461 2076
f 2076 3461 3466
f 2076 3466 2077
f 3467 3468 3469
f 3470 3467 3471
f 2060 3470 3472
f 2605 3469 2603
f 2603 3469 3468
f 2603 3468 1408
f 2606 3473 2605
f 2605 3473 3474
f 2605 3474 3469
f 2606 2597 3473
f 3473 2597 2596
f 3473 2596 3475
f 3475 2596 936
f 3475 936 3454
f 3467 3469 3471
f 3471 3469 3474
f 3471 3474 3476
f 3476 3474 3473
f 3476 3473 3477
f 3477 3473 3475
f 3477 3475 3478
f 3478 3475 3454
f 3478 3454 3453
f 3470 3471 3472
f 3472 3471 3476
f 3472 3476 3479
f 3479 3476 3477
f 3479 3477 3480
f 3480 3477 3478
f 3480 3478 3481
f 3481 3478 3453
f 3481 3453 3452
f 2060 3472 2062
f 2062 3472 3479
f 2062 3479 2061
f 2061 3479 3480
f 2061 3480 2059
f 2059 3480 3481
f 2059 3481 2055
f 2055 3481 3452
f 2055 3452 2056
f 917 918 3482
f 3483 2068 2067
f 3483 2067 3484
f 3485 3486 3487
f 3487 3486 3488
f 3487 3488 3484
f 3489 3490 3491
f 3491 3490 3492
f 3491 3492 3485
f 3484 2067 3487
f 3487 2067 2075
f 3487 2075 3493
f 3493 2075 2074
f 3493 2074 3494
f 3494 2074 2073
f 3494 2073 3495
f 3495 2073 2079
f 3495 2079 3496
f 3485 3487 3491
f 3491 3487 3493
f 3491 3493 3497
f 3497 3493 3494
f 3497 3494 3498
f 3498 3494 3495
f 3498 3495 3499
f 3499 3495 3496
f 3499 3496 3500
f 3489 3491 3501
f 3501 3491 3497
f 3501 3497 3502
f 3502 3497 3498
f 3502 3498 3503
f 3503 3498 3499
f 3503 3499 3504
f 3504 3499 3500
f 3504 3500 3482
f 930 3489 931
f 931 3489 3501
f 931 3501 928
f 928 3501 3502
f 928 3502 926
f 926 3502 3503
f 926 3503 923
f 923 3503 3504
f 923 3504 921
f 3482 918 3504
f 3504 918 919
f 3504 919 921
f 913 917 3505
f 3505 917 3482
f 3505 3482 3506
f 3506 3482 3500
f 3506 3500 3507
f 3507 3500 3496
f 3507 3496 2078
f 2078 3496 2079
f 914 913 3463
f 3463 913 3505
f 3463 3505 3464
f 3464 3505 3506
f 3464 3506 3465
f 3465 3506 3507
f 3465 3507 3466
f 3466 3507 2078
f 3466 2078 2077
f 3508 2058 2057
f 3509 1404 1406
f 1408 3468 1406
f 1406 3468 3508
f 1406 3508 3509
f 3509 3508 2057
f 2060 2058 3470
f 3470 2058 3508
f 3470 3508 3467
f 3467 3508 3468
f 930 2129 3489
f 3489 2129 3510
f 3486 3485 3511
f 3511 3485 3492
f 3511 3492 3510
f 3510 3492 3490
f 3510 3490 3489
f 2068 3483 1986
f 1986 3483 3484
f 1986 3484 3511
f 3511 3484 3488
f 3511 3488 3486
f 1404 3509 3512
f 3513 1652 2643
f 2066 3514 3515
f 2066 3515 2065
f 2065 3515 3516
f 2065 3516 2064
f 2064 3516 3517
f 2064 3517 2063
f 3513 2643 3518
f 3518 2643 2648
f 3518 2648 3519
f 3519 2648 2647
f 3519 2647 3512
f 3512 2647 2645
f 3512 2645 1404
f 2057 2063 3509
f 3509 2063 3517
f 3509 3517 3512
f 3512 3517 3516
f 3512 3516 3519
f 3519 3516 3515
f 3519 3515 3518
f 3518 3515 3514
f 3518 3514 3513
f 1986 3511 3520
f 3511 3510 3521
f 3510 2129 2211
f 3510 2211 3521
f 3521 2211 2212
f 3521 2212 3522
f 3522 2212 2209
f 3522 2209 3523
f 2209 2208 3523
f 3523 2208 2206
f 3523 2206 3524
f 3524 2206 2205
f 2205 2203 3524
f 3524 2203 2131
f 3524 2131 3525
f 3511 3521 3520
f 3520 3521 3522
f 3520 3522 3526
f 3526 3522 3523
f 3526 3523 3527
f 3527 3523 3524
f 3527 3524 3528
f 3528 3524 3525
f 3528 3525 3529
f 1986 3520 1988
f 1988 3520 3526
f 1988 3526 1989
f 1989 3526 3527
f 1989 3527 1990
f 1990 3527 3528
f 1990 3528 1994
f 1994 3528 3529
f 1994 3529 1993
f 3530 3531 3532
f 3532 3531 3533
f 3533 3534 3535
f 3535 3534 3536
f 3535 3536 3537
f 3530 2051 3538
f 3538 2051 2036
f 3530 3532 2051
f 2051 3532 3539
f 2051 3539 2049
f 2049 3539 3540
f 2049 3540 2050
f 2050 3540 3541
f 2050 3541 2052
f 2052 3541 3542
f 2052 3542 2053
f 2053 3542 3543
f 2053 3543 2048
f 2048 3543 3544
f 2048 3544 2047
f 2047 3544 3545
f 2047 3545 2046
f 2046 3545 3546
f 2046 3546 2045
f 2045 3546 3547
f 2045 3547 2054
f 2054 3547 3514
f 2054 3514 2066
f 3533 3535 3532
f 3532 3535 3548
f 3532 3548 3539
f 3539 3548 3549
f 3539 3549 3540
f 3540 3549 3550
f 3540 3550 3541
f 3541 3550 3551
f 3541 3551 3542
f 3542 3551 3552
f 3542 3552 3543
f 3543 3552 3553
f 3543 3553 3544
f 3544 3553 3554
f 3544 3554 3545
f 3545 3554 3555
f 3545 3555 3546
f 3546 3555 3556
f 3546 3556 3547
f 3547 3556 3513
f 3547 3513 3514
f 3537 1653 3535
f 3535 1653 1654
f 3535 1654 3548
f 3548 1654 1655
f 3548 1655 3549
f 3549 1655 1656
f 3549 1656 3550
f 3550 1656 1657
f 3550 1657 3551
f 3551 1657 1658
f 3551 1658 3552
f 3552 1658 1659
f 3552 1659 3553
f 3553 1659 1660
f 3553 1660 3554
f 3554 1660 1649
f 3554 1649 3555
f 3555 1649 1650
f 3555 1650 3556
f 3556 1650 1652
f 3556 1652 3513
f 3533 3531 3529
f 3538 2036 2044
f 2044 1993 3529
f 3529 3531 2044
f 2044 3531 3530
f 2044 3530 3538
f 3525 2131 1653
f 1653 3537 3525
f 3525 3537 3536
f 3525 3536 3529
f 3529 3536 3534
f 3529 3534 3533
f 3557 3558 3559
f 3559 3558 3560
f 3560 3561 3559
f 3559 3561 3562
f 3559 3562 3563
f 3562 3564 3563
f 3563 3564 3565
f 3563 3565 3566
f 3565 3567 3566
f 3566 3567 3568
f 3566 3568 3569
f 3569 3568 3570
f 3569 3570 3571
f 3570 3572 3571
f 3571 3572 3573
f 3571 3573 3574
f 3573 3575 3574
f 3574 3575 3576
f 3574 3576 3577
f 3576 3578 3577
f 3577 3578 3579
f 3577 3579 3580
f 3579 3581 3580
f 3580 3581 3582
f 3580 3582 3583
f 3583 3582 3584
f 3584 3585 3583
f 3583 3585 3586
f 3583 3586 3587
f 3587 3586 3588
f 3587 3588 3589
f 3588 3590 3589
f 3589 3590 3591
f 3589 3591 3592
f 3592 3591 3593
f 3593 3594 3592
f 3592 3594 3595
f 3592 3595 3596
f 3596 3595 3597
f 3596 3597 3598
f 3598 3597 3599
f 3599 3600 3598
f 3598 3600 3601
f 3598 3601 3602
f 3602 3601 3603
f 3602 3603 3604
f 3603 3605 3604
f 3604 3605 3606
f 3604 3606 3607
f 3606 3608 3607
f 3607 3608 3609
f 3607 3609 3557
f 3557 3609 3610
f 3557 3610 3558
f 3604 3607 3611
f 3611 3607 3557
f 3611 3557 3559
f 3596 3598 3611
f 3611 3598 3602
f 3611 3602 3604
f 3587 3589 3611
f 3611 3589 3592
f 3611 3592 3596
f 3577 3580 3611
f 3611 3580 3583
f 3611 3583 3587
f 3569 3571 3611
f 3611 3571 3574
f 3611 3574 3577
f 3559 3563 3611
f 3611 3563 3566
f 3611 3566 3569
f 1822 3612 1821
f 1821 3612 3613
f 1821 3613 1820
f 1820 3613 3614
f 1820 3614 1823
f 1823 3614 3615
f 1823 3615 1824
f 1824 3615 3616
f 1824 3616 1825
f 1825 3616 3617
f 1825 3617 1815
f 1815 3617 3618
f 1815 3618 1816
f 1816 3618 3619
f 1816 3619 1817
f 1817 3619 3620
f 1817 3620 1818
f 1818 3620 3621
f 1818 3621 1819
f 1819 3621 3622
f 1819 3622 1809
f 1809 3622 3623
f 1809 3623 1810
f 1810 3623 3624
f 1810 3624 1812
f 1812 3624 3625
f 1812 3625 1813
f 1813 3625 3626
f 1813 3626 1806
f 1806 3626 3627
f 1806 3627 1807
f 1807 3627 3628
f 1807 3628 1808
f 1808 3628 3629
f 1808 3629 1800
f 1800 3629 3630
f 1800 3630 1801
f 1801 3630 3631
f 1801 3631 1802
f 1802 3631 3632
f 1802 3632 1803
f 1803 3632 3633
f 1803 3633 1804
f 1804 3633 3634
f 1804 3634 1805
f 1805 3634 3635
f 1805 3635 1789
f 1789 3635 3636
f 1789 3636 1790
f 1790 3636 3637
f 1790 3637 1797
f 1797 3637 3638
f 1797 3638 1798
f 1798 3638 3639
f 1798 3639 1799
f 1799 3639 3640
f 1799 3640 1792
f 1792 3640 3641
f 1792 3641 1793
f 1793 3641 3642
f 1793 3642 1795
f 1795 3642 3643
f 1795 3643 1796
f 1796 3643 3644
f 1796 3644 1786
f 1786 3644 3645
f 1786 3645 1787
f 1787 3645 3646
f 1787 3646 1788
f 1788 3646 3647
f 1788 3647 1822
f 1822 3647 3612
f 3647 3648 3612
f 3612 3648 3649
f 3612 3649 3613
f 3613 3649 3650
f 3613 3650 3614
f 3614 3650 3651
f 3614 3651 3615
f 3615 3651 3652
f 3615 3652 3616
f 3616 3652 3653
f 3616 3653 3617
f 3617 3653 3654
f 3617 3654 3618
f 3618 3654 3655
f 3618 3655 3619
f 3619 3655 3656
f 3619 3656 3620
f 3620 3656 3657
f 3620 3657 3621
f 3621 3657 3658
f 3621 3658 3622
f 3622 3658 3659
f 3622 3659 3623
f 3623 3659 3660
f 3623 3660 3624
f 3624 3660 3661
f 3624 3661 3625
f 3625 3661 3662
f 3625 3662 3626
f 3626 3662 3663
f 3626 3663 3627
f 3627 3663 3664
f 3627 3664 3628
f 3628 3664 3665
f 3628 3665 3629
f 3629 3665 3666
f 3629 3666 3630
f 3630 3666 3667
f 3630 3667 3631
f 3631 3667 3668
f 3631 3668 3632
f 3632 3668 3669
f 3632 3669 3633
f 3633 3669 3670
f 3633 3670 3634
f 3634 3670 3671
f 3634 3671 3635
f 3635 3671 3672
f 3635 3672 3636
f 3636 3672 3673
f 3636 3673 3637
f 3637 3673 3674
f 3637 3674 3638
f 3638 3674 3675
f 3638 3675 3639
f 3639 3675 3676
f 3639 3676 3640
f 3640 3676 3677
f 3640 3677 3641
f 3641 3677 3678
f 3641 3678 3642
f 3642 3678 3679
f 3642 3679 3643
f 3643 3679 3680
f 3643 3680 3644
f 3644 3680 3681
f 3644 3681 3645
f 3645 3681 3682
f 3645 3682 3646
f 3646 3682 3683
f 3646 3683 3647
f 3647 3683 3648
f 3683 3584 3648
f 3648 3584 3582
f 3648 3582 3649
f 3649 3582 3581
f 3649 3581 3650
f 3650 3581 3579
f 3650 3579 3651
f 3651 3579 3578
f 3651 3578 3652
f 3652 3578 3576
f 3652 3576 3653
f 3653 3576 3575
f 3653 3575 3654
f 3654 3575 3573
f 3654 3573 3655
f 3655 3573 3572
f 3655 3572 3656
f 3656 3572 3570
f 3656 3570 3657
f 3657 3570 3568
f 3657 3568 3658
f 3658 3568 3567
f 3658 3567 3659
f 3659 3567 3565
f 3659 3565 3660
f 3660 3565 3564
f 3660 3564 3661
f 3661 3564 3562
f 3661 3562 3662
f 3662 3562 3561
f 3662 3561 3663
f 3663 3561 3560
f 3663 3560 3664
f 3664 3560 3558
f 3664 3558 3665
f 3665 3558 3610
f 3665 3610 3666
f 3666 3610 3609
f 3666 3609 3667
f 3667 3609 3608
f 3667 3608 3668
f 3668 3608 3606
f 3668 3606 3669
f 3669 3606 3605
f 3669 3605 3670
f 3670 3605 3603
f 3670 3603 3671
f 3671 3603 3601
f 3671 3601 3672
f 3672 3601 3600
f 3672 3600 3673
f 3673 3600 3599
f 3673 3599 3674
f 3674 3599 3597
f 3674 3597 3675
f 3675 3597 3595
f 3675 3595 3676
f 3676 3595 3594
f 3676 3594 3677
f 3677 3594 3593
f 3677 3593 3678
f 3678 3593 3591
f 3678 3591 3679
f 3679 3591 3590
f 3679 3590 3680
f 3680 3590 3588
f 3680 3588 3681
f 3681 3588 3586
f 3681 3586 3682
f 3682 3586 3585
f 3682 3585 3683
f 3683 3585 3584
f 3684 3685 3686
f 3687 3688 3685
f 3685 3688 3689
f 3685 3689 3686
f 3687 3690 3688
f 3688 3690 3691
f 3688 3691 3692
f 3692 3691 3693
f 3692 3693 3694
f 3694 3695 3692
f 3692 3695 3696
f 3692 3696 3697
f 3698 3699 3700
f 3700 3699 3697
f 3700 3697 3701
f 3701 3697 3696
f 3698 3702 3699
f 3699 3702 3703
f 3699 3703 3704
f 3704 3703 3705
f 3704 3705 3706
f 3706 3705 3707
f 3706 3707 3708
f 3708 3707 3709
f 3708 3709 3710
f 3710 3709 3711
f 3710 3711 3712
f 3712 3711 3713
f 3712 3713 3714
f 3714 3715 3712
f 3712 3715 3716
f 3712 3716 3717
f 3717 3716 3718
f 3717 3718 3719
f 3719 3720 3717
f 3717 3720 3721
f 3717 3721 3722
f 3722 3721 3723
f 3722 3723 3724
f 3724 3725 3722
f 3722 3725 3726
f 3722 3726 3727
f 3727 3726 3728
f 3727 3728 3729
f 3728 3730 3729
f 3729 3730 3731
f 3729 3731 3732
f 3732 3731 3733
f 3732 3733 3686
f 3686 3733 3734
f 3686 3734 3684
f 3735 3736 3737
f 3737 3736 3738
f 3738 3736 3739
f 3738 3739 3740
f 3740 3739 3741
f 3740 3741 3742
f 3742 3741 3743
f 3742 3743 3744
f 3744 3745 3742
f 3742 3745 3746
f 3742 3746 3747
f 3747 3746 3748
f 3747 3748 3749
f 3749 3750 3747
f 3747 3750 3751
f 3747 3751 3752
f 3752 3751 3753
f 3752 3753 3754
f 3753 3755 3754
f 3754 3755 3756
f 3754 3756 3757
f 3757 3756 3758
f 3757 3758 3759
f 3759 3758 3760
f 3759 3760 3761
f 3762 3763 3764
f 3760 3765 3761
f 3761 3765 3766
f 3761 3766 3764
f 3764 3766 3767
f 3764 3767 3762
f 3763 3768 3764
f 3764 3768 3769
f 3764 3769 3770
f 3770 3769 3771
f 3770 3771 3772
f 3772 3773 3770
f 3770 3773 3774
f 3770 3774 3775
f 3775 3774 3776
f 3775 3776 3777
f 3777 3778 3775
f 3775 3778 3779
f 3775 3779 3780
f 3780 3779 3781
f 3780 3781 3782
f 3782 3781 3783
f 3782 3783 3784
f 3784 3783 3785
f 3784 3785 3737
f 3737 3785 3786
f 3737 3786 3735
f 3787 3788 3782
f 3789 3775 3788
f 3788 3775 3780
f 3788 3780 3782
f 3789 3790 3775
f 3775 3790 3791
f 3775 3791 3770
f 3770 3791 3792
f 3770 3792 3793
f 3793 3794 3770
f 3770 3794 3795
f 3770 3795 3764
f 3796 3761 3797
f 3797 3761 3764
f 3797 3764 3798
f 3798 3764 3795
f 3796 3799 3761
f 3761 3799 3800
f 3761 3800 3759
f 3759 3800 3801
f 3759 3801 3757
f 3757 3801 3802
f 3757 3802 3754
f 3754 3802 3803
f 3754 3803 3752
f 3752 3803 3804
f 3752 3804 3747
f 3747 3804 3805
f 3747 3805 3806
f 3806 3807 3747
f 3747 3807 3808
f 3747 3808 3742
f 3742 3808 3809
f 3742 3809 3810
f 3810 3811 3742
f 3742 3811 3812
f 3742 3812 3740
f 3740 3812 3813
f 3740 3813 3814
f 3814 3815 3740
f 3740 3815 3816
f 3740 3816 3738
f 3738 3816 3817
f 3738 3817 3737
f 3817 3818 3737
f 3737 3818 3819
f 3737 3819 3784
f 3784 3819 3820
f 3784 3820 3782
f 3782 3820 3821
f 3782 3821 3787
f 3822 3823 3729
f 3824 3722 3823
f 3823 3722 3727
f 3823 3727 3729
f 3824 3825 3722
f 3722 3825 3826
f 3722 3826 3717
f 3717 3826 3827
f 3717 3827 3828
f 3828 3829 3717
f 3717 3829 3830
f 3717 3830 3712
f 3712 3830 3831
f 3712 3831 3832
f 3832 3833 3712
f 3712 3833 3834
f 3712 3834 3710
f 3710 3834 3835
f 3710 3835 3708
f 3835 3836 3708
f 3708 3836 3837
f 3708 3837 3706
f 3706 3837 3838
f 3706 3838 3704
f 3704 3838 3839
f 3704 3839 3699
f 3840 3841 3697
f 3839 3842 3699
f 3699 3842 3843
f 3699 3843 3697
f 3697 3843 3844
f 3697 3844 3840
f 3841 3845 3697
f 3697 3845 3846
f 3697 3846 3692
f 3692 3846 3847
f 3692 3847 3848
f 3848 3849 3692
f 3692 3849 3850
f 3692 3850 3688
f 3688 3850 3851
f 3688 3851 3852
f 3852 3853 3688
f 3688 3853 3854
f 3688 3854 3689
f 3689 3854 3855
f 3689 3855 3686
f 3686 3855 3856
f 3686 3856 3732
f 3732 3856 3857
f 3732 3857 3729
f 3729 3857 3858
f 3729 3858 3822
f 3814 3813 807
f 3795 3794 788
f 788 3794 3793
f 788 3793 789
f 789 3793 3792
f 789 3792 662
f 662 3792 3791
f 662 3791 663
f 663 3791 3790
f 663 3790 780
f 780 3790 3789
f 780 3789 781
f 788 786 3795
f 3795 786 785
f 3795 785 3798
f 3798 785 800
f 3798 800 3797
f 797 3796 798
f 798 3796 3797
f 798 3797 799
f 799 3797 800
f 795 3800 797
f 797 3800 3799
f 797 3799 3796
f 3803 3802 795
f 795 3802 3801
f 795 3801 3800
f 791 3804 793
f 793 3804 3803
f 793 3803 794
f 794 3803 795
f 807 3813 811
f 811 3813 3812
f 811 3812 810
f 810 3812 3811
f 810 3811 808
f 808 3811 3810
f 808 3810 812
f 812 3810 3809
f 812 3809 813
f 813 3809 3808
f 813 3808 814
f 814 3808 3807
f 814 3807 790
f 790 3807 3806
f 790 3806 791
f 791 3806 3805
f 791 3805 3804
f 802 801 3817
f 807 806 3814
f 3814 806 804
f 3814 804 3815
f 3815 804 802
f 3815 802 3816
f 3816 802 3817
f 3789 3788 781
f 781 3788 3787
f 781 3787 782
f 782 3787 3821
f 782 3821 783
f 783 3821 3820
f 783 3820 784
f 784 3820 3819
f 784 3819 801
f 801 3819 3818
f 801 3818 3817
f 748 3755 749
f 749 3755 3753
f 749 3753 750
f 750 3753 3751
f 750 3751 751
f 751 3751 3750
f 751 3750 772
f 3750 3749 772
f 772 3749 3748
f 772 3748 773
f 773 3748 3746
f 773 3746 775
f 3746 3745 775
f 775 3745 3744
f 775 3744 776
f 776 3744 3743
f 776 3743 777
f 777 3743 3741
f 777 3741 778
f 3741 3739 778
f 778 3739 3736
f 778 3736 764
f 764 3736 3735
f 764 3735 763
f 763 3735 3786
f 763 3786 761
f 761 3786 3785
f 761 3785 765
f 765 3785 3783
f 765 3783 767
f 767 3783 768
f 768 3783 3781
f 768 3781 769
f 3781 3779 769
f 769 3779 3778
f 769 3778 770
f 770 3778 3777
f 770 3777 771
f 771 3777 3776
f 771 3776 757
f 3776 3774 757
f 757 3774 3773
f 757 3773 755
f 755 3773 3772
f 755 3772 753
f 3772 3771 753
f 753 3771 3769
f 753 3769 758
f 3769 3768 758
f 758 3768 3763
f 758 3763 759
f 759 3763 3762
f 759 3762 760
f 760 3762 3767
f 760 3767 742
f 742 3767 743
f 3767 3766 743
f 743 3766 3765
f 743 3765 745
f 745 3765 3760
f 745 3760 746
f 746 3760 3758
f 746 3758 748
f 748 3758 3756
f 748 3756 3755
f 709 3836 710
f 710 3836 3835
f 710 3835 714
f 714 3835 3834
f 714 3834 713
f 713 3834 3833
f 713 3833 711
f 3833 3832 711
f 711 3832 3831
f 711 3831 734
f 734 3831 3830
f 734 3830 735
f 735 3830 3829
f 735 3829 737
f 737 3829 3828
f 737 3828 738
f 738 3828 3827
f 738 3827 739
f 739 3827 3826
f 739 3826 740
f 740 3826 3825
f 740 3825 741
f 3825 3824 741
f 741 3824 3823
f 741 3823 727
f 727 3823 3822
f 727 3822 726
f 726 3822 3858
f 726 3858 724
f 724 3858 3857
f 724 3857 728
f 728 3857 3856
f 728 3856 729
f 729 3856 731
f 731 3856 3855
f 731 3855 732
f 3855 3854 732
f 732 3854 3853
f 732 3853 733
f 733 3853 3852
f 733 3852 720
f 720 3852 3851
f 720 3851 719
f 3851 3850 719
f 719 3850 3849
f 719 3849 717
f 717 3849 3848
f 717 3848 715
f 3848 3847 715
f 715 3847 3846
f 715 3846 721
f 3846 3845 721
f 721 3845 3841
f 721 3841 722
f 722 3841 3840
f 722 3840 723
f 723 3840 703
f 703 3840 3844
f 703 3844 704
f 3844 3843 704
f 704 3843 3842
f 704 3842 706
f 706 3842 3839
f 706 3839 707
f 707 3839 3838
f 707 3838 709
f 709 3838 3837
f 709 3837 3836
f 670 669 3687
f 3687 669 3690
f 3690 669 666
f 3690 666 3691
f 3691 666 665
f 3691 665 3693
f 3693 665 679
f 3693 679 3694
f 3694 679 678
f 3694 678 3695
f 3695 678 3696
f 3696 678 691
f 3696 691 3701
f 3701 691 690
f 3701 690 3700
f 686 3698 688
f 688 3698 3700
f 688 3700 689
f 689 3700 690
f 685 3703 686
f 686 3703 3702
f 686 3702 3698
f 3709 3707 685
f 685 3707 3705
f 685 3705 3703
f 681 3711 683
f 683 3711 3709
f 683 3709 684
f 684 3709 685
f 3718 3716 702
f 702 3716 3715
f 702 3715 680
f 680 3715 3714
f 680 3714 681
f 681 3714 3713
f 681 3713 3711
f 702 701 3718
f 3718 701 700
f 3718 700 3719
f 3719 700 696
f 3719 696 3720
f 3720 696 698
f 3720 698 3721
f 3721 698 699
f 3721 699 3723
f 3723 699 693
f 3723 693 3724
f 676 675 3728
f 693 692 3724
f 3724 692 695
f 3724 695 3725
f 3725 695 676
f 3725 676 3726
f 3726 676 3728
f 3687 3685 670
f 670 3685 3684
f 670 3684 671
f 671 3684 3734
f 671 3734 672
f 672 3734 3733
f 672 3733 673
f 673 3733 3731
f 673 3731 675
f 675 3731 3730
f 675 3730 3728
f 3009 1707 3008
f 3008 1707 1712
f 2991 1674 3019
f 3019 1674 1676
f 3019 1676 3018
f 3018 1676 1678
f 3018 1678 3017
f 3017 1678 1697
f 3017 1697 3016
f 3016 1697 1696
f 3016 1696 3015
f 3015 1696 1695
f 3015 1695 3014
f 3014 1695 1700
f 3014 1700 3013
f 3013 1700 1683
f 3013 1683 3012
f 3012 1683 1685
f 3012 1685 3011
f 3011 1685 1704
f 3011 1704 3010
f 3010 1704 1703
f 3010 1703 3009
f 3009 1703 1708
f 3009 1708 1707
f 1719 1718 3004
f 3004 1718 1723
f 3004 1723 3003
f 3003 1723 1722
f 3003 1722 3002
f 3002 1722 1730
f 3002 1730 3001
f 3001 1730 1729
f 3001 1729 3000
f 3000 1729 1727
f 3000 1727 2999
f 2999 1727 1733
f 2999 1733 2998
f 2998 1733 1736
f 2998 1736 2997
f 2997 1736 1738
f 2997 1738 2996
f 2996 1738 1747
f 2996 1747 2995
f 2995 1747 1751
f 2995 1751 2994
f 2994 1751 1750
f 2994 1750 2993
f 2993 1750 1759
f 2993 1759 2992
f 2992 1759 1761
f 2992 1761 2991
f 2991 1761 1672
f 2991 1672 1674
f 1712 1710 3008
f 3008 1710 1709
f 3008 1709 3007
f 3007 1709 1715
f 3007 1715 3006
f 3006 1715 1717
f 3006 1717 3005
f 3005 1717 1721
f 3005 1721 3004
f 3004 1721 1720
f 3004 1720 1719
f 1511 1513 561
f 561 599 597
f 1578 1128 567
f 609 607 556
f 556 607 605
f 556 605 544
f 544 605 603
f 544 603 543
f 639 574 572
f 599 655 552
f 552 655 653
f 552 653 551
f 551 653 651
f 551 651 593
f 543 603 562
f 562 603 661
f 562 661 561
f 561 661 659
f 561 659 599
f 599 659 657
f 599 657 655
f 1509 1511 1507
f 1507 1511 561
f 1507 561 1505
f 1505 561 597
f 1573 1578 1569
f 1569 1578 567
f 1569 567 1567
f 1567 567 1562
f 1547 1549 1542
f 1542 1549 1538
f 641 547 643
f 643 547 548
f 643 548 645
f 645 548 587
f 645 587 647
f 647 587 585
f 647 585 649
f 1517 1519 590
f 590 1519 1521
f 590 1521 1523
f 1557 1560 619
f 554 1139 1549
f 1549 1139 1536
f 1549 1536 1538
f 1527 1529 1531
f 572 578 639
f 639 578 581
f 639 581 641
f 641 581 577
f 641 577 547
f 651 649 593
f 593 649 585
f 593 585 590
f 590 585 1515
f 590 1515 1517
f 639 637 574
f 574 637 635
f 574 635 540
f 540 635 633
f 540 633 539
f 539 633 631
f 539 631 568
f 568 631 567
f 619 1560 621
f 621 1560 1562
f 621 1562 623
f 631 629 567
f 567 629 627
f 567 627 1562
f 1562 627 625
f 1562 625 623
f 1557 619 1554
f 1554 619 617
f 1554 617 1549
f 1549 617 615
f 1549 615 613
f 613 611 1549
f 1549 611 609
f 1549 609 554
f 554 609 556
f 1533 578 1531
f 1531 578 572
f 1531 572 1527
f 1527 572 1525
f 1580 1577 3859
f 1575 1568 3860
f 1565 1561 3861
f 3861 1561 3862
f 1551 1546 3863
f 1544 1537 3864
f 1118 1121 3865
f 1110 1116 3866
f 1114 1113 3867
f 1097 1096 3868
f 1083 1089 3869
f 1087 1086 3870
f 1074 1088 3871
f 1078 1077 3872
f 1138 1137 1579
f 1138 1579 1131
f 1579 3873 1131
f 1131 3873 3874
f 1131 3874 1129
f 3875 1132 3874
f 3874 1132 1130
f 3874 1130 1129
f 1119 1069 3876
f 3876 1069 1070
f 1070 1136 3876
f 3876 1136 1135
f 3876 1135 3875
f 3875 1135 1133
f 3875 1133 1132
f 3877 1143 1141
f 1143 3877 1144
f 1144 3877 3878
f 1144 3878 1145
f 1145 3878 1146
f 1146 3878 3879
f 1146 3879 1147
f 1147 3879 1148
f 1148 3879 3880
f 1148 3880 1149
f 1149 3880 1150
f 1150 3880 1535
f 1150 1535 1151
f 1078 3877 1079
f 1079 3877 1141
f 1079 1141 1080
f 1077 1075 3881
f 3881 1075 1074
f 1087 3870 1088
f 1086 1084 3882
f 3882 1084 1083
f 1089 1091 3883
f 3883 1091 1098
f 3883 1098 1097
f 3868 1096 3884
f 1096 1094 3884
f 3884 1094 1093
f 3884 1093 3885
f 3885 1093 1105
f 3885 1105 3886
f 1105 1104 3886
f 3886 1104 1103
f 3886 1103 3887
f 1103 1101 3887
f 3887 1101 1100
f 3887 1100 3888
f 3888 1100 1106
f 3888 1106 1108
f 1108 1115 3889
f 3889 1115 1114
f 1113 1111 3890
f 3890 1111 1110
f 1118 3865 1116
f 1121 1120 3891
f 3891 1120 1119
f 3888 3892 3887
f 3887 3892 3893
f 3887 3893 3886
f 3886 3893 3894
f 3886 3894 3885
f 3885 3894 3895
f 3885 3895 3884
f 3884 3895 3896
f 3884 3896 3868
f 3868 3896 3897
f 3892 3898 3893
f 3893 3898 3899
f 3893 3899 3894
f 3894 3899 3900
f 3894 3900 3895
f 3895 3900 3901
f 3895 3901 3896
f 3896 3901 3902
f 3896 3902 3897
f 3897 3902 3903
f 3898 3861 3899
f 3899 3861 3862
f 3899 3862 3900
f 3900 3862 3904
f 3900 3904 3901
f 3901 3904 3905
f 3901 3905 3902
f 3902 3905 3906
f 3902 3906 3903
f 3903 3906 3907
f 3908 1539 1540
f 1078 3872 3877
f 3877 3872 3909
f 3877 3909 3878
f 3878 3909 3910
f 3878 3910 3879
f 3879 3910 3908
f 3879 3908 3880
f 3880 3908 1540
f 3880 1540 1535
f 1077 3881 3872
f 3872 3881 3911
f 3872 3911 3909
f 3909 3911 3912
f 3909 3912 3910
f 3910 3912 3864
f 3910 3864 3908
f 3908 3864 1537
f 3908 1537 1539
f 1074 3871 3881
f 3881 3871 3913
f 3881 3913 3911
f 3911 3913 3914
f 3911 3914 3912
f 3912 3914 3915
f 3912 3915 3864
f 3864 3915 1543
f 3864 1543 1544
f 3916 1545 1541
f 1088 3870 3871
f 3871 3870 3917
f 3871 3917 3913
f 3913 3917 3918
f 3913 3918 3914
f 3914 3918 3916
f 3914 3916 3915
f 3915 3916 1541
f 3915 1541 1543
f 1086 3882 3870
f 3870 3882 3919
f 3870 3919 3917
f 3917 3919 3920
f 3917 3920 3918
f 3918 3920 3863
f 3918 3863 3916
f 3916 3863 1546
f 3916 1546 1545
f 1083 3869 3882
f 3882 3869 3921
f 3882 3921 3919
f 3919 3921 3922
f 3919 3922 3920
f 3920 3922 3923
f 3920 3923 3863
f 3863 3923 1550
f 3863 1550 1551
f 3924 1552 1548
f 1089 3883 3869
f 3869 3883 3925
f 3869 3925 3921
f 3921 3925 3926
f 3921 3926 3922
f 3922 3926 3924
f 3922 3924 3923
f 3923 3924 1548
f 3923 1548 1550
f 1097 3868 3883
f 3883 3868 3897
f 3883 3897 3925
f 3925 3897 3903
f 3925 3903 3926
f 3926 3903 3907
f 3926 3907 3924
f 3924 3907 1553
f 3924 1553 1552
f 1561 1563 3862
f 3862 1563 1564
f 3862 1564 3904
f 3904 1564 1559
f 3904 1559 3905
f 3905 1559 1558
f 3905 1558 3906
f 3906 1558 1556
f 3906 1556 3907
f 3907 1556 1555
f 3907 1555 1553
f 1108 3889 3888
f 3888 3889 3927
f 3888 3927 3892
f 3892 3927 3928
f 3892 3928 3898
f 3898 3928 3929
f 3898 3929 3861
f 3861 3929 1566
f 3861 1566 1565
f 3930 1570 1571
f 1114 3867 3889
f 3889 3867 3931
f 3889 3931 3927
f 3927 3931 3932
f 3927 3932 3928
f 3928 3932 3930
f 3928 3930 3929
f 3929 3930 1571
f 3929 1571 1566
f 1113 3890 3867
f 3867 3890 3933
f 3867 3933 3931
f 3931 3933 3934
f 3931 3934 3932
f 3932 3934 3860
f 3932 3860 3930
f 3930 3860 1568
f 3930 1568 1570
f 1110 3866 3890
f 3890 3866 3935
f 3890 3935 3933
f 3933 3935 3936
f 3933 3936 3934
f 3934 3936 3937
f 3934 3937 3860
f 3860 3937 1574
f 3860 1574 1575
f 3938 1576 1572
f 1116 3865 3866
f 3866 3865 3939
f 3866 3939 3935
f 3935 3939 3940
f 3935 3940 3936
f 3936 3940 3938
f 3936 3938 3937
f 3937 3938 1572
f 3937 1572 1574
f 1121 3891 3865
f 3865 3891 3941
f 3865 3941 3939
f 3939 3941 3942
f 3939 3942 3940
f 3940 3942 3859
f 3940 3859 3938
f 3938 3859 1577
f 3938 1577 1576
f 1119 3876 3891
f 3891 3876 3875
f 3891 3875 3941
f 3941 3875 3874
f 3941 3874 3942
f 3942 3874 3873
f 3942 3873 3859
f 3859 3873 1579
f 3859 1579 1580
f 3943 3944 3945
f 3945 3944 3946
f 3945 3946 3947
f 3947 3946 3948
f 3947 3948 3949
f 3950 3951 3952
f 3952 3951 3953
f 3952 3953 3943
f 3943 3953 3954
f 3943 3954 3944
f 3955 3956 3950
f 3950 3956 3957
f 3950 3957 3951
f 3958 3959 3960
f 3960 3959 3961
f 3960 3961 3962
f 3963 3964 3965
f 3965 3964 3966
f 3965 3966 3958
f 3958 3966 3967
f 3958 3967 3959
f 3968 3969 3970
f 3970 3969 3971
f 3970 3971 3963
f 3963 3971 3972
f 3963 3972 3964
f 3973 3974 3975
f 3975 3974 3976
f 3975 3976 3955
f 3955 3976 3977
f 3955 3977 3956
f 3978 3979 3980
f 3980 3979 3981
f 3980 3981 3982
f 3983 3984 3985
f 3985 3984 3986
f 3985 3986 3978
f 3978 3986 3987
f 3978 3987 3979
f 3961 3988 3962
f 3962 3988 3989
f 3962 3989 3983
f 3983 3989 3990
f 3983 3990 3984
f 3991 3992 3993
f 3993 3992 3994
f 3993 3994 3968
f 3968 3994 3995
f 3968 3995 3969
f 3981 3996 3982
f 3982 3996 3997
f 3982 3997 3998
f 3998 3997 3999
f 3998 3999 3973
f 3973 3999 4000
f 3973 4000 3974
f 4001 4002 3991
f 3991 4002 4003
f 3991 4003 3992
f 3948 4004 3949
f 3949 4004 4005
f 3949 4005 4006
f 4006 4005 4007
f 4006 4007 4001
f 4001 4007 4008
f 4001 4008 4002
f 4009 4010 4011
f 4011 4010 4012
f 4011 4012 4013
f 4014 4015 4016
f 4017 4018 4019
f 4019 4018 4020
f 4019 4020 4021
f 4022 4023 4024
f 4024 4023 4025
f 4024 4025 4009
f 4009 4025 4026
f 4009 4026 4010
f 4027 4028 4029
f 4029 4028 4030
f 4029 4030 4031
f 4016 4032 4014
f 4014 4032 4033
f 4014 4033 4034
f 4034 4033 4035
f 4034 4035 4017
f 4017 4035 4036
f 4017 4036 4018
f 4012 4037 4013
f 4013 4037 4038
f 4013 4038 4039
f 4039 4038 4040
f 4039 4040 4015
f 4015 4040 4041
f 4015 4041 4016
f 4042 4043 4044
f 4044 4043 4045
f 4044 4045 4046
f 4030 4047 4031
f 4031 4047 4048
f 4031 4048 4049
f 4049 4048 4050
f 4049 4050 4051
f 4051 4050 4052
f 4051 4052 4042
f 4042 4052 4053
f 4042 4053 4043
f 4054 4055 4027
f 4027 4055 4056
f 4027 4056 4028
f 4020 4057 4021
f 4021 4057 4058
f 4021 4058 4059
f 4059 4058 4060
f 4059 4060 4061
f 4062 4063 4064
f 4064 4063 4065
f 4064 4065 4022
f 4022 4065 4066
f 4022 4066 4023
f 4060 4067 4061
f 4061 4067 4068
f 4061 4068 4069
f 4069 4068 4070
f 4069 4070 4054
f 4054 4070 4071
f 4054 4071 4055
f 4045 4072 4046
f 4046 4072 4073
f 4046 4073 4062
f 4062 4073 4074
f 4062 4074 4063
f 4004 3948 4052
f 4052 3948 4053
f 3948 3946 4053
f 4053 3946 3944
f 4053 3944 4043
f 4043 3944 3954
f 4043 3954 4045
f 4045 3954 3953
f 4045 3953 4072
f 4072 3953 3951
f 4072 3951 4073
f 4073 3951 3957
f 4073 3957 4074
f 4074 3957 3956
f 4074 3956 4063
f 4063 3956 3977
f 4063 3977 4065
f 4065 3977 3976
f 4065 3976 4066
f 4066 3976 3974
f 4066 3974 4023
f 4023 3974 4000
f 4023 4000 4025
f 4025 4000 3999
f 4025 3999 4026
f 4026 3999 3997
f 4026 3997 4010
f 4010 3997 3996
f 4010 3996 4012
f 4012 3996 3981
f 4012 3981 4037
f 4037 3981 3979
f 4037 3979 4038
f 4038 3979 3987
f 4038 3987 4040
f 4040 3987 3986
f 4040 3986 4041
f 4041 3986 3984
f 4041 3984 4016
f 4016 3984 3990
f 4016 3990 4032
f 4032 3990 3989
f 4032 3989 4033
f 4033 3989 3988
f 4033 3988 4035
f 4035 3988 3961
f 4035 3961 4036
f 4036 3961 3959
f 4036 3959 4018
f 4018 3959 3967
f 4018 3967 4020
f 4020 3967 3966
f 4020 3966 4057
f 4057 3966 3964
f 4057 3964 4058
f 4058 3964 3972
f 4058 3972 4060
f 4060 3972 3971
f 4060 3971 4067
f 4067 3971 3969
f 4067 3969 4068
f 4068 3969 3995
f 4068 3995 4070
f 4070 3995 3994
f 4070 3994 4071
f 4071 3994 3992
f 4071 3992 4055
f 4055 3992 4003
f 4055 4003 4056
f 4056 4003 4002
f 4056 4002 4028
f 4028 4002 4008
f 4028 4008 4030
f 4030 4008 4007
f 4030 4007 4047
f 4047 4007 4005
f 4047 4005 4048
f 4048 4005 4004
f 4048 4004 4050
f 4050 4004 4052
f 3983 4014 3962
f 3962 4014 4034
f 3962 4034 3960
f 3960 4034 4017
f 3960 4017 3958
f 3958 4017 4019
f 3958 4019 3965
f 3965 4019 4021
f 3965 4021 3963
f 3963 4021 4059
f 3963 4059 3970
f 3970 4059 4061
f 3970 4061 3968
f 3968 4061 4069
f 3968 4069 3993
f 3993 4069 4054
f 3993 4054 3991
f 3991 4054 4027
f 3991 4027 4001
f 4001 4027 4029
f 4001 4029 4006
f 4006 4029 4031
f 4006 4031 3949
f 3949 4031 4049
f 3949 4049 3947
f 3947 4049 4051
f 3947 4051 3945
f 3945 4051 4042
f 3945 4042 3943
f 3943 4042 4044
f 3943 4044 3952
f 3952 4044 4046
f 3952 4046 3950
f 3950 4046 4062
f 3950 4062 3955
f 3955 4062 4064
f 3955 4064 3975
f 3975 4064 4022
f 3975 4022 3973
f 3973 4022 4024
f 3973 4024 3998
f 3998 4024 4009
f 3998 4009 3982
f 3982 4009 4011
f 3982 4011 3980
f 3980 4011 4013
f 3980 4013 3978
f 3978 4013 4039
f 3978 4039 3985
f 3985 4039 4015
f 3985 4015 3983
f 3983 4015 4014
f 4075 4076 4077
f 4077 4076 4078
f 4077 4078 4079
f 4079 4078 4080
f 4079 4080 4081
f 4082 4083 4084
f 4084 4083 4085
f 4084 4085 4075
f 4075 4085 4086
f 4075 4086 4076
f 4087 4088 4082
f 4082 4088 4089
f 4082 4089 4083
f 4090 4091 4092
f 4092 4091 4093
f 4092 4093 4094
f 4095 4096 4097
f 4097 4096 4098
f 4097 4098 4090
f 4090 4098 4099
f 4090 4099 4091
f 4100 4101 4102
f 4102 4101 4103
f 4102 4103 4095
f 4095 4103 4104
f 4095 4104 4096
f 4105 4106 4107
f 4107 4106 4108
f 4107 4108 4087
f 4087 4108 4109
f 4087 4109 4088
f 4110 4111 4112
f 4112 4111 4113
f 4112 4113 4114
f 4115 4116 4117
f 4117 4116 4118
f 4117 4118 4110
f 4110 4118 4119
f 4110 4119 4111
f 4093 4120 4094
f 4094 4120 4121
f 4094 4121 4115
f 4115 4121 4122
f 4115 4122 4116
f 4123 4124 4125
f 4125 4124 4126
f 4125 4126 4100
f 4100 4126 4127
f 4100 4127 4101
f 4113 4128 4114
f 4114 4128 4129
f 4114 4129 4130
f 4130 4129 4131
f 4130 4131 4105
f 4105 4131 4132
f 4105 4132 4106
f 4133 4134 4123
f 4123 4134 4135
f 4123 4135 4124
f 4080 4136 4081
f 4081 4136 4137
f 4081 4137 4138
f 4138 4137 4139
f 4138 4139 4133
f 4133 4139 4140
f 4133 4140 4134
f 4141 4142 4143
f 4143 4142 4144
f 4143 4144 4145
f 4146 4147 4148
f 4149 4150 4151
f 4151 4150 4152
f 4151 4152 4153
f 4154 4155 4156
f 4156 4155 4157
f 4156 4157 4141
f 4141 4157 4158
f 4141 4158 4142
f 4159 4160 4161
f 4161 4160 4162
f 4161 4162 4163
f 4148 4164 4146
f 4146 4164 4165
f 4146 4165 4166
f 4166 4165 4167
f 4166 4167 4149
f 4149 4167 4168
f 4149 4168 4150
f 4144 4169 4145
f 4145 4169 4170
f 4145 4170 4171
f 4171 4170 4172
f 4171 4172 4147
f 4147 4172 4173
f 4147 4173 4148
f 4174 4175 4176
f 4176 4175 4177
f 4176 4177 4178
f 4162 4179 4163
f 4163 4179 4180
f 4163 4180 4181
f 4181 4180 4182
f 4181 4182 4183
f 4183 4182 4184
f 4183 4184 4174
f 4174 4184 4185
f 4174 4185 4175
f 4186 4187 4159
f 4159 4187 4188
f 4159 4188 4160
f 4152 4189 4153
f 4153 4189 4190
f 4153 4190 4191
f 4191 4190 4192
f 4191 4192 4193
f 4194 4195 4196
f 4196 4195 4197
f 4196 4197 4154
f 4154 4197 4198
f 4154 4198 4155
f 4192 4199 4193
f 4193 4199 4200
f 4193 4200 4201
f 4201 4200 4202
f 4201 4202 4186
f 4186 4202 4203
f 4186 4203 4187
f 4177 4204 4178
f 4178 4204 4205
f 4178 4205 4194
f 4194 4205 4206
f 4194 4206 4195
f 4136 4080 4184
f 4184 4080 4185
f 4080 4078 4185
f 4185 4078 4076
f 4185 4076 4175
f 4175 4076 4086
f 4175 4086 4177
f 4177 4086 4085
f 4177 4085 4204
f 4204 4085 4083
f 4204 4083 4205
f 4205 4083 4089
f 4205 4089 4206
f 4206 4089 4088
f 4206 4088 4195
f 4195 4088 4109
f 4195 4109 4197
f 4197 4109 4108
f 4197 4108 4198
f 4198 4108 4106
f 4198 4106 4155
f 4155 4106 4132
f 4155 4132 4157
f 4157 4132 4131
f 4157 4131 4158
f 4158 4131 4129
f 4158 4129 4142
f 4142 4129 4128
f 4142 4128 4144
f 4144 4128 4113
f 4144 4113 4169
f 4169 4113 4111
f 4169 4111 4170
f 4170 4111 4119
f 4170 4119 4172
f 4172 4119 4118
f 4172 4118 4173
f 4173 4118 4116
f 4173 4116 4148
f 4148 4116 4122
f 4148 4122 4164
f 4164 4122 4121
f 4164 4121 4165
f 4165 4121 4120
f 4165 4120 4167
f 4167 4120 4093
f 4167 4093 4168
f 4168 4093 4091
f 4168 4091 4150
f 4150 4091 4099
f 4150 4099 4152
f 4152 4099 4098
f 4152 4098 4189
f 4189 4098 4096
f 4189 4096 4190
f 4190 4096 4104
f 4190 4104 4192
f 4192 4104 4103
f 4192 4103 4199
f 4199 4103 4101
f 4199 4101 4200
f 4200 4101 4127
f 4200 4127 4202
f 4202 4127 4126
f 4202 4126 4203
f 4203 4126 4124
f 4203 4124 4187
f 4187 4124 4135
f 4187 4135 4188
f 4188 4135 4134
f 4188 4134 4160
f 4160 4134 4140
f 4160 4140 4162
f 4162 4140 4139
f 4162 4139 4179
f 4179 4139 4137
f 4179 4137 4180
f 4180 4137 4136
f 4180 4136 4182
f 4182 4136 4184
f 4115 4146 4094
f 4094 4146 4166
f 4094 4166 4092
f 4092 4166 4149
f 4092 4149 4090
f 4090 4149 4151
f 4090 4151 4097
f 4097 4151 4153
f 4097 4153 4095
f 4095 4153 4191
f 4095 4191 4102
f 4102 4191 4193
f 4102 4193 4100
f 4100 4193 4201
f 4100 4201 4125
f 4125 4201 4186
f 4125 4186 4123
f 4123 4186 4159
f 4123 4159 4133
f 4133 4159 4161
f 4133 4161 4138
f 4138 4161 4163
f 4138 4163 4081
f 4081 4163 4181
f 4081 4181 4079
f 4079 4181 4183
f 4079 4183 4077
f 4077 4183 4174
f 4077 4174 4075
f 4075 4174 4176
f 4075 4176 4084
f 4084 4176 4178
f 4084 4178 4082
f 4082 4178 4194
f 4082 4194 4087
f 4087 4194 4196
f 4087 4196 4107
f 4107 4196 4154
f 4107 4154 4105
f 4105 4154 4156
f 4105 4156 4130
f 4130 4156 4141
f 4130 4141 4114
f 4114 4141 4143
f 4114 4143 4112
f 4112 4143 4145
f 4112 4145 4110
f 4110 4145 4171
f 4110 4171 4117
f 4117 4171 4147
f 4117 4147 4115
f 4115 4147 4146
f 4207 4208 4209
f 4209 4208 4210
f 4211 4210 4212
f 4213 4214 4215
f 4215 4214 4216
f 4215 4216 4217
f 4217 4218 4215
f 4215 4218 4219
f 4215 4219 4209
f 4209 4219 4220
f 4209 4220 4207
f 4221 4222 4223
f 4223 4224 4221
f 4221 4224 4225
f 4221 4225 4226
f 4226 4227 4221
f 4221 4227 4228
f 4221 4228 4229
f 4230 4231 4232
f 4232 4231 4233
f 4233 4234 4232
f 4232 4234 4235
f 4232 4235 4236
f 4236 4237 4232
f 4232 4237 4238
f 4232 4238 4213
f 4213 4238 4239
f 4213 4239 4214
f 4240 4241 4242
f 4212 4243 4211
f 4211 4243 4244
f 4211 4244 4242
f 4242 4244 4240
f 4241 4245 4242
f 4242 4245 4246
f 4242 4246 4222
f 4222 4246 4247
f 4222 4247 4223
f 4248 4249 4250
f 4250 4249 4251
f 4250 4251 4252
f 4252 4253 4250
f 4250 4253 4254
f 4250 4254 4255
f 4255 4256 4250
f 4250 4256 4257
f 4250 4257 4258
f 4259 4258 4260
f 4260 4261 4259
f 4259 4261 4262
f 4259 4262 4263
f 4264 4265 4266
f 4266 4265 4267
f 4266 4267 4248
f 4248 4267 4268
f 4248 4268 4249
f 4269 4270 4271
f 4271 4272 4269
f 4269 4272 4273
f 4269 4273 4274
f 4275 4276 4277
f 4277 4278 4275
f 4275 4278 4279
f 4275 4279 4266
f 4266 4279 4280
f 4266 4280 4264
f 4263 4281 4259
f 4259 4281 4282
f 4259 4282 4283
f 4283 4282 4284
f 4283 4284 4285
f 4286 4287 4288
f 4288 4287 4289
f 4288 4289 4269
f 4269 4289 4290
f 4269 4290 4270
f 4285 4291 4283
f 4283 4291 4292
f 4283 4292 4288
f 4288 4292 4293
f 4288 4293 4286
f 4294 4295 4296
f 4296 4295 4297
f 4296 4297 4298
f 4298 4299 4300
f 4300 4299 4301
f 4302 4303 4304
f 4304 4303 4300
f 4304 4300 4305
f 4305 4300 4301
f 4306 4307 4308
f 4309 4310 4311
f 4311 4310 4308
f 4311 4308 4312
f 4312 4308 4307
f 4309 4313 4310
f 4310 4313 4314
f 4310 4314 4296
f 4296 4314 4315
f 4296 4315 4294
f 4316 4317 4318
f 4318 4317 4319
f 4318 4319 4320
f 4321 4322 4323
f 4323 4322 4324
f 4324 4325 4323
f 4323 4325 4326
f 4323 4326 4308
f 4308 4326 4327
f 4308 4327 4306
f 4302 4328 4303
f 4303 4328 4329
f 4303 4329 4330
f 4330 4329 4331
f 4330 4331 4332
f 4332 4333 4330
f 4330 4333 4334
f 4330 4334 4318
f 4318 4334 4335
f 4318 4335 4316
f 4336 4337 4338
f 4339 4340 4341
f 4341 4340 4342
f 4342 4343 4341
f 4341 4343 4344
f 4341 4344 4345
f 4345 4346 4341
f 4341 4346 4347
f 4341 4347 4336
f 4336 4347 4348
f 4336 4348 4337
f 4349 4350 4351
f 4351 4352 4349
f 4349 4352 4353
f 4349 4353 4339
f 4339 4353 4354
f 4339 4354 4340
f 4355 4356 4357
f 4357 4356 4358
f 4358 4359 4357
f 4357 4359 4360
f 4357 4360 4361
f 4350 4349 4362
f 4362 4349 4363
f 4362 4363 4364
f 4365 4355 4366
f 4366 4355 4367
f 4365 4368 4355
f 4355 4368 4369
f 4355 4369 4356
f 4370 4371 4372
f 4370 4372 4373
f 4338 4374 4375
f 4375 4374 4376
f 4375 4376 4372
f 4372 4376 4377
f 4372 4377 4373
f 4371 4378 4372
f 4372 4378 4379
f 4372 4379 4380
f 4380 4379 4381
f 4381 4382 4380
f 4380 4382 4383
f 4380 4383 4355
f 4355 4383 4384
f 4355 4384 4367
f 4338 4375 4336
f 4336 4375 4385
f 4336 4385 4386
f 4386 4385 4387
f 4386 4387 4388
f 4388 4387 4389
f 4388 4389 4390
f 4390 4389 4391
f 4390 4391 4392
f 4392 4391 4318
f 4392 4318 4323
f 4323 4318 4320
f 4323 4320 4321
f 4298 4300 4296
f 4296 4300 4393
f 4296 4393 4394
f 4394 4393 4395
f 4394 4395 4396
f 4396 4395 4269
f 4396 4269 4275
f 4275 4269 4274
f 4275 4274 4276
f 4258 4259 4250
f 4250 4259 4397
f 4250 4397 4398
f 4398 4397 4399
f 4398 4399 4400
f 4400 4399 4401
f 4400 4401 4402
f 4402 4401 4403
f 4402 4403 4404
f 4404 4403 4405
f 4404 4405 4406
f 4406 4405 4221
f 4406 4221 4232
f 4232 4221 4229
f 4232 4229 4230
f 4210 4211 4209
f 4209 4211 4407
f 4209 4407 4408
f 4408 4407 4409
f 4408 4409 4410
f 4410 4409 4357
f 4410 4357 4363
f 4363 4357 4361
f 4363 4361 4364
f 4411 4412 4413
f 4413 4412 4414
f 4413 4414 4415
f 4415 4414 4416
f 4415 4416 4417
f 4417 4416 4418
f 4417 4418 4419
f 4419 4418 4420
f 4419 4420 4421
f 4421 4420 4422
f 4421 4422 4423
f 4423 4422 4424
f 4423 4424 4425
f 4425 4424 4426
f 4425 4426 4427
f 4427 4426 4428
f 4427 4428 4429
f 4429 4428 4430
f 4429 4430 4431
f 4431 4430 4432
f 4431 4432 4433
f 4433 4432 4434
f 4433 4434 4435
f 4435 4434 4436
f 4435 4436 4437
f 4437 4436 4438
f 4437 4438 4439
f 4439 4438 4440
f 4439 4440 4441
f 4441 4440 4442
f 4441 4442 4443
f 4443 4442 4444
f 4443 4444 4411
f 4411 4444 4412
f 4445 4446 4447
f 4447 4446 4448
f 4447 4448 4449
f 4450 4451 4452
f 4449 4453 4447
f 4447 4453 4454
f 4447 4454 4450
f 4451 4455 4452
f 4452 4455 4456
f 4452 4456 4457
f 4457 4458 4452
f 4452 4458 4459
f 4452 4459 4460
f 4461 4462 4463
f 4463 4462 4464
f 4463 4464 4465
f 4465 4466 4463
f 4463 4466 4467
f 4463 4467 4468
f 4469 4470 4471
f 4471 4470 4472
f 4471 4472 4473
f 4473 4474 4471
f 4471 4474 4475
f 4471 4475 4476
f 4450 4452 4447
f 4447 4452 4477
f 4447 4477 4478
f 4478 4477 4479
f 4478 4479 4480
f 4480 4479 4481
f 4480 4481 4482
f 4482 4481 4483
f 4482 4483 4484
f 4484 4483 4485
f 4484 4485 4486
f 4486 4485 4487
f 4486 4487 4488
f 4488 4487 4489
f 4488 4489 4490
f 4490 4489 4491
f 4490 4491 4492
f 4492 4491 4493
f 4492 4493 4494
f 4494 4493 4495
f 4494 4495 4496
f 4496 4495 4497
f 4496 4497 4498
f 4498 4497 4499
f 4498 4499 4500
f 4500 4499 4501
f 4500 4501 4502
f 4502 4501 4503
f 4502 4503 4504
f 4504 4503 4505
f 4504 4505 4506
f 4506 4505 4507
f 4506 4507 4508
f 4508 4507 4509
f 4508 4509 4510
f 4510 4509 4511
f 4510 4511 4512
f 4512 4511 4513
f 4512 4513 4514
f 4514 4513 4463
f 4514 4463 4471
f 4471 4463 4468
f 4471 4468 4469
f 4515 4516 4517
f 4518 4519 4483
f 4520 4499 4521
f 4521 4499 4497
f 4521 4497 4522
f 4483 4481 4518
f 4518 4481 4479
f 4518 4479 4523
f 4523 4479 4477
f 4523 4477 4524
f 4525 4526 4527
f 4527 4526 4528
f 4529 4489 4530
f 4530 4489 4487
f 4530 4487 4519
f 4519 4487 4485
f 4519 4485 4483
f 4531 4505 4532
f 4532 4505 4503
f 4532 4503 4520
f 4520 4503 4501
f 4520 4501 4499
f 4477 4452 4524
f 4524 4452 4460
f 4524 4460 4533
f 4497 4495 4522
f 4522 4495 4493
f 4522 4493 4529
f 4529 4493 4491
f 4529 4491 4489
f 4534 4535 4531
f 4531 4535 4461
f 4460 4536 4533
f 4533 4536 4537
f 4533 4537 4538
f 4539 4528 4540
f 4528 4541 4540
f 4540 4541 4542
f 4540 4542 4543
f 4543 4542 4533
f 4543 4533 4544
f 4544 4533 4538
f 4540 4545 4539
f 4539 4545 4546
f 4539 4546 4517
f 4517 4546 4547
f 4517 4547 4515
f 4548 4549 4531
f 4531 4549 4550
f 4531 4550 4534
f 4551 4552 4553
f 4553 4552 4554
f 4553 4554 4555
f 4555 4554 4556
f 4555 4556 4557
f 4461 4463 4531
f 4531 4463 4513
f 4531 4513 4511
f 4539 4558 4528
f 4528 4558 4555
f 4528 4555 4527
f 4527 4555 4557
f 4511 4509 4531
f 4531 4509 4507
f 4531 4507 4505
f 4559 4560 4531
f 4531 4560 4561
f 4525 4527 4531
f 4531 4527 4562
f 4531 4562 4559
f 4561 4563 4531
f 4531 4563 4564
f 4531 4564 4548
f 4429 4510 4427
f 4427 4510 4512
f 4427 4512 4425
f 4565 4566 4411
f 4421 4567 4419
f 4419 4567 4417
f 4568 4413 4415
f 4569 4570 4571
f 4431 4506 4429
f 4429 4506 4508
f 4429 4508 4510
f 4439 4494 4437
f 4437 4494 4496
f 4437 4496 4435
f 4423 4572 4421
f 4421 4572 4573
f 4421 4573 4574
f 4496 4498 4435
f 4435 4498 4500
f 4435 4500 4433
f 4433 4500 4502
f 4433 4502 4431
f 4431 4502 4504
f 4431 4504 4506
f 4441 4490 4439
f 4439 4490 4492
f 4439 4492 4494
f 4575 4576 4411
f 4411 4576 4577
f 4411 4577 4565
f 4411 4484 4443
f 4443 4484 4486
f 4443 4486 4441
f 4441 4486 4488
f 4441 4488 4490
f 4574 4578 4421
f 4421 4578 4579
f 4421 4579 4567
f 4512 4514 4425
f 4425 4514 4471
f 4425 4471 4423
f 4423 4471 4476
f 4423 4476 4572
f 4570 4580 4571
f 4571 4580 4581
f 4571 4581 4582
f 4582 4581 4583
f 4582 4583 4584
f 4584 4583 4585
f 4566 4445 4411
f 4411 4445 4447
f 4411 4447 4478
f 4586 4587 4571
f 4571 4587 4588
f 4571 4588 4569
f 4569 4588 4589
f 4569 4589 4590
f 4591 4592 4411
f 4411 4592 4593
f 4478 4480 4411
f 4411 4480 4482
f 4411 4482 4484
f 4571 4594 4586
f 4586 4594 4568
f 4586 4568 4567
f 4567 4568 4415
f 4567 4415 4417
f 4413 4568 4411
f 4411 4568 4595
f 4411 4595 4591
f 4593 4596 4411
f 4411 4596 4597
f 4411 4597 4575
f 4598 4599 4600
f 4601 4602 4603
f 4604 4605 4606
f 4607 4608 4609
f 4610 4611 4612
f 4612 4611 4613
f 4612 4613 4614
f 4614 4613 4615
f 4616 4617 4613
f 4613 4617 4618
f 4613 4618 4615
f 4613 4619 4616
f 4616 4619 4620
f 4616 4620 4621
f 4621 4620 4622
f 4622 4620 4623
f 4622 4623 4624
f 4625 4626 4627
f 4627 4626 4628
f 4627 4628 4629
f 4629 4630 4627
f 4627 4630 4631
f 4627 4631 4623
f 4623 4631 4632
f 4623 4632 4624
f 4633 4634 4635
f 4635 4634 4636
f 4635 4636 4627
f 4627 4636 4637
f 4627 4637 4625
f 4633 4635 4638
f 4638 4635 4639
f 4638 4639 4640
f 4641 4642 4643
f 4643 4642 4644
f 4643 4644 4639
f 4639 4644 4645
f 4639 4645 4640
f 4641 4643 4646
f 4646 4643 4647
f 4646 4647 4648
f 4649 4650 4651
f 4651 4650 4652
f 4651 4652 4647
f 4647 4652 4653
f 4647 4653 4648
f 4649 4651 4654
f 4654 4651 4655
f 4654 4655 4656
f 4657 4658 4655
f 4655 4658 4659
f 4655 4659 4656
f 4608 4660 4609
f 4609 4660 4661
f 4609 4661 4657
f 4657 4661 4662
f 4657 4662 4658
f 4607 4609 4663
f 4663 4609 4664
f 4663 4664 4665
f 4665 4664 4666
f 4666 4664 4667
f 4666 4667 4668
f 4669 4670 4667
f 4667 4670 4671
f 4667 4671 4668
f 4672 4673 4674
f 4674 4673 4675
f 4674 4675 4669
f 4669 4675 4676
f 4669 4676 4670
f 4605 4677 4606
f 4606 4677 4678
f 4606 4678 4674
f 4674 4678 4679
f 4674 4679 4672
f 4604 4606 4680
f 4680 4606 4681
f 4680 4681 4682
f 4683 4684 4681
f 4681 4684 4685
f 4681 4685 4682
f 4686 4687 4688
f 4688 4687 4689
f 4688 4689 4690
f 4690 4689 4691
f 4690 4691 4681
f 4681 4691 4692
f 4681 4692 4683
f 4693 4694 4695
f 4695 4694 4696
f 4696 4697 4695
f 4695 4697 4698
f 4695 4698 4688
f 4688 4698 4699
f 4688 4699 4686
f 4700 4701 4702
f 4700 4702 4695
f 4695 4702 4703
f 4695 4703 4693
f 4704 4705 4700
f 4700 4705 4706
f 4700 4706 4701
f 4707 4708 4709
f 4709 4708 4710
f 4709 4710 4704
f 4704 4710 4711
f 4704 4711 4705
f 4712 4713 4709
f 4709 4713 4714
f 4709 4714 4707
f 4602 4715 4603
f 4603 4715 4716
f 4603 4716 4712
f 4712 4716 4717
f 4712 4717 4713
f 4601 4603 4718
f 4718 4603 4719
f 4718 4719 4720
f 4721 4722 4719
f 4719 4722 4723
f 4719 4723 4720
f 4724 4725 4726
f 4726 4725 4727
f 4726 4727 4721
f 4721 4727 4728
f 4721 4728 4722
f 4729 4730 4726
f 4726 4730 4731
f 4726 4731 4724
f 4732 4733 4734
f 4734 4733 4735
f 4734 4735 4729
f 4729 4735 4736
f 4729 4736 4730
f 4732 4734 4737
f 4737 4734 4738
f 4737 4738 4739
f 4599 4740 4600
f 4600 4740 4741
f 4600 4741 4738
f 4738 4741 4742
f 4738 4742 4739
f 4610 4743 4611
f 4611 4743 4744
f 4611 4744 4600
f 4600 4744 4745
f 4600 4745 4598
f 4211 4623 4407
f 4407 4623 4620
f 4407 4620 4409
f 4409 4620 4619
f 4409 4619 4357
f 4395 4681 4269
f 4269 4681 4606
f 4269 4606 4288
f 4288 4606 4674
f 4288 4674 4283
f 4300 4695 4393
f 4393 4695 4688
f 4393 4688 4395
f 4395 4688 4690
f 4395 4690 4681
f 4674 4669 4283
f 4283 4669 4667
f 4283 4667 4259
f 4259 4667 4664
f 4259 4664 4397
f 4397 4664 4609
f 4397 4609 4399
f 4399 4609 4657
f 4399 4657 4401
f 4401 4657 4655
f 4401 4655 4403
f 4403 4655 4651
f 4403 4651 4405
f 4405 4651 4647
f 4405 4647 4221
f 4221 4647 4643
f 4221 4643 4222
f 4222 4643 4639
f 4222 4639 4242
f 4242 4639 4635
f 4242 4635 4211
f 4211 4635 4627
f 4211 4627 4623
f 4619 4613 4357
f 4357 4613 4611
f 4357 4611 4355
f 4355 4611 4600
f 4355 4600 4380
f 4380 4600 4738
f 4380 4738 4372
f 4372 4738 4734
f 4372 4734 4375
f 4375 4734 4729
f 4375 4729 4385
f 4385 4729 4726
f 4385 4726 4387
f 4387 4726 4721
f 4387 4721 4389
f 4389 4721 4719
f 4389 4719 4391
f 4391 4719 4603
f 4391 4603 4318
f 4318 4603 4712
f 4318 4712 4330
f 4330 4712 4709
f 4330 4709 4303
f 4303 4709 4704
f 4303 4704 4300
f 4300 4704 4700
f 4300 4700 4695
f 4363 4349 4410
f 4410 4349 4339
f 4410 4339 4408
f 4296 4394 4396
f 4209 4408 4215
f 4215 4408 4339
f 4215 4339 4213
f 4213 4339 4341
f 4213 4341 4232
f 4232 4341 4336
f 4232 4336 4406
f 4406 4336 4386
f 4406 4386 4404
f 4404 4386 4388
f 4404 4388 4402
f 4402 4388 4390
f 4402 4390 4400
f 4400 4390 4392
f 4400 4392 4398
f 4398 4392 4323
f 4398 4323 4250
f 4250 4323 4308
f 4250 4308 4248
f 4248 4308 4310
f 4248 4310 4266
f 4266 4310 4296
f 4266 4296 4275
f 4275 4296 4396
f 4746 4747 4748
f 4748 4747 4749
f 4748 4749 4750
f 4751 4752 4753
f 4753 4752 4754
f 4753 4754 4755
f 4756 4757 4758
f 4756 4758 4759
f 4760 4761 4762
f 4762 4761 4763
f 4762 4763 4758
f 4758 4763 4764
f 4758 4764 4759
f 4765 4766 4767
f 4767 4766 4768
f 4767 4768 4769
f 4769 4768 4770
f 4770 4771 4769
f 4769 4771 4772
f 4769 4772 4773
f 4774 4775 4776
f 4776 4775 4777
f 4776 4777 4778
f 4779 4780 4781
f 4781 4780 4782
f 4781 4782 4783
f 4784 4785 4786
f 4784 4786 4787
f 4787 4786 4788
f 4787 4788 4789
f 4789 4790 4787
f 4787 4790 4791
f 4787 4791 4792
f 4753 4793 4751
f 4751 4793 4787
f 4751 4787 4794
f 4794 4787 4792
f 4795 4796 4797
f 4797 4796 4798
f 4797 4798 4799
f 4799 4800 4797
f 4797 4800 4786
f 4797 4786 4801
f 4801 4786 4785
f 4802 4795 4803
f 4803 4795 4797
f 4803 4797 4804
f 4804 4797 4805
f 4804 4805 4806
f 4807 4808 4757
f 4806 4809 4804
f 4804 4809 4810
f 4804 4810 4811
f 4811 4810 4807
f 4811 4807 4812
f 4812 4807 4757
f 4808 4813 4757
f 4757 4813 4814
f 4757 4814 4758
f 4815 4816 4817
f 4818 4760 4819
f 4819 4760 4762
f 4818 4820 4760
f 4760 4820 4821
f 4760 4821 4822
f 4822 4821 4823
f 4824 4825 4817
f 4817 4825 4826
f 4817 4826 4827
f 4823 4821 4817
f 4817 4821 4828
f 4817 4828 4824
f 4829 4830 4827
f 4827 4830 4831
f 4827 4831 4817
f 4817 4831 4832
f 4817 4832 4815
f 4829 4827 4833
f 4833 4827 4834
f 4833 4834 4835
f 4835 4836 4833
f 4833 4836 4837
f 4833 4837 4838
f 4839 4748 4837
f 4837 4748 4750
f 4750 4840 4837
f 4837 4840 4841
f 4837 4841 4842
f 4842 4843 4837
f 4837 4843 4844
f 4837 4844 4838
f 4845 4846 4847
f 4848 4765 4849
f 4849 4765 4767
f 4848 4850 4765
f 4765 4850 4851
f 4765 4851 4852
f 4852 4851 4853
f 4854 4855 4847
f 4847 4855 4856
f 4847 4856 4857
f 4853 4851 4847
f 4847 4851 4858
f 4847 4858 4854
f 4859 4860 4857
f 4857 4860 4861
f 4857 4861 4847
f 4847 4861 4862
f 4847 4862 4845
f 4859 4857 4863
f 4863 4857 4864
f 4863 4864 4865
f 4865 4866 4863
f 4863 4866 4867
f 4863 4867 4868
f 4869 4776 4867
f 4867 4776 4778
f 4778 4870 4867
f 4867 4870 4871
f 4867 4871 4872
f 4872 4873 4867
f 4867 4873 4874
f 4867 4874 4868
f 4875 4876 4877
f 4875 4877 4878
f 4878 4877 4879
f 4878 4879 4880
f 4880 4881 4878
f 4878 4881 4882
f 4878 4882 4883
f 4781 4884 4779
f 4779 4884 4878
f 4779 4878 4885
f 4885 4878 4883
f 4886 4887 4888
f 4888 4887 4889
f 4888 4889 4890
f 4890 4891 4888
f 4888 4891 4877
f 4888 4877 4892
f 4892 4877 4876
f 4893 4886 4894
f 4894 4886 4888
f 4894 4888 4895
f 4895 4888 4896
f 4895 4896 4897
f 4898 4899 4773
f 4897 4900 4895
f 4895 4900 4901
f 4895 4901 4902
f 4902 4901 4898
f 4902 4898 4903
f 4903 4898 4773
f 4899 4904 4773
f 4773 4904 4905
f 4773 4905 4769
f 4906 4518 4907
f 4907 4518 4523
f 4907 4523 4908
f 4908 4523 4524
f 4908 4524 4909
f 4909 4524 4533
f 4909 4533 4910
f 4910 4533 4542
f 4910 4542 4911
f 4911 4542 4541
f 4911 4541 4912
f 4912 4541 4528
f 4912 4528 4913
f 4913 4528 4526
f 4913 4526 4914
f 4914 4526 4525
f 4914 4525 4915
f 4915 4525 4531
f 4915 4531 4916
f 4916 4531 4532
f 4916 4532 4917
f 4917 4532 4520
f 4917 4520 4918
f 4918 4520 4521
f 4918 4521 4919
f 4919 4521 4522
f 4919 4522 4920
f 4920 4522 4529
f 4920 4529 4921
f 4921 4529 4530
f 4921 4530 4922
f 4922 4530 4519
f 4922 4519 4906
f 4906 4519 4518
f 4685 4684 4923
f 4924 4925 4926
f 4924 4926 4927
f 4927 4926 4928
f 4927 4928 4929
f 4930 4931 4928
f 4928 4931 4932
f 4928 4932 4929
f 4816 4933 4930
f 4930 4933 4934
f 4930 4934 4931
f 4935 4679 4678
f 4936 4935 4937
f 4925 4936 4938
f 4935 4678 4937
f 4937 4678 4677
f 4937 4677 4939
f 4939 4677 4605
f 4939 4605 4940
f 4605 4604 4940
f 4940 4604 4680
f 4940 4680 4941
f 4941 4680 4682
f 4941 4682 4942
f 4936 4937 4938
f 4938 4937 4939
f 4938 4939 4943
f 4943 4939 4940
f 4943 4940 4944
f 4944 4940 4941
f 4944 4941 4945
f 4945 4941 4942
f 4945 4942 4946
f 4685 4923 4682
f 4682 4923 4942
f 4942 4923 4947
f 4942 4947 4946
f 4946 4947 4948
f 4946 4948 4949
f 4925 4938 4926
f 4926 4938 4943
f 4926 4943 4928
f 4928 4943 4944
f 4928 4944 4930
f 4930 4944 4945
f 4930 4945 4950
f 4950 4945 4946
f 4950 4946 4951
f 4951 4946 4949
f 4951 4949 4952
f 4816 4930 4817
f 4817 4930 4950
f 4817 4950 4823
f 4823 4950 4951
f 4823 4951 4822
f 4822 4951 4952
f 4822 4952 4760
f 4923 4684 4683
f 4948 4947 4953
f 4953 4947 4923
f 4760 4952 4954
f 4954 4952 4949
f 4954 4949 4948
f 4923 4683 4953
f 4953 4683 4692
f 4953 4692 4955
f 4955 4692 4691
f 4955 4691 4956
f 4691 4689 4956
f 4956 4689 4687
f 4956 4687 4957
f 4687 4686 4957
f 4957 4686 4699
f 4957 4699 4958
f 4958 4699 4698
f 4958 4698 4959
f 4948 4953 4954
f 4954 4953 4955
f 4954 4955 4960
f 4960 4955 4956
f 4960 4956 4961
f 4961 4956 4957
f 4961 4957 4962
f 4962 4957 4958
f 4962 4958 4963
f 4963 4958 4959
f 4963 4959 4964
f 4760 4954 4761
f 4761 4954 4960
f 4761 4960 4763
f 4763 4960 4961
f 4763 4961 4764
f 4764 4961 4962
f 4764 4962 4759
f 4759 4962 4963
f 4759 4963 4756
f 4756 4963 4964
f 4756 4964 4757
f 4965 4966 4967
f 4967 4966 4968
f 4967 4968 4969
f 4968 4970 4969
f 4969 4970 4971
f 4969 4971 4972
f 4971 4973 4972
f 4972 4973 4974
f 4972 4974 4975
f 4975 4974 4976
f 4975 4976 4977
f 4977 4976 4978
f 4977 4978 4979
f 4979 4978 4980
f 4979 4980 4981
f 4981 4980 4982
f 4981 4982 4983
f 4984 4985 4986
f 4986 4985 4987
f 4986 4987 4988
f 4988 4987 4983
f 4988 4983 4989
f 4989 4983 4982
f 4990 4991 4992
f 4992 4991 4993
f 4992 4993 4984
f 4984 4993 4994
f 4984 4994 4985
f 4936 4995 4935
f 4935 4995 4672
f 4935 4672 4679
f 4996 4636 4634
f 4996 4634 4997
f 4998 4999 5000
f 5000 4999 5001
f 5000 5001 5002
f 5003 5004 5000
f 5000 5004 5005
f 5000 5005 4998
f 5003 5000 5006
f 5006 5000 5007
f 5006 5007 5008
f 5008 5007 5009
f 5008 5009 5010
f 5009 5011 5010
f 5010 5011 5012
f 5010 5012 5013
f 4967 5014 4965
f 4965 5014 5013
f 4965 5013 5015
f 5015 5013 5012
f 4634 4633 4997
f 4997 4633 4638
f 4997 4638 5016
f 5016 4638 4640
f 5016 4640 5017
f 4640 4645 5017
f 5017 4645 4644
f 5017 4644 5018
f 5018 4644 4642
f 5018 4642 5019
f 4642 4641 5019
f 5019 4641 4646
f 5019 4646 5020
f 5020 4646 4648
f 5020 4648 5021
f 4648 4653 5021
f 5021 4653 4652
f 5021 4652 5022
f 5022 4652 4650
f 5022 4650 5023
f 4650 4649 5023
f 5023 4649 4654
f 5023 4654 5024
f 5024 4654 4656
f 5024 4656 5025
f 5025 4656 4659
f 5025 4659 4658
f 4662 5026 4658
f 4658 5026 5027
f 4658 5027 5025
f 4662 4661 5026
f 5026 4661 4660
f 5026 4660 5028
f 5028 4660 4608
f 5028 4608 5029
f 4608 4607 5029
f 5029 4607 4663
f 5029 4663 5030
f 5030 4663 4665
f 5030 4665 5031
f 5031 4665 4666
f 5031 4666 4668
f 4671 5032 4668
f 4668 5032 5033
f 4668 5033 5031
f 4671 4670 5032
f 5032 4670 4676
f 5032 4676 5034
f 5034 4676 4675
f 5034 4675 5035
f 5035 4675 4995
f 4995 4675 4673
f 4995 4673 4672
f 4924 5036 4925
f 4925 5036 4990
f 4925 4990 4936
f 4936 4990 4992
f 4936 4992 4995
f 4995 4992 4984
f 4995 4984 5035
f 5035 4984 4986
f 5035 4986 5034
f 5034 4986 4988
f 5034 4988 5032
f 5032 4988 4989
f 5032 4989 5033
f 5033 4989 4982
f 5033 4982 5031
f 5031 4982 4980
f 5031 4980 5030
f 5030 4980 4978
f 5030 4978 5029
f 5029 4978 4976
f 5029 4976 5028
f 5028 4976 4974
f 5028 4974 5026
f 5026 4974 4973
f 5026 4973 5027
f 5027 4973 4971
f 5027 4971 5025
f 5025 4971 4970
f 5025 4970 5024
f 5024 4970 4968
f 5024 4968 5023
f 5023 4968 4966
f 5023 4966 5022
f 5022 4966 4965
f 5022 4965 5021
f 5021 4965 5015
f 5021 5015 5020
f 5020 5015 5012
f 5020 5012 5019
f 5019 5012 5011
f 5019 5011 5018
f 5018 5011 5009
f 5018 5009 5017
f 5017 5009 5007
f 5017 5007 5016
f 5016 5007 5000
f 5016 5000 4997
f 4997 5000 5002
f 4997 5002 4996
f 5037 5038 5039
f 4802 5040 5041
f 5041 5040 5042
f 5041 5042 5043
f 5043 5042 5044
f 5044 5042 5039
f 5044 5039 5045
f 5045 5039 5038
f 5045 5038 5046
f 4959 4698 4697
f 4964 4959 5047
f 5048 4812 5049
f 5049 4812 4757
f 5049 4757 4964
f 4959 4697 5047
f 5047 4697 4696
f 5047 4696 5050
f 5050 4696 4694
f 5050 4694 5051
f 4802 4803 5040
f 5040 4803 4804
f 5040 4804 5048
f 5048 4804 4811
f 5048 4811 4812
f 4706 5052 4701
f 4701 5052 5053
f 4701 5053 4702
f 4702 5053 5054
f 4702 5054 4703
f 4703 5054 5051
f 4703 5051 4693
f 4693 5051 4694
f 4964 5047 5049
f 5049 5047 5050
f 5049 5050 5048
f 5048 5050 5051
f 5048 5051 5040
f 5040 5051 5054
f 5040 5054 5042
f 5042 5054 5053
f 5042 5053 5039
f 5039 5053 5052
f 5039 5052 5037
f 5001 4999 5055
f 4893 5056 5057
f 5057 5056 5058
f 5057 5058 5059
f 5059 5058 5060
f 5060 5058 5055
f 5060 5055 5061
f 5061 5055 4999
f 5061 4999 4998
f 5062 4631 4630
f 5063 5062 5064
f 5065 4903 5066
f 5066 4903 4773
f 5066 4773 5063
f 4893 4894 5056
f 5056 4894 4895
f 5056 4895 5065
f 5065 4895 4902
f 5065 4902 4903
f 5062 4630 5064
f 5064 4630 4629
f 5064 4629 5067
f 5067 4629 4628
f 5067 4628 5068
f 5068 4628 4626
f 5068 4626 5069
f 4637 4636 4996
f 4626 4625 5069
f 5069 4625 4637
f 5069 4637 5070
f 5070 4637 4996
f 5070 4996 5002
f 5063 5064 5066
f 5066 5064 5067
f 5066 5067 5065
f 5065 5067 5068
f 5065 5068 5056
f 5056 5068 5069
f 5056 5069 5058
f 5058 5069 5070
f 5058 5070 5055
f 5055 5070 5002
f 5055 5002 5001
f 5037 5071 5038
f 5038 5071 5072
f 5038 5072 5046
f 5073 5074 5075
f 5075 5074 5076
f 5075 5076 5037
f 5037 5076 5077
f 5037 5077 5071
f 5075 5078 5073
f 5073 5078 5079
f 5073 5079 5080
f 5079 5081 5080
f 5080 5081 5082
f 5080 5082 5083
f 5083 5082 5084
f 5083 5084 5085
f 5084 5086 5085
f 5085 5086 5087
f 5085 5087 5088
f 5088 5087 5089
f 5088 5089 5090
f 5089 5091 5090
f 5090 5091 5092
f 5090 5092 5093
f 5092 5094 5093
f 5093 5094 5095
f 5093 5095 5096
f 5096 5095 5097
f 5096 5097 5098
f 5098 5097 5099
f 5098 5099 5100
f 5100 5099 5101
f 5100 5101 5102
f 5102 5101 5103
f 5102 5103 5104
f 5104 5103 5105
f 5104 5105 5106
f 5106 5105 5107
f 5106 5107 5108
f 5108 5107 5109
f 5108 5109 5110
f 5110 5109 5111
f 5110 5111 5112
f 5113 5114 5115
f 5115 5114 5116
f 5115 5116 5111
f 5111 5116 5117
f 5111 5117 5112
f 5052 4706 4705
f 5037 5052 5118
f 5052 4705 5118
f 5118 4705 4711
f 5118 4711 5119
f 4711 4710 5119
f 5119 4710 4708
f 5119 4708 5120
f 5120 4708 4707
f 5120 4707 5121
f 4707 4714 5121
f 5121 4714 4713
f 5121 4713 5122
f 5122 4713 4717
f 5122 4717 5123
f 4717 4716 5123
f 5123 4716 4715
f 5123 4715 5124
f 5124 4715 4602
f 5124 4602 5125
f 4602 4601 5125
f 5125 4601 4718
f 5125 4718 5126
f 5126 4718 4720
f 5126 4720 5127
f 5127 4720 4723
f 5127 4723 4722
f 4728 5128 4722
f 4722 5128 5129
f 4722 5129 5127
f 4728 4727 5128
f 5128 4727 4725
f 5128 4725 5130
f 5130 4725 4724
f 5130 4724 5131
f 4724 4731 5131
f 5131 4731 4730
f 5131 4730 5132
f 5132 4730 4736
f 5132 4736 5133
f 5133 4736 4735
f 5133 4735 4733
f 4732 5134 4733
f 4733 5134 5135
f 4733 5135 5133
f 4732 4737 5134
f 5134 4737 4739
f 5134 4739 5136
f 5136 4739 4742
f 5136 4742 5137
f 4598 5138 4599
f 4599 5138 5139
f 4599 5139 4740
f 4740 5139 5137
f 4740 5137 4741
f 4741 5137 4742
f 5037 5118 5075
f 5075 5118 5119
f 5075 5119 5078
f 5078 5119 5120
f 5078 5120 5079
f 5079 5120 5121
f 5079 5121 5081
f 5081 5121 5122
f 5081 5122 5082
f 5082 5122 5123
f 5082 5123 5084
f 5084 5123 5124
f 5084 5124 5086
f 5086 5124 5125
f 5086 5125 5087
f 5087 5125 5126
f 5087 5126 5089
f 5089 5126 5127
f 5089 5127 5091
f 5091 5127 5129
f 5091 5129 5092
f 5092 5129 5128
f 5092 5128 5094
f 5094 5128 5130
f 5094 5130 5095
f 5095 5130 5131
f 5095 5131 5097
f 5097 5131 5132
f 5097 5132 5099
f 5099 5132 5133
f 5099 5133 5101
f 5101 5133 5135
f 5101 5135 5103
f 5103 5135 5134
f 5103 5134 5105
f 5105 5134 5136
f 5105 5136 5107
f 5107 5136 5137
f 5107 5137 5109
f 5109 5137 5139
f 5109 5139 5111
f 5111 5139 5138
f 5111 5138 5115
f 5140 5141 5142
f 4615 4618 5143
f 5143 4618 5144
f 5143 5144 5141
f 5140 5142 4765
f 4631 5062 4632
f 4632 5062 5145
f 4632 5145 4624
f 4624 5145 5146
f 4624 5146 4622
f 4622 5146 5147
f 4622 5147 4621
f 4621 5147 5148
f 4621 5148 4616
f 4616 5148 5144
f 4616 5144 4617
f 4617 5144 4618
f 5141 5144 5142
f 5142 5144 5148
f 5142 5148 5149
f 5149 5148 5147
f 5149 5147 5150
f 5150 5147 5146
f 5150 5146 5151
f 5151 5146 5145
f 5151 5145 5152
f 5152 5145 5062
f 5152 5062 5063
f 4765 5142 4766
f 4766 5142 5149
f 4766 5149 4768
f 4768 5149 5150
f 4768 5150 4770
f 4770 5150 5151
f 4770 5151 4771
f 4771 5151 5152
f 4771 5152 4772
f 4772 5152 5063
f 4772 5063 4773
f 4743 4610 5153
f 5154 5155 5156
f 5154 5156 5157
f 4847 4846 5158
f 5158 4846 5159
f 5158 5159 5160
f 5138 4598 4745
f 4745 5161 5138
f 5138 5161 5162
f 5138 5162 5115
f 5115 5162 5163
f 5115 5163 5113
f 5113 5163 5164
f 4745 4744 5161
f 5161 4744 5165
f 5161 5165 5162
f 5162 5165 5166
f 5162 5166 5163
f 5163 5166 5156
f 5163 5156 5164
f 5164 5156 5155
f 4744 4743 5165
f 5165 4743 5153
f 5165 5153 5166
f 5166 5153 5167
f 5166 5167 5156
f 5156 5167 5158
f 5156 5158 5157
f 5157 5158 5160
f 4610 4612 5153
f 5153 4612 5168
f 5153 5168 5167
f 5167 5168 5169
f 5167 5169 5158
f 5158 5169 5170
f 5158 5170 4847
f 4847 5170 4853
f 4852 4853 5171
f 5171 4853 5170
f 5171 5170 5172
f 5172 5170 5169
f 5172 5169 5173
f 5173 5169 5168
f 5173 5168 4614
f 4614 5168 4612
f 4765 4852 5140
f 5140 4852 5171
f 5140 5171 5141
f 5141 5171 5172
f 5141 5172 5143
f 5143 5172 5173
f 5143 5173 4615
f 4615 5173 4614
f 5174 5175 5176
f 5176 5175 5177
f 5176 5177 5178
f 5178 5179 5176
f 5176 5179 5180
f 5176 5180 5181
f 4568 4594 5182
f 5182 4594 5176
f 5182 5176 5183
f 5183 5176 5181
f 4839 5184 5176
f 5176 5184 5185
f 5176 5185 5186
f 5186 5187 5176
f 5176 5187 5188
f 5176 5188 5174
f 4594 4571 5176
f 5176 4571 5189
f 5176 5189 4839
f 4839 5189 4748
f 4746 4748 5189
f 5190 5191 5189
f 5189 5191 5192
f 5189 5192 5193
f 5194 4746 5195
f 5195 4746 5189
f 5195 5189 5196
f 5196 5189 5193
f 5189 4571 4582
f 4582 5197 5189
f 5189 5197 5198
f 5189 5198 5199
f 5199 5200 5189
f 5189 5200 5201
f 5189 5201 5190
f 5202 4884 5203
f 5202 5203 5204
f 5205 5204 5206
f 5206 5204 5203
f 5206 5203 5207
f 5207 5203 5208
f 4567 5209 4586
f 4586 5209 5210
f 4586 5210 5203
f 5203 5210 5211
f 5203 5211 5212
f 5212 5213 5203
f 5203 5213 5214
f 5203 5214 5208
f 4884 4781 5203
f 5203 4781 5215
f 5203 5215 4586
f 4586 5215 4587
f 5216 5215 5217
f 5217 5215 5218
f 4588 4587 5219
f 5219 4587 5215
f 5219 5215 5220
f 5220 5215 5216
f 5221 5222 4783
f 4783 5222 5215
f 4783 5215 4781
f 5222 5223 5215
f 5215 5223 5224
f 5215 5224 5225
f 5225 5226 5215
f 5215 5226 5227
f 5215 5227 5218
f 5228 5229 5230
f 5230 5229 5231
f 5230 5231 5232
f 5232 5233 5230
f 5230 5233 5234
f 5230 5234 5235
f 4527 4557 5236
f 5236 4557 5230
f 5236 5230 5237
f 5237 5230 5235
f 4869 5238 5230
f 5230 5238 5239
f 5230 5239 5240
f 5240 5241 5230
f 5230 5241 5242
f 5230 5242 5228
f 4557 4556 5230
f 5230 4556 5243
f 5230 5243 4869
f 4869 5243 4776
f 4774 4776 5243
f 5244 5245 5243
f 5243 5245 5246
f 5243 5246 5247
f 5248 4774 5249
f 5249 4774 5243
f 5249 5243 5250
f 5250 5243 5247
f 5243 4556 4554
f 4554 5251 5243
f 5243 5251 5252
f 5243 5252 5253
f 5253 5254 5243
f 5243 5254 5255
f 5243 5255 5244
f 5256 4793 5257
f 5256 5257 5258
f 5259 5258 5260
f 5260 5258 5257
f 5260 5257 5261
f 5261 5257 5262
f 4540 5263 4545
f 4545 5263 5264
f 4545 5264 5257
f 5257 5264 5265
f 5257 5265 5266
f 5266 5267 5257
f 5257 5267 5268
f 5257 5268 5262
f 4793 4753 5257
f 5257 4753 5269
f 5257 5269 4545
f 4545 5269 4546
f 5270 5269 5271
f 5271 5269 5272
f 4547 4546 5273
f 5273 4546 5269
f 5273 5269 5274
f 5274 5269 5270
f 5275 5276 4755
f 4755 5276 5269
f 4755 5269 4753
f 5276 5277 5269
f 5269 5277 5278
f 5269 5278 5279
f 5279 5280 5269
f 5269 5280 5281
f 5269 5281 5272
f 5085 5282 5283
f 5085 5283 5083
f 5283 5284 5083
f 5083 5284 5285
f 5083 5285 5286
f 5287 5288 5289
f 5289 5288 5088
f 5088 5288 5085
f 5085 5288 5290
f 5085 5290 5282
f 5291 5292 5080
f 5292 5293 5080
f 5080 5293 5294
f 5080 5294 5073
f 5286 5295 5083
f 5083 5295 5296
f 5083 5296 5080
f 5080 5296 5297
f 5080 5297 5291
f 5289 5088 5090
f 5096 5298 5093
f 5093 5298 5299
f 5093 5299 5090
f 5090 5299 5300
f 5090 5300 5289
f 5100 5301 5098
f 5098 5301 5302
f 5098 5302 5096
f 5096 5302 5303
f 5096 5303 5298
f 5304 5305 5102
f 5102 5305 5306
f 5102 5306 5100
f 5100 5306 5307
f 5100 5307 5301
f 5301 5307 5308
f 5309 5310 5311
f 5304 5102 5311
f 5311 5102 5104
f 5311 5104 5309
f 5110 5312 5108
f 5108 5312 5313
f 5108 5313 5314
f 5314 5315 5108
f 5108 5315 5316
f 5108 5316 5106
f 5106 5316 5317
f 5106 5317 5104
f 5104 5317 5318
f 5104 5318 5309
f 5014 5319 5320
f 5014 5320 5013
f 5320 5321 5013
f 5013 5321 5322
f 5013 5322 5323
f 5324 5325 5326
f 5326 5325 4967
f 4967 5325 5014
f 5014 5325 5327
f 5014 5327 5319
f 5328 5329 5010
f 5329 5330 5010
f 5010 5330 5331
f 5010 5331 5008
f 5323 5332 5013
f 5013 5332 5333
f 5013 5333 5010
f 5010 5333 5334
f 5010 5334 5328
f 5326 4967 5335
f 5335 4967 4969
f 5335 4969 5336
f 5336 4969 4972
f 4979 5337 4977
f 4977 5337 5338
f 4977 5338 4975
f 4975 5338 5339
f 4975 5339 4972
f 4972 5339 5340
f 4972 5340 5336
f 5341 5337 5342
f 5342 5337 4979
f 5342 4979 5343
f 5343 4979 4981
f 5343 4981 5344
f 5345 5346 5347
f 5348 5345 4983
f 4983 5345 5347
f 4983 5347 4981
f 4981 5347 5349
f 4981 5349 5344
f 4985 5350 4987
f 4987 5350 5351
f 4987 5351 5352
f 5352 5353 4987
f 4987 5353 5354
f 4987 5354 4983
f 4983 5354 5355
f 4983 5355 5348
f 5036 4924 5356
f 5356 4924 4927
f 5356 4927 5357
f 5357 4927 4929
f 4991 4990 5358
f 4993 5359 4994
f 4994 5359 5360
f 4929 4932 5357
f 5357 4932 4931
f 5357 4931 4832
f 4832 4931 4934
f 4832 4934 4815
f 4815 4934 4933
f 4815 4933 4816
f 4832 4831 5357
f 5357 4831 4830
f 5357 4830 5356
f 5356 4830 4829
f 4833 5361 4829
f 4829 5361 5358
f 4829 5358 5356
f 5356 5358 4990
f 5356 4990 5036
f 4833 4838 5361
f 5361 4838 4844
f 5361 4844 5362
f 5362 4844 4843
f 5362 4843 5363
f 5363 4843 4842
f 5363 4842 5364
f 5364 4842 4841
f 5364 4841 5365
f 5365 4841 4840
f 5365 4840 5366
f 5366 5367 5365
f 5365 5367 5368
f 5365 5368 5364
f 5364 5368 5369
f 5364 5369 5363
f 5363 5369 5370
f 5363 5370 5362
f 5362 5370 5371
f 5362 5371 5361
f 5361 5371 5360
f 5361 5360 5358
f 5358 5360 5359
f 5358 5359 4991
f 4991 5359 4993
f 5348 5355 5367
f 5367 5355 5354
f 5367 5354 5368
f 5368 5354 5353
f 5368 5353 5369
f 5369 5353 5352
f 5369 5352 5370
f 5370 5352 5351
f 5370 5351 5371
f 5371 5351 5350
f 5371 5350 5360
f 5360 5350 4985
f 5360 4985 4994
f 5345 5348 5372
f 5372 5348 5367
f 5372 5367 5373
f 5373 5367 5366
f 5373 5366 4750
f 4750 5366 4840
f 5373 4750 4749
f 5372 5374 5375
f 5372 5375 5345
f 5345 5375 5376
f 5345 5376 5346
f 5377 5378 5379
f 5379 5378 5380
f 5380 5381 5379
f 5379 5381 5382
f 5379 5382 5383
f 4746 5194 4747
f 4747 5194 5377
f 4747 5377 4749
f 4749 5377 5379
f 4749 5379 5373
f 5373 5379 5383
f 5373 5383 5372
f 5372 5383 5384
f 5372 5384 5374
f 5385 5341 5342
f 5192 5380 5193
f 5193 5380 5378
f 5193 5378 5196
f 5196 5378 5377
f 5196 5377 5195
f 5195 5377 5194
f 5381 5386 5382
f 5382 5386 5387
f 5382 5387 5383
f 5347 5346 5376
f 5376 5375 5388
f 5388 5375 5374
f 5388 5374 5387
f 5387 5374 5384
f 5387 5384 5383
f 5389 5390 5391
f 5391 5390 5392
f 5391 5392 5393
f 5197 5394 5198
f 5198 5394 5395
f 5198 5395 5396
f 4582 4584 5197
f 5197 4584 4585
f 5197 4585 5394
f 5376 5388 5347
f 5347 5388 5397
f 5347 5397 5349
f 5396 5389 5198
f 5198 5389 5391
f 5198 5391 5199
f 5199 5391 5398
f 5199 5398 5200
f 5200 5398 5397
f 5200 5397 5201
f 5201 5397 5388
f 5201 5388 5190
f 5190 5388 5387
f 5190 5387 5191
f 5191 5387 5386
f 5191 5386 5192
f 5192 5386 5381
f 5192 5381 5380
f 5349 5397 5344
f 5344 5397 5398
f 5344 5398 5343
f 5343 5398 5391
f 5343 5391 5342
f 5342 5391 5393
f 5342 5393 5385
f 5396 5395 4583
f 4583 5395 5394
f 4583 5394 4585
f 5385 5338 5341
f 5341 5338 5337
f 5393 5392 5399
f 5399 5392 5390
f 5399 5390 5389
f 5400 5401 5402
f 5401 5403 5335
f 5335 5403 5324
f 5335 5324 5326
f 5404 5405 5402
f 5402 5405 5406
f 5402 5406 5400
f 4590 5407 4569
f 4569 5407 5408
f 4569 5408 5404
f 5401 5335 5402
f 5402 5335 5336
f 5402 5336 5409
f 5409 5336 5340
f 5409 5340 5410
f 5410 5340 5339
f 5410 5339 5411
f 5411 5339 5338
f 5411 5338 5399
f 5399 5338 5385
f 5399 5385 5393
f 5404 5402 4569
f 4569 5402 5409
f 4569 5409 4570
f 4570 5409 5410
f 4570 5410 4580
f 4580 5410 5411
f 4580 5411 4581
f 4581 5411 5399
f 4581 5399 4583
f 4583 5399 5389
f 4583 5389 5396
f 5325 5412 5413
f 5414 5322 5321
f 4588 5219 4589
f 4589 5219 4590
f 4590 5219 5407
f 5407 5219 5220
f 5407 5220 5408
f 5401 5400 5412
f 5412 5400 5406
f 5412 5406 5405
f 5401 5412 5403
f 5403 5412 5325
f 5403 5325 5324
f 5414 5321 5415
f 5415 5416 5417
f 5417 5416 5418
f 5417 5418 5419
f 5420 5421 5422
f 5422 5421 5423
f 5422 5423 5418
f 5418 5423 5424
f 5418 5424 5419
f 5225 5224 5420
f 5420 5224 5425
f 5425 5224 5223
f 5425 5223 5426
f 5426 5223 5222
f 5426 5222 5221
f 5415 5321 5416
f 5416 5321 5320
f 5416 5320 5427
f 5427 5320 5319
f 5427 5319 5413
f 5413 5319 5327
f 5413 5327 5325
f 5420 5422 5225
f 5225 5422 5418
f 5225 5418 5226
f 5226 5418 5416
f 5226 5416 5227
f 5227 5416 5427
f 5227 5427 5218
f 5218 5427 5413
f 5218 5413 5217
f 5217 5413 5412
f 5217 5412 5216
f 5216 5412 5405
f 5216 5405 5220
f 5220 5405 5404
f 5220 5404 5408
f 5421 5428 5423
f 5423 5428 5424
f 5421 5420 5428
f 5428 5420 5425
f 5428 5425 4780
f 4780 5425 5426
f 4780 5426 4782
f 4782 5426 5221
f 4782 5221 4783
f 5415 5417 5429
f 5415 5429 5414
f 5414 5429 5323
f 5414 5323 5322
f 5417 5419 5429
f 5429 5419 5424
f 5429 5424 5430
f 5430 5424 5428
f 5430 5428 4779
f 4779 5428 4780
f 5429 5430 5431
f 5005 5432 4998
f 4998 5432 5433
f 4998 5433 5061
f 5061 5433 5060
f 5059 5060 4889
f 4893 5057 4886
f 4886 5057 5059
f 4886 5059 4887
f 4887 5059 4889
f 5008 5434 5006
f 5006 5434 5435
f 5006 5435 5003
f 5060 5433 4889
f 4889 5433 5432
f 4889 5432 4890
f 4890 5432 5436
f 4890 5436 4891
f 5008 5331 5434
f 5434 5331 5330
f 5434 5330 5437
f 5437 5330 5329
f 5437 5329 5438
f 5438 5329 5328
f 5438 5328 5439
f 5439 5328 5334
f 5439 5334 5440
f 5440 5334 5333
f 5440 5333 5441
f 5441 5333 5332
f 5005 5004 5432
f 5432 5004 5003
f 5432 5003 5436
f 5436 5003 5435
f 5436 5435 5442
f 5442 5435 5434
f 5442 5434 5443
f 5443 5434 5437
f 5443 5437 5444
f 5444 5437 5438
f 5444 5438 5445
f 5445 5438 5439
f 5445 5439 5446
f 5446 5439 5440
f 5446 5440 5431
f 5431 5440 5441
f 5431 5441 5429
f 5429 5441 5332
f 5429 5332 5323
f 4891 5436 4877
f 4877 5436 5442
f 4877 5442 4879
f 4879 5442 5443
f 4879 5443 4880
f 4880 5443 5444
f 4880 5444 4881
f 4881 5444 5445
f 4881 5445 4882
f 4882 5445 5446
f 4882 5446 4883
f 4883 5446 5431
f 4883 5431 4885
f 4885 5431 5430
f 4885 5430 4779
f 5447 5448 5449
f 5072 5450 5046
f 5046 5450 5451
f 5046 5451 5045
f 5045 5451 5044
f 5043 5044 4798
f 4802 5041 4795
f 4795 5041 5043
f 4795 5043 4796
f 4796 5043 4798
f 5073 5452 5074
f 5074 5452 5453
f 5074 5453 5076
f 5076 5453 5077
f 5044 5451 4798
f 4798 5451 5450
f 4798 5450 4799
f 4799 5450 5454
f 4799 5454 4800
f 5073 5294 5452
f 5452 5294 5293
f 5452 5293 5455
f 5455 5293 5292
f 5455 5292 5456
f 5456 5292 5291
f 5456 5291 5457
f 5457 5291 5297
f 5457 5297 5458
f 5458 5297 5296
f 5458 5296 5459
f 5459 5296 5295
f 5072 5071 5450
f 5450 5071 5077
f 5450 5077 5454
f 5454 5077 5453
f 5454 5453 5460
f 5460 5453 5452
f 5460 5452 5461
f 5461 5452 5455
f 5461 5455 5462
f 5462 5455 5456
f 5462 5456 5463
f 5463 5456 5457
f 5463 5457 5464
f 5464 5457 5458
f 5464 5458 5449
f 5449 5458 5459
f 5449 5459 5447
f 5447 5459 5295
f 5447 5295 5286
f 4800 5454 4786
f 4786 5454 5460
f 4786 5460 4788
f 4788 5460 5461
f 4788 5461 4789
f 4789 5461 5462
f 4789 5462 4790
f 4790 5462 5463
f 4790 5463 4791
f 4791 5463 5464
f 4791 5464 4792
f 4792 5464 5449
f 4792 5449 4794
f 4794 5449 5448
f 4794 5448 4751
f 4755 4754 5275
f 5275 4754 5465
f 4754 4752 5465
f 5465 4752 5466
f 5465 5466 5467
f 5467 5466 5468
f 5469 5470 5447
f 5469 5447 5471
f 5471 5447 5286
f 5471 5286 5285
f 5470 5472 5447
f 5447 5472 5468
f 5447 5468 5448
f 5448 5468 5466
f 5448 5466 4751
f 4751 5466 4752
f 5288 5473 5474
f 4515 4547 5273
f 5471 5285 5284
f 5471 5284 5469
f 5470 5469 5475
f 5470 5475 5472
f 5472 5475 5476
f 5472 5476 5468
f 5468 5476 5477
f 5468 5477 5467
f 5279 5278 5467
f 5467 5278 5277
f 5467 5277 5465
f 5465 5277 5276
f 5465 5276 5275
f 5274 5478 5273
f 5273 5478 4516
f 5273 4516 4515
f 5287 5479 5288
f 5288 5479 5480
f 5288 5480 5473
f 5473 5480 5481
f 5473 5481 5482
f 5469 5284 5475
f 5475 5284 5283
f 5475 5283 5483
f 5483 5283 5282
f 5483 5282 5474
f 5474 5282 5290
f 5474 5290 5288
f 5467 5477 5279
f 5279 5477 5476
f 5279 5476 5280
f 5280 5476 5475
f 5280 5475 5281
f 5281 5475 5483
f 5281 5483 5272
f 5272 5483 5474
f 5272 5474 5271
f 5271 5474 5473
f 5271 5473 5270
f 5270 5473 5482
f 5270 5482 5274
f 5274 5482 5484
f 5274 5484 5478
f 5482 5481 5485
f 5485 5481 5480
f 5289 5300 5287
f 5287 5300 5479
f 5484 4517 5478
f 5478 4517 4516
f 5486 5487 5488
f 5488 5487 5489
f 5489 5490 4553
f 4553 5490 5491
f 4553 5491 4551
f 5486 5302 5308
f 5308 5302 5301
f 5489 4553 5488
f 5488 4553 4555
f 5488 4555 5492
f 5492 4555 4558
f 5492 4558 5493
f 5493 4558 4539
f 5493 4539 5494
f 5494 4539 4517
f 5494 4517 5485
f 5485 4517 5484
f 5485 5484 5482
f 5486 5488 5302
f 5302 5488 5492
f 5302 5492 5303
f 5303 5492 5493
f 5303 5493 5298
f 5298 5493 5494
f 5298 5494 5299
f 5299 5494 5485
f 5299 5485 5300
f 5300 5485 5480
f 5300 5480 5479
f 5248 5249 5495
f 5311 5310 5496
f 5496 5497 5498
f 5497 5499 5498
f 5498 5499 5500
f 5498 5500 5501
f 5501 5500 5502
f 5501 5502 5503
f 5503 5502 5504
f 5489 5487 5505
f 5505 5487 5486
f 4554 4552 5251
f 5251 4552 4551
f 5251 4551 5252
f 5252 4551 5491
f 5252 5491 5490
f 5496 5498 5311
f 5311 5498 5506
f 5311 5506 5304
f 5249 5250 5495
f 5495 5250 5247
f 5495 5247 5504
f 5504 5247 5246
f 5504 5246 5503
f 5503 5246 5245
f 5503 5245 5501
f 5501 5245 5244
f 5501 5244 5498
f 5498 5244 5255
f 5498 5255 5506
f 5506 5255 5254
f 5506 5254 5507
f 5507 5254 5253
f 5507 5253 5505
f 5505 5253 5252
f 5505 5252 5489
f 5489 5252 5490
f 5304 5506 5305
f 5305 5506 5507
f 5305 5507 5306
f 5306 5507 5505
f 5306 5505 5307
f 5307 5505 5486
f 5307 5486 5308
f 5508 4778 4777
f 5509 5499 5497
f 5509 5497 5309
f 5309 5497 5496
f 5309 5496 5310
f 5502 5510 5504
f 5504 5510 5495
f 4774 5248 4775
f 4775 5248 5495
f 4775 5495 4777
f 4777 5495 5510
f 4777 5510 5508
f 5508 5510 5502
f 5508 5502 5509
f 5509 5502 5500
f 5509 5500 5499
f 4846 4845 5159
f 5159 4845 5160
f 5160 4845 4862
f 5160 4862 5157
f 5157 4862 5511
f 5157 5511 5154
f 5114 5113 5512
f 5512 5113 5164
f 5512 5164 5511
f 5511 5164 5155
f 5511 5155 5154
f 5117 5513 5112
f 5112 5513 5514
f 4862 4861 5511
f 5511 4861 4860
f 5511 4860 5512
f 5512 4860 4859
f 4863 5515 4859
f 4859 5515 5516
f 4859 5516 5512
f 5512 5516 5116
f 5512 5116 5114
f 4863 4868 5515
f 5515 4868 4874
f 5515 4874 5517
f 5517 4874 4873
f 5517 4873 5518
f 5518 4873 4872
f 5518 4872 5519
f 5519 4872 4871
f 5519 4871 5520
f 5520 4871 4870
f 5520 4870 5521
f 5521 5522 5520
f 5520 5522 5523
f 5520 5523 5519
f 5519 5523 5524
f 5519 5524 5518
f 5518 5524 5525
f 5518 5525 5517
f 5517 5525 5526
f 5517 5526 5515
f 5515 5526 5514
f 5515 5514 5516
f 5516 5514 5513
f 5516 5513 5116
f 5116 5513 5117
f 5318 5317 5522
f 5522 5317 5316
f 5522 5316 5523
f 5523 5316 5315
f 5523 5315 5524
f 5524 5315 5314
f 5524 5314 5525
f 5525 5314 5313
f 5525 5313 5526
f 5526 5313 5312
f 5526 5312 5514
f 5514 5312 5110
f 5514 5110 5112
f 5309 5318 5509
f 5509 5318 5522
f 5509 5522 5508
f 5508 5522 5521
f 5508 5521 4778
f 4778 5521 4870
f 5178 5527 5179
f 4577 5528 5529
f 5183 4591 5182
f 5182 4591 4595
f 5182 4595 4568
f 5183 5181 4591
f 4591 5181 5180
f 4591 5180 4592
f 5530 5531 4596
f 4596 5531 4597
f 4576 4575 5532
f 5532 4575 5533
f 4577 5529 4565
f 4565 5529 5534
f 4565 5534 4566
f 4566 5534 5535
f 4566 5535 4445
f 5188 5187 5536
f 5536 5187 5186
f 4839 4837 5184
f 5184 4837 4836
f 5184 4836 5185
f 5185 4836 4835
f 5185 4835 5186
f 4575 4597 5533
f 5533 4597 5531
f 5533 5531 5174
f 5174 5531 5530
f 5174 5530 5175
f 5175 5530 5177
f 4592 5180 4593
f 4593 5180 5179
f 4593 5179 4596
f 4596 5179 5527
f 4596 5527 5530
f 5530 5527 5178
f 5530 5178 5177
f 5186 4835 5536
f 5536 4835 4834
f 5536 4834 5537
f 4834 4827 5537
f 5537 4827 4826
f 5537 4826 5538
f 5538 4826 4825
f 5538 4825 5539
f 5539 4825 4824
f 5539 4824 5540
f 5540 4824 4828
f 5540 4828 5541
f 5542 5543 5544
f 5544 5543 5545
f 5544 5545 5546
f 5546 5545 5547
f 5546 5547 5541
f 5541 5547 5548
f 5541 5548 5540
f 5540 5548 5549
f 5540 5549 5539
f 5539 5549 5550
f 5539 5550 5538
f 5538 5550 5551
f 5538 5551 5537
f 5537 5551 5532
f 5537 5532 5536
f 5536 5532 5533
f 5536 5533 5188
f 5188 5533 5174
f 5543 5552 5545
f 5545 5552 5553
f 5545 5553 5547
f 5547 5553 5554
f 5547 5554 5548
f 5548 5554 5555
f 5548 5555 5549
f 5549 5555 5535
f 5549 5535 5550
f 5550 5535 5534
f 5550 5534 5551
f 5551 5534 5529
f 5551 5529 5532
f 5532 5529 5528
f 5532 5528 4576
f 4576 5528 4577
f 4828 4821 5541
f 5541 4821 4820
f 5541 4820 5546
f 5546 4820 4818
f 5546 4818 5544
f 5544 4818 4819
f 5544 4819 5542
f 5542 4819 4762
f 4762 5556 5542
f 5542 5556 5557
f 5542 5557 5543
f 5543 5557 5558
f 5543 5558 5552
f 5552 5558 5559
f 5552 5559 5560
f 4445 5535 4446
f 4446 5535 5555
f 4446 5555 4448
f 4448 5555 5554
f 4448 5554 4449
f 4449 5554 5553
f 4449 5553 4453
f 4453 5553 5552
f 4453 5552 4454
f 4454 5552 5560
f 4454 5560 4450
f 4451 4450 5561
f 5561 4450 5560
f 5561 5560 5562
f 5562 5560 5559
f 5562 5559 5563
f 5563 5559 5558
f 5563 5558 5564
f 5564 5558 5557
f 5564 5557 5565
f 5565 5557 5556
f 5565 5556 4758
f 4758 5556 4762
f 5260 5261 5566
f 4537 4536 5567
f 5567 4536 5568
f 5569 5570 4460
f 5566 4538 4537
f 5266 5265 4544
f 4544 5265 5264
f 4544 5264 4543
f 4543 5264 5263
f 4543 5263 4540
f 5571 5262 5572
f 5572 5262 5268
f 5572 5268 5267
f 5261 5262 5566
f 5566 5262 5571
f 5566 5571 4538
f 4538 5571 5572
f 4538 5572 4544
f 4544 5572 5267
f 4544 5267 5266
f 5259 5260 5573
f 4785 4784 5256
f 5256 4784 4787
f 5256 4787 4793
f 5260 5566 5573
f 5573 5566 4537
f 5573 4537 5574
f 5574 4537 5567
f 5574 5567 5575
f 5575 5567 5568
f 5575 5568 5576
f 5258 5259 5577
f 5577 5259 5573
f 5577 5573 5578
f 5578 5573 5574
f 5578 5574 5579
f 5579 5574 5575
f 5579 5575 5580
f 5580 5575 5576
f 5580 5576 5581
f 5256 5258 4785
f 4785 5258 5577
f 4785 5577 4801
f 4801 5577 5578
f 4801 5578 4797
f 4797 5578 5579
f 4797 5579 4805
f 4805 5579 5580
f 4805 5580 4806
f 4806 5580 5581
f 4807 4810 5581
f 5581 4810 4809
f 5581 4809 4806
f 5582 5583 5584
f 5584 5583 5585
f 5584 5585 5586
f 5586 5585 5587
f 5586 5587 5588
f 5588 5587 5589
f 5588 5589 5569
f 5569 5589 5590
f 5569 5590 5570
f 5583 5591 5585
f 5585 5591 5592
f 5585 5592 5587
f 5587 5592 5593
f 5587 5593 5589
f 5589 5593 5594
f 5589 5594 5590
f 4460 4459 5569
f 5569 4459 4458
f 5569 4458 5588
f 5588 4458 4457
f 5588 4457 5586
f 5586 4457 4456
f 5586 4456 5584
f 5584 4456 4455
f 5584 4455 5582
f 5582 4455 4451
f 4451 5561 5582
f 5582 5561 5562
f 5582 5562 5583
f 5583 5562 5563
f 5583 5563 5591
f 5591 5563 5564
f 5591 5564 5565
f 4536 4460 5568
f 5568 4460 5570
f 5568 5570 5576
f 5576 5570 5590
f 5576 5590 5581
f 5581 5590 5594
f 5581 5594 4807
f 4807 5594 5593
f 4807 5593 4808
f 4808 5593 5592
f 4808 5592 4813
f 4813 5592 5591
f 4813 5591 4814
f 4814 5591 5565
f 4814 5565 4758
f 5232 5595 5233
f 4550 5596 5597
f 5237 4559 5236
f 5236 4559 4562
f 5236 4562 4527
f 5237 5235 4559
f 4559 5235 5234
f 4559 5234 4560
f 5598 5599 4563
f 4563 5599 4564
f 4549 4548 5600
f 5600 4548 5601
f 4550 5597 4534
f 4534 5597 5602
f 4534 5602 4535
f 4535 5602 5603
f 4535 5603 4461
f 5242 5241 5604
f 5604 5241 5240
f 4869 4867 5238
f 5238 4867 4866
f 5238 4866 5239
f 5239 4866 4865
f 5239 4865 5240
f 4548 4564 5601
f 5601 4564 5599
f 5601 5599 5228
f 5228 5599 5598
f 5228 5598 5229
f 5229 5598 5231
f 4560 5234 4561
f 4561 5234 5233
f 4561 5233 4563
f 4563 5233 5595
f 4563 5595 5598
f 5598 5595 5232
f 5598 5232 5231
f 5240 4865 5604
f 5604 4865 4864
f 5604 4864 5605
f 4864 4857 5605
f 5605 4857 4856
f 5605 4856 5606
f 5606 4856 4855
f 5606 4855 5607
f 5607 4855 4854
f 5607 4854 5608
f 5608 4854 4858
f 5608 4858 5609
f 5610 5611 5612
f 5612 5611 5613
f 5612 5613 5614
f 5614 5613 5615
f 5614 5615 5609
f 5609 5615 5616
f 5609 5616 5608
f 5608 5616 5617
f 5608 5617 5607
f 5607 5617 5618
f 5607 5618 5606
f 5606 5618 5619
f 5606 5619 5605
f 5605 5619 5600
f 5605 5600 5604
f 5604 5600 5601
f 5604 5601 5242
f 5242 5601 5228
f 5611 5620 5613
f 5613 5620 5621
f 5613 5621 5615
f 5615 5621 5622
f 5615 5622 5616
f 5616 5622 5623
f 5616 5623 5617
f 5617 5623 5603
f 5617 5603 5618
f 5618 5603 5602
f 5618 5602 5619
f 5619 5602 5597
f 5619 5597 5600
f 5600 5597 5596
f 5600 5596 4549
f 4549 5596 4550
f 4858 4851 5609
f 5609 4851 4850
f 5609 4850 5614
f 5614 4850 4848
f 5614 4848 5612
f 5612 4848 4849
f 5612 4849 5610
f 5610 4849 4767
f 4767 5624 5610
f 5610 5624 5625
f 5610 5625 5611
f 5611 5625 5626
f 5611 5626 5620
f 5620 5626 5627
f 5620 5627 5628
f 4461 5603 4462
f 4462 5603 5623
f 4462 5623 4464
f 4464 5623 5622
f 4464 5622 4465
f 4465 5622 5621
f 4465 5621 4466
f 4466 5621 5620
f 4466 5620 4467
f 4467 5620 5628
f 4467 5628 4468
f 4767 4769 5624
f 5624 4769 5629
f 5624 5629 5625
f 5625 5629 5630
f 5625 5630 5626
f 5626 5630 5631
f 5626 5631 5627
f 5627 5631 5632
f 5627 5632 5628
f 5628 5632 5633
f 5628 5633 4468
f 4468 5633 4469
f 4578 5211 5210
f 4573 4572 5634
f 5634 4572 5635
f 5636 5637 4476
f 5638 4574 4573
f 5638 5639 4574
f 4574 5639 5640
f 4574 5640 4578
f 4578 5210 4579
f 4579 5210 5209
f 4579 5209 4567
f 5206 5207 5638
f 5638 5207 5208
f 5638 5208 5639
f 5639 5208 5214
f 5639 5214 5640
f 5640 5214 5213
f 5640 5213 4578
f 4578 5213 5212
f 4578 5212 5211
f 5205 5206 5641
f 4876 4875 5202
f 5202 4875 4878
f 5202 4878 4884
f 5206 5638 5641
f 5641 5638 4573
f 5641 4573 5642
f 5642 4573 5634
f 5642 5634 5643
f 5643 5634 5635
f 5643 5635 5644
f 5204 5205 5645
f 5645 5205 5641
f 5645 5641 5646
f 5646 5641 5642
f 5646 5642 5647
f 5647 5642 5643
f 5647 5643 5648
f 5648 5643 5644
f 5648 5644 5649
f 5202 5204 4876
f 4876 5204 5645
f 4876 5645 4892
f 4892 5645 5646
f 4892 5646 4888
f 4888 5646 5647
f 4888 5647 4896
f 4896 5647 5648
f 4896 5648 4897
f 4897 5648 5649
f 4898 4901 5649
f 5649 4901 4900
f 5649 4900 4897
f 5650 5651 5652
f 5652 5651 5653
f 5652 5653 5654
f 5654 5653 5655
f 5654 5655 5656
f 5656 5655 5657
f 5656 5657 5636
f 5636 5657 5658
f 5636 5658 5637
f 5651 5659 5653
f 5653 5659 5660
f 5653 5660 5655
f 5655 5660 5661
f 5655 5661 5657
f 5657 5661 5662
f 5657 5662 5658
f 4476 4475 5636
f 5636 4475 4474
f 5636 4474 5656
f 5656 4474 4473
f 5656 4473 5654
f 5654 4473 4472
f 5654 4472 5652
f 5652 4472 4470
f 5652 4470 5650
f 5650 4470 4469
f 4469 5633 5650
f 5650 5633 5632
f 5650 5632 5651
f 5651 5632 5631
f 5651 5631 5659
f 5659 5631 5630
f 5659 5630 5629
f 4572 4476 5635
f 5635 4476 5637
f 5635 5637 5644
f 5644 5637 5658
f 5644 5658 5649
f 5649 5658 5662
f 5649 5662 4898
f 4898 5662 5661
f 4898 5661 4899
f 4899 5661 5660
f 4899 5660 4904
f 4904 5660 5659
f 4904 5659 4905
f 4905 5659 5629
f 4905 5629 4769
f 4438 5663 4440
f 4440 5663 5664
f 4440 5664 4442
f 4442 5664 5665
f 4442 5665 4444
f 4444 5665 5666
f 4444 5666 4412
f 4412 5666 5667
f 4412 5667 4414
f 4414 5667 5668
f 4414 5668 4416
f 4416 5668 5669
f 4416 5669 4418
f 4418 5669 5670
f 4418 5670 4420
f 5670 5671 4420
f 4420 5671 5672
f 4420 5672 4422
f 4422 5672 5673
f 4422 5673 4424
f 4424 5673 5674
f 4424 5674 4426
f 4426 5674 5675
f 4426 5675 4428
f 4428 5675 5676
f 4428 5676 4430
f 4430 5676 5677
f 4430 5677 4432
f 4432 5677 5678
f 4432 5678 4434
f 4434 5678 5679
f 4434 5679 4436
f 4436 5679 5680
f 4436 5680 4438
f 4438 5680 5681
f 4438 5681 5663
f 4910 5682 4909
f 4909 5682 5683
f 4909 5683 4908
f 4908 5683 5684
f 4908 5684 4907
f 4907 5684 5685
f 4907 5685 4906
f 4906 5685 5686
f 4906 5686 4922
f 4922 5686 5687
f 4922 5687 4921
f 4921 5687 5688
f 4921 5688 4920
f 4920 5688 5689
f 4920 5689 4919
f 5689 5690 4919
f 4919 5690 5691
f 4919 5691 4918
f 4918 5691 5692
f 4918 5692 4917
f 4917 5692 5693
f 4917 5693 4916
f 4916 5693 5694
f 4916 5694 4915
f 4915 5694 5695
f 4915 5695 4914
f 4914 5695 5696
f 4914 5696 4913
f 4913 5696 5697
f 4913 5697 4912
f 4912 5697 5698
f 4912 5698 4911
f 4911 5698 5699
f 4911 5699 4910
f 4910 5699 5700
f 4910 5700 5682
f 5667 5686 5668
f 5668 5686 5685
f 5668 5685 5669
f 5669 5685 5684
f 5669 5684 5670
f 5670 5684 5683
f 5670 5683 5671
f 5671 5683 5682
f 5671 5682 5672
f 5672 5682 5700
f 5672 5700 5673
f 5673 5700 5699
f 5673 5699 5674
f 5674 5699 5698
f 5674 5698 5675
f 5675 5698 5697
f 5675 5697 5676
f 5676 5697 5696
f 5676 5696 5677
f 5677 5696 5695
f 5677 5695 5678
f 5678 5695 5694
f 5678 5694 5679
f 5679 5694 5693
f 5679 5693 5680
f 5680 5693 5692
f 5680 5692 5681
f 5681 5692 5691
f 5681 5691 5663
f 5663 5691 5690
f 5663 5690 5664
f 5664 5690 5689
f 5664 5689 5665
f 5665 5689 5688
f 5665 5688 5666
f 5666 5688 5687
f 5666 5687 5667
f 5667 5687 5686
f 5701 5702 5703
f 5704 5705 5706
f 5706 5705 5707
f 5708 5709 5704
f 5704 5709 5710
f 5704 5710 5705
f 5708 5711 5709
f 5709 5711 5712
f 5709 5712 5713
f 5714 5715 5713
f 5713 5715 5716
f 5713 5716 5709
f 5717 5718 5719
f 5719 5718 5720
f 5719 5720 5721
f 5721 5720 5722
f 5721 5722 5723
f 5723 5722 5715
f 5723 5715 5724
f 5724 5715 5714
f 5717 5725 5718
f 5718 5725 5726
f 5718 5726 5727
f 5727 5726 5728
f 5727 5728 5729
f 5729 5728 5730
f 5729 5730 5731
f 5731 5730 5732
f 5731 5732 5733
f 5732 5734 5733
f 5733 5734 5735
f 5733 5735 5736
f 5736 5735 5737
f 5736 5737 5738
f 5738 5737 5739
f 5739 5740 5738
f 5738 5740 5741
f 5738 5741 5742
f 5742 5741 5743
f 5742 5743 5744
f 5744 5743 5745
f 5745 5746 5744
f 5744 5746 5747
f 5744 5747 5748
f 5747 5749 5748
f 5748 5749 5750
f 5748 5750 5702
f 5702 5750 5751
f 5702 5751 5703
f 5703 5752 5701
f 5701 5752 5753
f 5701 5753 5754
f 5754 5753 5755
f 5754 5755 5756
f 5756 5755 5757
f 5757 5758 5756
f 5756 5758 5759
f 5756 5759 5760
f 5760 5759 5761
f 5760 5761 5762
f 5762 5761 5763
f 5763 5764 5762
f 5762 5764 5765
f 5762 5765 5766
f 5766 5765 5767
f 5766 5767 5705
f 5705 5767 5768
f 5705 5768 5707
f 5769 5770 5771
f 5772 5773 5774
f 5775 5776 5777
f 5777 5776 5778
f 5779 5780 5781
f 5779 5781 5777
f 5777 5781 5782
f 5777 5782 5775
f 5778 5776 5774
f 5774 5776 5783
f 5774 5783 5772
f 5784 5785 5773
f 5773 5785 5786
f 5773 5786 5774
f 5784 5787 5785
f 5785 5787 5788
f 5785 5788 5789
f 5789 5790 5785
f 5785 5790 5791
f 5785 5791 5792
f 5792 5791 5793
f 5792 5793 5794
f 5795 5796 5797
f 5797 5796 5794
f 5797 5794 5798
f 5798 5794 5793
f 5795 5799 5796
f 5796 5799 5800
f 5796 5800 5801
f 5801 5800 5802
f 5801 5802 5803
f 5802 5804 5803
f 5803 5804 5805
f 5803 5805 5806
f 5806 5805 5807
f 5806 5807 5808
f 5808 5807 5809
f 5808 5809 5810
f 5810 5809 5811
f 5810 5811 5812
f 5811 5813 5812
f 5812 5813 5814
f 5812 5814 5815
f 5815 5814 5816
f 5815 5816 5817
f 5817 5816 5818
f 5818 5819 5817
f 5817 5819 5820
f 5817 5820 5821
f 5821 5820 5822
f 5821 5822 5770
f 5770 5822 5823
f 5770 5823 5771
f 5771 5824 5769
f 5769 5824 5825
f 5769 5825 5826
f 5826 5825 5827
f 5826 5827 5828
f 5827 5829 5828
f 5828 5829 5830
f 5828 5830 5831
f 5831 5830 5832
f 5831 5832 5833
f 5833 5832 5834
f 5833 5834 5779
f 5779 5834 5835
f 5779 5835 5780
f 5785 5792 5836
f 5837 5833 5838
f 5838 5833 5839
f 5840 5828 5837
f 5837 5828 5831
f 5837 5831 5833
f 5840 5841 5828
f 5828 5841 5842
f 5828 5842 5843
f 5844 5769 5843
f 5843 5769 5826
f 5843 5826 5828
f 5845 5817 5846
f 5846 5817 5821
f 5846 5821 5847
f 5847 5821 5770
f 5847 5770 5848
f 5848 5770 5769
f 5848 5769 5849
f 5849 5769 5844
f 5845 5850 5817
f 5817 5850 5851
f 5817 5851 5815
f 5815 5851 5852
f 5815 5852 5812
f 5812 5852 5853
f 5812 5853 5810
f 5810 5853 5854
f 5810 5854 5808
f 5854 5855 5808
f 5808 5855 5856
f 5808 5856 5806
f 5806 5856 5857
f 5806 5857 5803
f 5803 5857 5858
f 5858 5859 5803
f 5803 5859 5860
f 5803 5860 5801
f 5801 5860 5861
f 5801 5861 5796
f 5796 5861 5862
f 5862 5863 5796
f 5796 5863 5864
f 5796 5864 5794
f 5864 5865 5794
f 5794 5865 5866
f 5794 5866 5792
f 5792 5866 5867
f 5792 5867 5836
f 5836 5868 5785
f 5785 5868 5869
f 5785 5869 5786
f 5786 5869 5870
f 5786 5870 5774
f 5774 5870 5871
f 5871 5872 5774
f 5774 5872 5873
f 5774 5873 5778
f 5778 5873 5874
f 5778 5874 5777
f 5777 5874 5875
f 5875 5876 5777
f 5777 5876 5877
f 5777 5877 5779
f 5779 5877 5878
f 5779 5878 5833
f 5833 5878 5879
f 5833 5879 5839
f 5715 5722 5880
f 5881 5882 5756
f 5883 5884 5762
f 5762 5884 5760
f 5766 5885 5886
f 5766 5886 5762
f 5762 5886 5887
f 5762 5887 5883
f 5760 5884 5756
f 5756 5884 5888
f 5756 5888 5881
f 5889 5701 5882
f 5882 5701 5754
f 5882 5754 5756
f 5889 5890 5701
f 5701 5890 5891
f 5701 5891 5892
f 5892 5893 5701
f 5701 5893 5894
f 5701 5894 5702
f 5702 5894 5895
f 5702 5895 5748
f 5896 5744 5897
f 5897 5744 5748
f 5897 5748 5898
f 5898 5748 5895
f 5896 5899 5744
f 5744 5899 5900
f 5744 5900 5742
f 5742 5900 5901
f 5742 5901 5738
f 5901 5902 5738
f 5738 5902 5903
f 5738 5903 5736
f 5736 5903 5904
f 5736 5904 5733
f 5733 5904 5905
f 5733 5905 5731
f 5731 5905 5906
f 5731 5906 5729
f 5906 5907 5729
f 5729 5907 5908
f 5729 5908 5727
f 5727 5908 5909
f 5727 5909 5718
f 5718 5909 5910
f 5910 5911 5718
f 5718 5911 5912
f 5718 5912 5720
f 5720 5912 5913
f 5720 5913 5722
f 5722 5913 5914
f 5722 5914 5880
f 5880 5915 5715
f 5715 5915 5916
f 5715 5916 5716
f 5716 5916 5917
f 5716 5917 5709
f 5917 5918 5709
f 5709 5918 5919
f 5709 5919 5710
f 5710 5919 5920
f 5710 5920 5705
f 5705 5920 5921
f 5705 5921 5766
f 5766 5921 5922
f 5766 5922 5885
f 4382 5789 4383
f 4383 5789 5788
f 4383 5788 4384
f 4376 4374 5805
f 5805 5804 4376
f 4376 5804 5802
f 4376 5802 4377
f 4377 5802 5800
f 4377 5800 4373
f 4373 5800 4370
f 4370 5800 5799
f 4370 5799 4371
f 5799 5795 4371
f 4371 5795 5797
f 4371 5797 4378
f 4378 5797 5798
f 4378 5798 4379
f 4379 5798 5793
f 4379 5793 4381
f 4381 5793 5791
f 4381 5791 4382
f 4382 5791 5790
f 4382 5790 5789
f 4384 5788 4367
f 4367 5788 5787
f 4367 5787 4366
f 4366 5787 5784
f 4366 5784 4365
f 5784 5773 4365
f 4365 5773 5772
f 4365 5772 4368
f 4368 5772 5783
f 4368 5783 4369
f 4369 5783 4356
f 4356 5783 5776
f 4356 5776 4358
f 4358 5776 5775
f 4358 5775 4359
f 4359 5775 5782
f 4359 5782 4360
f 4360 5782 5781
f 4360 5781 4361
f 5781 5780 4361
f 4361 5780 5835
f 4361 5835 4364
f 4364 5835 5834
f 4364 5834 4362
f 4362 5834 5832
f 4362 5832 4350
f 4350 5832 4351
f 5832 5830 4351
f 4351 5830 5829
f 4351 5829 4352
f 4352 5829 5827
f 4352 5827 4353
f 4353 5827 5825
f 4353 5825 4354
f 4354 5825 5824
f 4354 5824 4340
f 5824 5771 4340
f 4340 5771 5823
f 4340 5823 4342
f 4342 5823 5822
f 4342 5822 4343
f 4343 5822 5820
f 4343 5820 4344
f 4344 5820 5819
f 4344 5819 4345
f 4345 5819 5818
f 4345 5818 4346
f 4346 5818 5816
f 4346 5816 4347
f 4347 5816 5814
f 4347 5814 4348
f 4348 5814 5813
f 4348 5813 4337
f 4337 5813 5811
f 4337 5811 4338
f 4338 5811 5809
f 4338 5809 4374
f 4374 5809 5807
f 4374 5807 5805
f 5704 4294 5708
f 5708 4294 4315
f 5708 4315 5711
f 5704 5706 4294
f 4294 5706 5707
f 4294 5707 4295
f 4295 5707 5768
f 4295 5768 4297
f 4297 5768 4298
f 5711 4315 5712
f 5712 4315 4314
f 5712 4314 5713
f 5713 4314 5714
f 5714 4314 4313
f 5714 4313 5724
f 5724 4313 4309
f 5724 4309 5723
f 5723 4309 4311
f 5723 4311 5721
f 4311 4312 5721
f 5721 4312 4307
f 5721 4307 5719
f 5719 4307 4306
f 5719 4306 5717
f 5717 4306 4327
f 5717 4327 5725
f 4327 4326 5725
f 5725 4326 4325
f 5725 4325 5726
f 5726 4325 4324
f 5726 4324 5728
f 5728 4324 4322
f 5728 4322 5730
f 5730 4322 5732
f 5732 4322 4321
f 5732 4321 5734
f 5734 4321 5735
f 5735 4321 4320
f 5735 4320 5737
f 5737 4320 4319
f 5737 4319 5739
f 5739 4319 5740
f 5740 4319 4317
f 5740 4317 5741
f 5741 4317 4316
f 5741 4316 5743
f 4334 5747 4335
f 4335 5747 5746
f 4335 5746 4316
f 4316 5746 5745
f 4316 5745 5743
f 4302 5755 4328
f 4328 5755 5753
f 4328 5753 4329
f 4329 5753 5752
f 4329 5752 4331
f 4331 5752 5703
f 4331 5703 4332
f 4332 5703 5751
f 4332 5751 4333
f 4333 5751 5750
f 4333 5750 4334
f 4334 5750 5749
f 4334 5749 5747
f 4301 5761 4305
f 4305 5761 5759
f 4305 5759 4304
f 4304 5759 5758
f 4304 5758 4302
f 4302 5758 5757
f 4302 5757 5755
f 5768 5767 4298
f 4298 5767 5765
f 4298 5765 4299
f 4299 5765 5764
f 4299 5764 4301
f 4301 5764 5763
f 4301 5763 5761
f 4261 4260 5903
f 5903 5902 4261
f 4261 5902 5901
f 4261 5901 4262
f 4262 5901 5900
f 4262 5900 4263
f 4263 5900 5899
f 4263 5899 4281
f 5899 5896 4281
f 4281 5896 5897
f 4281 5897 4282
f 4282 5897 5898
f 4282 5898 4284
f 4284 5898 5895
f 4284 5895 4285
f 4285 5895 4291
f 4291 5895 5894
f 4291 5894 4292
f 5894 5893 4292
f 4292 5893 5892
f 4292 5892 4293
f 4293 5892 5891
f 4293 5891 4286
f 4286 5891 5890
f 4286 5890 4287
f 4287 5890 5889
f 4287 5889 4289
f 5889 5882 4289
f 4289 5882 5881
f 4289 5881 4290
f 4290 5881 5888
f 4290 5888 4270
f 4270 5888 4271
f 5888 5884 4271
f 4271 5884 5883
f 4271 5883 4272
f 4272 5883 5887
f 4272 5887 4273
f 4273 5887 5886
f 4273 5886 4274
f 5886 5885 4274
f 4274 5885 5922
f 4274 5922 4276
f 4276 5922 5921
f 4276 5921 4277
f 4277 5921 5920
f 4277 5920 4278
f 4278 5920 5919
f 4278 5919 4279
f 4279 5919 5918
f 4279 5918 4280
f 4280 5918 4264
f 4264 5918 5917
f 4264 5917 4265
f 4265 5917 5916
f 4265 5916 4267
f 4267 5916 5915
f 4267 5915 4268
f 5915 5880 4268
f 4268 5880 5914
f 4268 5914 4249
f 4249 5914 5913
f 4249 5913 4251
f 4251 5913 4252
f 4252 5913 5912
f 4252 5912 4253
f 4253 5912 5911
f 4253 5911 4254
f 4254 5911 5910
f 4254 5910 4255
f 4255 5910 5909
f 4255 5909 4256
f 5909 5908 4256
f 4256 5908 5907
f 4256 5907 4257
f 4257 5907 5906
f 4257 5906 4258
f 4258 5906 5905
f 4258 5905 4260
f 4260 5905 5904
f 4260 5904 5903
f 4224 5865 5864
f 4210 4208 5879
f 5879 4208 4207
f 5879 4207 5839
f 5839 4207 4220
f 5839 4220 5838
f 5844 5843 4217
f 4217 5843 5842
f 4217 5842 4218
f 4218 5842 5841
f 4218 5841 4219
f 4219 5841 5840
f 4219 5840 4220
f 4220 5840 5837
f 4220 5837 5838
f 5844 4217 5849
f 5849 4217 4216
f 5849 4216 5848
f 4216 4214 5848
f 5848 4214 4239
f 5848 4239 5847
f 4239 4238 5847
f 5847 4238 4237
f 5847 4237 5846
f 5846 4237 4236
f 5846 4236 5845
f 5845 4236 5850
f 4236 4235 5850
f 5850 4235 4234
f 5850 4234 5851
f 5851 4234 4233
f 5851 4233 5852
f 5852 4233 4231
f 5852 4231 5853
f 5853 4231 5854
f 5854 4231 4230
f 5854 4230 5855
f 5855 4230 5856
f 5856 4230 4229
f 5856 4229 5857
f 5857 4229 4228
f 5857 4228 5858
f 5858 4228 5859
f 5859 4228 4227
f 5859 4227 5860
f 5860 4227 4226
f 5860 4226 5861
f 4224 5864 4225
f 4225 5864 5863
f 4225 5863 4226
f 4226 5863 5862
f 4226 5862 5861
f 5872 5871 4241
f 4241 5871 5870
f 4241 5870 4245
f 4245 5870 5869
f 4245 5869 4246
f 4246 5869 5868
f 4246 5868 4247
f 4247 5868 5836
f 4247 5836 4223
f 4223 5836 5867
f 4223 5867 4224
f 4224 5867 5866
f 4224 5866 5865
f 4241 4240 5872
f 5872 4240 4244
f 5872 4244 5873
f 5873 4244 5874
f 5874 4244 4243
f 5879 5878 4210
f 4210 5878 5877
f 4210 5877 4212
f 4212 5877 5876
f 4212 5876 4243
f 4243 5876 5875
f 4243 5875 5874
