v 0.010100999847054482 -0.04076699912548065 0.02449999935925007
v 0.016513999551534653 -0.03861699998378754 0.02449999935925007
v 0.01834000088274479 -0.03610999882221222 0.02449999935925007
v -0.010100999847054482 0.04076699912548065 0.02449999935925007
v -0.016513999551534653 0.03861699998378754 0.02449999935925007
v -0.01834000088274479 0.03610999882221222 0.02449999935925007
v 0.023753000423312187 -0.0328029990196228 0.02449999935925007
v 0.022438999265432358 -0.035503000020980835 0.02449999935925007
v 0.028637999668717384 -0.028637999668717384 0.02449999935925007
v 0.027744999155402184 -0.03153099864721298 0.02449999935925007
v 0.03225800022482872 -0.024488000199198723 0.02449999935925007
v 0.032308001071214676 -0.026837000623345375 0.02449999935925007
v 0.03577899932861328 -0.01897599920630455 0.02449999935925007
v 0.036063000559806824 -0.021528000012040138 0.02449999935925007
v 0.03838900104165077 -0.012903000228106976 0.02449999935925007
v 0.03891700133681297 -0.015793999657034874 0.02449999935925007
v 0.03998799994587898 -0.006417999975383282 0.02449999935925007
v -0.023753000423312187 0.0328029990196228 0.02449999935925007
v -0.022438999265432358 0.035503000020980835 0.02449999935925007
v -0.028637999668717384 0.028637999668717384 0.02449999935925007
v -0.027744999155402184 0.03153099864721298 0.02449999935925007
v -0.03225800022482872 0.024488000199198723 0.02449999935925007
v -0.032308001071214676 0.026837000623345375 0.02449999935925007
v -0.03577899932861328 0.01897599920630455 0.02449999935925007
v -0.036063000559806824 0.021528000012040138 0.02449999935925007
v -0.03838900104165077 0.012903000228106976 0.02449999935925007
v -0.03891700133681297 0.015793999657034874 0.02449999935925007
v -0.03998799994587898 0.006417999975383282 0.02449999935925007
v -0.012569000013172626 0.03849999979138374 0.02449999935925007
v -0.0065910001285374165 0.03996000066399574 0.02449999935925007
v -0.0034030000679194927 0.04186199977993965 0.02449999935925007
v -0.0005520000122487545 0.04049599915742874 0.02449999935925007
v 0.0011230000527575612 0.04198500141501427 0.02449999935925007
v 0.0016639999812468886 0.04046599939465523 0.02449999935925007
v 0.007278999779373407 0.041363999247550964 0.02449999935925007
v 0.008263000287115574 0.03964800015091896 0.02449999935925007
v 0.01336199976503849 0.03981800004839897 0.02449999935925007
v 0.014650999568402767 0.03775700181722641 0.02449999935925007
v 0.019226999953389168 0.03734000027179718 0.02449999935925007
v 0.020580999553203583 0.034880999475717545 0.02449999935925007
v 0.024728000164031982 0.033948998898267746 0.02449999935925007
v 0.025913000106811523 0.03112499974668026 0.02449999935925007
v 0.029697999358177185 0.029697999358177185 0.02449999935925007
v 0.03050900064408779 0.026635000482201576 0.02449999935925007
v 0.03374899923801422 0.02500000037252903 0.02449999935925007
v 0.03432299941778183 0.02149900048971176 0.02449999935925007
v 0.03727800026535988 0.01934799924492836 0.02449999935925007
v 0.03724199905991554 0.015915000811219215 0.02449999935925007
v 0.039889998733997345 0.013144999742507935 0.02449999935925007
v 0.039236001670360565 0.010037999600172043 0.02449999935925007
v 0.04148799926042557 0.006537000183016062 0.02449999935925007
v 0.040300000458955765 0.004015999846160412 0.02449999935925007
v 0.041999999433755875 0.0 0.02449999935925007
v 0.04050000011920929 0.0 0.02449999935925007
v 0.04184199869632721 -0.003639000002294779 0.02449999935925007
v 0.04084499925374985 -0.009782000444829464 0.02449999935925007
v -0.04084499925374985 0.009782000444829464 0.02449999935925007
v -0.04184199869632721 0.003639000002294779 0.02449999935925007
v -0.04050000011920929 0.0 0.02449999935925007
v -0.041999999433755875 0.0 0.02449999935925007
v -0.040300000458955765 -0.004015999846160412 0.02449999935925007
v -0.04148799926042557 -0.006537000183016062 0.02449999935925007
v -0.039236001670360565 -0.010037999600172043 0.02449999935925007
v -0.039889998733997345 -0.013144999742507935 0.02449999935925007
v -0.03724199905991554 -0.015915000811219215 0.02449999935925007
v -0.03727800026535988 -0.01934799924492836 0.02449999935925007
v -0.03432299941778183 -0.02149900048971176 0.02449999935925007
v -0.03374899923801422 -0.02500000037252903 0.02449999935925007
v -0.03050900064408779 -0.026635000482201576 0.02449999935925007
v -0.029697999358177185 -0.029697999358177185 0.02449999935925007
v -0.025913000106811523 -0.03112499974668026 0.02449999935925007
v -0.024728000164031982 -0.033948998898267746 0.02449999935925007
v -0.020580999553203583 -0.034880999475717545 0.02449999935925007
v -0.019226999953389168 -0.03734000027179718 0.02449999935925007
v -0.014650999568402767 -0.03775700181722641 0.02449999935925007
v -0.01336199976503849 -0.03981800004839897 0.02449999935925007
v -0.008263000287115574 -0.03964800015091896 0.02449999935925007
v -0.007278999779373407 -0.041363999247550964 0.02449999935925007
v -0.0016639999812468886 -0.04046599939465523 0.02449999935925007
v -0.0011230000527575612 -0.04198500141501427 0.02449999935925007
v 0.0005520000122487545 -0.04049599915742874 0.02449999935925007
v 0.0034030000679194927 -0.04186199977993965 0.02449999935925007
v 0.0065910001285374165 -0.03996000066399574 0.02449999935925007
v 0.012569000013172626 -0.03849999979138374 0.02449999935925007
v 0.03788900002837181 -0.012822000309824944 0.024000000208616257
v 0.03818200156092644 -0.01626100018620491 0.024000000208616257
v 0.035280000418424606 -0.01885100081562996 0.024000000208616257
v 0.035238999873399734 -0.021919000893831253 0.024000000208616257
v 0.03176100179553032 -0.0243149995803833 0.024000000208616257
v 0.03140199929475784 -0.027132999151945114 0.024000000208616257
v 0.027487000450491905 -0.029059000313282013 0.024000000208616257
v 0.027132999151945114 -0.03140199929475784 0.024000000208616257
v 0.022523999214172363 -0.033055998384952545 0.024000000208616257
v 0.021818000823259354 -0.035301998257637024 0.024000000208616257
v 0.01706800051033497 -0.03617599979043007 0.024000000208616257
v 0.015890000388026237 -0.03833699971437454 0.024000000208616257
v 0.011282999999821186 -0.03837599977850914 0.024000000208616257
v 0.009483999572694302 -0.04040199890732765 0.024000000208616257
v 0.005319999996572733 -0.0396450012922287 0.024000000208616257
v 0.0028180000372231007 -0.04140400141477585 0.024000000208616257
v 0.0 -0.03999999910593033 0.024000000208616257
v -0.0009319999953731894 -0.04148999974131584 0.024000000208616257
v -0.006320000160485506 -0.03949800133705139 0.024000000208616257
v -0.0070489998906850815 -0.04089700058102608 0.024000000208616257
v -0.012765999883413315 -0.03790799900889397 0.024000000208616257
v -0.013097000308334827 -0.039379000663757324 0.024000000208616257
v -0.01879899948835373 -0.03530700132250786 0.024000000208616257
v -0.01893099956214428 -0.03692999854683876 0.024000000208616257
v -0.024268999695777893 -0.03179600089788437 0.024000000208616257
v -0.024403000250458717 -0.033567000180482864 0.024000000208616257
v -0.029019000008702278 -0.027529999613761902 0.024000000208616257
v -0.02934500016272068 -0.02934500016272068 0.024000000208616257
v -0.03302299976348877 -0.022571999579668045 0.024000000208616257
v -0.03325200080871582 -0.02483000047504902 0.024000000208616257
v -0.03615099936723709 -0.017118999734520912 0.024000000208616257
v -0.03677799925208092 -0.019224999472498894 0.024000000208616257
v -0.038359999656677246 -0.01133699994534254 0.024000000208616257
v -0.03939000144600868 -0.01306500006467104 0.024000000208616257
v -0.0396369993686676 -0.005375000182539225 0.024000000208616257
v -0.040987998247146606 -0.006496999878436327 0.024000000208616257
v -0.03999999910593033 0.0 0.024000000208616257
v -0.04149999842047691 0.0 0.024000000208616257
v -0.03948799893260002 0.006378000136464834 0.024000000208616257
v -0.04128599911928177 0.004211000166833401 0.024000000208616257
v -0.03788900002837181 0.012822000309824944 0.024000000208616257
v -0.040199000388383865 0.010308999568223953 0.024000000208616257
v -0.03818200156092644 0.01626100018620491 0.024000000208616257
v -0.035280000418424606 0.01885100081562996 0.024000000208616257
v -0.035238999873399734 0.021919000893831253 0.024000000208616257
v -0.03176100179553032 0.0243149995803833 0.024000000208616257
v -0.03140199929475784 0.027132999151945114 0.024000000208616257
v -0.027487000450491905 0.029059000313282013 0.024000000208616257
v -0.027132999151945114 0.03140199929475784 0.024000000208616257
v -0.022523999214172363 0.033055998384952545 0.024000000208616257
v -0.021818000823259354 0.035301998257637024 0.024000000208616257
v -0.01706800051033497 0.03617599979043007 0.024000000208616257
v -0.015890000388026237 0.03833699971437454 0.024000000208616257
v -0.011282999999821186 0.03837599977850914 0.024000000208616257
v -0.009483999572694302 0.04040199890732765 0.024000000208616257
v -0.005319999996572733 0.0396450012922287 0.024000000208616257
v -0.0028180000372231007 0.04140400141477585 0.024000000208616257
v 0.0 0.03999999910593033 0.024000000208616257
v 0.0009319999953731894 0.04148999974131584 0.024000000208616257
v 0.006320000160485506 0.03949800133705139 0.024000000208616257
v 0.0070489998906850815 0.04089700058102608 0.024000000208616257
v 0.012765999883413315 0.03790799900889397 0.024000000208616257
v 0.013097000308334827 0.039379000663757324 0.024000000208616257
v 0.01879899948835373 0.03530700132250786 0.024000000208616257
v 0.01893099956214428 0.03692999854683876 0.024000000208616257
v 0.024268999695777893 0.03179600089788437 0.024000000208616257
v 0.024403000250458717 0.033567000180482864 0.024000000208616257
v 0.029019000008702278 0.027529999613761902 0.024000000208616257
v 0.02934500016272068 0.02934500016272068 0.024000000208616257
v 0.03302299976348877 0.022571999579668045 0.024000000208616257
v 0.03325200080871582 0.02483000047504902 0.024000000208616257
v 0.03615200147032738 0.017118999734520912 0.024000000208616257
v 0.03677799925208092 0.019224999472498894 0.024000000208616257
v 0.038359999656677246 0.01133699994534254 0.024000000208616257
v 0.03939000144600868 0.01306500006467104 0.024000000208616257
v 0.0396369993686676 0.005375000182539225 0.024000000208616257
v 0.040987998247146606 0.006496999878436327 0.024000000208616257
v 0.03999999910593033 0.0 0.024000000208616257
v 0.04149999842047691 0.0 0.024000000208616257
v 0.03948799893260002 -0.006378000136464834 0.024000000208616257
v 0.04128599911928177 -0.004211000166833401 0.024000000208616257
v 0.040199000388383865 -0.010308999568223953 0.024000000208616257
v 0.041999999433755875 0.0 0.014000000432133675
v 0.0412990003824234 -0.0076419999822974205 0.014000000432133675
v 0.04184199869632721 -0.003639000002294779 0.014000000432133675
v 0.03891700133681297 -0.015793999657034874 0.014000000432133675
v 0.03905100002884865 -0.0154600003734231 0.014000000432133675
v 0.04037899896502495 -0.011556999757885933 0.014000000432133675
v 0.04084499925374985 -0.009782000444829464 0.014000000432133675
v 0.03730800002813339 -0.019290000200271606 0.014000000432133675
v 0.036063000559806824 -0.021528000012040138 0.014000000432133675
v 0.03515399992465973 -0.022982999682426453 0.014000000432133675
v 0.032607000321149826 -0.026473000645637512 0.014000000432133675
v 0.029697999358177185 -0.029697999358177185 0.014000000432133675
v 0.032308001071214676 -0.026837000623345375 0.014000000432133675
v 0.022438999265432358 -0.035503000020980835 0.014000000432133675
v 0.022982999682426453 -0.03515399992465973 0.014000000432133675
v 0.026473000645637512 -0.032607000321149826 0.014000000432133675
v 0.027744999155402184 -0.03153099864721298 0.014000000432133675
v 0.019290000200271606 -0.03730800002813339 0.014000000432133675
v 0.016513999551534653 -0.03861699998378754 0.014000000432133675
v 0.0154600003734231 -0.03905100002884865 0.014000000432133675
v 0.011556999757885933 -0.04037899896502495 0.014000000432133675
v 0.0034030000679194927 -0.04186199977993965 0.014000000432133675
v 0.0076419999822974205 -0.0412990003824234 0.014000000432133675
v 0.010100999847054482 -0.04076699912548065 0.014000000432133675
v -0.003774000098928809 -0.041829999536275864 0.014000000432133675
v -0.0011230000527575612 -0.04198500141501427 0.014000000432133675
v -0.011556999757885933 -0.04037899896502495 0.014000000432133675
v -0.007278999779373407 -0.041363999247550964 0.014000000432133675
v -0.0154600003734231 -0.03905100002884865 0.014000000432133675
v -0.01336199976503849 -0.03981800004839897 0.014000000432133675
v -0.022982999682426453 -0.03515399992465973 0.014000000432133675
v -0.019226999953389168 -0.03734000027179718 0.014000000432133675
v -0.026473000645637512 -0.032607000321149826 0.014000000432133675
v -0.024728000164031982 -0.033948998898267746 0.014000000432133675
v -0.032607000321149826 -0.026473000645637512 0.014000000432133675
v -0.029697999358177185 -0.029697999358177185 0.014000000432133675
v -0.03515399992465973 -0.022982999682426453 0.014000000432133675
v -0.03374899923801422 -0.02500000037252903 0.014000000432133675
v -0.03905100002884865 -0.0154600003734231 0.014000000432133675
v -0.03727800026535988 -0.01934799924492836 0.014000000432133675
v -0.04148799926042557 -0.006537000183016062 0.014000000432133675
v -0.0412990003824234 -0.0076419999822974205 0.014000000432133675
v -0.04037899896502495 -0.011556999757885933 0.014000000432133675
v -0.039889998733997345 -0.013144999742507935 0.014000000432133675
v -0.041829999536275864 -0.003774000098928809 0.014000000432133675
v -0.041999999433755875 0.0 0.014000000432133675
v 0.05061599984765053 0.020966000854969025 0.037664998322725296
v 0.052427999675273895 0.015904000028967857 0.037664998322725296
v 0.05220299959182739 0.015836000442504883 0.03757999837398529
v 0.04555400088429451 0.030438000336289406 0.037664998322725296
v 0.04831799864768982 0.025825999677181244 0.037664998322725296
v 0.0481100007891655 0.02571599930524826 0.03757999837398529
v 0.034756001085042953 0.042351000010967255 0.037664998322725296
v 0.03874000161886215 0.03874000161886215 0.037664998322725296
v 0.03857399895787239 0.03857399895787239 0.03757999837398529
v 0.025825999677181244 0.04831799864768982 0.037664998322725296
v 0.030438000336289406 0.04555400088429451 0.037664998322725296
v 0.030307000502943993 0.045357998460531235 0.03757999837398529
v 0.005369999911636114 0.05452299863100052 0.037664998322725296
v 0.010688000358641148 0.05373400077223778 0.037664998322725296
v 0.010642999783158302 0.05350400134921074 0.03757999837398529
v -0.005369999911636114 0.05452299863100052 0.037664998322725296
v 0.0 0.05478699877858162 0.037664998322725296
v 0.0 0.054552000015974045 0.03757999837398529
v -0.015904000028967857 0.052427999675273895 0.037664998322725296
v -0.010688000358641148 0.05373400077223778 0.037664998322725296
v -0.010642999783158302 0.05350400134921074 0.03757999837398529
v -0.030438000336289406 0.04555400088429451 0.037664998322725296
v -0.025825999677181244 0.04831799864768982 0.037664998322725296
v -0.02571599930524826 0.0481100007891655 0.03757999837398529
v -0.03874000161886215 0.03874000161886215 0.037664998322725296
v -0.034756001085042953 0.042351000010967255 0.037664998322725296
v -0.03460700064897537 0.0421690009534359 0.03757999837398529
v -0.05061599984765053 0.020966000854969025 0.037664998322725296
v -0.04831799864768982 0.025825999677181244 0.037664998322725296
v -0.0481100007891655 0.02571599930524826 0.03757999837398529
v -0.05373400077223778 0.010688000358641148 0.037664998322725296
v -0.052427999675273895 0.015904000028967857 0.037664998322725296
v -0.05220299959182739 0.015836000442504883 0.03757999837398529
v -0.05428899824619293 0.00534699996933341 0.03757999837398529
v -0.054552000015974045 0.0 0.03757999837398529
v -0.05478699877858162 0.0 0.037664998322725296
v -0.05350400134921074 0.010642999783158302 0.03757999837398529
v -0.05452299863100052 0.005369999911636114 0.037664998322725296
v -0.05039900168776512 0.020875999704003334 0.03757999837398529
v -0.045357998460531235 0.030307000502943993 0.03757999837398529
v -0.04555400088429451 0.030438000336289406 0.037664998322725296
v -0.0421690009534359 0.03460700064897537 0.03757999837398529
v -0.042351000010967255 0.034756001085042953 0.037664998322725296
v -0.03857399895787239 0.03857399895787239 0.03757999837398529
v -0.030307000502943993 0.045357998460531235 0.03757999837398529
v -0.020875999704003334 0.05039900168776512 0.03757999837398529
v -0.020966000854969025 0.05061599984765053 0.037664998322725296
v -0.015836000442504883 0.05220299959182739 0.03757999837398529
v -0.00534699996933341 0.05428899824619293 0.03757999837398529
v 0.00534699996933341 0.05428899824619293 0.03757999837398529
v 0.015836000442504883 0.05220299959182739 0.03757999837398529
v 0.015904000028967857 0.052427999675273895 0.037664998322725296
v 0.020875999704003334 0.05039900168776512 0.03757999837398529
v 0.020966000854969025 0.05061599984765053 0.037664998322725296
v 0.02571599930524826 0.0481100007891655 0.03757999837398529
v 0.03460700064897537 0.0421690009534359 0.03757999837398529
v 0.0421690009534359 0.03460700064897537 0.03757999837398529
v 0.042351000010967255 0.034756001085042953 0.037664998322725296
v 0.045357998460531235 0.030307000502943993 0.03757999837398529
v 0.05039900168776512 0.020875999704003334 0.03757999837398529
v 0.05350400134921074 0.010642999783158302 0.03757999837398529
v 0.05478699877858162 0.0 0.037664998322725296
v 0.054552000015974045 0.0 0.03757999837398529
v 0.05452299863100052 0.005369999911636114 0.037664998322725296
v 0.05428899824619293 0.00534699996933341 0.03757999837398529
v 0.05373400077223778 0.010688000358641148 0.037664998322725296
v -0.05502200126647949 0.0 0.03775100037455559
v -0.054756999015808105 0.005392999853938818 0.03775100037455559
v -0.05465000122785568 0.006388000212609768 0.03775100037455559
v -0.05170299857854843 0.01881900057196617 0.03775100037455559
v -0.053964000195264816 0.010734000243246555 0.03775100037455559
v -0.05353900045156479 0.012688999995589256 0.03775100037455559
v -0.05265200138092041 0.015971999615430832 0.03775100037455559
v -0.05083300173282623 0.021056000143289566 0.03775100037455559
v -0.04916900023818016 0.02469399943947792 0.03775100037455559
v -0.04852500185370445 0.025937000289559364 0.03775100037455559
v -0.042532000690698624 0.034905001521110535 0.03775100037455559
v -0.0457490012049675 0.030567999929189682 0.03775100037455559
v -0.04597000032663345 0.03023499995470047 0.03775100037455559
v -0.042148999869823456 0.035367000848054886 0.03775100037455559
v -0.034905001521110535 0.042532000690698624 0.03775100037455559
v -0.0377580001950264 0.04002099856734276 0.03775100037455559
v -0.038906000554561615 0.038906000554561615 0.03775100037455559
v -0.03285700082778931 0.044133998453617096 0.03775100037455559
v -0.030567999929189682 0.0457490012049675 0.03775100037455559
v -0.027511000633239746 0.04764999821782112 0.03775100037455559
v -0.025937000289559364 0.04852500185370445 0.03775100037455559
v -0.021793000400066376 0.05052199959754944 0.03775100037455559
v -0.021056000143289566 0.05083300173282623 0.03775100037455559
v -0.010734000243246555 0.053964000195264816 0.03775100037455559
v -0.015780000016093254 0.052710000425577164 0.03775100037455559
v -0.015971999615430832 0.05265200138092041 0.03775100037455559
v -0.00955399964004755 0.05418600142002106 0.03775100037455559
v 0.003198999911546707 0.05492899939417839 0.03775100037455559
v -0.005392999853938818 0.054756999015808105 0.03775100037455559
v -0.003198999911546707 0.05492899939417839 0.03775100037455559
v 0.0 0.05502200126647949 0.03775100037455559
v 0.005392999853938818 0.054756999015808105 0.03775100037455559
v 0.00955399964004755 0.05418600142002106 0.03775100037455559
v 0.010734000243246555 0.053964000195264816 0.03775100037455559
v 0.021056000143289566 0.05083300173282623 0.03775100037455559
v 0.015971999615430832 0.05265200138092041 0.03775100037455559
v 0.015780000016093254 0.052710000425577164 0.03775100037455559
v 0.021793000400066376 0.05052199959754944 0.03775100037455559
v 0.03285700082778931 0.044133998453617096 0.03775100037455559
v 0.025937000289559364 0.04852500185370445 0.03775100037455559
v 0.027511000633239746 0.04764999821782112 0.03775100037455559
v 0.030567999929189682 0.0457490012049675 0.03775100037455559
v 0.034905001521110535 0.042532000690698624 0.03775100037455559
v 0.0377580001950264 0.04002099856734276 0.03775100037455559
v 0.038906000554561615 0.038906000554561615 0.03775100037455559
v 0.042148999869823456 0.035367000848054886 0.03775100037455559
v 0.042532000690698624 0.034905001521110535 0.03775100037455559
v 0.04852500185370445 0.025937000289559364 0.03775100037455559
v 0.04597000032663345 0.03023499995470047 0.03775100037455559
v 0.0457490012049675 0.030567999929189682 0.03775100037455559
v 0.04916900023818016 0.02469399943947792 0.03775100037455559
v 0.05353900045156479 0.012688999995589256 0.03775100037455559
v 0.05083300173282623 0.021056000143289566 0.03775100037455559
v 0.05170299857854843 0.01881900057196617 0.03775100037455559
v 0.05265200138092041 0.015971999615430832 0.03775100037455559
v 0.05502200126647949 0.0 0.03775100037455559
v 0.054756999015808105 0.005392999853938818 0.03775100037455559
v 0.05465000122785568 0.006388000212609768 0.03775100037455559
v 0.053964000195264816 0.010734000243246555 0.03775100037455559
v -0.05061599984765053 -0.020966000854969025 0.037664998322725296
v -0.052427999675273895 -0.015904000028967857 0.037664998322725296
v -0.05220299959182739 -0.015836000442504883 0.03757999837398529
v -0.04555400088429451 -0.030438000336289406 0.037664998322725296
v -0.04831799864768982 -0.025825999677181244 0.037664998322725296
v -0.0481100007891655 -0.02571599930524826 0.03757999837398529
v -0.034756001085042953 -0.042351000010967255 0.037664998322725296
v -0.03874000161886215 -0.03874000161886215 0.037664998322725296
v -0.03857399895787239 -0.03857399895787239 0.03757999837398529
v -0.025825999677181244 -0.04831799864768982 0.037664998322725296
v -0.030438000336289406 -0.04555400088429451 0.037664998322725296
v -0.030307000502943993 -0.045357998460531235 0.03757999837398529
v -0.005369999911636114 -0.05452299863100052 0.037664998322725296
v -0.010688000358641148 -0.05373400077223778 0.037664998322725296
v -0.010642999783158302 -0.05350400134921074 0.03757999837398529
v 0.005369999911636114 -0.05452299863100052 0.037664998322725296
v 0.0 -0.05478699877858162 0.037664998322725296
v 0.0 -0.054552000015974045 0.03757999837398529
v 0.015904000028967857 -0.052427999675273895 0.037664998322725296
v 0.010688000358641148 -0.05373400077223778 0.037664998322725296
v 0.010642999783158302 -0.05350400134921074 0.03757999837398529
v 0.030438000336289406 -0.04555400088429451 0.037664998322725296
v 0.025825999677181244 -0.04831799864768982 0.037664998322725296
v 0.02571599930524826 -0.0481100007891655 0.03757999837398529
v 0.03874000161886215 -0.03874000161886215 0.037664998322725296
v 0.034756001085042953 -0.042351000010967255 0.037664998322725296
v 0.03460700064897537 -0.0421690009534359 0.03757999837398529
v 0.05061599984765053 -0.020966000854969025 0.037664998322725296
v 0.04831799864768982 -0.025825999677181244 0.037664998322725296
v 0.0481100007891655 -0.02571599930524826 0.03757999837398529
v 0.05373400077223778 -0.010688000358641148 0.037664998322725296
v 0.052427999675273895 -0.015904000028967857 0.037664998322725296
v 0.05220299959182739 -0.015836000442504883 0.03757999837398529
v 0.05428899824619293 -0.00534699996933341 0.03757999837398529
v 0.05478699877858162 0.0 0.037664998322725296
v 0.05350400134921074 -0.010642999783158302 0.03757999837398529
v 0.05452299863100052 -0.005369999911636114 0.037664998322725296
v 0.05039900168776512 -0.020875999704003334 0.03757999837398529
v 0.045357998460531235 -0.030307000502943993 0.03757999837398529
v 0.04555400088429451 -0.030438000336289406 0.037664998322725296
v 0.0421690009534359 -0.03460700064897537 0.03757999837398529
v 0.042351000010967255 -0.034756001085042953 0.037664998322725296
v 0.03857399895787239 -0.03857399895787239 0.03757999837398529
v 0.030307000502943993 -0.045357998460531235 0.03757999837398529
v 0.020875999704003334 -0.05039900168776512 0.03757999837398529
v 0.020966000854969025 -0.05061599984765053 0.037664998322725296
v 0.015836000442504883 -0.05220299959182739 0.03757999837398529
v 0.00534699996933341 -0.05428899824619293 0.03757999837398529
v -0.00534699996933341 -0.05428899824619293 0.03757999837398529
v -0.015836000442504883 -0.05220299959182739 0.03757999837398529
v -0.015904000028967857 -0.052427999675273895 0.037664998322725296
v -0.020875999704003334 -0.05039900168776512 0.03757999837398529
v -0.020966000854969025 -0.05061599984765053 0.037664998322725296
v -0.02571599930524826 -0.0481100007891655 0.03757999837398529
v -0.03460700064897537 -0.0421690009534359 0.03757999837398529
v -0.0421690009534359 -0.03460700064897537 0.03757999837398529
v -0.042351000010967255 -0.034756001085042953 0.037664998322725296
v -0.045357998460531235 -0.030307000502943993 0.03757999837398529
v -0.05039900168776512 -0.020875999704003334 0.03757999837398529
v -0.05350400134921074 -0.010642999783158302 0.03757999837398529
v -0.05478699877858162 0.0 0.037664998322725296
v -0.05452299863100052 -0.005369999911636114 0.037664998322725296
v -0.05428899824619293 -0.00534699996933341 0.03757999837398529
v -0.05373400077223778 -0.010688000358641148 0.037664998322725296
v 0.054756999015808105 -0.005392999853938818 0.03775100037455559
v 0.05465000122785568 -0.006388000212609768 0.03775100037455559
v 0.05170299857854843 -0.01881900057196617 0.03775100037455559
v 0.053964000195264816 -0.010734000243246555 0.03775100037455559
v 0.05353900045156479 -0.012688999995589256 0.03775100037455559
v 0.05265200138092041 -0.015971999615430832 0.03775100037455559
v 0.05083300173282623 -0.021056000143289566 0.03775100037455559
v 0.04916900023818016 -0.02469399943947792 0.03775100037455559
v 0.04852500185370445 -0.025937000289559364 0.03775100037455559
v 0.042532000690698624 -0.034905001521110535 0.03775100037455559
v 0.0457490012049675 -0.030567999929189682 0.03775100037455559
v 0.04597000032663345 -0.03023499995470047 0.03775100037455559
v 0.042148999869823456 -0.035367000848054886 0.03775100037455559
v 0.034905001521110535 -0.042532000690698624 0.03775100037455559
v 0.0377580001950264 -0.04002099856734276 0.03775100037455559
v 0.038906000554561615 -0.038906000554561615 0.03775100037455559
v 0.03285700082778931 -0.044133998453617096 0.03775100037455559
v 0.030567999929189682 -0.0457490012049675 0.03775100037455559
v 0.027511000633239746 -0.04764999821782112 0.03775100037455559
v 0.025937000289559364 -0.04852500185370445 0.03775100037455559
v 0.021793000400066376 -0.05052199959754944 0.03775100037455559
v 0.021056000143289566 -0.05083300173282623 0.03775100037455559
v 0.010734000243246555 -0.053964000195264816 0.03775100037455559
v 0.015780000016093254 -0.052710000425577164 0.03775100037455559
v 0.015971999615430832 -0.05265200138092041 0.03775100037455559
v 0.00955399964004755 -0.05418600142002106 0.03775100037455559
v -0.003198999911546707 -0.05492899939417839 0.03775100037455559
v 0.005392999853938818 -0.054756999015808105 0.03775100037455559
v 0.003198999911546707 -0.05492899939417839 0.03775100037455559
v 0.0 -0.05502200126647949 0.03775100037455559
v -0.005392999853938818 -0.054756999015808105 0.03775100037455559
v -0.00955399964004755 -0.05418600142002106 0.03775100037455559
v -0.010734000243246555 -0.053964000195264816 0.03775100037455559
v -0.021056000143289566 -0.05083300173282623 0.03775100037455559
v -0.015971999615430832 -0.05265200138092041 0.03775100037455559
v -0.015780000016093254 -0.052710000425577164 0.03775100037455559
v -0.021793000400066376 -0.05052199959754944 0.03775100037455559
v -0.03285700082778931 -0.044133998453617096 0.03775100037455559
v -0.025937000289559364 -0.04852500185370445 0.03775100037455559
v -0.027511000633239746 -0.04764999821782112 0.03775100037455559
v -0.030567999929189682 -0.0457490012049675 0.03775100037455559
v -0.034905001521110535 -0.042532000690698624 0.03775100037455559
v -0.0377580001950264 -0.04002099856734276 0.03775100037455559
v -0.038906000554561615 -0.038906000554561615 0.03775100037455559
v -0.042148999869823456 -0.035367000848054886 0.03775100037455559
v -0.042532000690698624 -0.034905001521110535 0.03775100037455559
v -0.04852500185370445 -0.025937000289559364 0.03775100037455559
v -0.04597000032663345 -0.03023499995470047 0.03775100037455559
v -0.0457490012049675 -0.030567999929189682 0.03775100037455559
v -0.04916900023818016 -0.02469399943947792 0.03775100037455559
v -0.05353900045156479 -0.012688999995589256 0.03775100037455559
v -0.05083300173282623 -0.021056000143289566 0.03775100037455559
v -0.05170299857854843 -0.01881900057196617 0.03775100037455559
v -0.05265200138092041 -0.015971999615430832 0.03775100037455559
v -0.054756999015808105 -0.005392999853938818 0.03775100037455559
v -0.05465000122785568 -0.006388000212609768 0.03775100037455559
v -0.053964000195264816 -0.010734000243246555 0.03775100037455559
v 0.03727800026535988 0.01934799924492836 0.014000000432133675
v 0.03905100002884865 0.0154600003734231 0.014000000432133675
v 0.038586001843214035 0.015275999903678894 0.014000000432133675
v -0.027132999151945114 0.03140199929475784 0.014000000432133675
v -0.026473000645637512 0.032607000321149826 0.014000000432133675
v -0.02270900085568428 0.034735001623630524 0.014000000432133675
v -0.022982999682426453 0.03515399992465973 0.014000000432133675
v -0.021818000823259354 0.035301998257637024 0.014000000432133675
v -0.022438999265432358 0.035503000020980835 0.014000000432133675
v -0.019060999155044556 0.03686400130391121 0.014000000432133675
v -0.019290000200271606 0.03730800002813339 0.014000000432133675
v -0.015890000388026237 0.03833699971437454 0.014000000432133675
v -0.016513999551534653 0.03861699998378754 0.014000000432133675
v -0.0154600003734231 0.03905100002884865 0.014000000432133675
v -0.01141900010406971 0.03989800065755844 0.014000000432133675
v -0.011556999757885933 0.04037899896502495 0.014000000432133675
v -0.009483999572694302 0.04040199890732765 0.014000000432133675
v -0.010100999847054482 0.04076699912548065 0.014000000432133675
v -0.007550999987870455 0.040807001292705536 0.014000000432133675
v -0.0076419999822974205 0.0412990003824234 0.014000000432133675
v -0.003728999989107251 0.041331999003887177 0.014000000432133675
v -0.0034030000679194927 0.04186199977993965 0.014000000432133675
v -0.040199000388383865 0.010308999568223953 0.014000000432133675
v -0.04037899896502495 0.011556999757885933 0.014000000432133675
v -0.038586001843214035 0.015275999903678894 0.014000000432133675
v -0.03905100002884865 0.0154600003734231 0.014000000432133675
v -0.03818200156092644 0.01626100018620491 0.014000000432133675
v -0.03891700133681297 0.015793999657034874 0.014000000432133675
v -0.03686400130391121 0.019060999155044556 0.014000000432133675
v -0.03730800002813339 0.019290000200271606 0.014000000432133675
v -0.035238999873399734 0.021919000893831253 0.014000000432133675
v -0.036063000559806824 0.021528000012040138 0.014000000432133675
v -0.03515399992465973 0.022982999682426453 0.014000000432133675
v -0.03221900016069412 0.026156999170780182 0.014000000432133675
v -0.032607000321149826 0.026473000645637512 0.014000000432133675
v -0.03140199929475784 0.027132999151945114 0.014000000432133675
v -0.032308001071214676 0.026837000623345375 0.014000000432133675
v -0.02934500016272068 0.02934500016272068 0.014000000432133675
v -0.029697999358177185 0.029697999358177185 0.014000000432133675
v -0.027744999155402184 0.03153099864721298 0.014000000432133675
v 0.04149999842047691 0.0 0.014000000432133675
v 0.041829999536275864 0.003774000098928809 0.014000000432133675
v 0.041331999003887177 0.003728999989107251 0.014000000432133675
v 0.04148799926042557 0.006537000183016062 0.014000000432133675
v 0.040987998247146606 0.006496999878436327 0.014000000432133675
v 0.03939000144600868 0.01306500006467104 0.014000000432133675
v 0.039889998733997345 0.013144999742507935 0.014000000432133675
v 0.03989800065755844 0.01141900010406971 0.014000000432133675
v 0.04037899896502495 0.011556999757885933 0.014000000432133675
v 0.0412990003824234 0.0076419999822974205 0.014000000432133675
v 0.019226999953389168 0.03734000027179718 0.014000000432133675
v 0.01893099956214428 0.03692999854683876 0.014000000432133675
v 0.0154600003734231 0.03905100002884865 0.014000000432133675
v 0.015275999903678894 0.038586001843214035 0.014000000432133675
v 0.01336199976503849 0.03981800004839897 0.014000000432133675
v 0.013097000308334827 0.039379000663757324 0.014000000432133675
v 0.011556999757885933 0.04037899896502495 0.014000000432133675
v 0.01141900010406971 0.03989800065755844 0.014000000432133675
v 0.007278999779373407 0.041363999247550964 0.014000000432133675
v 0.03686400130391121 0.019060999155044556 0.014000000432133675
v 0.03677799925208092 0.019224999472498894 0.014000000432133675
v 0.03515399992465973 0.022982999682426453 0.014000000432133675
v 0.034735001623630524 0.02270900085568428 0.014000000432133675
v 0.03374899923801422 0.02500000037252903 0.014000000432133675
v 0.03325200080871582 0.02483000047504902 0.014000000432133675
v 0.032607000321149826 0.026473000645637512 0.014000000432133675
v 0.03221900016069412 0.026156999170780182 0.014000000432133675
v 0.029697999358177185 0.029697999358177185 0.014000000432133675
v 0.02934500016272068 0.02934500016272068 0.014000000432133675
v 0.026473000645637512 0.032607000321149826 0.014000000432133675
v 0.026156999170780182 0.03221900016069412 0.014000000432133675
v 0.024728000164031982 0.033948998898267746 0.014000000432133675
v 0.024403000250458717 0.033567000180482864 0.014000000432133675
v 0.022982999682426453 0.03515399992465973 0.014000000432133675
v 0.02270900085568428 0.034735001623630524 0.014000000432133675
v 0.019060999155044556 0.03686400130391121 0.014000000432133675
v -0.04149999842047691 0.0 0.014000000432133675
v -0.04128599911928177 0.004211000166833401 0.014000000432133675
v -0.04184199869632721 0.003639000002294779 0.014000000432133675
v -0.040807001292705536 0.007550999987870455 0.014000000432133675
v -0.0412990003824234 0.0076419999822974205 0.014000000432133675
v -0.04084499925374985 0.009782000444829464 0.014000000432133675
v 0.007550999987870455 0.040807001292705536 0.014000000432133675
v 0.0070489998906850815 0.04089700058102608 0.014000000432133675
v 0.003774000098928809 0.041829999536275864 0.014000000432133675
v 0.003728999989107251 0.041331999003887177 0.014000000432133675
v 0.0011230000527575612 0.04198500141501427 0.014000000432133675
v 0.0009319999953731894 0.04148999974131584 0.014000000432133675
v -0.0028180000372231007 0.04140400141477585 0.014000000432133675
v -0.041331999003887177 -0.003728999989107251 0.014000000432133675
v -0.003728999989107251 -0.041331999003887177 0.014000000432133675
v -0.0009319999953731894 -0.04148999974131584 0.014000000432133675
v 0.0028180000372231007 -0.04140400141477585 0.014000000432133675
v 0.003728999989107251 -0.041331999003887177 0.014000000432133675
v 0.007550999987870455 -0.040807001292705536 0.014000000432133675
v 0.040199000388383865 -0.010308999568223953 0.014000000432133675
v 0.040807001292705536 -0.007550999987870455 0.014000000432133675
v 0.04128599911928177 -0.004211000166833401 0.014000000432133675
v 0.035238999873399734 -0.021919000893831253 0.014000000432133675
v 0.03686400130391121 -0.019060999155044556 0.014000000432133675
v 0.03818200156092644 -0.01626100018620491 0.014000000432133675
v 0.038586001843214035 -0.015275999903678894 0.014000000432133675
v 0.03221900016069412 -0.026156999170780182 0.014000000432133675
v 0.03140199929475784 -0.027132999151945114 0.014000000432133675
v 0.02934500016272068 -0.02934500016272068 0.014000000432133675
v 0.027132999151945114 -0.03140199929475784 0.014000000432133675
v 0.015890000388026237 -0.03833699971437454 0.014000000432133675
v 0.019060999155044556 -0.03686400130391121 0.014000000432133675
v 0.021818000823259354 -0.035301998257637024 0.014000000432133675
v 0.02270900085568428 -0.034735001623630524 0.014000000432133675
v 0.01141900010406971 -0.03989800065755844 0.014000000432133675
v 0.009483999572694302 -0.04040199890732765 0.014000000432133675
v -0.0070489998906850815 -0.04089700058102608 0.014000000432133675
v -0.007550999987870455 -0.040807001292705536 0.014000000432133675
v -0.01141900010406971 -0.03989800065755844 0.014000000432133675
v -0.013097000308334827 -0.039379000663757324 0.014000000432133675
v -0.015275999903678894 -0.038586001843214035 0.014000000432133675
v -0.01893099956214428 -0.03692999854683876 0.014000000432133675
v -0.019060999155044556 -0.03686400130391121 0.014000000432133675
v -0.02270900085568428 -0.034735001623630524 0.014000000432133675
v -0.024403000250458717 -0.033567000180482864 0.014000000432133675
v -0.026156999170780182 -0.03221900016069412 0.014000000432133675
v -0.02934500016272068 -0.02934500016272068 0.014000000432133675
v -0.03221900016069412 -0.026156999170780182 0.014000000432133675
v -0.03325200080871582 -0.02483000047504902 0.014000000432133675
v -0.034735001623630524 -0.02270900085568428 0.014000000432133675
v -0.03677799925208092 -0.019224999472498894 0.014000000432133675
v -0.03686400130391121 -0.019060999155044556 0.014000000432133675
v -0.038586001843214035 -0.015275999903678894 0.014000000432133675
v -0.03939000144600868 -0.01306500006467104 0.014000000432133675
v -0.03989800065755844 -0.01141900010406971 0.014000000432133675
v -0.040987998247146606 -0.006496999878436327 0.014000000432133675
v 0.04800000041723251 0.0 0.04349999874830246
v 0.04847799986600876 0.0 0.043476998805999756
v 0.04828200116753578 -0.004356000106781721 0.043476998805999756
v -0.04800000041723251 0.0 0.04349999874830246
v -0.04738900065422058 0.0 0.04346200078725815
v -0.04719800129532814 -0.004257999826222658 0.04346200078725815
v 0.04058999940752983 0.0 0.03376999869942665
v 0.04087600111961365 0.0 0.03558500111103058
v 0.04071100056171417 -0.0036730000283569098 0.03558500111103058
v 0.04042600095272064 -0.003647000063210726 0.03376999869942665
v 0.04019400104880333 -0.007437999825924635 0.03558500111103058
v 0.03991200029850006 -0.007385999895632267 0.03376999869942665
v 0.039299000054597855 -0.011246999725699425 0.03558500111103058
v 0.03902300074696541 -0.01116899959743023 0.03376999869942665
v 0.03765600174665451 -0.014907999895513058 0.03200000151991844
v 0.03838900104165077 -0.012903000228106976 0.03200000151991844
v 0.0 -0.04087600111961365 0.03558500111103058
v 0.0 -0.04058999940752983 0.03376999869942665
v 0.003647000063210726 -0.04042600095272064 0.03376999869942665
v 0.0036730000283569098 -0.04071100056171417 0.03558500111103058
v 0.007385999895632267 -0.03991200029850006 0.03376999869942665
v 0.007437999825924635 -0.04019400104880333 0.03558500111103058
v 0.01116899959743023 -0.03902300074696541 0.03376999869942665
v 0.011246999725699425 -0.039299000054597855 0.03558500111103058
v 0.014941000379621983 -0.03773999959230423 0.03376999869942665
v 0.01504599954932928 -0.038006000220775604 0.03558500111103058
v 0.018642999231815338 -0.03605499863624573 0.03376999869942665
v 0.0187740009278059 -0.036309998482465744 0.03558500111103058
v 0.022211000323295593 -0.033973999321460724 0.03376999869942665
v 0.02236800082027912 -0.034212999045848846 0.03558500111103058
v 0.02558399923145771 -0.031511999666690826 0.03376999869942665
v 0.025763999670743942 -0.031734999269247055 0.03558500111103058
v 0.028700999915599823 -0.028700999915599823 0.03376999869942665
v 0.02890400029718876 -0.02890400029718876 0.03558500111103058
v 0.031511999666690826 -0.02558399923145771 0.03376999869942665
v 0.031734999269247055 -0.025763999670743942 0.03558500111103058
v 0.033973999321460724 -0.022211000323295593 0.03376999869942665
v 0.034212999045848846 -0.02236800082027912 0.03558500111103058
v 0.03605499863624573 -0.018642999231815338 0.03376999869942665
v 0.036309998482465744 -0.0187740009278059 0.03558500111103058
v 0.03773999959230423 -0.014941000379621983 0.03376999869942665
v 0.038006000220775604 -0.01504599954932928 0.03558500111103058
v -0.04087600111961365 0.0 0.03558500111103058
v -0.04058999940752983 0.0 0.03376999869942665
v -0.04042600095272064 -0.003647000063210726 0.03376999869942665
v -0.04071100056171417 -0.0036730000283569098 0.03558500111103058
v -0.03991200029850006 -0.007385999895632267 0.03376999869942665
v -0.04019400104880333 -0.007437999825924635 0.03558500111103058
v -0.03902300074696541 -0.01116899959743023 0.03376999869942665
v -0.039299000054597855 -0.011246999725699425 0.03558500111103058
v -0.03773999959230423 -0.014941000379621983 0.03376999869942665
v -0.038006000220775604 -0.01504599954932928 0.03558500111103058
v -0.03605499863624573 -0.018642999231815338 0.03376999869942665
v -0.036309998482465744 -0.0187740009278059 0.03558500111103058
v -0.033973999321460724 -0.022211000323295593 0.03376999869942665
v -0.034212999045848846 -0.02236800082027912 0.03558500111103058
v -0.031511999666690826 -0.02558399923145771 0.03376999869942665
v -0.031734999269247055 -0.025763999670743942 0.03558500111103058
v -0.028700999915599823 -0.028700999915599823 0.03376999869942665
v -0.02890400029718876 -0.02890400029718876 0.03558500111103058
v -0.02558399923145771 -0.031511999666690826 0.03376999869942665
v -0.025763999670743942 -0.031734999269247055 0.03558500111103058
v -0.022211000323295593 -0.033973999321460724 0.03376999869942665
v -0.02236800082027912 -0.034212999045848846 0.03558500111103058
v -0.018642999231815338 -0.03605499863624573 0.03376999869942665
v -0.0187740009278059 -0.036309998482465744 0.03558500111103058
v -0.014941000379621983 -0.03773999959230423 0.03376999869942665
v -0.01504599954932928 -0.038006000220775604 0.03558500111103058
v -0.01116899959743023 -0.03902300074696541 0.03376999869942665
v -0.011246999725699425 -0.039299000054597855 0.03558500111103058
v -0.007385999895632267 -0.03991200029850006 0.03376999869942665
v -0.007437999825924635 -0.04019400104880333 0.03558500111103058
v -0.003647000063210726 -0.04042600095272064 0.03376999869942665
v -0.0036730000283569098 -0.04071100056171417 0.03558500111103058
v 0.041207000613212585 -0.003717999905347824 0.03737099841237068
v 0.041377000510692596 -0.007656999863684177 0.03903999924659729
v 0.04068300127983093 -0.007528999820351601 0.03737099841237068
v 0.04045499861240387 -0.011578000150620937 0.03903999924659729
v 0.0397769995033741 -0.011384000070393085 0.03737099841237068
v 0.039124999195337296 -0.015488999895751476 0.03903999924659729
v 0.03846900165081024 -0.015230000019073486 0.03737099841237068
v 0.03737799823284149 -0.01932699978351593 0.03903999924659729
v 0.03675200045108795 -0.019003000110387802 0.03737099841237068
v 0.03522000089287758 -0.0230260007083416 0.03903999924659729
v 0.034630000591278076 -0.02263999916613102 0.03737099841237068
v 0.03266799822449684 -0.026521999388933182 0.03903999924659729
v 0.032120998948812485 -0.026078000664711 0.03737099841237068
v 0.029753999784588814 -0.029753999784588814 0.03903999924659729
v 0.029255999252200127 -0.029255999252200127 0.03737099841237068
v 0.026521999388933182 -0.03266799822449684 0.03903999924659729
v 0.026078000664711 -0.032120998948812485 0.03737099841237068
v 0.0230260007083416 -0.03522000089287758 0.03903999924659729
v 0.02263999916613102 -0.034630000591278076 0.03737099841237068
v 0.01932699978351593 -0.03737799823284149 0.03903999924659729
v 0.019003000110387802 -0.03675200045108795 0.03737099841237068
v 0.015488999895751476 -0.039124999195337296 0.03903999924659729
v 0.015230000019073486 -0.03846900165081024 0.03737099841237068
v 0.011578000150620937 -0.04045499861240387 0.03903999924659729
v 0.011384000070393085 -0.0397769995033741 0.03737099841237068
v 0.007656999863684177 -0.041377000510692596 0.03903999924659729
v 0.007528999820351601 -0.04068300127983093 0.03737099841237068
v 0.003780999919399619 -0.041909001767635345 0.03903999924659729
v 0.003717999905347824 -0.041207000613212585 0.03737099841237068
v 0.0 -0.042079001665115356 0.03903999924659729
v 0.0 -0.041374001652002335 0.03737099841237068
v -0.003780999919399619 -0.041909001767635345 0.03903999924659729
v -0.003717999905347824 -0.041207000613212585 0.03737099841237068
v -0.007656999863684177 -0.041377000510692596 0.03903999924659729
v -0.007528999820351601 -0.04068300127983093 0.03737099841237068
v -0.011578000150620937 -0.04045499861240387 0.03903999924659729
v -0.011384000070393085 -0.0397769995033741 0.03737099841237068
v -0.015488999895751476 -0.039124999195337296 0.03903999924659729
v -0.015230000019073486 -0.03846900165081024 0.03737099841237068
v -0.01932699978351593 -0.03737799823284149 0.03903999924659729
v -0.019003000110387802 -0.03675200045108795 0.03737099841237068
v -0.0230260007083416 -0.03522000089287758 0.03903999924659729
v -0.02263999916613102 -0.034630000591278076 0.03737099841237068
v -0.026521999388933182 -0.03266799822449684 0.03903999924659729
v -0.026078000664711 -0.032120998948812485 0.03737099841237068
v -0.029753999784588814 -0.029753999784588814 0.03903999924659729
v -0.029255999252200127 -0.029255999252200127 0.03737099841237068
v -0.03266799822449684 -0.026521999388933182 0.03903999924659729
v -0.032120998948812485 -0.026078000664711 0.03737099841237068
v -0.03522000089287758 -0.0230260007083416 0.03903999924659729
v -0.034630000591278076 -0.02263999916613102 0.03737099841237068
v -0.03737799823284149 -0.01932699978351593 0.03903999924659729
v -0.03675200045108795 -0.019003000110387802 0.03737099841237068
v -0.039124999195337296 -0.015488999895751476 0.03903999924659729
v -0.03846900165081024 -0.015230000019073486 0.03737099841237068
v -0.04045499861240387 -0.011578000150620937 0.03903999924659729
v -0.0397769995033741 -0.011384000070393085 0.03737099841237068
v -0.041377000510692596 -0.007656999863684177 0.03903999924659729
v -0.04068300127983093 -0.007528999820351601 0.03737099841237068
v -0.041909001767635345 -0.003780999919399619 0.03903999924659729
v -0.041207000613212585 -0.003717999905347824 0.03737099841237068
v -0.042079001665115356 0.0 0.03903999924659729
v -0.041374001652002335 0.0 0.03737099841237068
v -0.05382300168275833 0.0 0.03923000022768974
v -0.05360500141978264 -0.00483600003644824 0.03923000022768974
v -0.05292399972677231 -0.00979399960488081 0.03923000022768974
v -0.05174500122666359 -0.014809999614953995 0.03923000022768974
v -0.05004400014877319 -0.019812000915408134 0.03923000022768974
v -0.04780999943614006 -0.024720000103116035 0.03923000022768974
v -0.04504900053143501 -0.029451999813318253 0.03923000022768974
v -0.04178500175476074 -0.03392399847507477 0.03923000022768974
v -0.038058001548051834 -0.038058001548051834 0.03923000022768974
v -0.03392399847507477 -0.04178500175476074 0.03923000022768974
v -0.029451999813318253 -0.04504900053143501 0.03923000022768974
v -0.024720000103116035 -0.04780999943614006 0.03923000022768974
v -0.019812000915408134 -0.05004400014877319 0.03923000022768974
v -0.014809999614953995 -0.05174500122666359 0.03923000022768974
v -0.00979399960488081 -0.05292399972677231 0.03923000022768974
v -0.00483600003644824 -0.05360500141978264 0.03923000022768974
v 0.0 -0.05382300168275833 0.03923000022768974
v 0.0 -0.054552000015974045 0.03757999837398529
v 0.00483600003644824 -0.05360500141978264 0.03923000022768974
v 0.00979399960488081 -0.05292399972677231 0.03923000022768974
v 0.014809999614953995 -0.05174500122666359 0.03923000022768974
v 0.019812000915408134 -0.05004400014877319 0.03923000022768974
v 0.024720000103116035 -0.04780999943614006 0.03923000022768974
v 0.029451999813318253 -0.04504900053143501 0.03923000022768974
v 0.03392399847507477 -0.04178500175476074 0.03923000022768974
v 0.038058001548051834 -0.038058001548051834 0.03923000022768974
v 0.04178500175476074 -0.03392399847507477 0.03923000022768974
v 0.04504900053143501 -0.029451999813318253 0.03923000022768974
v 0.04780999943614006 -0.024720000103116035 0.03923000022768974
v 0.05004400014877319 -0.019812000915408134 0.03923000022768974
v 0.05174500122666359 -0.014809999614953995 0.03923000022768974
v 0.05292399972677231 -0.00979399960488081 0.03923000022768974
v 0.05360500141978264 -0.00483600003644824 0.03923000022768974
v 0.041374001652002335 0.0 0.03737099841237068
v 0.041909001767635345 -0.003780999919399619 0.03903999924659729
v 0.04738900065422058 0.0 0.04346200078725815
v 0.05382300168275833 0.0 0.03923000022768974
v 0.05291400104761124 0.0 0.04067099839448929
v 0.03893699869513512 -0.011144000105559826 0.03200000151991844
v 0.03998799994587898 -0.006417999975383282 0.03200000151991844
v 0.0403360016644001 -0.003639000002294779 0.03200000151991844
v 0.04050000011920929 0.0 0.03200000151991844
v 0.03577899932861328 -0.01897599920630455 0.03200000151991844
v 0.0338979996740818 -0.022161999717354774 0.03200000151991844
v 0.03225800022482872 -0.024488000199198723 0.03200000151991844
v 0.028637999668717384 -0.028637999668717384 0.03200000151991844
v 0.01834000088274479 -0.03610999882221222 0.03200000151991844
v 0.022161999717354774 -0.0338979996740818 0.03200000151991844
v 0.023753000423312187 -0.0328029990196228 0.03200000151991844
v 0.025527000427246094 -0.03144200146198273 0.03200000151991844
v 0.003639000002294779 -0.0403360016644001 0.03200000151991844
v 0.0065910001285374165 -0.03996000066399574 0.03200000151991844
v 0.011144000105559826 -0.03893699869513512 0.03200000151991844
v 0.012569000013172626 -0.03849999979138374 0.03200000151991844
v 0.014907999895513058 -0.03765600174665451 0.03200000151991844
v -0.003639000002294779 -0.0403360016644001 0.03200000151991844
v -0.0016639999812468886 -0.04046599939465523 0.03200000151991844
v 0.0005520000122487545 -0.04049599915742874 0.03200000151991844
v -0.008263000287115574 -0.03964800015091896 0.03200000151991844
v -0.011144000105559826 -0.03893699869513512 0.03200000151991844
v -0.014650999568402767 -0.03775700181722641 0.03200000151991844
v -0.01860100030899048 -0.035976000130176544 0.03200000151991844
v -0.020580999553203583 -0.034880999475717545 0.03200000151991844
v -0.022161999717354774 -0.0338979996740818 0.03200000151991844
v -0.025913000106811523 -0.03112499974668026 0.03200000151991844
v -0.028637999668717384 -0.028637999668717384 0.03200000151991844
v -0.03050900064408779 -0.026635000482201576 0.03200000151991844
v -0.03144200146198273 -0.025527000427246094 0.03200000151991844
v -0.03432299941778183 -0.02149900048971176 0.03200000151991844
v -0.035976000130176544 -0.01860100030899048 0.03200000151991844
v -0.03724199905991554 -0.015915000811219215 0.03200000151991844
v -0.03765600174665451 -0.014907999895513058 0.03200000151991844
v -0.039236001670360565 -0.010037999600172043 0.03200000151991844
v -0.039824001491069794 -0.007369999773800373 0.03200000151991844
v -0.040300000458955765 -0.004015999846160412 0.03200000151991844
v -0.04050000011920929 0.0 0.03200000151991844
v 0.04279499873518944 -0.0038610000628978014 0.04051100090146065
v 0.04225099831819534 -0.007818999700248241 0.04051100090146065
v 0.04131000116467476 -0.011823000386357307 0.04051100090146065
v 0.03995199874043465 -0.015816999599337578 0.04051100090146065
v 0.03816799819469452 -0.019734999164938927 0.04051100090146065
v 0.035964999347925186 -0.023513000458478928 0.04051100090146065
v 0.03335899859666824 -0.027083000168204308 0.04051100090146065
v 0.030383000150322914 -0.030383000150322914 0.04051100090146065
v 0.027083000168204308 -0.03335899859666824 0.04051100090146065
v 0.023513000458478928 -0.035964999347925186 0.04051100090146065
v 0.019734999164938927 -0.03816799819469452 0.04051100090146065
v 0.015816999599337578 -0.03995199874043465 0.04051100090146065
v 0.011823000386357307 -0.04131000116467476 0.04051100090146065
v 0.007818999700248241 -0.04225099831819534 0.04051100090146065
v 0.0038610000628978014 -0.04279499873518944 0.04051100090146065
v 0.0 -0.04296899959445 0.04051100090146065
v -0.0038610000628978014 -0.04279499873518944 0.04051100090146065
v -0.007818999700248241 -0.04225099831819534 0.04051100090146065
v -0.011823000386357307 -0.04131000116467476 0.04051100090146065
v -0.015816999599337578 -0.03995199874043465 0.04051100090146065
v -0.019734999164938927 -0.03816799819469452 0.04051100090146065
v -0.023513000458478928 -0.035964999347925186 0.04051100090146065
v -0.027083000168204308 -0.03335899859666824 0.04051100090146065
v -0.030383000150322914 -0.030383000150322914 0.04051100090146065
v -0.03335899859666824 -0.027083000168204308 0.04051100090146065
v -0.035964999347925186 -0.023513000458478928 0.04051100090146065
v -0.03816799819469452 -0.019734999164938927 0.04051100090146065
v -0.03995199874043465 -0.015816999599337578 0.04051100090146065
v -0.04131000116467476 -0.011823000386357307 0.04051100090146065
v -0.04225099831819534 -0.007818999700248241 0.04051100090146065
v -0.04279499873518944 -0.0038610000628978014 0.04051100090146065
v -0.04296899959445 0.0 0.04051100090146065
v 0.043820999562740326 -0.00395399983972311 0.04171400144696236
v 0.043264999985694885 -0.008005999960005283 0.04171400144696236
v 0.0423009991645813 -0.0121069997549057 0.04171400144696236
v 0.04091000184416771 -0.016195999458432198 0.04171400144696236
v 0.039083998650312424 -0.020208999514579773 0.04171400144696236
v 0.036827001720666885 -0.024077000096440315 0.04171400144696236
v 0.03415900096297264 -0.027732999995350838 0.04171400144696236
v 0.031112000346183777 -0.031112000346183777 0.04171400144696236
v 0.027732999995350838 -0.03415900096297264 0.04171400144696236
v 0.024077000096440315 -0.036827001720666885 0.04171400144696236
v 0.020208999514579773 -0.039083998650312424 0.04171400144696236
v 0.016195999458432198 -0.04091000184416771 0.04171400144696236
v 0.0121069997549057 -0.0423009991645813 0.04171400144696236
v 0.008005999960005283 -0.043264999985694885 0.04171400144696236
v 0.00395399983972311 -0.043820999562740326 0.04171400144696236
v 0.0 -0.04399900138378143 0.04171400144696236
v -0.00395399983972311 -0.043820999562740326 0.04171400144696236
v -0.008005999960005283 -0.043264999985694885 0.04171400144696236
v -0.0121069997549057 -0.0423009991645813 0.04171400144696236
v -0.016195999458432198 -0.04091000184416771 0.04171400144696236
v -0.020208999514579773 -0.039083998650312424 0.04171400144696236
v -0.024077000096440315 -0.036827001720666885 0.04171400144696236
v -0.027732999995350838 -0.03415900096297264 0.04171400144696236
v -0.031112000346183777 -0.031112000346183777 0.04171400144696236
v -0.03415900096297264 -0.027732999995350838 0.04171400144696236
v -0.036827001720666885 -0.024077000096440315 0.04171400144696236
v -0.039083998650312424 -0.020208999514579773 0.04171400144696236
v -0.04091000184416771 -0.016195999458432198 0.04171400144696236
v -0.0423009991645813 -0.0121069997549057 0.04171400144696236
v -0.043264999985694885 -0.008005999960005283 0.04171400144696236
v -0.043820999562740326 -0.00395399983972311 0.04171400144696236
v -0.04399900138378143 0.0 0.04171400144696236
v 0.044934000819921494 -0.00405400013551116 0.042608000338077545
v 0.04436299949884415 -0.00820900034159422 0.042608000338077545
v 0.04337500035762787 -0.012413999997079372 0.042608000338077545
v 0.04194800183176994 -0.016606999561190605 0.042608000338077545
v 0.04007599875330925 -0.020721999928355217 0.042608000338077545
v 0.037762001156806946 -0.024687999859452248 0.042608000338077545
v 0.03502599895000458 -0.028436999768018723 0.042608000338077545
v 0.031902000308036804 -0.031902000308036804 0.042608000338077545
v 0.028436999768018723 -0.03502599895000458 0.042608000338077545
v 0.024687999859452248 -0.037762001156806946 0.042608000338077545
v 0.020721999928355217 -0.04007599875330925 0.042608000338077545
v 0.016606999561190605 -0.04194800183176994 0.042608000338077545
v 0.012413999997079372 -0.04337500035762787 0.042608000338077545
v 0.00820900034159422 -0.04436299949884415 0.042608000338077545
v 0.00405400013551116 -0.044934000819921494 0.042608000338077545
v 0.0 -0.04511599987745285 0.042608000338077545
v -0.00405400013551116 -0.044934000819921494 0.042608000338077545
v -0.00820900034159422 -0.04436299949884415 0.042608000338077545
v -0.012413999997079372 -0.04337500035762787 0.042608000338077545
v -0.016606999561190605 -0.04194800183176994 0.042608000338077545
v -0.020721999928355217 -0.04007599875330925 0.042608000338077545
v -0.024687999859452248 -0.037762001156806946 0.042608000338077545
v -0.028436999768018723 -0.03502599895000458 0.042608000338077545
v -0.031902000308036804 -0.031902000308036804 0.042608000338077545
v -0.03502599895000458 -0.028436999768018723 0.042608000338077545
v -0.037762001156806946 -0.024687999859452248 0.042608000338077545
v -0.04007599875330925 -0.020721999928355217 0.042608000338077545
v -0.04194800183176994 -0.016606999561190605 0.042608000338077545
v -0.04337500035762787 -0.012413999997079372 0.042608000338077545
v -0.04436299949884415 -0.00820900034159422 0.042608000338077545
v -0.044934000819921494 -0.00405400013551116 0.042608000338077545
v -0.04511599987745285 0.0 0.042608000338077545
v 0.0460750013589859 -0.004157000221312046 0.04318400099873543
v 0.045490000396966934 -0.008418000303208828 0.04318400099873543
v 0.04447599872946739 -0.012729000300168991 0.04318400099873543
v 0.04301400110125542 -0.01702900044620037 0.04318400099873543
v 0.04109400138258934 -0.021247999742627144 0.04318400099873543
v 0.0387209989130497 -0.025314999744296074 0.04318400099873543
v 0.03591600060462952 -0.029159000143408775 0.04318400099873543
v 0.032712001353502274 -0.032712001353502274 0.04318400099873543
v 0.029159000143408775 -0.03591600060462952 0.04318400099873543
v 0.025314999744296074 -0.0387209989130497 0.04318400099873543
v 0.021247999742627144 -0.04109400138258934 0.04318400099873543
v 0.01702900044620037 -0.04301400110125542 0.04318400099873543
v 0.012729000300168991 -0.04447599872946739 0.04318400099873543
v 0.008418000303208828 -0.045490000396966934 0.04318400099873543
v 0.004157000221312046 -0.0460750013589859 0.04318400099873543
v 0.0 -0.046261999756097794 0.04318400099873543
v -0.004157000221312046 -0.0460750013589859 0.04318400099873543
v -0.008418000303208828 -0.045490000396966934 0.04318400099873543
v -0.012729000300168991 -0.04447599872946739 0.04318400099873543
v -0.01702900044620037 -0.04301400110125542 0.04318400099873543
v -0.021247999742627144 -0.04109400138258934 0.04318400099873543
v -0.025314999744296074 -0.0387209989130497 0.04318400099873543
v -0.029159000143408775 -0.03591600060462952 0.04318400099873543
v -0.032712001353502274 -0.032712001353502274 0.04318400099873543
v -0.03591600060462952 -0.029159000143408775 0.04318400099873543
v -0.0387209989130497 -0.025314999744296074 0.04318400099873543
v -0.04109400138258934 -0.021247999742627144 0.04318400099873543
v -0.04301400110125542 -0.01702900044620037 0.04318400099873543
v -0.04447599872946739 -0.012729000300168991 0.04318400099873543
v -0.045490000396966934 -0.008418000303208828 0.04318400099873543
v -0.0460750013589859 -0.004157000221312046 0.04318400099873543
v -0.046261999756097794 0.0 0.04318400099873543
v 0.04719800129532814 -0.004257999826222658 0.04346200078725815
v 0.04659799858927727 -0.008623000234365463 0.04346200078725815
v 0.045559998601675034 -0.013039999641478062 0.04346200078725815
v 0.04406199976801872 -0.017443999648094177 0.04346200078725815
v 0.04209500178694725 -0.021765999495983124 0.04346200078725815
v 0.03966499865055084 -0.02593199908733368 0.04346200078725815
v 0.03679100051522255 -0.029868999496102333 0.04346200078725815
v 0.03350900113582611 -0.03350900113582611 0.04346200078725815
v 0.029868999496102333 -0.03679100051522255 0.04346200078725815
v 0.02593199908733368 -0.03966499865055084 0.04346200078725815
v 0.021765999495983124 -0.04209500178694725 0.04346200078725815
v 0.017443999648094177 -0.04406199976801872 0.04346200078725815
v 0.013039999641478062 -0.045559998601675034 0.04346200078725815
v 0.008623000234365463 -0.04659799858927727 0.04346200078725815
v 0.004257999826222658 -0.04719800129532814 0.04346200078725815
v 0.0 -0.04738900065422058 0.04346200078725815
v -0.004257999826222658 -0.04719800129532814 0.04346200078725815
v -0.008623000234365463 -0.04659799858927727 0.04346200078725815
v -0.013039999641478062 -0.045559998601675034 0.04346200078725815
v -0.017443999648094177 -0.04406199976801872 0.04346200078725815
v -0.021765999495983124 -0.04209500178694725 0.04346200078725815
v -0.02593199908733368 -0.03966499865055084 0.04346200078725815
v -0.029868999496102333 -0.03679100051522255 0.04346200078725815
v -0.03350900113582611 -0.03350900113582611 0.04346200078725815
v -0.03679100051522255 -0.029868999496102333 0.04346200078725815
v -0.03966499865055084 -0.02593199908733368 0.04346200078725815
v -0.04209500178694725 -0.021765999495983124 0.04346200078725815
v -0.04406199976801872 -0.017443999648094177 0.04346200078725815
v -0.045559998601675034 -0.013039999641478062 0.04346200078725815
v -0.04659799858927727 -0.008623000234365463 0.04346200078725815
v 0.042079001665115356 0.0 0.03903999924659729
v 0.04296899959445 0.0 0.04051100090146065
v 0.04399900138378143 0.0 0.04171400144696236
v 0.04511599987745285 0.0 0.042608000338077545
v 0.046261999756097794 0.0 0.04318400099873543
v 0.04766799882054329 -0.008821000345051289 0.043476998805999756
v 0.046606000512838364 -0.013338999822735786 0.043476998805999756
v 0.04507400095462799 -0.017844000831246376 0.043476998805999756
v 0.0430620014667511 -0.022266000509262085 0.043476998805999756
v 0.04057599976658821 -0.026527000591158867 0.043476998805999756
v 0.03763600066304207 -0.0305550005286932 0.043476998805999756
v 0.034279000014066696 -0.034279000014066696 0.043476998805999756
v 0.0305550005286932 -0.03763600066304207 0.043476998805999756
v 0.026527000591158867 -0.04057599976658821 0.043476998805999756
v 0.022266000509262085 -0.0430620014667511 0.043476998805999756
v 0.017844000831246376 -0.04507400095462799 0.043476998805999756
v 0.013338999822735786 -0.046606000512838364 0.043476998805999756
v 0.008821000345051289 -0.04766799882054329 0.043476998805999756
v 0.004356000106781721 -0.04828200116753578 0.043476998805999756
v 0.0 -0.04847799986600876 0.043476998805999756
v -0.004356000106781721 -0.04828200116753578 0.043476998805999756
v -0.008821000345051289 -0.04766799882054329 0.043476998805999756
v -0.013338999822735786 -0.046606000512838364 0.043476998805999756
v -0.017844000831246376 -0.04507400095462799 0.043476998805999756
v -0.022266000509262085 -0.0430620014667511 0.043476998805999756
v -0.026527000591158867 -0.04057599976658821 0.043476998805999756
v -0.0305550005286932 -0.03763600066304207 0.043476998805999756
v -0.034279000014066696 -0.034279000014066696 0.043476998805999756
v -0.03763600066304207 -0.0305550005286932 0.043476998805999756
v -0.04057599976658821 -0.026527000591158867 0.043476998805999756
v -0.0430620014667511 -0.022266000509262085 0.043476998805999756
v -0.04507400095462799 -0.017844000831246376 0.043476998805999756
v -0.046606000512838364 -0.013338999822735786 0.043476998805999756
v -0.04766799882054329 -0.008821000345051289 0.043476998805999756
v -0.04828200116753578 -0.004356000106781721 0.043476998805999756
v -0.04847799986600876 0.0 0.043476998805999756
v 0.04960000142455101 0.0 0.0432329997420311
v 0.049400001764297485 -0.0044570001773536205 0.0432329997420311
v 0.04877199977636337 -0.009025000035762787 0.0432329997420311
v 0.04768599942326546 -0.013647999614477158 0.0432329997420311
v 0.04611799865961075 -0.018257999792695045 0.0432329997420311
v 0.04405900090932846 -0.022780999541282654 0.0432329997420311
v 0.04151500016450882 -0.027141999453306198 0.0432329997420311
v 0.03850699961185455 -0.03126300126314163 0.0432329997420311
v 0.03507300093770027 -0.03507300093770027 0.0432329997420311
v 0.03126300126314163 -0.03850699961185455 0.0432329997420311
v 0.027141999453306198 -0.04151500016450882 0.0432329997420311
v 0.022780999541282654 -0.04405900090932846 0.0432329997420311
v 0.018257999792695045 -0.04611799865961075 0.0432329997420311
v 0.013647999614477158 -0.04768599942326546 0.0432329997420311
v 0.009025000035762787 -0.04877199977636337 0.0432329997420311
v 0.0044570001773536205 -0.049400001764297485 0.0432329997420311
v 0.0 -0.04960000142455101 0.0432329997420311
v -0.0044570001773536205 -0.049400001764297485 0.0432329997420311
v -0.009025000035762787 -0.04877199977636337 0.0432329997420311
v -0.013647999614477158 -0.04768599942326546 0.0432329997420311
v -0.018257999792695045 -0.04611799865961075 0.0432329997420311
v -0.022780999541282654 -0.04405900090932846 0.0432329997420311
v -0.027141999453306198 -0.04151500016450882 0.0432329997420311
v -0.03126300126314163 -0.03850699961185455 0.0432329997420311
v -0.03507300093770027 -0.03507300093770027 0.0432329997420311
v -0.03850699961185455 -0.03126300126314163 0.0432329997420311
v -0.04151500016450882 -0.027141999453306198 0.0432329997420311
v -0.04405900090932846 -0.022780999541282654 0.0432329997420311
v -0.04611799865961075 -0.018257999792695045 0.0432329997420311
v -0.04768599942326546 -0.013647999614477158 0.0432329997420311
v -0.04877199977636337 -0.009025000035762787 0.0432329997420311
v -0.049400001764297485 -0.0044570001773536205 0.0432329997420311
v -0.04960000142455101 0.0 0.0432329997420311
v 0.05074600130319595 0.0 0.04269399866461754
v 0.050540998578071594 -0.004559999797493219 0.04269399866461754
v 0.04989900067448616 -0.009233999997377396 0.04269399866461754
v 0.04878700152039528 -0.013962999917566776 0.04269399866461754
v 0.047182999551296234 -0.018679000437259674 0.04269399866461754
v 0.04507699981331825 -0.023307999595999718 0.04269399866461754
v 0.04247400164604187 -0.027768999338150024 0.04269399866461754
v 0.03939700126647949 -0.031984999775886536 0.04269399866461754
v 0.03588299825787544 -0.03588299825787544 0.04269399866461754
v 0.031984999775886536 -0.03939700126647949 0.04269399866461754
v 0.027768999338150024 -0.04247400164604187 0.04269399866461754
v 0.023307999595999718 -0.04507699981331825 0.04269399866461754
v 0.018679000437259674 -0.047182999551296234 0.04269399866461754
v 0.013962999917566776 -0.04878700152039528 0.04269399866461754
v 0.009233999997377396 -0.04989900067448616 0.04269399866461754
v 0.004559999797493219 -0.050540998578071594 0.04269399866461754
v 0.0 -0.05074600130319595 0.04269399866461754
v -0.004559999797493219 -0.050540998578071594 0.04269399866461754
v -0.009233999997377396 -0.04989900067448616 0.04269399866461754
v -0.013962999917566776 -0.04878700152039528 0.04269399866461754
v -0.018679000437259674 -0.047182999551296234 0.04269399866461754
v -0.023307999595999718 -0.04507699981331825 0.04269399866461754
v -0.027768999338150024 -0.04247400164604187 0.04269399866461754
v -0.031984999775886536 -0.03939700126647949 0.04269399866461754
v -0.03588299825787544 -0.03588299825787544 0.04269399866461754
v -0.03939700126647949 -0.031984999775886536 0.04269399866461754
v -0.04247400164604187 -0.027768999338150024 0.04269399866461754
v -0.04507699981331825 -0.023307999595999718 0.04269399866461754
v -0.047182999551296234 -0.018679000437259674 0.04269399866461754
v -0.04878700152039528 -0.013962999917566776 0.04269399866461754
v -0.04989900067448616 -0.009233999997377396 0.04269399866461754
v -0.050540998578071594 -0.004559999797493219 0.04269399866461754
v -0.05074600130319595 0.0 0.04269399866461754
v 0.05186999961733818 0.0 0.04183800145983696
v 0.051660001277923584 -0.004660999868065119 0.04183800145983696
v 0.05100400000810623 -0.009437999688088894 0.04183800145983696
v 0.04986700043082237 -0.014271999709308147 0.04183800145983696
v 0.04822799935936928 -0.019092999398708344 0.04183800145983696
v 0.0460750013589859 -0.023823000490665436 0.04183800145983696
v 0.043414998799562454 -0.028384000062942505 0.04183800145983696
v 0.040268998593091965 -0.03269299864768982 0.04183800145983696
v 0.03667699918150902 -0.03667699918150902 0.04183800145983696
v 0.03269299864768982 -0.040268998593091965 0.04183800145983696
v 0.028384000062942505 -0.043414998799562454 0.04183800145983696
v 0.023823000490665436 -0.0460750013589859 0.04183800145983696
v 0.019092999398708344 -0.04822799935936928 0.04183800145983696
v 0.014271999709308147 -0.04986700043082237 0.04183800145983696
v 0.009437999688088894 -0.05100400000810623 0.04183800145983696
v 0.004660999868065119 -0.051660001277923584 0.04183800145983696
v 0.0 -0.05186999961733818 0.04183800145983696
v -0.004660999868065119 -0.051660001277923584 0.04183800145983696
v -0.009437999688088894 -0.05100400000810623 0.04183800145983696
v -0.014271999709308147 -0.04986700043082237 0.04183800145983696
v -0.019092999398708344 -0.04822799935936928 0.04183800145983696
v -0.023823000490665436 -0.0460750013589859 0.04183800145983696
v -0.028384000062942505 -0.043414998799562454 0.04183800145983696
v -0.03269299864768982 -0.040268998593091965 0.04183800145983696
v -0.03667699918150902 -0.03667699918150902 0.04183800145983696
v -0.040268998593091965 -0.03269299864768982 0.04183800145983696
v -0.043414998799562454 -0.028384000062942505 0.04183800145983696
v -0.0460750013589859 -0.023823000490665436 0.04183800145983696
v -0.04822799935936928 -0.019092999398708344 0.04183800145983696
v -0.04986700043082237 -0.014271999709308147 0.04183800145983696
v -0.05100400000810623 -0.009437999688088894 0.04183800145983696
v -0.051660001277923584 -0.004660999868065119 0.04183800145983696
v -0.05186999961733818 0.0 0.04183800145983696
v 0.05270000174641609 -0.004755000118166208 0.04067099839448929
v 0.05203000083565712 -0.009627999737858772 0.04067099839448929
v 0.050870999693870544 -0.014560000039637089 0.04067099839448929
v 0.049199000000953674 -0.01947700046002865 0.04067099839448929
v 0.047001998871564865 -0.024303000420331955 0.04067099839448929
v 0.0442890003323555 -0.028954999521374702 0.04067099839448929
v 0.04108000174164772 -0.033351000398397446 0.04067099839448929
v 0.0374159999191761 -0.0374159999191761 0.04067099839448929
v 0.033351000398397446 -0.04108000174164772 0.04067099839448929
v 0.028954999521374702 -0.0442890003323555 0.04067099839448929
v 0.024303000420331955 -0.047001998871564865 0.04067099839448929
v 0.01947700046002865 -0.049199000000953674 0.04067099839448929
v 0.014560000039637089 -0.050870999693870544 0.04067099839448929
v 0.009627999737858772 -0.05203000083565712 0.04067099839448929
v 0.004755000118166208 -0.05270000174641609 0.04067099839448929
v 0.0 -0.05291400104761124 0.04067099839448929
v -0.004755000118166208 -0.05270000174641609 0.04067099839448929
v -0.009627999737858772 -0.05203000083565712 0.04067099839448929
v -0.014560000039637089 -0.050870999693870544 0.04067099839448929
v -0.01947700046002865 -0.049199000000953674 0.04067099839448929
v -0.024303000420331955 -0.047001998871564865 0.04067099839448929
v -0.028954999521374702 -0.0442890003323555 0.04067099839448929
v -0.033351000398397446 -0.04108000174164772 0.04067099839448929
v -0.0374159999191761 -0.0374159999191761 0.04067099839448929
v -0.04108000174164772 -0.033351000398397446 0.04067099839448929
v -0.0442890003323555 -0.028954999521374702 0.04067099839448929
v -0.047001998871564865 -0.024303000420331955 0.04067099839448929
v -0.049199000000953674 -0.01947700046002865 0.04067099839448929
v -0.050870999693870544 -0.014560000039637089 0.04067099839448929
v -0.05203000083565712 -0.009627999737858772 0.04067099839448929
v -0.05270000174641609 -0.004755000118166208 0.04067099839448929
v -0.05291400104761124 0.0 0.04067099839448929
v 0.04719800129532814 0.004257999826222658 0.04346200078725815
v -0.04828200116753578 0.004356000106781721 0.043476998805999756
v -0.03902300074696541 0.01116899959743023 0.03376999869942665
v -0.03893699869513512 0.011144000105559826 0.03200000151991844
v -0.03991200029850006 0.007385999895632267 0.03376999869942665
v -0.03998799994587898 0.006417999975383282 0.03200000151991844
v -0.04042600095272064 0.003647000063210726 0.03376999869942665
v -0.0403360016644001 0.003639000002294779 0.03200000151991844
v -0.022211000323295593 0.033973999321460724 0.03376999869942665
v -0.023753000423312187 0.0328029990196228 0.03200000151991844
v -0.02558399923145771 0.031511999666690826 0.03376999869942665
v -0.025527000427246094 0.03144200146198273 0.03200000151991844
v -0.028700999915599823 0.028700999915599823 0.03376999869942665
v -0.028637999668717384 0.028637999668717384 0.03200000151991844
v -0.031511999666690826 0.02558399923145771 0.03376999869942665
v -0.03225800022482872 0.024488000199198723 0.03200000151991844
v -0.033973999321460724 0.022211000323295593 0.03376999869942665
v -0.0338979996740818 0.022161999717354774 0.03200000151991844
v -0.03605499863624573 0.018642999231815338 0.03376999869942665
v -0.03577899932861328 0.01897599920630455 0.03200000151991844
v -0.03773999959230423 0.014941000379621983 0.03376999869942665
v -0.03765600174665451 0.014907999895513058 0.03200000151991844
v -0.03838900104165077 0.012903000228106976 0.03200000151991844
v -0.01116899959743023 0.03902300074696541 0.03376999869942665
v -0.012569000013172626 0.03849999979138374 0.03200000151991844
v -0.014941000379621983 0.03773999959230423 0.03376999869942665
v -0.014907999895513058 0.03765600174665451 0.03200000151991844
v -0.018642999231815338 0.03605499863624573 0.03376999869942665
v -0.01834000088274479 0.03610999882221222 0.03200000151991844
v -0.022161999717354774 0.0338979996740818 0.03200000151991844
v 0.0 0.04058999940752983 0.03376999869942665
v -0.0005520000122487545 0.04049599915742874 0.03200000151991844
v -0.003647000063210726 0.04042600095272064 0.03376999869942665
v -0.003639000002294779 0.0403360016644001 0.03200000151991844
v -0.007385999895632267 0.03991200029850006 0.03376999869942665
v -0.0065910001285374165 0.03996000066399574 0.03200000151991844
v -0.011144000105559826 0.03893699869513512 0.03200000151991844
v 0.022211000323295593 0.033973999321460724 0.03376999869942665
v 0.020580999553203583 0.034880999475717545 0.03200000151991844
v 0.018642999231815338 0.03605499863624573 0.03376999869942665
v 0.01860100030899048 0.035976000130176544 0.03200000151991844
v 0.014941000379621983 0.03773999959230423 0.03376999869942665
v 0.014650999568402767 0.03775700181722641 0.03200000151991844
v 0.01116899959743023 0.03902300074696541 0.03376999869942665
v 0.011144000105559826 0.03893699869513512 0.03200000151991844
v 0.007385999895632267 0.03991200029850006 0.03376999869942665
v 0.008263000287115574 0.03964800015091896 0.03200000151991844
v 0.003647000063210726 0.04042600095272064 0.03376999869942665
v 0.003639000002294779 0.0403360016644001 0.03200000151991844
v 0.0016639999812468886 0.04046599939465523 0.03200000151991844
v 0.031511999666690826 0.02558399923145771 0.03376999869942665
v 0.03050900064408779 0.026635000482201576 0.03200000151991844
v 0.028700999915599823 0.028700999915599823 0.03376999869942665
v 0.028637999668717384 0.028637999668717384 0.03200000151991844
v 0.02558399923145771 0.031511999666690826 0.03376999869942665
v 0.025913000106811523 0.03112499974668026 0.03200000151991844
v 0.022161999717354774 0.0338979996740818 0.03200000151991844
v 0.03773999959230423 0.014941000379621983 0.03376999869942665
v 0.03724199905991554 0.015915000811219215 0.03200000151991844
v 0.03605499863624573 0.018642999231815338 0.03376999869942665
v 0.035976000130176544 0.01860100030899048 0.03200000151991844
v 0.033973999321460724 0.022211000323295593 0.03376999869942665
v 0.03432299941778183 0.02149900048971176 0.03200000151991844
v 0.03144200146198273 0.025527000427246094 0.03200000151991844
v 0.04042600095272064 0.003647000063210726 0.03376999869942665
v 0.040300000458955765 0.004015999846160412 0.03200000151991844
v 0.03991200029850006 0.007385999895632267 0.03376999869942665
v 0.039824001491069794 0.007369999773800373 0.03200000151991844
v 0.03902300074696541 0.01116899959743023 0.03376999869942665
v 0.039236001670360565 0.010037999600172043 0.03200000151991844
v 0.03765600174665451 0.014907999895513058 0.03200000151991844
v 0.04071100056171417 0.0036730000283569098 0.03558500111103058
v 0.04019400104880333 0.007437999825924635 0.03558500111103058
v 0.039299000054597855 0.011246999725699425 0.03558500111103058
v 0.038006000220775604 0.01504599954932928 0.03558500111103058
v 0.036309998482465744 0.0187740009278059 0.03558500111103058
v 0.034212999045848846 0.02236800082027912 0.03558500111103058
v 0.031734999269247055 0.025763999670743942 0.03558500111103058
v 0.02890400029718876 0.02890400029718876 0.03558500111103058
v 0.025763999670743942 0.031734999269247055 0.03558500111103058
v 0.02236800082027912 0.034212999045848846 0.03558500111103058
v 0.0187740009278059 0.036309998482465744 0.03558500111103058
v 0.01504599954932928 0.038006000220775604 0.03558500111103058
v 0.011246999725699425 0.039299000054597855 0.03558500111103058
v 0.007437999825924635 0.04019400104880333 0.03558500111103058
v 0.0036730000283569098 0.04071100056171417 0.03558500111103058
v 0.0 0.04087600111961365 0.03558500111103058
v -0.0036730000283569098 0.04071100056171417 0.03558500111103058
v -0.007437999825924635 0.04019400104880333 0.03558500111103058
v -0.011246999725699425 0.039299000054597855 0.03558500111103058
v -0.01504599954932928 0.038006000220775604 0.03558500111103058
v -0.0187740009278059 0.036309998482465744 0.03558500111103058
v -0.02236800082027912 0.034212999045848846 0.03558500111103058
v -0.025763999670743942 0.031734999269247055 0.03558500111103058
v -0.02890400029718876 0.02890400029718876 0.03558500111103058
v -0.031734999269247055 0.025763999670743942 0.03558500111103058
v -0.034212999045848846 0.02236800082027912 0.03558500111103058
v -0.036309998482465744 0.0187740009278059 0.03558500111103058
v -0.038006000220775604 0.01504599954932928 0.03558500111103058
v -0.039299000054597855 0.011246999725699425 0.03558500111103058
v -0.04019400104880333 0.007437999825924635 0.03558500111103058
v -0.04071100056171417 0.0036730000283569098 0.03558500111103058
v 0.041207000613212585 0.003717999905347824 0.03737099841237068
v 0.04068300127983093 0.007528999820351601 0.03737099841237068
v 0.0397769995033741 0.011384000070393085 0.03737099841237068
v 0.03846900165081024 0.015230000019073486 0.03737099841237068
v 0.03675200045108795 0.019003000110387802 0.03737099841237068
v 0.034630000591278076 0.02263999916613102 0.03737099841237068
v 0.032120998948812485 0.026078000664711 0.03737099841237068
v 0.029255999252200127 0.029255999252200127 0.03737099841237068
v 0.026078000664711 0.032120998948812485 0.03737099841237068
v 0.02263999916613102 0.034630000591278076 0.03737099841237068
v 0.019003000110387802 0.03675200045108795 0.03737099841237068
v 0.015230000019073486 0.03846900165081024 0.03737099841237068
v 0.011384000070393085 0.0397769995033741 0.03737099841237068
v 0.007528999820351601 0.04068300127983093 0.03737099841237068
v 0.003717999905347824 0.041207000613212585 0.03737099841237068
v 0.0 0.041374001652002335 0.03737099841237068
v -0.003717999905347824 0.041207000613212585 0.03737099841237068
v -0.007528999820351601 0.04068300127983093 0.03737099841237068
v -0.011384000070393085 0.0397769995033741 0.03737099841237068
v -0.015230000019073486 0.03846900165081024 0.03737099841237068
v -0.019003000110387802 0.03675200045108795 0.03737099841237068
v -0.02263999916613102 0.034630000591278076 0.03737099841237068
v -0.026078000664711 0.032120998948812485 0.03737099841237068
v -0.029255999252200127 0.029255999252200127 0.03737099841237068
v -0.032120998948812485 0.026078000664711 0.03737099841237068
v -0.034630000591278076 0.02263999916613102 0.03737099841237068
v -0.03675200045108795 0.019003000110387802 0.03737099841237068
v -0.03846900165081024 0.015230000019073486 0.03737099841237068
v -0.0397769995033741 0.011384000070393085 0.03737099841237068
v -0.04068300127983093 0.007528999820351601 0.03737099841237068
v -0.041207000613212585 0.003717999905347824 0.03737099841237068
v 0.041909001767635345 0.003780999919399619 0.03903999924659729
v 0.041377000510692596 0.007656999863684177 0.03903999924659729
v 0.04045499861240387 0.011578000150620937 0.03903999924659729
v 0.039124999195337296 0.015488999895751476 0.03903999924659729
v 0.03737799823284149 0.01932699978351593 0.03903999924659729
v 0.03522000089287758 0.0230260007083416 0.03903999924659729
v 0.03266799822449684 0.026521999388933182 0.03903999924659729
v 0.029753999784588814 0.029753999784588814 0.03903999924659729
v 0.026521999388933182 0.03266799822449684 0.03903999924659729
v 0.0230260007083416 0.03522000089287758 0.03903999924659729
v 0.01932699978351593 0.03737799823284149 0.03903999924659729
v 0.015488999895751476 0.039124999195337296 0.03903999924659729
v 0.011578000150620937 0.04045499861240387 0.03903999924659729
v 0.007656999863684177 0.041377000510692596 0.03903999924659729
v 0.003780999919399619 0.041909001767635345 0.03903999924659729
v 0.0 0.042079001665115356 0.03903999924659729
v -0.003780999919399619 0.041909001767635345 0.03903999924659729
v -0.007656999863684177 0.041377000510692596 0.03903999924659729
v -0.011578000150620937 0.04045499861240387 0.03903999924659729
v -0.015488999895751476 0.039124999195337296 0.03903999924659729
v -0.01932699978351593 0.03737799823284149 0.03903999924659729
v -0.0230260007083416 0.03522000089287758 0.03903999924659729
v -0.026521999388933182 0.03266799822449684 0.03903999924659729
v -0.029753999784588814 0.029753999784588814 0.03903999924659729
v -0.03266799822449684 0.026521999388933182 0.03903999924659729
v -0.03522000089287758 0.0230260007083416 0.03903999924659729
v -0.03737799823284149 0.01932699978351593 0.03903999924659729
v -0.039124999195337296 0.015488999895751476 0.03903999924659729
v -0.04045499861240387 0.011578000150620937 0.03903999924659729
v -0.041377000510692596 0.007656999863684177 0.03903999924659729
v -0.041909001767635345 0.003780999919399619 0.03903999924659729
v 0.04279499873518944 0.0038610000628978014 0.04051100090146065
v 0.04225099831819534 0.007818999700248241 0.04051100090146065
v 0.04131000116467476 0.011823000386357307 0.04051100090146065
v 0.03995199874043465 0.015816999599337578 0.04051100090146065
v 0.03816799819469452 0.019734999164938927 0.04051100090146065
v 0.035964999347925186 0.023513000458478928 0.04051100090146065
v 0.03335899859666824 0.027083000168204308 0.04051100090146065
v 0.030383000150322914 0.030383000150322914 0.04051100090146065
v 0.027083000168204308 0.03335899859666824 0.04051100090146065
v 0.023513000458478928 0.035964999347925186 0.04051100090146065
v 0.019734999164938927 0.03816799819469452 0.04051100090146065
v 0.015816999599337578 0.03995199874043465 0.04051100090146065
v 0.011823000386357307 0.04131000116467476 0.04051100090146065
v 0.007818999700248241 0.04225099831819534 0.04051100090146065
v 0.0038610000628978014 0.04279499873518944 0.04051100090146065
v 0.0 0.04296899959445 0.04051100090146065
v -0.0038610000628978014 0.04279499873518944 0.04051100090146065
v -0.007818999700248241 0.04225099831819534 0.04051100090146065
v -0.011823000386357307 0.04131000116467476 0.04051100090146065
v -0.015816999599337578 0.03995199874043465 0.04051100090146065
v -0.019734999164938927 0.03816799819469452 0.04051100090146065
v -0.023513000458478928 0.035964999347925186 0.04051100090146065
v -0.027083000168204308 0.03335899859666824 0.04051100090146065
v -0.030383000150322914 0.030383000150322914 0.04051100090146065
v -0.03335899859666824 0.027083000168204308 0.04051100090146065
v -0.035964999347925186 0.023513000458478928 0.04051100090146065
v -0.03816799819469452 0.019734999164938927 0.04051100090146065
v -0.03995199874043465 0.015816999599337578 0.04051100090146065
v -0.04131000116467476 0.011823000386357307 0.04051100090146065
v -0.04225099831819534 0.007818999700248241 0.04051100090146065
v -0.04279499873518944 0.0038610000628978014 0.04051100090146065
v 0.043820999562740326 0.00395399983972311 0.04171400144696236
v 0.043264999985694885 0.008005999960005283 0.04171400144696236
v 0.0423009991645813 0.0121069997549057 0.04171400144696236
v 0.04091000184416771 0.016195999458432198 0.04171400144696236
v 0.039083998650312424 0.020208999514579773 0.04171400144696236
v 0.036827001720666885 0.024077000096440315 0.04171400144696236
v 0.03415900096297264 0.027732999995350838 0.04171400144696236
v 0.031112000346183777 0.031112000346183777 0.04171400144696236
v 0.027732999995350838 0.03415900096297264 0.04171400144696236
v 0.024077000096440315 0.036827001720666885 0.04171400144696236
v 0.020208999514579773 0.039083998650312424 0.04171400144696236
v 0.016195999458432198 0.04091000184416771 0.04171400144696236
v 0.0121069997549057 0.0423009991645813 0.04171400144696236
v 0.008005999960005283 0.043264999985694885 0.04171400144696236
v 0.00395399983972311 0.043820999562740326 0.04171400144696236
v 0.0 0.04399900138378143 0.04171400144696236
v -0.00395399983972311 0.043820999562740326 0.04171400144696236
v -0.008005999960005283 0.043264999985694885 0.04171400144696236
v -0.0121069997549057 0.0423009991645813 0.04171400144696236
v -0.016195999458432198 0.04091000184416771 0.04171400144696236
v -0.020208999514579773 0.039083998650312424 0.04171400144696236
v -0.024077000096440315 0.036827001720666885 0.04171400144696236
v -0.027732999995350838 0.03415900096297264 0.04171400144696236
v -0.031112000346183777 0.031112000346183777 0.04171400144696236
v -0.03415900096297264 0.027732999995350838 0.04171400144696236
v -0.036827001720666885 0.024077000096440315 0.04171400144696236
v -0.039083998650312424 0.020208999514579773 0.04171400144696236
v -0.04091000184416771 0.016195999458432198 0.04171400144696236
v -0.0423009991645813 0.0121069997549057 0.04171400144696236
v -0.043264999985694885 0.008005999960005283 0.04171400144696236
v -0.043820999562740326 0.00395399983972311 0.04171400144696236
v 0.044934000819921494 0.00405400013551116 0.042608000338077545
v 0.04436299949884415 0.00820900034159422 0.042608000338077545
v 0.04337500035762787 0.012413999997079372 0.042608000338077545
v 0.04194800183176994 0.016606999561190605 0.042608000338077545
v 0.04007599875330925 0.020721999928355217 0.042608000338077545
v 0.037762001156806946 0.024687999859452248 0.042608000338077545
v 0.03502599895000458 0.028436999768018723 0.042608000338077545
v 0.031902000308036804 0.031902000308036804 0.042608000338077545
v 0.028436999768018723 0.03502599895000458 0.042608000338077545
v 0.024687999859452248 0.037762001156806946 0.042608000338077545
v 0.020721999928355217 0.04007599875330925 0.042608000338077545
v 0.016606999561190605 0.04194800183176994 0.042608000338077545
v 0.012413999997079372 0.04337500035762787 0.042608000338077545
v 0.00820900034159422 0.04436299949884415 0.042608000338077545
v 0.00405400013551116 0.044934000819921494 0.042608000338077545
v 0.0 0.04511599987745285 0.042608000338077545
v -0.00405400013551116 0.044934000819921494 0.042608000338077545
v -0.00820900034159422 0.04436299949884415 0.042608000338077545
v -0.012413999997079372 0.04337500035762787 0.042608000338077545
v -0.016606999561190605 0.04194800183176994 0.042608000338077545
v -0.020721999928355217 0.04007599875330925 0.042608000338077545
v -0.024687999859452248 0.037762001156806946 0.042608000338077545
v -0.028436999768018723 0.03502599895000458 0.042608000338077545
v -0.031902000308036804 0.031902000308036804 0.042608000338077545
v -0.03502599895000458 0.028436999768018723 0.042608000338077545
v -0.037762001156806946 0.024687999859452248 0.042608000338077545
v -0.04007599875330925 0.020721999928355217 0.042608000338077545
v -0.04194800183176994 0.016606999561190605 0.042608000338077545
v -0.04337500035762787 0.012413999997079372 0.042608000338077545
v -0.04436299949884415 0.00820900034159422 0.042608000338077545
v -0.044934000819921494 0.00405400013551116 0.042608000338077545
v 0.0460750013589859 0.004157000221312046 0.04318400099873543
v 0.045490000396966934 0.008418000303208828 0.04318400099873543
v 0.04447599872946739 0.012729000300168991 0.04318400099873543
v 0.04301400110125542 0.01702900044620037 0.04318400099873543
v 0.04109400138258934 0.021247999742627144 0.04318400099873543
v 0.0387209989130497 0.025314999744296074 0.04318400099873543
v 0.03591600060462952 0.029159000143408775 0.04318400099873543
v 0.032712001353502274 0.032712001353502274 0.04318400099873543
v 0.029159000143408775 0.03591600060462952 0.04318400099873543
v 0.025314999744296074 0.0387209989130497 0.04318400099873543
v 0.021247999742627144 0.04109400138258934 0.04318400099873543
v 0.01702900044620037 0.04301400110125542 0.04318400099873543
v 0.012729000300168991 0.04447599872946739 0.04318400099873543
v 0.008418000303208828 0.045490000396966934 0.04318400099873543
v 0.004157000221312046 0.0460750013589859 0.04318400099873543
v 0.0 0.046261999756097794 0.04318400099873543
v -0.004157000221312046 0.0460750013589859 0.04318400099873543
v -0.008418000303208828 0.045490000396966934 0.04318400099873543
v -0.012729000300168991 0.04447599872946739 0.04318400099873543
v -0.01702900044620037 0.04301400110125542 0.04318400099873543
v -0.021247999742627144 0.04109400138258934 0.04318400099873543
v -0.025314999744296074 0.0387209989130497 0.04318400099873543
v -0.029159000143408775 0.03591600060462952 0.04318400099873543
v -0.032712001353502274 0.032712001353502274 0.04318400099873543
v -0.03591600060462952 0.029159000143408775 0.04318400099873543
v -0.0387209989130497 0.025314999744296074 0.04318400099873543
v -0.04109400138258934 0.021247999742627144 0.04318400099873543
v -0.04301400110125542 0.01702900044620037 0.04318400099873543
v -0.04447599872946739 0.012729000300168991 0.04318400099873543
v -0.045490000396966934 0.008418000303208828 0.04318400099873543
v -0.0460750013589859 0.004157000221312046 0.04318400099873543
v 0.04659799858927727 0.008623000234365463 0.04346200078725815
v 0.045559998601675034 0.013039999641478062 0.04346200078725815
v 0.04406199976801872 0.017443999648094177 0.04346200078725815
v 0.04209500178694725 0.021765999495983124 0.04346200078725815
v 0.03966499865055084 0.02593199908733368 0.04346200078725815
v 0.03679100051522255 0.029868999496102333 0.04346200078725815
v 0.03350900113582611 0.03350900113582611 0.04346200078725815
v 0.029868999496102333 0.03679100051522255 0.04346200078725815
v 0.02593199908733368 0.03966499865055084 0.04346200078725815
v 0.021765999495983124 0.04209500178694725 0.04346200078725815
v 0.017443999648094177 0.04406199976801872 0.04346200078725815
v 0.013039999641478062 0.045559998601675034 0.04346200078725815
v 0.008623000234365463 0.04659799858927727 0.04346200078725815
v 0.004257999826222658 0.04719800129532814 0.04346200078725815
v 0.0 0.04738900065422058 0.04346200078725815
v -0.004257999826222658 0.04719800129532814 0.04346200078725815
v -0.008623000234365463 0.04659799858927727 0.04346200078725815
v -0.013039999641478062 0.045559998601675034 0.04346200078725815
v -0.017443999648094177 0.04406199976801872 0.04346200078725815
v -0.021765999495983124 0.04209500178694725 0.04346200078725815
v -0.02593199908733368 0.03966499865055084 0.04346200078725815
v -0.029868999496102333 0.03679100051522255 0.04346200078725815
v -0.03350900113582611 0.03350900113582611 0.04346200078725815
v -0.03679100051522255 0.029868999496102333 0.04346200078725815
v -0.03966499865055084 0.02593199908733368 0.04346200078725815
v -0.04209500178694725 0.021765999495983124 0.04346200078725815
v -0.04406199976801872 0.017443999648094177 0.04346200078725815
v -0.045559998601675034 0.013039999641478062 0.04346200078725815
v -0.04659799858927727 0.008623000234365463 0.04346200078725815
v -0.04719800129532814 0.004257999826222658 0.04346200078725815
v 0.04828200116753578 0.004356000106781721 0.043476998805999756
v 0.04766799882054329 0.008821000345051289 0.043476998805999756
v 0.046606000512838364 0.013338999822735786 0.043476998805999756
v 0.04507400095462799 0.017844000831246376 0.043476998805999756
v 0.0430620014667511 0.022266000509262085 0.043476998805999756
v 0.04057599976658821 0.026527000591158867 0.043476998805999756
v 0.03763600066304207 0.0305550005286932 0.043476998805999756
v 0.034279000014066696 0.034279000014066696 0.043476998805999756
v 0.0305550005286932 0.03763600066304207 0.043476998805999756
v 0.026527000591158867 0.04057599976658821 0.043476998805999756
v 0.022266000509262085 0.0430620014667511 0.043476998805999756
v 0.017844000831246376 0.04507400095462799 0.043476998805999756
v 0.013338999822735786 0.046606000512838364 0.043476998805999756
v 0.008821000345051289 0.04766799882054329 0.043476998805999756
v 0.004356000106781721 0.04828200116753578 0.043476998805999756
v 0.0 0.04847799986600876 0.043476998805999756
v -0.004356000106781721 0.04828200116753578 0.043476998805999756
v -0.008821000345051289 0.04766799882054329 0.043476998805999756
v -0.013338999822735786 0.046606000512838364 0.043476998805999756
v -0.017844000831246376 0.04507400095462799 0.043476998805999756
v -0.022266000509262085 0.0430620014667511 0.043476998805999756
v -0.026527000591158867 0.04057599976658821 0.043476998805999756
v -0.0305550005286932 0.03763600066304207 0.043476998805999756
v -0.034279000014066696 0.034279000014066696 0.043476998805999756
v -0.03763600066304207 0.0305550005286932 0.043476998805999756
v -0.04057599976658821 0.026527000591158867 0.043476998805999756
v -0.0430620014667511 0.022266000509262085 0.043476998805999756
v -0.04507400095462799 0.017844000831246376 0.043476998805999756
v -0.046606000512838364 0.013338999822735786 0.043476998805999756
v -0.04766799882054329 0.008821000345051289 0.043476998805999756
v 0.049400001764297485 0.0044570001773536205 0.0432329997420311
v 0.04877199977636337 0.009025000035762787 0.0432329997420311
v 0.04768599942326546 0.013647999614477158 0.0432329997420311
v 0.04611799865961075 0.018257999792695045 0.0432329997420311
v 0.04405900090932846 0.022780999541282654 0.0432329997420311
v 0.04151500016450882 0.027141999453306198 0.0432329997420311
v 0.03850699961185455 0.03126300126314163 0.0432329997420311
v 0.03507300093770027 0.03507300093770027 0.0432329997420311
v 0.03126300126314163 0.03850699961185455 0.0432329997420311
v 0.027141999453306198 0.04151500016450882 0.0432329997420311
v 0.022780999541282654 0.04405900090932846 0.0432329997420311
v 0.018257999792695045 0.04611799865961075 0.0432329997420311
v 0.013647999614477158 0.04768599942326546 0.0432329997420311
v 0.009025000035762787 0.04877199977636337 0.0432329997420311
v 0.0044570001773536205 0.049400001764297485 0.0432329997420311
v 0.0 0.04960000142455101 0.0432329997420311
v -0.0044570001773536205 0.049400001764297485 0.0432329997420311
v -0.009025000035762787 0.04877199977636337 0.0432329997420311
v -0.013647999614477158 0.04768599942326546 0.0432329997420311
v -0.018257999792695045 0.04611799865961075 0.0432329997420311
v -0.022780999541282654 0.04405900090932846 0.0432329997420311
v -0.027141999453306198 0.04151500016450882 0.0432329997420311
v -0.03126300126314163 0.03850699961185455 0.0432329997420311
v -0.03507300093770027 0.03507300093770027 0.0432329997420311
v -0.03850699961185455 0.03126300126314163 0.0432329997420311
v -0.04151500016450882 0.027141999453306198 0.0432329997420311
v -0.04405900090932846 0.022780999541282654 0.0432329997420311
v -0.04611799865961075 0.018257999792695045 0.0432329997420311
v -0.04768599942326546 0.013647999614477158 0.0432329997420311
v -0.04877199977636337 0.009025000035762787 0.0432329997420311
v -0.049400001764297485 0.0044570001773536205 0.0432329997420311
v 0.050540998578071594 0.004559999797493219 0.04269399866461754
v 0.04989900067448616 0.009233999997377396 0.04269399866461754
v 0.04878700152039528 0.013962999917566776 0.04269399866461754
v 0.047182999551296234 0.018679000437259674 0.04269399866461754
v 0.04507699981331825 0.023307999595999718 0.04269399866461754
v 0.04247400164604187 0.027768999338150024 0.04269399866461754
v 0.03939700126647949 0.031984999775886536 0.04269399866461754
v 0.03588299825787544 0.03588299825787544 0.04269399866461754
v 0.031984999775886536 0.03939700126647949 0.04269399866461754
v 0.027768999338150024 0.04247400164604187 0.04269399866461754
v 0.023307999595999718 0.04507699981331825 0.04269399866461754
v 0.018679000437259674 0.047182999551296234 0.04269399866461754
v 0.013962999917566776 0.04878700152039528 0.04269399866461754
v 0.009233999997377396 0.04989900067448616 0.04269399866461754
v 0.004559999797493219 0.050540998578071594 0.04269399866461754
v 0.0 0.05074600130319595 0.04269399866461754
v -0.004559999797493219 0.050540998578071594 0.04269399866461754
v -0.009233999997377396 0.04989900067448616 0.04269399866461754
v -0.013962999917566776 0.04878700152039528 0.04269399866461754
v -0.018679000437259674 0.047182999551296234 0.04269399866461754
v -0.023307999595999718 0.04507699981331825 0.04269399866461754
v -0.027768999338150024 0.04247400164604187 0.04269399866461754
v -0.031984999775886536 0.03939700126647949 0.04269399866461754
v -0.03588299825787544 0.03588299825787544 0.04269399866461754
v -0.03939700126647949 0.031984999775886536 0.04269399866461754
v -0.04247400164604187 0.027768999338150024 0.04269399866461754
v -0.04507699981331825 0.023307999595999718 0.04269399866461754
v -0.047182999551296234 0.018679000437259674 0.04269399866461754
v -0.04878700152039528 0.013962999917566776 0.04269399866461754
v -0.04989900067448616 0.009233999997377396 0.04269399866461754
v -0.050540998578071594 0.004559999797493219 0.04269399866461754
v 0.051660001277923584 0.004660999868065119 0.04183800145983696
v 0.05100400000810623 0.009437999688088894 0.04183800145983696
v 0.04986700043082237 0.014271999709308147 0.04183800145983696
v 0.04822799935936928 0.019092999398708344 0.04183800145983696
v 0.0460750013589859 0.023823000490665436 0.04183800145983696
v 0.043414998799562454 0.028384000062942505 0.04183800145983696
v 0.040268998593091965 0.03269299864768982 0.04183800145983696
v 0.03667699918150902 0.03667699918150902 0.04183800145983696
v 0.03269299864768982 0.040268998593091965 0.04183800145983696
v 0.028384000062942505 0.043414998799562454 0.04183800145983696
v 0.023823000490665436 0.0460750013589859 0.04183800145983696
v 0.019092999398708344 0.04822799935936928 0.04183800145983696
v 0.014271999709308147 0.04986700043082237 0.04183800145983696
v 0.009437999688088894 0.05100400000810623 0.04183800145983696
v 0.004660999868065119 0.051660001277923584 0.04183800145983696
v 0.0 0.05186999961733818 0.04183800145983696
v -0.004660999868065119 0.051660001277923584 0.04183800145983696
v -0.009437999688088894 0.05100400000810623 0.04183800145983696
v -0.014271999709308147 0.04986700043082237 0.04183800145983696
v -0.019092999398708344 0.04822799935936928 0.04183800145983696
v -0.023823000490665436 0.0460750013589859 0.04183800145983696
v -0.028384000062942505 0.043414998799562454 0.04183800145983696
v -0.03269299864768982 0.040268998593091965 0.04183800145983696
v -0.03667699918150902 0.03667699918150902 0.04183800145983696
v -0.040268998593091965 0.03269299864768982 0.04183800145983696
v -0.043414998799562454 0.028384000062942505 0.04183800145983696
v -0.0460750013589859 0.023823000490665436 0.04183800145983696
v -0.04822799935936928 0.019092999398708344 0.04183800145983696
v -0.04986700043082237 0.014271999709308147 0.04183800145983696
v -0.05100400000810623 0.009437999688088894 0.04183800145983696
v -0.051660001277923584 0.004660999868065119 0.04183800145983696
v 0.05270000174641609 0.004755000118166208 0.04067099839448929
v 0.05203000083565712 0.009627999737858772 0.04067099839448929
v 0.050870999693870544 0.014560000039637089 0.04067099839448929
v 0.049199000000953674 0.01947700046002865 0.04067099839448929
v 0.047001998871564865 0.024303000420331955 0.04067099839448929
v 0.0442890003323555 0.028954999521374702 0.04067099839448929
v 0.04108000174164772 0.033351000398397446 0.04067099839448929
v 0.0374159999191761 0.0374159999191761 0.04067099839448929
v 0.033351000398397446 0.04108000174164772 0.04067099839448929
v 0.028954999521374702 0.0442890003323555 0.04067099839448929
v 0.024303000420331955 0.047001998871564865 0.04067099839448929
v 0.01947700046002865 0.049199000000953674 0.04067099839448929
v 0.014560000039637089 0.050870999693870544 0.04067099839448929
v 0.009627999737858772 0.05203000083565712 0.04067099839448929
v 0.004755000118166208 0.05270000174641609 0.04067099839448929
v 0.0 0.05291400104761124 0.04067099839448929
v -0.004755000118166208 0.05270000174641609 0.04067099839448929
v -0.009627999737858772 0.05203000083565712 0.04067099839448929
v -0.014560000039637089 0.050870999693870544 0.04067099839448929
v -0.01947700046002865 0.049199000000953674 0.04067099839448929
v -0.024303000420331955 0.047001998871564865 0.04067099839448929
v -0.028954999521374702 0.0442890003323555 0.04067099839448929
v -0.033351000398397446 0.04108000174164772 0.04067099839448929
v -0.0374159999191761 0.0374159999191761 0.04067099839448929
v -0.04108000174164772 0.033351000398397446 0.04067099839448929
v -0.0442890003323555 0.028954999521374702 0.04067099839448929
v -0.047001998871564865 0.024303000420331955 0.04067099839448929
v -0.049199000000953674 0.01947700046002865 0.04067099839448929
v -0.050870999693870544 0.014560000039637089 0.04067099839448929
v -0.05203000083565712 0.009627999737858772 0.04067099839448929
v -0.05270000174641609 0.004755000118166208 0.04067099839448929
v 0.05360500141978264 0.00483600003644824 0.03923000022768974
v 0.05292399972677231 0.00979399960488081 0.03923000022768974
v 0.05174500122666359 0.014809999614953995 0.03923000022768974
v 0.05004400014877319 0.019812000915408134 0.03923000022768974
v 0.04780999943614006 0.024720000103116035 0.03923000022768974
v 0.04504900053143501 0.029451999813318253 0.03923000022768974
v 0.04178500175476074 0.03392399847507477 0.03923000022768974
v 0.038058001548051834 0.038058001548051834 0.03923000022768974
v 0.03392399847507477 0.04178500175476074 0.03923000022768974
v 0.029451999813318253 0.04504900053143501 0.03923000022768974
v 0.024720000103116035 0.04780999943614006 0.03923000022768974
v 0.019812000915408134 0.05004400014877319 0.03923000022768974
v 0.014809999614953995 0.05174500122666359 0.03923000022768974
v 0.00979399960488081 0.05292399972677231 0.03923000022768974
v 0.00483600003644824 0.05360500141978264 0.03923000022768974
v 0.0 0.05382300168275833 0.03923000022768974
v -0.00483600003644824 0.05360500141978264 0.03923000022768974
v -0.00979399960488081 0.05292399972677231 0.03923000022768974
v -0.014809999614953995 0.05174500122666359 0.03923000022768974
v -0.019812000915408134 0.05004400014877319 0.03923000022768974
v -0.024720000103116035 0.04780999943614006 0.03923000022768974
v -0.029451999813318253 0.04504900053143501 0.03923000022768974
v -0.03392399847507477 0.04178500175476074 0.03923000022768974
v -0.038058001548051834 0.038058001548051834 0.03923000022768974
v -0.04178500175476074 0.03392399847507477 0.03923000022768974
v -0.04504900053143501 0.029451999813318253 0.03923000022768974
v -0.04780999943614006 0.024720000103116035 0.03923000022768974
v -0.05004400014877319 0.019812000915408134 0.03923000022768974
v -0.05174500122666359 0.014809999614953995 0.03923000022768974
v -0.05292399972677231 0.00979399960488081 0.03923000022768974
v -0.05360500141978264 0.00483600003644824 0.03923000022768974
v 0.0 0.054552000015974045 0.03757999837398529
v -0.05353499948978424 -0.006256999913603067 0.040105000138282776
v -0.039820000529289246 -0.004654000047594309 0.03380399942398071
v -0.040091000497341156 0.0 0.03380399942398071
v -0.040578000247478485 0.0 0.03647800162434578
v 0.039820000529289246 -0.004654000047594309 0.03380399942398071
v 0.040091000497341156 0.0 0.03380399942398071
v 0.03999999910593033 0.0 0.03200000151991844
v 0.039730001240968704 -0.004643999971449375 0.03200000151991844
v 0.03948799893260002 -0.006378000136464834 0.03200000151991844
v 0.039009999483823776 -0.009246000088751316 0.03380399942398071
v 0.03892200067639351 -0.009224999696016312 0.03200000151991844
v 0.03767300024628639 -0.013712000101804733 0.03380399942398071
v 0.03788900002837181 -0.012822000309824944 0.03200000151991844
v 0.03758800029754639 -0.013681000098586082 0.03200000151991844
v 0.03582699969410896 -0.017992999404668808 0.03380399942398071
v 0.03574499860405922 -0.017952000722289085 0.03200000151991844
v 0.035280000418424606 -0.01885100081562996 0.03200000151991844
v 0.03349500149488449 -0.022029999643564224 0.03380399942398071
v 0.03342000022530556 -0.021980000659823418 0.03200000151991844
v 0.03071100078523159 -0.025769999250769615 0.03380399942398071
v 0.03176100179553032 -0.0243149995803833 0.03200000151991844
v 0.03064199909567833 -0.02571200020611286 0.03200000151991844
v 0.027512000873684883 -0.02916100062429905 0.03380399942398071
v 0.027487000450491905 -0.029059000313282013 0.03200000151991844
v 0.023941000923514366 -0.03215799853205681 0.03380399942398071
v 0.023886000737547874 -0.03208500146865845 0.03200000151991844
v 0.022523999214172363 -0.033055998384952545 0.03200000151991844
v 0.020044999197125435 -0.03471999987959862 0.03380399942398071
v 0.019999999552965164 -0.034641001373529434 0.03200000151991844
v 0.01587899960577488 -0.03681199997663498 0.03380399942398071
v 0.01706800051033497 -0.03617599979043007 0.03200000151991844
v 0.015843000262975693 -0.03672900050878525 0.03200000151991844
v 0.011497999541461468 -0.03840700164437294 0.03380399942398071
v 0.011282999999821186 -0.03837599977850914 0.03200000151991844
v 0.006961999926716089 -0.0394820012152195 0.03380399942398071
v 0.006945999804884195 -0.03939199820160866 0.03200000151991844
v 0.005319999996572733 -0.0396450012922287 0.03200000151991844
v 0.002331000054255128 -0.04002299904823303 0.03380399942398071
v 0.002326000016182661 -0.0399320013821125 0.03200000151991844
v -0.002331000054255128 -0.04002299904823303 0.03380399942398071
v 0.0 -0.03999999910593033 0.03200000151991844
v -0.002326000016182661 -0.0399320013821125 0.03200000151991844
v -0.006961999926716089 -0.0394820012152195 0.03380399942398071
v -0.006320000160485506 -0.03949800133705139 0.03200000151991844
v -0.011497999541461468 -0.03840700164437294 0.03380399942398071
v -0.011471999809145927 -0.03832000121474266 0.03200000151991844
v -0.012765999883413315 -0.03790799900889397 0.03200000151991844
v -0.01587899960577488 -0.03681199997663498 0.03380399942398071
v -0.015843000262975693 -0.03672900050878525 0.03200000151991844
v -0.020044999197125435 -0.03471999987959862 0.03380399942398071
v -0.01879899948835373 -0.03530700132250786 0.03200000151991844
v -0.019999999552965164 -0.034641001373529434 0.03200000151991844
v -0.023941000923514366 -0.03215799853205681 0.03380399942398071
v -0.024268999695777893 -0.03179600089788437 0.03200000151991844
v -0.027512000873684883 -0.02916100062429905 0.03380399942398071
v -0.02745000086724758 -0.0290949996560812 0.03200000151991844
v -0.029019000008702278 -0.027529999613761902 0.03200000151991844
v -0.03071100078523159 -0.025769999250769615 0.03380399942398071
v -0.03064199909567833 -0.02571200020611286 0.03200000151991844
v -0.03349500149488449 -0.022029999643564224 0.03380399942398071
v -0.03302299976348877 -0.022571999579668045 0.03200000151991844
v -0.03582699969410896 -0.017992999404668808 0.03380399942398071
v -0.03574499860405922 -0.017952000722289085 0.03200000151991844
v -0.03615099936723709 -0.017118999734520912 0.03200000151991844
v -0.03767300024628639 -0.013712000101804733 0.03380399942398071
v -0.03758800029754639 -0.013681000098586082 0.03200000151991844
v -0.039009999483823776 -0.009246000088751316 0.03380399942398071
v -0.03999999910593033 0.0 0.03200000151991844
v -0.0396369993686676 -0.005375000182539225 0.03200000151991844
v -0.03892200067639351 -0.009224999696016312 0.03200000151991844
v -0.038359999656677246 -0.01133699994534254 0.03200000151991844
v 0.04030299931764603 -0.0047109997831285 0.03647800162434578
v 0.040578000247478485 0.0 0.03647800162434578
v 0.03948400169610977 -0.009358000010251999 0.03647800162434578
v 0.038130998611450195 -0.01387799996882677 0.03647800162434578
v 0.03626200184226036 -0.0182109996676445 0.03647800162434578
v 0.03390200063586235 -0.022298000752925873 0.03647800162434578
v 0.031083999201655388 -0.026083000004291534 0.03647800162434578
v 0.027845999225974083 -0.02951500006020069 0.03647800162434578
v 0.024230999872088432 -0.032547999173402786 0.03647800162434578
v 0.020289000123739243 -0.0351409986615181 0.03647800162434578
v 0.016071999445557594 -0.03725900128483772 0.03647800162434578
v 0.011637999676167965 -0.03887299820780754 0.03647800162434578
v 0.007046000100672245 -0.03996099904179573 0.03647800162434578
v 0.0023590000346302986 -0.040509000420570374 0.03647800162434578
v -0.0023590000346302986 -0.040509000420570374 0.03647800162434578
v -0.007046000100672245 -0.03996099904179573 0.03647800162434578
v -0.011637999676167965 -0.03887299820780754 0.03647800162434578
v -0.016071999445557594 -0.03725900128483772 0.03647800162434578
v -0.020289000123739243 -0.0351409986615181 0.03647800162434578
v -0.024230999872088432 -0.032547999173402786 0.03647800162434578
v -0.027845999225974083 -0.02951500006020069 0.03647800162434578
v -0.031083999201655388 -0.026083000004291534 0.03647800162434578
v -0.03390200063586235 -0.022298000752925873 0.03647800162434578
v -0.03626200184226036 -0.0182109996676445 0.03647800162434578
v -0.038130998611450195 -0.01387799996882677 0.03647800162434578
v -0.03948400169610977 -0.009358000010251999 0.03647800162434578
v -0.04030299931764603 -0.0047109997831285 0.03647800162434578
v -0.041457999497652054 0.0 0.0389069989323616
v 0.04117700085043907 -0.004813000094145536 0.0389069989323616
v 0.041457999497652054 0.0 0.0389069989323616
v 0.04033999890089035 -0.009561000391840935 0.0389069989323616
v 0.038957998156547546 -0.014178999699652195 0.0389069989323616
v 0.03704800084233284 -0.018605999648571014 0.0389069989323616
v 0.034637000411748886 -0.022780999541282654 0.0389069989323616
v 0.03175799921154976 -0.026649000123143196 0.0389069989323616
v 0.028449999168515205 -0.030154999345541 0.0389069989323616
v 0.02475699968636036 -0.033254001289606094 0.0389069989323616
v 0.020728999748826027 -0.035902999341487885 0.0389069989323616
v 0.0164209995418787 -0.03806700184941292 0.0389069989323616
v 0.011889999732375145 -0.039716001600027084 0.0389069989323616
v 0.007199000101536512 -0.040828000754117966 0.0389069989323616
v 0.0024109999649226665 -0.041388001292943954 0.0389069989323616
v -0.0024109999649226665 -0.041388001292943954 0.0389069989323616
v -0.007199000101536512 -0.040828000754117966 0.0389069989323616
v -0.011889999732375145 -0.039716001600027084 0.0389069989323616
v -0.0164209995418787 -0.03806700184941292 0.0389069989323616
v -0.020728999748826027 -0.035902999341487885 0.0389069989323616
v -0.02475699968636036 -0.033254001289606094 0.0389069989323616
v -0.028449999168515205 -0.030154999345541 0.0389069989323616
v -0.03175799921154976 -0.026649000123143196 0.0389069989323616
v -0.034637000411748886 -0.022780999541282654 0.0389069989323616
v -0.03704800084233284 -0.018605999648571014 0.0389069989323616
v -0.038957998156547546 -0.014178999699652195 0.0389069989323616
v -0.04033999890089035 -0.009561000391840935 0.0389069989323616
v -0.04117700085043907 -0.004813000094145536 0.0389069989323616
v -0.04270699992775917 0.0 0.04099800065159798
v 0.04241799935698509 -0.004958000034093857 0.04099800065159798
v 0.04270699992775917 0.0 0.04099800065159798
v 0.04155600070953369 -0.009848999790847301 0.04099800065159798
v 0.04013099893927574 -0.014607000164687634 0.04099800065159798
v 0.03816400095820427 -0.01916700042784214 0.04099800065159798
v 0.03568100184202194 -0.023468000814318657 0.04099800065159798
v 0.032715000212192535 -0.02745099924504757 0.04099800065159798
v 0.02930700033903122 -0.031063999980688095 0.04099800065159798
v 0.025503000244498253 -0.03425600007176399 0.04099800065159798
v 0.02135300077497959 -0.03698499873280525 0.04099800065159798
v 0.01691499911248684 -0.03921400010585785 0.04099800065159798
v 0.012248000130057335 -0.04091300070285797 0.04099800065159798
v 0.007416000124067068 -0.04205799847841263 0.04099800065159798
v 0.002483000047504902 -0.0426350012421608 0.04099800065159798
v -0.002483000047504902 -0.0426350012421608 0.04099800065159798
v -0.007416000124067068 -0.04205799847841263 0.04099800065159798
v -0.012248000130057335 -0.04091300070285797 0.04099800065159798
v -0.01691499911248684 -0.03921400010585785 0.04099800065159798
v -0.02135300077497959 -0.03698499873280525 0.04099800065159798
v -0.025503000244498253 -0.03425600007176399 0.04099800065159798
v -0.02930700033903122 -0.031063999980688095 0.04099800065159798
v -0.032715000212192535 -0.02745099924504757 0.04099800065159798
v -0.03568100184202194 -0.023468000814318657 0.04099800065159798
v -0.03816400095820427 -0.01916700042784214 0.04099800065159798
v -0.04013099893927574 -0.014607000164687634 0.04099800065159798
v -0.04155600070953369 -0.009848999790847301 0.04099800065159798
v -0.04241799935698509 -0.004958000034093857 0.04099800065159798
v -0.044144000858068466 0.0 0.042514998465776443
v 0.043845999985933304 -0.005125000141561031 0.042514998465776443
v 0.044144000858068466 0.0 0.042514998465776443
v 0.04295400157570839 -0.010180000215768814 0.042514998465776443
v 0.041482001543045044 -0.015097999945282936 0.042514998465776443
v 0.039448998868465424 -0.019812000915408134 0.042514998465776443
v 0.03688199818134308 -0.024258000776171684 0.042514998465776443
v 0.033817000687122345 -0.02837499976158142 0.042514998465776443
v 0.03029399923980236 -0.03210899978876114 0.042514998465776443
v 0.026360999792814255 -0.035408999770879745 0.042514998465776443
v 0.022072000429034233 -0.03822999820113182 0.042514998465776443
v 0.01748500019311905 -0.04053400084376335 0.042514998465776443
v 0.012660999782383442 -0.04228999838232994 0.042514998465776443
v 0.007666000165045261 -0.043473999947309494 0.042514998465776443
v 0.002566999988630414 -0.04407000169157982 0.042514998465776443
v -0.002566999988630414 -0.04407000169157982 0.042514998465776443
v -0.007666000165045261 -0.043473999947309494 0.042514998465776443
v -0.012660999782383442 -0.04228999838232994 0.042514998465776443
v -0.01748500019311905 -0.04053400084376335 0.042514998465776443
v -0.022072000429034233 -0.03822999820113182 0.042514998465776443
v -0.026360999792814255 -0.035408999770879745 0.042514998465776443
v -0.03029399923980236 -0.03210899978876114 0.042514998465776443
v -0.033817000687122345 -0.02837499976158142 0.042514998465776443
v -0.03688199818134308 -0.024258000776171684 0.042514998465776443
v -0.039448998868465424 -0.019812000915408134 0.042514998465776443
v -0.041482001543045044 -0.015097999945282936 0.042514998465776443
v -0.04295400157570839 -0.010180000215768814 0.042514998465776443
v -0.043845999985933304 -0.005125000141561031 0.042514998465776443
v -0.04573800042271614 0.0 0.04351099953055382
v 0.04542899876832962 -0.005309999920427799 0.04351099953055382
v 0.04573800042271614 0.0 0.04351099953055382
v 0.04450500011444092 -0.01054800022393465 0.04351099953055382
v 0.042980000376701355 -0.015643000602722168 0.04351099953055382
v 0.04087299853563309 -0.020526999607682228 0.04351099953055382
v 0.03821299970149994 -0.025133000686764717 0.04351099953055382
v 0.035036999732255936 -0.029400000348687172 0.04351099953055382
v 0.031387001276016235 -0.0332689993083477 0.04351099953055382
v 0.027312999591231346 -0.03668700158596039 0.04351099953055382
v 0.02286900021135807 -0.03960999846458435 0.04351099953055382
v 0.018115999177098274 -0.04199700057506561 0.04351099953055382
v 0.013117999769747257 -0.04381600022315979 0.04351099953055382
v 0.007942000404000282 -0.04504299908876419 0.04351099953055382
v 0.002658999990671873 -0.04566099867224693 0.04351099953055382
v -0.002658999990671873 -0.04566099867224693 0.04351099953055382
v -0.007942000404000282 -0.04504299908876419 0.04351099953055382
v -0.013117999769747257 -0.04381600022315979 0.04351099953055382
v -0.018115999177098274 -0.04199700057506561 0.04351099953055382
v -0.02286900021135807 -0.03960999846458435 0.04351099953055382
v -0.027312999591231346 -0.03668700158596039 0.04351099953055382
v -0.031387001276016235 -0.0332689993083477 0.04351099953055382
v -0.035036999732255936 -0.029400000348687172 0.04351099953055382
v -0.03821299970149994 -0.025133000686764717 0.04351099953055382
v -0.04087299853563309 -0.020526999607682228 0.04351099953055382
v -0.042980000376701355 -0.015643000602722168 0.04351099953055382
v -0.04450500011444092 -0.01054800022393465 0.04351099953055382
v -0.04542899876832962 -0.005309999920427799 0.04351099953055382
v -0.046206001192331314 0.0 0.04369499906897545
v 0.045892998576164246 -0.005363999865949154 0.04369499906897545
v 0.046206001192331314 0.0 0.04369499906897545
v 0.04495999962091446 -0.01065600011497736 0.04369499906897545
v 0.043418999761343 -0.015802999958395958 0.04369499906897545
v 0.041290998458862305 -0.020736999809741974 0.04369499906897545
v 0.038603998720645905 -0.025390999391674995 0.04369499906897545
v 0.03539599850773811 -0.029701000079512596 0.04369499906897545
v 0.0317079983651638 -0.033608999103307724 0.04369499906897545
v 0.027591999620199203 -0.03706299886107445 0.04369499906897545
v 0.023103000596165657 -0.04001599922776222 0.04369499906897545
v 0.01830100081861019 -0.042426999658346176 0.04369499906897545
v 0.013252000324428082 -0.04426499828696251 0.04369499906897545
v 0.008023999631404877 -0.045504000037908554 0.04369499906897545
v 0.002686999971047044 -0.04612800106406212 0.04369499906897545
v -0.002686999971047044 -0.04612800106406212 0.04369499906897545
v -0.008023999631404877 -0.045504000037908554 0.04369499906897545
v -0.013252000324428082 -0.04426499828696251 0.04369499906897545
v -0.01830100081861019 -0.042426999658346176 0.04369499906897545
v -0.023103000596165657 -0.04001599922776222 0.04369499906897545
v -0.027591999620199203 -0.03706299886107445 0.04369499906897545
v -0.0317079983651638 -0.033608999103307724 0.04369499906897545
v -0.03539599850773811 -0.029701000079512596 0.04369499906897545
v -0.038603998720645905 -0.025390999391674995 0.04369499906897545
v -0.041290998458862305 -0.020736999809741974 0.04369499906897545
v -0.043418999761343 -0.015802999958395958 0.04369499906897545
v -0.04495999962091446 -0.01065600011497736 0.04369499906897545
v -0.045892998576164246 -0.005363999865949154 0.04369499906897545
v -0.04784199967980385 0.0 0.04399799928069115
v 0.04751899838447571 -0.005553999915719032 0.04399799928069115
v 0.04784199967980385 0.0 0.04399799928069115
v 0.046553000807762146 -0.01103300042450428 0.04399799928069115
v 0.0449570007622242 -0.016363000497221947 0.04399799928069115
v 0.042753998190164566 -0.02147199958562851 0.04399799928069115
v 0.03997199982404709 -0.02628999948501587 0.04399799928069115
v 0.03664899989962578 -0.03075299970805645 0.04399799928069115
v 0.03283200040459633 -0.0347989983856678 0.04399799928069115
v 0.02857000008225441 -0.03837599977850914 0.04399799928069115
v 0.023920999839901924 -0.041432999074459076 0.04399799928069115
v 0.018949000164866447 -0.04393000155687332 0.04399799928069115
v 0.013721000403165817 -0.04583299905061722 0.04399799928069115
v 0.008307999931275845 -0.0471160002052784 0.04399799928069115
v 0.002781999995931983 -0.04776199907064438 0.04399799928069115
v -0.002781999995931983 -0.04776199907064438 0.04399799928069115
v -0.008307999931275845 -0.0471160002052784 0.04399799928069115
v -0.013721000403165817 -0.04583299905061722 0.04399799928069115
v -0.018949000164866447 -0.04393000155687332 0.04399799928069115
v -0.023920999839901924 -0.041432999074459076 0.04399799928069115
v -0.02857000008225441 -0.03837599977850914 0.04399799928069115
v -0.03283200040459633 -0.0347989983856678 0.04399799928069115
v -0.03664899989962578 -0.03075299970805645 0.04399799928069115
v -0.03997199982404709 -0.02628999948501587 0.04399799928069115
v -0.042753998190164566 -0.02147199958562851 0.04399799928069115
v -0.0449570007622242 -0.016363000497221947 0.04399799928069115
v -0.046553000807762146 -0.01103300042450428 0.04399799928069115
v -0.04751899838447571 -0.005553999915719032 0.04399799928069115
v -0.04940300062298775 0.0 0.043813999742269516
v 0.04906899854540825 -0.005735000129789114 0.043813999742269516
v 0.04940300062298775 0.0 0.043813999742269516
v 0.04807199910283089 -0.01139300037175417 0.043813999742269516
v 0.04642400145530701 -0.01689700037240982 0.043813999742269516
v 0.044148001819849014 -0.022172000259160995 0.043813999742269516
v 0.0412760004401207 -0.02714800089597702 0.043813999742269516
v 0.03784500062465668 -0.031755998730659485 0.043813999742269516
v 0.03390299901366234 -0.03593499958515167 0.043813999742269516
v 0.02950200065970421 -0.03962799906730652 0.043813999742269516
v 0.024701999500393867 -0.042785000056028366 0.043813999742269516
v 0.019567999988794327 -0.04536300152540207 0.043813999742269516
v 0.014169000089168549 -0.04732799902558327 0.043813999742269516
v 0.008578999899327755 -0.048652999103069305 0.043813999742269516
v 0.0028729999903589487 -0.049320001155138016 0.043813999742269516
v -0.0028729999903589487 -0.049320001155138016 0.043813999742269516
v -0.008578999899327755 -0.048652999103069305 0.043813999742269516
v -0.014169000089168549 -0.04732799902558327 0.043813999742269516
v -0.019567999988794327 -0.04536300152540207 0.043813999742269516
v -0.024701999500393867 -0.042785000056028366 0.043813999742269516
v -0.02950200065970421 -0.03962799906730652 0.043813999742269516
v -0.03390299901366234 -0.03593499958515167 0.043813999742269516
v -0.03784500062465668 -0.031755998730659485 0.043813999742269516
v -0.0412760004401207 -0.02714800089597702 0.043813999742269516
v -0.044148001819849014 -0.022172000259160995 0.043813999742269516
v -0.04642400145530701 -0.01689700037240982 0.043813999742269516
v -0.04807199910283089 -0.01139300037175417 0.043813999742269516
v -0.04906899854540825 -0.005735000129789114 0.043813999742269516
v -0.051006000488996506 0.0 0.04312099888920784
v 0.05066100135445595 -0.005921000149101019 0.04312099888920784
v 0.051006000488996506 0.0 0.04312099888920784
v 0.04963099956512451 -0.011762999929487705 0.04312099888920784
v 0.047929998487234116 -0.017444999888539314 0.04312099888920784
v 0.04558100178837776 -0.022892000153660774 0.04312099888920784
v 0.042615000158548355 -0.02802800014615059 0.04312099888920784
v 0.039073001593351364 -0.03278600051999092 0.04312099888920784
v 0.035002999007701874 -0.03710100054740906 0.04312099888920784
v 0.030458999797701836 -0.04091300070285797 0.04312099888920784
v 0.025503000244498253 -0.044172998517751694 0.04312099888920784
v 0.020201999694108963 -0.046835001558065414 0.04312099888920784
v 0.0146289998665452 -0.0488630011677742 0.04312099888920784
v 0.008856999687850475 -0.050230998545885086 0.04312099888920784
v 0.002966000000014901 -0.050919998437166214 0.04312099888920784
v -0.002966000000014901 -0.050919998437166214 0.04312099888920784
v -0.008856999687850475 -0.050230998545885086 0.04312099888920784
v -0.0146289998665452 -0.0488630011677742 0.04312099888920784
v -0.020201999694108963 -0.046835001558065414 0.04312099888920784
v -0.025503000244498253 -0.044172998517751694 0.04312099888920784
v -0.030458999797701836 -0.04091300070285797 0.04312099888920784
v -0.035002999007701874 -0.03710100054740906 0.04312099888920784
v -0.039073001593351364 -0.03278600051999092 0.04312099888920784
v -0.042615000158548355 -0.02802800014615059 0.04312099888920784
v -0.04558100178837776 -0.022892000153660774 0.04312099888920784
v -0.047929998487234116 -0.017444999888539314 0.04312099888920784
v -0.04963099956512451 -0.011762999929487705 0.04312099888920784
v -0.05066100135445595 -0.005921000149101019 0.04312099888920784
v -0.0524430014193058 0.0 0.04197999835014343
v 0.05208799988031387 -0.006087999790906906 0.04197999835014343
v 0.05102900043129921 -0.012094000354409218 0.04197999835014343
v 0.04927999898791313 -0.01793600060045719 0.04197999835014343
v 0.04686399921774864 -0.02353600040078163 0.04197999835014343
v 0.0438150018453598 -0.028818000108003616 0.04197999835014343
v 0.0401730015873909 -0.033709000796079636 0.04197999835014343
v 0.03598799929022789 -0.038144998252391815 0.04197999835014343
v 0.03131600096821785 -0.04206499829888344 0.04197999835014343
v 0.026220999658107758 -0.045416999608278275 0.04197999835014343
v 0.020771000534296036 -0.04815400019288063 0.04197999835014343
v 0.015041000209748745 -0.05023900046944618 0.04197999835014343
v 0.009107000194489956 -0.051646001636981964 0.04197999835014343
v 0.00304899993352592 -0.05235400050878525 0.04197999835014343
v -0.00304899993352592 -0.05235400050878525 0.04197999835014343
v -0.009107000194489956 -0.051646001636981964 0.04197999835014343
v -0.015041000209748745 -0.05023900046944618 0.04197999835014343
v -0.020771000534296036 -0.04815400019288063 0.04197999835014343
v -0.026220999658107758 -0.045416999608278275 0.04197999835014343
v -0.03131600096821785 -0.04206499829888344 0.04197999835014343
v -0.03598799929022789 -0.038144998252391815 0.04197999835014343
v -0.0401730015873909 -0.033709000796079636 0.04197999835014343
v -0.0438150018453598 -0.028818000108003616 0.04197999835014343
v -0.04686399921774864 -0.02353600040078163 0.04197999835014343
v -0.04927999898791313 -0.01793600060045719 0.04197999835014343
v -0.05102900043129921 -0.012094000354409218 0.04197999835014343
v -0.05208799988031387 -0.006087999790906906 0.04197999835014343
v -0.05389999970793724 0.0 0.040105000138282776
v 0.05353499948978424 -0.006256999913603067 0.040105000138282776
v 0.05389999970793724 0.0 0.040105000138282776
v 0.0524430014193058 0.0 0.04197999835014343
v 0.05244699865579605 -0.012430000118911266 0.040105000138282776
v 0.050648998469114304 -0.018434999510645866 0.040105000138282776
v 0.04503300040960312 -0.029618000611662865 0.040105000138282776
v 0.04816700145602226 -0.02418999932706356 0.040105000138282776
v 0.04129000008106232 -0.03464600071310997 0.040105000138282776
v 0.03698800131678581 -0.039204999804496765 0.040105000138282776
v 0.032186999917030334 -0.043234001845121384 0.040105000138282776
v 0.02694999985396862 -0.04667799919843674 0.040105000138282776
v 0.015459000132977962 -0.051635000854730606 0.040105000138282776
v 0.021348999813199043 -0.0494920015335083 0.040105000138282776
v 0.009359999559819698 -0.05308099836111069 0.040105000138282776
v 0.003134000115096569 -0.053807999938726425 0.040105000138282776
v -0.003134000115096569 -0.053807999938726425 0.040105000138282776
v 0.0 -0.05502200126647949 0.03775100037455559
v -0.015459000132977962 -0.051635000854730606 0.040105000138282776
v -0.009359999559819698 -0.05308099836111069 0.040105000138282776
v -0.021348999813199043 -0.0494920015335083 0.040105000138282776
v -0.02694999985396862 -0.04667799919843674 0.040105000138282776
v -0.032186999917030334 -0.043234001845121384 0.040105000138282776
v -0.04129000008106232 -0.03464600071310997 0.040105000138282776
v -0.03698800131678581 -0.039204999804496765 0.040105000138282776
v -0.04503300040960312 -0.029618000611662865 0.040105000138282776
v -0.04816700145602226 -0.02418999932706356 0.040105000138282776
v -0.050648998469114304 -0.018434999510645866 0.040105000138282776
v -0.05244699865579605 -0.012430000118911266 0.040105000138282776
v 0.05353499948978424 0.006256999913603067 0.040105000138282776
v 0.039820000529289246 0.004654000047594309 0.03380399942398071
v 0.040091000497341156 0.0 0.03380399942398071
v 0.040578000247478485 0.0 0.03647800162434578
v -0.039820000529289246 0.004654000047594309 0.03380399942398071
v -0.039730001240968704 0.004643999971449375 0.03200000151991844
v -0.03948799893260002 0.006378000136464834 0.03200000151991844
v -0.039009999483823776 0.009246000088751316 0.03380399942398071
v -0.03892200067639351 0.009224999696016312 0.03200000151991844
v -0.03767300024628639 0.013712000101804733 0.03380399942398071
v -0.03788900002837181 0.012822000309824944 0.03200000151991844
v -0.03758800029754639 0.013681000098586082 0.03200000151991844
v -0.03582699969410896 0.017992999404668808 0.03380399942398071
v -0.03574499860405922 0.017952000722289085 0.03200000151991844
v -0.035280000418424606 0.01885100081562996 0.03200000151991844
v -0.03349500149488449 0.022029999643564224 0.03380399942398071
v -0.03342000022530556 0.021980000659823418 0.03200000151991844
v -0.03071100078523159 0.025769999250769615 0.03380399942398071
v -0.03176100179553032 0.0243149995803833 0.03200000151991844
v -0.03064199909567833 0.02571200020611286 0.03200000151991844
v -0.027512000873684883 0.02916100062429905 0.03380399942398071
v -0.027487000450491905 0.029059000313282013 0.03200000151991844
v -0.023941000923514366 0.03215799853205681 0.03380399942398071
v -0.023886000737547874 0.03208500146865845 0.03200000151991844
v -0.022523999214172363 0.033055998384952545 0.03200000151991844
v -0.020044999197125435 0.03471999987959862 0.03380399942398071
v -0.019999999552965164 0.034641001373529434 0.03200000151991844
v -0.01587899960577488 0.03681199997663498 0.03380399942398071
v -0.01706800051033497 0.03617599979043007 0.03200000151991844
v -0.015843000262975693 0.03672900050878525 0.03200000151991844
v -0.011497999541461468 0.03840700164437294 0.03380399942398071
v -0.011282999999821186 0.03837599977850914 0.03200000151991844
v -0.006961999926716089 0.0394820012152195 0.03380399942398071
v -0.006945999804884195 0.03939199820160866 0.03200000151991844
v -0.005319999996572733 0.0396450012922287 0.03200000151991844
v -0.002331000054255128 0.04002299904823303 0.03380399942398071
v -0.002326000016182661 0.0399320013821125 0.03200000151991844
v 0.0 0.03999999910593033 0.03200000151991844
v 0.002331000054255128 0.04002299904823303 0.03380399942398071
v 0.002326000016182661 0.0399320013821125 0.03200000151991844
v 0.006961999926716089 0.0394820012152195 0.03380399942398071
v 0.006320000160485506 0.03949800133705139 0.03200000151991844
v 0.011497999541461468 0.03840700164437294 0.03380399942398071
v 0.011471999809145927 0.03832000121474266 0.03200000151991844
v 0.012765999883413315 0.03790799900889397 0.03200000151991844
v 0.01587899960577488 0.03681199997663498 0.03380399942398071
v 0.015843000262975693 0.03672900050878525 0.03200000151991844
v 0.020044999197125435 0.03471999987959862 0.03380399942398071
v 0.01879899948835373 0.03530700132250786 0.03200000151991844
v 0.019999999552965164 0.034641001373529434 0.03200000151991844
v 0.023941000923514366 0.03215799853205681 0.03380399942398071
v 0.024268999695777893 0.03179600089788437 0.03200000151991844
v 0.027512000873684883 0.02916100062429905 0.03380399942398071
v 0.02745000086724758 0.0290949996560812 0.03200000151991844
v 0.029019000008702278 0.027529999613761902 0.03200000151991844
v 0.03071100078523159 0.025769999250769615 0.03380399942398071
v 0.03064199909567833 0.02571200020611286 0.03200000151991844
v 0.03349500149488449 0.022029999643564224 0.03380399942398071
v 0.03302299976348877 0.022571999579668045 0.03200000151991844
v 0.03582699969410896 0.017992999404668808 0.03380399942398071
v 0.03574499860405922 0.017952000722289085 0.03200000151991844
v 0.03615200147032738 0.017118999734520912 0.03200000151991844
v 0.03767300024628639 0.013712000101804733 0.03380399942398071
v 0.03758800029754639 0.013681000098586082 0.03200000151991844
v 0.039009999483823776 0.009246000088751316 0.03380399942398071
v 0.0396369993686676 0.005375000182539225 0.03200000151991844
v 0.03892200067639351 0.009224999696016312 0.03200000151991844
v 0.038359999656677246 0.01133699994534254 0.03200000151991844
v -0.04030299931764603 0.0047109997831285 0.03647800162434578
v -0.03948400169610977 0.009358000010251999 0.03647800162434578
v -0.038130998611450195 0.01387799996882677 0.03647800162434578
v -0.03626200184226036 0.0182109996676445 0.03647800162434578
v -0.03390200063586235 0.022298000752925873 0.03647800162434578
v -0.031083999201655388 0.026083000004291534 0.03647800162434578
v -0.027845999225974083 0.02951500006020069 0.03647800162434578
v -0.024230999872088432 0.032547999173402786 0.03647800162434578
v -0.020289000123739243 0.0351409986615181 0.03647800162434578
v -0.016071999445557594 0.03725900128483772 0.03647800162434578
v -0.011637999676167965 0.03887299820780754 0.03647800162434578
v -0.007046000100672245 0.03996099904179573 0.03647800162434578
v -0.0023590000346302986 0.040509000420570374 0.03647800162434578
v 0.0023590000346302986 0.040509000420570374 0.03647800162434578
v 0.007046000100672245 0.03996099904179573 0.03647800162434578
v 0.011637999676167965 0.03887299820780754 0.03647800162434578
v 0.016071999445557594 0.03725900128483772 0.03647800162434578
v 0.020289000123739243 0.0351409986615181 0.03647800162434578
v 0.024230999872088432 0.032547999173402786 0.03647800162434578
v 0.027845999225974083 0.02951500006020069 0.03647800162434578
v 0.031083999201655388 0.026083000004291534 0.03647800162434578
v 0.03390200063586235 0.022298000752925873 0.03647800162434578
v 0.03626200184226036 0.0182109996676445 0.03647800162434578
v 0.038130998611450195 0.01387799996882677 0.03647800162434578
v 0.03948400169610977 0.009358000010251999 0.03647800162434578
v 0.04030299931764603 0.0047109997831285 0.03647800162434578
v 0.041457999497652054 0.0 0.0389069989323616
v -0.04117700085043907 0.004813000094145536 0.0389069989323616
v -0.04033999890089035 0.009561000391840935 0.0389069989323616
v -0.038957998156547546 0.014178999699652195 0.0389069989323616
v -0.03704800084233284 0.018605999648571014 0.0389069989323616
v -0.034637000411748886 0.022780999541282654 0.0389069989323616
v -0.03175799921154976 0.026649000123143196 0.0389069989323616
v -0.028449999168515205 0.030154999345541 0.0389069989323616
v -0.02475699968636036 0.033254001289606094 0.0389069989323616
v -0.020728999748826027 0.035902999341487885 0.0389069989323616
v -0.0164209995418787 0.03806700184941292 0.0389069989323616
v -0.011889999732375145 0.039716001600027084 0.0389069989323616
v -0.007199000101536512 0.040828000754117966 0.0389069989323616
v -0.0024109999649226665 0.041388001292943954 0.0389069989323616
v 0.0024109999649226665 0.041388001292943954 0.0389069989323616
v 0.007199000101536512 0.040828000754117966 0.0389069989323616
v 0.011889999732375145 0.039716001600027084 0.0389069989323616
v 0.0164209995418787 0.03806700184941292 0.0389069989323616
v 0.020728999748826027 0.035902999341487885 0.0389069989323616
v 0.02475699968636036 0.033254001289606094 0.0389069989323616
v 0.028449999168515205 0.030154999345541 0.0389069989323616
v 0.03175799921154976 0.026649000123143196 0.0389069989323616
v 0.034637000411748886 0.022780999541282654 0.0389069989323616
v 0.03704800084233284 0.018605999648571014 0.0389069989323616
v 0.038957998156547546 0.014178999699652195 0.0389069989323616
v 0.04033999890089035 0.009561000391840935 0.0389069989323616
v 0.04117700085043907 0.004813000094145536 0.0389069989323616
v 0.04270699992775917 0.0 0.04099800065159798
v -0.04241799935698509 0.004958000034093857 0.04099800065159798
v -0.04155600070953369 0.009848999790847301 0.04099800065159798
v -0.04013099893927574 0.014607000164687634 0.04099800065159798
v -0.03816400095820427 0.01916700042784214 0.04099800065159798
v -0.03568100184202194 0.023468000814318657 0.04099800065159798
v -0.032715000212192535 0.02745099924504757 0.04099800065159798
v -0.02930700033903122 0.031063999980688095 0.04099800065159798
v -0.025503000244498253 0.03425600007176399 0.04099800065159798
v -0.02135300077497959 0.03698499873280525 0.04099800065159798
v -0.01691499911248684 0.03921400010585785 0.04099800065159798
v -0.012248000130057335 0.04091300070285797 0.04099800065159798
v -0.007416000124067068 0.04205799847841263 0.04099800065159798
v -0.002483000047504902 0.0426350012421608 0.04099800065159798
v 0.002483000047504902 0.0426350012421608 0.04099800065159798
v 0.007416000124067068 0.04205799847841263 0.04099800065159798
v 0.012248000130057335 0.04091300070285797 0.04099800065159798
v 0.01691499911248684 0.03921400010585785 0.04099800065159798
v 0.02135300077497959 0.03698499873280525 0.04099800065159798
v 0.025503000244498253 0.03425600007176399 0.04099800065159798
v 0.02930700033903122 0.031063999980688095 0.04099800065159798
v 0.032715000212192535 0.02745099924504757 0.04099800065159798
v 0.03568100184202194 0.023468000814318657 0.04099800065159798
v 0.03816400095820427 0.01916700042784214 0.04099800065159798
v 0.04013099893927574 0.014607000164687634 0.04099800065159798
v 0.04155600070953369 0.009848999790847301 0.04099800065159798
v 0.04241799935698509 0.004958000034093857 0.04099800065159798
v 0.044144000858068466 0.0 0.042514998465776443
v -0.043845999985933304 0.005125000141561031 0.042514998465776443
v -0.04295400157570839 0.010180000215768814 0.042514998465776443
v -0.041482001543045044 0.015097999945282936 0.042514998465776443
v -0.039448998868465424 0.019812000915408134 0.042514998465776443
v -0.03688199818134308 0.024258000776171684 0.042514998465776443
v -0.033817000687122345 0.02837499976158142 0.042514998465776443
v -0.03029399923980236 0.03210899978876114 0.042514998465776443
v -0.026360999792814255 0.035408999770879745 0.042514998465776443
v -0.022072000429034233 0.03822999820113182 0.042514998465776443
v -0.01748500019311905 0.04053400084376335 0.042514998465776443
v -0.012660999782383442 0.04228999838232994 0.042514998465776443
v -0.007666000165045261 0.043473999947309494 0.042514998465776443
v -0.002566999988630414 0.04407000169157982 0.042514998465776443
v 0.002566999988630414 0.04407000169157982 0.042514998465776443
v 0.007666000165045261 0.043473999947309494 0.042514998465776443
v 0.012660999782383442 0.04228999838232994 0.042514998465776443
v 0.01748500019311905 0.04053400084376335 0.042514998465776443
v 0.022072000429034233 0.03822999820113182 0.042514998465776443
v 0.026360999792814255 0.035408999770879745 0.042514998465776443
v 0.03029399923980236 0.03210899978876114 0.042514998465776443
v 0.033817000687122345 0.02837499976158142 0.042514998465776443
v 0.03688199818134308 0.024258000776171684 0.042514998465776443
v 0.039448998868465424 0.019812000915408134 0.042514998465776443
v 0.041482001543045044 0.015097999945282936 0.042514998465776443
v 0.04295400157570839 0.010180000215768814 0.042514998465776443
v 0.043845999985933304 0.005125000141561031 0.042514998465776443
v 0.04573800042271614 0.0 0.04351099953055382
v -0.04542899876832962 0.005309999920427799 0.04351099953055382
v -0.04450500011444092 0.01054800022393465 0.04351099953055382
v -0.042980000376701355 0.015643000602722168 0.04351099953055382
v -0.04087299853563309 0.020526999607682228 0.04351099953055382
v -0.03821299970149994 0.025133000686764717 0.04351099953055382
v -0.035036999732255936 0.029400000348687172 0.04351099953055382
v -0.031387001276016235 0.0332689993083477 0.04351099953055382
v -0.027312999591231346 0.03668700158596039 0.04351099953055382
v -0.02286900021135807 0.03960999846458435 0.04351099953055382
v -0.018115999177098274 0.04199700057506561 0.04351099953055382
v -0.013117999769747257 0.04381600022315979 0.04351099953055382
v -0.007942000404000282 0.04504299908876419 0.04351099953055382
v -0.002658999990671873 0.04566099867224693 0.04351099953055382
v 0.002658999990671873 0.04566099867224693 0.04351099953055382
v 0.007942000404000282 0.04504299908876419 0.04351099953055382
v 0.013117999769747257 0.04381600022315979 0.04351099953055382
v 0.018115999177098274 0.04199700057506561 0.04351099953055382
v 0.02286900021135807 0.03960999846458435 0.04351099953055382
v 0.027312999591231346 0.03668700158596039 0.04351099953055382
v 0.031387001276016235 0.0332689993083477 0.04351099953055382
v 0.035036999732255936 0.029400000348687172 0.04351099953055382
v 0.03821299970149994 0.025133000686764717 0.04351099953055382
v 0.04087299853563309 0.020526999607682228 0.04351099953055382
v 0.042980000376701355 0.015643000602722168 0.04351099953055382
v 0.04450500011444092 0.01054800022393465 0.04351099953055382
v 0.04542899876832962 0.005309999920427799 0.04351099953055382
v 0.046206001192331314 0.0 0.04369499906897545
v -0.045892998576164246 0.005363999865949154 0.04369499906897545
v -0.04495999962091446 0.01065600011497736 0.04369499906897545
v -0.043418999761343 0.015802999958395958 0.04369499906897545
v -0.041290998458862305 0.020736999809741974 0.04369499906897545
v -0.038603998720645905 0.025390999391674995 0.04369499906897545
v -0.03539599850773811 0.029701000079512596 0.04369499906897545
v -0.0317079983651638 0.033608999103307724 0.04369499906897545
v -0.027591999620199203 0.03706299886107445 0.04369499906897545
v -0.023103000596165657 0.04001599922776222 0.04369499906897545
v -0.01830100081861019 0.042426999658346176 0.04369499906897545
v -0.013252000324428082 0.04426499828696251 0.04369499906897545
v -0.008023999631404877 0.045504000037908554 0.04369499906897545
v -0.002686999971047044 0.04612800106406212 0.04369499906897545
v 0.002686999971047044 0.04612800106406212 0.04369499906897545
v 0.008023999631404877 0.045504000037908554 0.04369499906897545
v 0.013252000324428082 0.04426499828696251 0.04369499906897545
v 0.01830100081861019 0.042426999658346176 0.04369499906897545
v 0.023103000596165657 0.04001599922776222 0.04369499906897545
v 0.027591999620199203 0.03706299886107445 0.04369499906897545
v 0.0317079983651638 0.033608999103307724 0.04369499906897545
v 0.03539599850773811 0.029701000079512596 0.04369499906897545
v 0.038603998720645905 0.025390999391674995 0.04369499906897545
v 0.041290998458862305 0.020736999809741974 0.04369499906897545
v 0.043418999761343 0.015802999958395958 0.04369499906897545
v 0.04495999962091446 0.01065600011497736 0.04369499906897545
v 0.045892998576164246 0.005363999865949154 0.04369499906897545
v 0.04784199967980385 0.0 0.04399799928069115
v -0.04751899838447571 0.005553999915719032 0.04399799928069115
v -0.046553000807762146 0.01103300042450428 0.04399799928069115
v -0.0449570007622242 0.016363000497221947 0.04399799928069115
v -0.042753998190164566 0.02147199958562851 0.04399799928069115
v -0.03997199982404709 0.02628999948501587 0.04399799928069115
v -0.03664899989962578 0.03075299970805645 0.04399799928069115
v -0.03283200040459633 0.0347989983856678 0.04399799928069115
v -0.02857000008225441 0.03837599977850914 0.04399799928069115
v -0.023920999839901924 0.041432999074459076 0.04399799928069115
v -0.018949000164866447 0.04393000155687332 0.04399799928069115
v -0.013721000403165817 0.04583299905061722 0.04399799928069115
v -0.008307999931275845 0.0471160002052784 0.04399799928069115
v -0.002781999995931983 0.04776199907064438 0.04399799928069115
v 0.002781999995931983 0.04776199907064438 0.04399799928069115
v 0.008307999931275845 0.0471160002052784 0.04399799928069115
v 0.013721000403165817 0.04583299905061722 0.04399799928069115
v 0.018949000164866447 0.04393000155687332 0.04399799928069115
v 0.023920999839901924 0.041432999074459076 0.04399799928069115
v 0.02857000008225441 0.03837599977850914 0.04399799928069115
v 0.03283200040459633 0.0347989983856678 0.04399799928069115
v 0.03664899989962578 0.03075299970805645 0.04399799928069115
v 0.03997199982404709 0.02628999948501587 0.04399799928069115
v 0.042753998190164566 0.02147199958562851 0.04399799928069115
v 0.0449570007622242 0.016363000497221947 0.04399799928069115
v 0.046553000807762146 0.01103300042450428 0.04399799928069115
v 0.04751899838447571 0.005553999915719032 0.04399799928069115
v 0.04940300062298775 0.0 0.043813999742269516
v -0.04906899854540825 0.005735000129789114 0.043813999742269516
v -0.04940300062298775 0.0 0.043813999742269516
v -0.04807199910283089 0.01139300037175417 0.043813999742269516
v -0.04642400145530701 0.01689700037240982 0.043813999742269516
v -0.044148001819849014 0.022172000259160995 0.043813999742269516
v -0.0412760004401207 0.02714800089597702 0.043813999742269516
v -0.03784500062465668 0.031755998730659485 0.043813999742269516
v -0.03390299901366234 0.03593499958515167 0.043813999742269516
v -0.02950200065970421 0.03962799906730652 0.043813999742269516
v -0.024701999500393867 0.042785000056028366 0.043813999742269516
v -0.019567999988794327 0.04536300152540207 0.043813999742269516
v -0.014169000089168549 0.04732799902558327 0.043813999742269516
v -0.008578999899327755 0.048652999103069305 0.043813999742269516
v -0.0028729999903589487 0.049320001155138016 0.043813999742269516
v 0.0028729999903589487 0.049320001155138016 0.043813999742269516
v 0.008578999899327755 0.048652999103069305 0.043813999742269516
v 0.014169000089168549 0.04732799902558327 0.043813999742269516
v 0.019567999988794327 0.04536300152540207 0.043813999742269516
v 0.024701999500393867 0.042785000056028366 0.043813999742269516
v 0.02950200065970421 0.03962799906730652 0.043813999742269516
v 0.03390299901366234 0.03593499958515167 0.043813999742269516
v 0.03784500062465668 0.031755998730659485 0.043813999742269516
v 0.0412760004401207 0.02714800089597702 0.043813999742269516
v 0.044148001819849014 0.022172000259160995 0.043813999742269516
v 0.04642400145530701 0.01689700037240982 0.043813999742269516
v 0.04807199910283089 0.01139300037175417 0.043813999742269516
v 0.04906899854540825 0.005735000129789114 0.043813999742269516
v 0.051006000488996506 0.0 0.04312099888920784
v -0.05066100135445595 0.005921000149101019 0.04312099888920784
v -0.051006000488996506 0.0 0.04312099888920784
v -0.04963099956512451 0.011762999929487705 0.04312099888920784
v -0.047929998487234116 0.017444999888539314 0.04312099888920784
v -0.04558100178837776 0.022892000153660774 0.04312099888920784
v -0.042615000158548355 0.02802800014615059 0.04312099888920784
v -0.039073001593351364 0.03278600051999092 0.04312099888920784
v -0.035002999007701874 0.03710100054740906 0.04312099888920784
v -0.030458999797701836 0.04091300070285797 0.04312099888920784
v -0.025503000244498253 0.044172998517751694 0.04312099888920784
v -0.020201999694108963 0.046835001558065414 0.04312099888920784
v -0.0146289998665452 0.0488630011677742 0.04312099888920784
v -0.008856999687850475 0.050230998545885086 0.04312099888920784
v -0.002966000000014901 0.050919998437166214 0.04312099888920784
v 0.002966000000014901 0.050919998437166214 0.04312099888920784
v 0.008856999687850475 0.050230998545885086 0.04312099888920784
v 0.0146289998665452 0.0488630011677742 0.04312099888920784
v 0.020201999694108963 0.046835001558065414 0.04312099888920784
v 0.025503000244498253 0.044172998517751694 0.04312099888920784
v 0.030458999797701836 0.04091300070285797 0.04312099888920784
v 0.035002999007701874 0.03710100054740906 0.04312099888920784
v 0.039073001593351364 0.03278600051999092 0.04312099888920784
v 0.042615000158548355 0.02802800014615059 0.04312099888920784
v 0.04558100178837776 0.022892000153660774 0.04312099888920784
v 0.047929998487234116 0.017444999888539314 0.04312099888920784
v 0.04963099956512451 0.011762999929487705 0.04312099888920784
v 0.05066100135445595 0.005921000149101019 0.04312099888920784
v 0.0524430014193058 0.0 0.04197999835014343
v -0.05208799988031387 0.006087999790906906 0.04197999835014343
v -0.05102900043129921 0.012094000354409218 0.04197999835014343
v -0.04927999898791313 0.01793600060045719 0.04197999835014343
v -0.04686399921774864 0.02353600040078163 0.04197999835014343
v -0.0438150018453598 0.028818000108003616 0.04197999835014343
v -0.0401730015873909 0.033709000796079636 0.04197999835014343
v -0.03598799929022789 0.038144998252391815 0.04197999835014343
v -0.03131600096821785 0.04206499829888344 0.04197999835014343
v -0.026220999658107758 0.045416999608278275 0.04197999835014343
v -0.020771000534296036 0.04815400019288063 0.04197999835014343
v -0.015041000209748745 0.05023900046944618 0.04197999835014343
v -0.009107000194489956 0.051646001636981964 0.04197999835014343
v -0.00304899993352592 0.05235400050878525 0.04197999835014343
v 0.00304899993352592 0.05235400050878525 0.04197999835014343
v 0.009107000194489956 0.051646001636981964 0.04197999835014343
v 0.015041000209748745 0.05023900046944618 0.04197999835014343
v 0.020771000534296036 0.04815400019288063 0.04197999835014343
v 0.026220999658107758 0.045416999608278275 0.04197999835014343
v 0.03131600096821785 0.04206499829888344 0.04197999835014343
v 0.03598799929022789 0.038144998252391815 0.04197999835014343
v 0.0401730015873909 0.033709000796079636 0.04197999835014343
v 0.0438150018453598 0.028818000108003616 0.04197999835014343
v 0.04686399921774864 0.02353600040078163 0.04197999835014343
v 0.04927999898791313 0.01793600060045719 0.04197999835014343
v 0.05102900043129921 0.012094000354409218 0.04197999835014343
v 0.05208799988031387 0.006087999790906906 0.04197999835014343
v 0.05389999970793724 0.0 0.040105000138282776
v -0.05353499948978424 0.006256999913603067 0.040105000138282776
v -0.05389999970793724 0.0 0.040105000138282776
v -0.0524430014193058 0.0 0.04197999835014343
v -0.05244699865579605 0.012430000118911266 0.040105000138282776
v -0.050648998469114304 0.018434999510645866 0.040105000138282776
v -0.04503300040960312 0.029618000611662865 0.040105000138282776
v -0.04816700145602226 0.02418999932706356 0.040105000138282776
v -0.04129000008106232 0.03464600071310997 0.040105000138282776
v -0.03698800131678581 0.039204999804496765 0.040105000138282776
v -0.032186999917030334 0.043234001845121384 0.040105000138282776
v -0.02694999985396862 0.04667799919843674 0.040105000138282776
v -0.015459000132977962 0.051635000854730606 0.040105000138282776
v -0.021348999813199043 0.0494920015335083 0.040105000138282776
v -0.009359999559819698 0.05308099836111069 0.040105000138282776
v -0.003134000115096569 0.053807999938726425 0.040105000138282776
v 0.0 0.05502200126647949 0.03775100037455559
v 0.003134000115096569 0.053807999938726425 0.040105000138282776
v 0.015459000132977962 0.051635000854730606 0.040105000138282776
v 0.009359999559819698 0.05308099836111069 0.040105000138282776
v 0.021348999813199043 0.0494920015335083 0.040105000138282776
v 0.02694999985396862 0.04667799919843674 0.040105000138282776
v 0.032186999917030334 0.043234001845121384 0.040105000138282776
v 0.04129000008106232 0.03464600071310997 0.040105000138282776
v 0.03698800131678581 0.039204999804496765 0.040105000138282776
v 0.04503300040960312 0.029618000611662865 0.040105000138282776
v 0.04816700145602226 0.02418999932706356 0.040105000138282776
v 0.050648998469114304 0.018434999510645866 0.040105000138282776
v 0.05244699865579605 0.012430000118911266 0.040105000138282776
v 0.0014140000566840172 0.012086000293493271 -0.07100000232458115
v 0.0007680000271648169 0.011645999737083912 -0.07100000232458115
v 0.0 0.011500000022351742 -0.07100000232458115
v 0.0020000000949949026 0.013500000350177288 -0.07100000232458115
v 0.001854000031016767 0.012733000330626965 -0.07100000232458115
v -0.00041199999395757914 0.01155299972742796 -0.07100000232458115
v -0.0011239999439567327 0.011846999637782574 -0.07100000232458115
v 0.0008200000156648457 0.015331000089645386 -0.07100000232458115
v -0.001702000037766993 0.012439999729394913 -0.07100000232458115
v -0.001979999942705035 0.013201000168919563 -0.07100000232458115
v -0.0008909999742172658 0.015285000205039978 -0.07100000232458115
v 0.0 0.01549999974668026 -0.07100000232458115
v -0.0015450000064447522 0.014771999791264534 -0.07100000232458115
v -0.0019280000124126673 0.014053000137209892 -0.07100000232458115
v 0.0014140000566840172 0.014914000406861305 -0.07100000232458115
v 0.0018530000234022737 0.014267999678850174 -0.07100000232458115
v -0.006430000066757202 0.013531000353395939 -0.07100000232458115
v -0.005973000079393387 0.014165000058710575 -0.07100000232458115
v -0.0053010000847280025 0.0145650003105402 -0.07100000232458115
v -0.004894999787211418 0.014655999839305878 -0.07100000232458115
v -0.004761999938637018 0.010684999637305737 -0.07100000232458115
v -0.005462999921292067 0.010873000137507915 -0.07100000232458115
v -0.004124999977648258 0.014623000286519527 -0.07100000232458115
v -0.003378999885171652 0.014262000098824501 -0.07100000232458115
v -0.002858000108972192 0.013642000034451485 -0.07100000232458115
v -0.0031709999311715364 0.011311000213027 -0.07100000232458115
v -0.003932999912649393 0.010805999860167503 -0.07100000232458115
v -0.0027310000732541084 0.012016999535262585 -0.07100000232458115
v -0.002616999903693795 0.012822999618947506 -0.07100000232458115
v -0.006622000131756067 0.012773999944329262 -0.07100000232458115
v -0.006496999878436327 0.012001999653875828 -0.07100000232458115
v -0.00609700009226799 0.011331000365316868 -0.07100000232458115
v 0.0037720000836998224 0.014498000033199787 -0.07100000232458115
v 0.004530000034719706 0.014689999632537365 -0.07100000232458115
v 0.0053010000847280025 0.0145650003105402 -0.07100000232458115
v 0.005671000108122826 0.014374000020325184 -0.07100000232458115
v 0.003220000071451068 0.011246000416576862 -0.07100000232458115
v 0.002804999938234687 0.0118410000577569 -0.07100000232458115
v 0.006238999776542187 0.013852999545633793 -0.07100000232458115
v 0.006579000037163496 0.01309799961745739 -0.07100000232458115
v 0.006579999811947346 0.01228800043463707 -0.07100000232458115
v 0.0048409998416900635 0.010703000240027905 -0.07100000232458115
v 0.003932999912649393 0.010805999860167503 -0.07100000232458115
v 0.0056329998187720776 0.010960999876260757 -0.07100000232458115
v 0.006238000001758337 0.011505000293254852 -0.07100000232458115
v 0.003137999912723899 0.014042000286281109 -0.07100000232458115
v 0.0027379998937249184 0.013369999825954437 -0.07100000232458115
v 0.0026130001060664654 0.01259899977594614 -0.07100000232458115
v 0.03617100045084953 -0.019898999482393265 -0.023378999903798103
v 0.03618500009179115 -0.019874000921845436 -0.02323099970817566
v 0.036038000136613846 -0.020137999206781387 -0.023455999791622162
v 0.03672900050878525 -0.018849000334739685 -0.02264299988746643
v 0.0368489995598793 -0.01861399970948696 -0.022987000644207
v 0.03711400181055069 -0.01807899959385395 -0.022662999108433723
v 0.036997001618146896 -0.018316999077796936 -0.02124599926173687
v 0.03689900040626526 -0.0185139998793602 -0.02155200019478798
v 0.03700700029730797 -0.018296999856829643 -0.02210799977183342
v 0.03667199984192848 -0.018959999084472656 -0.02211499959230423
v 0.036607999354600906 -0.01908300071954727 -0.02229899913072586
v 0.03615700080990791 -0.019923999905586243 -0.023527000099420547
v 0.03600599989295006 -0.02019600011408329 -0.023581000044941902
v 0.036017999053001404 -0.02017500065267086 -0.023593999445438385
v 0.036024000495672226 -0.02016500011086464 -0.02359200082719326
v 0.035996001213788986 -0.020214000716805458 -0.023531999439001083
v 0.035992998629808426 -0.020219000056385994 -0.023552000522613525
v 0.03600599989295006 -0.020197000354528427 -0.02359200082719326
v 0.035999998450279236 -0.02020600065588951 -0.023585999384522438
v 0.035996001213788986 -0.02021300047636032 -0.023576999083161354
v 0.03599400073289871 -0.02021699957549572 -0.023567000404000282
v 0.03599400073289871 -0.020217999815940857 -0.023561999201774597
v 0.036031998693943024 -0.020150000229477882 -0.023587999865412712
v 0.03600100055336952 -0.020205000415444374 -0.023514000698924065
v 0.037161000072956085 -0.0179820004850626 -0.012275000102818012
v 0.037408001720905304 -0.017463000491261482 -0.013983000069856644
v 0.03742999956011772 -0.017417000606656075 -0.013054000213742256
v 0.03765999898314476 -0.016913000494241714 -0.013883999548852444
v 0.037762001156806946 -0.016682999208569527 -0.014314999803900719
v 0.03756000101566315 -0.01713399961590767 -0.014813999645411968
v 0.03778500109910965 -0.016630999743938446 -0.014426000416278839
v 0.037762999534606934 -0.01668200083076954 -0.016466999426484108
v 0.037817999720573425 -0.016555000096559525 -0.014593999832868576
v 0.03779599815607071 -0.016605999320745468 -0.014481999911367893
v 0.03816499933600426 -0.01573999971151352 -0.017454000189900398
v 0.03813700005412102 -0.015807000920176506 -0.01696000061929226
v 0.03776700049638748 -0.01667100004851818 -0.0165839996188879
v 0.03809799998998642 -0.01590299978852272 -0.016467999666929245
v 0.03790400177240372 -0.0163589995354414 -0.015043999999761581
v 0.03779499977827072 -0.01660900004208088 -0.01897200010716915
v 0.03817199915647507 -0.01572199910879135 -0.01924300007522106
v 0.03779799863696098 -0.01660200022161007 -0.018914999440312386
v 0.03780199959874153 -0.01659199967980385 -0.017833000048995018
v 0.03770099952816963 -0.016821999102830887 -0.02167700044810772
v 0.03794100135564804 -0.016272999346256256 -0.02111699990928173
v 0.03771200031042099 -0.016795000061392784 -0.02008499950170517
v 0.038054000586271286 -0.016008000820875168 -0.020819000899791718
v 0.03778599947690964 -0.016628000885248184 -0.01910099945962429
v 0.037769000977277756 -0.016666999086737633 -0.019393999129533768
v 0.03816600143909454 -0.015737999230623245 -0.019457999616861343
v 0.03772500157356262 -0.016766000539064407 -0.01997300051152706
v 0.03809899836778641 -0.01590000092983246 -0.020433999598026276
v 0.038068998605012894 -0.015971999615430832 -0.020723000168800354
v 0.03742299973964691 -0.01743200048804283 -0.021190999075770378
v 0.037397000938653946 -0.017486000433564186 -0.021299000829458237
v 0.037241000682115555 -0.017815999686717987 -0.022489000111818314
v 0.037422001361846924 -0.01743300072848797 -0.016699999570846558
v 0.03742099925875664 -0.01743599958717823 -0.018211999908089638
v 0.03740299865603447 -0.017472999170422554 -0.01858600042760372
v 0.037397000938653946 -0.017487000674009323 -0.018699999898672104
v 0.03737900033593178 -0.017525000497698784 -0.01895900070667267
v 0.03734999895095825 -0.01758600026369095 -0.019329000264406204
v 0.037331998348236084 -0.01762400008738041 -0.019512999802827835
v 0.03730500116944313 -0.017681999132037163 -0.019735999405384064
v 0.03713500127196312 -0.01803700067102909 -0.020705999806523323
v 0.0370820015668869 -0.0181450005620718 -0.020920999348163605
v 0.03588400036096573 -0.020410999655723572 -0.010023999959230423
v 0.03598000109195709 -0.020243000239133835 -0.010041999630630016
v 0.03568999841809273 -0.020749999210238457 -0.009662000462412834
v 0.03557100147008896 -0.020951999351382256 -0.0096220001578331
v 0.03557699918746948 -0.02094300091266632 -0.009631999768316746
v 0.03559799864888191 -0.020905999466776848 -0.009604999795556068
v 0.035562001168727875 -0.02096799947321415 -0.009562999941408634
v 0.03556299954652786 -0.020966000854969025 -0.009557999670505524
v 0.03556500002741814 -0.020961999893188477 -0.009550999850034714
v 0.03556400164961815 -0.020965000614523888 -0.009604999795556068
v 0.03556099906563759 -0.020969999954104424 -0.009588000364601612
v 0.03556099906563759 -0.020969999954104424 -0.009569999761879444
v 0.03557100147008896 -0.020951999351382256 -0.009542999789118767
v 0.03556700050830841 -0.020959999412298203 -0.009549000300467014
v 0.03559599816799164 -0.020910000428557396 -0.00954699981957674
v 0.03558700159192085 -0.020925000309944153 -0.00953999999910593
v 0.035578999668359756 -0.020938999950885773 -0.009538999758660793
v 0.03558100014925003 -0.020935000851750374 -0.009639999829232693
v 0.035585999488830566 -0.020927000790834427 -0.00964799989014864
v 0.03560100123286247 -0.02090200036764145 -0.009608999826014042
v 0.035604000091552734 -0.020896000787615776 -0.009681000374257565
v 0.03561500087380409 -0.02087699994444847 -0.009569000452756882
v 0.035610001534223557 -0.020887000486254692 -0.009624999947845936
v 0.03564099967479706 -0.020833000540733337 -0.009746000170707703
v 0.03687899932265282 -0.018552999943494797 -0.012066000141203403
v 0.03651300072669983 -0.01926399953663349 -0.010882999747991562
v 0.036416999995708466 -0.01944500021636486 -0.011008000001311302
v 0.0363209992647171 -0.019625000655651093 -0.011132000014185905
v 0.03658900037407875 -0.019120000302791595 -0.011858000420033932
v 0.03696199879050255 -0.01838899962604046 -0.012334000319242477
v 0.037411998957395554 -0.017454000189900398 -0.016465000808238983
v 0.0372919999063015 -0.017709000036120415 -0.015034999698400497
v 0.03714799880981445 -0.018008999526500702 -0.014081000350415707
v 0.037092000246047974 -0.01812399923801422 -0.013775999657809734
v 0.03675699979066849 -0.018794000148773193 -0.012392999604344368
v 0.035787999629974365 -0.02057899907231331 -0.01000600028783083
v -0.006484000012278557 0.0042050001211464405 0.03350000083446503
v -0.007451999932527542 0.004335999954491854 0.03350000083446503
v -0.00836700014770031 0.003992999903857708 0.03350000083446503
v -0.005313000176101923 0.0017729999963194132 0.03350000083446503
v -0.005268999841064215 0.002749999985098839 0.03350000083446503
v -0.0056929998099803925 0.0036299999337643385 0.03350000083446503
v -0.005609999876469374 0.0011729999678209424 0.03350000083446503
v -0.00913500040769577 0.002951999893411994 0.03350000083446503
v -0.006064999848604202 0.0007220000261440873 0.03350000083446503
v -0.009190999902784824 0.0019650000613182783 0.03350000083446503
v -0.008845999836921692 0.003524000057950616 0.03350000083446503
v -0.008767000399529934 0.0010710000060498714 0.03350000083446503
v -0.007966999895870686 0.0004900000058114529 0.03350000083446503
v -0.00698699988424778 0.00036299999919719994 0.03350000083446503
v -0.0032560001127421856 0.004557000007480383 0.03350000083446503
v -0.004422000143676996 0.00814799964427948 0.03350000083446503
v -0.003848999971523881 0.004246999975293875 0.03350000083446503
v -0.0050849998369812965 0.008050999604165554 0.03350000083446503
v -0.005654999986290932 0.007757999934256077 0.03350000083446503
v -0.002773999935016036 0.0072130002081394196 0.03350000083446503
v -0.0034799999557435513 0.007888000458478928 0.03350000083446503
v -0.002471999963745475 0.006283000111579895 0.03350000083446503
v -0.0026459998916834593 0.00532200001180172 0.03350000083446503
v -0.00646300008520484 0.006020000204443932 0.03350000083446503
v -0.006157999858260155 0.005080000031739473 0.03350000083446503
v -0.006281000096350908 0.00699200015515089 0.03350000083446503
v -0.005439000204205513 0.004401000216603279 0.03350000083446503
v -0.004482999909669161 0.004149000160396099 0.03350000083446503
v 0.0012120000319555402 0.009190999902784824 0.03350000083446503
v -0.0006179999909363687 0.005698000080883503 0.03350000083446503
v 4.5000000682193786e-05 0.005601000040769577 0.03350000083446503
v 0.0019950000569224358 0.007466000039130449 0.03350000083446503
v 0.0018210000125691295 0.008426999673247337 0.03350000083446503
v 0.0016929999692365527 0.006535999942570925 0.03350000083446503
v 0.0009869999485090375 0.005861000157892704 0.03350000083446503
v -0.0009710000013001263 0.009348000399768353 0.03350000083446503
v -0.0016899999463930726 0.008669000118970871 0.03350000083446503
v -1.4999999621068127e-05 0.009600000455975533 0.03350000083446503
v -0.001996000064536929 0.007728999946266413 0.03350000083446503
v 0.0006179999909363687 0.00950200017541647 0.03350000083446503
v -0.0011879999656230211 0.0059910002164542675 0.03350000083446503
v -0.0018139999592676759 0.006756999995559454 0.03350000083446503
v 0.006382999941706657 0.006723999977111816 0.03350000083446503
v 0.0028490000404417515 0.004972999915480614 0.03350000083446503
v 0.0033279999624937773 0.004505000077188015 0.03350000083446503
v 0.0029279999434947968 0.007426000200212002 0.03350000083446503
v 0.002503999974578619 0.006531999912112951 0.03350000083446503
v 0.002560999942943454 0.005545000080019236 0.03350000083446503
v 0.006426999811083078 0.005747999995946884 0.03350000083446503
v 0.006002999842166901 0.004867000039666891 0.03350000083446503
v 0.005212000105530024 0.004292000085115433 0.03350000083446503
v 0.004242999944835901 0.004160999786108732 0.03350000083446503
v 0.003727999981492758 0.00800700020045042 0.03350000083446503
v 0.004708999767899513 0.00813400000333786 0.03350000083446503
v 0.005630999803543091 0.0077760000713169575 0.03350000083446503
v 0.00608500000089407 0.007323999889194965 0.03350000083446503
v 0.005330999847501516 0.0029810001142323017 0.03350000083446503
v 0.0052280002273619175 0.002348999958485365 0.03350000083446503
v 0.009126000106334686 0.0029810001142323017 0.03350000083446503
v 0.007716999854892492 0.0004090000002179295 0.03350000083446503
v 0.008577999658882618 0.0008720000041648746 0.03350000083446503
v 0.009115999564528465 0.0016880000475794077 0.03350000083446503
v 0.0053400001488626 0.0016880000475794077 0.03350000083446503
v 0.005878999829292297 0.0008720000041648746 0.03350000083446503
v 0.00674000009894371 0.0004090000002179295 0.03350000083446503
v 0.009228000417351723 0.002348999958485365 0.03350000083446503
v 0.008590999990701675 0.0038129999302327633 0.03350000083446503
v 0.0077229999005794525 0.004286999814212322 0.03350000083446503
v 0.005865999963134527 0.0038129999302327633 0.03350000083446503
v 0.00673400005325675 0.004286999814212322 0.03350000083446503
v -0.008268999867141247 0.004056000150740147 0.03611399978399277
v -0.008845999836921692 0.003524000057950616 0.035875000059604645
v -0.007513999938964844 0.004327999893575907 0.036504000425338745
v -0.006790999788790941 0.00430000014603138 0.036928001791238785
v -0.006484000012278557 0.0042050001211464405 0.037122998386621475
v -0.006120999809354544 0.004013999830931425 0.037370000034570694
v -0.005694999825209379 0.0036329999566078186 0.037689998745918274
v -0.00558699993416667 0.0034920000471174717 0.037780001759529114
v -0.005272999871522188 0.0027719999197870493 0.03810400143265724
v -0.005262000020593405 0.0019839999731630087 0.03826500102877617
v -0.005541999824345112 0.0012730000307783484 0.038235001266002655
v -0.005609999876469374 0.0011729999678209424 0.038214001804590225
v -0.006184999831020832 0.0006419999990612268 0.03797300159931183
v -0.006953000091016293 0.00036800000816583633 0.037574999034404755
v -0.007966999895870686 0.0004900000058114529 0.03696500137448311
v -0.007664000149816275 0.0003969999961555004 0.03715800121426582
v -0.00918199960142374 0.0019249999895691872 0.035982999950647354
v -0.008867999538779259 0.0012039999710395932 0.036306001245975494
v -0.00876499991863966 0.0010689999908208847 0.03639199957251549
v -0.008333999663591385 0.0006820000126026571 0.036715999245643616
v -0.009196000173687935 0.0027020000852644444 0.03582499921321869
v -0.008917000144720078 0.003418999956920743 0.03585299849510193
v -0.004304999951273203 0.008142000064253807 0.03611399978399277
v -0.0050849998369812965 0.008050000295042992 0.035875000059604645
v -0.0035359999164938927 0.007919000461697578 0.036504000425338745
v -0.0029670000076293945 0.0074709998443722725 0.03692900016903877
v -0.002773999935016036 0.0072130002081394196 0.03712400048971176
v -0.002592999953776598 0.006845999974757433 0.037370000034570694
v -0.002471999963745475 0.0062859999015927315 0.03769100084900856
v -0.0024679999332875013 0.0061090001836419106 0.037780001759529114
v -0.0026370000559836626 0.005342000164091587 0.03810400143265724
v -0.003091000020503998 0.00469799991697073 0.03826500102877617
v -0.0037360000424087048 0.004286999814212322 0.038235001266002655
v -0.003848999971523881 0.004246999975293875 0.038214001804590225
v -0.004629000090062618 0.004155000206083059 0.03797199949622154
v -0.005413999781012535 0.004387000110000372 0.03757200017571449
v -0.006157000083476305 0.005078999791294336 0.03696500137448311
v -0.00597199983894825 0.004831000231206417 0.03715299814939499
v -0.006293000187724829 0.006965000182390213 0.03598000109195709
v -0.006467000115662813 0.006200000178068876 0.03629999980330467
v -0.00646300008520484 0.006016999948769808 0.03639199957251549
v -0.006345000118017197 0.00546000013127923 0.03671000152826309
v -0.005843999795615673 0.007598999887704849 0.0358240008354187
v -0.00519500020891428 0.008011000230908394 0.035854000598192215
v 0.001303000026382506 0.009116999804973602 0.03611399978399277
v 0.0006179999909363687 0.00950200017541647 0.035875000059604645
v 0.0017950000474229455 0.008481999859213829 0.03650499880313873
v 0.0019920000340789557 0.007782000117003918 0.036931999027729034
v 0.001996000064536929 0.007466000039130449 0.03712400048971176
v 0.0019239999819546938 0.007054999936372042 0.03737499937415123
v 0.0016949999844655395 0.0065390001982450485 0.037689998745918274
v 0.0015899999998509884 0.006386999972164631 0.037783000618219376
v 0.0010010000551119447 0.005869000218808651 0.03810599818825722
v 0.00025400001322850585 0.005615999922156334 0.03826599940657616
v -0.0005089999758638442 0.005665999837219715 0.03823399916291237
v -0.0006179999909363687 0.005698000080883503 0.038214001804590225
v -0.0013050000416114926 0.00608400022611022 0.037971001118421555
v -0.0017989999614655972 0.00672700023278594 0.037574999034404755
v -0.001996000064536929 0.007728000171482563 0.03696500137448311
v -0.0019920000340789557 0.007416999898850918 0.037154000252485275
v -0.0010019999463111162 0.009331000037491322 0.035982001572847366
v -0.0015910000074654818 0.008812000043690205 0.036302000284194946
v -0.0016919999616220593 0.008666999638080597 0.03639199957251549
v -0.0019239999819546938 0.008143999613821507 0.03671199828386307
v -0.00026599998818710446 0.009581999853253365 0.03582499921321869
v 0.0005009999731555581 0.009535999968647957 0.035854000598192215
v 0.0064130001701414585 0.0066109998151659966 0.03611399978399277
v 0.00608500000089407 0.007323999889194965 0.035875000059604645
v 0.006438000127673149 0.005810000002384186 0.036504000425338745
v 0.0061900001019239426 0.005133000202476978 0.03692600131034851
v 0.006002999842166901 0.004867000039666891 0.03712400048971176
v 0.00571299996227026 0.00458399998024106 0.03736799955368042
v 0.00521499989554286 0.0042929998598992825 0.037689998745918274
v 0.005051000043749809 0.004236000124365091 0.03777800127863884
v 0.004267999902367592 0.0041589997708797455 0.03810400143265724
v 0.0035149999894201756 0.004389999900013208 0.03826500102877617
v 0.0029249999206513166 0.004875000100582838 0.03823599964380264
v 0.0028490000404417515 0.004972999915480614 0.038214001804590225
v 0.0025220001116394997 0.005685000214725733 0.03797300159931183
v 0.0024979999288916588 0.006498000118881464 0.03757600113749504
v 0.0029279999434947968 0.007426000200212002 0.03696500137448311
v 0.0027459999546408653 0.0071669998578727245 0.03715800121426582
v 0.004668000154197216 0.008138000033795834 0.035982999950647354
v 0.003886000020429492 0.008062000386416912 0.036306001245975494
v 0.003725999966263771 0.008005999960005283 0.03639199957251549
v 0.0032240001019090414 0.007716000080108643 0.036715999245643616
v 0.005412000231444836 0.007911000400781631 0.03582499921321869
v 0.006006999872624874 0.007424000184983015 0.03585200011730194
v 0.009073999710381031 0.0015790000325068831 0.03611399978399277
v 0.009228000417351723 0.002348999958485365 0.035875000059604645
v 0.008623999543488026 0.0009169999975711107 0.03650299832224846
v 0.008022000081837177 0.0005130000063218176 0.03692900016903877
v 0.007718000095337629 0.0004090000002179295 0.03712400048971176
v 0.007311999797821045 0.0003499999875202775 0.037370000034570694
v 0.006742000114172697 0.0004079999926034361 0.037689998745918274
v 0.006572999991476536 0.00045900000259280205 0.037780001759529114
v 0.005894999951124191 0.0008570000063627958 0.03810400143265724
v 0.005423000082373619 0.0014880000380799174 0.03826500102877617
v 0.005231999792158604 0.0022279999684542418 0.038235001266002655
v 0.0052280002273619175 0.002348999958485365 0.038214001804590225
v 0.005382999777793884 0.003120000008493662 0.037971001118421555
v 0.00583800021559 0.0037869999650865793 0.03757699951529503
v 0.006732999812811613 0.0042860000394284725 0.03696399927139282
v 0.006432999856770039 0.004184000194072723 0.03715699911117554
v 0.008559999987483025 0.0038399999029934406 0.03598399832844734
v 0.00788199994713068 0.004238000139594078 0.036306001245975494
v 0.007720000110566616 0.004286999814212322 0.0363910011947155
v 0.007143000140786171 0.004346999805420637 0.03671500086784363
v 0.009027999825775623 0.003220000071451068 0.035826001316308975
v 0.00922400038689375 0.0024759999942034483 0.03585299849510193
v 0.005078999791294336 0.0009410000056959689 0.038221001625061035
v 0.005166000220924616 0.0 0.038221001625061035
v 0.005233000032603741 0.0 0.038286998867988586
v 0.009100999683141708 0.012470999732613564 0.028502000495791435
v 0.008449000306427479 0.012920999899506569 0.028502000495791435
v 0.008449000306427479 0.012922000139951706 0.02850000001490116
v -0.0028029999230057 0.0042860000394284725 0.0381460003554821
v -0.0028260000981390476 0.0043230000883340836 0.038221001625061035
v -0.003653000108897686 0.003653000108897686 0.038221001625061035
v -0.010339000262320042 0.011469000019133091 0.028502000495791435
v -0.010919000022113323 0.010919000022113323 0.028502000495791435
v -0.010919000022113323 0.010919000022113323 0.02850000001490116
v -0.003622000105679035 0.003622000105679035 0.0381460003554821
v -0.0043230000883340836 0.0028260000981390476 0.038221001625061035
v 0.015382999554276466 0.0013889999827370048 0.02848999947309494
v 0.015447000041604042 0.0 0.02848999947309494
v 0.015464000403881073 0.0 0.028449999168515205
v 0.010521000251173973 0.010521000251173973 0.029600000008940697
v 0.010015999898314476 0.010015999898314476 0.030755000188946724
v 0.011853000149130821 0.007751000113785267 0.030755000188946724
v 0.0009330000029876828 0.005036000162363052 0.0381460003554821
v 0.0009289999725297093 0.005016000010073185 0.038068000227212906
v 0.0018779999809339643 0.0047439998015761375 0.038068000227212906
v -0.0027089999057352543 0.0146289998665452 0.029600000008940697
v -0.0025790000800043344 0.013926999643445015 0.030755000188946724
v 0.0 0.014165000058710575 0.030755000188946724
v -0.00814099982380867 0.012450999580323696 0.029600000008940697
v -0.007751000113785267 0.011853000149130821 0.030755000188946724
v -0.00521400012075901 0.01317100040614605 0.030755000188946724
v -0.015127000398933887 0.0 0.02914400026202202
v -0.01380900014191866 0.0 0.03127399832010269
v -0.013926999643445015 0.0025790000800043344 0.030755000188946724
v 0.0030789999291300774 0.0047079999931156635 0.03826399892568588
v 0.002993999980390072 0.004579000174999237 0.038325998932123184
v 0.002294000005349517 0.005795999895781279 0.03796600177884102
v 0.0 0.005626999773085117 0.03826399892568588
v 0.0 0.0054720002226531506 0.038325998932123184
v 0.0019440000178292394 0.010494000278413296 0.03489600121974945
v -0.0031500000040978193 0.00795700028538704 0.036584001034498215
v -0.002294000005349517 0.005795999895781279 0.03796600177884102
v -0.0030789999291300774 0.0047079999931156635 0.03826399892568588
v -0.01576000079512596 0.0 0.02775599993765354
v -0.015600999817252159 0.0 0.028132999315857887
v -0.015374000184237957 0.0028470000252127647 0.028047999367117882
v -0.01610100083053112 0.0 0.026930000633001328
v -0.015951000154018402 0.002191999927163124 0.026930000633001328
v -0.01532800029963255 0.004927999805659056 0.026930000633001328
v -0.014538999646902084 0.005756000056862831 0.028047999367117882
v -0.013085000216960907 0.008555999957025051 0.028047999367117882
v -0.014239000156521797 0.007515000179409981 0.026930000633001328
v -0.01496999990195036 0.005927000194787979 0.026930000633001328
v -0.010809999890625477 0.01193199958652258 0.026930000633001328
v -0.012718000449240208 0.00987400021404028 0.026930000633001328
v -0.013476000167429447 0.008810999803245068 0.026930000633001328
v -0.011056999675929546 0.011056999675929546 0.028047999367117882
v -0.008555999957025051 0.013085000216960907 0.028047999367117882
v -0.008573999628424644 0.013628000393509865 0.026930000633001328
v -0.005756000056862831 0.014538999646902084 0.028047999367117882
v -0.006076999939978123 0.014910000376403332 0.026930000633001328
v 0.0028470000252127647 0.015374000184237957 0.028047999367117882
v -0.000610999995842576 0.016088999807834625 0.026930000633001328
v 0.0 0.015636999160051346 0.028047999367117882
v -0.003396000014618039 0.015737999230623245 0.026930000633001328
v -0.0028470000252127647 0.015374000184237957 0.028047999367117882
v 0.005756000056862831 0.014538999646902084 0.028047999367117882
v 0.004927999805659056 0.01532800029963255 0.026930000633001328
v 0.002191999927163124 0.015951000154018402 0.026930000633001328
v 0.008555999957025051 0.013085000216960907 0.028047999367117882
v 0.007515000179409981 0.014239000156521797 0.026930000633001328
v 0.005927000194787979 0.01496999990195036 0.026930000633001328
v 0.01193199958652258 0.010809999890625477 0.026930000633001328
v 0.00987400021404028 0.012718000449240208 0.026930000633001328
v 0.008810999803245068 0.013476000167429447 0.026930000633001328
v 0.011056999675929546 0.011056999675929546 0.028047999367117882
v 0.013085000216960907 0.008555999957025051 0.028047999367117882
v 0.013628000393509865 0.008573999628424644 0.026930000633001328
v 0.014538999646902084 0.005756000056862831 0.028047999367117882
v 0.014910000376403332 0.006076999939978123 0.026930000633001328
v 0.015374000184237957 0.0028470000252127647 0.028047999367117882
v 0.015737999230623245 0.003396000014618039 0.026930000633001328
v 0.01610100083053112 0.0 0.026930000633001328
v 0.01610100083053112 3.7999998312443495e-05 0.026930000633001328
v 0.015928000211715698 0.0 0.027351999655365944
v 0.01609399914741516 0.0004689999914262444 0.026930000633001328
v 0.016090000048279762 0.0005760000203736126 0.026930000633001328
v 0.016088999807834625 0.000610999995842576 0.026930000633001328
v 0.015650000423192978 0.0 0.028017999604344368
v 0.015636999160051346 0.0 0.028047999367117882
v -0.010494000278413296 0.0019440000178292394 0.03489600121974945
v -0.009925000369548798 0.00392899988219142 0.03489600121974945
v -0.008557000197470188 0.0 0.036584001034498215
v -0.011012000031769276 0.0 0.03457599878311157
v -0.005545999854803085 0.0 0.03830000013113022
v -0.005911999847739935 0.0 0.03812599927186966
v -0.006566000171005726 0.0 0.03779200091958046
v -0.007654999848455191 0.0 0.03717000037431717
v -0.00508800009265542 0.002013999968767166 0.038325998932123184
v -0.005231999792158604 0.002070999937132001 0.03826399892568588
v -0.005216000135987997 0.003410999896004796 0.03796600177884102
v -0.008932000026106834 0.005840000230818987 0.03489600121974945
v -0.007160999812185764 0.004681999795138836 0.036584001034498215
v -0.00392899988219142 0.009925000369548798 0.03489600121974945
v -0.005840000230818987 0.008932000026106834 0.03489600121974945
v -0.007548000197857618 0.007548000197857618 0.03489600121974945
v -0.003978999797254801 0.003978999797254801 0.03826399892568588
v -0.002993999980390072 0.004579000174999237 0.038325998932123184
v -0.002070999937132001 0.005231999792158604 0.03826399892568588
v 0.0 0.010673999786376953 0.03489600121974945
v -0.0019440000178292394 0.010494000278413296 0.03489600121974945
v 0.0031500000040978193 0.00795700028538704 0.036584001034498215
v 0.00392899988219142 0.009925000369548798 0.03489600121974945
v 0.007548000197857618 0.007548000197857618 0.03489600121974945
v 0.005840000230818987 0.008932000026106834 0.03489600121974945
v 0.002070999937132001 0.005231999792158604 0.03826399892568588
v 0.0047079999931156635 0.0030789999291300774 0.03826399892568588
v 0.005216000135987997 0.003410999896004796 0.03796600177884102
v 0.008932000026106834 0.005840000230818987 0.03489600121974945
v 0.007160999812185764 0.004681999795138836 0.036584001034498215
v 0.010494000278413296 0.0019440000178292394 0.03489600121974945
v 0.009925000369548798 0.00392899988219142 0.03489600121974945
v 0.006666999775916338 0.0 0.037737999111413956
v 0.008557000197470188 0.0 0.036584001034498215
v 0.006049000192433596 0.0 0.03805899992585182
v 0.0054779998026788235 0.0 0.03832399845123291
v 0.010173999704420567 0.0 0.03534099832177162
v -0.014378000050783157 0.005692000035196543 0.028449999168515205
v -0.015204000286757946 0.002816000021994114 0.028449999168515205
v -0.014848999679088593 0.004251000005751848 0.02848999947309494
v -0.014844000339508057 0.0042500002309679985 0.028502000495791435
v -0.015186999924480915 0.002812999999150634 0.02848999947309494
v -0.015382999554276466 0.0013889999827370048 0.02848999947309494
v -0.01435799989849329 0.005683999974280596 0.02850000001490116
v -0.014356999658048153 0.005683999974280596 0.028502000495791435
v -0.014844999648630619 0.0042500002309679985 0.02850000001490116
v -0.011853000149130821 0.007751000113785267 0.030755000188946724
v -0.0138349998742342 0.005477000027894974 0.029600000008940697
v -0.01317100040614605 0.00521400012075901 0.030755000188946724
v -0.0146289998665452 0.0027089999057352543 0.029600000008940697
v -0.01371499989181757 0.007091999985277653 0.028502000495791435
v -0.012920999899506569 0.008449000306427479 0.028502000495791435
v -0.01292600017040968 0.008452000096440315 0.02848999947309494
v -0.013718999922275543 0.0070940000005066395 0.02848999947309494
v -0.014361999928951263 0.0056859999895095825 0.02848999947309494
v -0.0129399998113513 0.0084610003978014 0.028449999168515205
v -0.014054999686777592 0.006393000017851591 0.028502000495791435
v -0.014055999927222729 0.006393000017851591 0.02850000001490116
v -0.010923000052571297 0.010923000052571297 0.02848999947309494
v -0.011990999802947044 0.009735999628901482 0.02848999947309494
v -0.011986000463366508 0.009731999598443508 0.028502000495791435
v -0.012470999732613564 0.009100999683141708 0.028502000495791435
v -0.0124719999730587 0.009101999923586845 0.02850000001490116
v -0.009731999598443508 0.011986000463366508 0.028502000495791435
v -0.008449000306427479 0.012920999899506569 0.028502000495791435
v -0.008452000096440315 0.01292600017040968 0.02848999947309494
v -0.009735999628901482 0.011990999802947044 0.02848999947309494
v -0.0084610003978014 0.0129399998113513 0.028449999168515205
v -0.010935000143945217 0.010935000143945217 0.028449999168515205
v -0.005692000035196543 0.014378000050783157 0.028449999168515205
v -0.0070940000005066395 0.013718999922275543 0.02848999947309494
v -0.007091999985277653 0.01371499989181757 0.028502000495791435
v -0.006393000017851591 0.014054999686777592 0.028502000495791435
v -0.006393000017851591 0.014055999927222729 0.02850000001490116
v -0.005683999974280596 0.014356999658048153 0.028502000495791435
v -0.005683999974280596 0.01435799989849329 0.02850000001490116
v -0.0042500002309679985 0.014844000339508057 0.028502000495791435
v -0.0056859999895095825 0.014361999928951263 0.02848999947309494
v -0.004251000005751848 0.014848999679088593 0.02848999947309494
v -0.002812999999150634 0.015186999924480915 0.02848999947309494
v -0.0013889999827370048 0.01537800021469593 0.028502000495791435
v -0.0028119999915361404 0.015182999894022942 0.02850000001490116
v -0.0013889999827370048 0.015379000455141068 0.02850000001490116
v 0.0 0.014879000373184681 0.029600000008940697
v 0.0025790000800043344 0.013926999643445015 0.030755000188946724
v 0.004251000005751848 0.014848999679088593 0.02848999947309494
v 0.0042500002309679985 0.014844000339508057 0.028502000495791435
v 0.005683999974280596 0.014356999658048153 0.028502000495791435
v 0.002812999999150634 0.015186999924480915 0.02848999947309494
v 0.002816000021994114 0.015204000286757946 0.028449999168515205
v 0.0013889999827370048 0.015382999554276466 0.02848999947309494
v 0.0 0.015464000403881073 0.028449999168515205
v 0.0 0.015447000041604042 0.02848999947309494
v 0.007751000113785267 0.011853000149130821 0.030755000188946724
v 0.005477000027894974 0.0138349998742342 0.029600000008940697
v 0.00521400012075901 0.01317100040614605 0.030755000188946724
v 0.0027089999057352543 0.0146289998665452 0.029600000008940697
v 0.006393000017851591 0.014054999686777592 0.028502000495791435
v 0.007091999985277653 0.01371499989181757 0.028502000495791435
v 0.005692000035196543 0.014378000050783157 0.028449999168515205
v 0.0056859999895095825 0.014361999928951263 0.02848999947309494
v 0.0070940000005066395 0.013718999922275543 0.02848999947309494
v 0.0084610003978014 0.0129399998113513 0.028449999168515205
v 0.010923000052571297 0.010923000052571297 0.02848999947309494
v 0.010935000143945217 0.010935000143945217 0.028449999168515205
v 0.009735999628901482 0.011990999802947044 0.02848999947309494
v 0.008452000096440315 0.01292600017040968 0.02848999947309494
v 0.011986000463366508 0.009731999598443508 0.028502000495791435
v 0.012920999899506569 0.008449000306427479 0.028502000495791435
v 0.01292600017040968 0.008452000096440315 0.02848999947309494
v 0.0129399998113513 0.0084610003978014 0.028449999168515205
v 0.011990999802947044 0.009735999628901482 0.02848999947309494
v 0.010919000022113323 0.010919000022113323 0.028502000495791435
v 0.009731999598443508 0.011986000463366508 0.028502000495791435
v 0.011469000019133091 0.010339000262320042 0.028502000495791435
v 0.011469000019133091 0.010339999571442604 0.02850000001490116
v 0.014361999928951263 0.0056859999895095825 0.02848999947309494
v 0.013718999922275543 0.0070940000005066395 0.02848999947309494
v 0.014356999658048153 0.005683999974280596 0.028502000495791435
v 0.01371499989181757 0.007091999985277653 0.028502000495791435
v 0.01333600003272295 0.007778000086545944 0.028502000495791435
v 0.013337000273168087 0.007778999861329794 0.02850000001490116
v 0.015204000286757946 0.002816000021994114 0.028449999168515205
v 0.015186999924480915 0.002812999999150634 0.02848999947309494
v 0.015181999653577805 0.0028119999915361404 0.028502000495791435
v 0.014848999679088593 0.004251000005751848 0.02848999947309494
v 0.014378000050783157 0.005692000035196543 0.028449999168515205
v 0.014844000339508057 0.0042500002309679985 0.028502000495791435
v 0.014844999648630619 0.0042500002309679985 0.02850000001490116
v 0.015182999894022942 0.0028119999915361404 0.02850000001490116
v 0.014449000358581543 0.0 0.0303179994225502
v 0.0146289998665452 0.0027089999057352543 0.029600000008940697
v 0.013926999643445015 0.0025790000800043344 0.030755000188946724
v 0.0138349998742342 0.005477000027894974 0.029600000008940697
v 0.01317100040614605 0.00521400012075901 0.030755000188946724
v 0.015441999770700932 0.0 0.02850000001490116
v 0.015379000455141068 0.0013889999827370048 0.02850000001490116
v 0.015441999770700932 0.0 0.028502000495791435
v 0.015402999706566334 0.0 0.028586000204086304
v 0.013267000205814838 0.0 0.03201799839735031
v 0.012330000288784504 0.00228299992159009 0.03292899951338768
v 0.011660999618470669 0.004616000223904848 0.03292899951338768
v 0.010494000278413296 0.006862000096589327 0.03292899951338768
v 0.008867999538779259 0.008867999538779259 0.03292899951338768
v 0.006862000096589327 0.010494000278413296 0.03292899951338768
v 0.004616000223904848 0.011660999618470669 0.03292899951338768
v 0.00228299992159009 0.012330000288784504 0.03292899951338768
v 0.0 0.012540999799966812 0.03292899951338768
v -0.00228299992159009 0.012330000288784504 0.03292899951338768
v -0.004616000223904848 0.011660999618470669 0.03292899951338768
v -0.006862000096589327 0.010494000278413296 0.03292899951338768
v -0.008867999538779259 0.008867999538779259 0.03292899951338768
v -0.010494000278413296 0.006862000096589327 0.03292899951338768
v -0.011660999618470669 0.004616000223904848 0.03292899951338768
v -0.012330000288784504 0.00228299992159009 0.03292899951338768
v 0.005129000172019005 0.0 0.03816099837422371
v 0.005036000162363052 0.0009330000029876828 0.0381460003554821
v 0.005098999943584204 0.0 0.03796200081706047
v -0.015182999894022942 0.0028119999915361404 0.02850000001490116
v -0.015379000455141068 0.0013889999827370048 0.02850000001490116
v -0.015181999653577805 0.0028119999915361404 0.028502000495791435
v -0.015441999770700932 0.0 0.02850000001490116
v -0.0053820000030100346 0.0 0.03833699971437454
v -0.0050130002200603485 0.001984999980777502 0.03833699971437454
v -0.005253999959677458 0.0 0.038300998508930206
v -0.00493700010702014 0.0019539999775588512 0.038325000554323196
v -0.005156000144779682 0.0 0.03820699825882912
v -0.005135999992489815 0.0 0.03817500174045563
v -0.005036000162363052 0.0009330000029876828 0.0381460003554821
v -0.005016000010073185 0.0009289999725297093 0.038068000227212906
v -0.0047439998015761375 0.0018779999809339643 0.038068000227212906
v -0.004741999786347151 0.0018769999733194709 0.03671500086784363
v -0.005100000184029341 0.0 0.037443000823259354
v -0.005100000184029341 0.0 0.03400000184774399
v -0.0050929998978972435 0.00027200000477023423 0.03400000184774399
v -0.005100000184029341 0.0 0.038047000765800476
v -0.004741999786347151 0.0018769999733194709 0.03400000184774399
v -0.01333600003272295 0.007778000086545944 0.028502000495791435
v -0.01371499989181757 0.007091999985277653 0.02850000001490116
v -0.013337000273168087 0.007778999861329794 0.02850000001490116
v -0.012450999580323696 0.00814099982380867 0.029600000008940697
v -0.005078999791294336 0.0009410000056959689 0.038221001625061035
v -0.004763000179082155 0.0018860000418499112 0.0381460003554821
v -0.004269000142812729 0.0027910000644624233 0.038068000227212906
v -0.004267999902367592 0.00279000005684793 0.03671500086784363
v -0.004534999839961529 0.0023320000618696213 0.03400000184774399
v -0.012922000139951706 0.008449000306427479 0.02850000001490116
v -0.010015999898314476 0.010015999898314476 0.030755000188946724
v -0.010521000251173973 0.010521000251173973 0.029600000008940697
v -0.011986999772489071 0.009732999838888645 0.02850000001490116
v -0.011469000019133091 0.010339999571442604 0.02850000001490116
v -0.011469000019133091 0.010339000262320042 0.028502000495791435
v -0.0047079999931156635 0.0030789999291300774 0.03826399892568588
v -0.004579000174999237 0.002993999980390072 0.038325998932123184
v -0.0038689998909831047 0.0038689998909831047 0.038325998932123184
v -0.004511999897658825 0.002950000111013651 0.03833699971437454
v -0.0038129999302327633 0.0038129999302327633 0.03833699971437454
v -0.004443000070750713 0.002905000001192093 0.038325000554323196
v -0.0037539999466389418 0.0037539999466389418 0.038325000554323196
v -0.004375999793410301 0.0028609998989850283 0.038284000009298325
v -0.003696999978274107 0.003696999978274107 0.038284000009298325
v -0.004861999768763781 0.0019249999895691872 0.038284000009298325
v -0.004803000018000603 0.00190100003965199 0.038221001625061035
v -0.0042860000394284725 0.0028029999230057 0.0381460003554821
v -0.0036069999914616346 0.0036069999914616346 0.038068000227212906
v -0.0036059999838471413 0.0036059999838471413 0.03671500086784363
v -0.003065000055357814 0.004075000062584877 0.03400000184774399
v -0.010339999571442604 0.011469000019133091 0.02850000001490116
v -0.009100999683141708 0.012470999732613564 0.028502000495791435
v -0.009732999838888645 0.011986999772489071 0.02850000001490116
v -0.009101999923586845 0.0124719999730587 0.02850000001490116
v -0.015447000041604042 0.0 0.02848999947309494
v -0.002950000111013651 0.004511999897658825 0.03833699971437454
v -0.002905000001192093 0.004443000070750713 0.038325000554323196
v -0.0028609998989850283 0.004375999793410301 0.038284000009298325
v -0.015476999804377556 0.0 0.02842099964618683
v -0.015238000079989433 0.002822000067681074 0.028370000422000885
v -0.014410999603569508 0.005704999901354313 0.028370000422000885
v -0.01296900026500225 0.00848000030964613 0.028370000422000885
v -0.010959000326693058 0.010959000326693058 0.028370000422000885
v -0.00848000030964613 0.01296900026500225 0.028370000422000885
v -0.005704999901354313 0.014410999603569508 0.028370000422000885
v -0.007778999861329794 0.013337000273168087 0.02850000001490116
v -0.008449000306427479 0.012922000139951706 0.02850000001490116
v -0.007778000086545944 0.01333600003272295 0.028502000495791435
v -0.005477000027894974 0.0138349998742342 0.029600000008940697
v -0.007091999985277653 0.01371499989181757 0.02850000001490116
v -0.002013999968767166 0.00508800009265542 0.038325998932123184
v -0.001984999980777502 0.0050130002200603485 0.03833699971437454
v -0.0019539999775588512 0.00493700010702014 0.038325000554323196
v -0.0019249999895691872 0.004861999768763781 0.038284000009298325
v -0.0027910000644624233 0.004269000142812729 0.038068000227212906
v -0.0018779999809339643 0.0047439998015761375 0.038068000227212906
v -0.00279000005684793 0.004267999902367592 0.03671500086784363
v -0.0018769999733194709 0.004741999786347151 0.03671500086784363
v -0.002816000021994114 0.015204000286757946 0.028449999168515205
v -0.015449999831616879 0.0 0.028481999412178993
v -0.0028119999915361404 0.015181999653577805 0.028502000495791435
v -0.0042500002309679985 0.014844999648630619 0.02850000001490116
v 0.0 0.005100000184029341 0.03671500086784363
v 0.0 0.0051020001992583275 0.038068000227212906
v -0.0009289999725297093 0.005016000010073185 0.038068000227212906
v -0.0009330000029876828 0.005036000162363052 0.0381460003554821
v -0.0018860000418499112 0.004763000179082155 0.0381460003554821
v -0.00190100003965199 0.004803000018000603 0.038221001625061035
v 0.0 0.015441999770700932 0.028502000495791435
v 0.0 0.015441999770700932 0.02850000001490116
v 0.0013889999827370048 0.01537800021469593 0.028502000495791435
v 0.0013889999827370048 0.015379000455141068 0.02850000001490116
v 0.0028119999915361404 0.015181999653577805 0.028502000495791435
v 0.0028119999915361404 0.015182999894022942 0.02850000001490116
v -0.0013889999827370048 0.015382999554276466 0.02848999947309494
v 0.0 0.005229000002145767 0.038284000009298325
v 0.0 0.005166000220924616 0.038221001625061035
v 0.0009410000056959689 0.005078999791294336 0.038221001625061035
v 0.0018860000418499112 0.004763000179082155 0.0381460003554821
v 0.0027910000644624233 0.004269000142812729 0.038068000227212906
v 0.0 0.005123000126332045 0.0381460003554821
v -0.0009410000056959689 0.005078999791294336 0.038221001625061035
v 0.0 0.005309999920427799 0.038325000554323196
v 0.0 0.005392000079154968 0.03833699971437454
v 0.0042500002309679985 0.014844999648630619 0.02850000001490116
v 0.005683999974280596 0.01435799989849329 0.02850000001490116
v 0.006393000017851591 0.014055999927222729 0.02850000001490116
v 0.007778000086545944 0.01333600003272295 0.028502000495791435
v 0.007091999985277653 0.01371499989181757 0.02850000001490116
v 0.007778999861329794 0.013337000273168087 0.02850000001490116
v 0.00814099982380867 0.012450999580323696 0.029600000008940697
v 0.0018769999733194709 0.004741999786347151 0.03671500086784363
v 0.00279000005684793 0.004267999902367592 0.03671500086784363
v 0.003131000092253089 0.004025000147521496 0.03400000184774399
v 0.0011129999766126275 0.0049760001711547375 0.03400000184774399
v 0.0 0.005100000184029341 0.03400000184774399
v -0.0011129999766126275 0.0049760001711547375 0.03400000184774399
v 0.009101999923586845 0.0124719999730587 0.02850000001490116
v 0.009732999838888645 0.011986999772489071 0.02850000001490116
v 0.010339999571442604 0.011469000019133091 0.02850000001490116
v 0.010339000262320042 0.011469000019133091 0.028502000495791435
v 0.010919000022113323 0.010919000022113323 0.02850000001490116
v 0.012470999732613564 0.009100999683141708 0.028502000495791435
v 0.011986999772489071 0.009732999838888645 0.02850000001490116
v 0.0124719999730587 0.009101999923586845 0.02850000001490116
v 0.012450999580323696 0.00814099982380867 0.029600000008940697
v 0.002013999968767166 0.00508800009265542 0.038325998932123184
v 0.001984999980777502 0.0050130002200603485 0.03833699971437454
v 0.002950000111013651 0.004511999897658825 0.03833699971437454
v 0.0019539999775588512 0.00493700010702014 0.038325000554323196
v 0.002905000001192093 0.004443000070750713 0.038325000554323196
v 0.0019249999895691872 0.004861999768763781 0.038284000009298325
v 0.0028609998989850283 0.004375999793410301 0.038284000009298325
v 0.00190100003965199 0.004803000018000603 0.038221001625061035
v 0.0028260000981390476 0.0043230000883340836 0.038221001625061035
v 0.0028029999230057 0.0042860000394284725 0.0381460003554821
v 0.003622000105679035 0.003622000105679035 0.0381460003554821
v 0.0036069999914616346 0.0036069999914616346 0.038068000227212906
v 0.004269000142812729 0.0027910000644624233 0.038068000227212906
v 0.0036059999838471413 0.0036059999838471413 0.03671500086784363
v 0.004267999902367592 0.00279000005684793 0.03671500086784363
v 0.012922000139951706 0.008449000306427479 0.02850000001490116
v 0.01371499989181757 0.007091999985277653 0.02850000001490116
v 0.014055999927222729 0.006393000017851591 0.02850000001490116
v 0.014054999686777592 0.006393000017851591 0.028502000495791435
v 0.003978999797254801 0.003978999797254801 0.03826399892568588
v 0.0038689998909831047 0.0038689998909831047 0.038325998932123184
v 0.0038129999302327633 0.0038129999302327633 0.03833699971437454
v 0.0037539999466389418 0.0037539999466389418 0.038325000554323196
v 0.003696999978274107 0.003696999978274107 0.038284000009298325
v 0.003653000108897686 0.003653000108897686 0.038221001625061035
v 0.0042860000394284725 0.0028029999230057 0.0381460003554821
v 0.0047439998015761375 0.0018779999809339643 0.038068000227212906
v 0.004741999786347151 0.0018769999733194709 0.03671500086784363
v -0.002822000067681074 0.015238000079989433 0.028370000422000885
v 0.0 0.015499000437557697 0.028370000422000885
v 0.002822000067681074 0.015238000079989433 0.028370000422000885
v 0.005704999901354313 0.014410999603569508 0.028370000422000885
v 0.00848000030964613 0.01296900026500225 0.028370000422000885
v 0.010959000326693058 0.010959000326693058 0.028370000422000885
v 0.01296900026500225 0.00848000030964613 0.028370000422000885
v 0.014410999603569508 0.005704999901354313 0.028370000422000885
v 0.015238000079989433 0.002822000067681074 0.028370000422000885
v 0.015499000437557697 0.0 0.028370000422000885
v 0.01435799989849329 0.005683999974280596 0.02850000001490116
v 0.005231999792158604 0.002070999937132001 0.03826399892568588
v 0.00508800009265542 0.002013999968767166 0.038325998932123184
v 0.0050130002200603485 0.001984999980777502 0.03833699971437454
v 0.00533499987795949 0.0 0.03833099827170372
v 0.00493700010702014 0.0019539999775588512 0.038325000554323196
v 0.004861999768763781 0.0019249999895691872 0.038284000009298325
v 0.004803000018000603 0.00190100003965199 0.038221001625061035
v 0.005100000184029341 0.0 0.0371289998292923
v 0.005016000010073185 0.0009289999725297093 0.038068000227212906
v 0.004763000179082155 0.0018860000418499112 0.0381460003554821
v 0.0043230000883340836 0.0028260000981390476 0.038221001625061035
v 0.004375999793410301 0.0028609998989850283 0.038284000009298325
v 0.004443000070750713 0.002905000001192093 0.038325000554323196
v 0.004511999897658825 0.002950000111013651 0.03833699971437454
v 0.004579000174999237 0.002993999980390072 0.038325998932123184
v 0.00457700015977025 0.002248999895527959 0.03400000184774399
v 0.005100000184029341 0.0 0.03400000184774399
v 0.005100000184029341 0.0 0.03576299920678139
v -0.009115999564528465 -0.0016880000475794077 0.03350000083446503
v -0.0052280002273619175 -0.002348999958485365 0.03350000083446503
v -0.0053400001488626 -0.0016880000475794077 0.03350000083446503
v -0.007716999854892492 -0.0004090000002179295 0.03350000083446503
v -0.008577999658882618 -0.0008720000041648746 0.03350000083446503
v -0.00674000009894371 -0.0004090000002179295 0.03350000083446503
v -0.005878999829292297 -0.0008720000041648746 0.03350000083446503
v -0.008590999990701675 -0.0038129999302327633 0.03350000083446503
v -0.0077229999005794525 -0.004286999814212322 0.03350000083446503
v -0.009126000106334686 -0.0029810001142323017 0.03350000083446503
v -0.00673400005325675 -0.004286999814212322 0.03350000083446503
v -0.009228000417351723 -0.002348999958485365 0.03350000083446503
v -0.005330999847501516 -0.0029810001142323017 0.03350000083446503
v -0.005865999963134527 -0.0038129999302327633 0.03350000083446503
v 0.006064999848604202 -0.0007220000261440873 0.03350000083446503
v 0.005609999876469374 -0.0011729999678209424 0.03350000083446503
v 0.00913500040769577 -0.002951999893411994 0.03350000083446503
v 0.005313000176101923 -0.0017729999963194132 0.03350000083446503
v 0.00836700014770031 -0.003992999903857708 0.03350000083446503
v 0.008845999836921692 -0.003524000057950616 0.03350000083446503
v 0.007966999895870686 -0.0004900000058114529 0.03350000083446503
v 0.00698699988424778 -0.00036299999919719994 0.03350000083446503
v 0.008767000399529934 -0.0010710000060498714 0.03350000083446503
v 0.009190999902784824 -0.0019650000613182783 0.03350000083446503
v 0.006484000012278557 -0.0042050001211464405 0.03350000083446503
v 0.007451999932527542 -0.004335999954491854 0.03350000083446503
v 0.0056929998099803925 -0.0036299999337643385 0.03350000083446503
v 0.005268999841064215 -0.002749999985098839 0.03350000083446503
v 0.004422000143676996 -0.00814799964427948 0.03350000083446503
v 0.003848999971523881 -0.004246999975293875 0.03350000083446503
v 0.0032560001127421856 -0.004557000007480383 0.03350000083446503
v 0.006157999858260155 -0.005080000031739473 0.03350000083446503
v 0.005439000204205513 -0.004401000216603279 0.03350000083446503
v 0.004482999909669161 -0.004149000160396099 0.03350000083446503
v 0.002773999935016036 -0.0072130002081394196 0.03350000083446503
v 0.0034799999557435513 -0.007888000458478928 0.03350000083446503
v 0.002471999963745475 -0.006283000111579895 0.03350000083446503
v 0.0026459998916834593 -0.00532200001180172 0.03350000083446503
v 0.00646300008520484 -0.006020000204443932 0.03350000083446503
v 0.006281000096350908 -0.00699200015515089 0.03350000083446503
v 0.005654999986290932 -0.007757999934256077 0.03350000083446503
v 0.0050849998369812965 -0.008050999604165554 0.03350000083446503
v -4.5000000682193786e-05 -0.005601000040769577 0.03350000083446503
v -0.0012120000319555402 -0.009190999902784824 0.03350000083446503
v 0.0006179999909363687 -0.005698000080883503 0.03350000083446503
v -0.0006179999909363687 -0.00950200017541647 0.03350000083446503
v 1.4999999621068127e-05 -0.009600000455975533 0.03350000083446503
v -0.0019950000569224358 -0.007466000039130449 0.03350000083446503
v -0.0018210000125691295 -0.008426999673247337 0.03350000083446503
v -0.0016929999692365527 -0.006535999942570925 0.03350000083446503
v -0.0009869999485090375 -0.005861000157892704 0.03350000083446503
v 0.0016899999463930726 -0.008669000118970871 0.03350000083446503
v 0.001996000064536929 -0.007728999946266413 0.03350000083446503
v 0.0009710000013001263 -0.009348000399768353 0.03350000083446503
v 0.0018139999592676759 -0.006756999995559454 0.03350000083446503
v 0.0011879999656230211 -0.0059910002164542675 0.03350000083446503
v -0.0050929998978972435 -0.00027200000477023423 0.03400000184774399
v -0.004741999786347151 -0.0018769999733194709 0.03400000184774399
v -0.004534999839961529 -0.0023320000618696213 0.03400000184774399
v 0.003131000092253089 -0.004025000147521496 0.03400000184774399
v 0.00457700015977025 -0.002248999895527959 0.03400000184774399
v 0.0011129999766126275 -0.0049760001711547375 0.03400000184774399
v 0.0 -0.005100000184029341 0.03400000184774399
v -0.003065000055357814 -0.004075000062584877 0.03400000184774399
v -0.0011129999766126275 -0.0049760001711547375 0.03400000184774399
v -0.009073999710381031 -0.0015790000325068831 0.03611399978399277
v -0.009228000417351723 -0.002348999958485365 0.035875000059604645
v -0.008623999543488026 -0.0009169999975711107 0.03650299832224846
v -0.008022000081837177 -0.0005130000063218176 0.03692900016903877
v -0.007718000095337629 -0.0004090000002179295 0.03712400048971176
v -0.007311999797821045 -0.0003499999875202775 0.037370000034570694
v -0.006742000114172697 -0.0004079999926034361 0.037689998745918274
v -0.006572999991476536 -0.00045900000259280205 0.037780001759529114
v -0.005894999951124191 -0.0008570000063627958 0.03810400143265724
v -0.005423000082373619 -0.0014880000380799174 0.03826500102877617
v -0.005231999792158604 -0.0022279999684542418 0.038235001266002655
v -0.0052280002273619175 -0.002348999958485365 0.038214001804590225
v -0.005382999777793884 -0.003120000008493662 0.037971001118421555
v -0.00583800021559 -0.0037869999650865793 0.03757699951529503
v -0.006732999812811613 -0.0042860000394284725 0.03696399927139282
v -0.006432999856770039 -0.004184000194072723 0.03715699911117554
v -0.008559999987483025 -0.0038399999029934406 0.03598399832844734
v -0.00788199994713068 -0.004238000139594078 0.036306001245975494
v -0.007720000110566616 -0.004286999814212322 0.0363910011947155
v -0.007143000140786171 -0.004346999805420637 0.03671500086784363
v -0.009027999825775623 -0.003220000071451068 0.035826001316308975
v -0.00922400038689375 -0.0024759999942034483 0.03585299849510193
v 0.008268999867141247 -0.004056000150740147 0.03611399978399277
v 0.008845999836921692 -0.003524000057950616 0.035875000059604645
v 0.007513999938964844 -0.004327999893575907 0.036504000425338745
v 0.006790999788790941 -0.00430000014603138 0.036928001791238785
v 0.006484000012278557 -0.0042050001211464405 0.03712400048971176
v 0.006120999809354544 -0.004013999830931425 0.037370000034570694
v 0.005694999825209379 -0.0036329999566078186 0.037689998745918274
v 0.00558699993416667 -0.0034920000471174717 0.037780001759529114
v 0.005272999871522188 -0.0027719999197870493 0.03810400143265724
v 0.005262000020593405 -0.0019839999731630087 0.03826500102877617
v 0.005541999824345112 -0.0012730000307783484 0.038235001266002655
v 0.005609999876469374 -0.0011729999678209424 0.038214001804590225
v 0.006184999831020832 -0.0006419999990612268 0.03797300159931183
v 0.006953000091016293 -0.00036800000816583633 0.037574999034404755
v 0.007966999895870686 -0.0004900000058114529 0.03696500137448311
v 0.007664000149816275 -0.0003969999961555004 0.03715800121426582
v 0.00918199960142374 -0.0019249999895691872 0.035982999950647354
v 0.008867999538779259 -0.0012039999710395932 0.036306001245975494
v 0.00876499991863966 -0.0010689999908208847 0.03639199957251549
v 0.008333999663591385 -0.0006820000126026571 0.036715999245643616
v 0.009196000173687935 -0.0027020000852644444 0.03582499921321869
v 0.008917000144720078 -0.003418999956920743 0.03585299849510193
v 0.004304999951273203 -0.008142000064253807 0.03611399978399277
v 0.0050849998369812965 -0.008050000295042992 0.035875000059604645
v 0.0035359999164938927 -0.007919000461697578 0.036504000425338745
v 0.0029670000076293945 -0.0074709998443722725 0.03692900016903877
v 0.002773999935016036 -0.0072130002081394196 0.03712400048971176
v 0.002592999953776598 -0.006845999974757433 0.037370000034570694
v 0.002471999963745475 -0.0062859999015927315 0.03769100084900856
v 0.0024679999332875013 -0.0061090001836419106 0.037780001759529114
v 0.0026370000559836626 -0.005342000164091587 0.03810400143265724
v 0.003091000020503998 -0.00469799991697073 0.03826500102877617
v 0.0037360000424087048 -0.004286999814212322 0.038235001266002655
v 0.003848999971523881 -0.004246999975293875 0.038214001804590225
v 0.004629000090062618 -0.004155000206083059 0.03797199949622154
v 0.005413999781012535 -0.004387000110000372 0.03757200017571449
v 0.006157000083476305 -0.005078999791294336 0.03696500137448311
v 0.00597199983894825 -0.004831000231206417 0.03715299814939499
v 0.006293000187724829 -0.006965000182390213 0.03598000109195709
v 0.006467000115662813 -0.006200000178068876 0.03629999980330467
v 0.00646300008520484 -0.006016999948769808 0.03639199957251549
v 0.006345000118017197 -0.00546000013127923 0.03671000152826309
v 0.005843999795615673 -0.007598999887704849 0.0358240008354187
v 0.00519500020891428 -0.008011000230908394 0.035854000598192215
v -0.001303000026382506 -0.009116999804973602 0.03611399978399277
v -0.0006179999909363687 -0.00950200017541647 0.035875000059604645
v -0.0017950000474229455 -0.008481999859213829 0.03650499880313873
v -0.0019920000340789557 -0.007782000117003918 0.036931999027729034
v -0.001996000064536929 -0.007466000039130449 0.03712400048971176
v -0.0019239999819546938 -0.007054999936372042 0.03737499937415123
v -0.0016949999844655395 -0.0065390001982450485 0.037689998745918274
v -0.0015899999998509884 -0.006386999972164631 0.037783000618219376
v -0.0010010000551119447 -0.005869000218808651 0.03810599818825722
v -0.00025400001322850585 -0.005615999922156334 0.03826599940657616
v 0.0005089999758638442 -0.005665999837219715 0.03823399916291237
v 0.0006179999909363687 -0.005698000080883503 0.038214001804590225
v 0.0013050000416114926 -0.00608400022611022 0.037971001118421555
v 0.0017989999614655972 -0.00672700023278594 0.037574999034404755
v 0.001996000064536929 -0.007728000171482563 0.03696500137448311
v 0.0019920000340789557 -0.007416999898850918 0.037154000252485275
v 0.0010019999463111162 -0.009331000037491322 0.035982001572847366
v 0.0015910000074654818 -0.008812000043690205 0.036302000284194946
v 0.0016919999616220593 -0.008666999638080597 0.03639199957251549
v 0.0019239999819546938 -0.008143999613821507 0.03671199828386307
v 0.00026599998818710446 -0.009581999853253365 0.03582499921321869
v -0.0005009999731555581 -0.009535999968647957 0.035854000598192215
v -0.005078999791294336 -0.0009410000056959689 0.038221001625061035
v -0.009100999683141708 -0.012470999732613564 0.028502000495791435
v -0.008449000306427479 -0.012920999899506569 0.028502000495791435
v -0.008449000306427479 -0.012922000139951706 0.02850000001490116
v 0.0028029999230057 -0.0042860000394284725 0.0381460003554821
v 0.0028260000981390476 -0.0043230000883340836 0.038221001625061035
v 0.003653000108897686 -0.003653000108897686 0.038221001625061035
v 0.010339000262320042 -0.011469000019133091 0.028502000495791435
v 0.010919000022113323 -0.010919000022113323 0.028502000495791435
v 0.010919000022113323 -0.010919000022113323 0.02850000001490116
v 0.003622000105679035 -0.003622000105679035 0.0381460003554821
v 0.0043230000883340836 -0.0028260000981390476 0.038221001625061035
v -0.015382999554276466 -0.0013889999827370048 0.02848999947309494
v -0.010521000251173973 -0.010521000251173973 0.029600000008940697
v -0.010015999898314476 -0.010015999898314476 0.030755000188946724
v -0.011853000149130821 -0.007751000113785267 0.030755000188946724
v -0.0009330000029876828 -0.005036000162363052 0.0381460003554821
v -0.0009289999725297093 -0.005016000010073185 0.038068000227212906
v -0.0018779999809339643 -0.0047439998015761375 0.038068000227212906
v 0.0027089999057352543 -0.0146289998665452 0.029600000008940697
v 0.0025790000800043344 -0.013926999643445015 0.030755000188946724
v 0.0 -0.014165000058710575 0.030755000188946724
v 0.00814099982380867 -0.012450999580323696 0.029600000008940697
v 0.007751000113785267 -0.011853000149130821 0.030755000188946724
v 0.00521400012075901 -0.01317100040614605 0.030755000188946724
v 0.013926999643445015 -0.0025790000800043344 0.030755000188946724
v 0.015379000455141068 -0.0013889999827370048 0.02850000001490116
v -0.0034129999112337828 -0.004449000116437674 0.03827299922704697
v -0.0030789999291300774 -0.0047079999931156635 0.03826399892568588
v -0.002993999980390072 -0.004579000174999237 0.038325998932123184
v -0.0028490000404417515 -0.004972999915480614 0.038214001804590225
v -0.002558999927714467 -0.005551000125706196 0.038026999682188034
v -0.002466999925673008 -0.006126999855041504 0.03777100145816803
v -0.002294000005349517 -0.005795999895781279 0.03796600177884102
v 0.0 -0.005626999773085117 0.03826399892568588
v 0.0 -0.0054720002226531506 0.038325998932123184
v -0.0019440000178292394 -0.010494000278413296 0.03489600121974945
v 0.0031500000040978193 -0.00795700028538704 0.036584001034498215
v 0.002294000005349517 -0.005795999895781279 0.03796600177884102
v 0.0030789999291300774 -0.0047079999931156635 0.03826399892568588
v -0.005216000135987997 -0.003410999896004796 0.03796600177884102
v 0.015374000184237957 -0.0028470000252127647 0.028047999367117882
v -0.015374000184237957 -0.0028470000252127647 0.028047999367117882
v -0.01610100083053112 -3.7999998312443495e-05 0.026930000633001328
v -0.01609399914741516 -0.0004689999914262444 0.026930000633001328
v -0.016090000048279762 -0.0005760000203736126 0.026930000633001328
v -0.016088999807834625 -0.000610999995842576 0.026930000633001328
v 0.015951000154018402 -0.002191999927163124 0.026930000633001328
v 0.01532800029963255 -0.004927999805659056 0.026930000633001328
v 0.014538999646902084 -0.005756000056862831 0.028047999367117882
v 0.013085000216960907 -0.008555999957025051 0.028047999367117882
v 0.014239000156521797 -0.007515000179409981 0.026930000633001328
v 0.01496999990195036 -0.005927000194787979 0.026930000633001328
v 0.010809999890625477 -0.01193199958652258 0.026930000633001328
v 0.012718000449240208 -0.00987400021404028 0.026930000633001328
v 0.013476000167429447 -0.008810999803245068 0.026930000633001328
v 0.011056999675929546 -0.011056999675929546 0.028047999367117882
v 0.008555999957025051 -0.013085000216960907 0.028047999367117882
v 0.008573999628424644 -0.013628000393509865 0.026930000633001328
v 0.005756000056862831 -0.014538999646902084 0.028047999367117882
v 0.006076999939978123 -0.014910000376403332 0.026930000633001328
v -0.0028470000252127647 -0.015374000184237957 0.028047999367117882
v 0.000610999995842576 -0.016088999807834625 0.026930000633001328
v 0.0 -0.015636999160051346 0.028047999367117882
v 0.003396000014618039 -0.015737999230623245 0.026930000633001328
v 0.0028470000252127647 -0.015374000184237957 0.028047999367117882
v -0.005756000056862831 -0.014538999646902084 0.028047999367117882
v -0.004927999805659056 -0.01532800029963255 0.026930000633001328
v -0.002191999927163124 -0.015951000154018402 0.026930000633001328
v -0.008555999957025051 -0.013085000216960907 0.028047999367117882
v -0.007515000179409981 -0.014239000156521797 0.026930000633001328
v -0.005927000194787979 -0.01496999990195036 0.026930000633001328
v -0.01193199958652258 -0.010809999890625477 0.026930000633001328
v -0.00987400021404028 -0.012718000449240208 0.026930000633001328
v -0.008810999803245068 -0.013476000167429447 0.026930000633001328
v -0.015737999230623245 -0.003396000014618039 0.026930000633001328
v -0.014910000376403332 -0.006076999939978123 0.026930000633001328
v -0.014538999646902084 -0.005756000056862831 0.028047999367117882
v -0.013628000393509865 -0.008573999628424644 0.026930000633001328
v -0.013085000216960907 -0.008555999957025051 0.028047999367117882
v -0.011056999675929546 -0.011056999675929546 0.028047999367117882
v -0.010494000278413296 -0.0019440000178292394 0.03489600121974945
v -0.009925000369548798 -0.00392899988219142 0.03489600121974945
v -0.008932000026106834 -0.005840000230818987 0.03489600121974945
v -0.007160999812185764 -0.004681999795138836 0.036584001034498215
v 0.010494000278413296 -0.0019440000178292394 0.03489600121974945
v 0.009925000369548798 -0.00392899988219142 0.03489600121974945
v 0.00508800009265542 -0.002013999968767166 0.038325998932123184
v 0.005231999792158604 -0.002070999937132001 0.03826399892568588
v 0.005216000135987997 -0.003410999896004796 0.03796600177884102
v 0.008932000026106834 -0.005840000230818987 0.03489600121974945
v 0.007160999812185764 -0.004681999795138836 0.036584001034498215
v 0.00392899988219142 -0.009925000369548798 0.03489600121974945
v 0.005840000230818987 -0.008932000026106834 0.03489600121974945
v 0.007548000197857618 -0.007548000197857618 0.03489600121974945
v 0.003978999797254801 -0.003978999797254801 0.03826399892568588
v 0.002993999980390072 -0.004579000174999237 0.038325998932123184
v 0.002070999937132001 -0.005231999792158604 0.03826399892568588
v 0.0 -0.010673999786376953 0.03489600121974945
v 0.0019440000178292394 -0.010494000278413296 0.03489600121974945
v -0.0025049999821931124 -0.006535999942570925 0.037553999572992325
v -0.0026100000832229853 -0.006891000084578991 0.037342000752687454
v -0.0029279999434947968 -0.007426000200212002 0.036965999752283096
v -0.0031500000040978193 -0.00795700028538704 0.036584001034498215
v -0.00392899988219142 -0.009925000369548798 0.03489600121974945
v -0.0030269999988377094 -0.007536999881267548 0.036876000463962555
v -0.003232999937608838 -0.0077229999005794525 0.03671000152826309
v -0.0037239999510347843 -0.008004999719560146 0.036393001675605774
v -0.003996000159531832 -0.008092000149190426 0.036251001060009
v -0.004794000182300806 -0.00812199991196394 0.035944998264312744
v -0.005840000230818987 -0.008932000026106834 0.03489600121974945
v -0.005520999897271395 -0.00784900039434433 0.035815998911857605
v -0.007548000197857618 -0.007548000197857618 0.03489600121974945
v -0.0026489999145269394 -0.0053159999661147594 0.038113001734018326
v -0.002070999937132001 -0.005231999792158604 0.03826399892568588
v -0.004937999881803989 -0.0042050001211464405 0.03783499822020531
v -0.004137999843806028 -0.004176000133156776 0.03814300149679184
v -0.0047079999931156635 -0.0030789999291300774 0.03826399892568588
v -0.006002999842166901 -0.004867999814450741 0.03712400048971176
v -0.00570000009611249 -0.004573000129312277 0.037376999855041504
v -0.005216000135987997 -0.0042940001003444195 0.037689000368118286
v -0.00608500000089407 -0.007323999889194965 0.035875000059604645
v -0.006409000139683485 -0.0066280001774430275 0.036107998341321945
v -0.0064409999176859856 -0.005824000108987093 0.03649599850177765
v -0.006198999937623739 -0.005148000083863735 0.03691599890589714
v 0.014378000050783157 -0.005692000035196543 0.028449999168515205
v 0.015204000286757946 -0.002816000021994114 0.028449999168515205
v 0.014848999679088593 -0.004251000005751848 0.02848999947309494
v 0.014844000339508057 -0.0042500002309679985 0.028502000495791435
v 0.015186999924480915 -0.002812999999150634 0.02848999947309494
v 0.015382999554276466 -0.0013889999827370048 0.02848999947309494
v 0.01435799989849329 -0.005683999974280596 0.02850000001490116
v 0.014356999658048153 -0.005683999974280596 0.028502000495791435
v 0.014844999648630619 -0.0042500002309679985 0.02850000001490116
v 0.011853000149130821 -0.007751000113785267 0.030755000188946724
v 0.0138349998742342 -0.005477000027894974 0.029600000008940697
v 0.01317100040614605 -0.00521400012075901 0.030755000188946724
v 0.0146289998665452 -0.0027089999057352543 0.029600000008940697
v 0.01371499989181757 -0.007091999985277653 0.028502000495791435
v 0.012920999899506569 -0.008449000306427479 0.028502000495791435
v 0.01292600017040968 -0.008452000096440315 0.02848999947309494
v 0.013718999922275543 -0.0070940000005066395 0.02848999947309494
v 0.014361999928951263 -0.0056859999895095825 0.02848999947309494
v 0.0129399998113513 -0.0084610003978014 0.028449999168515205
v 0.014054999686777592 -0.006393000017851591 0.028502000495791435
v 0.014055999927222729 -0.006393000017851591 0.02850000001490116
v 0.010923000052571297 -0.010923000052571297 0.02848999947309494
v 0.011990999802947044 -0.009735999628901482 0.02848999947309494
v 0.011986000463366508 -0.009731999598443508 0.028502000495791435
v 0.012470999732613564 -0.009100999683141708 0.028502000495791435
v 0.0124719999730587 -0.009101999923586845 0.02850000001490116
v 0.009731999598443508 -0.011986000463366508 0.028502000495791435
v 0.008449000306427479 -0.012920999899506569 0.028502000495791435
v 0.008452000096440315 -0.01292600017040968 0.02848999947309494
v 0.009735999628901482 -0.011990999802947044 0.02848999947309494
v 0.0084610003978014 -0.0129399998113513 0.028449999168515205
v 0.010935000143945217 -0.010935000143945217 0.028449999168515205
v 0.005692000035196543 -0.014378000050783157 0.028449999168515205
v 0.0070940000005066395 -0.013718999922275543 0.02848999947309494
v 0.007091999985277653 -0.01371499989181757 0.028502000495791435
v 0.006393000017851591 -0.014054999686777592 0.028502000495791435
v 0.006393000017851591 -0.014055999927222729 0.02850000001490116
v 0.005683999974280596 -0.014356999658048153 0.028502000495791435
v 0.005683999974280596 -0.01435799989849329 0.02850000001490116
v 0.0042500002309679985 -0.014844000339508057 0.028502000495791435
v 0.0056859999895095825 -0.014361999928951263 0.02848999947309494
v 0.004251000005751848 -0.014848999679088593 0.02848999947309494
v 0.002812999999150634 -0.015186999924480915 0.02848999947309494
v 0.0013889999827370048 -0.01537800021469593 0.028502000495791435
v 0.0028119999915361404 -0.015182999894022942 0.02850000001490116
v 0.0013889999827370048 -0.015379000455141068 0.02850000001490116
v 0.0 -0.014879000373184681 0.029600000008940697
v -0.0025790000800043344 -0.013926999643445015 0.030755000188946724
v -0.004251000005751848 -0.014848999679088593 0.02848999947309494
v -0.0042500002309679985 -0.014844000339508057 0.028502000495791435
v -0.005683999974280596 -0.014356999658048153 0.028502000495791435
v -0.002812999999150634 -0.015186999924480915 0.02848999947309494
v -0.002816000021994114 -0.015204000286757946 0.028449999168515205
v -0.0013889999827370048 -0.015382999554276466 0.02848999947309494
v 0.0 -0.015464000403881073 0.028449999168515205
v 0.0 -0.015447000041604042 0.02848999947309494
v -0.007751000113785267 -0.011853000149130821 0.030755000188946724
v -0.005477000027894974 -0.0138349998742342 0.029600000008940697
v -0.00521400012075901 -0.01317100040614605 0.030755000188946724
v -0.0027089999057352543 -0.0146289998665452 0.029600000008940697
v -0.006393000017851591 -0.014054999686777592 0.028502000495791435
v -0.007091999985277653 -0.01371499989181757 0.028502000495791435
v -0.005692000035196543 -0.014378000050783157 0.028449999168515205
v -0.0056859999895095825 -0.014361999928951263 0.02848999947309494
v -0.0070940000005066395 -0.013718999922275543 0.02848999947309494
v -0.0084610003978014 -0.0129399998113513 0.028449999168515205
v -0.010923000052571297 -0.010923000052571297 0.02848999947309494
v -0.010935000143945217 -0.010935000143945217 0.028449999168515205
v -0.009735999628901482 -0.011990999802947044 0.02848999947309494
v -0.008452000096440315 -0.01292600017040968 0.02848999947309494
v -0.011986000463366508 -0.009731999598443508 0.028502000495791435
v -0.012920999899506569 -0.008449000306427479 0.028502000495791435
v -0.01292600017040968 -0.008452000096440315 0.02848999947309494
v -0.0129399998113513 -0.0084610003978014 0.028449999168515205
v -0.011990999802947044 -0.009735999628901482 0.02848999947309494
v -0.010919000022113323 -0.010919000022113323 0.028502000495791435
v -0.009731999598443508 -0.011986000463366508 0.028502000495791435
v -0.011469000019133091 -0.010339000262320042 0.028502000495791435
v -0.011469000019133091 -0.010339999571442604 0.02850000001490116
v -0.014361999928951263 -0.0056859999895095825 0.02848999947309494
v -0.013718999922275543 -0.0070940000005066395 0.02848999947309494
v -0.014356999658048153 -0.005683999974280596 0.028502000495791435
v -0.01371499989181757 -0.007091999985277653 0.028502000495791435
v -0.01333600003272295 -0.007778000086545944 0.028502000495791435
v -0.013337000273168087 -0.007778999861329794 0.02850000001490116
v -0.015204000286757946 -0.002816000021994114 0.028449999168515205
v -0.015186999924480915 -0.002812999999150634 0.02848999947309494
v -0.015181999653577805 -0.0028119999915361404 0.028502000495791435
v -0.014848999679088593 -0.004251000005751848 0.02848999947309494
v -0.014378000050783157 -0.005692000035196543 0.028449999168515205
v -0.014844000339508057 -0.0042500002309679985 0.028502000495791435
v -0.014844999648630619 -0.0042500002309679985 0.02850000001490116
v -0.015182999894022942 -0.0028119999915361404 0.02850000001490116
v -0.01317100040614605 -0.00521400012075901 0.030755000188946724
v -0.013926999643445015 -0.0025790000800043344 0.030755000188946724
v -0.0138349998742342 -0.005477000027894974 0.029600000008940697
v -0.0146289998665452 -0.0027089999057352543 0.029600000008940697
v -0.015379000455141068 -0.0013889999827370048 0.02850000001490116
v -0.012330000288784504 -0.00228299992159009 0.03292899951338768
v -0.011660999618470669 -0.004616000223904848 0.03292899951338768
v -0.010494000278413296 -0.006862000096589327 0.03292899951338768
v -0.008867999538779259 -0.008867999538779259 0.03292899951338768
v -0.006862000096589327 -0.010494000278413296 0.03292899951338768
v -0.004616000223904848 -0.011660999618470669 0.03292899951338768
v -0.00228299992159009 -0.012330000288784504 0.03292899951338768
v 0.0 -0.012540999799966812 0.03292899951338768
v 0.00228299992159009 -0.012330000288784504 0.03292899951338768
v 0.004616000223904848 -0.011660999618470669 0.03292899951338768
v 0.006862000096589327 -0.010494000278413296 0.03292899951338768
v 0.008867999538779259 -0.008867999538779259 0.03292899951338768
v 0.010494000278413296 -0.006862000096589327 0.03292899951338768
v 0.011660999618470669 -0.004616000223904848 0.03292899951338768
v 0.012330000288784504 -0.00228299992159009 0.03292899951338768
v -0.005036000162363052 -0.0009330000029876828 0.0381460003554821
v 0.015182999894022942 -0.0028119999915361404 0.02850000001490116
v 0.015181999653577805 -0.0028119999915361404 0.028502000495791435
v 0.0050130002200603485 -0.001984999980777502 0.03833699971437454
v 0.005036000162363052 -0.0009330000029876828 0.0381460003554821
v 0.005016000010073185 -0.0009289999725297093 0.038068000227212906
v 0.0047439998015761375 -0.0018779999809339643 0.038068000227212906
v 0.004741999786347151 -0.0018769999733194709 0.03671500086784363
v 0.01333600003272295 -0.007778000086545944 0.028502000495791435
v 0.01371499989181757 -0.007091999985277653 0.02850000001490116
v 0.013337000273168087 -0.007778999861329794 0.02850000001490116
v 0.012450999580323696 -0.00814099982380867 0.029600000008940697
v 0.004267999902367592 -0.00279000005684793 0.03671500086784363
v 0.004269000142812729 -0.0027910000644624233 0.038068000227212906
v 0.004763000179082155 -0.0018860000418499112 0.0381460003554821
v 0.005078999791294336 -0.0009410000056959689 0.038221001625061035
v 0.012922000139951706 -0.008449000306427479 0.02850000001490116
v 0.010015999898314476 -0.010015999898314476 0.030755000188946724
v 0.010521000251173973 -0.010521000251173973 0.029600000008940697
v 0.011986999772489071 -0.009732999838888645 0.02850000001490116
v 0.011469000019133091 -0.010339999571442604 0.02850000001490116
v 0.011469000019133091 -0.010339000262320042 0.028502000495791435
v 0.0047079999931156635 -0.0030789999291300774 0.03826399892568588
v 0.004579000174999237 -0.002993999980390072 0.038325998932123184
v 0.0038689998909831047 -0.0038689998909831047 0.038325998932123184
v 0.004511999897658825 -0.002950000111013651 0.03833699971437454
v 0.0038129999302327633 -0.0038129999302327633 0.03833699971437454
v 0.004443000070750713 -0.002905000001192093 0.038325000554323196
v 0.0037539999466389418 -0.0037539999466389418 0.038325000554323196
v 0.004375999793410301 -0.0028609998989850283 0.038284000009298325
v 0.003696999978274107 -0.003696999978274107 0.038284000009298325
v 0.00493700010702014 -0.0019539999775588512 0.038325000554323196
v 0.004861999768763781 -0.0019249999895691872 0.038284000009298325
v 0.004803000018000603 -0.00190100003965199 0.038221001625061035
v 0.0042860000394284725 -0.0028029999230057 0.0381460003554821
v 0.0036069999914616346 -0.0036069999914616346 0.038068000227212906
v 0.0036059999838471413 -0.0036059999838471413 0.03671500086784363
v 0.010339999571442604 -0.011469000019133091 0.02850000001490116
v 0.009100999683141708 -0.012470999732613564 0.028502000495791435
v 0.009732999838888645 -0.011986999772489071 0.02850000001490116
v 0.009101999923586845 -0.0124719999730587 0.02850000001490116
v 0.002950000111013651 -0.004511999897658825 0.03833699971437454
v 0.002905000001192093 -0.004443000070750713 0.038325000554323196
v 0.0028609998989850283 -0.004375999793410301 0.038284000009298325
v 0.015238000079989433 -0.002822000067681074 0.028370000422000885
v 0.014410999603569508 -0.005704999901354313 0.028370000422000885
v 0.01296900026500225 -0.00848000030964613 0.028370000422000885
v 0.010959000326693058 -0.010959000326693058 0.028370000422000885
v 0.00848000030964613 -0.01296900026500225 0.028370000422000885
v 0.005704999901354313 -0.014410999603569508 0.028370000422000885
v 0.007778999861329794 -0.013337000273168087 0.02850000001490116
v 0.008449000306427479 -0.012922000139951706 0.02850000001490116
v 0.007778000086545944 -0.01333600003272295 0.028502000495791435
v 0.005477000027894974 -0.0138349998742342 0.029600000008940697
v 0.007091999985277653 -0.01371499989181757 0.02850000001490116
v 0.002013999968767166 -0.00508800009265542 0.038325998932123184
v 0.001984999980777502 -0.0050130002200603485 0.03833699971437454
v 0.0019539999775588512 -0.00493700010702014 0.038325000554323196
v 0.0019249999895691872 -0.004861999768763781 0.038284000009298325
v 0.0027910000644624233 -0.004269000142812729 0.038068000227212906
v 0.0018779999809339643 -0.0047439998015761375 0.038068000227212906
v 0.00279000005684793 -0.004267999902367592 0.03671500086784363
v 0.0018769999733194709 -0.004741999786347151 0.03671500086784363
v 0.002816000021994114 -0.015204000286757946 0.028449999168515205
v 0.0028119999915361404 -0.015181999653577805 0.028502000495791435
v 0.0042500002309679985 -0.014844999648630619 0.02850000001490116
v 0.0 -0.005100000184029341 0.03671500086784363
v 0.0 -0.0051020001992583275 0.038068000227212906
v 0.0009289999725297093 -0.005016000010073185 0.038068000227212906
v 0.0009330000029876828 -0.005036000162363052 0.0381460003554821
v 0.0018860000418499112 -0.004763000179082155 0.0381460003554821
v 0.00190100003965199 -0.004803000018000603 0.038221001625061035
v 0.0 -0.015441999770700932 0.028502000495791435
v 0.0 -0.015441999770700932 0.02850000001490116
v -0.0013889999827370048 -0.01537800021469593 0.028502000495791435
v -0.0013889999827370048 -0.015379000455141068 0.02850000001490116
v -0.0028119999915361404 -0.015181999653577805 0.028502000495791435
v -0.0028119999915361404 -0.015182999894022942 0.02850000001490116
v 0.0013889999827370048 -0.015382999554276466 0.02848999947309494
v 0.0 -0.005229000002145767 0.038284000009298325
v 0.0 -0.005166000220924616 0.038221001625061035
v -0.0009410000056959689 -0.005078999791294336 0.038221001625061035
v -0.0018860000418499112 -0.004763000179082155 0.0381460003554821
v -0.0027910000644624233 -0.004269000142812729 0.038068000227212906
v 0.0 -0.005123000126332045 0.0381460003554821
v 0.0009410000056959689 -0.005078999791294336 0.038221001625061035
v 0.0 -0.005309999920427799 0.038325000554323196
v 0.0 -0.005392000079154968 0.03833699971437454
v -0.0042500002309679985 -0.014844999648630619 0.02850000001490116
v -0.005683999974280596 -0.01435799989849329 0.02850000001490116
v -0.006393000017851591 -0.014055999927222729 0.02850000001490116
v -0.007778000086545944 -0.01333600003272295 0.028502000495791435
v -0.007091999985277653 -0.01371499989181757 0.02850000001490116
v -0.007778999861329794 -0.013337000273168087 0.02850000001490116
v -0.00814099982380867 -0.012450999580323696 0.029600000008940697
v -0.0018769999733194709 -0.004741999786347151 0.03671500086784363
v -0.00279000005684793 -0.004267999902367592 0.03671500086784363
v -0.009101999923586845 -0.0124719999730587 0.02850000001490116
v -0.009732999838888645 -0.011986999772489071 0.02850000001490116
v -0.010339999571442604 -0.011469000019133091 0.02850000001490116
v -0.010339000262320042 -0.011469000019133091 0.028502000495791435
v -0.010919000022113323 -0.010919000022113323 0.02850000001490116
v -0.012470999732613564 -0.009100999683141708 0.028502000495791435
v -0.011986999772489071 -0.009732999838888645 0.02850000001490116
v -0.0124719999730587 -0.009101999923586845 0.02850000001490116
v -0.012450999580323696 -0.00814099982380867 0.029600000008940697
v -0.002013999968767166 -0.00508800009265542 0.038325998932123184
v -0.001984999980777502 -0.0050130002200603485 0.03833699971437454
v -0.002950000111013651 -0.004511999897658825 0.03833699971437454
v -0.0019539999775588512 -0.00493700010702014 0.038325000554323196
v -0.002905000001192093 -0.004443000070750713 0.038325000554323196
v -0.0019249999895691872 -0.004861999768763781 0.038284000009298325
v -0.0028609998989850283 -0.004375999793410301 0.038284000009298325
v -0.00190100003965199 -0.004803000018000603 0.038221001625061035
v -0.0028260000981390476 -0.0043230000883340836 0.038221001625061035
v -0.0028029999230057 -0.0042860000394284725 0.0381460003554821
v -0.003622000105679035 -0.003622000105679035 0.0381460003554821
v -0.0036069999914616346 -0.0036069999914616346 0.038068000227212906
v -0.004269000142812729 -0.0027910000644624233 0.038068000227212906
v -0.0036059999838471413 -0.0036059999838471413 0.03671500086784363
v -0.004267999902367592 -0.00279000005684793 0.03671500086784363
v -0.012922000139951706 -0.008449000306427479 0.02850000001490116
v -0.01371499989181757 -0.007091999985277653 0.02850000001490116
v -0.014055999927222729 -0.006393000017851591 0.02850000001490116
v -0.014054999686777592 -0.006393000017851591 0.028502000495791435
v -0.004741999786347151 -0.0018769999733194709 0.03671500086784363
v -0.005016000010073185 -0.0009289999725297093 0.038068000227212906
v -0.0047439998015761375 -0.0018779999809339643 0.038068000227212906
v -0.004763000179082155 -0.0018860000418499112 0.0381460003554821
v -0.0042860000394284725 -0.0028029999230057 0.0381460003554821
v -0.0043230000883340836 -0.0028260000981390476 0.038221001625061035
v -0.003653000108897686 -0.003653000108897686 0.038221001625061035
v -0.004375999793410301 -0.0028609998989850283 0.038284000009298325
v -0.003696999978274107 -0.003696999978274107 0.038284000009298325
v -0.004443000070750713 -0.002905000001192093 0.038325000554323196
v -0.0037539999466389418 -0.0037539999466389418 0.038325000554323196
v -0.004511999897658825 -0.002950000111013651 0.03833699971437454
v -0.0038129999302327633 -0.0038129999302327633 0.03833699971437454
v -0.004579000174999237 -0.002993999980390072 0.038325998932123184
v -0.0038689998909831047 -0.0038689998909831047 0.038325998932123184
v -0.003978999797254801 -0.003978999797254801 0.03826399892568588
v 0.002822000067681074 -0.015238000079989433 0.028370000422000885
v 0.0 -0.015499000437557697 0.028370000422000885
v -0.002822000067681074 -0.015238000079989433 0.028370000422000885
v -0.005704999901354313 -0.014410999603569508 0.028370000422000885
v -0.00848000030964613 -0.01296900026500225 0.028370000422000885
v -0.010959000326693058 -0.010959000326693058 0.028370000422000885
v -0.01296900026500225 -0.00848000030964613 0.028370000422000885
v -0.014410999603569508 -0.005704999901354313 0.028370000422000885
v -0.015238000079989433 -0.002822000067681074 0.028370000422000885
v -0.01435799989849329 -0.005683999974280596 0.02850000001490116
v -0.005231999792158604 -0.002070999937132001 0.03826399892568588
v -0.00508800009265542 -0.002013999968767166 0.038325998932123184
v -0.0050130002200603485 -0.001984999980777502 0.03833699971437454
v -0.00493700010702014 -0.0019539999775588512 0.038325000554323196
v -0.004861999768763781 -0.0019249999895691872 0.038284000009298325
v -0.004803000018000603 -0.00190100003965199 0.038221001625061035
v -0.002560999942943454 -0.005545000080019236 0.03350000083446503
v -0.0028490000404417515 -0.004972999915480614 0.03350000083446503
v -0.005630999803543091 -0.0077760000713169575 0.03350000083446503
v -0.0029279999434947968 -0.007426000200212002 0.03350000083446503
v -0.002503999974578619 -0.006531999912112951 0.03350000083446503
v -0.003727999981492758 -0.00800700020045042 0.03350000083446503
v -0.004708999767899513 -0.00813400000333786 0.03350000083446503
v -0.005212000105530024 -0.004292000085115433 0.03350000083446503
v -0.006002999842166901 -0.004867000039666891 0.03350000083446503
v -0.004242999944835901 -0.004160999786108732 0.03350000083446503
v -0.006426999811083078 -0.005747999995946884 0.03350000083446503
v -0.0033279999624937773 -0.004505000077188015 0.03350000083446503
v -0.006382999941706657 -0.006723999977111816 0.03350000083446503
v -0.00608500000089407 -0.007323999889194965 0.03350000083446503
v -0.0015750000020489097 0.006821000017225742 -0.0729999989271164
v 0.0 0.007000000216066837 -0.0729999989271164
v 0.0 0.0 -0.0729999989271164
v -0.004015000071376562 0.005733999889343977 -0.0729999989271164
v 0.0 -0.007000000216066837 -0.0729999989271164
v -0.0015750000020489097 -0.006821000017225742 -0.0729999989271164
v -0.004015000071376562 -0.005733999889343977 -0.0729999989271164
v -0.00587099976837635 0.00381199992261827 -0.0729999989271164
v -0.0068709999322891235 0.0013360000448301435 -0.0729999989271164
v -0.0068709999322891235 -0.0013360000448301435 -0.0729999989271164
v -0.00587099976837635 -0.00381199992261827 -0.0729999989271164
v 0.0015750000020489097 -0.006821000017225742 -0.0729999989271164
v 0.0015750000020489097 0.006821000017225742 -0.0729999989271164
v 0.004015000071376562 0.005733999889343977 -0.0729999989271164
v 0.0068709999322891235 -0.0013360000448301435 -0.0729999989271164
v 0.00587099976837635 -0.00381199992261827 -0.0729999989271164
v 0.004015000071376562 -0.005733999889343977 -0.0729999989271164
v 0.00587099976837635 0.00381199992261827 -0.0729999989271164
v 0.0068709999322891235 0.0013360000448301435 -0.0729999989271164
v 0.0 0.008999999612569809 -0.07100000232458115
v -0.002025000052526593 0.008768999949097633 -0.07100000232458115
v -0.005162000190466642 0.00737199978902936 -0.07100000232458115
v -0.007548000197857618 0.004902000073343515 -0.07100000232458115
v -0.008834999985992908 0.0017170000355690718 -0.07100000232458115
v -0.008834999985992908 -0.0017170000355690718 -0.07100000232458115
v -0.007548000197857618 -0.004902000073343515 -0.07100000232458115
v -0.005162000190466642 -0.00737199978902936 -0.07100000232458115
v -0.002025000052526593 -0.008768999949097633 -0.07100000232458115
v 0.0 -0.008999999612569809 -0.07100000232458115
v 0.002025000052526593 -0.008768999949097633 -0.07100000232458115
v 0.005162000190466642 -0.00737199978902936 -0.07100000232458115
v 0.007548000197857618 -0.004902000073343515 -0.07100000232458115
v 0.008834999985992908 -0.0017170000355690718 -0.07100000232458115
v 0.008834999985992908 0.0017170000355690718 -0.07100000232458115
v 0.007548000197857618 0.004902000073343515 -0.07100000232458115
v 0.005162000190466642 0.00737199978902936 -0.07100000232458115
v 0.002025000052526593 0.008768999949097633 -0.07100000232458115
v 0.0 -0.01850000023841858 -0.07100000232458115
v -0.007524999789893627 0.01690099947154522 -0.07100000232458115
v -0.01850000023841858 0.0 -0.07100000232458115
v -0.01773799955844879 -0.005253999959677458 -0.07100000232458115
v -0.015514999628067017 -0.010076000355184078 -0.07100000232458115
v -0.012014999985694885 -0.01406800001859665 -0.07100000232458115
v -0.007524999789893627 -0.01690099947154522 -0.07100000232458115
v -0.00241499999538064 -0.018341999500989914 -0.07100000232458115
v -0.012014999985694885 0.01406800001859665 -0.07100000232458115
v -0.015514999628067017 0.010076000355184078 -0.07100000232458115
v -0.01773799955844879 0.005253999959677458 -0.07100000232458115
v 0.0 0.01850000023841858 -0.07100000232458115
v -0.00241499999538064 0.018341999500989914 -0.07100000232458115
v 0.00241499999538064 -0.018341999500989914 -0.07100000232458115
v 0.007524999789893627 -0.01690099947154522 -0.07100000232458115
v 0.01850000023841858 0.0 -0.07100000232458115
v 0.01773799955844879 -0.005253999959677458 -0.07100000232458115
v 0.015514999628067017 -0.010076000355184078 -0.07100000232458115
v 0.012014999985694885 -0.01406800001859665 -0.07100000232458115
v 0.015514999628067017 0.010076000355184078 -0.07100000232458115
v 0.01773799955844879 0.005253999959677458 -0.07100000232458115
v 0.012014999985694885 0.01406800001859665 -0.07100000232458115
v 0.007524999789893627 0.01690099947154522 -0.07100000232458115
v 0.00241499999538064 0.018341999500989914 -0.07100000232458115
v 0.0 -0.01850000023841858 -0.03920000046491623
v -0.00241499999538064 -0.018341999500989914 -0.03920000046491623
v -0.007524999789893627 -0.01690099947154522 -0.03920000046491623
v -0.012014999985694885 -0.01406800001859665 -0.03920000046491623
v -0.015514999628067017 -0.010076000355184078 -0.03920000046491623
v -0.01773799955844879 -0.005253999959677458 -0.03920000046491623
v -0.01850000023841858 0.0 -0.03920000046491623
v -0.01773799955844879 0.005253999959677458 -0.03920000046491623
v -0.015514999628067017 0.010076000355184078 -0.03920000046491623
v -0.012014999985694885 0.01406800001859665 -0.03920000046491623
v -0.007524999789893627 0.01690099947154522 -0.03920000046491623
v -0.00241499999538064 0.018341999500989914 -0.03920000046491623
v 0.0 0.01850000023841858 -0.03920000046491623
v 0.00241499999538064 0.018341999500989914 -0.03920000046491623
v 0.007524999789893627 0.01690099947154522 -0.03920000046491623
v 0.012014999985694885 0.01406800001859665 -0.03920000046491623
v 0.015514999628067017 0.010076000355184078 -0.03920000046491623
v 0.01773799955844879 0.005253999959677458 -0.03920000046491623
v 0.01850000023841858 0.0 -0.03920000046491623
v 0.01773799955844879 -0.005253999959677458 -0.03920000046491623
v 0.015514999628067017 -0.010076000355184078 -0.03920000046491623
v 0.012014999985694885 -0.01406800001859665 -0.03920000046491623
v 0.007524999789893627 -0.01690099947154522 -0.03920000046491623
v 0.00241499999538064 -0.018341999500989914 -0.03920000046491623
v 0.007046000100672245 0.01764499954879284 -0.03920000046491623
v -0.01559399999678135 -0.010854999534785748 -0.03920000046491623
v -0.013434999622404575 -0.013434999622404575 -0.03920000046491623
v -0.010455000214278698 -0.01586499996483326 -0.03920000046491623
v -0.01065600011497736 0.0157299991697073 -0.03920000046491623
v -0.007271000184118748 0.01755400002002716 -0.03920000046491623
v -0.003944000229239464 0.01858600042760372 -0.03920000046491623
v -0.00012099999730708078 0.01899999938905239 -0.03920000046491623
v -0.01759999990463257 0.007158999796956778 -0.03920000046491623
v -0.015798000618815422 0.010556000284850597 -0.03920000046491623
v -0.013605000451207161 0.013263000175356865 -0.03920000046491623
v -0.01745999976992607 -0.007493000011891127 -0.03920000046491623
v -0.0186110008507967 -0.0038240000139921904 -0.03920000046491623
v -0.01899999938905239 0.0 -0.03920000046491623
v -0.018681000918149948 0.0034680000972002745 -0.03920000046491623
v 0.0037070000544190407 0.01863499917089939 -0.03920000046491623
v 0.010556000284850597 -0.015798000618815422 -0.03920000046491623
v 0.007493000011891127 -0.01745999976992607 -0.03920000046491623
v 0.0038240000139921904 -0.0186110008507967 -0.03920000046491623
v 0.0 -0.01899999938905239 -0.03920000046491623
v -0.007046000100672245 -0.01764499954879284 -0.03920000046491623
v -0.0033489998895674944 -0.018703000620007515 -0.03920000046491623
v 0.01755400002002716 -0.007271000184118748 -0.03920000046491623
v 0.01593099907040596 -0.010352999903261662 -0.03920000046491623
v 0.01351999957114458 -0.013349000364542007 -0.03920000046491623
v 0.01863499917089939 0.0037070000544190407 -0.03920000046491623
v 0.018998000770807266 0.00024300000222865492 -0.03920000046491623
v 0.018657999113202095 -0.0035880000796169043 -0.03920000046491623
v 0.010455000214278698 0.01586499996483326 -0.03920000046491623
v 0.013434999622404575 0.013434999622404575 -0.03920000046491623
v 0.015661999583244324 0.01075700018554926 -0.03920000046491623
v 0.017506999894976616 0.0073830001056194305 -0.03920000046491623
v 0.0 -0.019300000742077827 -0.039500001817941666
v -0.0034020000603049994 -0.018998000770807266 -0.039500001817941666
v -0.007158000022172928 -0.017923999577760696 -0.039500001817941666
v -0.010619999840855598 -0.01611500047147274 -0.039500001817941666
v -0.013647000305354595 -0.013647000305354595 -0.039500001817941666
v -0.01583999954164028 -0.011026999913156033 -0.039500001817941666
v -0.017735999077558517 -0.00761099997907877 -0.039500001817941666
v -0.018905000761151314 -0.0038840000052005053 -0.039500001817941666
v -0.019300000742077827 0.0 -0.039500001817941666
v -0.01897599920630455 0.0035230000503361225 -0.039500001817941666
v -0.01787799969315529 0.007271999958902597 -0.039500001817941666
v -0.016047000885009766 0.010723000392317772 -0.039500001817941666
v -0.013819999992847443 0.013472000136971474 -0.039500001817941666
v -0.010824000462889671 0.015978999435901642 -0.039500001817941666
v -0.007385999895632267 0.017830999568104744 -0.039500001817941666
v -0.004007000010460615 0.018880000337958336 -0.039500001817941666
v -0.0001230000052601099 0.019300000742077827 -0.039500001817941666
v 0.0 0.019300000742077827 -0.039500001817941666
v 0.003765000030398369 0.018928999081254005 -0.039500001817941666
v 0.007156999781727791 0.017923999577760696 -0.039500001817941666
v 0.010619999840855598 0.01611500047147274 -0.039500001817941666
v 0.013647000305354595 0.013647000305354595 -0.039500001817941666
v 0.015908999368548393 0.010925999842584133 -0.039500001817941666
v 0.0177839994430542 0.007499000057578087 -0.039500001817941666
v 0.018928999081254005 0.003765000030398369 -0.039500001817941666
v 0.019298000261187553 0.0002460000105202198 -0.039500001817941666
v 0.018952999264001846 -0.003645000047981739 -0.039500001817941666
v 0.017830999568104744 -0.007385999895632267 -0.039500001817941666
v 0.016183000057935715 -0.010517000220716 -0.039500001817941666
v 0.0137339998036623 -0.013559999875724316 -0.039500001817941666
v 0.010723000392317772 -0.016047000885009766 -0.039500001817941666
v 0.00761099997907877 -0.017735999077558517 -0.039500001817941666
v 0.0038840000052005053 -0.018905000761151314 -0.039500001817941666
v -0.00752299977466464 -0.014233999885618687 0.026917999610304832
v -0.00979200005531311 -0.012783999554812908 0.026930000633001328
v -0.009584999643266201 -0.012950999662280083 0.026930000633001328
v -0.008747000247240067 -0.013531999662518501 0.026930000633001328
v -0.009328999556601048 -0.013127000071108341 0.026930000633001328
v -0.004077000077813864 -0.01560600008815527 0.026931000873446465
v -0.002065999899059534 -0.01602100022137165 0.026917999610304832
v -0.004327999893575907 -0.015519999898970127 0.026930000633001328
v -0.0002519999979995191 -0.016152000054717064 0.026917999610304832
v 0.0013859999598935246 -0.016076000407338142 0.026930000633001328
v 0.001353000057861209 -0.016076000407338142 0.026931000873446465
v -0.010821999981999397 -0.011993000283837318 0.026917999610304832
v -0.00928299967199564 -0.013209999538958073 0.026924999430775642
v -0.009331000037491322 -0.013163999654352665 0.026930000633001328
v -0.004044999834150076 -0.015616999939084053 0.026931000873446465
v -0.005754999816417694 -0.015092999674379826 0.026917999610304832
v -0.004013999830931425 -0.0156289990991354 0.026930000633001328
v 0.0032160000409930944 -0.01577099971473217 0.026917999610304832
v 0.001053999993018806 -0.01607700064778328 0.026930000633001328
v 0.0013200000394135714 -0.016076000407338142 0.026931000873446465
v 0.012846999801695347 -0.00979200005531311 0.026917999610304832
v 0.01142099965363741 -0.011393999680876732 0.026931000873446465
v 0.011446000076830387 -0.011373000219464302 0.026930000633001328
v 0.01347300037741661 -0.008814999833703041 0.026930000633001328
v -0.004095999989658594 -0.015626000240445137 0.026917999610304832
v -0.0040350002236664295 -0.015626000240445137 0.02692900039255619
v 0.0014519999967887998 -0.01607999950647354 0.026924999430775642
v 0.0014959999825805426 -0.01608400046825409 0.026917999610304832
v 0.011483999900519848 -0.011359999887645245 0.026917999610304832
v 0.011498999781906605 -0.011332999914884567 0.026924999430775642
v 0.010053000412881374 -0.012644000351428986 0.026917999610304832
v 0.014677000232040882 -0.00674699991941452 0.026917999610304832
v 0.014677999541163445 -0.006678999867290258 0.026930000633001328
v 0.013958999887108803 -0.008129999972879887 0.026917999610304832
v 0.01607999950647354 0.0014519999967887998 0.026924999430775642
v 0.016131000593304634 -0.0008510000188834965 0.026917999610304832
v 0.01608400046825409 0.0014959999825805426 0.026917999610304832
v 0.01609399914741516 0.0004799999878741801 0.026930000633001328
v 0.01610100083053112 8.199999865610152e-05 0.026930000633001328
v 0.01610100083053112 -2.5999999706982635e-05 0.026930000633001328
v 0.015718000009655952 -0.003493000054731965 0.026930000633001328
v 0.016013000160455704 -0.0016830000095069408 0.026930000633001328
v 0.01608099974691868 -0.0007929999846965075 0.026930000633001328
v 0.016087999567389488 0.0006559999892488122 0.026930000633001328
v 0.016088999807834625 0.0006220000213943422 0.026930000633001328
v 0.016090000048279762 0.0005869999877177179 0.026930000633001328
v 0.016093000769615173 0.0005130000063218176 0.026930000633001328
v 0.0160910002887249 0.0005789999850094318 0.026930000633001328
v 0.016090000048279762 0.0006130000110715628 0.026930000633001328
v 0.016085999086499214 0.0007220000261440873 0.026930000633001328
v 0.016085000708699226 0.000754999986384064 0.026930000633001328
v 0.016083000227808952 0.0008270000107586384 0.026930000633001328
v 0.01608400046825409 0.0007880000048317015 0.026930000633001328
v 0.01610499992966652 0.00048099999548867345 0.026930000633001328
v 0.016090000048279762 0.0006459999713115394 0.026930000633001328
v 0.01610100083053112 0.00021499999274965376 0.026930000633001328
v 0.01607700064778328 0.001053999993018806 0.026930000633001328
v 0.01610800065100193 0.0006140000186860561 0.026930000633001328
v 0.016076000407338142 0.0011869999580085278 0.026930000633001328
v 0.016076000407338142 0.0013200000394135714 0.026931000873446465
v 0.016112999990582466 0.000754999986384064 0.026931000873446465
v 0.016076000407338142 0.0013279999839141965 0.026931000873446465
v 0.016112999990582466 0.00076299998909235 0.026931000873446465
v 0.016076000407338142 0.0013360000448301435 0.026931000873446465
v 0.016076000407338142 0.001344999996945262 0.026931000873446465
v 0.016114000231027603 0.0007800000021234155 0.026931000873446465
v 0.016076000407338142 0.001353000057861209 0.026931000873446465
v 0.016114000231027603 0.0007880000048317015 0.026931000873446465
v 0.016076000407338142 0.001361000002361834 0.026931000873446465
v 0.016078000888228416 0.0014189999783411622 0.026928000152111053
v 0.016076000407338142 0.0013859999598935246 0.026930000633001328
v 0.016114000231027603 0.0007960000075399876 0.026931000873446465
v 0.016076000407338142 0.0013689999468624592 0.026931000873446465
v 0.01550500001758337 -0.004530000034719706 0.026917999610304832
v 0.015626000240445137 -0.004095999989658594 0.026917999610304832
v 0.01574699953198433 -0.0033629999961704016 0.026930000633001328
v 0.015930000692605972 -0.00267999991774559 0.026917999610304832
v 0.01602800004184246 -0.0015510000521317124 0.026930000633001328
v 0.013546999543905258 -0.008705000393092632 0.026930000633001328
v 0.013283000327646732 -0.009193000383675098 0.026917999610304832
v 0.006736000068485737 -0.014681999571621418 0.026917999610304832
v 0.006905999965965748 -0.01460300013422966 0.026917999610304832
v 0.008410000242292881 -0.013724000193178654 0.026917999610304832
v 0.004265999887138605 -0.01558000035583973 0.026917999610304832
v 0.003967999946326017 -0.01562800072133541 0.026930000633001328
v 0.0039470000192523 -0.015634000301361084 0.026930000633001328
v 0.004217999987304211 -0.015557000413537025 0.026930000633001328
v 0.00455200020223856 -0.015455000102519989 0.026930000633001328
v 0.004985000006854534 -0.015364999882876873 0.026917999610304832
v -0.0013200000394135714 -0.016100000590085983 0.026917999610304832
v -0.0009549999958835542 -0.01607399992644787 0.026930000633001328
v 0.0007880000048317015 -0.016083000227808952 0.026930000633001328
v -0.00674699991941452 -0.014677000232040882 0.026917999610304832
v -0.006390000227838755 -0.014781000092625618 0.026930000633001328
v -0.004579999949783087 -0.015437000431120396 0.026930000633001328
v -0.011300000362098217 -0.011471999809145927 0.026930000633001328
v -0.012221000157296658 -0.010564000345766544 0.026917999610304832
v -0.011114999651908875 -0.011663000099360943 0.026930000633001328
v -0.011359999887645245 -0.011483999900519848 0.026917999610304832
v -0.014403999783098698 -0.007311000023037195 0.026917999610304832
v -0.014560000039637089 -0.006897999905049801 0.026930000633001328
v -0.01460300013422966 -0.006905999965965748 0.026917999610304832
v -0.015162999741733074 -0.005570999812334776 0.026917999610304832
v -0.015348999761044979 -0.0048699998296797276 0.026930000633001328
v -0.01558000035583973 -0.004265999887138605 0.026917999610304832
v -0.01535400003194809 -0.004852999933063984 0.026930000633001328
v -0.015432000160217285 -0.004614000208675861 0.026930000633001328
v -0.015522000379860401 -0.004344000015407801 0.026930000633001328
v -0.016076000407338142 -0.0013859999598935246 0.026930000633001328
v -0.016078000888228416 -0.0014189999783411622 0.026928000152111053
v -0.01569800078868866 -0.0038109999150037766 0.026917999610304832
v -0.01607999950647354 -0.0014519999967887998 0.026924999430775642
v -0.01608400046825409 -0.0014959999825805426 0.026917999610304832
v -0.016076000407338142 -0.001353000057861209 0.026931000873446465
v -0.016076000407338142 -0.001361000002361834 0.026931000873446465
v -0.016076000407338142 -0.0013689999468624592 0.026931000873446465
v -0.016076000407338142 -0.0013279999839141965 0.026931000873446465
v -0.016076000407338142 -0.0013360000448301435 0.026931000873446465
v -0.016076000407338142 -0.001344999996945262 0.026931000873446465
v -0.016081999987363815 -0.0008270000107586384 0.026930000633001328
v -0.01607700064778328 -0.001053999993018806 0.026930000633001328
v -0.016076000407338142 -0.0011869999580085278 0.026930000633001328
v -0.016076000407338142 -0.0012529999949038029 0.026930000633001328
v -0.016076000407338142 -0.0013200000394135714 0.026931000873446465
v -0.016088999807834625 -0.0006220000213943422 0.026930000633001328
v -0.016087999567389488 -0.0006559999892488122 0.026930000633001328
v -0.016085000708699226 -0.0007220000261440873 0.026930000633001328
v -0.016085000708699226 -0.0007159999804571271 0.026930000633001328
v -0.01608400046825409 -0.000754999986384064 0.026930000633001328
v -0.016083000227808952 -0.0007880000048317015 0.026930000633001328
v -0.015381000004708767 -0.0047599999234080315 0.026930000633001328
v -0.015076999552547932 -0.0056489999406039715 0.026930000633001328
v -0.014903999865055084 -0.00609100004658103 0.026930000633001328
v -0.009614000096917152 -0.012916999869048595 0.026930000633001328
v -0.006510999985039234 -0.014725999906659126 0.026930000633001328
v -0.005613999906927347 -0.015091000124812126 0.026930000633001328
v -0.001088000019080937 -0.016063999384641647 0.026930000633001328
v -0.00020700000459328294 -0.016100000590085983 0.026930000633001328
v 0.00022600000374950469 -0.016099000349640846 0.026930000633001328
v 0.01052400004118681 -0.012186000123620033 0.026930000633001328
v 0.010711000300943851 -0.012020999565720558 0.026930000633001328
v 0.013989999890327454 -0.007969999685883522 0.026930000633001328
v 0.014227000065147877 -0.007538000121712685 0.026930000633001328
v 0.016112999990582466 0.0007459999760612845 0.026931000873446465
v 0.016112999990582466 0.000770999991800636 0.026931000873446465
v 0.009336999617516994 -0.013182000257074833 0.026917999610304832
v 0.009680000133812428 -0.012880000285804272 0.026930000633001328
v 0.011194000020623207 -0.011587999761104584 0.026930000633001328
v 0.011394999921321869 -0.011416000314056873 0.026931000873446465
v 0.01606000028550625 -0.0012870000209659338 0.026930000633001328
v 0.016100000590085983 -0.0013200000394135714 0.026917999610304832
v 0.016078000888228416 -0.0011549999471753836 0.026930000633001328
v 0.016109999269247055 0.0006799999973736703 0.026930000633001328
v 0.016076000407338142 0.0012529999949038029 0.026930000633001328
v 0.010804000310599804 -0.011938000097870827 0.026930000633001328
v 0.010994999669492245 -0.01176500041037798 0.026930000633001328
v 0.01089600007981062 -0.011854000389575958 0.026930000633001328
v 0.011907000094652176 -0.010855999775230885 0.026930000633001328
v 0.009352000430226326 -0.013106999918818474 0.026930000633001328
v 0.009460999630391598 -0.013030000030994415 0.026930000633001328
v 0.010142000392079353 -0.012505000457167625 0.026930000633001328
v 0.0042940001003444195 -0.01551899965852499 0.026930000633001328
v 0.004050999879837036 -0.015604999847710133 0.026930000633001328
v 0.0039889998733997345 -0.0156230004504323 0.026930000633001328
v 0.004009999800473452 -0.015616999939084053 0.026930000633001328
v 0.003926999866962433 -0.015639999881386757 0.026930000633001328
v 0.0038850000128149986 -0.015651000663638115 0.026930000633001328
v 0.004166000057011843 -0.015553000383079052 0.026930000633001328
v 0.005458000116050243 -0.015159999951720238 0.026930000633001328
v 0.014510000124573708 -0.006982000079005957 0.026930000633001328
v 0.014450999908149242 -0.007100999820977449 0.026930000633001328
v 0.014340999536216259 -0.007319999858736992 0.026930000633001328
v 0.015022000297904015 -0.005826999898999929 0.026930000633001328
v 0.014631999656558037 -0.0067460001446306705 0.026930000633001328
v 0.016100000590085983 -0.00013499999477062374 0.026930000633001328
v 0.016096999868750572 -0.0003530000103637576 0.026930000633001328
v 0.01610100083053112 0.00014899999951012433 0.026930000633001328
v -0.0093560004606843 -0.013143000192940235 0.026931000873446465
v -0.015387999825179577 -0.004749999847263098 0.026930000633001328
v -0.01536600012332201 -0.004819000139832497 0.026930000633001328
v -0.014716999605298042 -0.0065310001373291016 0.026930000633001328
v -0.014663999900221825 -0.006653000134974718 0.026930000633001328
v -0.013420999981462955 -0.008988999761641026 0.026917999610304832
v -0.015343000181019306 -0.0048870001919567585 0.026930000633001328
v -0.013182000257074833 -0.009336999617516994 0.026917999610304832
v -0.01271199993789196 -0.009882000274956226 0.026930000633001328
v -0.01139300037175417 -0.011377000249922276 0.026930000633001328
v -0.009895999915897846 -0.012701000086963177 0.026930000633001328
v -0.004707000218331814 -0.015398000366985798 0.026930000633001328
v -0.004933999851346016 -0.015325999818742275 0.026930000633001328
v -0.005160999950021505 -0.01525100041180849 0.026930000633001328
v -0.009193000383675098 -0.013283000327646732 0.026917999610304832
v -0.014112000353634357 -0.007778000086545944 0.026930000633001328
v 0.0006559999892488122 -0.016087999567389488 0.026930000633001328
v 0.0004419999895617366 -0.016094999387860298 0.026930000633001328
v -0.0033889999613165855 -0.015752000734210014 0.026930000633001328
v 0.00752299977466464 0.014233999885618687 0.026917999610304832
v 0.00979200005531311 0.012783999554812908 0.026930000633001328
v 0.009584999643266201 0.012950999662280083 0.026930000633001328
v 0.008747000247240067 0.013531999662518501 0.026930000633001328
v 0.009328999556601048 0.013127000071108341 0.026930000633001328
v 0.004077000077813864 0.01560600008815527 0.026931000873446465
v 0.002065999899059534 0.01602100022137165 0.026917999610304832
v 0.004327999893575907 0.015519999898970127 0.026930000633001328
v 0.0002519999979995191 0.016152000054717064 0.026917999610304832
v -0.0013859999598935246 0.016076000407338142 0.026930000633001328
v -0.001353000057861209 0.016076000407338142 0.026931000873446465
v 0.010821999981999397 0.011993000283837318 0.026917999610304832
v 0.00928299967199564 0.013209999538958073 0.026924999430775642
v 0.009331000037491322 0.013163999654352665 0.026930000633001328
v 0.004044999834150076 0.015616999939084053 0.026931000873446465
v 0.005754999816417694 0.015092999674379826 0.026917999610304832
v 0.004013999830931425 0.0156289990991354 0.026930000633001328
v -0.0032160000409930944 0.01577099971473217 0.026917999610304832
v -0.001053999993018806 0.01607700064778328 0.026930000633001328
v -0.0013200000394135714 0.016076000407338142 0.026931000873446465
v -0.012846999801695347 0.00979200005531311 0.026917999610304832
v -0.01142099965363741 0.011393999680876732 0.026931000873446465
v -0.011446000076830387 0.011373000219464302 0.026930000633001328
v -0.01347300037741661 0.008814999833703041 0.026930000633001328
v 0.004095999989658594 0.015626000240445137 0.026917999610304832
v 0.0040350002236664295 0.015626000240445137 0.02692900039255619
v -0.0014519999967887998 0.01607999950647354 0.026924999430775642
v -0.0014959999825805426 0.01608400046825409 0.026917999610304832
v -0.011483999900519848 0.011359999887645245 0.026917999610304832
v -0.011498999781906605 0.011332999914884567 0.026924999430775642
v -0.010053000412881374 0.012644000351428986 0.026917999610304832
v -0.014677000232040882 0.00674699991941452 0.026917999610304832
v -0.014677999541163445 0.006678999867290258 0.026930000633001328
v -0.013958999887108803 0.008129999972879887 0.026917999610304832
v -0.016131000593304634 0.0008510000188834965 0.026917999610304832
v -0.01610100083053112 -8.199999865610152e-05 0.026930000633001328
v -0.01610100083053112 2.5999999706982635e-05 0.026930000633001328
v -0.015718000009655952 0.003493000054731965 0.026930000633001328
v -0.016013000160455704 0.0016830000095069408 0.026930000633001328
v -0.01608099974691868 0.0007929999846965075 0.026930000633001328
v -0.016090000048279762 -0.0005869999877177179 0.026930000633001328
v -0.016093000769615173 -0.0005130000063218176 0.026930000633001328
v -0.01609399914741516 -0.0004799999878741801 0.026930000633001328
v -0.0160910002887249 -0.0005789999850094318 0.026930000633001328
v -0.016090000048279762 -0.0006130000110715628 0.026930000633001328
v -0.01610499992966652 -0.00048099999548867345 0.026930000633001328
v -0.016090000048279762 -0.0006459999713115394 0.026930000633001328
v -0.01610100083053112 -0.00021499999274965376 0.026930000633001328
v -0.01610800065100193 -0.0006140000186860561 0.026930000633001328
v -0.016112999990582466 -0.000754999986384064 0.026931000873446465
v -0.016112999990582466 -0.00076299998909235 0.026931000873446465
v -0.016114000231027603 -0.0007800000021234155 0.026931000873446465
v -0.016114000231027603 -0.0007880000048317015 0.026931000873446465
v -0.016114000231027603 -0.0007960000075399876 0.026931000873446465
v -0.01550500001758337 0.004530000034719706 0.026917999610304832
v -0.015626000240445137 0.004095999989658594 0.026917999610304832
v -0.01574699953198433 0.0033629999961704016 0.026930000633001328
v -0.015930000692605972 0.00267999991774559 0.026917999610304832
v -0.01602800004184246 0.0015510000521317124 0.026930000633001328
v -0.013546999543905258 0.008705000393092632 0.026930000633001328
v -0.013283000327646732 0.009193000383675098 0.026917999610304832
v -0.006736000068485737 0.014681999571621418 0.026917999610304832
v -0.006905999965965748 0.01460300013422966 0.026917999610304832
v -0.008410000242292881 0.013724000193178654 0.026917999610304832
v -0.004265999887138605 0.01558000035583973 0.026917999610304832
v -0.003967999946326017 0.01562800072133541 0.026930000633001328
v -0.0039470000192523 0.015634000301361084 0.026930000633001328
v -0.004217999987304211 0.015557000413537025 0.026930000633001328
v -0.00455200020223856 0.015455000102519989 0.026930000633001328
v -0.004985000006854534 0.015364999882876873 0.026917999610304832
v 0.0013200000394135714 0.016100000590085983 0.026917999610304832
v 0.0009549999958835542 0.01607399992644787 0.026930000633001328
v -0.0007880000048317015 0.016083000227808952 0.026930000633001328
v 0.00674699991941452 0.014677000232040882 0.026917999610304832
v 0.006390000227838755 0.014781000092625618 0.026930000633001328
v 0.004579999949783087 0.015437000431120396 0.026930000633001328
v 0.011300000362098217 0.011471999809145927 0.026930000633001328
v 0.012221000157296658 0.010564000345766544 0.026917999610304832
v 0.011114999651908875 0.011663000099360943 0.026930000633001328
v 0.011359999887645245 0.011483999900519848 0.026917999610304832
v 0.014403999783098698 0.007311000023037195 0.026917999610304832
v 0.014560000039637089 0.006897999905049801 0.026930000633001328
v 0.01460300013422966 0.006905999965965748 0.026917999610304832
v 0.015162999741733074 0.005570999812334776 0.026917999610304832
v 0.015348999761044979 0.0048699998296797276 0.026930000633001328
v 0.01558000035583973 0.004265999887138605 0.026917999610304832
v 0.01535400003194809 0.004852999933063984 0.026930000633001328
v 0.015432000160217285 0.004614000208675861 0.026930000633001328
v 0.015522000379860401 0.004344000015407801 0.026930000633001328
v 0.01569800078868866 0.0038109999150037766 0.026917999610304832
v 0.01595900021493435 0.0022249999456107616 0.026930000633001328
v 0.015829000622034073 0.003014999907463789 0.026930000633001328
v 0.015381000004708767 0.0047599999234080315 0.026930000633001328
v 0.015076999552547932 0.0056489999406039715 0.026930000633001328
v 0.014903999865055084 0.00609100004658103 0.026930000633001328
v 0.009614000096917152 0.012916999869048595 0.026930000633001328
v 0.006510999985039234 0.014725999906659126 0.026930000633001328
v 0.005613999906927347 0.015091000124812126 0.026930000633001328
v 0.001088000019080937 0.016063999384641647 0.026930000633001328
v 0.00020700000459328294 0.016100000590085983 0.026930000633001328
v -0.00022600000374950469 0.016099000349640846 0.026930000633001328
v -0.01052400004118681 0.012186000123620033 0.026930000633001328
v -0.010711000300943851 0.012020999565720558 0.026930000633001328
v -0.013989999890327454 0.007969999685883522 0.026930000633001328
v -0.014227000065147877 0.007538000121712685 0.026930000633001328
v -0.016112999990582466 -0.0007459999760612845 0.026931000873446465
v -0.016112999990582466 -0.000770999991800636 0.026931000873446465
v -0.009336999617516994 0.013182000257074833 0.026917999610304832
v -0.009680000133812428 0.012880000285804272 0.026930000633001328
v -0.011194000020623207 0.011587999761104584 0.026930000633001328
v -0.011394999921321869 0.011416000314056873 0.026931000873446465
v -0.01606000028550625 0.0012870000209659338 0.026930000633001328
v -0.016100000590085983 0.0013200000394135714 0.026917999610304832
v -0.016078000888228416 0.0011549999471753836 0.026930000633001328
v -0.016109999269247055 -0.0006799999973736703 0.026930000633001328
v -0.010804000310599804 0.011938000097870827 0.026930000633001328
v -0.010994999669492245 0.01176500041037798 0.026930000633001328
v -0.01089600007981062 0.011854000389575958 0.026930000633001328
v -0.011907000094652176 0.010855999775230885 0.026930000633001328
v -0.009352000430226326 0.013106999918818474 0.026930000633001328
v -0.009460999630391598 0.013030000030994415 0.026930000633001328
v -0.010142000392079353 0.012505000457167625 0.026930000633001328
v -0.0042940001003444195 0.01551899965852499 0.026930000633001328
v -0.004050999879837036 0.015604999847710133 0.026930000633001328
v -0.0039889998733997345 0.0156230004504323 0.026930000633001328
v -0.004009999800473452 0.015616999939084053 0.026930000633001328
v -0.003926999866962433 0.015639999881386757 0.026930000633001328
v -0.0038850000128149986 0.015651000663638115 0.026930000633001328
v -0.004166000057011843 0.015553000383079052 0.026930000633001328
v -0.005458000116050243 0.015159999951720238 0.026930000633001328
v -0.014510000124573708 0.006982000079005957 0.026930000633001328
v -0.014450999908149242 0.007100999820977449 0.026930000633001328
v -0.014340999536216259 0.007319999858736992 0.026930000633001328
v -0.015022000297904015 0.005826999898999929 0.026930000633001328
v -0.014631999656558037 0.0067460001446306705 0.026930000633001328
v -0.016100000590085983 0.00013499999477062374 0.026930000633001328
v -0.016096999868750572 0.0003530000103637576 0.026930000633001328
v -0.01610100083053112 -0.00014899999951012433 0.026930000633001328
v 0.0093560004606843 0.013143000192940235 0.026931000873446465
v 0.015387999825179577 0.004749999847263098 0.026930000633001328
v 0.01536600012332201 0.004819000139832497 0.026930000633001328
v 0.014716999605298042 0.0065310001373291016 0.026930000633001328
v 0.014663999900221825 0.006653000134974718 0.026930000633001328
v 0.013420999981462955 0.008988999761641026 0.026917999610304832
v 0.015343000181019306 0.0048870001919567585 0.026930000633001328
v 0.013182000257074833 0.009336999617516994 0.026917999610304832
v 0.01271199993789196 0.009882000274956226 0.026930000633001328
v 0.01139300037175417 0.011377000249922276 0.026930000633001328
v 0.009895999915897846 0.012701000086963177 0.026930000633001328
v 0.004707000218331814 0.015398000366985798 0.026930000633001328
v 0.004933999851346016 0.015325999818742275 0.026930000633001328
v 0.005160999950021505 0.01525100041180849 0.026930000633001328
v 0.009193000383675098 0.013283000327646732 0.026917999610304832
v 0.014112000353634357 0.007778000086545944 0.026930000633001328
v -0.0006559999892488122 0.016087999567389488 0.026930000633001328
v -0.0004419999895617366 0.016094999387860298 0.026930000633001328
v 0.0033889999613165855 0.015752000734210014 0.026930000633001328
v -0.01418600045144558 0.014380999840795994 -0.039500001817941666
v -0.011102000251412392 0.016875000670552254 -0.039500001817941666
v -0.007590999826788902 0.018719999119639397 -0.039500001817941666
v -0.0037869999650865793 0.019842000678181648 -0.039500001817941666
v 0.0 0.02019999921321869 -0.039500001817941666
v 0.0 -0.02019999921321869 -0.039500001817941666
v -0.00392200006172061 -0.019816000014543533 -0.039500001817941666
v -0.007718000095337629 -0.01866699941456318 -0.039500001817941666
v -0.011216999962925911 -0.016798999160528183 -0.039500001817941666
v -0.014283999800682068 -0.014283999800682068 -0.039500001817941666
v -0.016784999519586563 -0.011238000355660915 -0.039500001817941666
v -0.018657999113202095 -0.007741000037640333 -0.039500001817941666
v -0.019811000674962997 -0.003945999778807163 -0.039500001817941666
v -0.02019999921321869 0.0 -0.039500001817941666
v -0.019890999421477318 0.0035200000274926424 -0.039500001817941666
v -0.01882000081241131 0.0073379999957978725 -0.039500001817941666
v -0.017023000866174698 0.010874000377953053 -0.039500001817941666
v -0.014573000371456146 0.013988000340759754 -0.039500001817941666
v 0.00392200006172061 0.019816000014543533 -0.039500001817941666
v 0.007718000095337629 0.01866699941456318 -0.039500001817941666
v 0.011216999962925911 0.016798999160528183 -0.039500001817941666
v 0.014283999800682068 0.014283999800682068 -0.039500001817941666
v 0.016784999519586563 0.011238000355660915 -0.039500001817941666
v 0.018657999113202095 0.007741999812424183 -0.039500001817941666
v 0.019811000674962997 0.0039470000192523 -0.039500001817941666
v 0.02019999921321869 0.0 -0.039500001817941666
v 0.019816000014543533 -0.00392200006172061 -0.039500001817941666
v 0.01866699941456318 -0.007718000095337629 -0.039500001817941666
v 0.016798999160528183 -0.011216999962925911 -0.039500001817941666
v 0.014283999800682068 -0.014283999800682068 -0.039500001817941666
v 0.011235999874770641 -0.0167859997600317 -0.039500001817941666
v 0.007739999797195196 -0.018657999113202095 -0.039500001817941666
v 0.0039450000040233135 -0.019811000674962997 -0.039500001817941666
v -0.01558000035583973 -0.00431900005787611 0.02690500020980835
v -0.016093000769615173 -0.0015480000292882323 0.02690500020980835
v -0.016101999208331108 -0.0016009999671950936 0.026892999187111855
v -0.011332999914884567 -0.011529999785125256 0.02690500020980835
v -0.013163000345230103 -0.00938700046390295 0.02690500020980835
v -0.013144999742507935 -0.009437000378966331 0.026892999187111855
v -0.006705999840050936 -0.01471100002527237 0.02690500020980835
v -0.009158999659121037 -0.013322999700903893 0.02690500020980835
v -0.009123999625444412 -0.013364000245928764 0.026892999187111855
v -0.0012700000079348683 -0.016116999089717865 0.02690500020980835
v -0.004050000105053186 -0.015652000904083252 0.02690500020980835
v -0.004002999980002642 -0.015678999945521355 0.026892999187111855
v 0.00431900005787611 -0.01558000035583973 0.02690500020980835
v 0.0015480000292882323 -0.016093000769615173 0.02690500020980835
v 0.0016009999671950936 -0.016101999208331108 0.026892999187111855
v 0.00938700046390295 -0.013163000345230103 0.02690500020980835
v 0.006959000136703253 -0.014592999592423439 0.02690500020980835
v 0.007011000066995621 -0.01458400022238493 0.026892999187111855
v 0.013322999700903893 -0.009158999659121037 0.02690500020980835
v 0.011529999785125256 -0.011332999914884567 0.02690500020980835
v 0.011575999669730663 -0.01130599994212389 0.026892999187111855
v 0.015652000904083252 -0.004050000105053186 0.02690500020980835
v 0.01471100002527237 -0.006705999840050936 0.02690500020980835
v 0.014744999818503857 -0.0066650002263486385 0.026892999187111855
v 0.01613599993288517 -0.0012199999764561653 0.026892999187111855
v 0.016101999208331108 0.0016009999671950936 0.026892999187111855
v 0.016093000769615173 0.0015480000292882323 0.02690500020980835
v 0.013364000245928764 -0.009123999625444412 0.026892999187111855
v 0.009437000378966331 -0.013144999742507935 0.026892999187111855
v 0.004372000228613615 -0.01558000035583973 0.026892999187111855
v -0.0012199999764561653 -0.01613599993288517 0.026892999187111855
v -0.0066650002263486385 -0.014744999818503857 0.026892999187111855
v -0.01130599994212389 -0.011575999669730663 0.026892999187111855
v -0.01458400022238493 -0.007011000066995621 0.026892999187111855
v -0.014592999592423439 -0.006959000136703253 0.02690500020980835
v -0.01558000035583973 -0.004372000228613615 0.026892999187111855
v 0.016116999089717865 -0.0012700000079348683 0.02690500020980835
v 0.015678999945521355 -0.004002999980002642 0.026892999187111855
v 0.01558000035583973 0.00431900005787611 0.02690500020980835
v 0.011332999914884567 0.011529999785125256 0.02690500020980835
v 0.013163000345230103 0.00938700046390295 0.02690500020980835
v 0.013144999742507935 0.009437000378966331 0.026892999187111855
v 0.006705999840050936 0.01471100002527237 0.02690500020980835
v 0.009158999659121037 0.013322999700903893 0.02690500020980835
v 0.009123999625444412 0.013364000245928764 0.026892999187111855
v 0.0012700000079348683 0.016116999089717865 0.02690500020980835
v 0.004050000105053186 0.015652000904083252 0.02690500020980835
v 0.004002999980002642 0.015678999945521355 0.026892999187111855
v -0.00431900005787611 0.01558000035583973 0.02690500020980835
v -0.0015480000292882323 0.016093000769615173 0.02690500020980835
v -0.0016009999671950936 0.016101999208331108 0.026892999187111855
v -0.00938700046390295 0.013163000345230103 0.02690500020980835
v -0.006959000136703253 0.014592999592423439 0.02690500020980835
v -0.007011000066995621 0.01458400022238493 0.026892999187111855
v -0.013322999700903893 0.009158999659121037 0.02690500020980835
v -0.011529999785125256 0.011332999914884567 0.02690500020980835
v -0.011575999669730663 0.01130599994212389 0.026892999187111855
v -0.015652000904083252 0.004050000105053186 0.02690500020980835
v -0.01471100002527237 0.006705999840050936 0.02690500020980835
v -0.014744999818503857 0.0066650002263486385 0.026892999187111855
v -0.01613599993288517 0.0012199999764561653 0.026892999187111855
v -0.013364000245928764 0.009123999625444412 0.026892999187111855
v -0.009437000378966331 0.013144999742507935 0.026892999187111855
v -0.004372000228613615 0.01558000035583973 0.026892999187111855
v 0.0012199999764561653 0.01613599993288517 0.026892999187111855
v 0.0066650002263486385 0.014744999818503857 0.026892999187111855
v 0.01130599994212389 0.011575999669730663 0.026892999187111855
v 0.01458400022238493 0.007011000066995621 0.026892999187111855
v 0.014592999592423439 0.006959000136703253 0.02690500020980835
v 0.01558000035583973 0.004372000228613615 0.026892999187111855
v -0.016116999089717865 0.0012700000079348683 0.02690500020980835
v -0.015678999945521355 0.004002999980002642 0.026892999187111855
v 0.030577000230550766 0.027313999831676483 -0.02079799957573414
v 0.0305160004645586 0.027381999418139458 -0.02085000090301037
v 0.03051000088453293 0.02738800086081028 -0.020836999639868736
v 0.03050599992275238 0.027393000200390816 -0.02082199975848198
v 0.030503999441862106 0.027396000921726227 -0.020805999636650085
v 0.03050299920141697 0.027396000921726227 -0.02078999951481819
v 0.03050599992275238 0.027393000200390816 -0.020767999812960625
v 0.030511999502778053 0.027387000620365143 -0.02074900083243847
v 0.030520999804139137 0.027377000078558922 -0.020732000470161438
v 0.030533000826835632 0.027363000437617302 -0.020718999207019806
v 0.030548999086022377 0.027344999834895134 -0.02071000076830387
v 0.03067000024020672 0.027209000661969185 -0.020704999566078186
v 0.03067000024020672 0.027209000661969185 -0.020885000005364418
v 0.030604999512434006 0.027281999588012695 -0.020885000005364418
v 0.030565999448299408 0.027326000854372978 -0.020881999284029007
v 0.030534999445080757 0.027360999956727028 -0.020871000364422798
v 0.03052400052547455 0.027372999116778374 -0.020860999822616577
v -0.003223000094294548 -0.02024500072002411 -0.03920000046491623
v -0.003980000037699938 -0.020109999924898148 -0.03920000046491623
v -0.017753999680280685 0.010250000283122063 -0.03920000046491623
v -0.01732799969613552 0.01095299981534481 -0.03920000046491623
v -0.004232000093907118 0.020058000460267067 -0.03920000046491623
v -0.0033710000570863485 0.020221000537276268 -0.03920000046491623
v -0.0008490000036545098 0.020481999963521957 -0.03920000046491623
v 0.0 0.020500000566244125 -0.03920000046491623
v -0.007703000213950872 0.018998000770807266 -0.03920000046491623
v -0.006688999943435192 0.019378000870347023 -0.03920000046491623
v -0.005305999889969826 0.019801000133156776 -0.03920000046491623
v -0.010250000283122063 0.017753999680280685 -0.03920000046491623
v -0.009025000035762787 0.01840599998831749 -0.03920000046491623
v -0.015835000202059746 0.013020000420510769 -0.03920000046491623
v -0.014608999714255333 0.014380999840795994 -0.03920000046491623
v -0.01272599957883358 0.016071999445557594 -0.03920000046491623
v -0.010633000172674656 0.01752699911594391 -0.03920000046491623
v -0.018546000123023987 0.008735000155866146 -0.03920000046491623
v -0.019252000376582146 0.007044000085443258 -0.03920000046491623
v -0.019801000133156776 0.005305999889969826 -0.03920000046491623
v -0.01997699961066246 0.004600000102072954 -0.03920000046491623
v -0.02049800008535385 0.0002749999985098839 -0.03920000046491623
v -0.020392000675201416 0.0021039999555796385 -0.03920000046491623
v -0.020374000072479248 -0.0022720000706613064 -0.03920000046491623
v -0.020500000566244125 0.0 -0.03920000046491623
v -0.019801000133156776 -0.005305999889969826 -0.03920000046491623
v -0.019938999786973 -0.004765000194311142 -0.03920000046491623
v -0.02010500058531761 -0.004004999995231628 -0.03920000046491623
v -0.019433999434113503 -0.006525999866425991 -0.03920000046491623
v -0.018935000523924828 -0.00785600021481514 -0.03920000046491623
v -0.01723800040781498 -0.011095999740064144 -0.03920000046491623
v -0.017753999680280685 -0.010250000283122063 -0.03920000046491623
v -0.018472999334335327 -0.008887999691069126 -0.03920000046491623
v -0.014499999582767487 -0.014491000212728977 -0.03920000046491623
v -0.01617800071835518 -0.012590999715030193 -0.03920000046491623
v -0.00974200014024973 -0.01803700067102909 -0.03920000046491623
v -0.010250000283122063 -0.017753999680280685 -0.03920000046491623
v -0.011889999732375145 -0.01669899933040142 -0.03920000046491623
v -0.01387100014835596 -0.015093999914824963 -0.03920000046491623
v -0.005305999889969826 -0.019801000133156776 -0.03920000046491623
v -0.005692000035196543 -0.019694000482559204 -0.03920000046491623
v -0.008093000389635563 -0.018835000693798065 -0.03920000046491623
v -0.0014019999653100967 -0.020452000200748444 -0.03920000046491623
v 0.0 -0.020500000566244125 -0.03920000046491623
v 0.003223000094294548 0.02024500072002411 -0.03920000046491623
v 0.003980000037699938 0.020109999924898148 -0.03920000046491623
v 0.005305999889969826 -0.019801000133156776 -0.03920000046491623
v 0.004232000093907118 -0.020058000460267067 -0.03920000046491623
v 0.0033710000570863485 -0.020221000537276268 -0.03920000046491623
v 0.0008490000036545098 -0.020481999963521957 -0.03920000046491623
v 0.006688999943435192 -0.019378000870347023 -0.03920000046491623
v 0.007854999974370003 -0.018935000523924828 -0.03920000046491623
v 0.011402999982237816 -0.01703600026667118 -0.03920000046491623
v 0.010633000172674656 -0.01752699911594391 -0.03920000046491623
v 0.010250000283122063 -0.017753999680280685 -0.03920000046491623
v 0.009025000035762787 -0.01840599998831749 -0.03920000046491623
v 0.017753999680280685 -0.010250000283122063 -0.03920000046491623
v 0.01732799969613552 -0.01095299981534481 -0.03920000046491623
v 0.015835000202059746 -0.013020000420510769 -0.03920000046491623
v 0.014608999714255333 -0.014380999840795994 -0.03920000046491623
v 0.01272599957883358 -0.016071999445557594 -0.03920000046491623
v 0.018546000123023987 -0.008735000155866146 -0.03920000046491623
v 0.019252000376582146 -0.007044000085443258 -0.03920000046491623
v 0.019801000133156776 -0.005305999889969826 -0.03920000046491623
v 0.01997699961066246 -0.004600000102072954 -0.03920000046491623
v 0.020392000675201416 -0.0021039999555796385 -0.03920000046491623
v 0.02049800008535385 -0.0002749999985098839 -0.03920000046491623
v 0.020374000072479248 0.0022720000706613064 -0.03920000046491623
v 0.020500000566244125 0.0 -0.03920000046491623
v 0.019801000133156776 0.005305999889969826 -0.03920000046491623
v 0.019938999786973 0.004765000194311142 -0.03920000046491623
v 0.02010500058531761 0.004005999770015478 -0.03920000046491623
v 0.019433999434113503 0.006525999866425991 -0.03920000046491623
v 0.018935000523924828 0.007857000455260277 -0.03920000046491623
v 0.01723800040781498 0.011095999740064144 -0.03920000046491623
v 0.017753999680280685 0.010250000283122063 -0.03920000046491623
v 0.018472999334335327 0.008887999691069126 -0.03920000046491623
v 0.014499999582767487 0.014491000212728977 -0.03920000046491623
v 0.01617800071835518 0.012590999715030193 -0.03920000046491623
v 0.00974200014024973 0.01803700067102909 -0.03920000046491623
v 0.010250000283122063 0.017753999680280685 -0.03920000046491623
v 0.011889999732375145 0.01669899933040142 -0.03920000046491623
v 0.01387100014835596 0.015093999914824963 -0.03920000046491623
v 0.005305999889969826 0.019801000133156776 -0.03920000046491623
v 0.005692000035196543 0.019694000482559204 -0.03920000046491623
v 0.008093000389635563 0.018835000693798065 -0.03920000046491623
v 0.0014019999653100967 0.020452000200748444 -0.03920000046491623
v -0.016326000913977623 -0.0020089999306946993 0.026629000902175903
v -0.0163589995354414 -0.002044999971985817 0.026593999937176704
v -0.01572900079190731 -0.004813999868929386 0.026629000902175903
v -0.015755999833345413 -0.004854999948292971 0.026593999937176704
v -0.014654000289738178 -0.0074720000848174095 0.026629000902175903
v -0.014673000201582909 -0.0075170001946389675 0.026593999937176704
v -0.013133999891579151 -0.009902999736368656 0.026629000902175903
v -0.013144999742507935 -0.009951000101864338 0.026593999937176704
v -0.011215000413358212 -0.012032999657094479 0.026629000902175903
v -0.011216999962925911 -0.012082000263035297 0.026593999937176704
v -0.008954999968409538 -0.013798000290989876 0.026629000902175903
v -0.008949000388383865 -0.013845999725162983 0.026593999937176704
v -0.006422999780625105 -0.015142999589443207 0.026629000902175903
v -0.006409000139683485 -0.015189999714493752 0.026593999937176704
v -0.0036959999706596136 -0.01602800004184246 0.026629000902175903
v -0.003674000035971403 -0.016071999445557594 0.026593999937176704
v -0.0008559999987483025 -0.016426000744104385 0.026629000902175903
v -0.0008270000107586384 -0.01646599918603897 0.026593999937176704
v 0.0020089999306946993 -0.016326000913977623 0.026629000902175903
v 0.002044999971985817 -0.0163589995354414 0.026593999937176704
v 0.004813999868929386 -0.01572900079190731 0.026629000902175903
v 0.004854999948292971 -0.015755999833345413 0.026593999937176704
v 0.0074720000848174095 -0.014654000289738178 0.026629000902175903
v 0.0075170001946389675 -0.014673000201582909 0.026593999937176704
v 0.009902999736368656 -0.013133999891579151 0.026629000902175903
v 0.009951000101864338 -0.013144999742507935 0.026593999937176704
v 0.012032999657094479 -0.011215000413358212 0.026629000902175903
v 0.012082000263035297 -0.011216999962925911 0.026593999937176704
v 0.013798000290989876 -0.008954999968409538 0.026629000902175903
v 0.013845999725162983 -0.008949000388383865 0.026593999937176704
v 0.015142999589443207 -0.006422999780625105 0.026629000902175903
v 0.015189999714493752 -0.006409000139683485 0.026593999937176704
v 0.01602800004184246 -0.0036959999706596136 0.026629000902175903
v 0.016071999445557594 -0.003674000035971403 0.026593999937176704
v 0.016426000744104385 -0.0008559999987483025 0.026629000902175903
v 0.01646599918603897 -0.0008270000107586384 0.026593999937176704
v 0.016326000913977623 0.0020089999306946993 0.026629000902175903
v 0.0163589995354414 0.002044999971985817 0.026593999937176704
v -0.016273999586701393 -0.0019499999471008778 0.02668599970638752
v -0.01568800024688244 -0.004745999816805124 0.02668599970638752
v -0.014626000076532364 -0.0073979999870061874 0.02668599970638752
v -0.013119000010192394 -0.00982499960809946 0.02668599970638752
v -0.011212999932467937 -0.01195400021970272 0.02668599970638752
v -0.008967000059783459 -0.01372000016272068 0.02668599970638752
v -0.0064489999786019325 -0.015068000182509422 0.02668599970638752
v -0.003734000027179718 -0.01595900021493435 0.02668599970638752
v -0.0009059999720193446 -0.01636499911546707 0.02668599970638752
v 0.0019499999471008778 -0.016273999586701393 0.02668599970638752
v 0.004745999816805124 -0.01568800024688244 0.02668599970638752
v 0.0073979999870061874 -0.014626000076532364 0.02668599970638752
v 0.00982499960809946 -0.013119000010192394 0.02668599970638752
v 0.01195400021970272 -0.011212999932467937 0.02668599970638752
v 0.01372000016272068 -0.008967000059783459 0.02668599970638752
v 0.015068000182509422 -0.0064489999786019325 0.02668599970638752
v 0.01595900021493435 -0.003734000027179718 0.02668599970638752
v 0.01636499911546707 -0.0009059999720193446 0.02668599970638752
v 0.016273999586701393 0.0019499999471008778 0.02668599970638752
v -0.016203999519348145 -0.0018520000157877803 0.02676600031554699
v -0.015636000782251358 -0.004637000150978565 0.02676600031554699
v -0.014592999592423439 -0.007282000035047531 0.02676600031554699
v -0.013106999918818474 -0.00970499962568283 0.02676600031554699
v -0.011222000233829021 -0.01183400023728609 0.02676600031554699
v -0.008996999822556973 -0.013602999970316887 0.02676600031554699
v -0.006498000118881464 -0.014957999810576439 0.02676600031554699
v -0.00380200007930398 -0.015860000625252724 0.02676600031554699
v -0.0009899999713525176 -0.016279000788927078 0.02676600031554699
v 0.0018520000157877803 -0.016203999519348145 0.02676600031554699
v 0.004637000150978565 -0.015636000782251358 0.02676600031554699
v 0.007282000035047531 -0.014592999592423439 0.02676600031554699
v 0.00970499962568283 -0.013106999918818474 0.02676600031554699
v 0.01183400023728609 -0.011222000233829021 0.02676600031554699
v 0.013602999970316887 -0.008996999822556973 0.02676600031554699
v 0.014957999810576439 -0.006498000118881464 0.02676600031554699
v 0.015860000625252724 -0.00380200007930398 0.02676600031554699
v 0.016279000788927078 -0.0009899999713525176 0.02676600031554699
v 0.016203999519348145 0.0018520000157877803 0.02676600031554699
v 0.01572900079190731 0.004813999868929386 0.026629000902175903
v 0.015755999833345413 0.004854999948292971 0.026593999937176704
v 0.014654000289738178 0.0074720000848174095 0.026629000902175903
v 0.014673000201582909 0.0075170001946389675 0.026593999937176704
v 0.013133999891579151 0.009902999736368656 0.026629000902175903
v 0.013144999742507935 0.009951000101864338 0.026593999937176704
v 0.011215000413358212 0.012032999657094479 0.026629000902175903
v 0.011216999962925911 0.012082000263035297 0.026593999937176704
v 0.008954999968409538 0.013798000290989876 0.026629000902175903
v 0.008949000388383865 0.013845999725162983 0.026593999937176704
v 0.006422999780625105 0.015142999589443207 0.026629000902175903
v 0.006409000139683485 0.015189999714493752 0.026593999937176704
v 0.0036959999706596136 0.01602800004184246 0.026629000902175903
v 0.003674000035971403 0.016071999445557594 0.026593999937176704
v 0.0008559999987483025 0.016426000744104385 0.026629000902175903
v 0.0008270000107586384 0.01646599918603897 0.026593999937176704
v -0.0020089999306946993 0.016326000913977623 0.026629000902175903
v -0.002044999971985817 0.0163589995354414 0.026593999937176704
v -0.004813999868929386 0.01572900079190731 0.026629000902175903
v -0.004854999948292971 0.015755999833345413 0.026593999937176704
v -0.0074720000848174095 0.014654000289738178 0.026629000902175903
v -0.0075170001946389675 0.014673000201582909 0.026593999937176704
v -0.009902999736368656 0.013133999891579151 0.026629000902175903
v -0.009951000101864338 0.013144999742507935 0.026593999937176704
v -0.012032999657094479 0.011215000413358212 0.026629000902175903
v -0.012082000263035297 0.011216999962925911 0.026593999937176704
v -0.013798000290989876 0.008954999968409538 0.026629000902175903
v -0.013845999725162983 0.008949000388383865 0.026593999937176704
v -0.015142999589443207 0.006422999780625105 0.026629000902175903
v -0.015189999714493752 0.006409000139683485 0.026593999937176704
v -0.01602800004184246 0.0036959999706596136 0.026629000902175903
v -0.016071999445557594 0.003674000035971403 0.026593999937176704
v -0.016426000744104385 0.0008559999987483025 0.026629000902175903
v -0.01646599918603897 0.0008270000107586384 0.026593999937176704
v 0.01568800024688244 0.004745999816805124 0.02668599970638752
v 0.014626000076532364 0.0073979999870061874 0.02668599970638752
v 0.013119000010192394 0.00982499960809946 0.02668599970638752
v 0.011212999932467937 0.01195400021970272 0.02668599970638752
v 0.008967000059783459 0.01372000016272068 0.02668599970638752
v 0.0064489999786019325 0.015068000182509422 0.02668599970638752
v 0.003734000027179718 0.01595900021493435 0.02668599970638752
v 0.0009059999720193446 0.01636499911546707 0.02668599970638752
v -0.0019499999471008778 0.016273999586701393 0.02668599970638752
v -0.004745999816805124 0.01568800024688244 0.02668599970638752
v -0.0073979999870061874 0.014626000076532364 0.02668599970638752
v -0.00982499960809946 0.013119000010192394 0.02668599970638752
v -0.01195400021970272 0.011212999932467937 0.02668599970638752
v -0.01372000016272068 0.008967000059783459 0.02668599970638752
v -0.015068000182509422 0.0064489999786019325 0.02668599970638752
v -0.01595900021493435 0.003734000027179718 0.02668599970638752
v -0.01636499911546707 0.0009059999720193446 0.02668599970638752
v 0.015636000782251358 0.004637000150978565 0.02676600031554699
v 0.014592999592423439 0.007282000035047531 0.02676600031554699
v 0.013106999918818474 0.00970499962568283 0.02676600031554699
v 0.011222000233829021 0.01183400023728609 0.02676600031554699
v 0.008996999822556973 0.013602999970316887 0.02676600031554699
v 0.006498000118881464 0.014957999810576439 0.02676600031554699
v 0.00380200007930398 0.015860000625252724 0.02676600031554699
v 0.0009899999713525176 0.016279000788927078 0.02676600031554699
v -0.0018520000157877803 0.016203999519348145 0.02676600031554699
v -0.004637000150978565 0.015636000782251358 0.02676600031554699
v -0.007282000035047531 0.014592999592423439 0.02676600031554699
v -0.00970499962568283 0.013106999918818474 0.02676600031554699
v -0.01183400023728609 0.011222000233829021 0.02676600031554699
v -0.013602999970316887 0.008996999822556973 0.02676600031554699
v -0.014957999810576439 0.006498000118881464 0.02676600031554699
v -0.015860000625252724 0.00380200007930398 0.02676600031554699
v -0.016279000788927078 0.0009899999713525176 0.02676600031554699
v 0.03088200092315674 0.027396999299526215 -0.020704999566078186
v 0.03088200092315674 0.027396999299526215 -0.020885000005364418
v 0.030817000195384026 0.02747100032866001 -0.020885000005364418
v 0.03077699989080429 0.027514999732375145 -0.020881999284029007
v 0.03074599988758564 0.027550000697374344 -0.020871000364422798
v 0.030734999105334282 0.02756199985742569 -0.020860999822616577
v 0.030727000907063484 0.027571000158786774 -0.02085000090301037
v 0.030720999464392662 0.027577999979257584 -0.020836999639868736
v 0.030717000365257263 0.027581999078392982 -0.02082199975848198
v 0.03071499988436699 0.027584999799728394 -0.020805999636650085
v 0.030713999643921852 0.027584999799728394 -0.02078999951481819
v 0.030716000124812126 0.02758299931883812 -0.020767999812960625
v 0.0307219997048378 0.02757599949836731 -0.02074900083243847
v 0.03073200024664402 0.027566000819206238 -0.020732000470161438
v 0.030743999406695366 0.02755199931561947 -0.020718999207019806
v 0.03075999952852726 0.02753400057554245 -0.02071000076830387
v -0.005305999889969826 0.019801000133156776 -0.03610000014305115
v -0.005305999889969826 -0.019801000133156776 -0.03610000014305115
v 0.0 -0.020500000566244125 -0.03610000014305115
v -0.010250000283122063 -0.017753999680280685 -0.03610000014305115
v -0.014495999552309513 -0.014495999552309513 -0.03610000014305115
v -0.017753999680280685 -0.010250000283122063 -0.03610000014305115
v -0.019801000133156776 -0.005305999889969826 -0.03610000014305115
v -0.020500000566244125 0.0 -0.03610000014305115
v -0.019801000133156776 0.005305999889969826 -0.03610000014305115
v -0.017753999680280685 0.010250000283122063 -0.03610000014305115
v -0.014495999552309513 0.014495999552309513 -0.03610000014305115
v -0.010250000283122063 0.017753999680280685 -0.03610000014305115
v 0.0 0.020500000566244125 -0.03610000014305115
v 0.010250000283122063 -0.017753999680280685 -0.03610000014305115
v 0.005305999889969826 0.019801000133156776 -0.03610000014305115
v 0.010250000283122063 0.017753999680280685 -0.03610000014305115
v 0.014495999552309513 0.014495999552309513 -0.03610000014305115
v 0.017753999680280685 0.010250000283122063 -0.03610000014305115
v 0.019801000133156776 0.005305999889969826 -0.03610000014305115
v 0.020500000566244125 0.0 -0.03610000014305115
v 0.019801000133156776 -0.005305999889969826 -0.03610000014305115
v 0.017753999680280685 -0.010250000283122063 -0.03610000014305115
v 0.014495999552309513 -0.014495999552309513 -0.03610000014305115
v 0.005305999889969826 -0.019801000133156776 -0.03610000014305115
v 0.01647699996829033 0.0021559998858720064 0.026474999263882637
v 0.0164170004427433 0.002099999925121665 0.026534000411629677
v 0.016600999981164932 -0.0007379999733529985 0.026474999263882637
v 0.016533000394701958 -0.0007830000249668956 0.026534000411629677
v 0.01621999964118004 -0.0036100000143051147 0.026474999263882637
v 0.01614600047469139 -0.0036410000175237656 0.026534000411629677
v 0.01534700021147728 -0.006372000090777874 0.026474999263882637
v 0.015267999842762947 -0.006390000227838755 0.026534000411629677
v 0.014007000252604485 -0.008940000087022781 0.026474999263882637
v 0.013926999643445015 -0.008944000117480755 0.026534000411629677
v 0.012241999618709087 -0.011235999874770641 0.026474999263882637
v 0.012161999940872192 -0.011226000264286995 0.026534000411629677
v 0.010816000401973724 -0.012614999897778034 0.026474999263882637
v 0.010027999989688396 -0.013167999684810638 0.026534000411629677
v 0.0075889998115599155 -0.014708999544382095 0.026534000411629677
v 0.008592999540269375 -0.014223000034689903 0.026474999263882637
v 0.010104999877512455 -0.013190999627113342 0.026474999263882637
v 0.004918999969959259 -0.015802999958395958 0.026534000411629677
v 0.006134000141173601 -0.015443000011146069 0.026474999263882637
v 0.007660999894142151 -0.014746000058948994 0.026474999263882637
v 0.002099999925121665 -0.0164170004427433 0.026534000411629677
v 0.0035089999437332153 -0.016241999343037605 0.026474999263882637
v 0.004984000232070684 -0.015852000564336777 0.026474999263882637
v -0.0007830000249668956 -0.016533000394701958 0.026534000411629677
v 0.0007880000048317015 -0.01659799925982952 0.026474999263882637
v 0.0021559998858720064 -0.01647699996829033 0.026474999263882637
v -0.0036410000175237656 -0.01614600047469139 0.026534000411629677
v -0.0019549999851733446 -0.016502000391483307 0.026474999263882637
v -0.0007379999733529985 -0.016600999981164932 0.026474999263882637
v -0.006390000227838755 -0.015267999842762947 0.026534000411629677
v -0.004645000211894512 -0.0159549992531538 0.026474999263882637
v -0.0036100000143051147 -0.01621999964118004 0.026474999263882637
v -0.008944000117480755 -0.013926999643445015 0.026534000411629677
v -0.007207000162452459 -0.014972999691963196 0.026474999263882637
v -0.006372000090777874 -0.01534700021147728 0.026474999263882637
v -0.0164170004427433 -0.002099999925121665 0.026534000411629677
v -0.01647699996829033 -0.0021559998858720064 0.026474999263882637
v -0.015802999958395958 -0.004918999969959259 0.026534000411629677
v -0.015852000564336777 -0.004984000232070684 0.026474999263882637
v -0.014708999544382095 -0.0075889998115599155 0.026534000411629677
v -0.014746000058948994 -0.007660999894142151 0.026474999263882637
v -0.013167999684810638 -0.010027999989688396 0.026534000411629677
v -0.013190999627113342 -0.010104999877512455 0.026474999263882637
v -0.011226000264286995 -0.012161999940872192 0.026534000411629677
v -0.011235999874770641 -0.012241999618709087 0.026474999263882637
v -0.008940000087022781 -0.014007000252604485 0.026474999263882637
v -0.016600999981164932 0.0007379999733529985 0.026474999263882637
v -0.016533000394701958 0.0007830000249668956 0.026534000411629677
v -0.01621999964118004 0.0036100000143051147 0.026474999263882637
v -0.01614600047469139 0.0036410000175237656 0.026534000411629677
v -0.01534700021147728 0.006372000090777874 0.026474999263882637
v -0.015267999842762947 0.006390000227838755 0.026534000411629677
v -0.014007000252604485 0.008940000087022781 0.026474999263882637
v -0.013926999643445015 0.008944000117480755 0.026534000411629677
v -0.012241999618709087 0.011235999874770641 0.026474999263882637
v -0.012161999940872192 0.011226000264286995 0.026534000411629677
v -0.010816000401973724 0.012614999897778034 0.026474999263882637
v -0.010027999989688396 0.013167999684810638 0.026534000411629677
v -0.0075889998115599155 0.014708999544382095 0.026534000411629677
v -0.008592999540269375 0.014223000034689903 0.026474999263882637
v -0.010104999877512455 0.013190999627113342 0.026474999263882637
v -0.004918999969959259 0.015802999958395958 0.026534000411629677
v -0.006134000141173601 0.015443000011146069 0.026474999263882637
v -0.007660999894142151 0.014746000058948994 0.026474999263882637
v -0.002099999925121665 0.0164170004427433 0.026534000411629677
v -0.0035089999437332153 0.016241999343037605 0.026474999263882637
v -0.004984000232070684 0.015852000564336777 0.026474999263882637
v 0.0007830000249668956 0.016533000394701958 0.026534000411629677
v -0.0007880000048317015 0.01659799925982952 0.026474999263882637
v -0.0021559998858720064 0.01647699996829033 0.026474999263882637
v 0.0036410000175237656 0.01614600047469139 0.026534000411629677
v 0.0019549999851733446 0.016502000391483307 0.026474999263882637
v 0.0007379999733529985 0.016600999981164932 0.026474999263882637
v 0.006390000227838755 0.015267999842762947 0.026534000411629677
v 0.004645000211894512 0.0159549992531538 0.026474999263882637
v 0.0036100000143051147 0.01621999964118004 0.026474999263882637
v 0.008944000117480755 0.013926999643445015 0.026534000411629677
v 0.007207000162452459 0.014972999691963196 0.026474999263882637
v 0.006372000090777874 0.01534700021147728 0.026474999263882637
v 0.015802999958395958 0.004918999969959259 0.026534000411629677
v 0.015852000564336777 0.004984000232070684 0.026474999263882637
v 0.014708999544382095 0.0075889998115599155 0.026534000411629677
v 0.014746000058948994 0.007660999894142151 0.026474999263882637
v 0.013167999684810638 0.010027999989688396 0.026534000411629677
v 0.013190999627113342 0.010104999877512455 0.026474999263882637
v 0.011226000264286995 0.012161999940872192 0.026534000411629677
v 0.011235999874770641 0.012241999618709087 0.026474999263882637
v 0.008940000087022781 0.014007000252604485 0.026474999263882637
v 0.030697999522089958 0.02760300040245056 -0.021219000220298767
v 0.030623000115156174 0.027685999870300293 -0.021219000220298767
v 0.030733000487089157 0.027564000338315964 -0.021126000210642815
v 0.03070100024342537 0.02759999968111515 -0.021033000200986862
v 0.03077000007033348 0.027522999793291092 -0.02103699930012226
v 0.030733000487089157 0.027564000338315964 -0.02097800001502037
v 0.030784999951720238 0.02750599943101406 -0.021007999777793884
v 0.030666999518871307 0.027636999264359474 -0.020701000466942787
v 0.0306560005992651 0.027650000527501106 -0.020733000710606575
v 0.030649999156594276 0.02765600010752678 -0.020764999091625214
v 0.030649999156594276 0.027657000347971916 -0.02080399915575981
v 0.030657000839710236 0.02764900028705597 -0.02084900066256523
v 0.030672000721096992 0.02763199992477894 -0.020888999104499817
v 0.030758999288082123 0.027535000815987587 -0.020955000072717667
v 0.030724000185728073 0.027574000880122185 -0.020944999530911446
v 0.030695000663399696 0.027605999261140823 -0.02092299982905388
v 0.030946999788284302 0.027324000373482704 -0.02062699943780899
v 0.030946999788284302 0.027324000373482704 -0.021219000220298767
v 0.03088200092315674 0.027396999299526215 -0.02096799947321415
v 0.03088200092315674 0.027396999299526215 -0.021219000220298767
v 0.0308190006762743 0.027468999847769737 -0.02097400091588497
v 0.030806999653577805 0.027481000870466232 -0.020980000495910645
v 0.03079799935221672 0.02749199979007244 -0.02098900079727173
v 0.0306829996407032 0.027620000764727592 -0.020673999562859535
v 0.03070100024342537 0.027598999440670013 -0.020654000341892242
v 0.030724000185728073 0.027574000880122185 -0.020640000700950623
v 0.03075600042939186 0.027538999915122986 -0.020632000640034676
v 0.03084699995815754 0.02743699960410595 -0.02096799947321415
v 0.0 0.02010600082576275 -0.03610000014305115
v -0.005204000044614077 0.01942100003361702 -0.03610000014305115
v -0.010053000412881374 0.01741199940443039 -0.03610000014305115
v -0.01421700045466423 0.01421700045466423 -0.03610000014305115
v -0.01741199940443039 0.010053000412881374 -0.03610000014305115
v -0.01942100003361702 0.005204000044614077 -0.03610000014305115
v -0.02010600082576275 0.0 -0.03610000014305115
v -0.01942100003361702 -0.005204000044614077 -0.03610000014305115
v -0.01741199940443039 -0.010053000412881374 -0.03610000014305115
v -0.01421700045466423 -0.01421700045466423 -0.03610000014305115
v -0.010053000412881374 -0.01741199940443039 -0.03610000014305115
v -0.005204000044614077 -0.01942100003361702 -0.03610000014305115
v 0.0 -0.02010600082576275 -0.03610000014305115
v 0.005204000044614077 -0.01942100003361702 -0.03610000014305115
v 0.010053000412881374 -0.01741199940443039 -0.03610000014305115
v 0.01421700045466423 -0.01421700045466423 -0.03610000014305115
v 0.01741199940443039 -0.010053000412881374 -0.03610000014305115
v 0.01942100003361702 -0.005204000044614077 -0.03610000014305115
v 0.02010600082576275 0.0 -0.03610000014305115
v 0.01942100003361702 0.005204000044614077 -0.03610000014305115
v 0.01741199940443039 0.010053000412881374 -0.03610000014305115
v 0.01421700045466423 0.01421700045466423 -0.03610000014305115
v 0.010053000412881374 0.01741199940443039 -0.03610000014305115
v 0.005204000044614077 0.01942100003361702 -0.03610000014305115
v -0.0016210000030696392 -0.017324000597000122 0.02586200088262558
v 0.0012529999949038029 -0.017354000359773636 0.02586200088262558
v 0.004091999959200621 -0.01691100001335144 0.02586200088262558
v 0.006819999776780605 -0.01600700058043003 0.02586200088262558
v -0.010007999837398529 -0.015096000395715237 0.02538900077342987
v -0.007387000136077404 -0.016537999734282494 0.02538900077342987
v -0.007277000229805708 -0.01626800000667572 0.025572000071406364
v 0.01806800067424774 0.002891999902203679 0.02528100088238716
v 0.0178849995136261 0.0028609998989850283 0.02538900077342987
v 0.01829800009727478 -0.00012099999730708078 0.02528100088238716
v 0.018112000077962875 -0.00012099999730708078 0.02538900077342987
v 0.018028000369668007 -0.003131000092253089 0.02528100088238716
v 0.017844999209046364 -0.0031010000966489315 0.02538900077342987
v 0.017266999930143356 -0.006056000012904406 0.02528100088238716
v 0.017091000452637672 -0.005996000021696091 0.02538900077342987
v 0.01603499986231327 -0.008814999833703041 0.02528100088238716
v 0.015870999544858932 -0.008727000094950199 0.02538900077342987
v 0.0143649997189641 -0.011334000155329704 0.02528100088238716
v 0.014217999763786793 -0.011219999752938747 0.02538900077342987
v 0.012303999625146389 -0.013543999753892422 0.02528100088238716
v 0.01217699982225895 -0.013407999649643898 0.02538900077342987
v 0.00990699976682663 -0.01538500003516674 0.02528100088238716
v 0.00723899994045496 -0.016805000603199005 0.02528100088238716
v 0.009805000387132168 -0.01522899977862835 0.02538900077342987
v 0.0043739997781813145 -0.017767999321222305 0.02528100088238716
v 0.007164000067859888 -0.016635000705718994 0.02538900077342987
v 0.0013899999903514981 -0.018245000392198563 0.02528100088238716
v 0.004327999893575907 -0.017587000504136086 0.02538900077342987
v -0.0016319999704137444 -0.01822499930858612 0.02528100088238716
v 0.0013749999925494194 -0.018060000613331795 0.02538900077342987
v -0.004608999937772751 -0.017707999795675278 0.02528100088238716
v -0.0016169999726116657 -0.018039999529719353 0.02538900077342987
v -0.007460999768227339 -0.016707999631762505 0.02528100088238716
v -0.010108999907970428 -0.015251999720931053 0.02528100088238716
v -0.012481999583542347 -0.013380000367760658 0.02528100088238716
v -0.0178849995136261 -0.0028609998989850283 0.02538900077342987
v -0.01806800067424774 -0.002891999902203679 0.02528100088238716
v -0.017170000821352005 -0.005766000133007765 0.02538900077342987
v -0.01734600029885769 -0.005826999898999929 0.02528100088238716
v -0.01598699949681759 -0.00851299986243248 0.02538900077342987
v -0.01614999957382679 -0.008601999841630459 0.02528100088238716
v -0.014367000199854374 -0.011029000394046307 0.02538900077342987
v -0.014514000155031681 -0.011142999865114689 0.02528100088238716
v -0.012356000021100044 -0.013243000023066998 0.02538900077342987
v 0.01759899966418743 0.002804999938234687 0.025572000071406364
v 0.017821000888943672 -0.00013000000035390258 0.025572000071406364
v 0.017556000500917435 -0.0030610000248998404 0.025572000071406364
v 0.016813000664114952 -0.0059090000577270985 0.025572000071406364
v 0.01561100035905838 -0.008596000261604786 0.025572000071406364
v 0.01398400031030178 -0.011048000305891037 0.025572000071406364
v 0.011974000371992588 -0.01319899968802929 0.025572000071406364
v -0.004449999891221523 -0.0168210007250309 0.02586200088262558
v -0.0044999998062849045 -0.017243999987840652 0.025572000071406364
v -0.004563999827951193 -0.017527999356389046 0.02538900077342987
v -0.01759899966418743 -0.002804999938234687 0.025572000071406364
v -0.01689700037240982 -0.005663999821990728 0.025572000071406364
v -0.015735000371932983 -0.008368000388145447 0.025572000071406364
v -0.014143000356853008 -0.010843999683856964 0.025572000071406364
v -0.012164999730885029 -0.013023000210523605 0.025572000071406364
v -0.009855000302195549 -0.01484800036996603 0.025572000071406364
v 0.017191000282764435 0.0026809999253600836 0.02586200088262558
v 0.01739799976348877 -0.0001849999971454963 0.02586200088262558
v 0.017131000757217407 -0.00304599991068244 0.02586200088262558
v 0.016395999118685722 -0.005824000108987093 0.02586200088262558
v 0.015212999656796455 -0.008442999795079231 0.02586200088262558
v 0.013616000302135944 -0.010831999592483044 0.02586200088262558
v 0.011648000217974186 -0.012924999929964542 0.02586200088262558
v -0.017191000282764435 -0.0026809999253600836 0.02586200088262558
v -0.016516000032424927 -0.00547399977222085 0.02586200088262558
v -0.015389000065624714 -0.008117999881505966 0.02586200088262558
v -0.013842999935150146 -0.010540000163018703 0.02586200088262558
v -0.011919000186026096 -0.012675000354647636 0.02586200088262558
v -0.009670999832451344 -0.0144640002399683 0.02586200088262558
v -0.007158000022172928 -0.015859000384807587 0.02586200088262558
v 0.009638999588787556 -0.014990000054240227 0.025572000071406364
v 0.009360999800264835 -0.014666000381112099 0.02586200088262558
v 0.007040000054985285 -0.01637200079858303 0.025572000071406364
v 0.0042489999905228615 -0.01730700023472309 0.025572000071406364
v 0.0013429999817162752 -0.017771000042557716 0.025572000071406364
v -0.0016009999671950936 -0.01774900034070015 0.025572000071406364
v 0.0016210000030696392 0.017324000597000122 0.02586200088262558
v -0.0012529999949038029 0.017354000359773636 0.02586200088262558
v -0.004091999959200621 0.01691100001335144 0.02586200088262558
v -0.006819999776780605 0.01600700058043003 0.02586200088262558
v 0.010007999837398529 0.015096000395715237 0.02538900077342987
v 0.007387000136077404 0.016537999734282494 0.02538900077342987
v 0.007277000229805708 0.01626800000667572 0.025572000071406364
v -0.01829800009727478 0.00012099999730708078 0.02528100088238716
v -0.018112000077962875 0.00012099999730708078 0.02538900077342987
v -0.018028000369668007 0.003131000092253089 0.02528100088238716
v -0.017844999209046364 0.0031010000966489315 0.02538900077342987
v -0.017266999930143356 0.006056000012904406 0.02528100088238716
v -0.017091000452637672 0.005996000021696091 0.02538900077342987
v -0.01603499986231327 0.008814999833703041 0.02528100088238716
v -0.015870999544858932 0.008727000094950199 0.02538900077342987
v -0.0143649997189641 0.011334000155329704 0.02528100088238716
v -0.014217999763786793 0.011219999752938747 0.02538900077342987
v -0.012303999625146389 0.013543999753892422 0.02528100088238716
v -0.01217699982225895 0.013407999649643898 0.02538900077342987
v -0.00990699976682663 0.01538500003516674 0.02528100088238716
v -0.00723899994045496 0.016805000603199005 0.02528100088238716
v -0.009805000387132168 0.01522899977862835 0.02538900077342987
v -0.0043739997781813145 0.017767999321222305 0.02528100088238716
v -0.007164000067859888 0.016635000705718994 0.02538900077342987
v -0.0013899999903514981 0.018245000392198563 0.02528100088238716
v -0.004327999893575907 0.017587000504136086 0.02538900077342987
v 0.0016319999704137444 0.01822499930858612 0.02528100088238716
v -0.0013749999925494194 0.018060000613331795 0.02538900077342987
v 0.004608999937772751 0.017707999795675278 0.02528100088238716
v 0.0016169999726116657 0.018039999529719353 0.02538900077342987
v 0.007460999768227339 0.016707999631762505 0.02528100088238716
v 0.010108999907970428 0.015251999720931053 0.02528100088238716
v 0.012481999583542347 0.013380000367760658 0.02528100088238716
v 0.017170000821352005 0.005766000133007765 0.02538900077342987
v 0.01734600029885769 0.005826999898999929 0.02528100088238716
v 0.01598699949681759 0.00851299986243248 0.02538900077342987
v 0.01614999957382679 0.008601999841630459 0.02528100088238716
v 0.014367000199854374 0.011029000394046307 0.02538900077342987
v 0.014514000155031681 0.011142999865114689 0.02528100088238716
v 0.012356000021100044 0.013243000023066998 0.02538900077342987
v -0.017821000888943672 0.00013000000035390258 0.025572000071406364
v -0.017556000500917435 0.0030610000248998404 0.025572000071406364
v -0.016813000664114952 0.0059090000577270985 0.025572000071406364
v -0.01561100035905838 0.008596000261604786 0.025572000071406364
v -0.01398400031030178 0.011048000305891037 0.025572000071406364
v -0.011974000371992588 0.01319899968802929 0.025572000071406364
v 0.004449999891221523 0.0168210007250309 0.02586200088262558
v 0.0044999998062849045 0.017243999987840652 0.025572000071406364
v 0.004563999827951193 0.017527999356389046 0.02538900077342987
v 0.01689700037240982 0.005663999821990728 0.025572000071406364
v 0.015735000371932983 0.008368000388145447 0.025572000071406364
v 0.014143000356853008 0.010843999683856964 0.025572000071406364
v 0.012164999730885029 0.013023000210523605 0.025572000071406364
v 0.009855000302195549 0.01484800036996603 0.025572000071406364
v -0.01739799976348877 0.0001849999971454963 0.02586200088262558
v -0.017131000757217407 0.00304599991068244 0.02586200088262558
v -0.016395999118685722 0.005824000108987093 0.02586200088262558
v -0.015212999656796455 0.008442999795079231 0.02586200088262558
v -0.013616000302135944 0.010831999592483044 0.02586200088262558
v -0.011648000217974186 0.012924999929964542 0.02586200088262558
v 0.016516000032424927 0.00547399977222085 0.02586200088262558
v 0.015389000065624714 0.008117999881505966 0.02586200088262558
v 0.013842999935150146 0.010540000163018703 0.02586200088262558
v 0.011919000186026096 0.012675000354647636 0.02586200088262558
v 0.009670999832451344 0.0144640002399683 0.02586200088262558
v 0.007158000022172928 0.015859000384807587 0.02586200088262558
v -0.009638999588787556 0.014990000054240227 0.025572000071406364
v -0.009360999800264835 0.014666000381112099 0.02586200088262558
v -0.007040000054985285 0.01637200079858303 0.025572000071406364
v -0.0042489999905228615 0.01730700023472309 0.025572000071406364
v -0.0013429999817162752 0.017771000042557716 0.025572000071406364
v 0.0016009999671950936 0.01774900034070015 0.025572000071406364
v 0.03067000024020672 0.027209000661969185 -0.021219000220298767
v 0.030734000727534294 0.027137000113725662 -0.021219000220298767
v 0.030734000727534294 0.027137000113725662 -0.02062699943780899
v 0.030544999986886978 0.02734999917447567 -0.020632000640034676
v 0.03051299974322319 0.02738500013947487 -0.020640000700950623
v 0.030491000041365623 0.027410000562667847 -0.020654000341892242
v 0.03047199919819832 0.027431000024080276 -0.020673999562859535
v 0.03045699931681156 0.027448000386357307 -0.020701000466942787
v 0.030446000397205353 0.027459999546408653 -0.020733000710606575
v 0.03044000081717968 0.027466999366879463 -0.020764999091625214
v 0.030439000576734543 0.027466999366879463 -0.02080399915575981
v 0.030446000397205353 0.027459999546408653 -0.02084900066256523
v 0.030462000519037247 0.027442000806331635 -0.020888999104499817
v 0.03048500046133995 0.027417000383138657 -0.02092299982905388
v 0.030513999983668327 0.02738500013947487 -0.020944999530911446
v 0.03054800070822239 0.027347000315785408 -0.020955000072717667
v 0.030522000044584274 0.027374999597668648 -0.02097800001502037
v 0.030489999800920486 0.027411000803112984 -0.021033000200986862
v 0.030412999913096428 0.02749600075185299 -0.021219000220298767
v 0.030487999320030212 0.027413999661803246 -0.021219000220298767
v 0.03052300028502941 0.027374999597668648 -0.021126000210642815
v 0.030558999627828598 0.027334000915288925 -0.02103699930012226
v 0.030573999509215355 0.027317000553011894 -0.021007999777793884
v 0.030587000772356987 0.027303000912070274 -0.02098900079727173
v 0.030595999211072922 0.027293000370264053 -0.020980000495910645
v 0.03060699999332428 0.02727999910712242 -0.02097400091588497
v 0.03063499927520752 0.02724899910390377 -0.02096799947321415
v 0.03067000024020672 0.027209000661969185 -0.02096799947321415
v 0.0 0.02010600082576275 -0.03500000014901161
v -0.005204000044614077 0.01942100003361702 -0.03500000014901161
v -0.010053000412881374 0.01741199940443039 -0.03500000014901161
v -0.01421700045466423 0.01421700045466423 -0.03500000014901161
v -0.01741199940443039 0.010053000412881374 -0.03500000014901161
v -0.01942100003361702 0.005204000044614077 -0.03500000014901161
v -0.02010600082576275 0.0 -0.03500000014901161
v -0.01942100003361702 -0.005204000044614077 -0.03500000014901161
v -0.01741199940443039 -0.010053000412881374 -0.03500000014901161
v -0.01421700045466423 -0.01421700045466423 -0.03500000014901161
v -0.010053000412881374 -0.01741199940443039 -0.03500000014901161
v -0.005204000044614077 -0.01942100003361702 -0.03500000014901161
v 0.0 -0.02010600082576275 -0.03500000014901161
v 0.005204000044614077 -0.01942100003361702 -0.03500000014901161
v 0.010053000412881374 -0.01741199940443039 -0.03500000014901161
v 0.01421700045466423 -0.01421700045466423 -0.03500000014901161
v 0.01741199940443039 -0.010053000412881374 -0.03500000014901161
v 0.01942100003361702 -0.005204000044614077 -0.03500000014901161
v 0.02010600082576275 0.0 -0.03500000014901161
v 0.01942100003361702 0.005204000044614077 -0.03500000014901161
v 0.01741199940443039 0.010053000412881374 -0.03500000014901161
v 0.01421700045466423 0.01421700045466423 -0.03500000014901161
v 0.010053000412881374 0.01741199940443039 -0.03500000014901161
v 0.005204000044614077 0.01942100003361702 -0.03500000014901161
v -0.01781499944627285 -0.005969999823719263 0.025043999776244164
v -0.01855500042438507 -0.002956999931484461 0.025043999776244164
v -0.019071999937295914 -0.0030509999487549067 0.024901999160647392
v 0.018789000809192657 -0.00013800000306218863 0.025043999776244164
v 0.019314000383019447 -0.00013000000035390258 0.024901999160647392
v 0.01855500042438507 0.002956999931484461 0.025043999776244164
v 0.019071999937295914 0.0030509999487549067 0.024901999160647392
v 0.01645899936556816 -0.009064000099897385 0.025043999776244164
v 0.017611000686883926 -0.007930999621748924 0.024901999160647392
v 0.017726000398397446 -0.006231000181287527 0.025043999776244164
v 0.018225999549031258 -0.006393999792635441 0.024901999160647392
v 0.0185100007802248 -0.0032279998995363712 0.025043999776244164
v 0.019029000774025917 -0.00330700003542006 0.024901999160647392
v 0.019262000918388367 -0.001429000054486096 0.024901999160647392
v 0.007420999929308891 -0.01726200059056282 0.025043999776244164
v 0.007639999967068434 -0.01773899979889393 0.024901999160647392
v 0.010161000303924084 -0.015805000439286232 0.025043999776244164
v 0.010455000214278698 -0.01624000072479248 0.024901999160647392
v 0.012624000199139118 -0.013917000032961369 0.025043999776244164
v 0.012985999695956707 -0.014298000372946262 0.024901999160647392
v 0.01474200002849102 -0.011649000458419323 0.025043999776244164
v 0.015162000432610512 -0.011965000070631504 0.024901999160647392
v 0.01692499965429306 -0.009305999614298344 0.024901999160647392
v -0.001689000055193901 -0.018712999299168587 0.025043999776244164
v -0.00030700000934302807 -0.019311999902129173 0.024901999160647392
v 0.0014140000566840172 -0.01873599924147129 0.025043999776244164
v 0.0014659999869763851 -0.019259000197052956 0.024901999160647392
v 0.004478999879211187 -0.018247999250888824 0.025043999776244164
v 0.004616000223904848 -0.018755000084638596 0.024901999160647392
v 0.006316999904811382 -0.018252000212669373 0.024901999160647392
v -0.01282699964940548 -0.013729999773204327 0.025043999776244164
v -0.013175999745726585 -0.014121999964118004 0.024901999160647392
v -0.01039199996739626 -0.015653999522328377 0.025043999776244164
v -0.010672000236809254 -0.01609800010919571 0.024901999160647392
v -0.007672999985516071 -0.0171509999781847 0.025043999776244164
v -0.00787699967622757 -0.017635000869631767 0.024901999160647392
v -0.004745999816805124 -0.01817999966442585 0.025043999776244164
v -0.004867000039666891 -0.01869099959731102 0.024901999160647392
v -0.0017239999724552035 -0.01923700049519539 0.024901999160647392
v -0.018309999257326126 -0.006149000022560358 0.024901999160647392
v -0.017853999510407448 -0.007366999983787537 0.024901999160647392
v -0.016589999198913574 -0.008821000345051289 0.025043999776244164
v -0.017047999426722527 -0.009078999981284142 0.024901999160647392
v -0.014911999925971031 -0.011432000435888767 0.025043999776244164
v -0.015320999547839165 -0.011761000379920006 0.024901999160647392
v -0.014258000068366528 -0.013028999790549278 0.024901999160647392
v 0.01781499944627285 0.005969999823719263 0.025043999776244164
v -0.018789000809192657 0.00013800000306218863 0.025043999776244164
v -0.019314000383019447 0.00013000000035390258 0.024901999160647392
v -0.01645899936556816 0.009064000099897385 0.025043999776244164
v -0.017611000686883926 0.007930999621748924 0.024901999160647392
v -0.017726000398397446 0.006231000181287527 0.025043999776244164
v -0.018225999549031258 0.006393999792635441 0.024901999160647392
v -0.0185100007802248 0.0032279998995363712 0.025043999776244164
v -0.019029000774025917 0.00330700003542006 0.024901999160647392
v -0.019262000918388367 0.001429000054486096 0.024901999160647392
v -0.007420999929308891 0.01726200059056282 0.025043999776244164
v -0.007639999967068434 0.01773899979889393 0.024901999160647392
v -0.010161000303924084 0.015805000439286232 0.025043999776244164
v -0.010455000214278698 0.01624000072479248 0.024901999160647392
v -0.012624000199139118 0.013917000032961369 0.025043999776244164
v -0.012985999695956707 0.014298000372946262 0.024901999160647392
v -0.01474200002849102 0.011649000458419323 0.025043999776244164
v -0.015162000432610512 0.011965000070631504 0.024901999160647392
v -0.01692499965429306 0.009305999614298344 0.024901999160647392
v 0.001689000055193901 0.018712999299168587 0.025043999776244164
v 0.00030700000934302807 0.019311999902129173 0.024901999160647392
v -0.0014140000566840172 0.01873599924147129 0.025043999776244164
v -0.0014659999869763851 0.019259000197052956 0.024901999160647392
v -0.004478999879211187 0.018247999250888824 0.025043999776244164
v -0.004616000223904848 0.018755000084638596 0.024901999160647392
v -0.006316999904811382 0.018252000212669373 0.024901999160647392
v 0.01282699964940548 0.013729999773204327 0.025043999776244164
v 0.013175999745726585 0.014121999964118004 0.024901999160647392
v 0.01039199996739626 0.015653999522328377 0.025043999776244164
v 0.010672000236809254 0.01609800010919571 0.024901999160647392
v 0.007672999985516071 0.0171509999781847 0.025043999776244164
v 0.00787699967622757 0.017635000869631767 0.024901999160647392
v 0.004745999816805124 0.01817999966442585 0.025043999776244164
v 0.004867000039666891 0.01869099959731102 0.024901999160647392
v 0.0017239999724552035 0.01923700049519539 0.024901999160647392
v 0.018309999257326126 0.006149000022560358 0.024901999160647392
v 0.017853999510407448 0.007366999983787537 0.024901999160647392
v 0.016589999198913574 0.008821000345051289 0.025043999776244164
v 0.017047999426722527 0.009078999981284142 0.024901999160647392
v 0.014911999925971031 0.011432000435888767 0.025043999776244164
v 0.015320999547839165 0.011761000379920006 0.024901999160647392
v 0.014258000068366528 0.013028999790549278 0.024901999160647392
v 0.03962799906730652 0.010517000220716 -0.017454000189900398
v 0.03965900093317032 0.010401000268757343 -0.017667999491095543
v 0.03962799906730652 0.010517000220716 -0.017542000859975815
v 0.03964199870824814 0.010463999584317207 -0.017697999253869057
v 0.03963200002908707 0.010503999888896942 -0.017625000327825546
v 0.03962799906730652 0.010517000220716 -0.01734899915754795
v 0.039712000638246536 0.010197999887168407 -0.017000999301671982
v 0.03962799906730652 0.010517000220716 -0.017253000289201736
v 0.039629001170396805 0.010514000430703163 -0.01720999926328659
v 0.039650000631809235 0.010433999821543694 -0.017062000930309296
v 0.03966100141406059 0.010393000207841396 -0.01708099991083145
v 0.039636000990867615 0.010486000217497349 -0.017128000035881996
v 0.03963200002908707 0.010502000339329243 -0.017162000760436058
v 0.03968900069594383 0.010285000316798687 -0.017000000923871994
v 0.0396680012345314 0.010363999754190445 -0.017017999663949013
v 0.03965799883008003 0.01040400005877018 -0.017754999920725822
v 0.039677999913692474 0.010327000170946121 -0.017788000404834747
v 0.03968900069594383 0.01028599962592125 -0.017792999744415283
v 0.03971400111913681 0.010188000276684761 -0.01779399998486042
v 0.03975899890065193 0.010010999627411366 -0.01779399998486042
v 0.039744000881910324 0.010072000324726105 -0.017000999301671982
v 0.0398470014333725 0.009655999951064587 -0.01779399998486042
v 0.040011998265981674 0.008944000117480755 -0.01779399998486042
v 0.04009300097823143 0.008574999868869781 -0.01779399998486042
v 0.040272001177072525 0.0076939999125897884 -0.017000999301671982
v 0.04030599817633629 0.007511999923735857 -0.01779399998486042
v 0.040272001177072525 0.0076939999125897884 -0.016279999166727066
v 0.04028899967670441 0.007602999918162823 -0.01588200032711029
v 0.040066998451948166 0.008698999881744385 -0.016279999166727066
v 0.039965998381376266 0.009151999838650227 -0.016279999166727066
v 0.03962700068950653 0.010520000010728836 -0.016023000702261925
v 0.03962700068950653 0.010520000010728836 -0.01597600057721138
v 0.03971099853515625 0.010199000127613544 -0.016127999871969223
v 0.03962799906730652 0.010518999770283699 -0.016054999083280563
v 0.039792999625205994 0.009877000004053116 -0.016279999166727066
v 0.03970099985599518 0.010238000191748142 -0.016279999166727066
v 0.039684001356363297 0.010304000228643417 -0.01627800054848194
v 0.03967199847102165 0.010351000353693962 -0.01626800000667572
v 0.03963400050997734 0.010497000068426132 -0.016134999692440033
v 0.039645999670028687 0.010449999943375587 -0.016203999519348145
v 0.03966299816966057 0.010383999906480312 -0.0162540003657341
v 0.039687998592853546 0.010289999656379223 -0.015730999410152435
v 0.03962700068950653 0.010520000010728836 -0.015790000557899475
v 0.03968200087547302 0.010311000049114227 -0.01548799965530634
v 0.03970099985599518 0.010239999741315842 -0.015484999865293503
v 0.03968000039458275 0.010317999869585037 -0.015488999895751476
v 0.03962700068950653 0.010520000010728836 -0.01574300043284893
v 0.03962799906730652 0.010518999770283699 -0.015716999769210815
v 0.03962999954819679 0.010510999709367752 -0.015667999163269997
v 0.039659999310970306 0.010394999757409096 -0.01551700010895729
v 0.03964399918913841 0.010458000004291534 -0.015569999814033508
v 0.03963200002908707 0.010502000339329243 -0.01564200036227703
v 0.039824001491069794 0.009747999720275402 -0.015730999410152435
v 0.039746999740600586 0.010058999992907047 -0.015484999865293503
v 0.03983699902892113 0.009697999805212021 -0.015484999865293503
v 0.04000600054860115 0.00897200033068657 -0.015484999865293503
v 0.04030599817633629 0.007511999923735857 -0.015484999865293503
v 0.04041200131177902 0.006916999816894531 -0.021005000919103622
v 0.04041999951004982 0.00687299994751811 -0.020945999771356583
v 0.040428999811410904 0.006818000227212906 -0.021013999357819557
v 0.04050400108098984 0.0063599999994039536 -0.020833000540733337
v 0.04050400108098984 0.0063599999994039536 -0.021947000175714493
v 0.040481001138687134 0.0065009999088943005 -0.020833000540733337
v 0.04048199951648712 0.006498999893665314 -0.021947000175714493
v 0.04045499861240387 0.0066639999859035015 -0.020844999700784683
v 0.040460001677274704 0.006632999982684851 -0.021942000836133957
v 0.04044000059366226 0.006756000220775604 -0.021921999752521515
v 0.04042999818921089 0.006810999941080809 -0.02168400026857853
v 0.040431998670101166 0.006800000090152025 -0.02190599963068962
v 0.04042600095272064 0.006837000139057636 -0.021883999928832054
v 0.04041599854826927 0.006897999905049801 -0.02182300016283989
v 0.04040699824690819 0.006945000030100346 -0.02173599973320961
v 0.04040199890732765 0.006976000033318996 -0.02160700038075447
v 0.040428999811410904 0.006816999986767769 -0.020901000127196312
v 0.04044099897146225 0.00674699991941452 -0.02086699940264225
v 0.04039999842643738 0.006988000124692917 -0.021425999701023102
v 0.04040300101041794 0.006972999777644873 -0.021182000637054443
v 0.04040699824690819 0.006949999835342169 -0.021083999425172806
v 0.038823001086711884 0.013182000257074833 -0.0217289999127388
v 0.03882500156760216 0.013176999986171722 -0.021796999499201775
v 0.03873400017619133 0.013441000133752823 -0.021795999258756638
v 0.038752999156713486 0.013385999947786331 -0.021491000428795815
v 0.03876899927854538 0.013338999822735786 -0.02150600031018257
v 0.038784001022577286 0.013295000419020653 -0.021532999351620674
v 0.038798000663518906 0.013255000114440918 -0.021570000797510147
v 0.03880999982357025 0.01322100032120943 -0.021615000441670418
v 0.03881800174713135 0.01319700013846159 -0.021669000387191772
v 0.038649000227451324 0.013682999648153782 -0.021671999245882034
v 0.03865800052881241 0.013658000156283379 -0.021618999540805817
v 0.03867100179195404 0.013623000122606754 -0.021571999415755272
v 0.03868500143289566 0.01358100026845932 -0.02153399959206581
v 0.038701001554727554 0.013535999692976475 -0.02150700055062771
v 0.038718000054359436 0.013488000258803368 -0.021491000428795815
v 0.038736000657081604 0.01343700010329485 -0.02148500084877014
v 0.03864400088787079 0.013698000460863113 -0.021859999746084213
v 0.038642000406980515 0.01370299980044365 -0.021795999258756638
v 0.03864400088787079 0.013698000460863113 -0.021731000393629074
v 0.03871599957346916 0.013492999598383904 -0.022099999710917473
v 0.03869999945163727 0.013539000414311886 -0.02208399958908558
v 0.03868500143289566 0.01358299981802702 -0.02205600030720234
v 0.038669999688863754 0.013624000363051891 -0.02201800048351288
v 0.03865800052881241 0.013658000156283379 -0.021971000358462334
v 0.038649000227451324 0.013682999648153782 -0.021918000653386116
v 0.038823001086711884 0.013182000257074833 -0.021862000226974487
v 0.03881800174713135 0.01319700013846159 -0.021920999512076378
v 0.038809001445770264 0.01322299987077713 -0.021973000839352608
v 0.03879699856042862 0.013257999904453754 -0.022019000723958015
v 0.038782998919487 0.013299999758601189 -0.022057000547647476
v 0.038766998797655106 0.013345000334084034 -0.02208399958908558
v 0.03875099867582321 0.013392999768257141 -0.022099999710917473
v 0.03873300179839134 0.01344399992376566 -0.022105999290943146
v 0.03879699856042862 0.013259000144898891 -0.020754000172019005
v 0.03880999982357025 0.013218999840319157 -0.020827999338507652
v 0.03881499916315079 0.013206999748945236 -0.020911000669002533
v 0.0387209989130497 0.013478999957442284 -0.020677000284194946
v 0.03875499963760376 0.013380000367760658 -0.020680999383330345
v 0.03873400017619133 0.013441000133752823 -0.02092600055038929
v 0.03877900168299675 0.013311999849975109 -0.020708000287413597
v 0.03869500011205673 0.013551999814808369 -0.02070000022649765
v 0.0386740006506443 0.01361399982124567 -0.02074900083243847
v 0.038658998906612396 0.013655000366270542 -0.020813999697566032
v 0.03865300118923187 0.013673000037670135 -0.020917000249028206
v 0.03874700143933296 0.013403999619185925 -0.02114799991250038
v 0.0387130007147789 0.013501999899744987 -0.021145999431610107
v 0.03865699842572212 0.013660999946296215 -0.020999999716877937
v 0.03867100179195404 0.01362099964171648 -0.021074000746011734
v 0.038690000772476196 0.0135690001770854 -0.02112000063061714
v 0.0388140007853508 0.013207999989390373 -0.020935000851750374
v 0.038809001445770264 0.013221999630331993 -0.021004000678658485
v 0.03879699856042862 0.013259000144898891 -0.021069999784231186
v 0.038773998618125916 0.013325000181794167 -0.021122999489307404
v 0.03311099857091904 0.02418000064790249 -0.020873000845313072
v 0.03311999887228012 0.024167999625205994 -0.02086699940264225
v 0.03328600153326988 0.023938000202178955 -0.021390000358223915
v 0.03298100084066391 0.02435700036585331 -0.021588999778032303
v 0.03298899903893471 0.02434599958360195 -0.021144000813364983
v 0.033018000423908234 0.024306999519467354 -0.02100599929690361
v 0.03305700048804283 0.024252999573946 -0.020925000309944153
v 0.03316900134086609 0.02410000003874302 -0.020844999700784683
v 0.03326600044965744 0.023965999484062195 -0.020833000540733337
v 0.03334899991750717 0.02384999953210354 -0.020833000540733337
v 0.03334899991750717 0.02384999953210354 -0.021947000175714493
v 0.03330700099468231 0.023910000920295715 -0.021947000175714493
v 0.033268000930547714 0.02396400086581707 -0.021947000175714493
v 0.033188000321388245 0.02407499961555004 -0.021942000836133957
v 0.0331140011548996 0.024174999445676804 -0.021921999752521515
v 0.03308799862861633 0.024212000891566277 -0.02190599963068962
v 0.0330049991607666 0.024323999881744385 -0.021751999855041504
v 0.03303899988532066 0.024277999997138977 -0.021842999383807182
v 0.03307799994945526 0.02422500029206276 -0.021896999329328537
v 0.030851999297738075 0.027002999559044838 -0.020746000111103058
v 0.030824000015854836 0.02703399956226349 -0.02066499926149845
v 0.03078800067305565 0.027076000347733498 -0.02059599943459034
v 0.030868999660015106 0.026984000578522682 -0.020829999819397926
v 0.03087400086224079 0.026977000758051872 -0.020917000249028206
v 0.030868999660015106 0.026984000578522682 -0.02100300043821335
v 0.030789000913500786 0.02707500010728836 -0.021236000582575798
v 0.030825000256299973 0.027032999321818352 -0.021167000755667686
v 0.030851999297738075 0.0270019993185997 -0.021087000146508217
v 0.030525000765919685 0.027372000738978386 -0.020475000143051147
v 0.030579999089241028 0.027310000732541084 -0.0204670000821352
v 0.030635999515652657 0.027248000726103783 -0.020475000143051147
v 0.03068999946117401 0.02718699909746647 -0.02049900032579899
v 0.03074200078845024 0.027127999812364578 -0.02054000087082386
v 0.03047100082039833 0.027432000264525414 -0.02049900032579899
v 0.030417000874876976 0.027490999549627304 -0.02054000087082386
v 0.03037099912762642 0.027542000636458397 -0.02059599943459034
v 0.030333999544382095 0.027583999559283257 -0.02066499926149845
v 0.030306000262498856 0.02761399932205677 -0.020746000111103058
v 0.030288999900221825 0.027633000165224075 -0.020829999819397926
v 0.03028300032019615 0.027638999745249748 -0.020917000249028206
v 0.030288999900221825 0.027633000165224075 -0.02100300043821335
v 0.03052400052547455 0.027372999116778374 -0.021358000114560127
v 0.030469000339508057 0.027434999123215675 -0.02133299969136715
v 0.03041600063443184 0.027493000030517578 -0.021291999146342278
v 0.03037000074982643 0.02754399925470352 -0.021236000582575798
v 0.03033299930393696 0.027584999799728394 -0.021167000755667686
v 0.03030500002205372 0.027614999562501907 -0.021087000146508217
v 0.030579999089241028 0.027310000732541084 -0.02136700041592121
v 0.030743999406695366 0.027125999331474304 -0.021291999146342278
v 0.030690999701619148 0.027185000479221344 -0.02133299969136715
v 0.030636999756097794 0.027247000485658646 -0.021358000114560127
v 0.037539999932050705 0.01648399978876114 -0.020881999284029007
v 0.03763300180435181 0.01627199910581112 -0.02163800038397312
v 0.03744800016283989 0.01669199950993061 -0.02163800038397312
v 0.03695499897003174 -0.015306999906897545 -0.03500000014901161
v 0.03325900062918663 -0.02222299948334694 -0.03500000014901161
v 0.028284000232815742 -0.028284000232815742 -0.03500000014901161
v 0.02222299948334694 -0.03325900062918663 -0.03500000014901161
v 0.015306999906897545 -0.03695499897003174 -0.03500000014901161
v 0.0078039998188614845 -0.03923099860548973 -0.03500000014901161
v 0.0 -0.03999999910593033 -0.03500000014901161
v 0.03695499897003174 0.015306999906897545 -0.03500000014901161
v 0.03923099860548973 0.0078039998188614845 -0.03500000014901161
v 0.03999999910593033 0.0 -0.03500000014901161
v 0.03923099860548973 -0.0078039998188614845 -0.03500000014901161
v 0.015306999906897545 0.03695499897003174 -0.03500000014901161
v 0.02222299948334694 0.03325900062918663 -0.03500000014901161
v 0.028284000232815742 0.028284000232815742 -0.03500000014901161
v 0.03325900062918663 0.02222299948334694 -0.03500000014901161
v -0.03695499897003174 -0.015306999906897545 -0.03500000014901161
v -0.03923099860548973 -0.0078039998188614845 -0.03500000014901161
v -0.03999999910593033 0.0 -0.03500000014901161
v -0.0078039998188614845 -0.03923099860548973 -0.03500000014901161
v -0.015306999906897545 -0.03695499897003174 -0.03500000014901161
v -0.02222299948334694 -0.03325900062918663 -0.03500000014901161
v -0.028284000232815742 -0.028284000232815742 -0.03500000014901161
v -0.03325900062918663 -0.02222299948334694 -0.03500000014901161
v -0.015306999906897545 0.03695499897003174 -0.03500000014901161
v -0.0078039998188614845 0.03923099860548973 -0.03500000014901161
v 0.0 0.03999999910593033 -0.03500000014901161
v 0.0078039998188614845 0.03923099860548973 -0.03500000014901161
v -0.03923099860548973 0.0078039998188614845 -0.03500000014901161
v -0.03695499897003174 0.015306999906897545 -0.03500000014901161
v -0.03325900062918663 0.02222299948334694 -0.03500000014901161
v -0.028284000232815742 0.028284000232815742 -0.03500000014901161
v -0.02222299948334694 0.03325900062918663 -0.03500000014901161
v 0.02768700011074543 -0.02267800085246563 0.02223999984562397
v 0.024867000058293343 -0.025738999247550964 0.02223999984562397
v 0.028284000232815742 -0.028284000232815742 0.021921999752521515
v 0.002503999974578619 -0.035700999200344086 0.02223999984562397
v 0.0078039998188614845 -0.03923099860548973 0.021921999752521515
v 0.006632000207901001 -0.035169001668691635 0.02223999984562397
v 0.011700999923050404 -0.03824999928474426 0.021921999752521515
v 0.01066999975591898 -0.034161001443862915 0.02223999984562397
v 0.015306999906897545 -0.03695499897003174 0.021921999752521515
v 0.014564000070095062 -0.032690998166799545 0.02223999984562397
v 0.02020600065588951 -0.03452099859714508 0.021921999752521515
v 0.018261000514030457 -0.030780000612139702 0.02223999984562397
v 0.02222299948334694 -0.03325900062918663 0.021921999752521515
v 0.021709999069571495 -0.02845199964940548 0.02223999984562397
v 0.024077000096440315 -0.03194199874997139 0.021921999752521515
v 0.027622999623417854 -0.02893099933862686 0.021921999752521515
v -0.005795999895781279 -0.03531600162386894 0.02223999984562397
v -0.002087000058963895 -0.03994600102305412 0.021921999752521515
v -0.0016570000443607569 -0.035750001668930054 0.02223999984562397
v 0.0 -0.03999999910593033 0.021921999752521515
v 0.002563999965786934 -0.03991800174117088 0.021921999752521515
v -0.013784999959170818 -0.03302700072526932 0.02223999984562397
v -0.011242999695241451 -0.0383870005607605 0.021921999752521515
v -0.009856999851763248 -0.03440399840474129 0.02223999984562397
v -0.0078039998188614845 -0.03923099860548973 0.021921999752521515
v -0.006711000110954046 -0.03943299874663353 0.021921999752521515
v -0.01752600073814392 -0.031204000115394592 0.02223999984562397
v -0.01979300007224083 -0.0347599983215332 0.021921999752521515
v -0.015306999906897545 -0.03695499897003174 0.021921999752521515
v -0.02222299948334694 -0.03325900062918663 0.021921999752521515
v -0.02102999947965145 -0.028958000242710114 0.02223999984562397
v -0.023693999275565147 -0.03222699835896492 0.021921999752521515
v -0.0242490004748106 -0.02632099948823452 0.02223999984562397
v -0.027274999767541885 -0.0292579997330904 0.021921999752521515
v -0.028284000232815742 -0.028284000232815742 0.021921999752521515
v -0.02714099921286106 -0.02332800067961216 0.02223999984562397
v -0.030487999320030212 -0.02589399926364422 0.021921999752521515
v -0.029665999114513397 -0.02001900039613247 0.02223999984562397
v -0.03325900062918663 -0.02222299948334694 0.021921999752521515
v -0.03178900107741356 -0.016440000385046005 0.02223999984562397
v -0.03563699871301651 -0.018164999783039093 0.021921999752521515
v -0.03695499897003174 -0.015306999906897545 0.021921999752521515
v -0.03348299860954285 -0.012637999840080738 0.02223999984562397
v -0.037505000829696655 -0.013904999941587448 0.021921999752521515
v -0.034724000841379166 -0.008666000328958035 0.02223999984562397
v -0.03886599838733673 -0.009456999599933624 0.021921999752521515
v -0.03923099860548973 -0.0078039998188614845 0.021921999752521515
v -0.03549500182271004 -0.004575999919325113 0.02223999984562397
v -0.03970099985599518 -0.004881000146269798 0.021921999752521515
v 0.035592999309301376 -0.0037330000195652246 0.02223999984562397
v 0.03999999910593033 0.0 0.021921999752521515
v 0.03578599914908409 0.0004239999980200082 0.02223999984562397
v 0.03970099985599518 0.004881000146269798 0.021921999752521515
v 0.03549500182271004 0.004575999919325113 0.02223999984562397
v 0.03377300128340721 -0.0118410000577569 0.02223999984562397
v 0.038975998759269714 -0.008991999551653862 0.021921999752521515
v 0.034919001162052155 -0.007840000092983246 0.02223999984562397
v 0.03923099860548973 -0.0078039998188614845 0.021921999752521515
v 0.03975699841976166 -0.004406000021845102 0.021921999752521515
v 0.03079500049352646 -0.02552800066769123 0.021921999752521515
v 0.03325900062918663 -0.02222299948334694 0.021921999752521515
v 0.030131999403238297 -0.0193099994212389 0.02223999984562397
v 0.03585200011730194 -0.01773799955844879 0.021921999752521515
v 0.03217000141739845 -0.015682000666856766 0.02223999984562397
v 0.03695499897003174 -0.015306999906897545 0.021921999752521515
v 0.037668999284505844 -0.01345600001513958 0.021921999752521515
v 0.029736999422311783 0.004430999979376793 0.02305000089108944
v 0.030050000175833702 0.0009490000084042549 0.02305000089108944
v 0.02995700016617775 -0.002546000061556697 0.02305000089108944
v 0.029458999633789062 -0.006006999872624874 0.02305000089108944
v 0.028562000021338463 -0.009386000223457813 0.02305000089108944
v 0.02727999910712242 -0.012637999840080738 0.02305000089108944
v 0.025628000497817993 -0.015720000490546227 0.02305000089108944
v 0.02363000065088272 -0.018588999286293983 0.02305000089108944
v 0.02131200022995472 -0.021206000819802284 0.02305000089108944
v 0.018705999478697777 -0.02353700064122677 0.02305000089108944
v 0.01584699936211109 -0.025550000369548798 0.02305000089108944
v 0.012772999703884125 -0.027217000722885132 0.02305000089108944
v 0.009526999667286873 -0.028514999896287918 0.02305000089108944
v 0.0061530000530183315 -0.02942899987101555 0.02305000089108944
v 0.0026950000319629908 -0.029944000765681267 0.02305000089108944
v -0.0007999999797903001 -0.0300539992749691 0.02305000089108944
v -0.004284000024199486 -0.029758000746369362 0.02305000089108944
v -0.007708999793976545 -0.02906000055372715 0.02305000089108944
v -0.011030999943614006 -0.02796800062060356 0.02305000089108944
v -0.029736999422311783 -0.004430999979376793 0.02305000089108944
v -0.029021000489592552 -0.007853000424802303 0.02305000089108944
v -0.02791300043463707 -0.01116899959743023 0.02305000089108944
v -0.026427999138832092 -0.014333999715745449 0.02305000089108944
v -0.024584999307990074 -0.017305999994277954 0.02305000089108944
v -0.02240999974310398 -0.02004300057888031 0.02305000089108944
v -0.019930999726057053 -0.022508999332785606 0.02305000089108944
v -0.017184000462293625 -0.02466999925673008 0.02305000089108944
v -0.014202999882400036 -0.026498999446630478 0.02305000089108944
v 0.02422799915075302 0.003975000232458115 0.02397800050675869
v 0.024526000022888184 0.0011360000353306532 0.02397800050675869
v 0.02449199929833412 -0.0017190000507980585 0.02397800050675869
v 0.024126000702381134 -0.004550999961793423 0.02397800050675869
v 0.023435000330209732 -0.007321000099182129 0.02397800050675869
v 0.022427000105381012 -0.009991999715566635 0.02397800050675869
v 0.021114999428391457 -0.01252800039947033 0.02397800050675869
v 0.01951799914240837 -0.014894999563694 0.02397800050675869
v 0.017657000571489334 -0.01706000044941902 0.02397800050675869
v 0.015557000413537025 -0.018993999809026718 0.02397800050675869
v 0.013245999813079834 -0.02067199908196926 0.02397800050675869
v 0.01075700018554926 -0.02206999994814396 0.02397800050675869
v 0.00812199991196394 -0.023168999701738358 0.02397800050675869
v 0.005377000197768211 -0.023956000804901123 0.02397800050675869
v 0.0025599999353289604 -0.024418000131845474 0.02397800050675869
v -0.00029200001154094934 -0.024550000205636024 0.02397800050675869
v -0.0031399999279528856 -0.0243500005453825 0.02397800050675869
v -0.0059460001066327095 -0.023821000009775162 0.02397800050675869
v -0.00867099966853857 -0.02297000028192997 0.02397800050675869
v -0.02422799915075302 -0.003975000232458115 0.02397800050675869
v -0.02360299974679947 -0.0067610000260174274 0.02397800050675869
v -0.022657999768853188 -0.009455000050365925 0.02397800050675869
v -0.021407000720500946 -0.012021999806165695 0.02397800050675869
v -0.019866999238729477 -0.014426000416278839 0.02397800050675869
v -0.01805800013244152 -0.016635000705718994 0.02397800050675869
v -0.01600399985909462 -0.018619000911712646 0.02397800050675869
v -0.013735000044107437 -0.020351000130176544 0.02397800050675869
v -0.011278999969363213 -0.021808000281453133 0.02397800050675869
v -0.035592999309301376 0.0037330000195652246 0.02223999984562397
v -0.03999999910593033 0.0 0.021921999752521515
v -0.03578599914908409 -0.0004239999980200082 0.02223999984562397
v -0.03377300128340721 0.0118410000577569 0.02223999984562397
v -0.038975998759269714 0.008991999551653862 0.021921999752521515
v -0.034919001162052155 0.007840000092983246 0.02223999984562397
v -0.03923099860548973 0.0078039998188614845 0.021921999752521515
v -0.03975699841976166 0.004406000021845102 0.021921999752521515
v -0.02768700011074543 0.02267800085246563 0.02223999984562397
v -0.03325900062918663 0.02222299948334694 0.021921999752521515
v -0.030131999403238297 0.0193099994212389 0.02223999984562397
v -0.03585200011730194 0.01773799955844879 0.021921999752521515
v -0.03217000141739845 0.015682000666856766 0.02223999984562397
v -0.03695499897003174 0.015306999906897545 0.021921999752521515
v -0.037668999284505844 0.01345600001513958 0.021921999752521515
v -0.024867000058293343 0.025738999247550964 0.02223999984562397
v -0.028284000232815742 0.028284000232815742 0.021921999752521515
v -0.03079500049352646 0.02552800066769123 0.021921999752521515
v -0.002503999974578619 0.035700999200344086 0.02223999984562397
v -0.0078039998188614845 0.03923099860548973 0.021921999752521515
v -0.006632000207901001 0.035169001668691635 0.02223999984562397
v -0.011700999923050404 0.03824999928474426 0.021921999752521515
v -0.01066999975591898 0.034161001443862915 0.02223999984562397
v -0.015306999906897545 0.03695499897003174 0.021921999752521515
v -0.014564000070095062 0.032690998166799545 0.02223999984562397
v -0.02020600065588951 0.03452099859714508 0.021921999752521515
v -0.018261000514030457 0.030780000612139702 0.02223999984562397
v -0.02222299948334694 0.03325900062918663 0.021921999752521515
v -0.021709999069571495 0.02845199964940548 0.02223999984562397
v -0.024077000096440315 0.03194199874997139 0.021921999752521515
v -0.027622999623417854 0.02893099933862686 0.021921999752521515
v 0.005795999895781279 0.03531600162386894 0.02223999984562397
v 0.002087000058963895 0.03994499891996384 0.021921999752521515
v 0.0016570000443607569 0.035750001668930054 0.02223999984562397
v 0.0 0.03999999910593033 0.021921999752521515
v -0.002563999965786934 0.03991800174117088 0.021921999752521515
v 0.013784999959170818 0.03302700072526932 0.02223999984562397
v 0.011242999695241451 0.0383870005607605 0.021921999752521515
v 0.009856999851763248 0.03440399840474129 0.02223999984562397
v 0.0078039998188614845 0.03923099860548973 0.021921999752521515
v 0.006711000110954046 0.03943299874663353 0.021921999752521515
v 0.01752600073814392 0.031204000115394592 0.02223999984562397
v 0.01979300007224083 0.0347599983215332 0.021921999752521515
v 0.015306999906897545 0.03695499897003174 0.021921999752521515
v 0.02222299948334694 0.03325900062918663 0.021921999752521515
v 0.02102999947965145 0.028958000242710114 0.02223999984562397
v 0.023693999275565147 0.03222699835896492 0.021921999752521515
v 0.0242490004748106 0.02632099948823452 0.02223999984562397
v 0.027274999767541885 0.0292579997330904 0.021921999752521515
v 0.028284000232815742 0.028284000232815742 0.021921999752521515
v 0.02714099921286106 0.02332800067961216 0.02223999984562397
v 0.030487999320030212 0.02589399926364422 0.021921999752521515
v 0.029665999114513397 0.02001900039613247 0.02223999984562397
v 0.03325900062918663 0.02222299948334694 0.021921999752521515
v 0.03178900107741356 0.016440000385046005 0.02223999984562397
v 0.03563699871301651 0.018164999783039093 0.021921999752521515
v 0.03695499897003174 0.015306999906897545 0.021921999752521515
v 0.03348299860954285 0.012637999840080738 0.02223999984562397
v 0.037505000829696655 0.013904999941587448 0.021921999752521515
v 0.034724000841379166 0.008666000328958035 0.02223999984562397
v 0.03886599838733673 0.009456999599933624 0.021921999752521515
v 0.03923099860548973 0.0078039998188614845 0.021921999752521515
v -0.030050000175833702 -0.0009490000084042549 0.02305000089108944
v -0.02995700016617775 0.002546000061556697 0.02305000089108944
v -0.029458999633789062 0.006006999872624874 0.02305000089108944
v -0.028562000021338463 0.009386000223457813 0.02305000089108944
v -0.02727999910712242 0.012637999840080738 0.02305000089108944
v -0.025628000497817993 0.015720000490546227 0.02305000089108944
v -0.02363000065088272 0.018588999286293983 0.02305000089108944
v -0.02131200022995472 0.021206000819802284 0.02305000089108944
v -0.018705999478697777 0.02353700064122677 0.02305000089108944
v -0.01584699936211109 0.025550000369548798 0.02305000089108944
v -0.012772999703884125 0.027217000722885132 0.02305000089108944
v -0.009526999667286873 0.028514999896287918 0.02305000089108944
v -0.0061530000530183315 0.02942899987101555 0.02305000089108944
v -0.0026950000319629908 0.029944000765681267 0.02305000089108944
v 0.0007999999797903001 0.0300539992749691 0.02305000089108944
v 0.004284000024199486 0.029758000746369362 0.02305000089108944
v 0.007708999793976545 0.02906000055372715 0.02305000089108944
v 0.011030999943614006 0.02796800062060356 0.02305000089108944
v 0.029021000489592552 0.007853000424802303 0.02305000089108944
v 0.02791300043463707 0.01116899959743023 0.02305000089108944
v 0.026427999138832092 0.014333999715745449 0.02305000089108944
v 0.024584999307990074 0.017305999994277954 0.02305000089108944
v 0.02240999974310398 0.02004300057888031 0.02305000089108944
v 0.019930999726057053 0.022508999332785606 0.02305000089108944
v 0.017184000462293625 0.02466999925673008 0.02305000089108944
v 0.014202999882400036 0.026498999446630478 0.02305000089108944
v -0.024526000022888184 -0.0011360000353306532 0.02397800050675869
v -0.02449199929833412 0.0017190000507980585 0.02397800050675869
v -0.024126000702381134 0.004550999961793423 0.02397800050675869
v -0.023435000330209732 0.007321000099182129 0.02397800050675869
v -0.022427000105381012 0.009991999715566635 0.02397800050675869
v -0.021114999428391457 0.01252800039947033 0.02397800050675869
v -0.01951799914240837 0.014894999563694 0.02397800050675869
v -0.017657000571489334 0.01706000044941902 0.02397800050675869
v -0.015557000413537025 0.018993999809026718 0.02397800050675869
v -0.013245999813079834 0.02067199908196926 0.02397800050675869
v -0.01075700018554926 0.02206999994814396 0.02397800050675869
v -0.00812199991196394 0.023168999701738358 0.02397800050675869
v -0.005377000197768211 0.023956000804901123 0.02397800050675869
v -0.0025599999353289604 0.024418000131845474 0.02397800050675869
v 0.00029200001154094934 0.024550000205636024 0.02397800050675869
v 0.0031399999279528856 0.0243500005453825 0.02397800050675869
v 0.0059460001066327095 0.023821000009775162 0.02397800050675869
v 0.00867099966853857 0.02297000028192997 0.02397800050675869
v 0.02360299974679947 0.0067610000260174274 0.02397800050675869
v 0.022657999768853188 0.009455000050365925 0.02397800050675869
v 0.021407000720500946 0.012021999806165695 0.02397800050675869
v 0.019866999238729477 0.014426000416278839 0.02397800050675869
v 0.01805800013244152 0.016635000705718994 0.02397800050675869
v 0.01600399985909462 0.018619000911712646 0.02397800050675869
v 0.013735000044107437 0.020351000130176544 0.02397800050675869
v 0.011278999969363213 0.021808000281453133 0.02397800050675869
v 0.04058400169014931 0.007563999854028225 -0.01779399998486042
v 0.04028899967670441 0.009006000123918056 -0.01779399998486042
v 0.04012199863791466 0.009723000228404999 -0.01779399998486042
v 0.04003399983048439 0.010080000385642052 -0.01779399998486042
v 0.03998799994587898 0.010258999653160572 -0.01779399998486042
v 0.039962999522686005 0.010356999933719635 -0.017792999744415283
v 0.03995100036263466 0.01040400005877018 -0.017785999923944473
v 0.03993900120258331 0.010448000393807888 -0.01776999980211258
v 0.03992899879813194 0.010487000457942486 -0.017746999859809875
v 0.03991999849677086 0.010521999560296535 -0.017715999856591225
v 0.03991200029850006 0.01054999977350235 -0.0176790002733469
v 0.039907000958919525 0.010572000406682491 -0.017636999487876892
v 0.03990299999713898 0.010584999807178974 -0.01759199984371662
v 0.03990200161933899 0.010590000078082085 -0.017542000859975815
v 0.04058400169014931 0.007563999854028225 -0.015484999865293503
v 0.040550000965595245 0.007747000083327293 -0.016279999166727066
v 0.04024200141429901 0.009215000085532665 -0.016279999166727066
v 0.04006800055503845 0.00994499959051609 -0.016279999166727066
v 0.03997600078582764 0.010308999568223953 -0.016279999166727066
v 0.03995800018310547 0.010374999605119228 -0.01627800054848194
v 0.03994600102305412 0.010421999730169773 -0.01626800000667572
v 0.039935000240802765 0.010464999824762344 -0.016248999163508415
v 0.03992500156164169 0.010503999888896942 -0.016222000122070312
v 0.03991600126028061 0.010537000373005867 -0.01618799939751625
v 0.0399090014398098 0.010563000105321407 -0.016147999092936516
v 0.039903998374938965 0.010580999776721 -0.016103999689221382
v 0.03990200161933899 0.010591000318527222 -0.016054999083280563
v 0.0399009995162487 0.010592999868094921 -0.016023000702261925
v 0.0399009995162487 0.010592999868094921 -0.01597600057721138
v 0.0399009995162487 0.010592999868094921 -0.015790000557899475
v 0.0399009995162487 0.010592999868094921 -0.01574300043284893
v 0.0399009995162487 0.010591999627649784 -0.015716999769210815
v 0.039903998374938965 0.010583000257611275 -0.015667999163269997
v 0.03990799933671951 0.010565999895334244 -0.0156230004504323
v 0.03991499915719032 0.01054100040346384 -0.015581999905407429
v 0.03992300108075142 0.010509000159800053 -0.015548000112175941
v 0.03993299975991249 0.010471000336110592 -0.015519999898970127
v 0.03994400054216385 0.010428999550640583 -0.015499000437557697
v 0.03995700180530548 0.010382000356912613 -0.01548799965530634
v 0.03997499868273735 0.01030999980866909 -0.015484999865293503
v 0.040022000670433044 0.010129000060260296 -0.015484999865293503
v 0.040111999958753586 0.009765000082552433 -0.015484999865293503
v 0.040282998234033585 0.00903400033712387 -0.015484999865293503
v 0.040550000965595245 0.007747000083327293 -0.017000999301671982
v 0.039962999522686005 0.010355999693274498 -0.017000000923871994
v 0.03993299975991249 0.01033599954098463 -0.017000999301671982
v 0.03989899903535843 0.010327000170946121 -0.017000999301671982
v 0.03995300084352493 0.010259999893605709 -0.017000999301671982
v 0.03998599946498871 0.010267999954521656 -0.017000999301671982
v 0.040004000067710876 0.01019699964672327 -0.017000999301671982
v 0.04034300148487091 0.00875999964773655 -0.017000999301671982
v 0.03991800174117088 0.010250999592244625 -0.017000999301671982
v 0.03974499925971031 0.010205999948084354 -0.017000999301671982
v 0.03982900083065033 0.010308999568223953 -0.017000999301671982
v 0.039882998913526535 0.010242000222206116 -0.017000999301671982
v 0.03984899818897247 0.010232999920845032 -0.017000999301671982
v 0.03989100083708763 0.010067000053822994 -0.017000999301671982
v 0.03981399908661842 0.010223999619483948 -0.017000999301671982
v 0.039778999984264374 0.010215000249445438 -0.017000999301671982
v 0.03979400172829628 0.010300000198185444 -0.017000999301671982
v 0.03976000100374222 0.01029099989682436 -0.017000999301671982
v 0.03972499817609787 0.010281999595463276 -0.017000999301671982
v 0.03989600017666817 0.010338000021874905 -0.017000000923871994
v 0.03986399993300438 0.010317999869585037 -0.017000999301671982
v 0.03982599824666977 0.010320000350475311 -0.017000000923871994
v 0.03975699841976166 0.010301999747753143 -0.017000000923871994
v 0.03990200161933899 0.010590000078082085 -0.01734899915754795
v 0.03990200161933899 0.010590000078082085 -0.017253000289201736
v 0.03990299999713898 0.010587000288069248 -0.01720999926328659
v 0.03990599885582924 0.01057399995625019 -0.017162000760436058
v 0.03991200029850006 0.010552999563515186 -0.017118999734520912
v 0.03991900011897087 0.010525000281631947 -0.01708099991083145
v 0.03995100036263466 0.01040400005877018 -0.017007999122142792
v 0.03993900120258331 0.01044899970293045 -0.017023999243974686
v 0.039928000420331955 0.010490000247955322 -0.017048999667167664
v 0.04078400135040283 0.0064039998687803745 -0.021947000175714493
v 0.04076100140810013 0.006543000228703022 -0.021947000175714493
v 0.04073899984359741 0.006678999867290258 -0.021942000836133957
v 0.04071899875998497 0.006802999880164862 -0.021921999752521515
v 0.04071100056171417 0.00684700021520257 -0.02190599963068962
v 0.04070499911904335 0.006883999798446894 -0.021883999928832054
v 0.04069500043988228 0.006945999804884195 -0.02182300016283989
v 0.04068699851632118 0.00699299992993474 -0.02173599973320961
v 0.04068100079894066 0.007023999933153391 -0.02160700038075447
v 0.040679000318050385 0.007036000024527311 -0.021425999701023102
v 0.040681999176740646 0.007021000143140554 -0.021182000637054443
v 0.040686000138521194 0.006998000200837851 -0.021083999425172806
v 0.04069200158119202 0.006963999941945076 -0.021005000919103622
v 0.04069900140166283 0.006920000072568655 -0.020945999771356583
v 0.0407090000808239 0.006864000111818314 -0.020901000127196312
v 0.040720000863075256 0.006794000044465065 -0.02086699940264225
v 0.040734000504016876 0.006709999870508909 -0.020844999700784683
v 0.04076100140810013 0.0065460000187158585 -0.020833000540733337
v 0.04078400135040283 0.0064039998687803745 -0.020833000540733337
v 0.03890899941325188 0.013798000290989876 -0.021795999258756638
v 0.03891099989414215 0.013793000020086765 -0.021731000393629074
v 0.03891599923372269 0.013778000138700008 -0.021671999245882034
v 0.03892499953508377 0.013752000406384468 -0.021618999540805817
v 0.0389380007982254 0.013717000372707844 -0.021571999415755272
v 0.03895299881696701 0.013674999587237835 -0.02153399959206581
v 0.03896800056099892 0.013629999943077564 -0.02150700055062771
v 0.0389849990606308 0.01358100026845932 -0.021491000428795815
v 0.039002999663352966 0.013530000112950802 -0.02148500084877014
v 0.039021000266075134 0.013478999957442284 -0.021491000428795815
v 0.03903700038790703 0.013430999591946602 -0.02150600031018257
v 0.039051998406648636 0.013387000188231468 -0.021532999351620674
v 0.039066001772880554 0.013346999883651733 -0.021570000797510147
v 0.0390780009329319 0.013311999849975109 -0.021615000441670418
v 0.0390859991312027 0.013287999667227268 -0.021669000387191772
v 0.039090998470783234 0.013272999785840511 -0.0217289999127388
v 0.03909299895167351 0.013268000446259975 -0.021796999499201775
v 0.039090998470783234 0.013272999785840511 -0.021862000226974487
v 0.0390859991312027 0.013288999907672405 -0.021920999512076378
v 0.039076998829841614 0.013314000330865383 -0.021973000839352608
v 0.03906499966979027 0.01334999967366457 -0.022019000723958015
v 0.03905100002884865 0.013392000459134579 -0.022057000547647476
v 0.039034999907016754 0.013438000343739986 -0.02208399958908558
v 0.03901899978518486 0.013485999777913094 -0.022099999710917473
v 0.03900099918246269 0.013536999933421612 -0.022105999290943146
v 0.03898400068283081 0.013585999608039856 -0.022099999710917473
v 0.03896800056099892 0.0136329997330904 -0.02208399958908558
v 0.03895200043916702 0.013675999827682972 -0.02205600030720234
v 0.0389380007982254 0.013717999681830406 -0.02201800048351288
v 0.03892499953508377 0.01375299971550703 -0.021971000358462334
v 0.03891599923372269 0.013778000138700008 -0.021918000653386116
v 0.03891099989414215 0.013793000020086765 -0.021859999746084213
v 0.038920000195503235 0.013767999596893787 -0.020917000249028206
v 0.03892099857330322 0.013763000257313251 -0.020865999162197113
v 0.03892600163817406 0.013751000165939331 -0.020819000899791718
v 0.03893300145864487 0.013731000013649464 -0.020778000354766846
v 0.03894300013780594 0.013701999559998512 -0.02074199914932251
v 0.03895600140094757 0.013667000457644463 -0.020711999386548996
v 0.03897000104188919 0.013627000153064728 -0.020690999925136566
v 0.0389849990606308 0.013581999577581882 -0.02067900076508522
v 0.03900200128555298 0.013532999902963638 -0.020673999562859535
v 0.03901899978518486 0.013484000228345394 -0.020678000524640083
v 0.039034999907016754 0.013438999652862549 -0.020690999925136566
v 0.039048001170158386 0.013399000279605389 -0.02071099914610386
v 0.03906000033020973 0.013364000245928764 -0.020740000531077385
v 0.039069999009370804 0.013334999792277813 -0.02077599987387657
v 0.039076998829841614 0.013314999639987946 -0.020816000178456306
v 0.03908099979162216 0.013302999548614025 -0.020860999822616577
v 0.039083000272512436 0.013299000449478626 -0.020911000669002533
v 0.03908099979162216 0.013302999548614025 -0.020963000133633614
v 0.039076998829841614 0.013314999639987946 -0.02100900001823902
v 0.039069999009370804 0.01333600003272295 -0.021050000563263893
v 0.03906000033020973 0.013364999555051327 -0.021084999665617943
v 0.039048001170158386 0.013402000069618225 -0.02111399918794632
v 0.03903299942612648 0.013442999683320522 -0.0211350005120039
v 0.039016999304294586 0.013489999808371067 -0.021146999672055244
v 0.03899899870157242 0.01354300044476986 -0.021151000633835793
v 0.038982000201940536 0.01358999963849783 -0.021146999672055244
v 0.03896800056099892 0.0136329997330904 -0.0211350005120039
v 0.0389540009200573 0.013670999556779861 -0.021114999428391457
v 0.03894200176000595 0.013704000040888786 -0.02108599990606308
v 0.03893300145864487 0.0137320002540946 -0.02105100080370903
v 0.03892600163817406 0.013752000406384468 -0.021011000499129295
v 0.03892099857330322 0.013763999566435814 -0.020966999232769012
v 0.033580001443624496 0.024015000090003014 -0.021947000175714493
v 0.03349699825048447 0.024129999801516533 -0.021947000175714493
v 0.033417001366615295 0.024241000413894653 -0.021942000836133957
v 0.03334299847483635 0.024342000484466553 -0.021921999752521515
v 0.033316001296043396 0.024379000067710876 -0.02190599963068962
v 0.033295001834630966 0.02440899983048439 -0.021883999928832054
v 0.033257000148296356 0.024459000676870346 -0.02182300016283989
v 0.033229000866413116 0.024498000741004944 -0.02173599973320961
v 0.03320999816060066 0.024522999301552773 -0.02160700038075447
v 0.03320299834012985 0.024532999843358994 -0.021425999701023102
v 0.033211998641490936 0.024521000683307648 -0.021182000637054443
v 0.033225998282432556 0.024501999840140343 -0.021083999425172806
v 0.033245999366045 0.024474000558257103 -0.021005000919103622
v 0.03327300027012825 0.024438999593257904 -0.020945999771356583
v 0.033305998891592026 0.02439199946820736 -0.020901000127196312
v 0.033348001539707184 0.024335000663995743 -0.02086699940264225
v 0.03339900076389313 0.02426600083708763 -0.020844999700784683
v 0.03349599987268448 0.024132000282406807 -0.020833000540733337
v 0.033580001443624496 0.024015000090003014 -0.020833000540733337
v 0.030791999772191048 0.02749899961054325 -0.02136700041592121
v 0.030734999105334282 0.027563000097870827 -0.021358000114560127
v 0.030679000541567802 0.02762399986386299 -0.02133299969136715
v 0.030626000836491585 0.027682999148964882 -0.021291999146342278
v 0.030579999089241028 0.027734000235795975 -0.021236000582575798
v 0.030542999505996704 0.027775000780820847 -0.021167000755667686
v 0.030515000224113464 0.027806000784039497 -0.021087000146508217
v 0.030497999861836433 0.027823999524116516 -0.02100300043821335
v 0.030493000522255898 0.02782999910414219 -0.020917000249028206
v 0.030497999861836433 0.027823999524116516 -0.020829999819397926
v 0.030515000224113464 0.02780500054359436 -0.020746000111103058
v 0.03054399974644184 0.02777400054037571 -0.02066499926149845
v 0.030580999329686165 0.027732999995350838 -0.02059599943459034
v 0.03062799945473671 0.027681000530719757 -0.02054000087082386
v 0.030680999159812927 0.027621999382972717 -0.02049900032579899
v 0.03073599934577942 0.027560999616980553 -0.020475000143051147
v 0.030791999772191048 0.02749899961054325 -0.0204670000821352
v 0.03084699995815754 0.027435999363660812 -0.020475000143051147
v 0.03090200014412403 0.027374999597668648 -0.02049900032579899
v 0.03095499984920025 0.02731500007212162 -0.02054000087082386
v 0.03099999949336052 0.02726300060749054 -0.02059599943459034
v 0.031036999076604843 0.02722099982202053 -0.02066499926149845
v 0.031065000221133232 0.027188999578356743 -0.020746000111103058
v 0.031082000583410263 0.027170000597834587 -0.020829999819397926
v 0.031088000163435936 0.027163999155163765 -0.020917000249028206
v 0.031082000583410263 0.027170000597834587 -0.02100300043821335
v 0.03106600046157837 0.027188999578356743 -0.021087000146508217
v 0.03103799931704998 0.027219999581575394 -0.021167000755667686
v 0.031001999974250793 0.027262000367045403 -0.021236000582575798
v 0.030956000089645386 0.027312999591231346 -0.021291999146342278
v 0.030903000384569168 0.027372999116778374 -0.02133299969136715
v 0.030848000198602676 0.027434999123215675 -0.021358000114560127
v 0.037707000970840454 0.01680699922144413 -0.02163800038397312
v 0.03789300099015236 0.016385000199079514 -0.02163800038397312
v 0.03779999911785126 0.01659799925982952 -0.020881999284029007
v -0.028284000232815742 0.028284000232815742 -0.035999998450279236
v -0.03325900062918663 0.02222299948334694 -0.035999998450279236
v -0.03695499897003174 0.015306999906897545 -0.035999998450279236
v -0.03923099860548973 0.0078039998188614845 -0.035999998450279236
v -0.03999999910593033 0.0 -0.035999998450279236
v -0.03923099860548973 -0.0078039998188614845 -0.035999998450279236
v -0.03695499897003174 -0.015306999906897545 -0.035999998450279236
v -0.03325900062918663 -0.02222299948334694 -0.035999998450279236
v -0.028284000232815742 -0.028284000232815742 -0.035999998450279236
v -0.02222299948334694 -0.03325900062918663 -0.035999998450279236
v -0.015306999906897545 -0.03695499897003174 -0.035999998450279236
v -0.0078039998188614845 -0.03923099860548973 -0.035999998450279236
v 0.0 -0.03999999910593033 -0.035999998450279236
v 0.0078039998188614845 -0.03923099860548973 -0.035999998450279236
v 0.015306999906897545 -0.03695499897003174 -0.035999998450279236
v 0.02222299948334694 -0.03325900062918663 -0.035999998450279236
v 0.028284000232815742 -0.028284000232815742 -0.035999998450279236
v 0.03325900062918663 -0.02222299948334694 -0.035999998450279236
v 0.03695499897003174 -0.015306999906897545 -0.035999998450279236
v 0.03923099860548973 -0.0078039998188614845 -0.035999998450279236
v 0.03999999910593033 0.0 -0.035999998450279236
v 0.03923099860548973 0.0078039998188614845 -0.035999998450279236
v 0.03695499897003174 0.015306999906897545 -0.035999998450279236
v 0.03325900062918663 0.02222299948334694 -0.035999998450279236
v 0.028284000232815742 0.028284000232815742 -0.035999998450279236
v 0.02222299948334694 0.03325900062918663 -0.035999998450279236
v 0.015306999906897545 0.03695499897003174 -0.035999998450279236
v 0.0078039998188614845 0.03923099860548973 -0.035999998450279236
v 0.0 0.03999999910593033 -0.035999998450279236
v -0.0078039998188614845 0.03923099860548973 -0.035999998450279236
v -0.015306999906897545 0.03695499897003174 -0.035999998450279236
v -0.02222299948334694 0.03325900062918663 -0.035999998450279236
v 0.028284000232815742 -0.028284000232815742 0.024000000208616257
v 0.03325900062918663 -0.02222299948334694 0.024000000208616257
v 0.03695499897003174 -0.015306999906897545 0.024000000208616257
v 0.03923099860548973 -0.0078039998188614845 0.024000000208616257
v 0.03999999910593033 0.0 0.024000000208616257
v 0.03923099860548973 0.0078039998188614845 0.024000000208616257
v 0.03695499897003174 0.015306999906897545 0.024000000208616257
v 0.03325900062918663 0.02222299948334694 0.024000000208616257
v 0.028284000232815742 0.028284000232815742 0.024000000208616257
v 0.02222299948334694 0.03325900062918663 0.024000000208616257
v 0.015306999906897545 0.03695499897003174 0.024000000208616257
v 0.0078039998188614845 0.03923099860548973 0.024000000208616257
v 0.0 0.03999999910593033 0.024000000208616257
v -0.0078039998188614845 0.03923099860548973 0.024000000208616257
v -0.015306999906897545 0.03695499897003174 0.024000000208616257
v -0.02222299948334694 0.03325900062918663 0.024000000208616257
v -0.028284000232815742 0.028284000232815742 0.024000000208616257
v -0.03325900062918663 0.02222299948334694 0.024000000208616257
v -0.03695499897003174 0.015306999906897545 0.024000000208616257
v -0.03923099860548973 0.0078039998188614845 0.024000000208616257
v -0.03999999910593033 0.0 0.024000000208616257
v -0.03923099860548973 -0.0078039998188614845 0.024000000208616257
v -0.03695499897003174 -0.015306999906897545 0.024000000208616257
v -0.03325900062918663 -0.02222299948334694 0.024000000208616257
v -0.028284000232815742 -0.028284000232815742 0.024000000208616257
v -0.02222299948334694 -0.03325900062918663 0.024000000208616257
v -0.015306999906897545 -0.03695499897003174 0.024000000208616257
v -0.0078039998188614845 -0.03923099860548973 0.024000000208616257
v 0.015306999906897545 -0.03695499897003174 0.024000000208616257
v 0.0078039998188614845 -0.03923099860548973 0.024000000208616257
v 0.02222299948334694 -0.03325900062918663 0.024000000208616257
v 0.02817700058221817 -0.02978299930691719 -0.022165000438690186
v 0.028433000668883324 -0.02993199974298477 -0.022165000438690186
v 0.028428999707102776 -0.029935000464320183 -0.022165000438690186
v 0.028172999620437622 -0.02978700026869774 -0.022165000438690186
v 0.02841700054705143 -0.02994699962437153 -0.02215700037777424
v 0.028161000460386276 -0.029797999188303947 -0.02215700037777424
v 0.028409000486135483 -0.02995399944484234 -0.022144999355077744
v 0.028154000639915466 -0.029805999249219894 -0.022144999355077744
v 0.028404999524354935 -0.029958000406622887 -0.022117000073194504
v 0.028149999678134918 -0.029808999970555305 -0.022117000073194504
v 0.028404999524354935 -0.029958000406622887 -0.022074999287724495
v 0.028149999678134918 -0.029808999970555305 -0.022074999287724495
v 0.028408000245690346 -0.029954999685287476 -0.021980000659823418
v 0.02815300039947033 -0.02980699948966503 -0.021980000659823418
v 0.02841399982571602 -0.029949000105261803 -0.02176699973642826
v 0.028158999979496002 -0.02979999966919422 -0.02176699973642826
v 0.028473999351263046 -0.029892999678850174 -0.0220979992300272
v 0.02859799936413765 -0.029774000868201256 -0.021296000108122826
v 0.028470000252127647 -0.029896000400185585 -0.02075600065290928
v 0.028418999165296555 -0.029944999143481255 -0.022141000255942345
v 0.028449000790715218 -0.029915999621152878 -0.02216299995779991
v 0.0284659992903471 -0.029898999258875847 -0.022135000675916672
v 0.02845899946987629 -0.029905999079346657 -0.022151999175548553
v 0.028699999675154686 -0.02967499941587448 -0.01894400082528591
v 0.029069000855088234 -0.02931400015950203 -0.01935500092804432
v 0.029078999534249306 -0.02930399961769581 -0.017301000654697418
v 0.029324999079108238 -0.029058000072836876 -0.01859400048851967
v 0.029665999114513397 -0.028710000216960907 -0.01776699908077717
v 0.03176499903202057 -0.026367999613285065 -0.014751999638974667
v 0.03045099973678589 -0.027876000851392746 -0.014155000448226929
v 0.03092700056731701 -0.027347000315785408 -0.015646999701857567
v 0.030403999611735344 -0.02792700007557869 -0.014229999855160713
v 0.030518999323248863 -0.027800999581813812 -0.01620499975979328
v 0.029834000393748283 -0.02853499911725521 -0.015289999544620514
v 0.030424000695347786 -0.027905000373721123 -0.016352999955415726
v 0.02923700027167797 -0.029146000742912292 -0.016798999160528183
v 0.029186999425292015 -0.0291959997266531 -0.016947999596595764
v 0.03243599832057953 -0.02553899958729744 -0.014235000126063824
v 0.031980000436306 -0.026107000187039375 -0.01242700032889843
v 0.03208800032734871 -0.025973999872803688 -0.014485999941825867
v 0.031838998198509216 -0.02627900056540966 -0.01254700031131506
v 0.03114599920809269 -0.027096999809145927 -0.013225000351667404
v 0.03330700099468231 -0.02439199946820736 -0.013806000351905823
v 0.032903000712394714 -0.02493399940431118 -0.01183400023728609
v 0.03215499967336655 -0.025892000645399094 -0.012288999743759632
v 0.0353970006108284 -0.021245000883936882 -0.013756999745965004
v 0.035307999700307846 -0.02139200083911419 -0.013611000031232834
v 0.03479500114917755 -0.022218000143766403 -0.01394100021570921
v 0.034623000770807266 -0.022484999150037766 -0.012745999731123447
v 0.03405499830842018 -0.023336000740528107 -0.013731000013649464
v 0.033796001225709915 -0.02370999939739704 -0.01209300011396408
v 0.03358500078320503 -0.024007000029087067 -0.01374599989503622
v 0.033684998750686646 -0.02386699989438057 -0.012028000317513943
v 0.033100999891757965 -0.024670999497175217 -0.011758999899029732
v 0.035360999405384064 -0.021306000649929047 -0.013956000097095966
v 0.03532399982213974 -0.02136700041592121 -0.014155999757349491
v 0.035551998764276505 -0.02098499983549118 -0.01432000007480383
v 0.035475000739097595 -0.021114999428391457 -0.014038999564945698
v 0.035663001239299774 -0.020795999094843864 -0.014414999634027481
v 0.03568200021982193 -0.020764000713825226 -0.01437699981033802
v 0.03571699932217598 -0.020702999085187912 -0.014384999871253967
v 0.03571400046348572 -0.020708000287413597 -0.014371000230312347
v 0.035700999200344086 -0.0207310002297163 -0.014337999746203423
v 0.03570999950170517 -0.020715000107884407 -0.014427999965846539
v 0.035714998841285706 -0.020705999806523323 -0.014414999634027481
v 0.03571600094437599 -0.02070399932563305 -0.014410999603569508
v 0.035718001425266266 -0.020702000707387924 -0.014400999993085861
v 0.035718001425266266 -0.020702000707387924 -0.014392999932169914
v 0.035704001784324646 -0.020725000649690628 -0.014434999786317348
v 0.035698000341653824 -0.020735999569296837 -0.014437999576330185
v 0.035691000521183014 -0.020747000351548195 -0.014436000026762486
v 0.028217999264597893 -0.029743999242782593 -0.0220979992300272
v 0.028203999623656273 -0.029758000746369362 -0.022151999175548553
v 0.028193999081850052 -0.029767999425530434 -0.02216299995779991
v 0.039174001663923264 -0.013027000240981579 -0.01779399998486042
v 0.039174001663923264 -0.013027000240981579 -0.018516000360250473
v 0.039758000522851944 -0.011118999682366848 -0.01779399998486042
v 0.03956500068306923 -0.011784999631345272 -0.018516000360250473
v 0.04022499918937683 -0.009286000393331051 -0.016334999352693558
v 0.04015199840068817 -0.009599000215530396 -0.016279999166727066
v 0.040143001824617386 -0.009637000039219856 -0.017000000923871994
v 0.04018399864435196 -0.009464000351727009 -0.017038000747561455
v 0.04028800129890442 -0.009008999913930893 -0.016493000090122223
v 0.040174998342990875 -0.00950200017541647 -0.017017999663949013
v 0.04017199948430061 -0.00951400026679039 -0.017014000564813614
v 0.040192000567913055 -0.009429999627172947 -0.017064999788999557
v 0.04019400104880333 -0.009421000257134438 -0.017072999849915504
v 0.040334999561309814 -0.00879599992185831 -0.016736000776290894
v 0.040199000388383865 -0.00940100010484457 -0.01709599979221821
v 0.0402039997279644 -0.00937699992209673 -0.017132999375462532
v 0.040362000465393066 -0.008674999698996544 -0.01703999936580658
v 0.04020800068974495 -0.009359999559819698 -0.017173999920487404
v 0.040362000465393066 -0.008671999908983707 -0.01709599979221821
v 0.04020800068974495 -0.009359999559819698 -0.01717500016093254
v 0.04021099954843521 -0.009349999949336052 -0.0172169990837574
v 0.04036400094628334 -0.008666000328958035 -0.017253000289201736
v 0.04021099954843521 -0.009348000399768353 -0.017254000529646873
v 0.04036400094628334 -0.008665000088512897 -0.017280999571084976
v 0.04021099954843521 -0.009348000399768353 -0.017274999991059303
v 0.04021099954843521 -0.009348000399768353 -0.01729400083422661
v 0.04021099954843521 -0.009348000399768353 -0.017434999346733093
v 0.04036499932408333 -0.008658000268042088 -0.017448000609874725
v 0.04021099954843521 -0.009348000399768353 -0.017444999888539314
v 0.040366001427173615 -0.008655999787151814 -0.017514999955892563
v 0.04021099954843521 -0.009348000399768353 -0.01752999983727932
v 0.040366001427173615 -0.008652999997138977 -0.01757200062274933
v 0.04021000117063522 -0.009351000189781189 -0.01757900044322014
v 0.04035399854183197 -0.008712000213563442 -0.017885999754071236
v 0.04021000117063522 -0.009352000430226326 -0.017588000744581223
v 0.04031899943947792 -0.008868999779224396 -0.01816299930214882
v 0.040199000388383865 -0.00940100010484457 -0.017697999253869057
v 0.040192000567913055 -0.009430999867618084 -0.01773099973797798
v 0.0402659997344017 -0.009108000434935093 -0.01837499998509884
v 0.04018399864435196 -0.009464999660849571 -0.017757000401616096
v 0.04017699882388115 -0.00949500035494566 -0.01777300052344799
v 0.04017399996519089 -0.009503999724984169 -0.01777699962258339
v 0.040160998702049255 -0.009561000391840935 -0.018515000119805336
v 0.0401649996638298 -0.009545999579131603 -0.01779000088572502
v 0.040153998881578445 -0.009591000154614449 -0.01779399998486042
v 0.040144000202417374 -0.009630000218749046 -0.018516000360250473
v 0.04014899954199791 -0.009610000066459179 -0.01779399998486042
v 0.04011499881744385 -0.009750000201165676 -0.018516000360250473
v 0.039751000702381134 -0.011144000105559826 -0.018516000360250473
v 0.03981199860572815 -0.010924999602138996 -0.018516000360250473
v 0.04002400115132332 -0.010119999758899212 -0.01779399998486042
v 0.040119998157024384 -0.009732999838888645 -0.01779399998486042
v 0.039535000920295715 -0.011888000182807446 -0.01628199964761734
v 0.039441999047994614 -0.012191000394523144 -0.01628199964761734
v 0.039475999772548676 -0.01208100002259016 -0.017000999301671982
v 0.03952899947762489 -0.011908000335097313 -0.017000999301671982
v 0.039650000631809235 -0.011497000232338905 -0.017000999301671982
v 0.039712999016046524 -0.011278999969363213 -0.01628199964761734
v 0.03974200040102005 -0.011175000108778477 -0.017000999301671982
v 0.04005499929189682 -0.009996999986469746 -0.017000000923871994
v 0.03938699886202812 -0.012369999662041664 -0.016253000125288963
v 0.03930399939417839 -0.012628999538719654 -0.01691799983382225
v 0.03939799964427948 -0.012334000319242477 -0.016269000247120857
v 0.039354000240564346 -0.012474000453948975 -0.016973000019788742
v 0.039409998804330826 -0.01229500025510788 -0.016279000788927078
v 0.039406001567840576 -0.0123089998960495 -0.016999000683426857
v 0.039434000849723816 -0.012218999676406384 -0.017000999301671982
v 0.03935899958014488 -0.012457000091671944 -0.016172999516129494
v 0.03918299823999405 -0.012999000027775764 -0.01660499908030033
v 0.03936700150370598 -0.012431999668478966 -0.01620499975979328
v 0.0392180010676384 -0.012893999926745892 -0.01673099957406521
v 0.03937600180506706 -0.012403000146150589 -0.016231000423431396
v 0.03925900161266327 -0.012769999913871288 -0.016836000606417656
v 0.03928999975323677 -0.012672999873757362 -0.016896000131964684
v 0.03912400081753731 -0.013176999986171722 -0.015991000458598137
v 0.03912400081753731 -0.013176999986171722 -0.016026999801397324
v 0.03934599831700325 -0.012497999705374241 -0.01605900004506111
v 0.03912400081753731 -0.013176999986171722 -0.016032999381422997
v 0.03912600129842758 -0.013171999715268612 -0.01613299921154976
v 0.039347998797893524 -0.012489999644458294 -0.016100000590085983
v 0.039135999977588654 -0.013140999712049961 -0.01630299910902977
v 0.03935299813747406 -0.012476000003516674 -0.016138000413775444
v 0.03914700075984001 -0.013106999918818474 -0.01640399917960167
v 0.03918199986219406 -0.013003000058233738 -0.016598999500274658
v 0.03912400081753731 -0.013176999986171722 -0.015730999410152435
v 0.03912400081753731 -0.013176999986171722 -0.01573299989104271
v 0.03934499993920326 -0.012500000186264515 -0.015740999951958656
v 0.03912400081753731 -0.013176999986171722 -0.015883000567555428
v 0.03934499993920326 -0.012500000186264515 -0.01587899960577488
v 0.03912400081753731 -0.013176999986171722 -0.015766000375151634
v 0.03934499993920326 -0.012500000186264515 -0.015799999237060547
v 0.03934499993920326 -0.012500000186264515 -0.01576099917292595
v 0.03912400081753731 -0.013176999986171722 -0.015745999291539192
v 0.03912400081753731 -0.013176999986171722 -0.01573600061237812
v 0.03934599831700325 -0.012497999705374241 -0.01570899970829487
v 0.03912400081753731 -0.013176999986171722 -0.015713000670075417
v 0.03912400081753731 -0.013176999986171722 -0.015728000551462173
v 0.039347998797893524 -0.012489999644458294 -0.015667999163269997
v 0.03913300111889839 -0.013148999772965908 -0.015495999716222286
v 0.039124999195337296 -0.013175000436604023 -0.015667999163269997
v 0.03933899849653244 -0.012520999647676945 -0.014806999824941158
v 0.03921400010585785 -0.012907999567687511 -0.015049999579787254
v 0.03937600180506706 -0.012403000146150589 -0.015537000261247158
v 0.03921100124716759 -0.012915999628603458 -0.015058999881148338
v 0.03935899958014488 -0.012457000091671944 -0.015595000237226486
v 0.039177000522613525 -0.013016999699175358 -0.015189000405371189
v 0.03935299813747406 -0.012476000003516674 -0.015629999339580536
v 0.03915100172162056 -0.01309600006788969 -0.01533500012010336
v 0.03913800045847893 -0.013135000132024288 -0.015444000251591206
v 0.03938699886202812 -0.012369999662041664 -0.015514999628067017
v 0.03939799964427948 -0.012334000319242477 -0.015499000437557697
v 0.039344001561403275 -0.012505999766290188 -0.014801999554038048
v 0.039409998804330826 -0.01229500025510788 -0.015490000136196613
v 0.03951599821448326 -0.011951000429689884 -0.014766000211238861
v 0.039430998265743256 -0.012226000428199768 -0.014766000211238861
v 0.039445001631975174 -0.01218200009316206 -0.015487000346183777
v 0.039427001029253006 -0.012238999828696251 -0.014766000211238861
v 0.039420999586582184 -0.012257999740540981 -0.015487000346183777
v 0.03939500078558922 -0.012342000380158424 -0.014770000241696835
v 0.03953799977898598 -0.011877999641001225 -0.015487000346183777
v 0.039716001600027084 -0.011269000358879566 -0.015487000346183777
v 0.04033299908041954 -0.008806999772787094 -0.014766000211238861
v 0.04033299908041954 -0.008806999772787094 -0.015487000346183777
v 0.04110800102353096 -0.003800000064074993 -0.018516000360250473
v 0.04110800102353096 -0.003800000064074993 -0.01779399998486042
v 0.04077700152993202 -0.006448000203818083 -0.01779399998486042
v 0.0406309999525547 -0.0073090000078082085 -0.018516000360250473
v 0.04063599929213524 -0.007280999794602394 -0.018516000360250473
v 0.04063799977302551 -0.007269999943673611 -0.01779399998486042
v 0.04066700115799904 -0.00710600009188056 -0.01779399998486042
v 0.040654998272657394 -0.007176999934017658 -0.018516000360250473
v 0.04069500043988228 -0.006943000014871359 -0.018516000360250473
v 0.04087600111961365 -0.0057830000296235085 -0.018516000360250473
v 0.04061499983072281 -0.007400000002235174 -0.01778700016438961
v 0.040619999170303345 -0.00737199978902936 -0.018515000119805336
v 0.04062800109386444 -0.007325000129640102 -0.018516000360250473
v 0.04060100018978119 -0.007476999890059233 -0.017751000821590424
v 0.04050000011920929 -0.008003000169992447 -0.01823499985039234
v 0.04060700163245201 -0.007439999841153622 -0.017772000283002853
v 0.04058099910616875 -0.007579999975860119 -0.018482999876141548
v 0.04059299826622009 -0.0075170001946389675 -0.018497999757528305
v 0.04059499874711037 -0.00750999990850687 -0.01772399991750717
v 0.04058900102972984 -0.007536999881267548 -0.017691999673843384
v 0.04045499861240387 -0.008227000012993813 -0.01788399927318096
v 0.040585000067949295 -0.0075599998235702515 -0.017656000331044197
v 0.04058200120925903 -0.007575999945402145 -0.017616000026464462
v 0.04044700041413307 -0.00826600007712841 -0.01774599961936474
v 0.04058099910616875 -0.007584999781101942 -0.017573000863194466
v 0.040442999452352524 -0.00828499998897314 -0.017528999596834183
v 0.04058000072836876 -0.007586000021547079 -0.01754000037908554
v 0.040442999452352524 -0.00828499998897314 -0.017524000257253647
v 0.04058000072836876 -0.007586000021547079 -0.017208000645041466
v 0.040442999452352524 -0.00828499998897314 -0.017402000725269318
v 0.04058000072836876 -0.007586000021547079 -0.015883000567555428
v 0.040442999452352524 -0.00828499998897314 -0.016127999871969223
v 0.040442999452352524 -0.00828499998897314 -0.01662999950349331
v 0.040442999452352524 -0.00828499998897314 -0.015752000734210014
v 0.040442999452352524 -0.00828499998897314 -0.01578100025653839
v 0.04058000072836876 -0.007586000021547079 -0.015765000134706497
v 0.040442999452352524 -0.00828499998897314 -0.015790000557899475
v 0.040442999452352524 -0.00828499998897314 -0.015905000269412994
v 0.040442999452352524 -0.00828499998897314 -0.01754700019955635
v 0.040442999452352524 -0.00828499998897314 -0.017551999539136887
v 0.04044400155544281 -0.008283999748528004 -0.017601000145077705
v 0.040442999452352524 -0.00828499998897314 -0.015735000371932983
v 0.04058000072836876 -0.007586000021547079 -0.0157260000705719
v 0.04044400155544281 -0.008283999748528004 -0.01568100042641163
v 0.04044700041413307 -0.00826600007712841 -0.015534999780356884
v 0.04058200120925903 -0.007575000170618296 -0.015664000064134598
v 0.040449000895023346 -0.0082590002566576 -0.01550699956715107
v 0.04059400036931038 -0.007513000164180994 -0.015560000203549862
v 0.04048199951648712 -0.008093999698758125 -0.015150999650359154
v 0.04058700054883957 -0.007550000213086605 -0.015607999637722969
v 0.040467001497745514 -0.008169000037014484 -0.015269000083208084
v 0.04045499861240387 -0.008227000012993813 -0.015398000366985798
v 0.040612999349832535 -0.007410000078380108 -0.01549800019711256
v 0.040543001145124435 -0.007780999876558781 -0.014879999682307243
v 0.04060300067067146 -0.007464999798685312 -0.015522999688982964
v 0.04053900018334389 -0.007803000044077635 -0.014891000464558601
v 0.04048899933695793 -0.008059999905526638 -0.015107999555766582
v 0.04062400013208389 -0.007348999846726656 -0.015487000346183777
v 0.04059299826622009 -0.0075170001946389675 -0.014783999882638454
v 0.04056800156831741 -0.007652999833226204 -0.014821999706327915
v 0.04065399989485741 -0.007178999949246645 -0.014766000211238861
v 0.04063199833035469 -0.007304999977350235 -0.014766000211238861
v 0.04062499850988388 -0.007344000041484833 -0.014766000211238861
v 0.040619999170303345 -0.00737199978902936 -0.014767000451683998
v 0.04066700115799904 -0.00710600009188056 -0.015487000346183777
v 0.04074700176715851 -0.006635999772697687 -0.015487000346183777
v 0.040835000574588776 -0.006064999848604202 -0.014766000211238861
v 0.04088899865746498 -0.0056929998099803925 -0.015487000346183777
v 0.04110800102353096 -0.003800000064074993 -0.015487000346183777
v 0.04110800102353096 -0.003800000064074993 -0.014766000211238861
v 0.03802400082349777 0.016078000888228416 -0.017000999301671982
v 0.03802400082349777 0.016078000888228416 -0.016279999166727066
v 0.038694001734256744 0.014391000382602215 -0.016279999166727066
v 0.038694001734256744 0.014391000382602215 -0.017000999301671982
v 0.03928900137543678 0.012675000354647636 -0.016279999166727066
v 0.03928900137543678 0.012675000354647636 -0.017000999301671982
v 0.039771001785993576 0.01107100024819374 -0.016642000526189804
v 0.039712999016046524 0.011277000419795513 -0.01725500077009201
v 0.039712999016046524 0.011277000419795513 -0.017270000651478767
v 0.039712999016046524 0.011277000419795513 -0.01744299940764904
v 0.039712999016046524 0.011277000419795513 -0.01743300072848797
v 0.039712999016046524 0.011277000419795513 -0.01728999987244606
v 0.03973500058054924 0.011200999841094017 -0.01686600036919117
v 0.03972499817609787 0.011234000325202942 -0.01695599965751171
v 0.039712999016046524 0.011276000179350376 -0.01724199950695038
v 0.039712999016046524 0.011277000419795513 -0.01724500022828579
v 0.039712999016046524 0.011277000419795513 -0.017514999955892563
v 0.03971799835562706 0.011261999607086182 -0.017722999677062035
v 0.03974299877882004 0.011172999627888203 -0.017990000545978546
v 0.03979400172829628 0.010989000089466572 -0.018245000392198563
v 0.03986499831080437 0.010727999731898308 -0.018427999690175056
v 0.03989500179886818 0.010617000050842762 -0.01847199909389019
v 0.039969999343156815 0.01032899972051382 -0.018515000119805336
v 0.040008001029491425 0.010184000246226788 -0.018515000119805336
v 0.04048899933695793 0.008061000145971775 -0.018515000119805336
v 0.04033299908041954 0.008809000253677368 -0.018515000119805336
v 0.03999999910593033 0.010214000009000301 -0.014766000211238861
v 0.040056001394987106 0.009991999715566635 -0.014766000211238861
v 0.040164001286029816 0.00954699981957674 -0.014766000211238861
v 0.040366001427173615 0.008654000237584114 -0.014766000211238861
v 0.040709998458623886 0.006856000050902367 -0.014766000211238861
v 0.040709998458623886 0.006856000050902367 -0.018515000119805336
v 0.0399710014462471 0.010324999690055847 -0.014766000211238861
v 0.03992899879813194 0.010486000217497349 -0.014777000062167645
v 0.039872001856565475 0.01070099975913763 -0.014839000068604946
v 0.03982099890708923 0.010890999808907509 -0.01494900044053793
v 0.0397769995033741 0.011051000095903873 -0.01510000042617321
v 0.03974299877882004 0.011172999627888203 -0.015283999964594841
v 0.039719998836517334 0.011251999996602535 -0.015495999716222286
v 0.039712999016046524 0.011278999969363213 -0.01572900079190731
v 0.039712999016046524 0.011278999969363213 -0.015930000692605972
v 0.039712999016046524 0.011278999969363213 -0.01603100076317787
v 0.0397149994969368 0.011269999668002129 -0.016170000657439232
v 0.039726000279188156 0.01123099960386753 -0.016341999173164368
v 0.03974499925971031 0.011164000257849693 -0.016499999910593033
v 0.0412059985101223 0.0025210001040250063 -0.014909000135958195
v 0.0412059985101223 0.0025210001040250063 -0.014766000211238861
v 0.04122700169682503 0.002157999901100993 -0.014766000211238861
v 0.04122700169682503 0.002157999901100993 -0.01549100037664175
v 0.0412059985101223 0.0025210001040250063 -0.01549100037664175
v 0.04124400019645691 0.0017960000550374389 -0.014766000211238861
v 0.04124400019645691 0.0017960000550374389 -0.01549100037664175
v 0.03362099826335907 0.023956000804901123 -0.017000999301671982
v 0.03362099826335907 0.023956000804901123 -0.016279999166727066
v 0.03464199975132942 0.02245499938726425 -0.016279999166727066
v 0.03464199975132942 0.02245499938726425 -0.017000999301671982
v 0.03559599816799164 0.020910000428557396 -0.016279999166727066
v 0.03559599816799164 0.020910000428557396 -0.017000999301671982
v 0.03362099826335907 0.023956000804901123 -0.015494000166654587
v 0.03362099826335907 0.023956000804901123 -0.014773000031709671
v 0.03489699959754944 0.022058000788092613 -0.015494000166654587
v 0.03466299921274185 0.022422000765800476 -0.014773000031709671
v 0.035530999302864075 0.02102000080049038 -0.018523000180721283
v 0.03547700121998787 0.021112000569701195 -0.018523000180721283
v 0.03549399971961975 0.02108299918472767 -0.017802000045776367
v 0.035353999584913254 0.021316999569535255 -0.018523000180721283
v 0.03489699959754944 0.022058000788092613 -0.017802000045776367
v 0.03554299846291542 0.020999999716877937 -0.018523000180721283
v 0.03557199984788895 0.02095099911093712 -0.017802000045776367
v 0.03554899990558624 0.020989999175071716 -0.018523000180721283
v 0.035711999982595444 0.02071099914610386 -0.018477000296115875
v 0.03568299859762192 0.020762000232934952 -0.018494000658392906
v 0.0355909988284111 0.02091900072991848 -0.01779700070619583
v 0.035624999552965164 0.020860999822616577 -0.018516000360250473
v 0.03556700050830841 0.020958999171853065 -0.018523000180721283
v 0.03560899943113327 0.020887000486254692 -0.01778700016438961
v 0.03562700003385544 0.020857999101281166 -0.017771000042557716
v 0.03590900078415871 0.020368000492453575 -0.018233999609947205
v 0.035642001777887344 0.020831000059843063 -0.01775199919939041
v 0.03566800057888031 0.02078700065612793 -0.01769999973475933
v 0.036028001457452774 0.02015800029039383 -0.01782499998807907
v 0.03567799925804138 0.0207700002938509 -0.01766899973154068
v 0.03568600118160248 0.020757000893354416 -0.017635999247431755
v 0.03604000061750412 0.020135000348091125 -0.01770699955523014
v 0.035691000521183014 0.020748000591993332 -0.01759999990463257
v 0.036045998334884644 0.020124999806284904 -0.017541000619530678
v 0.03569300100207329 0.020743999630212784 -0.01576099917292595
v 0.036045998334884644 0.020124999806284904 -0.015768000856041908
v 0.03569300100207329 0.020743999630212784 -0.015796000137925148
v 0.036045998334884644 0.020124999806284904 -0.015884999185800552
v 0.03569300100207329 0.020743999630212784 -0.01607999950647354
v 0.036045998334884644 0.020124999806284904 -0.016627000644803047
v 0.03569300100207329 0.020743999630212784 -0.016648000106215477
v 0.036045998334884644 0.020124999806284904 -0.017278999090194702
v 0.03569300100207329 0.020743999630212784 -0.017216000705957413
v 0.036045998334884644 0.020124999806284904 -0.01734199933707714
v 0.036045998334884644 0.020124999806284904 -0.017456000670790672
v 0.03569300100207329 0.020743999630212784 -0.017500000074505806
v 0.03569300100207329 0.020743999630212784 -0.017562000080943108
v 0.03569300100207329 0.020743999630212784 -0.017534999176859856
v 0.036045998334884644 0.020124999806284904 -0.017514999955892563
v 0.036045998334884644 0.020124999806284904 -0.017511999234557152
v 0.03569300100207329 0.020743999630212784 -0.015734000131487846
v 0.036045998334884644 0.020124999806284904 -0.015740999951958656
v 0.036045998334884644 0.020124999806284904 -0.015754999592900276
v 0.03566800057888031 0.02078700065612793 -0.015595999546349049
v 0.03587299957871437 0.020431000739336014 -0.0149959996342659
v 0.03567799925804138 0.0207700002938509 -0.015627000480890274
v 0.03600899875164032 0.020190000534057617 -0.015367000363767147
v 0.03568600118160248 0.020757000893354416 -0.015660999342799187
v 0.03601999953389168 0.020170999690890312 -0.015422999858856201
v 0.035691000521183014 0.020748000591993332 -0.015696000307798386
v 0.03604000061750412 0.020135000348091125 -0.015588999725878239
v 0.036045998334884644 0.020124999806284904 -0.015706000849604607
v 0.035642001777887344 0.020831000059843063 -0.015545000322163105
v 0.03562700003385544 0.020857999101281166 -0.015525000169873238
v 0.0356610007584095 0.020798999816179276 -0.014791999943554401
v 0.03560899943113327 0.020887000486254692 -0.01551000028848648
v 0.0355909988284111 0.02091900072991848 -0.015499000437557697
v 0.03556700050830841 0.020958999171853065 -0.014773000031709671
v 0.03557199984788895 0.02095099911093712 -0.015495000407099724
v 0.03553399816155434 0.021014999598264694 -0.014773000031709671
v 0.03549399971961975 0.02108299918472767 -0.015494000166654587
v 0.03553299978375435 0.021017000079154968 -0.014773000031709671
v 0.034731000661849976 0.02231699973344803 -0.014773000031709671
v 0.035287998616695404 0.021425999701023102 -0.014773000031709671
v 0.03542099893093109 0.021205000579357147 -0.014773000031709671
v 0.03362099826335907 0.023956000804901123 -0.018523000180721283
v 0.03362099826335907 0.023956000804901123 -0.017802000045776367
v 0.034648001194000244 0.022445999085903168 -0.018523000180721283
v 0.03477900102734566 0.02224300056695938 -0.018523000180721283
v 0.036862000823020935 0.01858700066804886 -0.01779399998486042
v 0.037154000252485275 0.017997000366449356 -0.018516000360250473
v 0.036740999668836594 0.018825000151991844 -0.018516000360250473
v 0.03621799871325493 0.019812999293208122 -0.01779399998486042
v 0.036194998770952225 0.019856000319123268 -0.018516000360250473
v 0.036194998770952225 0.019856000319123268 -0.01779399998486042
v 0.03740999847650528 0.017458999529480934 -0.018516000360250473
v 0.03716899827122688 0.017966000363230705 -0.01779399998486042
v 0.03739999979734421 0.017479000613093376 -0.018516000360250473
v 0.03738199919462204 0.01751900091767311 -0.018516000360250473
v 0.03736799955368042 0.017549000680446625 -0.018516000360250473
v 0.037230998277664185 0.017836999148130417 -0.018516000360250473
v 0.03716300055384636 0.017978999763727188 -0.018516000360250473
v 0.037317998707294464 0.017653999850153923 -0.01779399998486042
v 0.03739200159907341 0.017496999353170395 -0.01779399998486042
v 0.03740999847650528 0.017457999289035797 -0.01779399998486042
v 0.03744800016283989 0.01737700030207634 -0.018511999398469925
v 0.037429001182317734 0.01741800084710121 -0.017792999744415283
v 0.03747899830341339 0.01731099933385849 -0.018503999337553978
v 0.03750700131058693 0.017249999567866325 -0.018490999937057495
v 0.03744800016283989 0.01737700030207634 -0.017782999202609062
v 0.03767099976539612 0.016888000071048737 -0.01829499937593937
v 0.03746499866247177 0.017340000718832016 -0.01776600070297718
v 0.037480998784303665 0.017304999753832817 -0.01774200052022934
v 0.03767799958586693 0.016871999949216843 -0.018278999254107475
v 0.037494998425245285 0.01727600023150444 -0.017712999135255814
v 0.0377269983291626 0.016762999817728996 -0.018156999722123146
v 0.037765998393297195 0.01667499914765358 -0.018014999106526375
v 0.03750599920749664 0.017250999808311462 -0.017678000032901764
v 0.03778500109910965 0.016631999984383583 -0.017916999757289886
v 0.03751499950885773 0.017232000827789307 -0.01763799972832203
v 0.037810999900102615 0.016572000458836555 -0.017666000872850418
v 0.03751999884843826 0.01721999980509281 -0.017595000565052032
v 0.03781399875879288 0.016566000878810883 -0.01759600080549717
v 0.03752300143241882 0.017215000465512276 -0.017549000680446625
v 0.03781399875879288 0.016566000878810883 -0.017550000920891762
v 0.03752300143241882 0.017215000465512276 -0.01752300001680851
v 0.03781399875879288 0.016566000878810883 -0.017520999535918236
v 0.03752300143241882 0.017215000465512276 -0.014773000031709671
v 0.03781399875879288 0.016566000878810883 -0.014773000031709671
v 0.03781399875879288 0.016566000878810883 -0.017000000923871994
v 0.03885599970817566 0.01394800003618002 -0.015494000166654587
v 0.03802400082349777 0.016078000888228416 -0.015494000166654587
v 0.03802400082349777 0.016078000888228416 -0.014773000031709671
v 0.039250001311302185 0.012796999886631966 -0.018523000180721283
v 0.03921699896454811 0.012897999957203865 -0.018523000180721283
v 0.03922700136899948 0.012865999713540077 -0.017802000045776367
v 0.03914099931716919 0.013124999590218067 -0.018523000180721283
v 0.03885599970817566 0.01394800003618002 -0.017802000045776367
v 0.039257001131772995 0.012775000184774399 -0.018523000180721283
v 0.03927399963140488 0.012721000239253044 -0.017802000045776367
v 0.039260998368263245 0.012764000333845615 -0.018523000180721283
v 0.03936000168323517 0.01245499961078167 -0.018477000296115875
v 0.039342001080513 0.012511000037193298 -0.018494000658392906
v 0.03928599879145622 0.012684999965131283 -0.01779700070619583
v 0.03930699825286865 0.012620000168681145 -0.018515000119805336
v 0.0392719991505146 0.012729999609291553 -0.018523000180721283
v 0.03929699957370758 0.012651000171899796 -0.01778700016438961
v 0.03930800035595894 0.01261799968779087 -0.017771000042557716
v 0.03947699815034866 0.012078000232577324 -0.018232999369502068
v 0.03931700065732002 0.012589000165462494 -0.01775199919939041
v 0.039333000779151917 0.012539999559521675 -0.01769999973475933
v 0.03954700008034706 0.011846999637782574 -0.017822999507188797
v 0.03933899849653244 0.012520999647676945 -0.01766899973154068
v 0.03934299945831299 0.012505999766290188 -0.017635999247431755
v 0.03955399990081787 0.01182200014591217 -0.017705999314785004
v 0.03934599831700325 0.012497000396251678 -0.01759999990463257
v 0.03955800086259842 0.01181199960410595 -0.017541000619530678
v 0.039347998797893524 0.012492000125348568 -0.01576099917292595
v 0.03955800086259842 0.01181199960410595 -0.015754999592900276
v 0.03955800086259842 0.01181199960410595 -0.015768000856041908
v 0.039347998797893524 0.012492000125348568 -0.015796000137925148
v 0.03955800086259842 0.01181199960410595 -0.015883000567555428
v 0.039347998797893524 0.012492000125348568 -0.01607999950647354
v 0.039347998797893524 0.012492000125348568 -0.016648000106215477
v 0.03955800086259842 0.01181199960410595 -0.016621999442577362
v 0.039347998797893524 0.012492000125348568 -0.017216000705957413
v 0.03955800086259842 0.01181199960410595 -0.017456000670790672
v 0.039347998797893524 0.012492000125348568 -0.017500000074505806
v 0.03955800086259842 0.01181199960410595 -0.01734199933707714
v 0.03955800086259842 0.01181199960410595 -0.01727999933063984
v 0.039347998797893524 0.012492000125348568 -0.017562000080943108
v 0.039347998797893524 0.012492000125348568 -0.017534999176859856
v 0.03955800086259842 0.01181199960410595 -0.017511999234557152
v 0.03955800086259842 0.01181199960410595 -0.015740999951958656
v 0.039347998797893524 0.012492000125348568 -0.015734000131487846
v 0.03955699875950813 0.01181199960410595 -0.015704000368714333
v 0.03955399990081787 0.011823000386357307 -0.01558700017631054
v 0.03934599831700325 0.012497000396251678 -0.015696000307798386
v 0.03954299911856651 0.011859999969601631 -0.015429999679327011
v 0.03934299945831299 0.012505999766290188 -0.015660999342799187
v 0.03953300043940544 0.011895000003278255 -0.015339000150561333
v 0.03933899849653244 0.012520999647676945 -0.015627000480890274
v 0.039333000779151917 0.012539999559521675 -0.015595999546349049
v 0.039448998868465424 0.01217000000178814 -0.01497699972242117
v 0.03931700065732002 0.012589000165462494 -0.015545000322163105
v 0.03930800035595894 0.01261799968779087 -0.015525000169873238
v 0.039319999516010284 0.01257999986410141 -0.014786999672651291
v 0.03929699957370758 0.012651000171899796 -0.01551000028848648
v 0.03928599879145622 0.012684999965131283 -0.015499000437557697
v 0.039271000772714615 0.01273099984973669 -0.014773000031709671
v 0.03927399963140488 0.012721000239253044 -0.015495000407099724
v 0.03925200179219246 0.012788999825716019 -0.014773000031709671
v 0.03922700136899948 0.012865999713540077 -0.015494000166654587
v 0.0392489992082119 0.012798000127077103 -0.014773000031709671
v 0.0391869992017746 0.012988000176846981 -0.014773000031709671
v 0.03870699927210808 0.014353999868035316 -0.014773000031709671
v 0.03879300132393837 0.014120999723672867 -0.014773000031709671
v 0.039087001234292984 0.013286000117659569 -0.014773000031709671
v 0.03802400082349777 0.016078000888228416 -0.018523000180721283
v 0.03802400082349777 0.016078000888228416 -0.017802000045776367
v 0.038697998970746994 0.014380999840795994 -0.018523000180721283
v 0.038780998438596725 0.014154000207781792 -0.018523000180721283
v 0.04079499840736389 0.006331999786198139 -0.015915999189019203
v 0.04089999943971634 0.0056130001321434975 -0.01566999964416027
v 0.04079499840736389 0.006331999786198139 -0.01666400022804737
v 0.04089999943971634 0.0056130001321434975 -0.016412999480962753
v 0.04079499840736389 0.006331999786198139 -0.017038000747561455
v 0.04089999943971634 0.0056130001321434975 -0.017155999317765236
v 0.04079499840736389 0.006331999786198139 -0.017224999144673347
v 0.04079499840736389 0.006331999786198139 -0.01572900079190731
v 0.04079499840736389 0.006331999786198139 -0.015682000666856766
v 0.04079499840736389 0.006331999786198139 -0.01566999964416027
v 0.04079499840736389 0.0063310000114142895 -0.017587000504136086
v 0.04079499840736389 0.006331999786198139 -0.01753699965775013
v 0.0409029982984066 0.005590999964624643 -0.017649000510573387
v 0.04079499840736389 0.006331999786198139 -0.01748500019311905
v 0.04079499840736389 0.006331999786198139 -0.017378000542521477
v 0.040832001715898514 0.006089000031352043 -0.018178999423980713
v 0.04080599918961525 0.006258000154048204 -0.017909999936819077
v 0.04079499840736389 0.0063299997709691525 -0.01759999990463257
v 0.04091000184416771 0.005543000064790249 -0.017719000577926636
v 0.0409110002219677 0.005530000198632479 -0.01773099973797798
v 0.04086900129914284 0.00583800021559 -0.01838199980556965
v 0.040918998420238495 0.005475000012665987 -0.017768999561667442
v 0.0409110002219677 0.005528999958187342 -0.018489999696612358
v 0.040929000824689865 0.005394000094383955 -0.01779399998486042
v 0.0409340001642704 0.0053610000759363174 -0.01850299909710884
v 0.04093300178647041 0.005371000152081251 -0.01850299909710884
v 0.04093300178647041 0.005363999865949154 -0.017796000465750694
v 0.04092299938201904 0.005446000024676323 -0.01850000023841858
v 0.040936000645160675 0.00534099992364645 -0.01850299909710884
v 0.040936000645160675 0.00534099992364645 -0.017796000465750694
v 0.04094000160694122 0.005309999920427799 -0.01850299909710884
v 0.04094399884343147 0.005278999917209148 -0.017796000465750694
v 0.04094799980521202 0.005251000169664621 -0.01850299909710884
v 0.04108399897813797 0.00405400013551116 -0.017796000465750694
v 0.041064999997615814 0.004244999960064888 -0.01850299909710884
v 0.041057001799345016 0.004321000073105097 -0.017796000465750694
v 0.04104899987578392 0.004393999930471182 -0.01850299909710884
v 0.04099300131201744 0.004887999966740608 -0.017796000465750694
v 0.040957000106573105 0.005177999846637249 -0.017796000465750694
v 0.04118800163269043 0.00279999990016222 -0.017796000465750694
v 0.04118900001049042 0.002788000041618943 -0.017796000465750694
v 0.041189998388290405 0.0027759999502450228 -0.01850299909710884
v 0.04118800163269043 0.0027979998849332333 -0.01850299909710884
v 0.04118499904870987 0.0028409999795258045 -0.01850299909710884
v 0.041179001331329346 0.0029279999434947968 -0.01850299909710884
v 0.041175998747348785 0.002971000038087368 -0.01850299909710884
v 0.041165001690387726 0.003120000008493662 -0.01850299909710884
v 0.0411360003054142 0.003490000031888485 -0.017796000465750694
v 0.04112600162625313 0.0035989999305456877 -0.01850299909710884
v 0.04110899940133095 0.0037930000107735395 -0.01850299909710884
v 0.04120799899101257 0.0024969999212771654 -0.018465999513864517
v 0.04120099917054176 0.0026130001060664654 -0.018490999937057495
v 0.04119399935007095 0.0027169999666512012 -0.01779000088572502
v 0.04119500145316124 0.0027020000852644444 -0.018501000478863716
v 0.04119100049138069 0.0027650000993162394 -0.01850299909710884
v 0.04122399911284447 0.002203000010922551 -0.018324000760912895
v 0.04119899868965149 0.0026390000712126493 -0.017757000401616096
v 0.04123599827289581 0.001972000114619732 -0.01809299923479557
v 0.04120299965143204 0.0025760000571608543 -0.017700999975204468
v 0.04124300181865692 0.0018309999722987413 -0.01779700070619583
v 0.04120500013232231 0.00253499997779727 -0.01762700080871582
v 0.04120500013232231 0.0025339999701827765 -0.01762400008738041
v 0.04124400019645691 0.0018090000376105309 -0.017698999494314194
v 0.0412059985101223 0.0025210001040250063 -0.017506999894976616
v 0.04124400019645691 0.0017979999538511038 -0.01760699972510338
v 0.0412059985101223 0.0025210001040250063 -0.01566999964416027
v 0.04124400019645691 0.0017960000550374389 -0.01566999964416027
v 0.0412059985101223 0.0025210001040250063 -0.016665000468492508
v 0.04124400019645691 0.0017960000550374389 -0.016509000211954117
v 0.0412059985101223 0.0025210001040250063 -0.0171509999781847
v 0.04124400019645691 0.0017960000550374389 -0.01734899915754795
v 0.0412059985101223 0.0025210001040250063 -0.017374999821186066
v 0.04124400019645691 0.0017960000550374389 -0.0175160001963377
v 0.04124400019645691 0.0017960000550374389 -0.01754000037908554
v 0.04079499840736389 0.006331999786198139 -0.01549100037664175
v 0.04079499840736389 0.006331999786198139 -0.014766000211238861
v 0.040849000215530396 0.005973000079393387 -0.014766000211238861
v 0.040849000215530396 0.005973000079393387 -0.01549100037664175
v 0.04089999943971634 0.0056130001321434975 -0.014766000211238861
v 0.04089999943971634 0.0056130001321434975 -0.01549100037664175
v 0.04120500013232231 -0.002546000061556697 -0.018516000360250473
v 0.04120500013232231 -0.002546000061556697 -0.014766000211238861
v 0.04118100181221962 -0.0029090000316500664 -0.014766000211238861
v 0.04118100181221962 -0.0029090000316500664 -0.018516000360250473
v 0.04115400090813637 -0.0032709999941289425 -0.014766000211238861
v 0.04115400090813637 -0.0032709999941289425 -0.018516000360250473
v 0.041273001581430435 0.000914999982342124 -0.014766000211238861
v 0.041280001401901245 0.0005530000198632479 -0.014766000211238861
v 0.041280001401901245 0.0005530000198632479 -0.016279999166727066
v 0.041280001401901245 0.0005530000198632479 -0.017000999301671982
v 0.041280001401901245 -0.0005409999866969883 -0.016279999166727066
v 0.041280001401901245 -0.0005409999866969883 -0.017000999301671982
v 0.04121600091457367 -0.002360000042244792 -0.016279999166727066
v 0.04121600091457367 -0.002360000042244792 -0.017000999301671982
v 0.041280001401901245 0.0005530000198632479 -0.018516000360250473
v 0.041262999176979065 0.0012789999600499868 -0.018516000360250473
v 0.041262999176979065 0.0012789999600499868 -0.014766000211238861
v 0.031904999166727066 0.02619899995625019 -0.017000999301671982
v 0.03103400021791458 0.02722500078380108 -0.01699800044298172
v 0.03057200089097023 0.02774300053715706 -0.01664000004529953
v 0.030990000814199448 0.027274999767541885 -0.017028000205755234
v 0.030970999971032143 0.027296999469399452 -0.0170499999076128
v 0.03095399960875511 0.027316000312566757 -0.017076000571250916
v 0.0305160004645586 0.027804000303149223 -0.016759000718593597
v 0.030928000807762146 0.02734600007534027 -0.01713700033724308
v 0.030472999438643456 0.027852000668644905 -0.01689000055193901
v 0.030919000506401062 0.027355000376701355 -0.017170999199151993
v 0.03091300092637539 0.027362000197172165 -0.018515000119805336
v 0.030426999554038048 0.02790199965238571 -0.018515000119805336
v 0.03091300092637539 0.027362000197172165 -0.017829999327659607
v 0.030426999554038048 0.02790199965238571 -0.01783199980854988
v 0.03091300092637539 0.027362000197172165 -0.017487000674009323
v 0.030426999554038048 0.02790199965238571 -0.017489999532699585
v 0.03091300092637539 0.027362000197172165 -0.017315000295639038
v 0.030426999554038048 0.02790199965238571 -0.017318999394774437
v 0.030913999304175377 0.027360999956727028 -0.017208000645041466
v 0.030427999794483185 0.027899999171495438 -0.017179999500513077
v 0.03044299967586994 0.027884000912308693 -0.017031000927090645
v 0.03121899999678135 0.027011999860405922 -0.015484999865293503
v 0.031096000224351883 0.027154000476002693 -0.015484999865293503
v 0.031085999682545662 0.027164999395608902 -0.014766000211238861
v 0.03097599931061268 0.02729099988937378 -0.014777000062167645
v 0.0310479998588562 0.027210000902414322 -0.01548799965530634
v 0.03082899935543537 0.02745700068771839 -0.014839000068604946
v 0.031015999615192413 0.02724600024521351 -0.015499000437557697
v 0.030697999522089958 0.0276040006428957 -0.01494900044053793
v 0.030987000092864037 0.027279000729322433 -0.015519999898970127
v 0.03096099942922592 0.02730800025165081 -0.015548000112175941
v 0.030587000772356987 0.027727000415325165 -0.01510000042617321
v 0.030938999727368355 0.027333000674843788 -0.015581999905407429
v 0.030501000583171844 0.027821000665426254 -0.015283999964594841
v 0.030921999365091324 0.027351999655365944 -0.0156230004504323
v 0.030446000397205353 0.027881000190973282 -0.015495999716222286
v 0.030910000205039978 0.027365999296307564 -0.015667999163269997
v 0.030426999554038048 0.02790199965238571 -0.01572900079190731
v 0.030904000625014305 0.027372000738978386 -0.015716999769210815
v 0.030964000150561333 0.027303999289870262 -0.016222000122070312
v 0.030990999191999435 0.02727399952709675 -0.016248999163508415
v 0.030904000625014305 0.027372999116778374 -0.015744000673294067
v 0.030904000625014305 0.027372999116778374 -0.015790000557899475
v 0.030426999554038048 0.02790199965238571 -0.015930000692605972
v 0.030904000625014305 0.027372999116778374 -0.01597600057721138
v 0.030426999554038048 0.02790199965238571 -0.01603100076317787
v 0.030904000625014305 0.027372999116778374 -0.016023000702261925
v 0.03043299913406372 0.0278949998319149 -0.016170000657439232
v 0.030905000865459442 0.027372000738978386 -0.016054999083280563
v 0.030460000038146973 0.027865000069141388 -0.01634100079536438
v 0.030911000445485115 0.02736400067806244 -0.016103999689221382
v 0.030507000163197517 0.027814000844955444 -0.01649799942970276
v 0.030923999845981598 0.02734999917447567 -0.016147999092936516
v 0.030942000448703766 0.027329999953508377 -0.01618799939751625
v 0.03102000057697296 0.027241000905632973 -0.01626800000667572
v 0.03105200082063675 0.0272039994597435 -0.01627800054848194
v 0.03109700046479702 0.027153000235557556 -0.016279999166727066
v 0.0313429981470108 0.026869000867009163 -0.016279999166727066
v 0.03182600066065788 0.026295000687241554 -0.016279999166727066
v 0.03276100009679794 0.025120999664068222 -0.016279999166727066
v 0.03276100009679794 0.025120999664068222 -0.017000999301671982
v 0.033303000032901764 0.024397000670433044 -0.018515000119805336
v 0.0328730009496212 0.024972999468445778 -0.018515000119805336
v 0.033303000032901764 0.024397000670433044 -0.014766000211238861
v 0.0328730009496212 0.024972999468445778 -0.015484999865293503
v 0.03218900039792061 0.025848999619483948 -0.014766000211238861
v 0.031943999230861664 0.02615099959075451 -0.015484999865293503
v 0.03160800039768219 0.02655700035393238 -0.014766000211238861
v 0.031463999301195145 0.02672800049185753 -0.015484999865293503
v 0.0313120000064373 0.02690500020980835 -0.014766000211238861
v 0.031161999329924583 0.02707899920642376 -0.014766000211238861
v 0.04071100056171417 0.006850999779999256 -0.020361000671982765
v 0.04087800160050392 0.005770999938249588 -0.02035599946975708
v 0.04087800160050392 0.005770999938249588 -0.0224239993840456
v 0.04071899875998497 0.0068060001358389854 -0.022420000284910202
v 0.04066399857401848 0.00712500000372529 -0.02041500061750412
v 0.04064499959349632 0.00723200011998415 -0.020462999120354652
v 0.040578000247478485 0.007600999902933836 -0.021873999387025833
v 0.040571000427007675 0.007637000177055597 -0.02173900045454502
v 0.04056499898433685 0.007666000165045261 -0.021383000537753105
v 0.0405689999461174 0.007646999787539244 -0.02112700045108795
v 0.04058000072836876 0.007586999796330929 -0.02089099958539009
v 0.0406000018119812 0.007480999920517206 -0.020687000826001167
v 0.04062800109386444 0.007327000144869089 -0.020524999126791954
v 0.0406779982149601 0.007046000100672245 -0.022381000220775604
v 0.04065899923443794 0.007153999991714954 -0.022348999977111816
v 0.04064299911260605 0.00724499998614192 -0.02230600081384182
v 0.04061200097203255 0.007416000124067068 -0.02217100001871586
v 0.04058700054883957 0.007550999987870455 -0.021984999999403954
v 0.04028100147843361 0.009042000398039818 -0.020896000787615776
v 0.040275998413562775 0.00906199961900711 -0.020976999774575233
v 0.04013900086283684 0.00965499971061945 -0.020941000431776047
v 0.040362998843193054 0.008666000328958035 -0.0209989994764328
v 0.04042699933052063 0.008364000357687473 -0.021460000425577164
v 0.04031499847769737 0.008887999691069126 -0.021052999421954155
v 0.04032199829816818 0.008856999687850475 -0.021604999899864197
v 0.0402350015938282 0.009243999607861042 -0.02115499973297119
v 0.04029399901628494 0.008981999941170216 -0.02165300026535988
v 0.040185000747442245 0.009460999630391598 -0.021260999143123627
v 0.040286000818014145 0.009021000005304813 -0.021678000688552856
v 0.04016600176692009 0.009538999758660793 -0.02132299914956093
v 0.04027999937534332 0.009046000428497791 -0.021703999489545822
v 0.040151000022888184 0.009602000005543232 -0.02139200083911419
v 0.040275998413562775 0.009065999649465084 -0.021731000393629074
v 0.040139999240636826 0.009650999680161476 -0.021467000246047974
v 0.040272001177072525 0.009080000221729279 -0.02175999991595745
v 0.040268998593091965 0.009092999622225761 -0.021820999681949615
v 0.04012399911880493 0.009716999717056751 -0.021726999431848526
v 0.04027000069618225 0.009088999591767788 -0.021789999678730965
v 0.040125999599695206 0.009707000106573105 -0.02163499966263771
v 0.04013099893927574 0.009685000404715538 -0.021548999473452568
v 0.040189001709222794 0.009441000409424305 -0.02229199931025505
v 0.04016999900341034 0.009525000117719173 -0.022220000624656677
v 0.0402740016579628 0.009072000160813332 -0.02191700041294098
v 0.04015300050377846 0.009595000185072422 -0.022135000675916672
v 0.04027099907398224 0.009084999561309814 -0.021886000409722328
v 0.04013900086283684 0.009650999680161476 -0.022038999944925308
v 0.04027000069618225 0.009092000313103199 -0.02185400016605854
v 0.040130000561475754 0.009689999744296074 -0.021939000114798546
v 0.04012500122189522 0.009712000377476215 -0.02183300070464611
v 0.04027799889445305 0.009053000248968601 -0.02194499969482422
v 0.04028400033712387 0.009027999825775623 -0.02197200059890747
v 0.04023800045251846 0.00923100020736456 -0.022398000583052635
v 0.04029100015759468 0.00899800006300211 -0.0219969991594553
v 0.04029899835586548 0.008961999788880348 -0.022016000002622604
v 0.04029899835586548 0.008960000239312649 -0.022450000047683716
v 0.04030799865722656 0.008922000415623188 -0.022029999643564224
v 0.04032900184392929 0.008825999684631824 -0.02204200066626072
v 0.040394000709056854 0.0085249999538064 -0.022436000406742096
v 0.04034300148487091 0.008759000338613987 -0.02203799970448017
v 0.04035700112581253 0.008697000332176685 -0.02202400006353855
v 0.04043800011277199 0.008314000442624092 -0.02238300070166588
v 0.040369000285863876 0.00863999966531992 -0.02199999988079071
v 0.04045499861240387 0.008227000012993813 -0.022345000877976418
v 0.040380001068115234 0.008590999990701675 -0.02196599915623665
v 0.040470000356435776 0.00815299991518259 -0.02229899913072586
v 0.04038900136947632 0.008547999896109104 -0.021920999512076378
v 0.04049300029873848 0.00803999975323677 -0.02218399941921234
v 0.040394000709056854 0.0085249999538064 -0.021886000409722328
v 0.040509000420570374 0.007956000044941902 -0.022050000727176666
v 0.040401000529527664 0.008488999679684639 -0.021800000220537186
v 0.04052000120282173 0.007899999618530273 -0.02189899981021881
v 0.0404059998691082 0.008466999977827072 -0.021692000329494476
v 0.040525998920202255 0.007871000096201897 -0.021730000153183937
v 0.0403750017285347 0.00861200038343668 -0.020976999774575233
v 0.040382999926805496 0.008577000349760056 -0.020955000072717667
v 0.0404679998755455 0.008163000456988811 -0.021348999813199043
v 0.04038799926638603 0.008551999926567078 -0.02092999964952469
v 0.04048300161957741 0.008090999908745289 -0.021284999325871468
v 0.04049399867653847 0.008034000173211098 -0.02121499925851822
v 0.04039100185036659 0.00853700004518032 -0.02090200036764145
v 0.040502000600099564 0.007991000078618526 -0.021136999130249023
v 0.04050799831748009 0.007964000105857849 -0.021052999421954155
v 0.04039200022816658 0.00853199977427721 -0.02088800072669983
v 0.04051100090146065 0.007950999774038792 -0.02096099965274334
v 0.04039200022816658 0.00853000022470951 -0.020873000845313072
v 0.04050999879837036 0.007950999774038792 -0.020885000005364418
v 0.04050600156188011 0.007974999956786633 -0.020762000232934952
v 0.04039200022816658 0.008534000255167484 -0.020834999158978462
v 0.040495000779628754 0.008030000142753124 -0.02064399980008602
v 0.04038900136947632 0.008547999896109104 -0.02079799957573414
v 0.040477998554706573 0.00811500009149313 -0.020535999909043312
v 0.04045499861240387 0.008229999803006649 -0.020448999479413033
v 0.040382999926805496 0.008573000319302082 -0.020764999091625214
v 0.040424998849630356 0.008376000449061394 -0.020382000133395195
v 0.040376000106334686 0.008608999662101269 -0.020736999809741974
v 0.04038500040769577 0.008565000258386135 -0.020339999347925186
v 0.040366001427173615 0.008655999787151814 -0.020718000829219818
v 0.04035300016403198 0.00871300045400858 -0.020708000287413597
v 0.040334999561309814 0.008797000162303448 -0.02032499946653843
v 0.040337998420000076 0.008785000070929527 -0.02070700004696846
v 0.040272001177072525 0.009084000252187252 -0.02034500055015087
v 0.04032199829816818 0.008857999928295612 -0.020718000829219818
v 0.04030799865722656 0.008921000175178051 -0.02074199914932251
v 0.04021900147199631 0.00931399967521429 -0.020414000377058983
v 0.0402970016002655 0.00897200033068657 -0.020779000595211983
v 0.04019799828529358 0.009405000135302544 -0.0204670000821352
v 0.04028800129890442 0.00901199970394373 -0.020829999819397926
v 0.04015300050377846 0.009596000425517559 -0.020708000287413597
v 0.040164001286029816 0.009545999579131603 -0.020614000037312508
v 0.04018000140786171 0.00948300026357174 -0.0205329991877079
v 0.0398700013756752 0.010710000060498714 -0.021882999688386917
v 0.0398700013756752 0.010710000060498714 -0.021422000601887703
v 0.03997800126671791 0.010300000198185444 -0.021422000601887703
v 0.03997800126671791 0.010300000198185444 -0.021882999688386917
v 0.04008200019598007 0.0098879998549819 -0.021422000601887703
v 0.04008200019598007 0.0098879998549819 -0.021882999688386917
v 0.03916599974036217 0.013051999732851982 -0.021316999569535255
v 0.03920299932360649 0.0129399998113513 -0.021240999922156334
v 0.039239998906850815 0.012827999889850616 -0.02109299972653389
v 0.03922799974679947 0.01286299992352724 -0.02115599997341633
v 0.03925300016999245 0.01278700027614832 -0.020952999591827393
v 0.03924800083041191 0.012802000157535076 -0.021025000140070915
v 0.03910600021481514 0.013230999931693077 -0.02035599946975708
v 0.03914399817585945 0.013117000460624695 -0.020395999774336815
v 0.039177000522613525 0.013017999939620495 -0.020450999960303307
v 0.03921100124716759 0.012915000319480896 -0.02054000087082386
v 0.03923499956727028 0.012841000221669674 -0.020640000700950623
v 0.039250001311302185 0.012796999886631966 -0.02075199969112873
v 0.03925500065088272 0.012782000005245209 -0.020875999704003334
v 0.03901299834251404 0.013503000140190125 -0.020323999226093292
v 0.03903700038790703 0.013430999591946602 -0.022453000769019127
v 0.03909900039434433 0.013251000083982944 -0.022433999925851822
v 0.03914799913764 0.013105999678373337 -0.022397000342607498
v 0.03918499872088432 0.012993000447750092 -0.02234099991619587
v 0.03921600058674812 0.012900000438094139 -0.022268999367952347
v 0.0392410010099411 0.01282500009983778 -0.022179000079631805
v 0.03925900161266327 0.012769999913871288 -0.022074999287724495
v 0.03926999866962433 0.012734999880194664 -0.021960999816656113
v 0.03927399963140488 0.012721000239253044 -0.02184000052511692
v 0.0392719991505146 0.012728000059723854 -0.021719999611377716
v 0.039264000952243805 0.012752999551594257 -0.021612999960780144
v 0.039250001311302185 0.012796999886631966 -0.021518999710679054
v 0.039229001849889755 0.012861000373959541 -0.021438000723719597
v 0.03920099884271622 0.012946000322699547 -0.02137099951505661
v 0.03882699832320213 0.014027000404894352 -0.021316999569535255
v 0.038791000843048096 0.014125999994575977 -0.02137799933552742
v 0.03876199945807457 0.014205999672412872 -0.02145100012421608
v 0.03874000161886215 0.014267000369727612 -0.021537000313401222
v 0.03872400149703026 0.014310000464320183 -0.02163100056350231
v 0.038715001195669174 0.014333999715745449 -0.02173200063407421
v 0.0387130007147789 0.01433899998664856 -0.021839000284671783
v 0.03871700167655945 0.014329000376164913 -0.02194100059568882
v 0.03872700035572052 0.014302000403404236 -0.022038999944925308
v 0.038743000477552414 0.014259000308811665 -0.02213199995458126
v 0.03876199945807457 0.01420699991285801 -0.022213000804185867
v 0.038784001022577286 0.014147000387310982 -0.022278999909758568
v 0.03880799934267998 0.01408000010997057 -0.022331999614834785
v 0.038867998868227005 0.013913000002503395 -0.02240700088441372
v 0.038940999656915665 0.013706999830901623 -0.022446999326348305
v 0.03889099881052971 0.013849000446498394 -0.020363999530673027
v 0.03884299844503403 0.013983000069856644 -0.020413000136613846
v 0.03880399838089943 0.014089999720454216 -0.020483000203967094
v 0.038773998618125916 0.014173000119626522 -0.020566999912261963
v 0.0387520007789135 0.014232000336050987 -0.020661000162363052
v 0.038738999515771866 0.014267999678850174 -0.02076599933207035
v 0.03873499855399132 0.014279999770224094 -0.02088100090622902
v 0.03873699903488159 0.014275000430643559 -0.020949000492691994
v 0.03874199837446213 0.014260999858379364 -0.02101599983870983
v 0.03875099867582321 0.014236999675631523 -0.021080000326037407
v 0.038763001561164856 0.014204000122845173 -0.02114200033247471
v 0.03878900036215782 0.01413199957460165 -0.021230999380350113
v 0.03834500163793564 0.015296000055968761 -0.021882999688386917
v 0.03834500163793564 0.015296000055968761 -0.021422000601887703
v 0.03849999979138374 0.014901000075042248 -0.021422000601887703
v 0.03849999979138374 0.014901000075042248 -0.021882999688386917
v 0.0386510007083416 0.014504999853670597 -0.021422000601887703
v 0.0386510007083416 0.014504999853670597 -0.021882999688386917
v 0.03453800082206726 0.022614000365138054 -0.021580999717116356
v 0.03453800082206726 0.022614000365138054 -0.0224239993840456
v 0.03418299928307533 0.023148000240325928 -0.0224239993840456
v 0.03492800146341324 0.022007999941706657 -0.02107200026512146
v 0.03492800146341324 0.022007999941706657 -0.02035599946975708
v 0.0352649986743927 0.021463999524712563 -0.02035599946975708
v 0.0352649986743927 0.021463999524712563 -0.0224239993840456
v 0.03492800146341324 0.022007999941706657 -0.0224239993840456
v 0.03492800146341324 0.022007999941706657 -0.021580999717116356
v 0.03418299928307533 0.023148000240325928 -0.02035599946975708
v 0.03453800082206726 0.022614000365138054 -0.02035599946975708
v 0.03453800082206726 0.022614000365138054 -0.02107200026512146
v 0.03473399952054024 0.022312000393867493 -0.02107200026512146
v 0.03473399952054024 0.022312000393867493 -0.021580999717116356
v 0.03331400081515312 0.024382000789046288 -0.020361000671982765
v 0.03394800052046776 0.02349100075662136 -0.02035599946975708
v 0.03394800052046776 0.02349100075662136 -0.0224239993840456
v 0.033341001719236374 0.024344999343156815 -0.022420000284910202
v 0.03314900025725365 0.024606000632047653 -0.02041500061750412
v 0.03308400139212608 0.024692999199032784 -0.020462999120354652
v 0.03285900130867958 0.024992000311613083 -0.021873999387025833
v 0.03283600136637688 0.025022000074386597 -0.02173900045454502
v 0.03281800076365471 0.0250450000166893 -0.021383000537753105
v 0.03283099830150604 0.025028999894857407 -0.02112700045108795
v 0.03286699950695038 0.024980999529361725 -0.02089099958539009
v 0.03293300047516823 0.024894999340176582 -0.020687000826001167
v 0.03302700072526932 0.024769999086856842 -0.020524999126791954
v 0.03319700062274933 0.02454099990427494 -0.022381000220775604
v 0.033132001757621765 0.024629000574350357 -0.022348999977111816
v 0.03307599946856499 0.02470399998128414 -0.02230600081384182
v 0.032972000539302826 0.024841999635100365 -0.02217100001871586
v 0.03288999944925308 0.02495099976658821 -0.021984999999403954
v 0.031947001814842224 0.02614700049161911 -0.020896000787615776
v 0.03193400055170059 0.026163000613451004 -0.020976999774575233
v 0.0315449982881546 0.026630999520421028 -0.020941000431776047
v 0.032189998775720596 0.02584799937903881 -0.0209989994764328
v 0.03238200023770332 0.025606999173760414 -0.021460000425577164
v 0.03204699978232384 0.02602499909698963 -0.021052999421954155
v 0.03206700086593628 0.02600100077688694 -0.021604999899864197
v 0.03181599825620651 0.0263069998472929 -0.02115499973297119
v 0.03198599815368652 0.026100000366568565 -0.02165300026535988
v 0.03167400136590004 0.026477999985218048 -0.021260999143123627
v 0.031961001455783844 0.026131000369787216 -0.021678000688552856
v 0.03162200003862381 0.02653999999165535 -0.02132299914956093
v 0.03194500133395195 0.02615099959075451 -0.021703999489545822
v 0.03158000111579895 0.026590000838041306 -0.02139200083911419
v 0.03193200007081032 0.026165999472141266 -0.021731000393629074
v 0.03154800087213516 0.026628000661730766 -0.021467000246047974
v 0.031922999769449234 0.026177000254392624 -0.02175999991595745
v 0.03191399946808815 0.026187999173998833 -0.021820999681949615
v 0.03150400146842003 0.026680000126361847 -0.021726999431848526
v 0.03191699832677841 0.026184000074863434 -0.021789999678730965
v 0.03150999918580055 0.0266720000654459 -0.02163499966263771
v 0.03152500092983246 0.02665499970316887 -0.021548999473452568
v 0.03168699890375137 0.02646300010383129 -0.02229199931025505
v 0.031631000339984894 0.02652899920940399 -0.022220000624656677
v 0.03192799910902977 0.02617100067436695 -0.02191700041294098
v 0.031585000455379486 0.026583999395370483 -0.022135000675916672
v 0.03192000091075897 0.026180999353528023 -0.021886000409722328
v 0.03154800087213516 0.026628000661730766 -0.022038999944925308
v 0.031915001571178436 0.026187000796198845 -0.02185400016605854
v 0.0315219983458519 0.026659000664949417 -0.021939000114798546
v 0.03150700032711029 0.0266759991645813 -0.02183300070464611
v 0.031939998269081116 0.026156000792980194 -0.02194499969482422
v 0.03195599839091301 0.026135999709367752 -0.02197200059890747
v 0.03182400017976761 0.02629699930548668 -0.022398000583052635
v 0.03197599947452545 0.02611199952661991 -0.0219969991594553
v 0.031998999416828156 0.02608400024473667 -0.022016000002622604
v 0.03200099989771843 0.026081999763846397 -0.022450000047683716
v 0.03202499821782112 0.026052000001072884 -0.022029999643564224
v 0.03208699822425842 0.025976000353693962 -0.02204200066626072
v 0.032280001789331436 0.025736000388860703 -0.022436000406742096
v 0.03212999925017357 0.025923000648617744 -0.02203799970448017
v 0.03217000141739845 0.02587299980223179 -0.02202400006353855
v 0.03241400048136711 0.02556700073182583 -0.02238300070166588
v 0.03220599889755249 0.025828000158071518 -0.02199999988079071
v 0.0324690006673336 0.02549700066447258 -0.022345000877976418
v 0.03223799914121628 0.025787999853491783 -0.02196599915623665
v 0.03251500055193901 0.02543799951672554 -0.02229899913072586
v 0.03226500004529953 0.02575399912893772 -0.021920999512076378
v 0.032586000859737396 0.025345999747514725 -0.02218399941921234
v 0.032280001789331436 0.025735000148415565 -0.021886000409722328
v 0.032639000564813614 0.025279000401496887 -0.022050000727176666
v 0.03230300173163414 0.025707000866532326 -0.021800000220537186
v 0.032673999667167664 0.025234000757336617 -0.02189899981021881
v 0.03231700137257576 0.025690000504255295 -0.021692000329494476
v 0.03269200026988983 0.025210000574588776 -0.021730000153183937
v 0.03222399950027466 0.025805000215768814 -0.020976999774575233
v 0.03224699944257736 0.025776999071240425 -0.020955000072717667
v 0.03250899910926819 0.02544499933719635 -0.021348999813199043
v 0.032262999564409256 0.025756999850273132 -0.02092999964952469
v 0.03255400061607361 0.025388000532984734 -0.021284999325871468
v 0.032590001821517944 0.025342000648379326 -0.02121499925851822
v 0.03227199986577034 0.025745000690221786 -0.02090200036764145
v 0.0326169990003109 0.025306999683380127 -0.021136999130249023
v 0.03263400122523308 0.02528499998152256 -0.021052999421954155
v 0.0322749987244606 0.02574099972844124 -0.02088800072669983
v 0.032641999423503876 0.02527499943971634 -0.02096099965274334
v 0.032276999205350876 0.0257399994879961 -0.020873000845313072
v 0.032641999423503876 0.02527499943971634 -0.020885000005364418
v 0.03262700140476227 0.02529500052332878 -0.020762000232934952
v 0.032274000346660614 0.025741999968886375 -0.020834999158978462
v 0.032593000680208206 0.025338999927043915 -0.02064399980008602
v 0.03226500004529953 0.02575399912893772 -0.02079799957573414
v 0.0325389988720417 0.02540699951350689 -0.020535999909043312
v 0.03246700018644333 0.025498999282717705 -0.020448999479413033
v 0.032248999923467636 0.025774000212550163 -0.020764999091625214
v 0.03237399831414223 0.025616999715566635 -0.020382000133395195
v 0.03222599998116493 0.02580299973487854 -0.020736999809741974
v 0.03225500136613846 0.025767000392079353 -0.020339999347925186
v 0.032196998596191406 0.025839999318122864 -0.020718000829219818
v 0.03215999901294708 0.025885000824928284 -0.020708000287413597
v 0.03210499882698059 0.025953000411391258 -0.02032499946653843
v 0.032113999128341675 0.025942999869585037 -0.02070700004696846
v 0.03192000091075897 0.026179999113082886 -0.02034500055015087
v 0.03206599876284599 0.02600100077688694 -0.020718000829219818
v 0.03202600032091141 0.026050999760627747 -0.02074199914932251
v 0.031769998371601105 0.026362000033259392 -0.020414000377058983
v 0.03199300169944763 0.02609100006520748 -0.020779000595211983
v 0.03170999884605408 0.02643500082194805 -0.0204670000821352
v 0.03196699917316437 0.02612300030887127 -0.020829999819397926
v 0.0315839983522892 0.02658499963581562 -0.020708000287413597
v 0.031617000699043274 0.026545999571681023 -0.020614000037312508
v 0.031658999621868134 0.026496000587940216 -0.0205329991877079
v 0.030858999118208885 0.02742299996316433 -0.02037999965250492
v 0.030926000326871872 0.027348000556230545 -0.020409999415278435
v 0.030990000814199448 0.027274999767541885 -0.020459000021219254
v 0.031045999377965927 0.027211999520659447 -0.020526999607682228
v 0.031091000884771347 0.027160000056028366 -0.020610999315977097
v 0.031123999506235123 0.027122000232338905 -0.020709000527858734
v 0.0311450008302927 0.027098000049591064 -0.02081199921667576
v 0.031151000410318375 0.027091000229120255 -0.020917000249028206
v 0.0311450008302927 0.027098000049591064 -0.021021999418735504
v 0.03112499974668026 0.02712099999189377 -0.021122999489307404
v 0.031091999262571335 0.02715899981558323 -0.021220000460743904
v 0.031046999618411064 0.027210000902414322 -0.02130500040948391
v 0.030991999432444572 0.02727299928665161 -0.021371999755501747
v 0.030928000807762146 0.027344999834895134 -0.02142300084233284
v 0.03086099959909916 0.027420999482274055 -0.021453000605106354
v 0.030791999772191048 0.02749899961054325 -0.021462999284267426
v 0.0307219997048378 0.027576999738812447 -0.021453000605106354
v 0.03065500035881996 0.02765199914574623 -0.02142300084233284
v 0.03058999963104725 0.027722999453544617 -0.021371999755501747
v 0.030533000826835632 0.02778499945998192 -0.02130500040948391
v 0.030487999320030212 0.027835000306367874 -0.021220000460743904
v 0.0304540004581213 0.027871999889612198 -0.021122999489307404
v 0.030433999374508858 0.027893999591469765 -0.021021999418735504
v 0.030426999554038048 0.02790199965238571 -0.020917000249028206
v 0.030433999374508858 0.027893999591469765 -0.02081199921667576
v 0.030455000698566437 0.027871999889612198 -0.020709000527858734
v 0.03048899956047535 0.027834000065922737 -0.020610999315977097
v 0.030534999445080757 0.02778399921953678 -0.020526999607682228
v 0.030592000111937523 0.027721000835299492 -0.020459000021219254
v 0.030657000839710236 0.02764900028705597 -0.020409999415278435
v 0.030724000185728073 0.027574999257922173 -0.02037999965250492
v 0.030791999772191048 0.02749899961054325 -0.0203699991106987
v 0.031022999435663223 0.02723800018429756 -0.029278000816702843
v 0.0310210008174181 0.027240000665187836 -0.0287260003387928
v 0.0311840008944273 0.027053000405430794 -0.029100000858306885
v 0.031103000044822693 0.027147000655531883 -0.02857300080358982
v 0.03131699934601784 0.026899000629782677 -0.028875000774860382
v 0.03097499907016754 0.027292000129818916 -0.027792999520897865
v 0.031197000294923782 0.027039000764489174 -0.027792999520897865
v 0.031197000294923782 0.027039000764489174 -0.02823299914598465
v 0.03141799941658974 0.026781000196933746 -0.02860799990594387
v 0.031160999089479446 0.02707899920642376 -0.028404999524354935
v 0.03147999942302704 0.026707999408245087 -0.028313999995589256
v 0.03150000050663948 0.026683999225497246 -0.028013000264763832
v 0.03147999942302704 0.026707999408245087 -0.027712000533938408
v 0.031160999089479446 0.02707899920642376 -0.02762099914252758
v 0.03141799941658974 0.026781000196933746 -0.027418000623583794
v 0.03097499907016754 0.027292000129818916 -0.02823299914598465
v 0.030626000836491585 0.02768399938941002 -0.02823299914598465
v 0.030626000836491585 0.02768399938941002 -0.027792999520897865
v 0.030426999554038048 0.02790199965238571 -0.029471000656485558
v 0.030426999554038048 0.02790199965238571 -0.029028000310063362
v 0.030632000416517258 0.02767699956893921 -0.02947000041604042
v 0.030548999086022377 0.027767999097704887 -0.029038000851869583
v 0.030835000798106194 0.02745000086724758 -0.029404999688267708
v 0.03067599982023239 0.02762800082564354 -0.02901500090956688
v 0.03080200031399727 0.027487000450491905 -0.028953999280929565
v 0.030919000506401062 0.027355000376701355 -0.028855999931693077
v 0.03131699934601784 0.026899000629782677 -0.027150999754667282
v 0.031103000044822693 0.027147000655531883 -0.027452999725937843
v 0.0311840008944273 0.027053000405430794 -0.02692599967122078
v 0.0310210008174181 0.027240000665187836 -0.027298999950289726
v 0.031022999435663223 0.02723800018429756 -0.026746999472379684
v 0.030919000506401062 0.027355000376701355 -0.02716900035738945
v 0.030835000798106194 0.02745000086724758 -0.026621000841259956
v 0.030426999554038048 0.02790199965238571 -0.026996999979019165
v 0.030426999554038048 0.02790199965238571 -0.026554999873042107
v 0.030548999086022377 0.027767999097704887 -0.026986999437212944
v 0.030632000416517258 0.02767699956893921 -0.026556000113487244
v 0.03067599982023239 0.02762800082564354 -0.027010999619960785
v 0.03080200031399727 0.027487000450491905 -0.02707199938595295
v 0.032065000385046005 0.026001999154686928 -0.029471000656485558
v 0.032065000385046005 0.026001999154686928 -0.029028000310063362
v 0.032255999743938446 0.02576499991118908 -0.02947000041604042
v 0.03220200166106224 0.025832999497652054 -0.02903600037097931
v 0.03244499862194061 0.025527000427246094 -0.029404999688267708
v 0.032340001314878464 0.02566099911928177 -0.02899700030684471
v 0.03262000158429146 0.025303000584244728 -0.029278000816702843
v 0.03246799856424332 0.025498999282717705 -0.028912000358104706
v 0.0325779989361763 0.025357000529766083 -0.028788000345230103
v 0.03277000039815903 0.025109000504016876 -0.029100000858306885
v 0.03266900032758713 0.02524000033736229 -0.028629999607801437
v 0.032065000385046005 0.026001999154686928 -0.026996999979019165
v 0.032065000385046005 0.026001999154686928 -0.026554999873042107
v 0.03220200166106224 0.025832999497652054 -0.026988999918103218
v 0.032255999743938446 0.02576499991118908 -0.026556000113487244
v 0.032340001314878464 0.02566099911928177 -0.027027999982237816
v 0.03244499862194061 0.025527000427246094 -0.026621000841259956
v 0.03246799856424332 0.025498999282717705 -0.02711299993097782
v 0.03262000158429146 0.025303000584244728 -0.026746999472379684
v 0.0325779989361763 0.025357000529766083 -0.027236999943852425
v 0.03277000039815903 0.025109000504016876 -0.02692599967122078
v 0.03266900032758713 0.02524000033736229 -0.027396000921726227
v 0.032892998307943344 0.024947000667452812 -0.027150999754667282
v 0.03273899853229523 0.02514900080859661 -0.027587000280618668
v 0.032986998558044434 0.02482300065457821 -0.027418000623583794
v 0.03278199955821037 0.025093000382184982 -0.027797000482678413
v 0.0330439992249012 0.024746999144554138 -0.027712000533938408
v 0.03279599919915199 0.025074999779462814 -0.028013000264763832
v 0.033062998205423355 0.02472200058400631 -0.028013000264763832
v 0.03278199955821037 0.025093000382184982 -0.02822900004684925
v 0.0330439992249012 0.024746999144554138 -0.028313999995589256
v 0.03273899853229523 0.02514900080859661 -0.028439000248908997
v 0.032986998558044434 0.02482300065457821 -0.02860799990594387
v 0.032892998307943344 0.024947000667452812 -0.028875000774860382
v 0.03959599882364273 0.011683999560773373 -0.021126000210642815
v 0.03962500020861626 0.011583000421524048 -0.02112100087106228
v 0.039632998406887054 0.011555000208318233 -0.021530000492930412
v 0.03958500176668167 0.011718000285327435 -0.02149900048971176
v 0.03945000097155571 0.012165999971330166 -0.021284999325871468
v 0.03955899924039841 0.011807000264525414 -0.02150600031018257
v 0.03954600170254707 0.011850999668240547 -0.02151999995112419
v 0.03953399881720543 0.011890999972820282 -0.02154099941253662
v 0.03952300176024437 0.01192499976605177 -0.02156900055706501
v 0.039416998624801636 0.012273999862372875 -0.021320000290870667
v 0.03951499983668327 0.01195400021970272 -0.02160399965941906
v 0.03939000144600868 0.012357999570667744 -0.02136800065636635
v 0.03950800001621246 0.011975999921560287 -0.02164600044488907
v 0.039374999701976776 0.012404999695718288 -0.021407999098300934
v 0.03936300054192543 0.01244600024074316 -0.02145499922335148
v 0.039344001561403275 0.012505999766290188 -0.021567000076174736
v 0.03950300067663193 0.011990999802947044 -0.021693000569939613
v 0.03933500126004219 0.012533999979496002 -0.021702999249100685
v 0.039500001817941666 0.012001000344753265 -0.021803999319672585
v 0.03933800011873245 0.012523000128567219 -0.021882999688386917
v 0.03934599831700325 0.012497000396251678 -0.021976999938488007
v 0.03950599953532219 0.011982999742031097 -0.021909000352025032
v 0.03935899958014488 0.01245800033211708 -0.022068999707698822
v 0.03937600180506706 0.012404000386595726 -0.0221560001373291
v 0.03951200097799301 0.01196299958974123 -0.021953999996185303
v 0.039395999163389206 0.012338999658823013 -0.022231999784708023
v 0.039420999586582184 0.012261000461876392 -0.02229500003159046
v 0.03951999917626381 0.011935999616980553 -0.0219930000603199
v 0.039448998868465424 0.012171000242233276 -0.022346999496221542
v 0.03953000158071518 0.011903000064194202 -0.022027000784873962
v 0.03948099911212921 0.012064999900758266 -0.02238599956035614
v 0.03954099863767624 0.011866999790072441 -0.022052999585866928
v 0.039517998695373535 0.0119420001283288 -0.022412000223994255
v 0.03955300152301788 0.011826000176370144 -0.022071000188589096
v 0.03956599906086922 0.011781999841332436 -0.022081000730395317
v 0.03960299864411354 0.011656999588012695 -0.02242100052535534
v 0.03957999870181084 0.011734999716281891 -0.02208399958908558
v 0.03959299996495247 0.011691000312566757 -0.02208000048995018
v 0.039604999125003815 0.011651000007987022 -0.02206999994814396
v 0.03967300057411194 0.011416999623179436 -0.022388000041246414
v 0.03961599990725517 0.011614000424742699 -0.022053999826312065
v 0.039625998586416245 0.011579999700188637 -0.0220320001244545
v 0.039723001420497894 0.011242999695241451 -0.022314000874757767
v 0.03963499888777733 0.011549999937415123 -0.02200300060212612
v 0.039744000881910324 0.011169999837875366 -0.022262999787926674
v 0.03964199870824814 0.011524000205099583 -0.02196500077843666
v 0.03965900093317032 0.011464999988675117 -0.0217909999191761
v 0.03981100022792816 0.01092700008302927 -0.02186400070786476
v 0.03964899852871895 0.011501000262796879 -0.02191700041294098
v 0.03979000076651573 0.01100200042128563 -0.022052999585866928
v 0.039760999381542206 0.011106000281870365 -0.022203000262379646
v 0.039802998304367065 0.010956999845802784 -0.020875999704003334
v 0.03965900093317032 0.011464999988675117 -0.02097400091588497
v 0.039785001426935196 0.011021999642252922 -0.02070399932563305
v 0.03964700177311897 0.011506999842822552 -0.020816000178456306
v 0.039758000522851944 0.011118999682366848 -0.02056499943137169
v 0.039645999670028687 0.011509999632835388 -0.02081100083887577
v 0.03972100093960762 0.011250000447034836 -0.020459000021219254
v 0.039639998227357864 0.01153200026601553 -0.020773999392986298
v 0.039632998406887054 0.011556999757885933 -0.020747000351548195
v 0.03967199847102165 0.01142099965363741 -0.020390000194311142
v 0.03962999954819679 0.011566000059247017 -0.020740000531077385
v 0.03960999846458435 0.011634999886155128 -0.02035900019109249
v 0.039604999125003815 0.01165200024843216 -0.02070000022649765
v 0.03960400074720383 0.011656000278890133 -0.02070000022649765
v 0.03953399881720543 0.011892000213265419 -0.0203660000115633
v 0.03958100080490112 0.011733000166714191 -0.020697999745607376
v 0.0395670011639595 0.0117790000513196 -0.020708000287413597
v 0.03946800157427788 0.0121069997549057 -0.020413000136613846
v 0.03955300152301788 0.011827000416815281 -0.0207349993288517
v 0.039441999047994614 0.012192999944090843 -0.02045300044119358
v 0.03954600170254707 0.011850999668240547 -0.020757000893354416
v 0.039420001208782196 0.012263000011444092 -0.02050199918448925
v 0.0395359992980957 0.011884000152349472 -0.020812999457120895
v 0.03940200060606003 0.01232099998742342 -0.020558999851346016
v 0.03936700150370598 0.012431000359356403 -0.020840000361204147
v 0.03937000036239624 0.012420999817550182 -0.020762000232934952
v 0.03953399881720543 0.011892000213265419 -0.020837999880313873
v 0.03937700018286705 0.012400000356137753 -0.020688999444246292
v 0.03938800096511841 0.01236599963158369 -0.020622000098228455
v 0.03936700150370598 0.012431000359356403 -0.020899999886751175
v 0.03953399881720543 0.011890999972820282 -0.02095099911093712
v 0.039372000843286514 0.01241500023752451 -0.020990999415516853
v 0.03957799822092056 0.0117419995367527 -0.021113000810146332
v 0.03938300162553787 0.012381000444293022 -0.021074999123811722
v 0.039535000920295715 0.011888000182807446 -0.020963000133633614
v 0.039400000125169754 0.01232799980789423 -0.02115200087428093
v 0.03954799845814705 0.011843999847769737 -0.02104100026190281
v 0.03955399990081787 0.011823000386357307 -0.021062999963760376
v 0.03942200168967247 0.012257000431418419 -0.02122199907898903
v 0.039538998156785965 0.011873000301420689 -0.0209989994764328
v 0.03954600170254707 0.011850999668240547 -0.021031999960541725
v 0.03956399857997894 0.011789999902248383 -0.02108900062739849
v 0.0395749993622303 0.011753999628126621 -0.021107999607920647
v 0.03957600146532059 0.011750999838113785 -0.02111000008881092
v 0.037946999073028564 0.0162579994648695 -0.02208700031042099
v 0.037797000259160995 0.01660499908030033 -0.02208700031042099
v 0.03765000030398369 0.016933999955654144 -0.02208700031042099
v 0.037987999618053436 0.016162000596523285 -0.0224239993840456
v 0.03824299946427345 0.015549000352621078 -0.0224239993840456
v 0.0379440002143383 0.016265999525785446 -0.02033800072968006
v 0.037797000259160995 0.01660499908030033 -0.02033800072968006
v 0.03765299916267395 0.01692900061607361 -0.02033800072968006
v 0.03760699927806854 0.017031000927090645 -0.0224239993840456
v 0.03719300031661987 0.017588000744581223 -0.0224239993840456
v 0.03663099929690361 0.019037999212741852 -0.0224239993840456
v 0.03629099950194359 0.019680000841617584 -0.0224239993840456
v 0.03681999817490578 0.018672000616788864 -0.021754000335931778
v 0.03662500157952309 0.019050000235438347 -0.021347999572753906
v 0.036990001797676086 0.018332000821828842 -0.02033800072968006
v 0.037292998284101486 0.01770699955523014 -0.02033800072968006
v 0.03681400045752525 0.018682999536395073 -0.020980000495910645
v 0.03700599819421768 0.018300000578165054 -0.021337000653147697
v 0.037004001438617706 0.018302999436855316 -0.0224239993840456
v 0.036646001040935516 0.019008999690413475 -0.02033800072968006
v 0.0363209992647171 0.01962300017476082 -0.02033800072968006
v 0.03586700186133385 0.02044299989938736 -0.0224239993840456
v 0.03586700186133385 0.02044299989938736 -0.02033800072968006
v 0.036024998873472214 0.02016099914908409 -0.02033800072968006
v 0.036024998873472214 0.02016099914908409 -0.0224239993840456
v 0.03618200123310089 0.019879000261425972 -0.02033800072968006
v 0.03618200123310089 0.019879000261425972 -0.0224239993840456
v 0.03696399927139282 -0.018384000286459923 -0.020932000130414963
v 0.03695400059223175 -0.01840299926698208 -0.020875999704003334
v 0.03694399818778038 -0.01842300035059452 -0.02095099911093712
v 0.031971998512744904 -0.026117000728845596 -0.011316999793052673
v 0.03197599947452545 -0.026112999767065048 -0.011347999796271324
v 0.0320190005004406 -0.026058999821543694 -0.011309999972581863
v 0.031984999775886536 -0.026101000607013702 -0.01135099958628416
v 0.03203500062227249 -0.026040000841021538 -0.01135099958628416
v 0.032003000378608704 -0.026079000905156136 -0.011269000358879566
v 0.031975001096725464 -0.026112999767065048 -0.01128000020980835
v 0.031968001276254654 -0.026122000068426132 -0.01128700003027916
v 0.03196299821138382 -0.026127999648451805 -0.011296999640762806
v 0.03196699917316437 -0.02612300030887127 -0.011339999735355377
v 0.03196199983358383 -0.026128999888896942 -0.01133000012487173
v 0.03195999935269356 -0.026132000610232353 -0.011319000273942947
v 0.031961001455783844 -0.026131000369787216 -0.011307000182569027
v 0.03213600069284439 -0.025915000587701797 -0.011237000115215778
v 0.03258800134062767 -0.02534399926662445 -0.011237000115215778
v 0.032517001032829285 -0.025436000898480415 -0.011347999796271324
v 0.033440001308918 -0.024210000410676003 -0.01154400035738945
v 0.03387400135397911 -0.023598000407218933 -0.011068000458180904
v 0.03361300006508827 -0.02396799996495247 -0.011052999645471573
v 0.03352700173854828 -0.02408899925649166 -0.01129900012165308
v 0.033378999680280685 -0.024292999878525734 -0.011056000366806984
v 0.03314099833369255 -0.024615999311208725 -0.011067000217735767
v 0.03487199917435646 -0.02209700085222721 -0.011295000091195107
v 0.034265000373125076 -0.023026999086141586 -0.011983999982476234
v 0.032660000026226044 -0.025251999497413635 -0.011126000434160233
v 0.03472299873828888 -0.022329000756144524 -0.012369000352919102
v 0.035055000334978104 -0.021803999319672585 -0.01271899975836277
v 0.03510500118136406 -0.0217250008136034 -0.011405999772250652
v 0.035551998764276505 -0.02098499983549118 -0.011680000461637974
v 0.03557499870657921 -0.020944999530911446 -0.013438000343739986
v 0.03567900136113167 -0.020767999812960625 -0.011777999810874462
v 0.03645800054073334 -0.019368000328540802 -0.015513000078499317
v 0.03687399998307228 -0.018564999103546143 -0.013597000390291214
v 0.03614399954676628 -0.01994900032877922 -0.01457700040191412
v 0.036834001541137695 -0.018643999472260475 -0.013489999808371067
v 0.03575500100851059 -0.02063699997961521 -0.013748999685049057
v 0.03642300143837929 -0.01943499967455864 -0.012651000171899796
v 0.03616400063037872 -0.019912000745534897 -0.012276999652385712
v 0.03730199858546257 -0.017689000815153122 -0.018453000113368034
v 0.037303999066352844 -0.017683999612927437 -0.016870999708771706
v 0.036938998848199844 -0.01843399927020073 -0.0173140000551939
v 0.03729499876499176 -0.01770400069653988 -0.01668200083076954
v 0.03665800020098686 -0.018986999988555908 -0.016143999993801117
v 0.03723299875855446 -0.017833000048995018 -0.015804000198841095
v 0.03701600059866905 -0.018279999494552612 -0.014208000153303146
v 0.03707500174641609 -0.018157999962568283 -0.01932300068438053
v 0.03699500113725662 -0.01832200028002262 -0.020576000213623047
v 0.037046998739242554 -0.018216999247670174 -0.020680999383330345
v 0.03703700006008148 -0.01823600009083748 -0.01811400055885315
v 0.037060998380184174 -0.018188999965786934 -0.018451999872922897
v 0.037220001220703125 -0.017860999330878258 -0.019618000835180283
v 0.037195999175310135 -0.01790899969637394 -0.01981399953365326
v 0.03694399818778038 -0.018425000831484795 -0.02096799947321415
v 0.036945000290870667 -0.018422000110149384 -0.020980000495910645
v 0.036949001252651215 -0.018415000289678574 -0.020990999415516853
v 0.03695400059223175 -0.018403999507427216 -0.0209989994764328
v 0.036959998309612274 -0.018393000587821007 -0.02100200019776821
v 0.03696500137448311 -0.018383000046014786 -0.021000999957323074
v 0.036972999572753906 -0.018364999443292618 -0.02098900079727173
v 0.036970000714063644 -0.018372999504208565 -0.020997000858187675
v 0.03581300005316734 -0.020535999909043312 -0.024205999448895454
v 0.03534799814224243 -0.021327000111341476 -0.024325000122189522
v 0.03550399839878082 -0.021067000925540924 -0.0252119991928339
v 0.0350629985332489 -0.021793000400066376 -0.024342000484466553
v 0.03510399907827377 -0.02172599919140339 -0.02515600062906742
v 0.03494599834084511 -0.02197900041937828 -0.024342000484466553
v 0.03494599834084511 -0.021980000659823418 -0.025180000811815262
v 0.03488200157880783 -0.022081000730395317 -0.024354999884963036
v 0.034742001444101334 -0.022299999371170998 -0.024389000609517097
v 0.034292999655008316 -0.022986000403761864 -0.024407999590039253
v 0.03357800096273422 -0.024017000570893288 -0.024946000427007675
v 0.034115999937057495 -0.023246999830007553 -0.025405000895261765
v 0.03429200127720833 -0.022987000644207 -0.024971000850200653
v 0.03429099917411804 -0.022988000884652138 -0.025534000247716904
v 0.03514600172638893 -0.021657999604940414 -0.02597000077366829
v 0.033677998930215836 -0.02387700043618679 -0.024608999490737915
v 0.03349899873137474 -0.024126999080181122 -0.024514999240636826
v 0.03286699950695038 -0.024980999529361725 -0.024132000282406807
v 0.0328189991414547 -0.025043999776244164 -0.023825999349355698
v 0.03280999884009361 -0.02505600079894066 -0.023816000670194626
v 0.03275299817323685 -0.025131000205874443 -0.023500999435782433
v 0.03270300105214119 -0.025195999071002007 -0.023448999971151352
v 0.03246799856424332 -0.025498000904917717 -0.023159999400377274
v 0.0324539989233017 -0.025515999644994736 -0.02331800013780594
v 0.032572001218795776 -0.02536500059068203 -0.023461999371647835
v 0.0327720008790493 -0.025105999782681465 -0.023521000519394875
v 0.03243999928236008 -0.025533000007271767 -0.023475000634789467
v 0.032207999378442764 -0.025824999436736107 -0.023012999445199966
v 0.03232499957084656 -0.025678999722003937 -0.022957000881433487
v 0.032267000526189804 -0.025752000510692596 -0.022985000163316727
v 0.032255999743938446 -0.02576499991118908 -0.02297000028192997
v 0.03230400010943413 -0.02570500038564205 -0.022926999256014824
v 0.03221600130200386 -0.025815999135375023 -0.022905999794602394
v 0.03203599900007248 -0.0260390006005764 -0.022531000897288322
v 0.03203099966049194 -0.026045000180602074 -0.02253899909555912
v 0.03207800164818764 -0.02598699927330017 -0.022617999464273453
v 0.032026998698711395 -0.02604999952018261 -0.022549999877810478
v 0.03202600032091141 -0.026050999760627747 -0.022561000660061836
v 0.03202600032091141 -0.02604999952018261 -0.022564999759197235
v 0.03202800080180168 -0.026048000901937485 -0.022578999400138855
v 0.03203599900007248 -0.026038000360131264 -0.022602999582886696
v 0.03206200152635574 -0.026006000116467476 -0.022531000897288322
v 0.032058000564575195 -0.026010999456048012 -0.02252800017595291
v 0.032051000744104385 -0.026019999757409096 -0.022525999695062637
v 0.0320420004427433 -0.026031000539660454 -0.022526999935507774
v 0.03222399950027466 -0.02580600045621395 -0.02280000038444996
v 0.03210199996829033 -0.025956999510526657 -0.022593000903725624
v 0.032072000205516815 -0.025994999334216118 -0.02254199981689453
v 0.03210299834609032 -0.025955000892281532 -0.022766999900341034
v 0.03205300122499466 -0.02601799927651882 -0.02264299988746643
v 0.038534000515937805 -0.014813000336289406 -0.019439000636339188
v 0.03853100165724754 -0.014820000156760216 -0.019442999735474586
v 0.03853699937462807 -0.014805999584496021 -0.019464999437332153
v 0.03852799907326698 -0.014829999767243862 -0.01945200003683567
v 0.03852400183677673 -0.014840000309050083 -0.019468000158667564
v 0.03854700177907944 -0.014778999611735344 -0.019447000697255135
v 0.03854300081729889 -0.014790000393986702 -0.019440000876784325
v 0.03853499889373779 -0.014810999855399132 -0.01943800039589405
v 0.03853899985551834 -0.014800000004470348 -0.019437000155448914
v 0.03852299973368645 -0.014841999858617783 -0.019471000880002975
v 0.038520000874996185 -0.014851000159978867 -0.019487999379634857
v 0.038527000695466995 -0.014832000248134136 -0.019545000046491623
v 0.038548000156879425 -0.014777000062167645 -0.019516000524163246
v 0.03855200111865997 -0.014766000211238861 -0.01947999931871891
v 0.03855200111865997 -0.014766000211238861 -0.01947000063955784
v 0.03855099901556969 -0.014770000241696835 -0.01945899985730648
v 0.03853999823331833 -0.014798000454902649 -0.01957399956882
v 0.03852299973368645 -0.01484300009906292 -0.01956699974834919
v 0.03852900117635727 -0.014826999977231026 -0.019651999697089195
v 0.0383480004966259 -0.015289999544620514 -0.020295999944210052
v 0.03839699923992157 -0.015163999982178211 -0.02025499939918518
v 0.03850499913096428 -0.01488799974322319 -0.01955999992787838
v 0.03850699961185455 -0.014883999712765217 -0.019550999626517296
v 0.03851399943232536 -0.014866000041365623 -0.019517000764608383
v 0.038451001048088074 -0.015027999877929688 -0.020197000354528427
v 0.038095999509096146 -0.01590600050985813 -0.022033000364899635
v 0.038148000836372375 -0.01578100025653839 -0.021441999822854996
v 0.038012001663446426 -0.016107000410556793 -0.021844999864697456
v 0.038036998361349106 -0.016047999262809753 -0.022275999188423157
v 0.037004999816417694 -0.01830199919641018 -0.024090999737381935
v 0.037137001752853394 -0.01803099922835827 -0.02472900040447712
v 0.03704800084233284 -0.018214000388979912 -0.02404000051319599
v 0.03763199970126152 -0.016975000500679016 -0.02361699938774109
v 0.03752300143241882 -0.017215000465512276 -0.023166999220848083
v 0.03628699854016304 -0.019687000662088394 -0.02395699918270111
v 0.03686999902129173 -0.018571000546216965 -0.023452000692486763
v 0.0369580015540123 -0.01839599944651127 -0.023351000621914864
v 0.037411998957395554 -0.017454000189900398 -0.022717000916600227
v 0.037925999611616135 -0.016307000070810318 -0.021657999604940414
v 0.03819999843835831 -0.015654999762773514 -0.02085000090301037
v 0.038343001157045364 -0.015301000326871872 -0.02031400054693222
v 0.03671000152826309 -0.01888599991798401 -0.025371000170707703
v 0.036722999066114426 -0.018861999735236168 -0.02535500004887581
v 0.03651700168848038 -0.01925699971616268 -0.024643000215291977
v 0.036685001105070114 -0.018936000764369965 -0.025402000173926353
v 0.036444999277591705 -0.01939300075173378 -0.02472599968314171
v 0.036632001399993896 -0.019037999212741852 -0.025460999459028244
v 0.03674200177192688 -0.018823999911546707 -0.025328999385237694
v 0.03676699846982956 -0.01877499930560589 -0.025296000763773918
v 0.03710800036787987 -0.018091000616550446 -0.024779999628663063
v 0.03627000004053116 -0.019718000665307045 -0.025800000876188278
v 0.03630099818110466 -0.01966099999845028 -0.0257750004529953
v 0.03606000170111656 -0.020099999383091927 -0.02498999983072281
v 0.035941001027822495 -0.020312000066041946 -0.026002999395132065
v 0.03342000022530556 -0.024236999452114105 -0.024082999676465988
v 0.03377699851989746 -0.023736000061035156 -0.024272000417113304
v 0.03565699979662895 -0.02080499939620495 -0.026100000366568565
v 0.035679999738931656 -0.020766999572515488 -0.02609499916434288
v 0.0357000008225441 -0.020733000710606575 -0.026088999584317207
v 0.03575799986720085 -0.020632000640034676 -0.026069000363349915
v 0.036063000559806824 -0.020093999803066254 -0.024987999349832535
v 0.03630699962377548 -0.019649000838398933 -0.025769999250769615
v 0.03632500022649765 -0.019617000594735146 -0.025756999850273132
v 0.03636600077152252 -0.019540000706911087 -0.025723999366164207
v 0.03644699975848198 -0.019387999549508095 -0.02565300092101097
v 0.03660000115633011 -0.01909800060093403 -0.025495000183582306
v 0.03778399899601936 -0.016279999166727066 -0.02573700062930584
v 0.0368879996240139 -0.018535999581217766 -0.026335999369621277
v 0.0365619994699955 -0.018552999943494797 -0.02693299949169159
v 0.03656600043177605 -0.01916399970650673 -0.026419999077916145
v 0.035599999129772186 -0.020337000489234924 -0.0274020005017519
v 0.035982999950647354 -0.020237000659108162 -0.0264699999243021
v 0.03477000072598457 -0.02172599919140339 -0.02751000039279461
v 0.035450998693704605 -0.02115599997341633 -0.026386000216007233
v 0.03534400090575218 -0.02133299969136715 -0.026359999552369118
v 0.03466999903321266 -0.021886000409722328 -0.02750599943101406
v 0.0348609983921051 -0.022112999111413956 -0.02618500031530857
v 0.034630000591278076 -0.021949000656604767 -0.027504000812768936
v 0.03359699994325638 -0.023499000817537308 -0.027267999947071075
v 0.03446200117468834 -0.02273000031709671 -0.025969000533223152
v 0.03270899876952171 -0.024721000343561172 -0.026791000738739967
v 0.03378099948167801 -0.02373100072145462 -0.02545199915766716
v 0.03202199935913086 -0.025604000315070152 -0.02615799941122532
v 0.03314699977636337 -0.024607999250292778 -0.024792000651359558
v 0.03295699879527092 -0.024862999096512794 -0.02455499954521656
v 0.03142800182104111 -0.02633100003004074 -0.02524399943649769
v 0.03244199976325035 -0.025530999526381493 -0.023800000548362732
v 0.031065000221133232 -0.026758000254631042 -0.024281000718474388
v 0.03192500025033951 -0.02617499977350235 -0.02265400066971779
v 0.030827000737190247 -0.027031999081373215 -0.022996999323368073
v 0.03182400017976761 -0.02629699930548668 -0.02234799973666668
v 0.030875999480485916 -0.02718999981880188 -0.02185099944472313
v 0.0316849984228611 -0.026465000584721565 -0.02179899998009205
v 0.03103799931704998 -0.02722099982202053 -0.020719999447464943
v 0.03136099874973297 -0.026847999542951584 -0.020309999585151672
v 0.031106000766158104 -0.027142999693751335 -0.020170999690890312
v 0.03129599988460541 -0.026923999190330505 -0.019697999581694603
v 0.031190000474452972 -0.027046000584959984 -0.01968800090253353
v 0.03123299963772297 -0.026996999979019165 -0.019492000341415405
v 0.031227000057697296 -0.027003999799489975 -0.019505999982357025
v 0.031248999759554863 -0.026978999376296997 -0.019500000402331352
v 0.03123999945819378 -0.026988999918103218 -0.01948300004005432
v 0.03126800060272217 -0.026955999433994293 -0.019491000100970268
v 0.03125999867916107 -0.026964999735355377 -0.019481999799609184
v 0.0312460009008646 -0.02698099985718727 -0.019478999078273773
v 0.03125299885869026 -0.026972999796271324 -0.019478999078273773
v 0.03122200071811676 -0.027009999379515648 -0.01952500082552433
v 0.03127000108361244 -0.02695300057530403 -0.01949400082230568
v 0.031217999756336212 -0.027014000341296196 -0.019545000046491623
v 0.03128400072455406 -0.026938000693917274 -0.019543999806046486
v 0.03127700090408325 -0.02694600075483322 -0.019509000703692436
v 0.02899100072681904 -0.02899100072681904 -0.035999998450279236
v 0.02317100018262863 -0.03382499888539314 -0.035999998450279236
v 0.016560999676585197 -0.03750700131058693 -0.035999998450279236
v 0.00938700046390295 -0.039910998195409775 -0.035999998450279236
v 0.0018939999863505363 -0.04095600172877312 -0.035999998450279236
v -0.005663999821990728 -0.04060700163245201 -0.035999998450279236
v -0.013028999790549278 -0.038874998688697815 -0.035999998450279236
v -0.019951000809669495 -0.035819001495838165 -0.035999998450279236
v -0.026193000376224518 -0.031543001532554626 -0.035999998450279236
v -0.031543001532554626 -0.026193000376224518 -0.035999998450279236
v -0.035819001495838165 -0.019951000809669495 -0.035999998450279236
v -0.038874998688697815 -0.013028999790549278 -0.035999998450279236
v -0.04060700163245201 -0.005663999821990728 -0.035999998450279236
v -0.04095600172877312 0.0018939999863505363 -0.035999998450279236
v -0.039910998195409775 0.00938700046390295 -0.035999998450279236
v -0.03750700131058693 0.016560999676585197 -0.035999998450279236
v -0.03382499888539314 0.02317100018262863 -0.035999998450279236
v -0.02899100072681904 0.02899100072681904 -0.035999998450279236
v -0.02796199917793274 0.029985999688506126 -0.035999998450279236
v -0.021726999431848526 0.03477000072598457 -0.035999998450279236
v -0.014693000353872776 0.038277000188827515 -0.035999998450279236
v -0.007120000198483467 0.040376998484134674 -0.035999998450279236
v 0.0007159999804571271 0.04099399968981743 -0.035999998450279236
v 0.008523999713361263 0.04010400176048279 -0.035999998450279236
v 0.016019999980926514 0.037741001695394516 -0.035999998450279236
v 0.022926999256014824 0.033991001546382904 -0.035999998450279236
v 0.02899100072681904 0.02899100072681904 -0.035999998450279236
v 0.033991001546382904 0.022926999256014824 -0.035999998450279236
v 0.037741001695394516 0.016019999980926514 -0.035999998450279236
v 0.04010400176048279 0.008523999713361263 -0.035999998450279236
v 0.04099399968981743 0.0007159999804571271 -0.035999998450279236
v 0.040376998484134674 -0.007120000198483467 -0.035999998450279236
v 0.038277000188827515 -0.014693000353872776 -0.035999998450279236
v 0.03477000072598457 -0.021726999431848526 -0.035999998450279236
v 0.029985999688506126 -0.02796199917793274 -0.035999998450279236
v -0.02899100072681904 0.02899100072681904 0.024000000208616257
v -0.03382499888539314 0.02317100018262863 0.024000000208616257
v -0.03750700131058693 0.016560999676585197 0.024000000208616257
v -0.039910998195409775 0.00938700046390295 0.024000000208616257
v -0.04095600172877312 0.0018939999863505363 0.024000000208616257
v 0.029985999688506126 -0.02796199917793274 0.024000000208616257
v 0.03477000072598457 -0.021726999431848526 0.024000000208616257
v 0.038277000188827515 -0.014693000353872776 0.024000000208616257
v 0.040376998484134674 -0.007120000198483467 0.024000000208616257
v 0.04099399968981743 0.0007159999804571271 0.024000000208616257
v 0.04010400176048279 0.008523999713361263 0.024000000208616257
v 0.037741001695394516 0.016019999980926514 0.024000000208616257
v 0.033991001546382904 0.022926999256014824 0.024000000208616257
v 0.02899100072681904 0.02899100072681904 0.024000000208616257
v 0.022926999256014824 0.033991001546382904 0.024000000208616257
v 0.016019999980926514 0.037741001695394516 0.024000000208616257
v 0.008523999713361263 0.04010400176048279 0.024000000208616257
v 0.0007159999804571271 0.04099399968981743 0.024000000208616257
v -0.007120000198483467 0.040376998484134674 0.024000000208616257
v -0.014693000353872776 0.038277000188827515 0.024000000208616257
v -0.021726999431848526 0.03477000072598457 0.024000000208616257
v -0.02796199917793274 0.029985999688506126 0.024000000208616257
v -0.04060700163245201 -0.005663999821990728 0.024000000208616257
v -0.038874998688697815 -0.013028999790549278 0.024000000208616257
v -0.035819001495838165 -0.019951000809669495 0.024000000208616257
v -0.031543001532554626 -0.026193000376224518 0.024000000208616257
v -0.026193000376224518 -0.031543001532554626 0.024000000208616257
v -0.019951000809669495 -0.035819001495838165 0.024000000208616257
v -0.013028999790549278 -0.038874998688697815 0.024000000208616257
v -0.005663999821990728 -0.04060700163245201 0.024000000208616257
v 0.0018939999863505363 -0.04095600172877312 0.024000000208616257
v 0.00938700046390295 -0.039910998195409775 0.024000000208616257
v 0.016560999676585197 -0.03750700131058693 0.024000000208616257
v 0.02317100018262863 -0.03382499888539314 0.024000000208616257
v 0.02899100072681904 -0.02899100072681904 0.024000000208616257
v 0.02899100072681904 -0.02899100072681904 -0.018821999430656433
v 0.028524000197649002 -0.029450999572873116 -0.020419999957084656
v 0.02899100072681904 -0.02899100072681904 -0.006000000052154064
v 0.02828199975192547 -0.029683999717235565 -0.020062999799847603
v 0.028535999357700348 -0.029440000653266907 -0.018476000055670738
v 0.028934000059962273 -0.029048999771475792 -0.016947999596595764
v 0.02899100072681904 -0.02899100072681904 -0.016777999699115753
v -0.02899100072681904 0.02899100072681904 -0.006000000052154064
v 0.03445800021290779 -0.022218000143766403 -0.012829000130295753
v 0.03375399857759476 -0.023274000734090805 -0.012226000428199768
v 0.029513999819755554 -0.02845899946987629 -0.015434999950230122
v 0.030153000727295876 -0.02778100036084652 -0.014229999855160713
v 0.030838999897241592 -0.027017999440431595 -0.013292999938130379
v 0.03158999979496002 -0.026134999468922615 -0.01254700031131506
v 0.03260499984025955 -0.02485799975693226 -0.011858000420033932
v 0.03287399932742119 -0.024501999840140343 -0.01176500041037798
v 0.03477799892425537 -0.021714000031352043 -0.013206000439822674
v 0.03506999835371971 -0.02123899944126606 -0.013621999882161617
v 0.03546899929642677 -0.020566999912261963 -0.014368999749422073
v 0.03547300025820732 -0.020558999851346016 -0.014392999932169914
v 0.03547099977731705 -0.020562000572681427 -0.014410999603569508
v 0.035464998334646225 -0.020572999492287636 -0.014427999965846539
v 0.03545700013637543 -0.020586000755429268 -0.014436000026762486
v 0.035454001277685165 -0.02059200033545494 -0.014437999576330185
v 0.03543400019407272 -0.020625000819563866 -0.014429000206291676
v 0.03538300096988678 -0.02071399986743927 -0.014386000111699104
v 0.03511999920010567 -0.02115499973297119 -0.014181000180542469
v 0.035078998655080795 -0.02122499980032444 -0.014155999757349491
v 0.034738000482320786 -0.02177800051867962 -0.01399100013077259
v 0.034056998789310455 -0.02282699942588806 -0.013775000348687172
v 0.0333390012383461 -0.02386399917304516 -0.01374599989503622
v 0.03258100152015686 -0.02488899976015091 -0.013999000191688538
v 0.0318400003015995 -0.025830000638961792 -0.014485999941825867
v 0.031019000336527824 -0.02681099995970726 -0.01524600014090538
v 0.030269000679254532 -0.027654999867081642 -0.01620499975979328
v 0.029614999890327454 -0.028355000540614128 -0.017335999757051468
v 0.029071999713778496 -0.02891100011765957 -0.01859400048851967
v 0.039875999093055725 -0.00953300017863512 -0.016279999166727066
v 0.039948999881744385 -0.00922400038689375 -0.01633399911224842
v 0.040010999888181686 -0.008950999937951565 -0.016489999368786812
v 0.04005799815058708 -0.00873900018632412 -0.01673099957406521
v 0.04008900001645088 -0.008595000021159649 -0.017192000523209572
v 0.04008900001645088 -0.008593999780714512 -0.017218999564647675
v 0.04008900001645088 -0.008593999780714512 -0.017246000468730927
v 0.04008900001645088 -0.008593999780714512 -0.017253000289201736
v 0.04008900001645088 -0.008593999780714512 -0.01727999933063984
v 0.04008900001645088 -0.008593999780714512 -0.017448000609874725
v 0.04008900001645088 -0.008593999780714512 -0.017514999955892563
v 0.04008900001645088 -0.008593999780714512 -0.017550000920891762
v 0.040084999054670334 -0.008612999692559242 -0.017743999138474464
v 0.04001700133085251 -0.008923999965190887 -0.01828400045633316
v 0.04006100073456764 -0.008723000064492226 -0.018038000911474228
v 0.03992399945855141 -0.009332000277936459 -0.01849300041794777
v 0.03995500132441521 -0.009197999723255634 -0.018451999872922897
v 0.039997000247240067 -0.00901500042527914 -0.01835400052368641
v 0.039868999272584915 -0.009564000181853771 -0.018516000360250473
v 0.03984000161290169 -0.009682999923825264 -0.018516000360250473
v 0.03947800025343895 -0.011068000458180904 -0.018516000360250473
v 0.03929299861192703 -0.011706000193953514 -0.018516000360250473
v 0.03890499845147133 -0.0129380002617836 -0.018516000360250473
v 0.03890499845147133 -0.0129380002617836 -0.01779399998486042
v 0.039055999368429184 -0.013154000043869019 -0.016032999381422997
v 0.03905799984931946 -0.013148999772965908 -0.01613299921154976
v 0.039090000092983246 -0.013164999894797802 -0.01573299989104271
v 0.038954999297857285 -0.013120000250637531 -0.015730999410152435
v 0.03892099857330322 -0.01310800015926361 -0.015730999410152435
v 0.03892099857330322 -0.01310800015926361 -0.01573299989104271
v 0.03885599970817566 -0.013086000457406044 -0.016032999381422997
v 0.03892099857330322 -0.01310800015926361 -0.016032999381422997
v 0.03892099857330322 -0.01310800015926361 -0.016022000461816788
v 0.03967700153589249 -0.010331000201404095 -0.01779399998486042
v 0.03984300047159195 -0.00967200007289648 -0.01779399998486042
v 0.03986300155520439 -0.009588999673724174 -0.01779399998486042
v 0.03987300023436546 -0.009548000060021877 -0.01779399998486042
v 0.039877999573946 -0.009525000117719173 -0.01779399998486042
v 0.03988799825310707 -0.009483999572694302 -0.01779000088572502
v 0.03989899903535843 -0.009438999928534031 -0.01777699962258339
v 0.03990599885582924 -0.009406999684870243 -0.017760999500751495
v 0.039921000599861145 -0.009343000128865242 -0.01770699955523014
v 0.039935000240802765 -0.009283999912440777 -0.017274999991059303
v 0.039935000240802765 -0.009283999912440777 -0.017444999888539314
v 0.039935000240802765 -0.009283999912440777 -0.01752999983727932
v 0.03993399813771248 -0.009286000393331051 -0.01757900044322014
v 0.0399320013821125 -0.009296000003814697 -0.017621999606490135
v 0.03993099927902222 -0.00930000003427267 -0.01763400062918663
v 0.03992899879813194 -0.009309000335633755 -0.017139999195933342
v 0.039935000240802765 -0.009286000393331051 -0.01721999980509281
v 0.039935000240802765 -0.009283999912440777 -0.017254000529646873
v 0.03992300108075142 -0.009336000308394432 -0.01709599979221821
v 0.03991800174117088 -0.009356999769806862 -0.017071999609470367
v 0.03990200161933899 -0.009425000287592411 -0.017023999243974686
v 0.03989899903535843 -0.009437000378966331 -0.017017999663949013
v 0.03988900035619736 -0.009479000233113766 -0.01700500026345253
v 0.03987500071525574 -0.009537000209093094 -0.017000000923871994
v 0.03986499831080437 -0.009579000063240528 -0.017000000923871994
v 0.0395440012216568 -0.01082799956202507 -0.017000999301671982
v 0.03916399925947189 -0.012133000418543816 -0.017000999301671982
v 0.03918899968266487 -0.01205000001937151 -0.017000999301671982
v 0.03896100074052811 -0.012768000364303589 -0.016767000779509544
v 0.03904600068926811 -0.012508000247180462 -0.016932999715209007
v 0.039083998650312424 -0.012388999573886395 -0.016973000019788742
v 0.039135001599788666 -0.012223999947309494 -0.016999000683426857
v 0.03891399875283241 -0.012910000048577785 -0.01660499908030033
v 0.038895998150110245 -0.012965000234544277 -0.016517000272870064
v 0.03888700157403946 -0.012993000447750092 -0.016462000086903572
v 0.03886700049042702 -0.01305100042372942 -0.01630299910902977
v 0.03885599970817566 -0.013086000457406044 -0.01603499986231327
v 0.0389229990541935 -0.013104000128805637 -0.01613299921154976
v 0.03885599970817566 -0.013086000457406044 -0.015728000551462173
v 0.03885599970817566 -0.013086000457406044 -0.015730999410152435
v 0.03888799995183945 -0.013097000308334827 -0.015730999410152435
v 0.03885599970817566 -0.013086000457406044 -0.01573299989104271
v 0.03888799995183945 -0.013097000308334827 -0.01573299989104271
v 0.03885599970817566 -0.013086000457406044 -0.01573600061237812
v 0.03892099857330322 -0.01310800015926361 -0.01573600061237812
v 0.038881998509168625 -0.013005999848246574 -0.01533500012010336
v 0.03891199827194214 -0.012916999869048595 -0.015172000043094158
v 0.03898400068283081 -0.01269999984651804 -0.014944000169634819
v 0.03912099823355675 -0.012269999831914902 -0.014770999550819397
v 0.039124999195337296 -0.012257999740540981 -0.014770000241696835
v 0.03915699943900108 -0.012155000120401382 -0.014766000211238861
v 0.03916899859905243 -0.012114999815821648 -0.014766000211238861
v 0.03938800096511841 -0.011381999589502811 -0.014766000211238861
v 0.03919399902224541 -0.012032999657094479 -0.014766000211238861
v 0.039650000631809235 -0.01043500006198883 -0.014766000211238861
v 0.040056001394987106 -0.008747000247240067 -0.014766000211238861
v 0.038989000022411346 -0.013131000101566315 -0.015730999410152435
v 0.038989000022411346 -0.013131000101566315 -0.015728000551462173
v 0.03885599970817566 -0.013086000457406044 -0.015745999291539192
v 0.038989000022411346 -0.013131000101566315 -0.015745999291539192
v 0.038989000022411346 -0.013131000101566315 -0.01573600061237812
v 0.039055999368429184 -0.013154000043869019 -0.01573600061237812
v 0.03902300074696541 -0.013143000192940235 -0.01573299989104271
v 0.038954999297857285 -0.013120000250637531 -0.01573299989104271
v 0.038989000022411346 -0.013131000101566315 -0.01573299989104271
v 0.03902300074696541 -0.013143000192940235 -0.015730999410152435
v 0.039055999368429184 -0.013154000043869019 -0.015730999410152435
v 0.039055999368429184 -0.013154000043869019 -0.015728000551462173
v 0.039055999368429184 -0.013154000043869019 -0.01573299989104271
v 0.039090000092983246 -0.013164999894797802 -0.015730999410152435
v 0.038989000022411346 -0.013131000101566315 -0.015713000670075417
v 0.03905700147151947 -0.013154000043869019 -0.015713000670075417
v 0.038989998400211334 -0.01312899962067604 -0.015667999163269997
v 0.03905700147151947 -0.013151999562978745 -0.015667999163269997
v 0.03885599970817566 -0.013086000457406044 -0.015830999240279198
v 0.038989000022411346 -0.013131000101566315 -0.01600099913775921
v 0.03885599970817566 -0.013086000457406044 -0.01600099913775921
v 0.03885599970817566 -0.013086000457406044 -0.016022000461816788
v 0.038867998868227005 -0.013050000183284283 -0.015460999682545662
v 0.03886500000953674 -0.013058999553322792 -0.015495999716222286
v 0.03892200067639351 -0.013106999918818474 -0.015667999163269997
v 0.03892099857330322 -0.01310800015926361 -0.015713000670075417
v 0.03892099857330322 -0.01310800015926361 -0.015728000551462173
v 0.039055999368429184 -0.013154000043869019 -0.016022000461816788
v 0.03885599970817566 -0.01308399997651577 -0.015667999163269997
v 0.03885599970817566 -0.013086000457406044 -0.015713000670075417
v 0.038989998400211334 -0.013127000071108341 -0.01613299921154976
v 0.038989000022411346 -0.013131000101566315 -0.016032999381422997
v 0.038989000022411346 -0.013131000101566315 -0.016022000461816788
v 0.038857001811265945 -0.01308200042694807 -0.01613299921154976
v 0.040056001394987106 -0.008747000247240067 -0.015487000346183777
v 0.039174001663923264 -0.012098000384867191 -0.015487000346183777
v 0.03926600143313408 -0.011796999722719193 -0.015487000346183777
v 0.0394430011510849 -0.011191999539732933 -0.015487000346183777
v 0.0391400009393692 -0.012210000306367874 -0.015490000136196613
v 0.03915100172162056 -0.012174000032246113 -0.015487000346183777
v 0.039128001779317856 -0.012249000370502472 -0.015499000437557697
v 0.03911599889397621 -0.012284999713301659 -0.015514999628067017
v 0.03911200165748596 -0.012296999804675579 -0.015522999688982964
v 0.03909299895167351 -0.012357999570667744 -0.015576999634504318
v 0.039080001413822174 -0.012399000115692616 -0.015651000663638115
v 0.0390780009329319 -0.012404999695718288 -0.015667999163269997
v 0.039076000452041626 -0.012412999756634235 -0.01570899970829487
v 0.03907499834895134 -0.012413999997079372 -0.015740999951958656
v 0.03907499834895134 -0.012413999997079372 -0.01576099917292595
v 0.03907499834895134 -0.012413999997079372 -0.015799999237060547
v 0.03907499834895134 -0.012413999997079372 -0.01587899960577488
v 0.039076000452041626 -0.012412999756634235 -0.01605900004506111
v 0.039076000452041626 -0.012412000447511673 -0.016063999384641647
v 0.039083998650312424 -0.012388000264763832 -0.016143999993801117
v 0.03909900039434433 -0.012341000139713287 -0.016210999339818954
v 0.03911999985575676 -0.012273999862372875 -0.016258999705314636
v 0.03912699967622757 -0.012249000370502472 -0.016269000247120857
v 0.0391400009393692 -0.012210000306367874 -0.016279000788927078
v 0.03917200118303299 -0.012107999995350838 -0.01628199964761734
v 0.03926299884915352 -0.011806000024080276 -0.01628199964761734
v 0.03943999856710434 -0.011200999841094017 -0.01628199964761734
v 0.03927500173449516 -0.011766999959945679 -0.01628199964761734
v 0.039677999913692474 -0.010325999930500984 -0.016279999166727066
v 0.040467001497745514 -0.0065899998880922794 -0.015487000346183777
v 0.040608000010252 -0.005654000211507082 -0.015487000346183777
v 0.04082600027322769 -0.003774000098928809 -0.015487000346183777
v 0.040344998240470886 -0.007298000156879425 -0.015487000346183777
v 0.040376998484134674 -0.007120000198483467 -0.015487000346183777
v 0.04038799926638603 -0.0070569999516010284 -0.015487000346183777
v 0.0403360016644001 -0.007348999846726656 -0.015495000407099724
v 0.04032199829816818 -0.007424000184983015 -0.015529000200331211
v 0.04031100124120712 -0.00748400017619133 -0.01558700017631054
v 0.04030400142073631 -0.00752299977466464 -0.01566299982368946
v 0.04030200093984604 -0.007534000091254711 -0.0157260000705719
v 0.04030200093984604 -0.007534000091254711 -0.015765000134706497
v 0.04030200093984604 -0.007534000091254711 -0.0157919991761446
v 0.04030200093984604 -0.007534000091254711 -0.015883000567555428
v 0.04030200093984604 -0.007534000091254711 -0.017208000645041466
v 0.04030200093984604 -0.007534000091254711 -0.01754000037908554
v 0.04030200093984604 -0.007532999850809574 -0.017573000863194466
v 0.04030400142073631 -0.0075240000151097775 -0.017616000026464462
v 0.040307000279426575 -0.0075090001337230206 -0.017652999609708786
v 0.04031499847769737 -0.007460999768227339 -0.01772099919617176
v 0.040327999740839005 -0.007391999941319227 -0.01776999980211258
v 0.04032900184392929 -0.007389000151306391 -0.017772000283002853
v 0.0403360016644001 -0.007348999846726656 -0.01778700016438961
v 0.040359001606702805 -0.0072200000286102295 -0.01779399998486042
v 0.040376998484134674 -0.007120000198483467 -0.01779399998486042
v 0.04038799926638603 -0.0070569999516010284 -0.01779399998486042
v 0.04049700126051903 -0.0064039998687803745 -0.01779399998486042
v 0.04067600145936012 -0.005140000022947788 -0.01779399998486042
v 0.04082600027322769 -0.003774000098928809 -0.01779399998486042
v 0.04082600027322769 -0.003774000098928809 -0.018516000360250473
v 0.04037399962544441 -0.00827100034803152 -0.017528999596834183
v 0.04061099886894226 -0.007321999873965979 -0.018516000360250473
v 0.04059299826622009 -0.007319000083953142 -0.018516000360250473
v 0.04059600085020065 -0.0073020001873373985 -0.018516000360250473
v 0.040585000067949295 -0.007366000209003687 -0.018515000119805336
v 0.0405149981379509 -0.0073529998771846294 -0.018515000119805336
v 0.040488000959157944 -0.0074970000423491 -0.018497999757528305
v 0.040470998734235764 -0.007493999786674976 -0.018497999757528305
v 0.040286000818014145 -0.008252999745309353 -0.01754700019955635
v 0.04030400142073631 -0.00825599953532219 -0.01754700019955635
v 0.04030400142073631 -0.00825599953532219 -0.017528999596834183
v 0.04030400142073631 -0.00825599953532219 -0.017551999539136887
v 0.040286000818014145 -0.008252999745309353 -0.017551999539136887
v 0.04028699919581413 -0.00825200043618679 -0.017601000145077705
v 0.04030400142073631 -0.008255000226199627 -0.017601000145077705
v 0.040268998593091965 -0.00824899971485138 -0.017551999539136887
v 0.040268998593091965 -0.008248000405728817 -0.017601000145077705
v 0.040268998593091965 -0.008248000405728817 -0.01568100042641163
v 0.040268998593091965 -0.00824899971485138 -0.015735000371932983
v 0.04030400142073631 -0.00825599953532219 -0.015735000371932983
v 0.0405149981379509 -0.0073529998771846294 -0.014767000451683998
v 0.040488000959157944 -0.0074970000423491 -0.014783999882638454
v 0.04050600156188011 -0.007499999832361937 -0.014783999882638454
v 0.04016600176692009 -0.00822800025343895 -0.01755099929869175
v 0.040181998163461685 -0.008231000043451786 -0.017551999539136887
v 0.040181998163461685 -0.008231000043451786 -0.01754700019955635
v 0.040181998163461685 -0.008229999803006649 -0.017601000145077705
v 0.04016600176692009 -0.008227000012993813 -0.017601000145077705
v 0.04016999900341034 -0.00820900034159422 -0.01774599961936474
v 0.04036499932408333 -0.007278000004589558 -0.018516000360250473
v 0.040348999202251434 -0.007275000214576721 -0.018516000360250473
v 0.040352001786231995 -0.007259000092744827 -0.018516000360250473
v 0.04050999879837036 -0.007178000174462795 -0.018516000360250473
v 0.04037100076675415 -0.007153999991714954 -0.018516000360250473
v 0.040376998484134674 -0.007120000198483467 -0.018516000360250473
v 0.040553998202085495 -0.006031999830156565 -0.018516000360250473
v 0.04049700126051903 -0.007249000016599894 -0.018516000360250473
v 0.04042699933052063 -0.007236000150442123 -0.018516000360250473
v 0.040359001606702805 -0.007224000059068203 -0.018516000360250473
v 0.04057599976658821 -0.007513000164180994 -0.018497999757528305
v 0.04055799916386604 -0.00750999990850687 -0.018497999757528305
v 0.04060199856758118 -0.007368999999016523 -0.018515000119805336
v 0.04039200022816658 -0.007331000175327063 -0.018515000119805336
v 0.040366001427173615 -0.007474000100046396 -0.018497999757528305
v 0.04034800082445145 -0.0074709998443722725 -0.018497999757528305
v 0.04028899967670441 -0.007600999902933836 -0.018458999693393707
v 0.04050600156188011 -0.007499999832361937 -0.018497999757528305
v 0.04028499871492386 -0.007621999830007553 -0.01845099963247776
v 0.04023300111293793 -0.007891999557614326 -0.01828799955546856
v 0.04037800058722496 -0.008251000195741653 -0.01774599961936474
v 0.04034300148487091 -0.008244000375270844 -0.01774599961936474
v 0.040178000926971436 -0.008170000277459621 -0.01788399927318096
v 0.040189001709222794 -0.008112999610602856 -0.018012000247836113
v 0.040192000567913055 -0.008097999729216099 -0.018039999529719353
v 0.04016600176692009 -0.008227000012993813 -0.017597999423742294
v 0.040199000388383865 -0.00823500007390976 -0.01754700019955635
v 0.04016600176692009 -0.00822800025343895 -0.017528999596834183
v 0.04016600176692009 -0.00822800025343895 -0.01754700019955635
v 0.04016600176692009 -0.00822800025343895 -0.016641000285744667
v 0.04016600176692009 -0.00822800025343895 -0.017209000885486603
v 0.04030400142073631 -0.00825599953532219 -0.017493000254034996
v 0.04030400142073631 -0.00825599953532219 -0.0157880000770092
v 0.04016600176692009 -0.00822800025343895 -0.0157880000770092
v 0.04016600176692009 -0.00822800025343895 -0.016071999445557594
v 0.04016600176692009 -0.008227000012993813 -0.01568100042641163
v 0.04016600176692009 -0.00822800025343895 -0.0157299991697073
v 0.040199000388383865 -0.00823500007390976 -0.015735000371932983
v 0.04016600176692009 -0.00822800025343895 -0.015735000371932983
v 0.04016600176692009 -0.00822800025343895 -0.015752000734210014
v 0.04034300148487091 -0.008244000375270844 -0.015534999780356884
v 0.04030799865722656 -0.008236999623477459 -0.015534999780356884
v 0.04027299955487251 -0.008229999803006649 -0.015534999780356884
v 0.04030400142073631 -0.008255000226199627 -0.01568100042641163
v 0.040265001356601715 -0.007728000171482563 -0.014879999682307243
v 0.04024200141429901 -0.007846999913454056 -0.014956999570131302
v 0.040199000388383865 -0.008066000416874886 -0.015189999714493752
v 0.0402970016002655 -0.0075610000640153885 -0.014808000065386295
v 0.040435999631881714 -0.007486999966204166 -0.014783999882638454
v 0.04039200022816658 -0.007331000175327063 -0.014767000451683998
v 0.040366001427173615 -0.007474000100046396 -0.014783999882638454
v 0.040382999926805496 -0.00747800013050437 -0.014783999882638454
v 0.04038599878549576 -0.0072650001384317875 -0.014766000211238861
v 0.040352001786231995 -0.007259000092744827 -0.014766000211238861
v 0.04036499932408333 -0.007278000004589558 -0.014766000211238861
v 0.040359001606702805 -0.007224000059068203 -0.014766000211238861
v 0.04082600027322769 -0.003774000098928809 -0.014766000211238861
v 0.04064299911260605 -0.0053980001248419285 -0.014766000211238861
v 0.040553998202085495 -0.006031999830156565 -0.014766000211238861
v 0.040376998484134674 -0.007120000198483467 -0.014766000211238861
v 0.04050999879837036 -0.007178000174462795 -0.014766000211238861
v 0.04037100076675415 -0.007153999991714954 -0.014766000211238861
v 0.040330998599529266 -0.007468000054359436 -0.014783999882638454
v 0.04034800082445145 -0.0074709998443722725 -0.014783999882638454
v 0.04035700112581253 -0.007325000129640102 -0.014767000451683998
v 0.04037399962544441 -0.007327999919652939 -0.014767000451683998
v 0.040382999926805496 -0.007280999794602394 -0.014766000211238861
v 0.040348999202251434 -0.007275000214576721 -0.014766000211238861
v 0.04034100100398064 -0.007321999873965979 -0.014767000451683998
v 0.04031499847769737 -0.007464999798685312 -0.014783999882638454
v 0.040401000529527664 -0.007480999920517206 -0.014783999882638454
v 0.04042699933052063 -0.0073379999957978725 -0.014767000451683998
v 0.04040899872779846 -0.007333999965339899 -0.014767000451683998
v 0.040453001856803894 -0.007294000126421452 -0.014766000211238861
v 0.040435001254081726 -0.007290999870747328 -0.014766000211238861
v 0.04044400155544281 -0.007340999785810709 -0.014767000451683998
v 0.040417999029159546 -0.00748400017619133 -0.014783999882638454
v 0.040488000959157944 -0.007300000172108412 -0.014766000211238861
v 0.040470000356435776 -0.007296999916434288 -0.014766000211238861
v 0.04047900065779686 -0.007346999831497669 -0.014767000451683998
v 0.04046199843287468 -0.007344000041484833 -0.014767000451683998
v 0.040453001856803894 -0.00749099999666214 -0.014783999882638454
v 0.040417999029159546 -0.007286999840289354 -0.014766000211238861
v 0.040456000715494156 -0.007277000229805708 -0.014766000211238861
v 0.040490999817848206 -0.007284000050276518 -0.014766000211238861
v 0.04049700126051903 -0.007249000016599894 -0.014766000211238861
v 0.04042699933052063 -0.007236000150442123 -0.014766000211238861
v 0.040421001613140106 -0.007271000184118748 -0.014766000211238861
v 0.040504999458789825 -0.007302999962121248 -0.014766000211238861
v 0.04049700126051903 -0.007350000087171793 -0.014767000451683998
v 0.040470998734235764 -0.007493999786674976 -0.014783999882638454
v 0.04052300006151199 -0.00750399986281991 -0.014783999882638454
v 0.040550000965595245 -0.007360000163316727 -0.014767000451683998
v 0.04053200036287308 -0.007356999907642603 -0.014767000451683998
v 0.04061099886894226 -0.007321999873965979 -0.014766000211238861
v 0.04060199856758118 -0.007368999999016523 -0.014767000451683998
v 0.04057599976658821 -0.007513000164180994 -0.014783999882638454
v 0.04054100066423416 -0.007507000118494034 -0.014783999882638454
v 0.04056699946522713 -0.007362999953329563 -0.014767000451683998
v 0.04055799916386604 -0.007313000038266182 -0.014766000211238861
v 0.04057599976658821 -0.007315999828279018 -0.014766000211238861
v 0.04059600085020065 -0.0073020001873373985 -0.014766000211238861
v 0.04059299826622009 -0.007319000083953142 -0.014766000211238861
v 0.040585000067949295 -0.007366000209003687 -0.014767000451683998
v 0.04055799916386604 -0.00750999990850687 -0.014783999882638454
v 0.04054100066423416 -0.007309999782592058 -0.014766000211238861
v 0.04052300006151199 -0.007306000217795372 -0.014766000211238861
v 0.0405610017478466 -0.007296000141650438 -0.014766000211238861
v 0.040525998920202255 -0.007290000095963478 -0.014766000211238861
v 0.04056699946522713 -0.007261000107973814 -0.014766000211238861
v 0.04039999842643738 -0.007284000050276518 -0.014766000211238861
v 0.040233999490737915 -0.008240999653935432 -0.01568100042641163
v 0.04023800045251846 -0.008222999982535839 -0.015534999780356884
v 0.04020300135016441 -0.00821600016206503 -0.015534999780356884
v 0.04030400142073631 -0.00825599953532219 -0.015752000734210014
v 0.040233999490737915 -0.00824199989438057 -0.015752000734210014
v 0.040233999490737915 -0.00824199989438057 -0.015735000371932983
v 0.040199000388383865 -0.008233999833464622 -0.01568100042641163
v 0.04033900052309036 -0.008262000046670437 -0.01568100042641163
v 0.04033900052309036 -0.008263999596238136 -0.015735000371932983
v 0.04041200131177902 -0.0082590002566576 -0.015534999780356884
v 0.04037800058722496 -0.008251000195741653 -0.015534999780356884
v 0.04040899872779846 -0.008276999928057194 -0.01568100042641163
v 0.04037399962544441 -0.008270000107586384 -0.01568100042641163
v 0.04040899872779846 -0.00827800016850233 -0.015735000371932983
v 0.04037399962544441 -0.00827100034803152 -0.015735000371932983
v 0.04037399962544441 -0.00827100034803152 -0.015752000734210014
v 0.04017199948430061 -0.008197000250220299 -0.015482000075280666
v 0.040199000388383865 -0.00823500007390976 -0.017551999539136887
v 0.04021700099110603 -0.008239000104367733 -0.017551999539136887
v 0.04021700099110603 -0.008236999623477459 -0.017601000145077705
v 0.040233999490737915 -0.008240999653935432 -0.017601000145077705
v 0.04023800045251846 -0.008222999982535839 -0.01774599961936474
v 0.04020300135016441 -0.00821600016206503 -0.01774599961936474
v 0.040199000388383865 -0.008233999833464622 -0.017601000145077705
v 0.040251001715660095 -0.008245999924838543 -0.017551999539136887
v 0.040251001715660095 -0.008245999924838543 -0.01754700019955635
v 0.040233999490737915 -0.00824199989438057 -0.01754700019955635
v 0.040268998593091965 -0.00824899971485138 -0.01754700019955635
v 0.040233999490737915 -0.00824199989438057 -0.017528999596834183
v 0.04016600176692009 -0.00822800025343895 -0.017493000254034996
v 0.04037399962544441 -0.00827100034803152 -0.01754700019955635
v 0.040355999022722244 -0.008267000317573547 -0.01754700019955635
v 0.04037399962544441 -0.00827100034803152 -0.017551999539136887
v 0.040355999022722244 -0.008267000317573547 -0.017551999539136887
v 0.04037399962544441 -0.008270000107586384 -0.017601000145077705
v 0.040355999022722244 -0.00826600007712841 -0.017601000145077705
v 0.04042600095272064 -0.008280999958515167 -0.01754700019955635
v 0.04040899872779846 -0.00827800016850233 -0.01754700019955635
v 0.04042600095272064 -0.008280999958515167 -0.017551999539136887
v 0.04040899872779846 -0.00827800016850233 -0.017551999539136887
v 0.04042600095272064 -0.00827999971807003 -0.017601000145077705
v 0.04040899872779846 -0.008276999928057194 -0.017601000145077705
v 0.04041200131177902 -0.0082590002566576 -0.01774599961936474
v 0.04039100185036659 -0.008274000138044357 -0.01754700019955635
v 0.04039100185036659 -0.008274000138044357 -0.017551999539136887
v 0.04039100185036659 -0.00827299989759922 -0.017601000145077705
v 0.04021700099110603 -0.008239000104367733 -0.01754700019955635
v 0.040233999490737915 -0.00824199989438057 -0.017551999539136887
v 0.04025200009346008 -0.008244999684393406 -0.017601000145077705
v 0.04027299955487251 -0.008229999803006649 -0.01774599961936474
v 0.04030799865722656 -0.008236999623477459 -0.01774599961936474
v 0.04032199829816818 -0.0082590002566576 -0.017601000145077705
v 0.040320999920368195 -0.008259999565780163 -0.017551999539136887
v 0.040320999920368195 -0.008259999565780163 -0.01754700019955635
v 0.04033900052309036 -0.008263999596238136 -0.01754700019955635
v 0.04033900052309036 -0.008263999596238136 -0.017551999539136887
v 0.04033900052309036 -0.008262000046670437 -0.017601000145077705
v 0.04031499847769737 -0.007464999798685312 -0.018497999757528305
v 0.04034100100398064 -0.007321999873965979 -0.018515000119805336
v 0.040330998599529266 -0.007468000054359436 -0.018497999757528305
v 0.04035700112581253 -0.007325000129640102 -0.018515000119805336
v 0.04037399962544441 -0.007327999919652939 -0.018515000119805336
v 0.040382999926805496 -0.007280999794602394 -0.018516000360250473
v 0.04039999842643738 -0.007284000050276518 -0.018516000360250473
v 0.04038599878549576 -0.0072650001384317875 -0.018516000360250473
v 0.040421001613140106 -0.007271000184118748 -0.018516000360250473
v 0.040401000529527664 -0.007480999920517206 -0.018497999757528305
v 0.040382999926805496 -0.00747800013050437 -0.018497999757528305
v 0.04042699933052063 -0.0073379999957978725 -0.018515000119805336
v 0.04040899872779846 -0.007333999965339899 -0.018515000119805336
v 0.040435001254081726 -0.007290999870747328 -0.018516000360250473
v 0.040417999029159546 -0.007286999840289354 -0.018516000360250473
v 0.040456000715494156 -0.007277000229805708 -0.018516000360250473
v 0.040490999817848206 -0.007284000050276518 -0.018516000360250473
v 0.040470000356435776 -0.007296999916434288 -0.018516000360250473
v 0.040488000959157944 -0.007300000172108412 -0.018516000360250473
v 0.04046199843287468 -0.007344000041484833 -0.018515000119805336
v 0.040453001856803894 -0.007294000126421452 -0.018516000360250473
v 0.04044400155544281 -0.007340999785810709 -0.018515000119805336
v 0.040417999029159546 -0.00748400017619133 -0.018497999757528305
v 0.040525998920202255 -0.007290000095963478 -0.018516000360250473
v 0.04052300006151199 -0.007306000217795372 -0.018516000360250473
v 0.040504999458789825 -0.007302999962121248 -0.018516000360250473
v 0.04049700126051903 -0.007350000087171793 -0.018515000119805336
v 0.04047900065779686 -0.007346999831497669 -0.018515000119805336
v 0.040453001856803894 -0.00749099999666214 -0.018497999757528305
v 0.040435999631881714 -0.007486999966204166 -0.018497999757528305
v 0.04053200036287308 -0.007356999907642603 -0.018515000119805336
v 0.04054100066423416 -0.007309999782592058 -0.018516000360250473
v 0.04054100066423416 -0.007507000118494034 -0.018497999757528305
v 0.04052300006151199 -0.00750399986281991 -0.018497999757528305
v 0.04056699946522713 -0.007362999953329563 -0.018515000119805336
v 0.040550000965595245 -0.007360000163316727 -0.018515000119805336
v 0.04057599976658821 -0.007315999828279018 -0.018516000360250473
v 0.04055799916386604 -0.007313000038266182 -0.018516000360250473
v 0.0405610017478466 -0.007296000141650438 -0.018516000360250473
v 0.04056699946522713 -0.007261000107973814 -0.018516000360250473
v 0.03901999816298485 0.012587999925017357 -0.017000999301671982
v 0.037762999534606934 0.015968000516295433 -0.017000999301671982
v 0.03901999816298485 0.012587999925017357 -0.016279999166727066
v 0.037762999534606934 0.015968000516295433 -0.016279999166727066
v 0.04043100029230118 0.006808999925851822 -0.014766000211238861
v 0.04010400176048279 0.0085249999538064 -0.014766000211238861
v 0.04008900001645088 0.008595000021159649 -0.014766000211238861
v 0.03988900035619736 0.009480999782681465 -0.014766000211238861
v 0.03978100046515465 0.009922999888658524 -0.014766000211238861
v 0.03972499817609787 0.010142999701201916 -0.014766000211238861
v 0.03969699889421463 0.010254000313580036 -0.014766000211238861
v 0.03965499997138977 0.010413999669253826 -0.014777000062167645
v 0.03960999846458435 0.010586000047624111 -0.014821999706327915
v 0.03953399881720543 0.010866000317037106 -0.014987999573349953
v 0.03947699815034866 0.011068999767303467 -0.01523400004953146
v 0.039445001631975174 0.01118400041013956 -0.015538999810814857
v 0.03943999856710434 0.011202000081539154 -0.01572900079190731
v 0.03943999856710434 0.011202000081539154 -0.015930000692605972
v 0.03943999856710434 0.011202000081539154 -0.01603100076317787
v 0.0394430011510849 0.01119299978017807 -0.016170000657439232
v 0.03945399820804596 0.011153999716043472 -0.01634100079536438
v 0.03947199881076813 0.011087000370025635 -0.016499999910593033
v 0.03949800133705139 0.010994999669492245 -0.016642000526189804
v 0.04043100029230118 0.006808999925851822 -0.018515000119805336
v 0.04020800068974495 0.008019999600946903 -0.018515000119805336
v 0.04010400176048279 0.0085249999538064 -0.018515000119805336
v 0.040056001394987106 0.008747999556362629 -0.018515000119805336
v 0.039733000099658966 0.010114000178873539 -0.018515000119805336
v 0.03969600051641464 0.01025800034403801 -0.018515000119805336
v 0.03962099924683571 0.010544000193476677 -0.01847199909389019
v 0.0396060012280941 0.010600999929010868 -0.01845099963247776
v 0.03944600000977516 0.01118099968880415 -0.017743000760674477
v 0.03947699815034866 0.01107100024819374 -0.018038000911474228
v 0.039531998336315155 0.010871999897062778 -0.01828400045633316
v 0.039441000670194626 0.011199000291526318 -0.017549000680446625
v 0.039441000670194626 0.011199000291526318 -0.017514999955892563
v 0.039441000670194626 0.011199000291526318 -0.01744299940764904
v 0.039441000670194626 0.011199000291526318 -0.01728999987244606
v 0.039441000670194626 0.011199000291526318 -0.017270000651478767
v 0.039441000670194626 0.011199000291526318 -0.01725500077009201
v 0.039441000670194626 0.011199000291526318 -0.01724500022828579
v 0.039441000670194626 0.011199000291526318 -0.01724199950695038
v 0.0394430011510849 0.011191999539732933 -0.01711999997496605
v 0.039462000131607056 0.011125000193715096 -0.016867000609636307
v 0.04092299938201904 0.002503999974578619 -0.014766000211238861
v 0.04092299938201904 0.002503999974578619 -0.014909000135958195
v 0.04092299938201904 0.002503999974578619 -0.01549100037664175
v 0.04096100106835365 0.001782999956049025 -0.01549100037664175
v 0.04096100106835365 0.001782999956049025 -0.014766000211238861
v 0.03339099884033203 0.023792000487446785 -0.017000999301671982
v 0.033991001546382904 0.022926999256014824 -0.017000999301671982
v 0.03535199910402298 0.02076599933207035 -0.017000999301671982
v 0.03535199910402298 0.02076599933207035 -0.016279999166727066
v 0.033991001546382904 0.022926999256014824 -0.016279999166727066
v 0.03339099884033203 0.023792000487446785 -0.016279999166727066
v 0.03603300079703331 0.02012999914586544 -0.01770699955523014
v 0.03596799820661545 0.020082000643014908 -0.017456000670790672
v 0.03598399832844734 0.020090000703930855 -0.017456000670790672
v 0.03598399832844734 0.020090000703930855 -0.01734199933707714
v 0.035875000059604645 0.02002899907529354 -0.017456000670790672
v 0.03589000180363655 0.020037999376654625 -0.017456000670790672
v 0.03589000180363655 0.020037999376654625 -0.01734199933707714
v 0.03538300096988678 0.020990999415516853 -0.014773000031709671
v 0.03550200164318085 0.02050900086760521 -0.014844000339508057
v 0.03582800179719925 0.020003000274300575 -0.01711600087583065
v 0.03585899993777275 0.020021000877022743 -0.01711600087583065
v 0.03585899993777275 0.020021000877022743 -0.016661999747157097
v 0.03339099884033203 0.023792000487446785 -0.018523000180721283
v 0.033991001546382904 0.022926999256014824 -0.018523000180721283
v 0.03440999984741211 0.02229199931025505 -0.018523000180721283
v 0.034894999116659164 0.021525999531149864 -0.018523000180721283
v 0.035130999982357025 0.021138999611139297 -0.018523000180721283
v 0.03524700179696083 0.02094399929046631 -0.018523000180721283
v 0.035305000841617584 0.02084599994122982 -0.018523000180721283
v 0.035443998873233795 0.020887000486254692 -0.018523000180721283
v 0.03532300144433975 0.02081499993801117 -0.018523000180721283
v 0.03550200164318085 0.020788999274373055 -0.018516000360250473
v 0.035381000488996506 0.020718000829219818 -0.018516000360250473
v 0.0355600006878376 0.02068999968469143 -0.018494000658392906
v 0.035401999950408936 0.020679999142885208 -0.018509000539779663
v 0.03553399816155434 0.02045300044119358 -0.01842300035059452
v 0.03587799891829491 0.020114999264478683 -0.017927000299096107
v 0.03586700186133385 0.020024999976158142 -0.017541000619530678
v 0.03585899993777275 0.020021000877022743 -0.017541000619530678
v 0.035854000598192215 0.020030999556183815 -0.01770699955523014
v 0.03584599867463112 0.02002600021660328 -0.01770699955523014
v 0.0357539989054203 0.020066000521183014 -0.017967000603675842
v 0.035875000059604645 0.02002899907529354 -0.017541000619530678
v 0.035861000418663025 0.020035000517964363 -0.01770699955523014
v 0.03586899861693382 0.020038999617099762 -0.01770699955523014
v 0.03591600060462952 0.020065000280737877 -0.01770699955523014
v 0.03590799868106842 0.02006099931895733 -0.01770699955523014
v 0.03590000048279762 0.02005700021982193 -0.01770699955523014
v 0.03589300066232681 0.020052000880241394 -0.01770699955523014
v 0.035822998732328415 0.020013000816106796 -0.01770699955523014
v 0.03581500053405762 0.020008999854326248 -0.01770699955523014
v 0.03580699861049652 0.02000500075519085 -0.01770699955523014
v 0.03579900041222572 0.019999999552965164 -0.01770699955523014
v 0.035805001854896545 0.019990000873804092 -0.017541000619530678
v 0.03579799830913544 0.01998700015246868 -0.017558999359607697
v 0.03579600155353546 0.01999099925160408 -0.01765199936926365
v 0.035812001675367355 0.01999500021338463 -0.017456000670790672
v 0.03579799830913544 0.01998700015246868 -0.017456000670790672
v 0.03579799830913544 0.01998700015246868 -0.01750200055539608
v 0.03579799830913544 0.01998700015246868 -0.01734199933707714
v 0.03579799830913544 0.01998700015246868 -0.01711600087583065
v 0.03582800179719925 0.020003000274300575 -0.01734199933707714
v 0.03582800179719925 0.020003000274300575 -0.017456000670790672
v 0.03579699993133545 0.019989000633358955 -0.015706000849604607
v 0.03579799830913544 0.01998700015246868 -0.015737000852823257
v 0.03585899993777275 0.020021000877022743 -0.015740999951958656
v 0.03579799830913544 0.01998700015246868 -0.015740999951958656
v 0.03579799830913544 0.01998700015246868 -0.01619900017976761
v 0.03585899993777275 0.020021000877022743 -0.015706000849604607
v 0.035854000598192215 0.020030999556183815 -0.015588999725878239
v 0.03579200059175491 0.019998999312520027 -0.015572999604046345
v 0.03576299920678139 0.020051000639796257 -0.015368999913334846
v 0.034425999969244 0.02226799912750721 -0.014773000031709671
v 0.034515999257564545 0.022128000855445862 -0.014773000031709671
v 0.03487100079655647 0.021563999354839325 -0.014773000031709671
v 0.03504500165581703 0.02127999998629093 -0.014773000031709671
v 0.03597800061106682 0.020099999383091927 -0.015588999725878239
v 0.03591600060462952 0.020065000280737877 -0.015588999725878239
v 0.035982999950647354 0.020090999081730843 -0.015706000849604607
v 0.03592099994421005 0.020055999979376793 -0.015706000849604607
v 0.03598399832844734 0.020090000703930855 -0.015740999951958656
v 0.03592099994421005 0.020055999979376793 -0.015740999951958656
v 0.03592099994421005 0.020055999979376793 -0.015754999592900276
v 0.03563699871301651 0.02027300000190735 -0.01501299999654293
v 0.03573799878358841 0.02009500004351139 -0.01526500005275011
v 0.03579799830913544 0.01998700015246868 -0.016851000487804413
v 0.03582800179719925 0.020003000274300575 -0.017541000619530678
v 0.03581999987363815 0.019998999312520027 -0.017541000619530678
v 0.035812001675367355 0.01999500021338463 -0.017541000619530678
v 0.035812001675367355 0.01999500021338463 -0.017511999234557152
v 0.03582800179719925 0.020003000274300575 -0.017511999234557152
v 0.035843998193740845 0.02001200057566166 -0.017511999234557152
v 0.03583599999547005 0.02000799961388111 -0.017541000619530678
v 0.035843998193740845 0.02001200057566166 -0.017541000619530678
v 0.035829998552799225 0.020018000155687332 -0.01770699955523014
v 0.03583800047636032 0.02002199925482273 -0.01770699955523014
v 0.03585100173950195 0.020015999674797058 -0.017541000619530678
v 0.03585899993777275 0.020021000877022743 -0.017511999234557152
v 0.035843998193740845 0.02001200057566166 -0.017456000670790672
v 0.03585899993777275 0.020021000877022743 -0.017456000670790672
v 0.03585899993777275 0.020021000877022743 -0.01734199933707714
v 0.035663001239299774 0.020228000357747078 -0.018233999609947205
v 0.03589000180363655 0.020037999376654625 -0.017511999234557152
v 0.035881999880075455 0.020034000277519226 -0.017541000619530678
v 0.03589000180363655 0.020037999376654625 -0.017541000619530678
v 0.03587700054049492 0.020044000819325447 -0.01770699955523014
v 0.035875000059604645 0.02002899907529354 -0.017511999234557152
v 0.03592099994421005 0.020055999979376793 -0.017541000619530678
v 0.03591400012373924 0.020051000639796257 -0.017541000619530678
v 0.035905998200178146 0.02004699967801571 -0.017541000619530678
v 0.035905998200178146 0.02004699967801571 -0.017511999234557152
v 0.03592099994421005 0.020055999979376793 -0.017511999234557152
v 0.035905998200178146 0.02004699967801571 -0.017456000670790672
v 0.03592099994421005 0.020055999979376793 -0.017456000670790672
v 0.03592099994421005 0.020055999979376793 -0.01734199933707714
v 0.035937000066041946 0.02006400004029274 -0.017511999234557152
v 0.03592899814248085 0.020059999078512192 -0.017541000619530678
v 0.035937000066041946 0.02006400004029274 -0.017541000619530678
v 0.035923998802900314 0.020069999620318413 -0.01770699955523014
v 0.035930998623371124 0.02007400058209896 -0.01770699955523014
v 0.035944998264312744 0.020068999379873276 -0.017541000619530678
v 0.03595200181007385 0.020073000341653824 -0.017511999234557152
v 0.035937000066041946 0.02006400004029274 -0.017456000670790672
v 0.03595200181007385 0.020073000341653824 -0.017456000670790672
v 0.03595200181007385 0.020073000341653824 -0.01734199933707714
v 0.03595200181007385 0.020073000341653824 -0.017541000619530678
v 0.03594699874520302 0.020083000883460045 -0.01770699955523014
v 0.03596000000834465 0.020076999440789223 -0.017541000619530678
v 0.035955000668764114 0.020086999982595444 -0.01770699955523014
v 0.03596799820661545 0.020082000643014908 -0.017541000619530678
v 0.03598399832844734 0.020090000703930855 -0.017511999234557152
v 0.035976000130176544 0.020085999742150307 -0.017541000619530678
v 0.03598399832844734 0.020090000703930855 -0.017541000619530678
v 0.03596999868750572 0.020096000283956528 -0.01770699955523014
v 0.03596799820661545 0.020082000643014908 -0.017511999234557152
v 0.03595200181007385 0.020073000341653824 -0.01711600087583065
v 0.03592099994421005 0.020055999979376793 -0.01711600087583065
v 0.03598399832844734 0.020090000703930855 -0.01711600087583065
v 0.03600899875164032 0.020116999745368958 -0.01770699955523014
v 0.03601500019431114 0.020107999444007874 -0.017541000619530678
v 0.03600100055336952 0.02011300064623356 -0.01770699955523014
v 0.036006998270750046 0.020103000104427338 -0.017541000619530678
v 0.03599400073289871 0.02010899968445301 -0.01770699955523014
v 0.03599900007247925 0.02009899914264679 -0.017541000619530678
v 0.03599900007247925 0.02009899914264679 -0.017456000670790672
v 0.03599900007247925 0.02009899914264679 -0.017511999234557152
v 0.03601500019431114 0.020107999444007874 -0.017511999234557152
v 0.036038000136613846 0.020121000707149506 -0.017541000619530678
v 0.036017000675201416 0.020121999084949493 -0.01770699955523014
v 0.036024998873472214 0.02012600004673004 -0.01770699955523014
v 0.03602999821305275 0.02011599950492382 -0.017541000619530678
v 0.03602999821305275 0.02011599950492382 -0.017511999234557152
v 0.03602200001478195 0.02011200040578842 -0.017541000619530678
v 0.03601500019431114 0.020107999444007874 -0.017456000670790672
v 0.03602999821305275 0.02011599950492382 -0.017456000670790672
v 0.03601500019431114 0.020107999444007874 -0.01734199933707714
v 0.03601500019431114 0.020107999444007874 -0.01711600087583065
v 0.03599099814891815 0.02009500004351139 -0.017541000619530678
v 0.03597800061106682 0.020099999383091927 -0.01770699955523014
v 0.03588499873876572 0.020047999918460846 -0.01770699955523014
v 0.03589800000190735 0.020042000338435173 -0.017541000619530678
v 0.03589000180363655 0.020037999376654625 -0.01711600087583065
v 0.03592099994421005 0.020055999979376793 -0.016661999747157097
v 0.03598399832844734 0.020090000703930855 -0.016661999747157097
v 0.03541199862957001 0.02094300091266632 -0.014773000031709671
v 0.035443998873233795 0.020887000486254692 -0.014773000031709671
v 0.035144999623298645 0.02111399918794632 -0.014773000031709671
v 0.03521699830889702 0.020994000136852264 -0.014773000031709671
v 0.035301998257637024 0.020850999280810356 -0.014773000031709671
v 0.03532300144433975 0.02081499993801117 -0.014773000031709671
v 0.03534400090575218 0.020779000595211983 -0.014774000272154808
v 0.03550200164318085 0.020788999274373055 -0.014781000092625618
v 0.035558998584747314 0.020690999925136566 -0.014801999554038048
v 0.035985998809337616 0.020104000344872475 -0.01770699955523014
v 0.03593900054693222 0.02007799968123436 -0.01770699955523014
v 0.03596299886703491 0.020090999081730843 -0.01770699955523014
v 0.03339099884033203 0.023792000487446785 -0.014773000031709671
v 0.033991001546382904 0.022926999256014824 -0.014773000031709671
v 0.03339099884033203 0.023792000487446785 -0.015494000166654587
v 0.03532800078392029 0.02080800011754036 -0.015495000407099724
v 0.03525099903345108 0.020937999710440636 -0.015494000166654587
v 0.03465700149536133 0.02190599963068962 -0.015494000166654587
v 0.033991001546382904 0.022926999256014824 -0.015494000166654587
v 0.035381998866796494 0.020715000107884407 -0.015525000169873238
v 0.03536500036716461 0.020743999630212784 -0.01551000028848648
v 0.03536200150847435 0.02074900083243847 -0.015507999807596207
v 0.035346999764442444 0.020774999633431435 -0.015499000437557697
v 0.03542900085449219 0.020634999498724937 -0.01561100035905838
v 0.03539999946951866 0.020685000345110893 -0.015548000112175941
v 0.03539799898862839 0.020688999444246292 -0.015545000322163105
v 0.035433001816272736 0.02062699943780899 -0.015627000480890274
v 0.03544100001454353 0.020614000037312508 -0.015660999342799187
v 0.03544599935412407 0.020604999735951424 -0.015696000307798386
v 0.03544799983501434 0.020602000877261162 -0.015730999410152435
v 0.03544799983501434 0.020602000877261162 -0.015734000131487846
v 0.03544799983501434 0.020601000636816025 -0.01576099917292595
v 0.03544799983501434 0.020601000636816025 -0.015796000137925148
v 0.03544799983501434 0.020601000636816025 -0.01607999950647354
v 0.03544799983501434 0.020601000636816025 -0.016648000106215477
v 0.03544799983501434 0.020601000636816025 -0.017216000705957413
v 0.03544799983501434 0.020601000636816025 -0.017500000074505806
v 0.03544799983501434 0.020601000636816025 -0.017534999176859856
v 0.03544799983501434 0.020602000877261162 -0.017562000080943108
v 0.03544599935412407 0.020604999735951424 -0.01759999990463257
v 0.03543100133538246 0.02063100039958954 -0.017678000032901764
v 0.034460000693798065 0.022214999422430992 -0.017802000045776367
v 0.03465700149536133 0.02190599963068962 -0.017802000045776367
v 0.03525099903345108 0.020937999710440636 -0.017802000045776367
v 0.03532800078392029 0.02080800011754036 -0.017802000045776367
v 0.035346999764442444 0.020774999633431435 -0.01779700070619583
v 0.03536500036716461 0.020743999630212784 -0.01778700016438961
v 0.035367000848054886 0.020741000771522522 -0.017784999683499336
v 0.03540400043129921 0.020678000524640083 -0.01774200052022934
v 0.033991001546382904 0.022926999256014824 -0.017802000045776367
v 0.03339099884033203 0.023792000487446785 -0.017802000045776367
v 0.037264999002218246 0.017097000032663345 -0.014773000031709671
v 0.037264999002218246 0.017097000032663345 -0.01752300001680851
v 0.037264999002218246 0.017097000032663345 -0.017549000680446625
v 0.03726299852132797 0.01710199937224388 -0.017595000565052032
v 0.037257999181747437 0.01711300015449524 -0.017635999247431755
v 0.03724199905991554 0.0171470008790493 -0.017698999494314194
v 0.0371909998357296 0.017257999628782272 -0.017782999202609062
v 0.03720799833536148 0.01722100004553795 -0.01776600070297718
v 0.03721600025892258 0.017203999683260918 -0.01775600016117096
v 0.037154000252485275 0.017338000237941742 -0.01779399998486042
v 0.03716500103473663 0.017312999814748764 -0.01779399998486042
v 0.03717200085520744 0.017297999933362007 -0.017792999744415283
v 0.03713500127196312 0.01737700030207634 -0.01779399998486042
v 0.03706200048327446 0.01753300055861473 -0.01779399998486042
v 0.036913998425006866 0.01784300059080124 -0.01779399998486042
v 0.03660900145769119 0.018458999693393707 -0.01779399998486042
v 0.03596999868750572 0.019677000120282173 -0.01779399998486042
v 0.0363989993929863 0.018871000036597252 -0.01779399998486042
v 0.03594600036740303 0.019719000905752182 -0.01779399998486042
v 0.03594600036740303 0.019719000905752182 -0.018516000360250473
v 0.0374159999191761 0.017362000420689583 -0.018511999398469925
v 0.037452999502420425 0.017280999571084976 -0.018501000478863716
v 0.03743699938058853 0.01727299951016903 -0.018501000478863716
v 0.03754600137472153 0.01647000014781952 -0.017748000100255013
v 0.0376800000667572 0.016517000272870064 -0.017684999853372574
v 0.037682998925447464 0.016509000211954117 -0.01759600080549717
v 0.03717400133609772 0.017333000898361206 -0.018516000360250473
v 0.03715899959206581 0.017325999215245247 -0.018516000360250473
v 0.03715299814939499 0.01733900047838688 -0.018516000360250473
v 0.03720699995756149 0.017388999462127686 -0.018516000360250473
v 0.037144001573324203 0.017358999699354172 -0.018516000360250473
v 0.03712499886751175 0.017399000003933907 -0.018516000360250473
v 0.0365930013358593 0.018490999937057495 -0.018516000360250473
v 0.03690100088715553 0.017868999391794205 -0.018516000360250473
v 0.0370509997010231 0.017556000500917435 -0.018516000360250473
v 0.03727100044488907 0.0174189992249012 -0.018516000360250473
v 0.03724300116300583 0.017184000462293625 -0.018501000478863716
v 0.03722799941897392 0.017177000641822815 -0.018501000478863716
v 0.0371909998357296 0.017256999388337135 -0.018511999398469925
v 0.037296000868082047 0.017030000686645508 -0.018456999212503433
v 0.03725900128483772 0.017191000282764435 -0.018501000478863716
v 0.03727500140666962 0.017199000343680382 -0.018501000478863716
v 0.0372919999063015 0.01720600016415119 -0.018501000478863716
v 0.03730800002813339 0.01721400022506714 -0.018501000478863716
v 0.037324000149965286 0.01722100004553795 -0.018501000478863716
v 0.03734000027179718 0.017229000106453896 -0.018501000478863716
v 0.037356000393629074 0.017235999926924706 -0.018501000478863716
v 0.03737200051546097 0.017242999747395515 -0.018501000478863716
v 0.037553999572992325 0.01645199954509735 -0.014773000031709671
v 0.037553999572992325 0.01645199954509735 -0.017550000920891762
v 0.037682998925447464 0.01650799997150898 -0.017550000920891762
v 0.037553999572992325 0.016452999785542488 -0.01759600080549717
v 0.03719000145792961 0.017340000718832016 -0.018516000360250473
v 0.03718400001525879 0.017354000359773636 -0.018516000360250473
v 0.037206001579761505 0.017348000779747963 -0.018516000360250473
v 0.03721600025892258 0.017369000241160393 -0.018516000360250473
v 0.037248000502586365 0.01738400012254715 -0.018516000360250473
v 0.03723800182342529 0.01736300066113472 -0.018516000360250473
v 0.0372220017015934 0.017355000600218773 -0.018516000360250473
v 0.037303000688552856 0.017393000423908234 -0.018516000360250473
v 0.03728700056672096 0.017385000362992287 -0.018516000360250473
v 0.03728099912405014 0.017399000003933907 -0.018516000360250473
v 0.03727100044488907 0.017378000542521477 -0.018516000360250473
v 0.037255000323057175 0.01737000048160553 -0.018516000360250473
v 0.037206001579761505 0.017263999208807945 -0.018511999398469925
v 0.0372220017015934 0.017271999269723892 -0.018511999398469925
v 0.03723800182342529 0.017278999090194702 -0.018511999398469925
v 0.03725399821996689 0.01728699915111065 -0.018511999398469925
v 0.03726999834179878 0.01729400083422661 -0.018511999398469925
v 0.03728700056672096 0.017302000895142555 -0.018511999398469925
v 0.037303000688552856 0.017309000715613365 -0.018511999398469925
v 0.03731900081038475 0.017317000776529312 -0.018511999398469925
v 0.037335000932216644 0.017324000597000122 -0.018511999398469925
v 0.037404999136924744 0.017257999628782272 -0.018501000478863716
v 0.03738899901509285 0.017250999808311462 -0.018501000478863716
v 0.03736700117588043 0.01733900047838688 -0.018511999398469925
v 0.03735100105404854 0.01733200065791607 -0.018511999398469925
v 0.037335000932216644 0.01740800030529499 -0.018516000360250473
v 0.03731900081038475 0.017400000244379044 -0.018516000360250473
v 0.03731299936771393 0.017413999885320663 -0.018516000360250473
v 0.03733599931001663 0.017449000850319862 -0.018516000360250473
v 0.03737799823284149 0.017443999648094177 -0.018516000360250473
v 0.037344999611377716 0.01742899976670742 -0.018516000360250473
v 0.03736799955368042 0.017423000186681747 -0.018516000360250473
v 0.03735100105404854 0.017416000366210938 -0.018516000360250473
v 0.037383999675512314 0.017347000539302826 -0.018511999398469925
v 0.037383999675512314 0.017431000247597694 -0.018516000360250473
v 0.03739999979734421 0.017438000068068504 -0.018516000360250473
v 0.037432000041007996 0.017369000241160393 -0.018511999398469925
v 0.03746899962425232 0.017287999391555786 -0.018501000478863716
v 0.03739999979734421 0.017354000359773636 -0.018511999398469925
v 0.03742099925875664 0.01726599968969822 -0.018501000478863716
v 0.037411000579595566 0.01677500084042549 -0.018296999856829643
v 0.03742000088095665 0.016755999997258186 -0.018278999254107475
v 0.037498001009225845 0.01658100076019764 -0.018052000552415848
v 0.0372529998421669 0.017457999289035797 -0.018516000360250473
v 0.03954600170254707 0.011819999665021896 -0.017705999314785004
v 0.03947199881076813 0.011785999871790409 -0.017456000670790672
v 0.03948900103569031 0.01179100014269352 -0.017456000670790672
v 0.03948900103569031 0.01179100014269352 -0.01734199933707714
v 0.03937000036239624 0.011754999868571758 -0.017456000670790672
v 0.03938699886202812 0.011761000379920006 -0.017456000670790672
v 0.03938699886202812 0.011761000379920006 -0.01734199933707714
v 0.03930699825286865 0.011748000048100948 -0.017705999314785004
v 0.03931500017642975 0.011750999838113785 -0.017705999314785004
v 0.0393190011382103 0.011739999987185001 -0.017541000619530678
v 0.03931000083684921 0.011738000437617302 -0.017541000619530678
v 0.039301998913288116 0.011734999716281891 -0.017541000619530678
v 0.03929800167679787 0.011745999567210674 -0.017705999314785004
v 0.03928999975323677 0.011742999777197838 -0.017705999314785004
v 0.0393190011382103 0.011739999987185001 -0.01711600087583065
v 0.03935299813747406 0.011749999597668648 -0.01711600087583065
v 0.03935299813747406 0.011749999597668648 -0.016661999747157097
v 0.039301998913288116 0.011734999716281891 -0.017456000670790672
v 0.0393190011382103 0.011739999987185001 -0.017456000670790672
v 0.0393190011382103 0.011739999987185001 -0.01734199933707714
v 0.037762999534606934 0.015968000516295433 -0.018523000180721283
v 0.039097998291254044 0.012800999917089939 -0.014773000031709671
v 0.03923799842596054 0.011889000423252583 -0.015197999775409698
v 0.03927699849009514 0.011761000379920006 -0.015488999895751476
v 0.03934900090098381 0.011761000379920006 -0.01558700017631054
v 0.03928599879145622 0.011730999685823917 -0.015704000368714333
v 0.03935299813747406 0.011750999838113785 -0.015704000368714333
v 0.03928599879145622 0.011730000376701355 -0.015737000852823257
v 0.03935299813747406 0.011749999597668648 -0.015740999951958656
v 0.03928599879145622 0.011730000376701355 -0.015740999951958656
v 0.03928599879145622 0.011730000376701355 -0.015754999592900276
v 0.039204999804496765 0.012470999732613564 -0.014801999554038048
v 0.03913399949669838 0.01222699973732233 -0.014882000163197517
v 0.0390390008687973 0.012528999708592892 -0.014781000092625618
v 0.039170000702142715 0.01257999986410141 -0.014779999852180481
v 0.03903599828481674 0.012536999769508839 -0.014779999852180481
v 0.039135999977588654 0.012687000446021557 -0.014773000031709671
v 0.03900200128555298 0.012643000110983849 -0.014773000031709671
v 0.03911599889397621 0.012746999971568584 -0.014773000031709671
v 0.038982000201940536 0.012703999876976013 -0.014773000031709671
v 0.038965001702308655 0.012757999822497368 -0.014773000031709671
v 0.03889299929141998 0.012973000295460224 -0.014773000031709671
v 0.038871001452207565 0.013039999641478062 -0.014773000031709671
v 0.03844200074672699 0.014255999587476254 -0.014773000031709671
v 0.03843199834227562 0.014282000251114368 -0.018523000180721283
v 0.03873800113797188 0.013429000042378902 -0.018523000180721283
v 0.038885001093149185 0.013000000268220901 -0.018523000180721283
v 0.03895600140094757 0.012783999554812908 -0.018523000180721283
v 0.03899100050330162 0.012676999904215336 -0.018523000180721283
v 0.039135999977588654 0.01268600020557642 -0.018523000180721283
v 0.03900200128555298 0.012641999870538712 -0.018523000180721283
v 0.0391709990799427 0.012577000074088573 -0.018515000119805336
v 0.039034999907016754 0.012539999559521675 -0.018516000360250473
v 0.03920599818229675 0.012467999942600727 -0.018494000658392906
v 0.039128001779317856 0.012248000130057335 -0.018425000831484795
v 0.039204999804496765 0.011998999863862991 -0.018238000571727753
v 0.03939199820160866 0.011838000267744064 -0.01792600005865097
v 0.03925900161266327 0.011819000355899334 -0.017971999943256378
v 0.03936700150370598 0.011765999719500542 -0.017705999314785004
v 0.039358001202344894 0.011764000169932842 -0.017705999314785004
v 0.03941800072789192 0.011780999600887299 -0.017705999314785004
v 0.03940900042653084 0.0117790000513196 -0.017705999314785004
v 0.03940099850296974 0.011776000261306763 -0.017705999314785004
v 0.03939199820160866 0.011773999780416489 -0.017705999314785004
v 0.0393499992787838 0.011761000379920006 -0.017705999314785004
v 0.039340998977422714 0.011757999658584595 -0.017705999314785004
v 0.03929299861192703 0.011733000166714191 -0.017541000619530678
v 0.03928599879145622 0.011730000376701355 -0.017541000619530678
v 0.03928599879145622 0.011730000376701355 -0.017558999359607697
v 0.03928599879145622 0.011730000376701355 -0.017456000670790672
v 0.03928599879145622 0.011730000376701355 -0.017511999234557152
v 0.03928599879145622 0.011730000376701355 -0.01734199933707714
v 0.03948599845170975 0.011801999993622303 -0.01558700017631054
v 0.03941800072789192 0.011781999841332436 -0.01558700017631054
v 0.03948900103569031 0.011792000383138657 -0.015704000368714333
v 0.039420999586582184 0.011770999990403652 -0.015704000368714333
v 0.03948900103569031 0.01179100014269352 -0.015740999951958656
v 0.039420999586582184 0.011770999990403652 -0.015740999951958656
v 0.039420999586582184 0.011770999990403652 -0.015754999592900276
v 0.03917299956083298 0.012102000415325165 -0.014964999631047249
v 0.039232999086380005 0.011905999854207039 -0.015172000043094158
v 0.03928599879145622 0.011730000376701355 -0.016661999747157097
v 0.03928599879145622 0.011730000376701355 -0.01711600087583065
v 0.03928299993276596 0.011741000227630138 -0.017705999314785004
v 0.039301998913288116 0.011734999716281891 -0.017511999234557152
v 0.0393190011382103 0.011739999987185001 -0.017511999234557152
v 0.03933599963784218 0.011745000258088112 -0.017511999234557152
v 0.039326999336481094 0.011742999777197838 -0.017541000619530678
v 0.03933599963784218 0.011745000258088112 -0.017541000619530678
v 0.03932400047779083 0.011753000319004059 -0.017705999314785004
v 0.03933199867606163 0.011756000109016895 -0.017705999314785004
v 0.039344001561403275 0.011748000048100948 -0.017541000619530678
v 0.03935299813747406 0.011749999597668648 -0.017511999234557152
v 0.03933599963784218 0.011745000258088112 -0.017456000670790672
v 0.03935299813747406 0.011749999597668648 -0.017456000670790672
v 0.03935299813747406 0.011749999597668648 -0.01734199933707714
v 0.03937000036239624 0.011754999868571758 -0.017541000619530678
v 0.039361000061035156 0.011753000319004059 -0.017541000619530678
v 0.03935299813747406 0.011749999597668648 -0.017541000619530678
v 0.03938699886202812 0.011761000379920006 -0.017511999234557152
v 0.03937799856066704 0.011757999658584595 -0.017541000619530678
v 0.03938699886202812 0.011761000379920006 -0.017541000619530678
v 0.039374999701976776 0.011769000440835953 -0.017705999314785004
v 0.03937000036239624 0.011754999868571758 -0.017511999234557152
v 0.039420999586582184 0.011770999990403652 -0.017541000619530678
v 0.0394119992852211 0.011768000200390816 -0.017541000619530678
v 0.0394040010869503 0.011765999719500542 -0.017541000619530678
v 0.0394040010869503 0.011765999719500542 -0.017511999234557152
v 0.039420999586582184 0.011770999990403652 -0.017511999234557152
v 0.0394040010869503 0.011765999719500542 -0.017456000670790672
v 0.039420999586582184 0.011770999990403652 -0.017456000670790672
v 0.039420999586582184 0.011770999990403652 -0.01734199933707714
v 0.039438001811504364 0.011776000261306763 -0.017511999234557152
v 0.03942999988794327 0.011772999539971352 -0.017541000619530678
v 0.039438001811504364 0.011776000261306763 -0.017541000619530678
v 0.03942599892616272 0.01178400032222271 -0.017705999314785004
v 0.039434999227523804 0.011785999871790409 -0.017705999314785004
v 0.03944699838757515 0.011777999810874462 -0.017541000619530678
v 0.039455000311136246 0.011780999600887299 -0.017511999234557152
v 0.039438001811504364 0.011776000261306763 -0.017456000670790672
v 0.039455000311136246 0.011780999600887299 -0.017456000670790672
v 0.039455000311136246 0.011780999600887299 -0.01734199933707714
v 0.039455000311136246 0.011780999600887299 -0.017541000619530678
v 0.039452001452445984 0.011792000383138657 -0.017705999314785004
v 0.03946400061249733 0.011783000081777573 -0.017541000619530678
v 0.03946100175380707 0.011793999932706356 -0.017705999314785004
v 0.03947199881076813 0.011785999871790409 -0.017541000619530678
v 0.03948900103569031 0.01179100014269352 -0.017511999234557152
v 0.03948099911212921 0.011788999661803246 -0.017541000619530678
v 0.03948900103569031 0.01179100014269352 -0.017541000619530678
v 0.03947800025343895 0.011799000203609467 -0.017705999314785004
v 0.03947199881076813 0.011785999871790409 -0.017511999234557152
v 0.039455000311136246 0.011780999600887299 -0.01711600087583065
v 0.039420999586582184 0.011770999990403652 -0.01711600087583065
v 0.03948900103569031 0.01179100014269352 -0.01711600087583065
v 0.03951999917626381 0.01181199960410595 -0.017705999314785004
v 0.03952300176024437 0.011800999753177166 -0.017541000619530678
v 0.03951200097799301 0.011808999814093113 -0.017705999314785004
v 0.03951499983668327 0.011799000203609467 -0.017541000619530678
v 0.03950300067663193 0.011807000264525414 -0.017705999314785004
v 0.03950599953532219 0.01179600041359663 -0.017541000619530678
v 0.03950599953532219 0.01179600041359663 -0.017456000670790672
v 0.03950599953532219 0.01179600041359663 -0.017511999234557152
v 0.03952300176024437 0.011800999753177166 -0.017511999234557152
v 0.03952899947762489 0.01181500032544136 -0.017705999314785004
v 0.03953700140118599 0.01181699987500906 -0.017705999314785004
v 0.03954099863767624 0.011806000024080276 -0.017541000619530678
v 0.039549000561237335 0.011808999814093113 -0.017541000619530678
v 0.03954099863767624 0.011806000024080276 -0.017511999234557152
v 0.039531998336315155 0.011803999543190002 -0.017541000619530678
v 0.03952300176024437 0.011800999753177166 -0.017456000670790672
v 0.03954099863767624 0.011806000024080276 -0.017456000670790672
v 0.03952300176024437 0.011800999753177166 -0.01734199933707714
v 0.03952300176024437 0.011800999753177166 -0.01711600087583065
v 0.03949800133705139 0.011793999932706356 -0.017541000619530678
v 0.03948599845170975 0.011801999993622303 -0.017705999314785004
v 0.03938400000333786 0.011770999990403652 -0.017705999314785004
v 0.03939500078558922 0.011762999929487705 -0.017541000619530678
v 0.03938699886202812 0.011761000379920006 -0.01711600087583065
v 0.039420999586582184 0.011770999990403652 -0.016661999747157097
v 0.03948900103569031 0.01179100014269352 -0.016661999747157097
v 0.03949499875307083 0.011803999543190002 -0.017705999314785004
v 0.0394430011510849 0.011788999661803246 -0.017705999314785004
v 0.039468999952077866 0.011796999722719193 -0.017705999314785004
v 0.037762999534606934 0.015968000516295433 -0.014773000031709671
v 0.037762999534606934 0.015968000516295433 -0.015494000166654587
v 0.03803899884223938 0.015297000296413898 -0.015494000166654587
v 0.03884400054812431 0.013119000010192394 -0.015494000166654587
v 0.038957998156547546 0.012777999974787235 -0.015494000166654587
v 0.03900500014424324 0.012633999809622765 -0.015495000407099724
v 0.039016999304294586 0.012597999535501003 -0.015499000437557697
v 0.03902599960565567 0.01256799977272749 -0.015507999807596207
v 0.039028000086545944 0.012563999742269516 -0.01551000028848648
v 0.039037998765707016 0.012532000429928303 -0.015525000169873238
v 0.0390469990670681 0.012502999976277351 -0.015545000322163105
v 0.039066001772880554 0.012443999759852886 -0.01561100035905838
v 0.039048999547958374 0.012497999705374241 -0.015549000352621078
v 0.0390780009329319 0.012405999936163425 -0.01607999950647354
v 0.0390780009329319 0.012405999936163425 -0.015796000137925148
v 0.0390780009329319 0.012405999936163425 -0.01576099917292595
v 0.0390780009329319 0.012407000176608562 -0.015734000131487846
v 0.039076000452041626 0.012411000207066536 -0.015696000307798386
v 0.039076000452041626 0.012412000447511673 -0.015690000727772713
v 0.0390780009329319 0.012407000176608562 -0.017562000080943108
v 0.0390780009329319 0.012405999936163425 -0.017534999176859856
v 0.0390780009329319 0.012405999936163425 -0.017500000074505806
v 0.0390780009329319 0.012405999936163425 -0.017216000705957413
v 0.0390780009329319 0.012405999936163425 -0.01708099991083145
v 0.0390780009329319 0.012405999936163425 -0.016648000106215477
v 0.039073001593351364 0.012419999577105045 -0.017635000869631767
v 0.039076000452041626 0.012411000207066536 -0.01759999990463257
v 0.039069000631570816 0.012435000389814377 -0.01766899973154068
v 0.039062999188899994 0.012454000301659107 -0.01769999973475933
v 0.039041001349687576 0.012520999647676945 -0.017765000462532043
v 0.03906099870800972 0.01245999988168478 -0.017709000036120415
v 0.039016999304294586 0.01259700022637844 -0.017796000465750694
v 0.03900500014424324 0.012633999809622765 -0.017802000045776367
v 0.038957998156547546 0.012777999974787235 -0.017802000045776367
v 0.0385890007019043 0.01385200023651123 -0.017802000045776367
v 0.037762999534606934 0.015968000516295433 -0.017802000045776367
v 0.0384569987654686 0.014214999973773956 -0.017802000045776367
v 0.04061900079250336 0.005574999842792749 -0.016412999480962753
v 0.04061900079250336 0.005574999842792749 -0.017139000818133354
v 0.04061900079250336 0.005574999842792749 -0.017462000250816345
v 0.04062100127339363 0.005557999946177006 -0.01763400062918663
v 0.040623001754283905 0.005547999870032072 -0.01765800081193447
v 0.040626998990774155 0.0055149998515844345 -0.01770699955523014
v 0.0406309999525547 0.005491999909281731 -0.01773099973797798
v 0.04077500104904175 0.004292000085115433 -0.017796000465750694
v 0.04071199893951416 0.004854999948292971 -0.017796000465750694
v 0.04067600145936012 0.005142999812960625 -0.017796000465750694
v 0.04066300019621849 0.005243000108748674 -0.017796000465750694
v 0.040654998272657394 0.005305000115185976 -0.017796000465750694
v 0.04065199941396713 0.00532800005748868 -0.017796000465750694
v 0.04064600169658661 0.005373999942094088 -0.01779099926352501
v 0.04063599929213524 0.005452000070363283 -0.017760999500751495
v 0.040853001177310944 0.0034660000819712877 -0.017796000465750694
v 0.04090600088238716 0.0027809999883174896 -0.017796000465750694
v 0.04090600088238716 0.002768999896943569 -0.017796000465750694
v 0.040908001363277435 0.0027409999165683985 -0.017795000225305557
v 0.040911998599767685 0.002686999971047044 -0.01778700016438961
v 0.04091599956154823 0.002621999941766262 -0.017758000642061234
v 0.04091700166463852 0.0026050000451505184 -0.01774599961936474
v 0.04092000052332878 0.002558999927714467 -0.017700999975204468
v 0.04092299938201904 0.002518000081181526 -0.01762700080871582
v 0.04092299938201904 0.002517000073567033 -0.01762400008738041
v 0.04092299938201904 0.002503999974578619 -0.017506999894976616
v 0.04092299938201904 0.002503999974578619 -0.017374999821186066
v 0.04092299938201904 0.002503999974578619 -0.0171509999781847
v 0.04092299938201904 0.002503999974578619 -0.016665000468492508
v 0.04092299938201904 0.002503999974578619 -0.01566999964416027
v 0.04061900079250336 0.005574999842792749 -0.01566999964416027
v 0.0405149981379509 0.006289000157266855 -0.01566999964416027
v 0.040973000228405 0.002827000105753541 -0.01850299909710884
v 0.0409029982984066 0.002822000067681074 -0.01850299909710884
v 0.04089700058102608 0.002908000024035573 -0.01850299909710884
v 0.04068500176072121 0.005338000133633614 -0.01850299909710884
v 0.040720999240875244 0.005342999938875437 -0.01850299909710884
v 0.04072200134396553 0.00533400010317564 -0.01850299909710884
v 0.040727000683546066 0.006310999859124422 -0.0176829993724823
v 0.04072599858045578 0.006320000160485506 -0.017587000504136086
v 0.04066700115799904 0.00521499989554286 -0.01850299909710884
v 0.04065899923443794 0.005272999871522188 -0.01850299909710884
v 0.04111599922180176 0.0028359999414533377 -0.01850299909710884
v 0.041044000536203384 0.002831999910995364 -0.01850299909710884
v 0.04103799909353256 0.0029180001001805067 -0.01850299909710884
v 0.041182998567819595 0.0027650000993162394 -0.01850299909710884
v 0.04117399826645851 0.002764000091701746 -0.01850299909710884
v 0.04117399826645851 0.0027749999426305294 -0.01850299909710884
v 0.04096100106835365 0.001782999956049025 -0.01566999964416027
v 0.04096100106835365 0.001782999956049025 -0.016412999480962753
v 0.04096100106835365 0.001782999956049025 -0.016665000468492508
v 0.04096100106835365 0.001782999956049025 -0.0175160001963377
v 0.041099999099969864 0.0018500000005587935 -0.017875000834465027
v 0.04117399826645851 0.0018060000147670507 -0.017698999494314194
v 0.04117399826645851 0.0017950000474229455 -0.01760699972510338
v 0.04117399826645851 0.0017930000321939588 -0.01754000037908554
v 0.04095200076699257 0.001976999919861555 -0.01811799965798855
v 0.04108799993991852 0.00227600010111928 -0.01837499998509884
v 0.041067998856306076 0.0026050000451505184 -0.018490999937057495
v 0.04107699915766716 0.0026050000451505184 -0.018490999937057495
v 0.041085999459028244 0.002606000052765012 -0.018490999937057495
v 0.04109499976038933 0.002607000060379505 -0.018490999937057495
v 0.04110400006175041 0.002607000060379505 -0.018490999937057495
v 0.041113000363111496 0.0026080000679939985 -0.018490999937057495
v 0.04112200066447258 0.0026080000679939985 -0.018490999937057495
v 0.041131000965833664 0.002609000075608492 -0.018490999937057495
v 0.04114000126719475 0.002609000075608492 -0.018490999937057495
v 0.04114900156855583 0.0026100000832229853 -0.018490999937057495
v 0.04115799814462662 0.0026110000908374786 -0.018490999937057495
v 0.041166000068187714 0.0026110000908374786 -0.018490999937057495
v 0.0411750003695488 0.002612000098451972 -0.018490999937057495
v 0.04118400067090988 0.002612000098451972 -0.018490999937057495
v 0.041193000972270966 0.0026130001060664654 -0.018490999937057495
v 0.04118800163269043 0.0027020000852644444 -0.018501000478863716
v 0.04115400090813637 0.00279600010253489 -0.01850299909710884
v 0.04082699865102768 0.0037670000456273556 -0.01850299909710884
v 0.04087800160050392 0.0055240001529455185 -0.018489999696612358
v 0.04088899865746498 0.0054410002194345 -0.01850000023841858
v 0.04089900106191635 0.005365999881178141 -0.01850299909710884
v 0.04055200144648552 0.006045000161975622 -0.018182000145316124
v 0.04058900102972984 0.005793000105768442 -0.018384000286459923
v 0.04072599858045578 0.006320999935269356 -0.01753699965775013
v 0.0405149981379509 0.006289000157266855 -0.01748500019311905
v 0.0405149981379509 0.006289000157266855 -0.017378000542521477
v 0.0405149981379509 0.006289000157266855 -0.016661999747157097
v 0.0405149981379509 0.006289000157266855 -0.017103999853134155
v 0.040525998920202255 0.006213999819010496 -0.01791200041770935
v 0.04052399843931198 0.006231999956071377 -0.01786700077354908
v 0.04066399857401848 0.006252999883145094 -0.01786700077354908
v 0.04058599844574928 0.006289000157266855 -0.0176829993724823
v 0.04064200073480606 0.005408999975770712 -0.01850000023841858
v 0.04066399857401848 0.005495000164955854 -0.018489999696612358
v 0.04065199941396713 0.00533400010317564 -0.01850299909710884
v 0.04067600145936012 0.005413000006228685 -0.01850000023841858
v 0.04065300151705742 0.005324999801814556 -0.01850299909710884
v 0.040654998272657394 0.005305000115185976 -0.01850299909710884
v 0.04079600051045418 0.005322999786585569 -0.01850299909710884
v 0.04097599908709526 0.0027840000111609697 -0.01850299909710884
v 0.04094000160694122 0.0027809999883174896 -0.01850299909710884
v 0.04090600088238716 0.002778999973088503 -0.01850299909710884
v 0.04092400148510933 0.0027469999622553587 -0.01850299909710884
v 0.040915001183748245 0.0027469999622553587 -0.01850299909710884
v 0.04090699926018715 0.0027570000384002924 -0.01850299909710884
v 0.040918998420238495 0.0026839999482035637 -0.018501000478863716
v 0.040911998599767685 0.0026839999482035637 -0.018501000478863716
v 0.040908001363277435 0.0027459999546408653 -0.01850299909710884
v 0.04096100106835365 0.002597999991849065 -0.018490999937057495
v 0.04097000136971474 0.002598999999463558 -0.018490999937057495
v 0.04094000160694122 0.002211000071838498 -0.01834000088274479
v 0.04095200076699257 0.0025969999842345715 -0.018490999937057495
v 0.04092499986290932 0.002595999976620078 -0.018490999937057495
v 0.04092400148510933 0.0025029999669641256 -0.01847199909389019
v 0.0409340001642704 0.002595999976620078 -0.018490999937057495
v 0.040943000465631485 0.0025969999842345715 -0.018490999937057495
v 0.04100500047206879 0.002601000014692545 -0.018490999937057495
v 0.04101400077342987 0.002601000014692545 -0.018490999937057495
v 0.04097900167107582 0.002598999999463558 -0.018490999937057495
v 0.040987998247146606 0.0026000000070780516 -0.018490999937057495
v 0.04099699854850769 0.0026000000070780516 -0.018490999937057495
v 0.041023001074790955 0.0026020000223070383 -0.018490999937057495
v 0.04103200137615204 0.0026030000299215317 -0.018490999937057495
v 0.04104100167751312 0.0026030000299215317 -0.018490999937057495
v 0.04104999825358391 0.002604000037536025 -0.018490999937057495
v 0.04105899855494499 0.002604000037536025 -0.018490999937057495
v 0.04096100106835365 0.001782999956049025 -0.01754000037908554
v 0.04103099927306175 0.0017859999788925052 -0.01754000037908554
v 0.04096100106835365 0.0017859999788925052 -0.01760699972510338
v 0.04103099927306175 0.0017890000017359853 -0.01760699972510338
v 0.04096100106835365 0.0017960000550374389 -0.017698999494314194
v 0.04103099927306175 0.0017999999690800905 -0.017698999494314194
v 0.04095900058746338 0.0018269999418407679 -0.017827000468969345
v 0.041103001683950424 0.0017890000017359853 -0.01754000037908554
v 0.041103001683950424 0.0017920000245794654 -0.01760699972510338
v 0.04110199958086014 0.0018029999919235706 -0.017698999494314194
v 0.04092299938201904 0.0027580000460147858 -0.01850299909710884
v 0.04093300178647041 0.002747999969869852 -0.01850299909710884
v 0.04094099998474121 0.0027600000612437725 -0.01850299909710884
v 0.0409419983625412 0.002747999969869852 -0.01850299909710884
v 0.04095099866390228 0.0027489999774843454 -0.01850299909710884
v 0.04095900058746338 0.002761000068858266 -0.01850299909710884
v 0.04095999896526337 0.002749999985098839 -0.01850299909710884
v 0.04096899926662445 0.002749999985098839 -0.01850299909710884
v 0.04097700119018555 0.0027620000764727592 -0.01850299909710884
v 0.040977999567985535 0.002750999992713332 -0.01850299909710884
v 0.04100500047206879 0.002753000007942319 -0.01850299909710884
v 0.0409960001707077 0.0027520000003278255 -0.01850299909710884
v 0.040995001792907715 0.0027630000840872526 -0.01850299909710884
v 0.04098699986934662 0.002750999992713332 -0.01850299909710884
v 0.04101400077342987 0.002753000007942319 -0.01850299909710884
v 0.041012998670339584 0.002764000091701746 -0.01850299909710884
v 0.04101099818944931 0.0027860000263899565 -0.01850299909710884
v 0.04103099927306175 0.0027660001069307327 -0.01850299909710884
v 0.04103099927306175 0.0027540000155568123 -0.01850299909710884
v 0.04102199897170067 0.0027540000155568123 -0.01850299909710884
v 0.04104899987578392 0.002767000114545226 -0.01850299909710884
v 0.04104899987578392 0.002756000030785799 -0.01850299909710884
v 0.041039999574422836 0.0027550000231713057 -0.01850299909710884
v 0.04084400087594986 0.0035749999806284904 -0.01850299909710884
v 0.04088300094008446 0.0030980000738054514 -0.01850299909710884
v 0.041058000177145004 0.002756000030785799 -0.01850299909710884
v 0.0410659983754158 0.002767999889329076 -0.01850299909710884
v 0.04106700047850609 0.0027570000384002924 -0.01850299909710884
v 0.04108399897813797 0.002768999896943569 -0.01850299909710884
v 0.041085001081228256 0.0027580000460147858 -0.01850299909710884
v 0.04107600077986717 0.0027570000384002924 -0.01850299909710884
v 0.04108300060033798 0.0027910000644624233 -0.01850299909710884
v 0.041046999394893646 0.002788000041618943 -0.01850299909710884
v 0.04109400138258934 0.002759000053629279 -0.01850299909710884
v 0.04110199958086014 0.0027699999045580626 -0.01850299909710884
v 0.041103001683950424 0.002759000053629279 -0.01850299909710884
v 0.04111900180578232 0.00279300007969141 -0.01850299909710884
v 0.041138000786304474 0.0027729999274015427 -0.01850299909710884
v 0.04112999886274338 0.002761000068858266 -0.01850299909710884
v 0.041120000183582306 0.0027719999197870493 -0.01850299909710884
v 0.041120998561382294 0.0027600000612437725 -0.01850299909710884
v 0.04111199826002121 0.0027600000612437725 -0.01850299909710884
v 0.041166000068187714 0.0027630000840872526 -0.01850299909710884
v 0.04115699976682663 0.0027630000840872526 -0.01850299909710884
v 0.04115600138902664 0.002773999935016036 -0.01850299909710884
v 0.041147999465465546 0.0027620000764727592 -0.01850299909710884
v 0.04113899916410446 0.0027620000764727592 -0.01850299909710884
v 0.041179001331329346 0.002701000077649951 -0.018501000478863716
v 0.04117000102996826 0.002701000077649951 -0.018501000478863716
v 0.04116100072860718 0.0027000000700354576 -0.018501000478863716
v 0.041152000427246094 0.0026990000624209642 -0.018501000478863716
v 0.04114300012588501 0.0026990000624209642 -0.018501000478863716
v 0.041133999824523926 0.002698000054806471 -0.018501000478863716
v 0.04112499952316284 0.002698000054806471 -0.018501000478863716
v 0.04111599922180176 0.0026970000471919775 -0.018501000478863716
v 0.041106998920440674 0.002696000039577484 -0.018501000478863716
v 0.04109799861907959 0.002696000039577484 -0.018501000478863716
v 0.041088998317718506 0.0026950000319629908 -0.018501000478863716
v 0.04108000174164772 0.0026950000319629908 -0.018501000478863716
v 0.041071001440286636 0.0026940000243484974 -0.018501000478863716
v 0.04106200113892555 0.0026940000243484974 -0.018501000478863716
v 0.04105300083756447 0.002693000016734004 -0.018501000478863716
v 0.041044000536203384 0.0026920000091195107 -0.018501000478863716
v 0.04103599861264229 0.0026920000091195107 -0.018501000478863716
v 0.041026998311281204 0.0026910000015050173 -0.018501000478863716
v 0.04101800173521042 0.0026910000015050173 -0.018501000478863716
v 0.041009001433849335 0.002689999993890524 -0.018501000478863716
v 0.04100000113248825 0.0026889999862760305 -0.018501000478863716
v 0.04099100083112717 0.0026889999862760305 -0.018501000478863716
v 0.04098200052976608 0.002687999978661537 -0.018501000478863716
v 0.040973000228405 0.002687999978661537 -0.018501000478863716
v 0.040963999927043915 0.002686999971047044 -0.018501000478863716
v 0.04095499962568283 0.0026859999634325504 -0.018501000478863716
v 0.04094599932432175 0.0026859999634325504 -0.018501000478863716
v 0.04093699902296066 0.002684999955818057 -0.018501000478863716
v 0.04092799872159958 0.002684999955818057 -0.018501000478863716
v 0.04071100056171417 0.005417999811470509 -0.01850000023841858
v 0.040699999779462814 0.005499999970197678 -0.018489999696612358
v 0.04073600098490715 0.005504999775439501 -0.018489999696612358
v 0.0407710000872612 0.005510000046342611 -0.018489999696612358
v 0.04074700176715851 0.005423000082373619 -0.01850000023841858
v 0.04078200086951256 0.0054270001128315926 -0.01850000023841858
v 0.04075700044631958 0.00534699996933341 -0.01850299909710884
v 0.04079199954867363 0.0053519997745752335 -0.01850299909710884
v 0.040793001651763916 0.005342999938875437 -0.01850299909710884
v 0.040807001292705536 0.0055149998515844345 -0.018489999696612358
v 0.040842000395059586 0.005518999882042408 -0.018489999696612358
v 0.040817998349666595 0.005431999918073416 -0.01850000023841858
v 0.040853001177310944 0.005437000188976526 -0.01850000023841858
v 0.040828000754117966 0.005357000045478344 -0.01850299909710884
v 0.040862999856472015 0.0053610000759363174 -0.01850299909710884
v 0.040863998234272 0.0053519997745752335 -0.01850299909710884
v 0.04065600037574768 0.006300000008195639 -0.0176829993724823
v 0.040654998272657394 0.006308999843895435 -0.017587000504136086
v 0.04058400169014931 0.006297999992966652 -0.017587000504136086
v 0.040654998272657394 0.006310000084340572 -0.01753699965775013
v 0.04058400169014931 0.006298999767750502 -0.01753699965775013
v 0.0405149981379509 0.006289000157266855 -0.01753699965775013
v 0.0405149981379509 0.006287999916821718 -0.017587000504136086
v 0.040516000241041183 0.0062779998406767845 -0.0176829993724823
v 0.04061900079250336 0.005574999842792749 -0.01549100037664175
v 0.04061900079250336 0.005574999842792749 -0.014766000211238861
v 0.0405149981379509 0.006289000157266855 -0.014766000211238861
v 0.0405149981379509 0.006289000157266855 -0.01549100037664175
v 0.04087100178003311 -0.0032480000518262386 -0.018516000360250473
v 0.040922001004219055 -0.0025289999321103096 -0.018516000360250473
v 0.04087100178003311 -0.0032480000518262386 -0.014766000211238861
v 0.040922001004219055 -0.0025289999321103096 -0.014766000211238861
v 0.0409960001707077 0.0005489999894052744 -0.016279999166727066
v 0.0409960001707077 0.0005489999894052744 -0.014766000211238861
v 0.04098000004887581 0.0012710000155493617 -0.014766000211238861
v 0.04099399968981743 0.0007159999804571271 -0.014766000211238861
v 0.04098000004887581 0.0012710000155493617 -0.018516000360250473
v 0.04099399968981743 0.0007159999804571271 -0.018516000360250473
v 0.0409960001707077 0.0005489999894052744 -0.018516000360250473
v 0.0409960001707077 0.0005489999894052744 -0.017000999301671982
v 0.04093300178647041 -0.002343999920412898 -0.017000999301671982
v 0.04093300178647041 -0.002343999920412898 -0.016279999166727066
v 0.033075001090765 0.024229999631643295 -0.014766000211238861
v 0.031968001276254654 0.025671999901533127 -0.014766000211238861
v 0.031390998512506485 0.026373999193310738 -0.014766000211238861
v 0.03109700046479702 0.02672100067138672 -0.014766000211238861
v 0.03094800002872944 0.026892999187111855 -0.014766000211238861
v 0.030873000621795654 0.026978999376296997 -0.014766000211238861
v 0.030764000490307808 0.0271029993891716 -0.014777000062167645
v 0.030618000775575638 0.027267999947071075 -0.014839000068604946
v 0.03042300045490265 0.02748499996960163 -0.01502699963748455
v 0.030601000413298607 0.02728700079023838 -0.014848999679088593
v 0.0302910003811121 0.027629999443888664 -0.015286000445485115
v 0.030223999172449112 0.02770400047302246 -0.015596999786794186
v 0.03021799959242344 0.027710000053048134 -0.01572900079190731
v 0.03021799959242344 0.027710000053048134 -0.015930000692605972
v 0.03021799959242344 0.027710000053048134 -0.01603100076317787
v 0.030223999172449112 0.02770400047302246 -0.016170000657439232
v 0.030251000076532364 0.027674000710248947 -0.01634100079536438
v 0.030294999480247498 0.027627000585198402 -0.016488999128341675
v 0.030362000688910484 0.027552999556064606 -0.01664000004529953
v 0.030307000502943993 0.027612999081611633 -0.016759000718593597
v 0.030254999175667763 0.0276699997484684 -0.016925999894738197
v 0.030233999714255333 0.027692999690771103 -0.017031000927090645
v 0.030220000073313713 0.027708999812602997 -0.017179999500513077
v 0.03021799959242344 0.027710000053048134 -0.017318999394774437
v 0.03021799959242344 0.027710000053048134 -0.017489999532699585
v 0.03021799959242344 0.027710000053048134 -0.01783199980854988
v 0.03021799959242344 0.027710000053048134 -0.018515000119805336
v 0.03021799959242344 0.027710000053048134 -0.018039999529719353
v 0.03070100024342537 0.027173999696969986 -0.018515000119805336
v 0.03070100024342537 0.027173999696969986 -0.017829999327659607
v 0.03070100024342537 0.027173999696969986 -0.017487000674009323
v 0.03070100024342537 0.027173999696969986 -0.017315000295639038
v 0.030702000483870506 0.02717299945652485 -0.017208000645041466
v 0.030706999823451042 0.027168000116944313 -0.017170999199151993
v 0.030710000544786453 0.027163999155163765 -0.017155999317765236
v 0.030737999826669693 0.027132999151945114 -0.01708200015127659
v 0.030741000548005104 0.027129000052809715 -0.017076000571250916
v 0.030758000910282135 0.02710999920964241 -0.0170499999076128
v 0.03077699989080429 0.027087999507784843 -0.017028000205755234
v 0.030820999294519424 0.027038000524044037 -0.01699800044298172
v 0.030780000612139702 0.02708500064909458 -0.01702599972486496
v 0.0320109985768795 0.025617999956011772 -0.017000999301671982
v 0.03253600001335144 0.024948999285697937 -0.017000999301671982
v 0.03253600001335144 0.024948999285697937 -0.016279999166727066
v 0.03160800039768219 0.026114000007510185 -0.016279999166727066
v 0.03112800046801567 0.026683999225497246 -0.016279999166727066
v 0.030883999541401863 0.026965999975800514 -0.016279999166727066
v 0.030838999897241592 0.027016999199986458 -0.01627800054848194
v 0.030830999836325645 0.027025999501347542 -0.016276000067591667
v 0.030779000371694565 0.02708600088953972 -0.016249999403953552
v 0.03073599934577942 0.027134999632835388 -0.01619799993932247
v 0.030704999342560768 0.027170000597834587 -0.016126999631524086
v 0.030698999762535095 0.02717600017786026 -0.016103999689221382
v 0.030693000182509422 0.027184000238776207 -0.016054999083280563
v 0.030691999942064285 0.027185000479221344 -0.016023000702261925
v 0.030691999942064285 0.027185000479221344 -0.01597600057721138
v 0.030691999942064285 0.027185000479221344 -0.015790000557899475
v 0.030691999942064285 0.027185000479221344 -0.015744000673294067
v 0.030691999942064285 0.027185000479221344 -0.015716999769210815
v 0.030705999583005905 0.027168000116944313 -0.015633000060915947
v 0.030691999942064285 0.027184000238776207 -0.015714000910520554
v 0.030736999586224556 0.027132999151945114 -0.015564000234007835
v 0.030781999230384827 0.02708199992775917 -0.015513000078499317
v 0.030803000554442406 0.027058999985456467 -0.015499000437557697
v 0.030834000557661057 0.02702300064265728 -0.01548799965530634
v 0.030882999300956726 0.02696800045669079 -0.015484999865293503
v 0.031005000695586205 0.026827000081539154 -0.015484999865293503
v 0.031247999519109726 0.02654399909079075 -0.015484999865293503
v 0.03172500059008598 0.025971999391913414 -0.015484999865293503
v 0.0326480008661747 0.02480199933052063 -0.015484999865293503
v 0.03189999982714653 0.025755999609827995 -0.015484999865293503
v 0.0326480008661747 0.02480199933052063 -0.018515000119805336
v 0.033075001090765 0.024229999631643295 -0.018515000119805336
v 0.04059699922800064 0.0057310000993311405 -0.02035599946975708
v 0.04059699922800064 0.0057310000993311405 -0.0224239993840456
v 0.040445998311042786 0.006719999946653843 -0.020356999710202217
v 0.040389999747276306 0.007048000115901232 -0.0204050000756979
v 0.04035099968314171 0.007267999928444624 -0.02051899954676628
v 0.04032000154256821 0.007437999825924635 -0.02070000022649765
v 0.04029899835586548 0.007546999957412481 -0.02092600055038929
v 0.04028699919581413 0.007613999769091606 -0.021376000717282295
v 0.04029799997806549 0.007555999793112278 -0.021852999925613403
v 0.0403980016708374 0.006998000200837851 -0.022381000220775604
v 0.040380001068115234 0.007104999851435423 -0.022348999977111816
v 0.04036400094628334 0.007195999845862389 -0.02230600081384182
v 0.040359001606702805 0.007222999818623066 -0.02228900045156479
v 0.04032199829816818 0.007426000200212002 -0.022098999470472336
v 0.04057399928569794 0.0058929999358952045 -0.0224239993840456
v 0.040553998202085495 0.006031999830156565 -0.0224239993840456
v 0.04040199890732765 0.006976000033318996 -0.02238599956035614
v 0.04012800008058548 0.008409000001847744 -0.021692000329494476
v 0.040119998157024384 0.008446999825537205 -0.02184700034558773
v 0.040109001100063324 0.008503000251948833 -0.021936999633908272
v 0.040091000497341156 0.008584000170230865 -0.022002000361680984
v 0.040070999413728714 0.008678999729454517 -0.02203500084578991
v 0.04003699868917465 0.008832000195980072 -0.022035999223589897
v 0.04001900181174278 0.008914999663829803 -0.022009000182151794
v 0.040004000067710876 0.00898400042206049 -0.021953999996185303
v 0.03999599814414978 0.009018000215291977 -0.02189899981021881
v 0.03999299928545952 0.00903099961578846 -0.021834999322891235
v 0.03999499976634979 0.009022999554872513 -0.021776000037789345
v 0.040001001209020615 0.008995000272989273 -0.02171899937093258
v 0.040010999888181686 0.008949999697506428 -0.021671000868082047
v 0.040017999708652496 0.008921000175178051 -0.02165300026535988
v 0.04004500061273575 0.008797000162303448 -0.021604999899864197
v 0.040105000138282776 0.008522000163793564 -0.021534999832510948
v 0.040150001645088196 0.008306000381708145 -0.021460000425577164
v 0.04020100086927414 0.008054000325500965 -0.021304000169038773
v 0.04016200080513954 0.00824700016528368 -0.021432999521493912
v 0.04022099822759628 0.007952000014483929 -0.021170999854803085
v 0.04023199900984764 0.00790099985897541 -0.02101000025868416
v 0.04023199900984764 0.00790099985897541 -0.020844999700784683
v 0.040219999849796295 0.007960000075399876 -0.020669000223279
v 0.04019799828529358 0.008069000206887722 -0.020526999607682228
v 0.040167998522520065 0.008218999952077866 -0.020424000918865204
v 0.040112998336553574 0.008484000340104103 -0.020343000069260597
v 0.04005799815058708 0.008736999705433846 -0.02032499946653843
v 0.04010400176048279 0.0085249999538064 -0.020337000489234924
v 0.04010799899697304 0.00850600004196167 -0.020339999347925186
v 0.03999499976634979 0.00902200024574995 -0.02034500055015087
v 0.03993599861860275 0.009278999641537666 -0.02042900025844574
v 0.03998199850320816 0.009078999981284142 -0.020356999710202217
v 0.039896998554468155 0.009446999989449978 -0.020566999912261963
v 0.03987500071525574 0.009538000449538231 -0.020728999748826027
v 0.03986300155520439 0.009588000364601612 -0.020941000431776047
v 0.03999999910593033 0.008999999612569809 -0.020976999774575233
v 0.04000899940729141 0.008960999548435211 -0.02084900066256523
v 0.040077000856399536 0.008652999997138977 -0.020708000287413597
v 0.04006100073456764 0.008724999614059925 -0.02070700004696846
v 0.040056999772787094 0.00874400045722723 -0.020709000527858734
v 0.04003399983048439 0.008845999836921692 -0.020735999569296837
v 0.04001900181174278 0.008913000114262104 -0.020781999453902245
v 0.04010099917650223 0.008539999835193157 -0.020742999389767647
v 0.04008999839425087 0.008592000231146812 -0.020718999207019806
v 0.04008900001645088 0.008596000261604786 -0.020718000829219818
v 0.04010999947786331 0.008497999981045723 -0.02078299969434738
v 0.04011499881744385 0.008473999798297882 -0.02088800072669983
v 0.04011499881744385 0.008472000248730183 -0.020873000845313072
v 0.04011499881744385 0.008472000248730183 -0.02087000012397766
v 0.04011400043964386 0.008477999828755856 -0.020824000239372253
v 0.04010999947786331 0.00849399995058775 -0.020930999889969826
v 0.04011400043964386 0.008477999828755856 -0.02090200036764145
v 0.040105000138282776 0.00851800013333559 -0.020955000072717667
v 0.040098000317811966 0.008553000167012215 -0.020976999774575233
v 0.04005799815058708 0.00873900018632412 -0.021033000200986862
v 0.04003800079226494 0.008826999925076962 -0.021052999421954155
v 0.03995899856090546 0.009181000292301178 -0.02115499973297119
v 0.0399090014398098 0.00939599983394146 -0.021260999143123627
v 0.03989800065755844 0.009442999958992004 -0.021296000108122826
v 0.03986499831080437 0.009580000303685665 -0.021459000185132027
v 0.03985099866986275 0.009639999829232693 -0.02163200080394745
v 0.03984899818897247 0.00964600034058094 -0.02182300016283989
v 0.03986300155520439 0.009587000124156475 -0.022034000605344772
v 0.03989199921488762 0.009465999901294708 -0.022213000804185867
v 0.03993399813771248 0.009286999702453613 -0.02234799973666668
v 0.04006199911236763 0.00872000027447939 -0.02245499938726425
v 0.04010400176048279 0.0085230004042387 -0.022443000227212906
v 0.04014499858021736 0.008328000083565712 -0.022406000643968582
v 0.04018700122833252 0.008125999942421913 -0.022319000214338303
v 0.04021799936890602 0.007966999895870686 -0.022160999476909637
v 0.040240999311208725 0.007853999733924866 -0.021928999572992325
v 0.040247999131679535 0.007817000150680542 -0.021730000153183937
v 0.03959599882364273 0.010635999962687492 -0.021882999688386917
v 0.03959599882364273 0.010635999962687492 -0.021422000601887703
v 0.039806999266147614 0.009820000268518925 -0.021882999688386917
v 0.039806999266147614 0.009820000268518925 -0.021422000601887703
v 0.03856100142002106 0.013930999673902988 -0.021316999569535255
v 0.03849999979138374 0.0140990000218153 -0.02144099958240986
v 0.038465000689029694 0.01419300027191639 -0.021584000438451767
v 0.0384490005671978 0.01423799991607666 -0.021750999614596367
v 0.038451001048088074 0.014232000336050987 -0.0219310000538826
v 0.038474999368190765 0.014166000299155712 -0.022122999653220177
v 0.03847699984908104 0.014161000028252602 -0.02213199995458126
v 0.038495998829603195 0.014108999632298946 -0.022213000804185867
v 0.038516998291015625 0.014050000347197056 -0.022278999909758568
v 0.0385189987719059 0.014045000076293945 -0.022283999249339104
v 0.03857899829745293 0.013880000449717045 -0.022384999319911003
v 0.03868899866938591 0.013570000417530537 -0.022451000288128853
v 0.03883200138807297 0.013156999833881855 -0.022432999685406685
v 0.03890100121498108 0.01295000035315752 -0.022367000579833984
v 0.03895900025963783 0.012775000184774399 -0.02222999930381775
v 0.03899100050330162 0.012676999904215336 -0.022060999646782875
v 0.03900400176644325 0.012636000290513039 -0.02187100052833557
v 0.03899899870157242 0.012652000412344933 -0.02165899984538555
v 0.03897999972105026 0.012710999697446823 -0.021516000851988792
v 0.0389459989964962 0.01281300000846386 -0.02140199951827526
v 0.03889700025320053 0.01296200044453144 -0.021316999569535255
v 0.038950998336076736 0.012799999676644802 -0.021189000457525253
v 0.03897500038146973 0.012726999819278717 -0.021062999963760376
v 0.0389849990606308 0.012695999816060066 -0.020919999107718468
v 0.03898100182414055 0.012707999907433987 -0.020757999271154404
v 0.038957998156547546 0.012776000425219536 -0.020602000877261162
v 0.03891599923372269 0.012907000258564949 -0.020468000322580338
v 0.03885899856686592 0.013074999675154686 -0.02037700079381466
v 0.038756001740694046 0.013377999886870384 -0.02032499946653843
v 0.03861900046467781 0.013768999837338924 -0.020368000492453575
v 0.03855400159955025 0.013949999585747719 -0.02044999971985817
v 0.03850099816918373 0.014096000231802464 -0.020594000816345215
v 0.03847699984908104 0.014162000268697739 -0.020733999088406563
v 0.03846900165081024 0.014182000420987606 -0.020888999104499817
v 0.03848100081086159 0.014150000177323818 -0.02105499990284443
v 0.03850900009274483 0.014073999598622322 -0.021188000217080116
v 0.038081999868154526 0.015190999954938889 -0.021882999688386917
v 0.038081999868154526 0.015190999954938889 -0.021422000601887703
v 0.03838599845767021 0.014405000023543835 -0.021882999688386917
v 0.03838599845767021 0.014405000023543835 -0.021422000601887703
v 0.03468799963593483 0.02185700088739395 -0.02107200026512146
v 0.03468799963593483 0.02185700088739395 -0.02035599946975708
v 0.03430100157856941 0.0224590003490448 -0.02107200026512146
v 0.03430100157856941 0.0224590003490448 -0.02035599946975708
v 0.033991001546382904 0.022926999256014824 -0.02035599946975708
v 0.033948998898267746 0.022988999262452126 -0.02035599946975708
v 0.033948998898267746 0.022988999262452126 -0.0224239993840456
v 0.03430100157856941 0.0224590003490448 -0.0224239993840456
v 0.033991001546382904 0.022926999256014824 -0.0224239993840456
v 0.03430100157856941 0.0224590003490448 -0.021580999717116356
v 0.03468799963593483 0.02185700088739395 -0.021580999717116356
v 0.03468799963593483 0.02185700088739395 -0.0224239993840456
v 0.035023000091314316 0.02131599932909012 -0.0224239993840456
v 0.035023000091314316 0.02131599932909012 -0.02035599946975708
v 0.03371499851346016 0.023329999297857285 -0.02035599946975708
v 0.03371499851346016 0.023329999297857285 -0.0224239993840456
v 0.03308599814772606 0.02421499975025654 -0.020361000671982765
v 0.032896000891923904 0.024470999836921692 -0.020431000739336014
v 0.03275800123810768 0.02465599961578846 -0.020586000755429268
v 0.03266900032758713 0.02477400004863739 -0.02079099975526333
v 0.03263299912214279 0.024819999933242798 -0.021873999387025833
v 0.032611001282930374 0.02484999969601631 -0.02173900045454502
v 0.03260999917984009 0.02485099993646145 -0.021731000393629074
v 0.03260599821805954 0.02485699951648712 -0.02112399972975254
v 0.03277900069952011 0.02462800033390522 -0.02222299948334694
v 0.03266900032758713 0.024772999808192253 -0.02199999988079071
v 0.03266400098800659 0.024779999628663063 -0.021984999999403954
v 0.03289699926972389 0.024469999596476555 -0.02234400063753128
v 0.0329039990901947 0.024460000917315483 -0.022348999977111816
v 0.032969001680612564 0.024373000487685204 -0.022381000220775604
v 0.03311299905180931 0.024178000167012215 -0.022420000284910202
v 0.03311799839138985 0.024170000106096268 -0.02242100052535534
v 0.03209500014781952 0.025513000786304474 -0.021692000329494476
v 0.03207100182771683 0.025544000789523125 -0.02184700034558773
v 0.03203500062227249 0.02558800019323826 -0.021936999633908272
v 0.03198299929499626 0.02565300092101097 -0.022002000361680984
v 0.031922001391649246 0.025729000568389893 -0.02203500084578991
v 0.03182400017976761 0.025849999859929085 -0.022035999223589897
v 0.031769998371601105 0.025916000828146935 -0.022009000182151794
v 0.03172599896788597 0.025970999151468277 -0.021953999996185303
v 0.03170400112867355 0.02599800005555153 -0.02189899981021881
v 0.03169500082731247 0.02600800059735775 -0.021834999322891235
v 0.031700000166893005 0.026001999154686928 -0.021776000037789345
v 0.03171800076961517 0.02597999945282936 -0.02171899937093258
v 0.0317469984292984 0.025944000110030174 -0.021671000868082047
v 0.03176699951291084 0.02592100016772747 -0.02165300026535988
v 0.03184700012207031 0.025822000578045845 -0.021604999899864197
v 0.03215999901294708 0.02543099969625473 -0.021460000425577164
v 0.032319001853466034 0.02522899955511093 -0.021304000169038773
v 0.032196998596191406 0.02538299933075905 -0.021432999521493912
v 0.03238299861550331 0.025147000327706337 -0.021170999854803085
v 0.0324149988591671 0.025104999542236328 -0.02101000025868416
v 0.0324149988591671 0.025104999542236328 -0.020844999700784683
v 0.032377999275922775 0.02515299990773201 -0.020669000223279
v 0.03231000155210495 0.02524000033736229 -0.020526999607682228
v 0.032214999198913574 0.02536099962890148 -0.020424000918865204
v 0.03204699978232384 0.0255730003118515 -0.020343000069260597
v 0.03203300014138222 0.025590000674128532 -0.020339999347925186
v 0.03188500180840492 0.0257750004529953 -0.02032499946653843
v 0.03170099854469299 0.02600100077688694 -0.02034500055015087
v 0.031532999128103256 0.026204999536275864 -0.02042900025844574
v 0.03166399896144867 0.02604600042104721 -0.020356999710202217
v 0.031422000378370285 0.026336999610066414 -0.020566999912261963
v 0.03136200085282326 0.026409000158309937 -0.020728999748826027
v 0.03132899850606918 0.026448000222444534 -0.020941000431776047
v 0.03171499818563461 0.02598400041460991 -0.020976999774575233
v 0.03174100071191788 0.025953000411391258 -0.02084900066256523
v 0.03193899989128113 0.025707999244332314 -0.020708000287413597
v 0.03189300000667572 0.02576499991118908 -0.02070700004696846
v 0.03187999874353409 0.025781000033020973 -0.020709000527858734
v 0.031814999878406525 0.025861000642180443 -0.020735999569296837
v 0.03177100047469139 0.025915000587701797 -0.020781999453902245
v 0.0320109985768795 0.025617999956011772 -0.020742999389767647
v 0.031977999955415726 0.025659000501036644 -0.020718999207019806
v 0.03197599947452545 0.025661999359726906 -0.020718000829219818
v 0.03203799948096275 0.02558399923145771 -0.02078299969434738
v 0.03205399960279465 0.025565000250935555 -0.02088800072669983
v 0.032055001705884933 0.02556299977004528 -0.020873000845313072
v 0.032055001705884933 0.02556299977004528 -0.02087000012397766
v 0.032051000744104385 0.025567999109625816 -0.020824000239372253
v 0.032040998339653015 0.02558100037276745 -0.020930999889969826
v 0.032051000744104385 0.025567999109625816 -0.02090200036764145
v 0.03202600032091141 0.025599999353289604 -0.020955000072717667
v 0.032003000378608704 0.025628000497817993 -0.020976999774575233
v 0.031883999705314636 0.025776000693440437 -0.021033000200986862
v 0.03182699903845787 0.025846000760793686 -0.021052999421954155
v 0.03159699961543083 0.026126999408006668 -0.02115499973297119
v 0.03145600110292435 0.02629699930548668 -0.021260999143123627
v 0.03142499923706055 0.026334000751376152 -0.021296000108122826
v 0.03133400157094002 0.02644200064241886 -0.021459000185132027
v 0.031293999403715134 0.026489000767469406 -0.02163200080394745
v 0.031289998441934586 0.026494000107049942 -0.02182300016283989
v 0.03133000060915947 0.026446999981999397 -0.022034000605344772
v 0.03141000121831894 0.02635199949145317 -0.022213000804185867
v 0.03152799978852272 0.026210999116301537 -0.02234799973666668
v 0.03189599886536598 0.02576100081205368 -0.02245499938726425
v 0.03214599937200546 0.02544800005853176 -0.022406000643968582
v 0.032274000346660614 0.025286000221967697 -0.022319000214338303
v 0.03237299993634224 0.025158999487757683 -0.022160999476909637
v 0.032444000244140625 0.025066999718546867 -0.021928999572992325
v 0.03246700018644333 0.025036999955773354 -0.021730000153183937
v 0.030579999089241028 0.027310000732541084 -0.0203699991106987
v 0.030458999797701836 0.027444999665021896 -0.020402999594807625
v 0.030352000147104263 0.027564000338315964 -0.02049100026488304
v 0.03027000091969967 0.027653999626636505 -0.020635999739170074
v 0.03022800013422966 0.027699999511241913 -0.020793000236153603
v 0.03022100031375885 0.027706999331712723 -0.020989999175071716
v 0.030257999897003174 0.027667000889778137 -0.02116600051522255
v 0.030333999544382095 0.02758299931883812 -0.02131900005042553
v 0.030579999089241028 0.027310000732541084 -0.021462999284267426
v 0.030433999374508858 0.027473000809550285 -0.02141599915921688
v 0.030700000002980232 0.02717600017786026 -0.021431999281048775
v 0.03080499917268753 0.027055999264121056 -0.021344000473618507
v 0.030886000022292137 0.02696399949491024 -0.021201999858021736
v 0.030928000807762146 0.02691599912941456 -0.021043000742793083
v 0.030935000628232956 0.02690800093114376 -0.020847000181674957
v 0.030899999663233757 0.026947999373078346 -0.02067199908196926
v 0.030827000737190247 0.027031000703573227 -0.020517999306321144
v 0.030727999284863472 0.027143999934196472 -0.02041899971663952
v 0.030612999573349953 0.02727299928665161 -0.02037299983203411
v 0.03021799959242344 0.027710000053048134 -0.026996999979019165
v 0.03021799959242344 0.027710000053048134 -0.026554999873042107
v 0.03044999949634075 0.027456000447273254 -0.02700600028038025
v 0.030664000660181046 0.027216000482439995 -0.027127999812364578
v 0.030838999897241592 0.027017999440431595 -0.02734999917447567
v 0.03095399960875511 0.026885999366641045 -0.027645999565720558
v 0.03098299913108349 0.02685300074517727 -0.027792999520897865
v 0.030415000393986702 0.027494000270962715 -0.027792999520897865
v 0.030415000393986702 0.027494000270962715 -0.02823299914598465
v 0.03098299913108349 0.02685300074517727 -0.02823299914598465
v 0.030897999182343483 0.02694999985396862 -0.028551999479532242
v 0.030748000368475914 0.02712099999189377 -0.02881000004708767
v 0.03054800070822239 0.02734600007534027 -0.028978999704122543
v 0.030321000143885612 0.027597999200224876 -0.02903899922966957
v 0.03021799959242344 0.027710000053048134 -0.029028000310063362
v 0.03021799959242344 0.027710000053048134 -0.029471000656485558
v 0.03054800070822239 0.027347000315785408 -0.029438000172376633
v 0.03084699995815754 0.027008000761270523 -0.02924400009214878
v 0.031084999442100525 0.02673500031232834 -0.02891100011765957
v 0.031235000118613243 0.026558000594377518 -0.028477000072598457
v 0.03128400072455406 0.026500999927520752 -0.027991000562906265
v 0.03122599981725216 0.026569999754428864 -0.027506999671459198
v 0.03106600046157837 0.02675599977374077 -0.027079999446868896
v 0.03082199953496456 0.0270370002835989 -0.026758000254631042
v 0.030517999082803726 0.027379000559449196 -0.02657799981534481
v 0.03184499964118004 0.02582399919629097 -0.026996999979019165
v 0.03184499964118004 0.02582399919629097 -0.026554999873042107
v 0.03206099942326546 0.02555599994957447 -0.02700600028038025
v 0.03226099908351898 0.025303000584244728 -0.027127999812364578
v 0.032423000782728195 0.025095000863075256 -0.02734999917447567
v 0.03252999857068062 0.024955999106168747 -0.027646999806165695
v 0.03257099911570549 0.02490299940109253 -0.027984000742435455
v 0.032540999352931976 0.02494099922478199 -0.028325999155640602
v 0.032444000244140625 0.025066999718546867 -0.028630999848246574
v 0.03229000046849251 0.025265000760555267 -0.028867000713944435
v 0.03209500014781952 0.025512000545859337 -0.029007000848650932
v 0.031881000846624374 0.025779999792575836 -0.029035000130534172
v 0.03184499964118004 0.02582399919629097 -0.029028000310063362
v 0.03184499964118004 0.02582399919629097 -0.029471000656485558
v 0.032152000814676285 0.02544100023806095 -0.029438000172376633
v 0.03243099898099899 0.025085000321269035 -0.02924400009214878
v 0.03265099972486496 0.024796999990940094 -0.02891100011765957
v 0.03279099985957146 0.024612000212073326 -0.028477000072598457
v 0.03283600136637688 0.0245520006865263 -0.027991000562906265
v 0.03278199955821037 0.024623999372124672 -0.027506999671459198
v 0.03263400122523308 0.024819999933242798 -0.027079999446868896
v 0.0324070006608963 0.02511500008404255 -0.026758000254631042
v 0.03212499991059303 0.025474999099969864 -0.02657799981534481
v 0.03953000158071518 0.010882000438869 -0.020875999704003334
v 0.03949899971485138 0.010991999879479408 -0.020627999678254128
v 0.03945999965071678 0.011130999773740768 -0.020486999303102493
v 0.039409998804330826 0.01130599994212389 -0.02040099911391735
v 0.03931400179862976 0.011634999886155128 -0.020356999710202217
v 0.0392020009458065 0.012006999924778938 -0.020407000556588173
v 0.03915699943900108 0.012153999879956245 -0.020481999963521957
v 0.03912099823355675 0.012268999591469765 -0.02060299925506115
v 0.03909999877214432 0.01233499962836504 -0.020757999271154404
v 0.03909999877214432 0.012335999868810177 -0.020762000232934952
v 0.039096999913454056 0.012346000410616398 -0.020840000361204147
v 0.039096999913454056 0.01234500017017126 -0.020899999886751175
v 0.039110999554395676 0.012303000316023827 -0.02106199972331524
v 0.039096999913454056 0.01234500017017126 -0.020904000848531723
v 0.039135001599788666 0.012223999947309494 -0.021174000576138496
v 0.0391790010035038 0.012082000263035297 -0.021284999325871468
v 0.039128001779317856 0.012248000130057335 -0.02135000005364418
v 0.039094001054763794 0.01235399954020977 -0.02144699916243553
v 0.039073001593351364 0.012423000298440456 -0.021575000137090683
v 0.03906499966979027 0.01244799979031086 -0.021714000031352043
v 0.03907199949026108 0.012426000088453293 -0.021932000294327736
v 0.03909999877214432 0.012338000349700451 -0.022129999473690987
v 0.039149001240730286 0.012179999612271786 -0.022292999550700188
v 0.03933100029826164 0.0115769999101758 -0.02242100052535534
v 0.039246998727321625 0.011859999969601631 -0.022412000223994255
v 0.0392099991440773 0.011982000432908535 -0.02238599956035614
v 0.03920400142669678 0.012002999894320965 -0.022379999980330467
v 0.03947100043296814 0.011092999950051308 -0.022262999787926674
v 0.03945000097155571 0.011164999566972256 -0.022314000874757767
v 0.03944600000977516 0.01118099968880415 -0.0223229993134737
v 0.039361000061035156 0.011477000080049038 -0.022413000464439392
v 0.03952300176024437 0.010904000140726566 -0.022007999941706657
v 0.03949199989438057 0.011017000302672386 -0.022189000621438026
v 0.03948900103569031 0.011029999703168869 -0.022203000262379646
v 0.03953799977898598 0.010851999744772911 -0.02186400070786476
v 0.03938699886202812 0.011386999860405922 -0.0217909999191761
v 0.0393729992210865 0.011436999775469303 -0.021949000656604767
v 0.03935899958014488 0.01148299966007471 -0.022016000002622604
v 0.039340000599622726 0.011548999696969986 -0.022061999887228012
v 0.03931799903512001 0.011621999554336071 -0.022081999108195305
v 0.03929299861192703 0.011707999743521214 -0.02208000048995018
v 0.03926999866962433 0.01178400032222271 -0.022052999585866928
v 0.03925099968910217 0.011846999637782574 -0.022002000361680984
v 0.03923700004816055 0.011893000453710556 -0.021927999332547188
v 0.03923000022768974 0.01191600039601326 -0.021842999383807182
v 0.03923200070858002 0.011909999884665012 -0.021696999669075012
v 0.0392410010099411 0.011880000121891499 -0.021617000922560692
v 0.03925799950957298 0.011824999935925007 -0.021553000435233116
v 0.039278000593185425 0.011757999658584595 -0.021515000611543655
v 0.03930699825286865 0.011660000309348106 -0.021498000249266624
v 0.039361000061035156 0.011475999839603901 -0.021530000492930412
v 0.03935299813747406 0.011502999812364578 -0.02112100087106228
v 0.03946999832987785 0.011606000363826752 -0.02112800069153309
v 0.03933500126004219 0.011566000059247017 -0.02112800069153309
v 0.039462000131607056 0.011632000096142292 -0.02112700045108795
v 0.039326999336481094 0.011591999791562557 -0.02112700045108795
v 0.0393030010163784 0.01167299970984459 -0.021107999607920647
v 0.0393109992146492 0.01164500042796135 -0.021118000149726868
v 0.03931500017642975 0.011633999645709991 -0.02112100087106228
v 0.03928999975323677 0.01171599980443716 -0.021083999425172806
v 0.03927300125360489 0.011772999539971352 -0.021028000861406326
v 0.039264000952243805 0.011806000024080276 -0.02096400037407875
v 0.039260998368263245 0.011815999634563923 -0.020891999825835228
v 0.039264000952243805 0.01180499978363514 -0.020819000899791718
v 0.0392719991505146 0.011776999570429325 -0.02076599933207035
v 0.03927399963140488 0.011769999749958515 -0.020757000893354416
v 0.039285000413656235 0.011734999716281891 -0.020726000890135765
v 0.03929999843239784 0.01168300025165081 -0.02070399932563305
v 0.03932499885559082 0.011598000302910805 -0.02069699950516224
v 0.03934599831700325 0.011528000235557556 -0.02071399986743927
v 0.03936399891972542 0.011467999778687954 -0.020757000893354416
v 0.039374999701976776 0.011429999954998493 -0.02081199921667576
v 0.03938499838113785 0.01139300037175417 -0.020934000611305237
v 0.03938699886202812 0.011386999860405922 -0.02097400091588497
v 0.03673600032925606 0.018206000328063965 -0.02033800072968006
v 0.03656100109219551 0.01855500042438507 -0.020980000495910645
v 0.03639499843120575 0.0188790000975132 -0.02033800072968006
v 0.03607200086116791 0.019488999620079994 -0.02033800072968006
v 0.03637399896979332 0.018919000402092934 -0.021347999572753906
v 0.03604099899530411 0.019545000046491623 -0.0224239993840456
v 0.03638000041246414 0.01890699937939644 -0.0224239993840456
v 0.036566998809576035 0.018542999401688576 -0.021754000335931778
v 0.03674999997019768 0.018177999183535576 -0.0224239993840456
v 0.037349000573158264 0.01691400073468685 -0.0224239993840456
v 0.03739200159907341 0.016818000003695488 -0.02208700031042099
v 0.03768699988722801 0.01614600047469139 -0.02208700031042099
v 0.0377269983291626 0.016050999984145164 -0.0224239993840456
v 0.037980999797582626 0.015441999770700932 -0.0224239993840456
v 0.037741001695394516 0.016019999980926514 -0.0224239993840456
v 0.037741001695394516 0.016019999980926514 -0.020733000710606575
v 0.037682998925447464 0.016155000776052475 -0.02033800072968006
v 0.037393998354673386 0.016812000423669815 -0.02033800072968006
v 0.03675200045108795 0.018175000324845314 -0.021337000653147697
v 0.03703700006008148 0.01758600026369095 -0.02033800072968006
v 0.03562000021338463 0.020301999524235725 -0.0224239993840456
v 0.03562000021338463 0.020301999524235725 -0.02033800072968006
v 0.035934001207351685 0.019742000848054886 -0.0224239993840456
v 0.035934001207351685 0.019742000848054886 -0.02033800072968006
v 0.036720000207424164 -0.01823900081217289 -0.02098900079727173
v 0.036715999245643616 -0.0182460006326437 -0.020997000858187675
v 0.03671199828386307 -0.018254999071359634 -0.021000999957323074
v 0.03670699894428253 -0.018264999613165855 -0.02100200019776821
v 0.03670100122690201 -0.018276000395417213 -0.0209989994764328
v 0.036695998162031174 -0.018286999315023422 -0.02099199965596199
v 0.0366940014064312 -0.01829100027680397 -0.020987000316381454
v 0.036692000925540924 -0.01829499937593937 -0.02098100073635578
v 0.03669000044465065 -0.01829800009727478 -0.020968999713659286
v 0.03669099882245064 -0.01829800009727478 -0.02095399983227253
v 0.036699000746011734 -0.018279999494552612 -0.02088800072669983
v 0.03673499822616577 -0.018208999186754227 -0.020625000819563866
v 0.0368180014193058 -0.018039999529719353 -0.019533999264240265
v 0.03679800033569336 -0.018081000074744225 -0.018290000036358833
v 0.036747999489307404 -0.01818300038576126 -0.01775999926030636
v 0.036616001278162 -0.01844700053334236 -0.01693600043654442
v 0.036545999348163605 -0.018585000187158585 -0.016634000465273857
v 0.03640599921345711 -0.01885800063610077 -0.016140999272465706
v 0.03620800003409386 -0.019235000014305115 -0.015513000078499317
v 0.03596699982881546 -0.019680999219417572 -0.014763999730348587
v 0.035509999841451645 -0.020495999604463577 -0.013748999685049057
v 0.03541500121355057 -0.02065899968147278 -0.013577999547123909
v 0.03487600013613701 -0.021556999534368515 -0.012790000066161156
v 0.03477400168776512 -0.021719999611377716 -0.012671999633312225
v 0.03448500111699104 -0.022175999358296394 -0.012369000352919102
v 0.03404900059103966 -0.022840000689029694 -0.011997999623417854
v 0.0334319993853569 -0.023733999580144882 -0.011634999886155128
v 0.03175099939107895 -0.025939999148249626 -0.011284999549388885
v 0.031745001673698425 -0.025947000831365585 -0.01129399985074997
v 0.031741999089717865 -0.025950999930500984 -0.01130400039255619
v 0.03174100071191788 -0.02595200017094612 -0.011315000243484974
v 0.031741999089717865 -0.025950999930500984 -0.011327000334858894
v 0.03174600005149841 -0.02594600059092045 -0.01133699994534254
v 0.031752001494169235 -0.02593900077044964 -0.01134399976581335
v 0.03176100179553032 -0.025926999747753143 -0.011350000277161598
v 0.03177399933338165 -0.025911999866366386 -0.011351999826729298
v 0.032634999603033066 -0.024817999452352524 -0.011385999619960785
v 0.03200000151991844 -0.025630999356508255 -0.011216999962925911
v 0.03187299892306328 -0.02578900009393692 -0.011246999725699425
v 0.03177899867296219 -0.025905000045895576 -0.011269999668002129
v 0.03177500143647194 -0.025909999385476112 -0.011270999908447266
v 0.03177100047469139 -0.025916000828146935 -0.011272000148892403
v 0.03176200017333031 -0.025925999507308006 -0.011276000179350376
v 0.032993000000715256 -0.02434000000357628 -0.01105900015681982
v 0.0329740010201931 -0.02436700090765953 -0.011060000397264957
v 0.03225800022482872 -0.025306999683380127 -0.011157999746501446
v 0.033383000642061234 -0.023802999407052994 -0.011052999645471573
v 0.03336799889802933 -0.023823000490665436 -0.011052999645471573
v 0.033362001180648804 -0.02383200079202652 -0.011052999645471573
v 0.0330130010843277 -0.024312999099493027 -0.011057999916374683
v 0.03658200055360794 -0.0185139998793602 -0.013492000289261341
v 0.036403998732566833 -0.018861999735236168 -0.013079999946057796
v 0.033642999827861786 -0.023432999849319458 -0.011068999767303467
v 0.034641001373529434 -0.021932000294327736 -0.011297999881207943
v 0.03477000072598457 -0.02172599919140339 -0.011358000338077545
v 0.035319000482559204 -0.02082199975848198 -0.011687999591231346
v 0.03487300127744675 -0.021561000496149063 -0.011411000043153763
v 0.035898998379707336 -0.019804999232292175 -0.012253999710083008
v 0.03589300066232681 -0.01981700025498867 -0.01224599964916706
v 0.03589100018143654 -0.019819000735878944 -0.012244000099599361
v 0.03588499873876572 -0.01983099989593029 -0.012236000038683414
v 0.035610001534223557 -0.020320000126957893 -0.011935999616980553
v 0.03591199964284897 -0.01978199928998947 -0.012271000072360039
v 0.035962000489234924 -0.019690999761223793 -0.01233999989926815
v 0.0361579991877079 -0.019329000264406204 -0.012625000439584255
v 0.036660000681877136 -0.018358999863266945 -0.013717000372707844
v 0.03668700158596039 -0.018303999677300453 -0.013830999843776226
v 0.03671500086784363 -0.018247999250888824 -0.013975000008940697
v 0.03704800084233284 -0.017562000080943108 -0.01686899922788143
v 0.03701300173997879 -0.017635999247431755 -0.016217999160289764
v 0.03683299943804741 -0.01800999976694584 -0.014632999897003174
v 0.036740999668836594 -0.018194999545812607 -0.01410400029271841
v 0.03704800084233284 -0.017563000321388245 -0.018404999747872353
v 0.036952000111341476 -0.017764000222086906 -0.01972999982535839
v 0.03677000105381012 -0.01813800074160099 -0.020781999453902245
v 0.0357699990272522 -0.020036999136209488 -0.023593999445438385
v 0.0357850007712841 -0.02001200057566166 -0.023587999865412712
v 0.036031998693943024 -0.019562000408768654 -0.023455999791622162
v 0.03683599829673767 -0.01800299994647503 -0.02269499935209751
v 0.03686799854040146 -0.017937999218702316 -0.022652000188827515
v 0.03694700077176094 -0.017774000763893127 -0.022544000297784805
v 0.03702399879693985 -0.01761299930512905 -0.022430000826716423
v 0.03717200085520744 -0.017299000173807144 -0.02219099923968315
v 0.0376800000667572 -0.016161000356078148 -0.021118000149726868
v 0.037703998386859894 -0.016106000170111656 -0.02105499990284443
v 0.03779299929738045 -0.015897000208497047 -0.02081800065934658
v 0.03780699893832207 -0.01586199924349785 -0.020723000168800354
v 0.03786600008606911 -0.015720000490546227 -0.020100999623537064
v 0.03789699822664261 -0.01564599946141243 -0.0196090005338192
v 0.03790599852800369 -0.015625 -0.019393999129533768
v 0.03791800141334534 -0.015595999546349049 -0.018070999532938004
v 0.03790700063109398 -0.0156230004504323 -0.017565999180078506
v 0.03790200129151344 -0.015634000301361084 -0.017441000789403915
v 0.03788900002837181 -0.015666000545024872 -0.017190000042319298
v 0.037856001406908035 -0.015745000913739204 -0.01669199950993061
v 0.037748999893665314 -0.01600099913775921 -0.01571900025010109
v 0.03759700059890747 -0.016354000195860863 -0.014783999882638454
v 0.03755199909210205 -0.016457999125123024 -0.014557999558746815
v 0.03754099830985069 -0.016482999548316002 -0.014500999823212624
v 0.03751799836754799 -0.016534000635147095 -0.014387999661266804
v 0.03746899962425232 -0.016644999384880066 -0.014166000299155712
v 0.03724699839949608 -0.017136000096797943 -0.013310999609529972
v 0.03558000177145004 -0.02037299983203411 -0.009835000149905682
v 0.03635599836707115 -0.018953999504446983 -0.01105399988591671
v 0.036990001797676086 -0.017684999853372574 -0.012501000426709652
v 0.035367000848054886 -0.020741000771522522 -0.009564000181853771
v 0.0353580005466938 -0.020757000893354416 -0.009553000330924988
v 0.03534799814224243 -0.02077299915254116 -0.009542999789118767
v 0.03534499928355217 -0.020779000595211983 -0.009541000239551067
v 0.035339001566171646 -0.020788000896573067 -0.009538999758660793
v 0.03533000126481056 -0.020803000777959824 -0.009541000239551067
v 0.03532399982213974 -0.020812999457120895 -0.009545999579131603
v 0.03531999886035919 -0.020820999518036842 -0.009554999880492687
v 0.03531700000166893 -0.02082500047981739 -0.00956599973142147
v 0.03532399982213974 -0.020812999457120895 -0.009616999886929989
v 0.035319000482559204 -0.02082199975848198 -0.009603000245988369
v 0.03531600162386894 -0.020826999098062515 -0.009584000334143639
v 0.03533099964261055 -0.020802000537514687 -0.00962899997830391
v 0.035333000123500824 -0.020798999816179276 -0.009631999768316746
v 0.03533399850130081 -0.020796999335289 -0.009634999558329582
v 0.035339001566171646 -0.020788999274373055 -0.00964299961924553
v 0.035342998802661896 -0.020780999213457108 -0.009650999680161476
v 0.03535199910402298 -0.02076599933207035 -0.009665999561548233
v 0.03536999970674515 -0.020735999569296837 -0.009697999805212021
v 0.0354049988090992 -0.02067600004374981 -0.00976100005209446
v 0.035475000739097595 -0.020555000752210617 -0.0098860003054142
v 0.035613998770713806 -0.020313000306487083 -0.01013800036162138
v 0.03587599843740463 -0.01984800025820732 -0.01067500002682209
v 0.036329999566078186 -0.019003000110387802 -0.011837000027298927
v 0.03664200007915497 -0.018394000828266144 -0.012900999747216702
v 0.03689299896359444 -0.017885999754071236 -0.014081000350415707
v 0.036965999752283096 -0.017734000459313393 -0.01451599970459938
v 0.03711700066924095 -0.017416000366210938 -0.01584799960255623
v 0.03715499863028526 -0.01733499951660633 -0.016465000808238983
v 0.03717700019478798 -0.017287999391555786 -0.0175160001963377
v 0.037161000072956085 -0.017322000116109848 -0.018281999975442886
v 0.037151999771595 -0.017340999096632004 -0.01847199909389019
v 0.037129998207092285 -0.01738799922168255 -0.018851999193429947
v 0.037101998925209045 -0.017448000609874725 -0.019229000434279442
v 0.03708599880337715 -0.017481999471783638 -0.01941699907183647
v 0.03705500066280365 -0.01754700019955635 -0.019686000421643257
v 0.0368800014257431 -0.017913000658154488 -0.020705999806523323
v 0.03684300184249878 -0.01798900030553341 -0.020860999822616577
v 0.03675900027155876 -0.018161000683903694 -0.02119399979710579
v 0.036660999059677124 -0.01835699938237667 -0.021508000791072845
v 0.03643200173974037 -0.018806999549269676 -0.02208399958908558
v 0.036364998668432236 -0.018936999142169952 -0.022275999188423157
v 0.03593999892473221 -0.01972999982535839 -0.023225000128149986
v 0.03579200059175491 -0.01999799907207489 -0.023454999551177025
v 0.0357539989054203 -0.020066000521183014 -0.023514000698924065
v 0.03574899956583977 -0.020075999200344086 -0.023531999439001083
v 0.035746000707149506 -0.020080000162124634 -0.023552000522613525
v 0.03574699908494949 -0.020080000162124634 -0.023561999201774597
v 0.03574699908494949 -0.020078999921679497 -0.023567000404000282
v 0.03574899956583977 -0.020075000822544098 -0.02357799932360649
v 0.035753000527620316 -0.02006700076162815 -0.023585999384522438
v 0.03575899824500084 -0.020058000460267067 -0.02359200082719326
v 0.03181599825620651 -0.025860000401735306 -0.022531000897288322
v 0.03553500026464462 -0.020733999088406563 -0.026100000366568565
v 0.035413000732660294 -0.02066200040280819 -0.026100000366568565
v 0.03490100055932999 -0.021515000611543655 -0.025969000533223152
v 0.03476699814200401 -0.02173200063407421 -0.02592100016772747
v 0.03405199944972992 -0.02283499948680401 -0.02553199976682663
v 0.03388100117444992 -0.023088999092578888 -0.025404000654816628
v 0.033351000398397446 -0.023848000913858414 -0.024948999285697937
v 0.032669998705387115 -0.024772999808192253 -0.024167999625205994
v 0.03233800083398819 -0.02520499937236309 -0.0236820001155138
v 0.03202800080180168 -0.025597000494599342 -0.023101000115275383
v 0.031890999525785446 -0.02576800063252449 -0.02278600074350834
v 0.03182600066065788 -0.02584799937903881 -0.022624999284744263
v 0.03181000053882599 -0.025868000462651253 -0.02258400060236454
v 0.03180599957704544 -0.02587199956178665 -0.022561000660061836
v 0.03181099891662598 -0.025867000222206116 -0.02253899909555912
v 0.03180700168013573 -0.025870999321341515 -0.02254899963736534
v 0.0320729985833168 -0.025769000872969627 -0.02273000031709671
v 0.031881000846624374 -0.025779999792575836 -0.02259100042283535
v 0.03185100108385086 -0.02581699937582016 -0.022540999576449394
v 0.03184200078248978 -0.025828000158071518 -0.022531000897288322
v 0.03183799982070923 -0.025832999497652054 -0.02252800017595291
v 0.03183100000023842 -0.025840999558568 -0.022525999695062637
v 0.03182300180196762 -0.02585200034081936 -0.022526999935507774
v 0.032582998275756836 -0.02500299923121929 -0.023499999195337296
v 0.03247800096869469 -0.02502400055527687 -0.023447999730706215
v 0.032533999532461166 -0.025066999718546867 -0.023447999730706215
v 0.03234900161623955 -0.02519099973142147 -0.023291999474167824
v 0.03229599818587303 -0.02537200041115284 -0.0231539998203516
v 0.03211100026965141 -0.025492999702692032 -0.022969000041484833
v 0.03215799853205681 -0.025546999648213387 -0.02295600064098835
v 0.03342999890446663 -0.023737000301480293 -0.02422199957072735
v 0.03302200138568878 -0.024302000179886818 -0.02396100014448166
v 0.033066000789403915 -0.024481000378727913 -0.023907000198960304
v 0.032951001077890396 -0.02439800091087818 -0.023905999958515167
v 0.032526999711990356 -0.024960000067949295 -0.023499999195337296
v 0.03482300043106079 -0.02204499952495098 -0.024354999884963036
v 0.03476100042462349 -0.022007999941706657 -0.024354999884963036
v 0.03412000089883804 -0.022732999175786972 -0.02441300079226494
v 0.03446900099515915 -0.022200999781489372 -0.024396000429987907
v 0.034699998795986176 -0.021971000358462334 -0.024354999884963036
v 0.034683000296354294 -0.02186499908566475 -0.024344999343156815
v 0.03476500138640404 -0.021865999326109886 -0.024342000484466553
v 0.034706000238657 -0.021828999742865562 -0.024342000484466553
v 0.03477000072598457 -0.021726999431848526 -0.024342000484466553
v 0.03488000109791756 -0.021683000028133392 -0.024342000484466553
v 0.03494900092482567 -0.02143700048327446 -0.024341000244021416
v 0.03488700091838837 -0.021942999213933945 -0.024342000484466553
v 0.035002999007701874 -0.02175699919462204 -0.024342000484466553
v 0.032249998301267624 -0.025661999359726906 -0.022926999256014824
v 0.03227100148797035 -0.02563600055873394 -0.022957000881433487
v 0.03241200000047684 -0.025457000359892845 -0.02315800078213215
v 0.0326480008661747 -0.025154000148177147 -0.023448999971151352
v 0.032698001712560654 -0.025088999420404434 -0.023500999435782433
v 0.03210299834609032 -0.025503000244498253 -0.02295600064098835
v 0.031998999416828156 -0.02563299983739853 -0.022794000804424286
v 0.03213699907064438 -0.0255730003118515 -0.022926000878214836
v 0.03219300135970116 -0.025617999956011772 -0.022926000878214836
v 0.032214000821113586 -0.025591999292373657 -0.02295600064098835
v 0.032354000955820084 -0.025414999574422836 -0.023156000301241875
v 0.03259100019931793 -0.025110000744462013 -0.023448999971151352
v 0.0326399989426136 -0.025046000257134438 -0.023499999195337296
v 0.03355899825692177 -0.02355399914085865 -0.024277999997138977
v 0.03482599928975105 -0.021904999390244484 -0.024342000484466553
v 0.03494200110435486 -0.021719999611377716 -0.024342000484466553
v 0.03522700071334839 -0.021254999563097954 -0.024325000122189522
v 0.0355679988861084 -0.020394999533891678 -0.024205999448895454
v 0.03649500012397766 -0.018837999552488327 -0.025402000173926353
v 0.03655900061130524 -0.018871000036597252 -0.025402000173926353
v 0.03650600090622902 -0.01897300034761429 -0.025460999459028244
v 0.03844799846410751 -0.014840999618172646 -0.019517000764608383
v 0.038453999906778336 -0.014825999736785889 -0.019487999379634857
v 0.03826000168919563 -0.014736000448465347 -0.019463999196887016
v 0.038256000727415085 -0.014746000058948994 -0.019481999799609184
v 0.03652900084853172 -0.01865299977362156 -0.025296000763773918
v 0.036497000604867935 -0.018681999295949936 -0.02531999908387661
v 0.03676699846982956 -0.018144000321626663 -0.024924999102950096
v 0.036621998995542526 -0.018904000520706177 -0.025402000173926353
v 0.03561900183558464 -0.020732000470161438 -0.02609499916434288
v 0.035638999193906784 -0.020697999745607376 -0.026088999584317207
v 0.03555700182914734 -0.020695999264717102 -0.02609499916434288
v 0.03569699823856354 -0.020596999675035477 -0.026069000363349915
v 0.03576099872589111 -0.02005399949848652 -0.025968000292778015
v 0.035572998225688934 -0.02052599936723709 -0.026069000363349915
v 0.03558899834752083 -0.020356999710202217 -0.026041999459266663
v 0.03550200164318085 -0.020509999245405197 -0.026072999462485313
v 0.036146000027656555 -0.01964999921619892 -0.025800000876188278
v 0.036208998411893845 -0.019683999940752983 -0.025800000876188278
v 0.036021001636981964 -0.019581999629735947 -0.025800000876188278
v 0.036083001643419266 -0.01961600035429001 -0.025800000876188278
v 0.0363520011305809 -0.019533000886440277 -0.025723999366164207
v 0.036309998482465744 -0.019610000774264336 -0.025756999850273132
v 0.03629299998283386 -0.019641000777482986 -0.025769999250769615
v 0.036416999995708466 -0.0193719994276762 -0.02565300092101097
v 0.03670800104737282 -0.01885399967432022 -0.02535500004887581
v 0.03668000176548958 -0.018869999796152115 -0.025371000170707703
v 0.03675299882888794 -0.01876699924468994 -0.025296000763773918
v 0.036736998707056046 -0.018758999183773994 -0.025296000763773918
v 0.03672099858522415 -0.018750999122858047 -0.025296000763773918
v 0.03670499846339226 -0.01874300092458725 -0.025296000763773918
v 0.03662500157952309 -0.018702000379562378 -0.025296000763773918
v 0.03660900145769119 -0.01869400031864643 -0.025296000763773918
v 0.0365930013358593 -0.018686000257730484 -0.025296000763773918
v 0.036577001214027405 -0.018678000196814537 -0.025296000763773918
v 0.03664100170135498 -0.018710000440478325 -0.025296000763773918
v 0.03723600134253502 -0.01716100051999092 -0.023979000747203827
v 0.03761500120162964 -0.016313999891281128 -0.022873999550938606
v 0.03773700073361397 -0.01602800004184246 -0.022429000586271286
v 0.03779099881649017 -0.015900999307632446 -0.022213999181985855
v 0.038481999188661575 -0.01475400011986494 -0.019520999863743782
v 0.03841700032353401 -0.01472300011664629 -0.019507000222802162
v 0.03828300163149834 -0.014677999541163445 -0.019447000697255135
v 0.03827900066971779 -0.014685999602079391 -0.019440999254584312
v 0.038277000188827515 -0.014693000353872776 -0.01943800039589405
v 0.03827600181102753 -0.014696000143885612 -0.019437000155448914
v 0.03827400133013725 -0.014700000174343586 -0.019437000155448914
v 0.03827200084924698 -0.014706999994814396 -0.019437000155448914
v 0.038270000368356705 -0.01471100002527237 -0.019439000636339188
v 0.03826799988746643 -0.014716999605298042 -0.019440999254584312
v 0.03826399892568588 -0.01472499966621399 -0.01944899931550026
v 0.03807400166988373 -0.015212000347673893 -0.020340999588370323
v 0.03776000067591667 -0.015975000336766243 -0.02140199951827526
v 0.037574999034404755 -0.016405999660491943 -0.02188199944794178
v 0.03714599832892418 -0.0173530001193285 -0.022732000797986984
v 0.036708999425172806 -0.01826000027358532 -0.02334599941968918
v 0.03661699965596199 -0.01844399981200695 -0.023452000692486763
v 0.03604099899530411 -0.019547000527381897 -0.023955000564455986
v 0.03837300091981888 -0.014836999587714672 -0.01955999992787838
v 0.03838200122117996 -0.014814999885857105 -0.019517000764608383
v 0.038314998149871826 -0.014789000153541565 -0.019517000764608383
v 0.0382549986243248 -0.014751000329852104 -0.019491000100970268
v 0.03825100138783455 -0.014759999699890614 -0.019509000703692436
v 0.03824400156736374 -0.014778999611735344 -0.01954600028693676
v 0.03822899982333183 -0.014816000126302242 -0.01961899921298027
v 0.03819999843835831 -0.014890000224113464 -0.019766999408602715
v 0.03828199952840805 -0.014680000022053719 -0.019526999443769455
v 0.038286998867988586 -0.014666000381112099 -0.019485000520944595
v 0.0383480004966259 -0.014702999964356422 -0.019520999863743782
v 0.03841499984264374 -0.0147280003875494 -0.019520999863743782
v 0.03840800002217293 -0.014747999608516693 -0.01957399956882
v 0.038474999368190765 -0.014773000031709671 -0.01957399956882
v 0.03825800120830536 -0.014740999788045883 -0.01969500072300434
v 0.03827499970793724 -0.01469700038433075 -0.01957399956882
v 0.03834100067615509 -0.014721999876201153 -0.01957399956882
v 0.03644400089979172 -0.01878499984741211 -0.02538900077342987
v 0.03637000173330307 -0.018926000222563744 -0.025472000241279602
v 0.03633299842476845 -0.018998000770807266 -0.025512000545859337
v 0.03631500154733658 -0.019032999873161316 -0.025533000007271767
v 0.03605800122022629 -0.019514000043272972 -0.025769999250769615
v 0.036072999238967896 -0.01952200010418892 -0.025769999250769615
v 0.03607499971985817 -0.01948300004005432 -0.025756999850273132
v 0.036090001463890076 -0.01948999986052513 -0.025756999850273132
v 0.036083001643419266 -0.019468000158667564 -0.02575100027024746
v 0.03613099828362465 -0.01941400021314621 -0.025723999366164207
v 0.035634998232126236 -0.02056100033223629 -0.026069000363349915
v 0.03551499918103218 -0.020625999197363853 -0.026088999584317207
v 0.03545700013637543 -0.020586000755429268 -0.02608799934387207
v 0.03549500182271004 -0.020659999921917915 -0.02609499916434288
v 0.03543499857187271 -0.02062400057911873 -0.02609499916434288
v 0.03544100001454353 -0.020614000037312508 -0.026094000786542892
v 0.035443998873233795 -0.02060999907553196 -0.026093000546097755
v 0.03544500097632408 -0.020607000216841698 -0.02609200030565262
v 0.03544599935412407 -0.020604999735951424 -0.02609200030565262
v 0.03542099893093109 -0.02064800076186657 -0.02609799988567829
v 0.03542400151491165 -0.020642999559640884 -0.026096999645233154
v 0.035429999232292175 -0.0206339992582798 -0.026095999404788017
v 0.0383870005607605 -0.014800000004470348 -0.019487999379634857
v 0.03832099959254265 -0.014774000272154808 -0.019487999379634857
v 0.03816099837422371 -0.014991000294685364 -0.020362000912427902
v 0.038284000009298325 -0.014674999751150608 -0.019449999555945396
v 0.038286998867988586 -0.014666999690234661 -0.01946300081908703
v 0.03828800097107887 -0.014663999900221825 -0.019473999738693237
v 0.03652000054717064 -0.01878800056874752 -0.025371000170707703
v 0.03648899868130684 -0.018772000446915627 -0.025371000170707703
v 0.03651700168848038 -0.018756000325083733 -0.02535500004887581
v 0.03650100156664848 -0.018748000264167786 -0.02535500004887581
v 0.03653600066900253 -0.01871900074183941 -0.025328999385237694
v 0.03648500144481659 -0.0187389999628067 -0.02535500004887581
v 0.036504000425338745 -0.018702000379562378 -0.025328999385237694
v 0.03652000054717064 -0.018711000680923462 -0.025328999385237694
v 0.03654500097036362 -0.018660999834537506 -0.025296000763773918
v 0.03656100109219551 -0.01867000013589859 -0.025296000763773918
v 0.03660000115633011 -0.018750999122858047 -0.025328999385237694
v 0.03656499832868576 -0.018780000507831573 -0.02535500004887581
v 0.036584001034498215 -0.01874300092458725 -0.025328999385237694
v 0.03654899820685387 -0.018772000446915627 -0.02535500004887581
v 0.03656800091266632 -0.018735000863671303 -0.025328999385237694
v 0.03653300181031227 -0.01876400038599968 -0.02535500004887581
v 0.03655200079083443 -0.018727000802755356 -0.025328999385237694
v 0.036616001278162 -0.01875999942421913 -0.025328999385237694
v 0.03659699857234955 -0.018797000870108604 -0.02535500004887581
v 0.036580998450517654 -0.018789000809192657 -0.02535500004887581
v 0.036584001034498215 -0.018820999190211296 -0.025371000170707703
v 0.03655200079083443 -0.01880500093102455 -0.025371000170707703
v 0.036657001823186874 -0.018718000501394272 -0.025296000763773918
v 0.03667299821972847 -0.018727000802755356 -0.025296000763773918
v 0.036632001399993896 -0.01876799948513508 -0.025328999385237694
v 0.03664800152182579 -0.018775999546051025 -0.025328999385237694
v 0.03661299869418144 -0.01880500093102455 -0.02535500004887581
v 0.036628998816013336 -0.01881299912929535 -0.02535500004887581
v 0.036616001278162 -0.018837999552488327 -0.025371000170707703
v 0.036727000027894974 -0.018817000091075897 -0.025328999385237694
v 0.036692000925540924 -0.018845999613404274 -0.02535500004887581
v 0.03671099990606308 -0.01880900003015995 -0.025328999385237694
v 0.03667600080370903 -0.018837999552488327 -0.02535500004887581
v 0.036695998162031174 -0.018799999728798866 -0.025328999385237694
v 0.036660000681877136 -0.01882999949157238 -0.02535500004887581
v 0.03668000176548958 -0.01879199966788292 -0.025328999385237694
v 0.03664800152182579 -0.01885399967432022 -0.025371000170707703
v 0.03664499893784523 -0.018820999190211296 -0.02535500004887581
v 0.036664001643657684 -0.018783999606966972 -0.025328999385237694
v 0.036688998341560364 -0.018735000863671303 -0.025296000763773918
v 0.03647900000214577 -0.018716000020503998 -0.02534399926662445
v 0.03623899817466736 -0.019176000729203224 -0.025613000616431236
v 0.03622699901461601 -0.0192709993571043 -0.02565300092101097
v 0.036146000027656555 -0.019422000274062157 -0.025723999366164207
v 0.03616200014948845 -0.01943100057542324 -0.025723999366164207
v 0.03610499948263168 -0.019499000161886215 -0.025756999850273132
v 0.03612099960446358 -0.019507000222802162 -0.025756999850273132
v 0.0360880009829998 -0.019530000165104866 -0.025769999250769615
v 0.036104001104831696 -0.01953900046646595 -0.025769999250769615
v 0.03612000122666359 -0.019547000527381897 -0.025769999250769615
v 0.03613699972629547 -0.019516000524163246 -0.025756999850273132
v 0.036152999848127365 -0.019524000585079193 -0.025756999850273132
v 0.03619400039315224 -0.019447999075055122 -0.025723999366164207
v 0.03621000051498413 -0.01945599913597107 -0.025723999366164207
v 0.03629099950194359 -0.019305000081658363 -0.02565300092101097
v 0.0362589992582798 -0.019287999719381332 -0.02565300092101097
v 0.03617800027132034 -0.019439000636339188 -0.025723999366164207
v 0.03613600134849548 -0.01955600082874298 -0.025769999250769615
v 0.03615099936723709 -0.019564999267458916 -0.025769999250769615
v 0.03616800159215927 -0.019533000886440277 -0.025756999850273132
v 0.036184001713991165 -0.019540999084711075 -0.025756999850273132
v 0.03622499853372574 -0.019464999437332153 -0.025723999366164207
v 0.03624099865555763 -0.0194729994982481 -0.025723999366164207
v 0.03632200136780739 -0.019322000443935394 -0.02565300092101097
v 0.03626300022006035 -0.01958400011062622 -0.025756999850273132
v 0.03623000159859657 -0.019607000052928925 -0.025769999250769615
v 0.036247000098228455 -0.019576000049710274 -0.025756999850273132
v 0.03621400147676468 -0.019598999992012978 -0.025769999250769615
v 0.03623099997639656 -0.01956699974834919 -0.025756999850273132
v 0.03619899973273277 -0.019589999690651894 -0.025769999250769615
v 0.036215998232364655 -0.019557999446988106 -0.025756999850273132
v 0.03627299889922142 -0.01948999986052513 -0.025723999366164207
v 0.036288999021053314 -0.019499000161886215 -0.025723999366164207
v 0.03630400076508522 -0.019507000222802162 -0.025723999366164207
v 0.03624600172042847 -0.01961600035429001 -0.025769999250769615
v 0.03618299961090088 -0.019581999629735947 -0.025769999250769615
v 0.03627699986100197 -0.01963300071656704 -0.025769999250769615
v 0.036295000463724136 -0.01960100047290325 -0.025756999850273132
v 0.03633600100874901 -0.019524000585079193 -0.025723999366164207
v 0.03626200184226036 -0.019624000415205956 -0.025769999250769615
v 0.03627900034189224 -0.019593000411987305 -0.025756999850273132
v 0.036320000886917114 -0.019516000524163246 -0.025723999366164207
v 0.036386001855134964 -0.01935500092804432 -0.02565300092101097
v 0.036166999489068985 -0.019572999328374863 -0.025769999250769615
v 0.03620000183582306 -0.01954999938607216 -0.025756999850273132
v 0.036256998777389526 -0.019481999799609184 -0.025723999366164207
v 0.036354001611471176 -0.019339000806212425 -0.02565300092101097
v 0.03557699918746948 -0.02066200040280819 -0.026088999584317207
v 0.036065999418497086 -0.01950100064277649 -0.026458999142050743
v 0.03531799837946892 -0.020824000239372253 -0.026413999497890472
v 0.03522000089287758 -0.020989999175071716 -0.02638999931514263
v 0.031120000407099724 -0.026910999789834023 -0.019505999982357025
v 0.03102000057697296 -0.026809999719262123 -0.01948999986052513
v 0.03101300075650215 -0.02681799978017807 -0.019505999982357025
v 0.031026000156998634 -0.026802999898791313 -0.019481999799609184
v 0.03103400021791458 -0.02679399959743023 -0.019478999078273773
v 0.03104100003838539 -0.026785999536514282 -0.019478999078273773
v 0.031046999618411064 -0.026777999475598335 -0.01948300004005432
v 0.03105499967932701 -0.02676899917423725 -0.01949400082230568
v 0.031063999980688095 -0.02675900049507618 -0.01951500028371811
v 0.031070999801158905 -0.026751000434160233 -0.019564000889658928
v 0.031088000163435936 -0.02673099935054779 -0.019797999411821365
v 0.03121899999678135 -0.02657799981534481 -0.020725000649690628
v 0.031537000089883804 -0.02619899995625019 -0.022099999710917473
v 0.031996000558137894 -0.025637000799179077 -0.02336600050330162
v 0.031877998262643814 -0.025783000513911247 -0.023104999214410782
v 0.032919999212026596 -0.02443999983370304 -0.024792000651359558
v 0.03239399939775467 -0.025133000686764717 -0.024087000638246536
v 0.032120998948812485 -0.025481000542640686 -0.023617999628186226
v 0.03205699846148491 -0.025560999289155006 -0.023493999615311623
v 0.03203999996185303 -0.025582000613212585 -0.023460999131202698
v 0.03502099961042404 -0.02131900005042553 -0.02633799985051155
v 0.0347680002450943 -0.0217289999127388 -0.026249000802636147
v 0.03451399877667427 -0.02213199995458126 -0.026132000610232353
v 0.03411899879574776 -0.022735999897122383 -0.02590000070631504
v 0.03366599977016449 -0.02340099960565567 -0.02555599994957447
v 0.03319000080227852 -0.024071000516414642 -0.025097999721765518
v 0.03540400043129921 -0.020678000524640083 -0.026433000341057777
v 0.03539099916815758 -0.020698999986052513 -0.026430999860167503
v 0.035367000848054886 -0.020741000771522522 -0.026426000520586967
v 0.03582499921321869 -0.019938999786973 -0.02646699920296669
v 0.035764001309871674 -0.020047999918460846 -0.026468999683856964
v 0.035415999591350555 -0.020656999200582504 -0.02643500082194805
v 0.036970000714063644 -0.01772500015795231 -0.02619599923491478
v 0.03687699884176254 -0.017917999997735023 -0.0262410007417202
v 0.030825000256299973 -0.02703399956226349 -0.02072099968791008
v 0.03111499920487404 -0.026916999369859695 -0.01952500082552433
v 0.03094800002872944 -0.026892000809311867 -0.019836999475955963
v 0.031029000878334045 -0.026906000450253487 -0.01968800090253353
v 0.03097599931061268 -0.02686000056564808 -0.01968800090253353
v 0.031055999919772148 -0.026875000447034836 -0.019545000046491623
v 0.031004000455141068 -0.026829000562429428 -0.019545000046491623
v 0.031060000881552696 -0.02686999924480915 -0.01952500082552433
v 0.031007999554276466 -0.026823999360203743 -0.019523000344634056
v 0.031137999147176743 -0.027000000700354576 -0.01968800090253353
v 0.031165000051259995 -0.02696800045669079 -0.019545000046491623
v 0.031168999150395393 -0.02696399949491024 -0.01952500082552433
v 0.03111100010573864 -0.026921000331640244 -0.019545000046491623
v 0.0310830008238554 -0.02695300057530403 -0.01968800090253353
v 0.031516000628471375 -0.026448000222444534 -0.026655999943614006
v 0.03152399882674217 -0.02643599919974804 -0.026674000546336174
v 0.03105200082063675 -0.0267730001360178 -0.025686999782919884
v 0.030646000057458878 -0.027236999943852425 -0.0238489992916584
v 0.03090200014412403 -0.027374999597668648 -0.025248000398278236
v 0.031036000698804855 -0.02717299945652485 -0.025554999709129333
v 0.03063499927520752 -0.02724899910390377 -0.020258000120520592
v 0.029756000265479088 -0.028615999966859818 -0.021133000031113625
v 0.030592000111937523 -0.02751000039279461 -0.02196200005710125
v 0.02983500063419342 -0.028534000739455223 -0.021709999069571495
v 0.030287999659776688 -0.02805200032889843 -0.023605000227689743
v 0.030517999082803726 -0.027380000799894333 -0.01635199971497059
v 0.02994599938392639 -0.028003999963402748 -0.017474999651312828
v 0.031217999756336212 -0.02657799981534481 -0.017534999176859856
v 0.029601000249385834 -0.028369000181555748 -0.018699999898672104
v 0.029586000367999077 -0.028589000925421715 -0.02006799913942814
v 0.0312809981405735 -0.026504000648856163 -0.01535400003194809
v 0.0316229984164238 -0.026095999404788017 -0.016208000481128693
v 0.031679000705480576 -0.026027999818325043 -0.014941999688744545
v 0.03214399889111519 -0.025451000779867172 -0.01525100041180849
v 0.03215700015425682 -0.02543500065803528 -0.014534999616444111
v 0.03282799944281578 -0.024562999606132507 -0.014510000124573708
v 0.033702999353408813 -0.023593999445438385 -0.013953999616205692
v 0.030643999576568604 -0.0272390004247427 -0.02514299936592579
v 0.030100999400019646 -0.027837000787258148 -0.023672999814152718
v 0.029985999688506126 -0.02796199917793274 -0.006000000052154064
v 0.03654899820685387 -0.01857900060713291 -0.01855500042438507
v 0.03661800175905228 -0.018441999331116676 -0.01880200020968914
v 0.036451999098062515 -0.01876799948513508 -0.018240999430418015
v 0.03633499890565872 -0.01899299956858158 -0.01786700077354908
v 0.03611699864268303 -0.019406000152230263 -0.017358999699354172
v 0.036719001829624176 -0.018239999189972878 -0.01936499960720539
v 0.036653000861406326 -0.018372999504208565 -0.018952999264001846
v 0.036754999309778214 -0.01816900074481964 -0.020244000479578972
v 0.036743998527526855 -0.018188999965786934 -0.01962199993431568
v 0.03477000072598457 -0.021726999431848526 -0.006000000052154064
v 0.038277000188827515 -0.014693000353872776 -0.006000000052154064
v 0.029697999358177185 -0.02826699987053871 -0.022096000611782074
v 0.029551999643445015 -0.028418999165296555 -0.0211350005120039
v 0.029492000117897987 -0.028481999412178993 -0.02041899971663952
v 0.03197700157761574 -0.02566000074148178 -0.022748000919818878
v 0.031387001276016235 -0.026379000395536423 -0.026693999767303467
v 0.030834000557661057 -0.02702300064265728 -0.025575000792741776
v 0.040376998484134674 -0.007120000198483467 -0.006000000052154064
v 0.03926499933004379 -0.011800999753177166 -0.015884000808000565
v 0.039271000772714615 -0.011781999841332436 -0.015884000808000565
v 0.03888100013136864 -0.013009999878704548 -0.016963999718427658
v 0.03986399993300438 -0.009584000334143639 -0.017396999523043633
v 0.03905000165104866 -0.012494999915361404 -0.01739799976348877
v 0.03961100056767464 -0.010579999536275864 -0.01739799976348877
v 0.03985400125384331 -0.009624999947845936 -0.017396999523043633
v 0.03903599828481674 -0.012536000460386276 -0.01739799976348877
v 0.03902199864387512 -0.012582000344991684 -0.017396999523043633
v 0.03899500146508217 -0.012663999572396278 -0.01738400012254715
v 0.038975998759269714 -0.012722999788820744 -0.017364000901579857
v 0.04099399968981743 0.0007159999804571271 -0.006000000052154064
v 0.04033999890089035 -0.007327000144869089 -0.015684999525547028
v 0.04033999890089035 -0.007327000144869089 -0.017501000314950943
v 0.039347000420093536 0.011524000205099583 -0.02164500020444393
v 0.03932899981737137 0.011584999971091747 -0.02085000090301037
v 0.03937000036239624 0.01144499983638525 -0.021046999841928482
v 0.039292000234127045 0.011711000464856625 -0.020942000672221184
v 0.04010400176048279 0.008523999713361263 -0.006000000052154064
v 0.037741001695394516 0.016019999980926514 -0.006000000052154064
v 0.03846200183033943 0.014201999641954899 -0.015644999220967293
v 0.03896300122141838 0.012763000093400478 -0.015644999220967293
v 0.03901800140738487 0.01259199995547533 -0.017650999128818512
v 0.03846200183033943 0.014201999641954899 -0.017650999128818512
v 0.040800001472234726 0.0040420000441372395 -0.01741800084710121
v 0.040915001183748245 0.0026420000940561295 -0.01758500002324581
v 0.040647998452186584 0.005359000060707331 -0.017628999426960945
v 0.040800001472234726 0.0040420000441372395 -0.017145000398159027
v 0.040800001472234726 0.0040420000441372395 -0.01653899997472763
v 0.04011699929833412 0.008465999737381935 -0.021612999960780144
v 0.035349998623132706 0.0207700002938509 -0.017650999128818512
v 0.03473899886012077 0.021776000037789345 -0.017650999128818512
v 0.035349998623132706 0.0207700002938509 -0.015644999220967293
v 0.03473899886012077 0.021776000037789345 -0.015644999220967293
v 0.031932998448610306 0.025715000927448273 -0.020819000899791718
v 0.030911000445485115 0.026936000213027 -0.016127999871969223
v 0.03259199857711792 0.02487500011920929 -0.01588200032711029
v 0.030970999971032143 0.026866000145673752 -0.015730999410152435
v 0.02899100072681904 0.02899100072681904 -0.006000000052154064
v 0.03212700039148331 0.025472000241279602 -0.02157600037753582
v 0.03184400126338005 0.025824999436736107 -0.02184399962425232
v 0.031971000134944916 0.025668000802397728 -0.021648000925779343
v 0.03716399893164635 0.017315000295639038 -0.016284000128507614
v 0.03721499815583229 0.017204999923706055 -0.01767200045287609
v 0.033991001546382904 0.022926999256014824 -0.006000000052154064
v 0.040111999958753586 0.008488000370562077 -0.02084299921989441
v 0.04005799815058708 0.008737999945878983 -0.02181999944150448
v 0.022926999256014824 0.033991001546382904 -0.006000000052154064
v 0.016019999980926514 0.037741001695394516 -0.006000000052154064
v 0.008523999713361263 0.04010400176048279 -0.006000000052154064
v 0.0007159999804571271 0.04099399968981743 -0.006000000052154064
v -0.007120000198483467 0.040376998484134674 -0.006000000052154064
v -0.014693000353872776 0.038277000188827515 -0.006000000052154064
v -0.021726999431848526 0.03477000072598457 -0.006000000052154064
v -0.02796199917793274 0.029985999688506126 -0.006000000052154064
f 1 2 3
f 4 5 6
f 3 2 7
f 7 2 8
f 7 8 9
f 9 8 10
f 9 10 11
f 11 10 12
f 11 12 13
f 13 12 14
f 13 14 15
f 15 14 16
f 15 16 17
f 6 5 18
f 18 5 19
f 18 19 20
f 20 19 21
f 20 21 22
f 22 21 23
f 22 23 24
f 24 23 25
f 24 25 26
f 26 25 27
f 26 27 28
f 6 29 4
f 4 29 30
f 4 30 31
f 31 30 32
f 31 32 33
f 33 32 34
f 33 34 35
f 35 34 36
f 35 36 37
f 37 36 38
f 37 38 39
f 39 38 40
f 39 40 41
f 41 40 42
f 41 42 43
f 43 42 44
f 43 44 45
f 45 44 46
f 45 46 47
f 47 46 48
f 47 48 49
f 49 48 50
f 49 50 51
f 51 50 52
f 51 52 53
f 53 52 54
f 53 54 55
f 55 54 17
f 55 17 56
f 56 17 16
f 27 57 28
f 28 57 58
f 28 58 59
f 59 58 60
f 59 60 61
f 61 60 62
f 61 62 63
f 63 62 64
f 63 64 65
f 65 64 66
f 65 66 67
f 67 66 68
f 67 68 69
f 69 68 70
f 69 70 71
f 71 70 72
f 71 72 73
f 73 72 74
f 73 74 75
f 75 74 76
f 75 76 77
f 77 76 78
f 77 78 79
f 79 78 80
f 79 80 81
f 81 80 82
f 81 82 83
f 83 82 1
f 83 1 84
f 84 1 3
f 85 86 87
f 87 86 88
f 87 88 89
f 89 88 90
f 89 90 91
f 91 90 92
f 91 92 93
f 93 92 94
f 93 94 95
f 95 94 96
f 95 96 97
f 97 96 98
f 97 98 99
f 99 98 100
f 99 100 101
f 101 100 102
f 101 102 103
f 103 102 104
f 103 104 105
f 105 104 106
f 105 106 107
f 107 106 108
f 107 108 109
f 109 108 110
f 109 110 111
f 111 110 112
f 111 112 113
f 113 112 114
f 113 114 115
f 115 114 116
f 115 116 117
f 117 116 118
f 117 118 119
f 119 118 120
f 119 120 121
f 121 120 122
f 121 122 123
f 123 122 124
f 123 124 125
f 124 126 125
f 125 126 127
f 125 127 128
f 128 127 129
f 128 129 130
f 130 129 131
f 130 131 132
f 132 131 133
f 132 133 134
f 134 133 135
f 134 135 136
f 136 135 137
f 136 137 138
f 138 137 139
f 138 139 140
f 140 139 141
f 140 141 142
f 142 141 143
f 142 143 144
f 144 143 145
f 144 145 146
f 146 145 147
f 146 147 148
f 148 147 149
f 148 149 150
f 150 149 151
f 150 151 152
f 152 151 153
f 152 153 154
f 154 153 155
f 154 155 156
f 156 155 157
f 156 157 158
f 158 157 159
f 158 159 160
f 160 159 161
f 160 161 162
f 162 161 163
f 162 163 164
f 164 163 165
f 164 165 85
f 85 165 166
f 85 166 86
f 167 53 55
f 56 168 55
f 55 168 169
f 55 169 167
f 170 171 16
f 16 171 172
f 16 172 56
f 56 172 173
f 56 173 168
f 170 16 174
f 174 16 14
f 174 14 175
f 175 14 176
f 176 14 12
f 176 12 177
f 10 178 12
f 12 178 179
f 12 179 177
f 180 181 8
f 8 181 182
f 8 182 10
f 10 182 183
f 10 183 178
f 180 8 184
f 184 8 2
f 184 2 185
f 185 2 186
f 186 2 1
f 186 1 187
f 80 188 82
f 82 188 189
f 82 189 1
f 1 189 190
f 1 190 187
f 78 191 80
f 80 191 192
f 80 192 188
f 76 193 78
f 78 193 194
f 78 194 191
f 74 195 76
f 76 195 196
f 76 196 193
f 72 197 74
f 74 197 198
f 74 198 195
f 70 199 72
f 72 199 200
f 72 200 197
f 68 201 70
f 70 201 202
f 70 202 199
f 66 203 68
f 68 203 204
f 68 204 201
f 64 205 66
f 66 205 206
f 66 206 203
f 207 208 62
f 62 208 209
f 62 209 64
f 64 209 210
f 64 210 205
f 207 62 211
f 211 62 60
f 211 60 212
f 213 214 215
f 216 217 218
f 219 220 221
f 222 223 224
f 225 226 227
f 228 229 230
f 231 232 233
f 234 235 236
f 237 238 239
f 240 241 242
f 243 244 245
f 246 247 248
f 249 246 250
f 245 244 251
f 242 241 252
f 252 241 253
f 252 253 254
f 254 253 255
f 254 255 256
f 239 238 257
f 236 235 258
f 258 235 259
f 258 259 260
f 233 232 261
f 230 229 262
f 227 226 263
f 263 226 264
f 263 264 265
f 265 264 266
f 265 266 267
f 224 223 268
f 221 220 269
f 269 220 270
f 269 270 271
f 218 217 272
f 215 214 273
f 274 275 276
f 276 275 277
f 276 277 278
f 246 248 250
f 250 248 279
f 250 279 280
f 280 281 250
f 250 281 243
f 250 243 249
f 249 243 245
f 242 251 240
f 240 251 244
f 240 244 282
f 281 283 243
f 243 283 284
f 243 284 244
f 244 284 285
f 244 285 282
f 282 286 240
f 240 286 287
f 240 287 241
f 241 287 288
f 241 288 253
f 289 255 290
f 290 255 253
f 290 253 291
f 291 253 288
f 289 292 255
f 255 292 237
f 255 237 256
f 256 237 239
f 293 238 294
f 294 238 237
f 294 237 295
f 295 237 292
f 293 296 238
f 238 296 234
f 238 234 257
f 257 234 236
f 296 297 234
f 234 297 298
f 234 298 235
f 235 298 299
f 235 299 259
f 259 299 300
f 300 301 259
f 259 301 231
f 259 231 260
f 260 231 233
f 302 232 303
f 303 232 231
f 303 231 304
f 304 231 301
f 302 305 232
f 232 305 228
f 232 228 261
f 261 228 230
f 227 262 225
f 225 262 229
f 225 229 306
f 305 307 228
f 228 307 308
f 228 308 229
f 229 308 309
f 229 309 306
f 306 310 225
f 225 310 311
f 225 311 226
f 226 311 312
f 226 312 264
f 313 266 314
f 314 266 264
f 314 264 315
f 315 264 312
f 313 316 266
f 266 316 222
f 266 222 267
f 267 222 224
f 221 268 219
f 219 268 223
f 219 223 317
f 316 318 222
f 222 318 319
f 222 319 223
f 223 319 320
f 223 320 317
f 317 321 219
f 219 321 322
f 219 322 220
f 220 322 323
f 220 323 270
f 270 323 324
f 324 325 270
f 270 325 216
f 270 216 271
f 271 216 218
f 326 217 327
f 327 217 216
f 327 216 328
f 328 216 325
f 326 329 217
f 217 329 213
f 217 213 272
f 272 213 215
f 277 273 278
f 278 273 214
f 278 214 330
f 329 331 213
f 213 331 332
f 213 332 214
f 214 332 333
f 214 333 330
f 334 274 335
f 335 274 276
f 335 276 336
f 336 276 278
f 336 278 337
f 337 278 330
f 338 339 340
f 341 342 343
f 344 345 346
f 347 348 349
f 350 351 352
f 353 354 355
f 356 357 358
f 359 360 361
f 362 363 364
f 365 366 367
f 368 369 370
f 371 275 372
f 373 371 374
f 370 369 375
f 367 366 376
f 376 366 377
f 376 377 378
f 378 377 379
f 378 379 380
f 364 363 381
f 361 360 382
f 382 360 383
f 382 383 384
f 358 357 385
f 355 354 386
f 352 351 387
f 387 351 388
f 387 388 389
f 389 388 390
f 389 390 391
f 349 348 392
f 346 345 393
f 393 345 394
f 393 394 395
f 343 342 396
f 340 339 397
f 398 247 399
f 399 247 400
f 399 400 401
f 371 372 374
f 374 372 334
f 374 334 402
f 402 403 374
f 374 403 368
f 374 368 373
f 373 368 370
f 367 375 365
f 365 375 369
f 365 369 404
f 403 405 368
f 368 405 406
f 368 406 369
f 369 406 407
f 369 407 404
f 404 408 365
f 365 408 409
f 365 409 366
f 366 409 410
f 366 410 377
f 411 379 412
f 412 379 377
f 412 377 413
f 413 377 410
f 411 414 379
f 379 414 362
f 379 362 380
f 380 362 364
f 415 363 416
f 416 363 362
f 416 362 417
f 417 362 414
f 415 418 363
f 363 418 359
f 363 359 381
f 381 359 361
f 418 419 359
f 359 419 420
f 359 420 360
f 360 420 421
f 360 421 383
f 383 421 422
f 422 423 383
f 383 423 356
f 383 356 384
f 384 356 358
f 424 357 425
f 425 357 356
f 425 356 426
f 426 356 423
f 424 427 357
f 357 427 353
f 357 353 385
f 385 353 355
f 352 386 350
f 350 386 354
f 350 354 428
f 427 429 353
f 353 429 430
f 353 430 354
f 354 430 431
f 354 431 428
f 428 432 350
f 350 432 433
f 350 433 351
f 351 433 434
f 351 434 388
f 435 390 436
f 436 390 388
f 436 388 437
f 437 388 434
f 435 438 390
f 390 438 347
f 390 347 391
f 391 347 349
f 346 392 344
f 344 392 348
f 344 348 439
f 438 440 347
f 347 440 441
f 347 441 348
f 348 441 442
f 348 442 439
f 439 443 344
f 344 443 444
f 344 444 345
f 345 444 445
f 345 445 394
f 394 445 446
f 446 447 394
f 394 447 341
f 394 341 395
f 395 341 343
f 448 342 449
f 449 342 341
f 449 341 450
f 450 341 447
f 448 451 342
f 342 451 338
f 342 338 396
f 396 338 340
f 400 397 401
f 401 397 339
f 401 339 452
f 451 453 338
f 338 453 454
f 338 454 339
f 339 454 455
f 339 455 452
f 279 398 456
f 456 398 399
f 456 399 457
f 457 399 401
f 457 401 458
f 458 401 452
f 459 460 461
f 462 463 464
f 464 463 465
f 464 465 466
f 466 465 467
f 466 467 468
f 468 467 469
f 468 469 470
f 469 471 470
f 470 471 472
f 470 472 473
f 473 472 474
f 473 474 475
f 475 474 476
f 475 476 477
f 477 476 478
f 477 478 479
f 479 478 480
f 481 482 483
f 483 482 484
f 483 484 485
f 485 484 486
f 485 486 487
f 487 486 488
f 487 488 489
f 488 490 489
f 489 490 491
f 489 491 492
f 492 491 493
f 492 493 494
f 494 493 495
f 494 495 496
f 496 495 497
f 496 497 462
f 462 497 498
f 462 498 463
f 167 499 500
f 500 499 501
f 500 501 502
f 502 501 503
f 461 460 504
f 504 460 505
f 504 505 506
f 506 505 507
f 506 507 503
f 503 507 508
f 503 508 502
f 509 510 511
f 511 510 512
f 511 512 513
f 513 512 514
f 513 514 515
f 515 514 516
f 515 516 517
f 461 518 459
f 459 518 519
f 459 519 520
f 520 519 521
f 520 521 522
f 522 521 523
f 522 523 524
f 524 523 525
f 524 525 526
f 526 525 527
f 526 527 528
f 528 527 529
f 528 529 530
f 530 529 531
f 530 531 532
f 532 531 533
f 532 533 509
f 509 533 534
f 509 534 510
f 535 212 536
f 536 212 537
f 536 537 538
f 538 537 539
f 538 539 481
f 481 539 540
f 481 540 482
f 516 541 517
f 517 541 542
f 517 542 543
f 543 542 544
f 543 544 545
f 545 544 546
f 545 546 480
f 480 546 547
f 480 547 479
f 212 535 548
f 191 549 550
f 551 552 188
f 188 552 553
f 554 555 168
f 168 555 556
f 168 556 169
f 169 556 499
f 169 499 167
f 168 173 554
f 554 173 172
f 554 172 171
f 175 557 174
f 174 557 558
f 174 558 170
f 170 558 559
f 170 559 171
f 171 559 560
f 171 560 554
f 175 176 557
f 557 176 177
f 557 177 561
f 561 177 562
f 562 177 179
f 562 179 563
f 563 179 178
f 563 178 564
f 178 183 564
f 564 183 182
f 564 182 181
f 185 565 184
f 184 565 566
f 184 566 180
f 180 566 567
f 180 567 181
f 181 567 568
f 181 568 564
f 185 186 565
f 565 186 187
f 565 187 569
f 569 187 570
f 570 187 190
f 570 190 553
f 553 190 189
f 553 189 188
f 551 188 550
f 550 188 192
f 550 192 191
f 549 191 571
f 571 191 194
f 571 194 572
f 572 194 193
f 572 193 573
f 573 193 574
f 574 193 196
f 574 196 575
f 575 196 195
f 575 195 576
f 576 195 198
f 576 198 577
f 577 198 197
f 577 197 578
f 578 197 579
f 579 197 200
f 579 200 580
f 200 199 580
f 580 199 202
f 580 202 581
f 581 202 201
f 581 201 582
f 582 201 583
f 583 201 204
f 583 204 584
f 584 204 203
f 584 203 585
f 585 203 206
f 585 206 586
f 586 206 205
f 586 205 587
f 587 205 588
f 588 205 210
f 588 210 589
f 210 209 589
f 589 209 208
f 589 208 590
f 590 208 207
f 590 207 548
f 548 207 211
f 548 211 212
f 591 592 593
f 594 595 596
f 597 598 599
f 597 599 600
f 600 599 601
f 600 601 602
f 602 601 603
f 602 603 604
f 605 606 604
f 607 608 609
f 607 609 610
f 610 609 611
f 610 611 612
f 612 611 613
f 612 613 614
f 614 613 615
f 614 615 616
f 616 615 617
f 616 617 618
f 618 617 619
f 618 619 620
f 620 619 621
f 620 621 622
f 622 621 623
f 622 623 624
f 624 623 625
f 624 625 626
f 626 625 627
f 626 627 628
f 628 627 629
f 628 629 630
f 630 629 631
f 630 631 632
f 633 634 635
f 633 635 636
f 636 635 637
f 636 637 638
f 638 637 639
f 638 639 640
f 640 639 641
f 640 641 642
f 642 641 643
f 642 643 644
f 644 643 645
f 644 645 646
f 646 645 647
f 646 647 648
f 648 647 649
f 648 649 650
f 650 649 651
f 650 651 652
f 652 651 653
f 652 653 654
f 654 653 655
f 654 655 656
f 656 655 657
f 656 657 658
f 658 657 659
f 658 659 660
f 660 659 661
f 660 661 662
f 662 661 663
f 662 663 664
f 665 666 667
f 667 666 668
f 667 668 669
f 669 668 670
f 669 670 671
f 671 670 672
f 671 672 673
f 673 672 674
f 673 674 675
f 675 674 676
f 675 676 677
f 677 676 678
f 677 678 679
f 679 678 680
f 679 680 681
f 681 680 682
f 681 682 683
f 683 682 684
f 683 684 685
f 685 684 686
f 685 686 687
f 687 686 688
f 687 688 689
f 689 688 690
f 689 690 691
f 691 690 692
f 691 692 693
f 693 692 694
f 693 694 695
f 695 694 696
f 695 696 697
f 697 696 698
f 697 698 699
f 699 698 700
f 699 700 701
f 701 700 702
f 701 702 703
f 703 702 704
f 703 704 705
f 705 704 706
f 705 706 707
f 707 706 708
f 707 708 709
f 709 708 710
f 709 710 711
f 711 710 712
f 711 712 713
f 713 712 714
f 713 714 715
f 715 714 716
f 715 716 717
f 717 716 718
f 717 718 719
f 719 718 720
f 719 720 721
f 721 720 722
f 721 722 723
f 723 722 724
f 723 724 725
f 725 724 726
f 725 726 727
f 247 728 729
f 247 729 400
f 400 729 730
f 400 730 397
f 397 730 731
f 397 731 340
f 340 731 732
f 340 732 396
f 396 732 733
f 396 733 343
f 343 733 734
f 343 734 395
f 395 734 735
f 395 735 393
f 393 735 736
f 393 736 346
f 346 736 737
f 346 737 392
f 392 737 738
f 392 738 349
f 349 738 739
f 349 739 391
f 391 739 740
f 391 740 389
f 389 740 741
f 389 741 387
f 387 741 742
f 387 742 352
f 352 742 743
f 352 743 386
f 386 743 744
f 386 744 745
f 745 744 746
f 745 746 385
f 385 746 747
f 385 747 358
f 358 747 748
f 358 748 384
f 384 748 749
f 384 749 382
f 382 749 750
f 382 750 361
f 361 750 751
f 361 751 381
f 381 751 752
f 381 752 364
f 364 752 753
f 364 753 380
f 380 753 754
f 380 754 378
f 378 754 755
f 378 755 376
f 376 755 756
f 376 756 367
f 367 756 757
f 367 757 375
f 375 757 758
f 375 758 370
f 370 758 759
f 370 759 373
f 373 759 760
f 373 760 371
f 598 761 665
f 665 761 762
f 665 762 666
f 591 593 763
f 275 371 764
f 764 371 760
f 764 760 765
f 606 766 604
f 604 766 767
f 604 767 602
f 602 767 768
f 602 768 600
f 600 768 769
f 600 769 597
f 603 632 604
f 604 632 631
f 604 631 605
f 605 631 629
f 605 629 770
f 770 629 627
f 770 627 771
f 771 627 625
f 771 625 772
f 772 625 623
f 772 623 773
f 773 623 621
f 615 774 617
f 617 774 775
f 617 775 619
f 619 775 776
f 619 776 621
f 621 776 777
f 621 777 773
f 608 778 609
f 609 778 779
f 609 779 611
f 611 779 780
f 611 780 613
f 613 780 781
f 613 781 615
f 615 781 782
f 615 782 774
f 783 784 608
f 608 784 785
f 608 785 778
f 607 664 608
f 608 664 663
f 608 663 783
f 783 663 661
f 783 661 786
f 786 661 659
f 786 659 787
f 787 659 657
f 787 657 788
f 788 657 655
f 788 655 789
f 789 655 790
f 790 655 653
f 790 653 791
f 791 653 651
f 791 651 792
f 792 651 649
f 792 649 793
f 793 649 794
f 794 649 647
f 794 647 795
f 795 647 645
f 795 645 796
f 796 645 643
f 796 643 797
f 797 643 798
f 798 643 641
f 798 641 799
f 799 641 639
f 799 639 800
f 800 639 637
f 800 637 801
f 801 637 635
f 801 635 802
f 802 635 634
f 802 634 803
f 598 665 599
f 599 665 667
f 599 667 601
f 601 667 669
f 601 669 603
f 603 669 671
f 603 671 632
f 632 671 673
f 632 673 630
f 630 673 675
f 630 675 628
f 628 675 677
f 628 677 626
f 626 677 679
f 626 679 624
f 624 679 681
f 624 681 622
f 622 681 683
f 622 683 620
f 620 683 685
f 620 685 618
f 618 685 687
f 618 687 616
f 616 687 689
f 616 689 614
f 614 689 691
f 614 691 612
f 612 691 693
f 612 693 610
f 610 693 695
f 610 695 607
f 607 695 697
f 607 697 664
f 664 697 699
f 664 699 662
f 662 699 701
f 662 701 660
f 660 701 703
f 660 703 658
f 658 703 705
f 658 705 656
f 656 705 707
f 656 707 654
f 654 707 709
f 654 709 652
f 652 709 711
f 652 711 650
f 650 711 713
f 650 713 648
f 648 713 715
f 648 715 646
f 646 715 717
f 646 717 644
f 644 717 719
f 644 719 642
f 642 719 721
f 642 721 640
f 640 721 723
f 640 723 638
f 638 723 725
f 638 725 636
f 636 725 727
f 636 727 633
f 762 804 666
f 666 804 805
f 666 805 668
f 668 805 806
f 668 806 670
f 670 806 807
f 670 807 672
f 672 807 808
f 672 808 674
f 674 808 809
f 674 809 676
f 676 809 810
f 676 810 678
f 678 810 811
f 678 811 680
f 680 811 812
f 680 812 682
f 682 812 813
f 682 813 684
f 684 813 814
f 684 814 686
f 686 814 815
f 686 815 688
f 688 815 816
f 688 816 690
f 690 816 817
f 690 817 692
f 692 817 818
f 692 818 694
f 694 818 819
f 694 819 696
f 696 819 820
f 696 820 698
f 698 820 821
f 698 821 700
f 700 821 822
f 700 822 702
f 702 822 823
f 702 823 704
f 704 823 824
f 704 824 706
f 706 824 825
f 706 825 708
f 708 825 826
f 708 826 710
f 710 826 827
f 710 827 712
f 712 827 828
f 712 828 714
f 714 828 829
f 714 829 716
f 716 829 830
f 716 830 718
f 718 830 831
f 718 831 720
f 720 831 832
f 720 832 722
f 722 832 833
f 722 833 724
f 724 833 834
f 724 834 726
f 726 834 835
f 804 836 805
f 805 836 837
f 805 837 806
f 806 837 838
f 806 838 807
f 807 838 839
f 807 839 808
f 808 839 840
f 808 840 809
f 809 840 841
f 809 841 810
f 810 841 842
f 810 842 811
f 811 842 843
f 811 843 812
f 812 843 844
f 812 844 813
f 813 844 845
f 813 845 814
f 814 845 846
f 814 846 815
f 815 846 847
f 815 847 816
f 816 847 848
f 816 848 817
f 817 848 849
f 817 849 818
f 818 849 850
f 818 850 819
f 819 850 851
f 819 851 820
f 820 851 852
f 820 852 821
f 821 852 853
f 821 853 822
f 822 853 854
f 822 854 823
f 823 854 855
f 823 855 824
f 824 855 856
f 824 856 825
f 825 856 857
f 825 857 826
f 826 857 858
f 826 858 827
f 827 858 859
f 827 859 828
f 828 859 860
f 828 860 829
f 829 860 861
f 829 861 830
f 830 861 862
f 830 862 831
f 831 862 863
f 831 863 832
f 832 863 864
f 832 864 833
f 833 864 865
f 833 865 834
f 834 865 866
f 834 866 835
f 835 866 867
f 836 868 837
f 837 868 869
f 837 869 838
f 838 869 870
f 838 870 839
f 839 870 871
f 839 871 840
f 840 871 872
f 840 872 841
f 841 872 873
f 841 873 842
f 842 873 874
f 842 874 843
f 843 874 875
f 843 875 844
f 844 875 876
f 844 876 845
f 845 876 877
f 845 877 846
f 846 877 878
f 846 878 847
f 847 878 879
f 847 879 848
f 848 879 880
f 848 880 849
f 849 880 881
f 849 881 850
f 850 881 882
f 850 882 851
f 851 882 883
f 851 883 852
f 852 883 884
f 852 884 853
f 853 884 885
f 853 885 854
f 854 885 886
f 854 886 855
f 855 886 887
f 855 887 856
f 856 887 888
f 856 888 857
f 857 888 889
f 857 889 858
f 858 889 890
f 858 890 859
f 859 890 891
f 859 891 860
f 860 891 892
f 860 892 861
f 861 892 893
f 861 893 862
f 862 893 894
f 862 894 863
f 863 894 895
f 863 895 864
f 864 895 896
f 864 896 865
f 865 896 897
f 865 897 866
f 866 897 898
f 866 898 867
f 867 898 899
f 868 900 869
f 869 900 901
f 869 901 870
f 870 901 902
f 870 902 871
f 871 902 903
f 871 903 872
f 872 903 904
f 872 904 873
f 873 904 905
f 873 905 874
f 874 905 906
f 874 906 875
f 875 906 907
f 875 907 876
f 876 907 908
f 876 908 877
f 877 908 909
f 877 909 878
f 878 909 910
f 878 910 879
f 879 910 911
f 879 911 880
f 880 911 912
f 880 912 881
f 881 912 913
f 881 913 882
f 882 913 914
f 882 914 883
f 883 914 915
f 883 915 884
f 884 915 916
f 884 916 885
f 885 916 917
f 885 917 886
f 886 917 918
f 886 918 887
f 887 918 919
f 887 919 888
f 888 919 920
f 888 920 889
f 889 920 921
f 889 921 890
f 890 921 922
f 890 922 891
f 891 922 923
f 891 923 892
f 892 923 924
f 892 924 893
f 893 924 925
f 893 925 894
f 894 925 926
f 894 926 895
f 895 926 927
f 895 927 896
f 896 927 928
f 896 928 897
f 897 928 929
f 897 929 898
f 898 929 930
f 898 930 899
f 899 930 931
f 900 932 901
f 901 932 933
f 901 933 902
f 902 933 934
f 902 934 903
f 903 934 935
f 903 935 904
f 904 935 936
f 904 936 905
f 905 936 937
f 905 937 906
f 906 937 938
f 906 938 907
f 907 938 939
f 907 939 908
f 908 939 940
f 908 940 909
f 909 940 941
f 909 941 910
f 910 941 942
f 910 942 911
f 911 942 943
f 911 943 912
f 912 943 944
f 912 944 913
f 913 944 945
f 913 945 914
f 914 945 946
f 914 946 915
f 915 946 947
f 915 947 916
f 916 947 948
f 916 948 917
f 917 948 949
f 917 949 918
f 918 949 950
f 918 950 919
f 919 950 951
f 919 951 920
f 920 951 952
f 920 952 921
f 921 952 953
f 921 953 922
f 922 953 954
f 922 954 923
f 923 954 955
f 923 955 924
f 924 955 956
f 924 956 925
f 925 956 957
f 925 957 926
f 926 957 958
f 926 958 927
f 927 958 959
f 927 959 928
f 928 959 960
f 928 960 929
f 929 960 961
f 929 961 930
f 930 961 596
f 930 596 931
f 931 596 595
f 761 962 762
f 762 962 963
f 762 963 804
f 804 963 964
f 804 964 836
f 836 964 965
f 836 965 868
f 868 965 966
f 868 966 900
f 900 966 763
f 900 763 932
f 932 763 593
f 932 593 933
f 933 593 967
f 933 967 934
f 934 967 968
f 934 968 935
f 935 968 969
f 935 969 936
f 936 969 970
f 936 970 937
f 937 970 971
f 937 971 938
f 938 971 972
f 938 972 939
f 939 972 973
f 939 973 940
f 940 973 974
f 940 974 941
f 941 974 975
f 941 975 942
f 942 975 976
f 942 976 943
f 943 976 977
f 943 977 944
f 944 977 978
f 944 978 945
f 945 978 979
f 945 979 946
f 946 979 980
f 946 980 947
f 947 980 981
f 947 981 948
f 948 981 982
f 948 982 949
f 949 982 983
f 949 983 950
f 950 983 984
f 950 984 951
f 951 984 985
f 951 985 952
f 952 985 986
f 952 986 953
f 953 986 987
f 953 987 954
f 954 987 988
f 954 988 955
f 955 988 989
f 955 989 956
f 956 989 990
f 956 990 957
f 957 990 991
f 957 991 958
f 958 991 992
f 958 992 959
f 959 992 993
f 959 993 960
f 960 993 994
f 960 994 961
f 961 994 995
f 961 995 596
f 596 995 996
f 596 996 594
f 594 996 997
f 592 998 593
f 593 998 999
f 593 999 967
f 967 999 1000
f 967 1000 968
f 968 1000 1001
f 968 1001 969
f 969 1001 1002
f 969 1002 970
f 970 1002 1003
f 970 1003 971
f 971 1003 1004
f 971 1004 972
f 972 1004 1005
f 972 1005 973
f 973 1005 1006
f 973 1006 974
f 974 1006 1007
f 974 1007 975
f 975 1007 1008
f 975 1008 976
f 976 1008 1009
f 976 1009 977
f 977 1009 1010
f 977 1010 978
f 978 1010 1011
f 978 1011 979
f 979 1011 1012
f 979 1012 980
f 980 1012 1013
f 980 1013 981
f 981 1013 1014
f 981 1014 982
f 982 1014 1015
f 982 1015 983
f 983 1015 1016
f 983 1016 984
f 984 1016 1017
f 984 1017 985
f 985 1017 1018
f 985 1018 986
f 986 1018 1019
f 986 1019 987
f 987 1019 1020
f 987 1020 988
f 988 1020 1021
f 988 1021 989
f 989 1021 1022
f 989 1022 990
f 990 1022 1023
f 990 1023 991
f 991 1023 1024
f 991 1024 992
f 992 1024 1025
f 992 1025 993
f 993 1025 1026
f 993 1026 994
f 994 1026 1027
f 994 1027 995
f 995 1027 1028
f 995 1028 996
f 996 1028 1029
f 996 1029 997
f 997 1029 1030
f 998 1031 999
f 999 1031 1032
f 999 1032 1000
f 1000 1032 1033
f 1000 1033 1001
f 1001 1033 1034
f 1001 1034 1002
f 1002 1034 1035
f 1002 1035 1003
f 1003 1035 1036
f 1003 1036 1004
f 1004 1036 1037
f 1004 1037 1005
f 1005 1037 1038
f 1005 1038 1006
f 1006 1038 1039
f 1006 1039 1007
f 1007 1039 1040
f 1007 1040 1008
f 1008 1040 1041
f 1008 1041 1009
f 1009 1041 1042
f 1009 1042 1010
f 1010 1042 1043
f 1010 1043 1011
f 1011 1043 1044
f 1011 1044 1012
f 1012 1044 1045
f 1012 1045 1013
f 1013 1045 1046
f 1013 1046 1014
f 1014 1046 1047
f 1014 1047 1015
f 1015 1047 1048
f 1015 1048 1016
f 1016 1048 1049
f 1016 1049 1017
f 1017 1049 1050
f 1017 1050 1018
f 1018 1050 1051
f 1018 1051 1019
f 1019 1051 1052
f 1019 1052 1020
f 1020 1052 1053
f 1020 1053 1021
f 1021 1053 1054
f 1021 1054 1022
f 1022 1054 1055
f 1022 1055 1023
f 1023 1055 1056
f 1023 1056 1024
f 1024 1056 1057
f 1024 1057 1025
f 1025 1057 1058
f 1025 1058 1026
f 1026 1058 1059
f 1026 1059 1027
f 1027 1059 1060
f 1027 1060 1028
f 1028 1060 1061
f 1028 1061 1029
f 1029 1061 1062
f 1029 1062 1030
f 1030 1062 1063
f 1031 1064 1032
f 1032 1064 1065
f 1032 1065 1033
f 1033 1065 1066
f 1033 1066 1034
f 1034 1066 1067
f 1034 1067 1035
f 1035 1067 1068
f 1035 1068 1036
f 1036 1068 1069
f 1036 1069 1037
f 1037 1069 1070
f 1037 1070 1038
f 1038 1070 1071
f 1038 1071 1039
f 1039 1071 1072
f 1039 1072 1040
f 1040 1072 1073
f 1040 1073 1041
f 1041 1073 1074
f 1041 1074 1042
f 1042 1074 1075
f 1042 1075 1043
f 1043 1075 1076
f 1043 1076 1044
f 1044 1076 1077
f 1044 1077 1045
f 1045 1077 1078
f 1045 1078 1046
f 1046 1078 1079
f 1046 1079 1047
f 1047 1079 1080
f 1047 1080 1048
f 1048 1080 1081
f 1048 1081 1049
f 1049 1081 1082
f 1049 1082 1050
f 1050 1082 1083
f 1050 1083 1051
f 1051 1083 1084
f 1051 1084 1052
f 1052 1084 1085
f 1052 1085 1053
f 1053 1085 1086
f 1053 1086 1054
f 1054 1086 1087
f 1054 1087 1055
f 1055 1087 1088
f 1055 1088 1056
f 1056 1088 1089
f 1056 1089 1057
f 1057 1089 1090
f 1057 1090 1058
f 1058 1090 1091
f 1058 1091 1059
f 1059 1091 1092
f 1059 1092 1060
f 1060 1092 1093
f 1060 1093 1061
f 1061 1093 1094
f 1061 1094 1062
f 1062 1094 1095
f 1062 1095 1063
f 1063 1095 1096
f 1064 765 1065
f 1065 765 1097
f 1065 1097 1066
f 1066 1097 1098
f 1066 1098 1067
f 1067 1098 1099
f 1067 1099 1068
f 1068 1099 1100
f 1068 1100 1069
f 1069 1100 1101
f 1069 1101 1070
f 1070 1101 1102
f 1070 1102 1071
f 1071 1102 1103
f 1071 1103 1072
f 1072 1103 1104
f 1072 1104 1073
f 1073 1104 1105
f 1073 1105 1074
f 1074 1105 1106
f 1074 1106 1075
f 1075 1106 1107
f 1075 1107 1076
f 1076 1107 1108
f 1076 1108 1077
f 1077 1108 1109
f 1077 1109 1078
f 1078 1109 1110
f 1078 1110 1079
f 1079 1110 1111
f 1079 1111 1080
f 1080 1111 1112
f 1080 1112 1081
f 1081 1112 1113
f 1081 1113 1082
f 1082 1113 1114
f 1082 1114 1083
f 1083 1114 1115
f 1083 1115 1084
f 1084 1115 1116
f 1084 1116 1085
f 1085 1116 1117
f 1085 1117 1086
f 1086 1117 1118
f 1086 1118 1087
f 1087 1118 1119
f 1087 1119 1088
f 1088 1119 1120
f 1088 1120 1089
f 1089 1120 1121
f 1089 1121 1090
f 1090 1121 1122
f 1090 1122 1091
f 1091 1122 1123
f 1091 1123 1092
f 1092 1123 1124
f 1092 1124 1093
f 1093 1124 1125
f 1093 1125 1094
f 1094 1125 1126
f 1094 1126 1095
f 1095 1126 1127
f 1095 1127 1096
f 1096 1127 1128
f 765 760 1097
f 1097 760 759
f 1097 759 1098
f 1098 759 758
f 1098 758 1099
f 1099 758 757
f 1099 757 1100
f 1100 757 756
f 1100 756 1101
f 1101 756 755
f 1101 755 1102
f 1102 755 754
f 1102 754 1103
f 1103 754 753
f 1103 753 1104
f 1104 753 752
f 1104 752 1105
f 1105 752 751
f 1105 751 1106
f 1106 751 750
f 1106 750 1107
f 1107 750 749
f 1107 749 1108
f 1108 749 748
f 1108 748 1109
f 1109 748 747
f 1109 747 1110
f 1110 747 746
f 1110 746 1111
f 1111 746 744
f 1111 744 1112
f 1112 744 743
f 1112 743 1113
f 1113 743 742
f 1113 742 1114
f 1114 742 741
f 1114 741 1115
f 1115 741 740
f 1115 740 1116
f 1116 740 739
f 1116 739 1117
f 1117 739 738
f 1117 738 1118
f 1118 738 737
f 1118 737 1119
f 1119 737 736
f 1119 736 1120
f 1120 736 735
f 1120 735 1121
f 1121 735 734
f 1121 734 1122
f 1122 734 733
f 1122 733 1123
f 1123 733 732
f 1123 732 1124
f 1124 732 731
f 1124 731 1125
f 1125 731 730
f 1125 730 1126
f 1126 730 729
f 1126 729 1127
f 1127 729 728
f 1127 728 1128
f 802 803 61
f 61 803 59
f 802 61 801
f 801 61 63
f 801 63 800
f 800 63 799
f 799 63 65
f 799 65 798
f 798 65 797
f 797 65 67
f 797 67 796
f 796 67 795
f 795 67 69
f 795 69 794
f 794 69 793
f 793 69 71
f 793 71 792
f 792 71 791
f 791 71 73
f 791 73 790
f 790 73 789
f 789 73 75
f 789 75 788
f 788 75 787
f 787 75 77
f 787 77 786
f 786 77 783
f 783 77 79
f 783 79 784
f 784 79 81
f 784 81 785
f 785 81 778
f 778 81 83
f 778 83 779
f 779 83 780
f 780 83 84
f 780 84 781
f 781 84 782
f 782 84 3
f 782 3 774
f 774 3 775
f 775 3 7
f 775 7 776
f 776 7 777
f 777 7 9
f 777 9 773
f 773 9 11
f 773 11 772
f 772 11 771
f 771 11 13
f 771 13 770
f 770 13 605
f 605 13 15
f 605 15 606
f 606 15 766
f 766 15 17
f 766 17 767
f 767 17 768
f 768 17 54
f 768 54 769
f 591 763 1129
f 594 997 1130
f 1131 1132 1133
f 1133 1132 1134
f 1133 1134 1135
f 1135 1134 1136
f 1137 1138 1139
f 1139 1138 1140
f 1139 1140 1141
f 1141 1140 1142
f 1141 1142 1143
f 1143 1142 1144
f 1143 1144 1145
f 1145 1144 1146
f 1145 1146 1147
f 1147 1146 1148
f 1147 1148 1149
f 1149 1148 1150
f 1149 1150 1131
f 1131 1150 1151
f 1131 1151 1132
f 1152 1153 1154
f 1154 1153 1155
f 1154 1155 1156
f 1156 1155 1157
f 1156 1157 1137
f 1137 1157 1158
f 1137 1158 1138
f 1159 1160 1161
f 1161 1160 1162
f 1161 1162 1163
f 1163 1162 1164
f 1163 1164 1152
f 1152 1164 1165
f 1152 1165 1153
f 1166 1167 1168
f 1168 1167 1169
f 1168 1169 1170
f 1170 1169 1171
f 1170 1171 1172
f 1172 1171 1173
f 1172 1173 1174
f 1174 1173 1175
f 1174 1175 1176
f 1176 1175 1177
f 1176 1177 1159
f 1159 1177 1178
f 1159 1178 1160
f 1179 1180 1181
f 1181 1180 1182
f 1181 1182 1183
f 1183 1182 1184
f 1183 1184 1166
f 1166 1184 1185
f 1166 1185 1167
f 1186 1187 1188
f 1188 1187 1189
f 1188 1189 1190
f 1190 1189 1191
f 1190 1191 1179
f 1179 1191 1192
f 1179 1192 1180
f 597 769 1193
f 1193 769 1194
f 1193 1194 1195
f 1195 1194 1196
f 1195 1196 1197
f 1197 1196 1198
f 1197 1198 1186
f 1186 1198 1199
f 1186 1199 1187
f 598 597 1200
f 1200 597 1193
f 1200 1193 1201
f 1201 1193 1195
f 1201 1195 1202
f 1202 1195 1197
f 1202 1197 1203
f 1203 1197 1186
f 1203 1186 1204
f 1204 1186 1188
f 1204 1188 1205
f 1205 1188 1190
f 1205 1190 1206
f 1206 1190 1179
f 1206 1179 1207
f 1207 1179 1181
f 1207 1181 1208
f 1208 1181 1183
f 1208 1183 1209
f 1209 1183 1166
f 1209 1166 1210
f 1210 1166 1168
f 1210 1168 1211
f 1211 1168 1170
f 1211 1170 1212
f 1212 1170 1172
f 1212 1172 1213
f 1213 1172 1174
f 1213 1174 1214
f 1214 1174 1176
f 1214 1176 1215
f 1215 1176 1159
f 1215 1159 1216
f 1216 1159 1161
f 1216 1161 1217
f 1217 1161 1163
f 1217 1163 1218
f 1218 1163 1152
f 1218 1152 1219
f 1219 1152 1154
f 1219 1154 1220
f 1220 1154 1156
f 1220 1156 1221
f 1221 1156 1137
f 1221 1137 1222
f 1222 1137 1139
f 1222 1139 1223
f 1223 1139 1141
f 1223 1141 1224
f 1224 1141 1143
f 1224 1143 1225
f 1225 1143 1145
f 1225 1145 1226
f 1226 1145 1147
f 1226 1147 1227
f 1227 1147 1149
f 1227 1149 1228
f 1228 1149 1131
f 1228 1131 1229
f 1229 1131 1133
f 1229 1133 1230
f 1230 1133 1135
f 761 598 1231
f 1231 598 1200
f 1231 1200 1232
f 1232 1200 1201
f 1232 1201 1233
f 1233 1201 1202
f 1233 1202 1234
f 1234 1202 1203
f 1234 1203 1235
f 1235 1203 1204
f 1235 1204 1236
f 1236 1204 1205
f 1236 1205 1237
f 1237 1205 1206
f 1237 1206 1238
f 1238 1206 1207
f 1238 1207 1239
f 1239 1207 1208
f 1239 1208 1240
f 1240 1208 1209
f 1240 1209 1241
f 1241 1209 1210
f 1241 1210 1242
f 1242 1210 1211
f 1242 1211 1243
f 1243 1211 1212
f 1243 1212 1244
f 1244 1212 1213
f 1244 1213 1245
f 1245 1213 1214
f 1245 1214 1246
f 1246 1214 1215
f 1246 1215 1247
f 1247 1215 1216
f 1247 1216 1248
f 1248 1216 1217
f 1248 1217 1249
f 1249 1217 1218
f 1249 1218 1250
f 1250 1218 1219
f 1250 1219 1251
f 1251 1219 1220
f 1251 1220 1252
f 1252 1220 1221
f 1252 1221 1253
f 1253 1221 1222
f 1253 1222 1254
f 1254 1222 1223
f 1254 1223 1255
f 1255 1223 1224
f 1255 1224 1256
f 1256 1224 1225
f 1256 1225 1257
f 1257 1225 1226
f 1257 1226 1258
f 1258 1226 1227
f 1258 1227 1259
f 1259 1227 1228
f 1259 1228 1260
f 1260 1228 1229
f 1260 1229 1261
f 1261 1229 1230
f 962 761 1262
f 1262 761 1231
f 1262 1231 1263
f 1263 1231 1232
f 1263 1232 1264
f 1264 1232 1233
f 1264 1233 1265
f 1265 1233 1234
f 1265 1234 1266
f 1266 1234 1235
f 1266 1235 1267
f 1267 1235 1236
f 1267 1236 1268
f 1268 1236 1237
f 1268 1237 1269
f 1269 1237 1238
f 1269 1238 1270
f 1270 1238 1239
f 1270 1239 1271
f 1271 1239 1240
f 1271 1240 1272
f 1272 1240 1241
f 1272 1241 1273
f 1273 1241 1242
f 1273 1242 1274
f 1274 1242 1243
f 1274 1243 1275
f 1275 1243 1244
f 1275 1244 1276
f 1276 1244 1245
f 1276 1245 1277
f 1277 1245 1246
f 1277 1246 1278
f 1278 1246 1247
f 1278 1247 1279
f 1279 1247 1248
f 1279 1248 1280
f 1280 1248 1249
f 1280 1249 1281
f 1281 1249 1250
f 1281 1250 1282
f 1282 1250 1251
f 1282 1251 1283
f 1283 1251 1252
f 1283 1252 1284
f 1284 1252 1253
f 1284 1253 1285
f 1285 1253 1254
f 1285 1254 1286
f 1286 1254 1255
f 1286 1255 1287
f 1287 1255 1256
f 1287 1256 1288
f 1288 1256 1257
f 1288 1257 1289
f 1289 1257 1258
f 1289 1258 1290
f 1290 1258 1259
f 1290 1259 1291
f 1291 1259 1260
f 1291 1260 1292
f 1292 1260 1261
f 963 962 1293
f 1293 962 1262
f 1293 1262 1294
f 1294 1262 1263
f 1294 1263 1295
f 1295 1263 1264
f 1295 1264 1296
f 1296 1264 1265
f 1296 1265 1297
f 1297 1265 1266
f 1297 1266 1298
f 1298 1266 1267
f 1298 1267 1299
f 1299 1267 1268
f 1299 1268 1300
f 1300 1268 1269
f 1300 1269 1301
f 1301 1269 1270
f 1301 1270 1302
f 1302 1270 1271
f 1302 1271 1303
f 1303 1271 1272
f 1303 1272 1304
f 1304 1272 1273
f 1304 1273 1305
f 1305 1273 1274
f 1305 1274 1306
f 1306 1274 1275
f 1306 1275 1307
f 1307 1275 1276
f 1307 1276 1308
f 1308 1276 1277
f 1308 1277 1309
f 1309 1277 1278
f 1309 1278 1310
f 1310 1278 1279
f 1310 1279 1311
f 1311 1279 1280
f 1311 1280 1312
f 1312 1280 1281
f 1312 1281 1313
f 1313 1281 1282
f 1313 1282 1314
f 1314 1282 1283
f 1314 1283 1315
f 1315 1283 1284
f 1315 1284 1316
f 1316 1284 1285
f 1316 1285 1317
f 1317 1285 1286
f 1317 1286 1318
f 1318 1286 1287
f 1318 1287 1319
f 1319 1287 1288
f 1319 1288 1320
f 1320 1288 1289
f 1320 1289 1321
f 1321 1289 1290
f 1321 1290 1322
f 1322 1290 1291
f 1322 1291 1323
f 1323 1291 1292
f 964 963 1324
f 1324 963 1293
f 1324 1293 1325
f 1325 1293 1294
f 1325 1294 1326
f 1326 1294 1295
f 1326 1295 1327
f 1327 1295 1296
f 1327 1296 1328
f 1328 1296 1297
f 1328 1297 1329
f 1329 1297 1298
f 1329 1298 1330
f 1330 1298 1299
f 1330 1299 1331
f 1331 1299 1300
f 1331 1300 1332
f 1332 1300 1301
f 1332 1301 1333
f 1333 1301 1302
f 1333 1302 1334
f 1334 1302 1303
f 1334 1303 1335
f 1335 1303 1304
f 1335 1304 1336
f 1336 1304 1305
f 1336 1305 1337
f 1337 1305 1306
f 1337 1306 1338
f 1338 1306 1307
f 1338 1307 1339
f 1339 1307 1308
f 1339 1308 1340
f 1340 1308 1309
f 1340 1309 1341
f 1341 1309 1310
f 1341 1310 1342
f 1342 1310 1311
f 1342 1311 1343
f 1343 1311 1312
f 1343 1312 1344
f 1344 1312 1313
f 1344 1313 1345
f 1345 1313 1314
f 1345 1314 1346
f 1346 1314 1315
f 1346 1315 1347
f 1347 1315 1316
f 1347 1316 1348
f 1348 1316 1317
f 1348 1317 1349
f 1349 1317 1318
f 1349 1318 1350
f 1350 1318 1319
f 1350 1319 1351
f 1351 1319 1320
f 1351 1320 1352
f 1352 1320 1321
f 1352 1321 1353
f 1353 1321 1322
f 1353 1322 1354
f 1354 1322 1323
f 965 964 1355
f 1355 964 1324
f 1355 1324 1356
f 1356 1324 1325
f 1356 1325 1357
f 1357 1325 1326
f 1357 1326 1358
f 1358 1326 1327
f 1358 1327 1359
f 1359 1327 1328
f 1359 1328 1360
f 1360 1328 1329
f 1360 1329 1361
f 1361 1329 1330
f 1361 1330 1362
f 1362 1330 1331
f 1362 1331 1363
f 1363 1331 1332
f 1363 1332 1364
f 1364 1332 1333
f 1364 1333 1365
f 1365 1333 1334
f 1365 1334 1366
f 1366 1334 1335
f 1366 1335 1367
f 1367 1335 1336
f 1367 1336 1368
f 1368 1336 1337
f 1368 1337 1369
f 1369 1337 1338
f 1369 1338 1370
f 1370 1338 1339
f 1370 1339 1371
f 1371 1339 1340
f 1371 1340 1372
f 1372 1340 1341
f 1372 1341 1373
f 1373 1341 1342
f 1373 1342 1374
f 1374 1342 1343
f 1374 1343 1375
f 1375 1343 1344
f 1375 1344 1376
f 1376 1344 1345
f 1376 1345 1377
f 1377 1345 1346
f 1377 1346 1378
f 1378 1346 1347
f 1378 1347 1379
f 1379 1347 1348
f 1379 1348 1380
f 1380 1348 1349
f 1380 1349 1381
f 1381 1349 1350
f 1381 1350 1382
f 1382 1350 1351
f 1382 1351 1383
f 1383 1351 1352
f 1383 1352 1384
f 1384 1352 1353
f 1384 1353 1385
f 1385 1353 1354
f 966 965 1386
f 1386 965 1355
f 1386 1355 1387
f 1387 1355 1356
f 1387 1356 1388
f 1388 1356 1357
f 1388 1357 1389
f 1389 1357 1358
f 1389 1358 1390
f 1390 1358 1359
f 1390 1359 1391
f 1391 1359 1360
f 1391 1360 1392
f 1392 1360 1361
f 1392 1361 1393
f 1393 1361 1362
f 1393 1362 1394
f 1394 1362 1363
f 1394 1363 1395
f 1395 1363 1364
f 1395 1364 1396
f 1396 1364 1365
f 1396 1365 1397
f 1397 1365 1366
f 1397 1366 1398
f 1398 1366 1367
f 1398 1367 1399
f 1399 1367 1368
f 1399 1368 1400
f 1400 1368 1369
f 1400 1369 1401
f 1401 1369 1370
f 1401 1370 1402
f 1402 1370 1371
f 1402 1371 1403
f 1403 1371 1372
f 1403 1372 1404
f 1404 1372 1373
f 1404 1373 1405
f 1405 1373 1374
f 1405 1374 1406
f 1406 1374 1375
f 1406 1375 1407
f 1407 1375 1376
f 1407 1376 1408
f 1408 1376 1377
f 1408 1377 1409
f 1409 1377 1378
f 1409 1378 1410
f 1410 1378 1379
f 1410 1379 1411
f 1411 1379 1380
f 1411 1380 1412
f 1412 1380 1381
f 1412 1381 1413
f 1413 1381 1382
f 1413 1382 1414
f 1414 1382 1383
f 1414 1383 1415
f 1415 1383 1384
f 1415 1384 1416
f 1416 1384 1385
f 763 966 1129
f 1129 966 1386
f 1129 1386 1417
f 1417 1386 1387
f 1417 1387 1418
f 1418 1387 1388
f 1418 1388 1419
f 1419 1388 1389
f 1419 1389 1420
f 1420 1389 1390
f 1420 1390 1421
f 1421 1390 1391
f 1421 1391 1422
f 1422 1391 1392
f 1422 1392 1423
f 1423 1392 1393
f 1423 1393 1424
f 1424 1393 1394
f 1424 1394 1425
f 1425 1394 1395
f 1425 1395 1426
f 1426 1395 1396
f 1426 1396 1427
f 1427 1396 1397
f 1427 1397 1428
f 1428 1397 1398
f 1428 1398 1429
f 1429 1398 1399
f 1429 1399 1430
f 1430 1399 1400
f 1430 1400 1431
f 1431 1400 1401
f 1431 1401 1432
f 1432 1401 1402
f 1432 1402 1433
f 1433 1402 1403
f 1433 1403 1434
f 1434 1403 1404
f 1434 1404 1435
f 1435 1404 1405
f 1435 1405 1436
f 1436 1405 1406
f 1436 1406 1437
f 1437 1406 1407
f 1437 1407 1438
f 1438 1407 1408
f 1438 1408 1439
f 1439 1408 1409
f 1439 1409 1440
f 1440 1409 1410
f 1440 1410 1441
f 1441 1410 1411
f 1441 1411 1442
f 1442 1411 1412
f 1442 1412 1443
f 1443 1412 1413
f 1443 1413 1444
f 1444 1413 1414
f 1444 1414 1445
f 1445 1414 1415
f 1445 1415 1446
f 1446 1415 1416
f 594 1130 595
f 592 591 1447
f 1447 591 1129
f 1447 1129 1448
f 1448 1129 1417
f 1448 1417 1449
f 1449 1417 1418
f 1449 1418 1450
f 1450 1418 1419
f 1450 1419 1451
f 1451 1419 1420
f 1451 1420 1452
f 1452 1420 1421
f 1452 1421 1453
f 1453 1421 1422
f 1453 1422 1454
f 1454 1422 1423
f 1454 1423 1455
f 1455 1423 1424
f 1455 1424 1456
f 1456 1424 1425
f 1456 1425 1457
f 1457 1425 1426
f 1457 1426 1458
f 1458 1426 1427
f 1458 1427 1459
f 1459 1427 1428
f 1459 1428 1460
f 1460 1428 1429
f 1460 1429 1461
f 1461 1429 1430
f 1461 1430 1462
f 1462 1430 1431
f 1462 1431 1463
f 1463 1431 1432
f 1463 1432 1464
f 1464 1432 1433
f 1464 1433 1465
f 1465 1433 1434
f 1465 1434 1466
f 1466 1434 1435
f 1466 1435 1467
f 1467 1435 1436
f 1467 1436 1468
f 1468 1436 1437
f 1468 1437 1469
f 1469 1437 1438
f 1469 1438 1470
f 1470 1438 1439
f 1470 1439 1471
f 1471 1439 1440
f 1471 1440 1472
f 1472 1440 1441
f 1472 1441 1473
f 1473 1441 1442
f 1473 1442 1474
f 1474 1442 1443
f 1474 1443 1475
f 1475 1443 1444
f 1475 1444 1476
f 1476 1444 1445
f 1476 1445 1130
f 1130 1445 1446
f 1130 1446 595
f 595 1446 1416
f 595 1416 931
f 931 1416 1385
f 931 1385 899
f 899 1385 1354
f 899 1354 867
f 867 1354 1323
f 867 1323 835
f 835 1323 1292
f 835 1292 726
f 726 1292 1261
f 726 1261 727
f 727 1261 1230
f 727 1230 633
f 633 1230 1135
f 633 1135 634
f 634 1135 1136
f 634 1136 803
f 998 592 1477
f 1477 592 1447
f 1477 1447 1478
f 1478 1447 1448
f 1478 1448 1479
f 1479 1448 1449
f 1479 1449 1480
f 1480 1449 1450
f 1480 1450 1481
f 1481 1450 1451
f 1481 1451 1482
f 1482 1451 1452
f 1482 1452 1483
f 1483 1452 1453
f 1483 1453 1484
f 1484 1453 1454
f 1484 1454 1485
f 1485 1454 1455
f 1485 1455 1486
f 1486 1455 1456
f 1486 1456 1487
f 1487 1456 1457
f 1487 1457 1488
f 1488 1457 1458
f 1488 1458 1489
f 1489 1458 1459
f 1489 1459 1490
f 1490 1459 1460
f 1490 1460 1491
f 1491 1460 1461
f 1491 1461 1492
f 1492 1461 1462
f 1492 1462 1493
f 1493 1462 1463
f 1493 1463 1494
f 1494 1463 1464
f 1494 1464 1495
f 1495 1464 1465
f 1495 1465 1496
f 1496 1465 1466
f 1496 1466 1497
f 1497 1466 1467
f 1497 1467 1498
f 1498 1467 1468
f 1498 1468 1499
f 1499 1468 1469
f 1499 1469 1500
f 1500 1469 1470
f 1500 1470 1501
f 1501 1470 1471
f 1501 1471 1502
f 1502 1471 1472
f 1502 1472 1503
f 1503 1472 1473
f 1503 1473 1504
f 1504 1473 1474
f 1504 1474 1505
f 1505 1474 1475
f 1505 1475 1506
f 1506 1475 1476
f 1506 1476 1507
f 1507 1476 1130
f 1507 1130 1030
f 1030 1130 997
f 1031 998 1508
f 1508 998 1477
f 1508 1477 1509
f 1509 1477 1478
f 1509 1478 1510
f 1510 1478 1479
f 1510 1479 1511
f 1511 1479 1480
f 1511 1480 1512
f 1512 1480 1481
f 1512 1481 1513
f 1513 1481 1482
f 1513 1482 1514
f 1514 1482 1483
f 1514 1483 1515
f 1515 1483 1484
f 1515 1484 1516
f 1516 1484 1485
f 1516 1485 1517
f 1517 1485 1486
f 1517 1486 1518
f 1518 1486 1487
f 1518 1487 1519
f 1519 1487 1488
f 1519 1488 1520
f 1520 1488 1489
f 1520 1489 1521
f 1521 1489 1490
f 1521 1490 1522
f 1522 1490 1491
f 1522 1491 1523
f 1523 1491 1492
f 1523 1492 1524
f 1524 1492 1493
f 1524 1493 1525
f 1525 1493 1494
f 1525 1494 1526
f 1526 1494 1495
f 1526 1495 1527
f 1527 1495 1496
f 1527 1496 1528
f 1528 1496 1497
f 1528 1497 1529
f 1529 1497 1498
f 1529 1498 1530
f 1530 1498 1499
f 1530 1499 1531
f 1531 1499 1500
f 1531 1500 1532
f 1532 1500 1501
f 1532 1501 1533
f 1533 1501 1502
f 1533 1502 1534
f 1534 1502 1503
f 1534 1503 1535
f 1535 1503 1504
f 1535 1504 1536
f 1536 1504 1505
f 1536 1505 1537
f 1537 1505 1506
f 1537 1506 1538
f 1538 1506 1507
f 1538 1507 1063
f 1063 1507 1030
f 1064 1031 1539
f 1539 1031 1508
f 1539 1508 1540
f 1540 1508 1509
f 1540 1509 1541
f 1541 1509 1510
f 1541 1510 1542
f 1542 1510 1511
f 1542 1511 1543
f 1543 1511 1512
f 1543 1512 1544
f 1544 1512 1513
f 1544 1513 1545
f 1545 1513 1514
f 1545 1514 1546
f 1546 1514 1515
f 1546 1515 1547
f 1547 1515 1516
f 1547 1516 1548
f 1548 1516 1517
f 1548 1517 1549
f 1549 1517 1518
f 1549 1518 1550
f 1550 1518 1519
f 1550 1519 1551
f 1551 1519 1520
f 1551 1520 1552
f 1552 1520 1521
f 1552 1521 1553
f 1553 1521 1522
f 1553 1522 1554
f 1554 1522 1523
f 1554 1523 1555
f 1555 1523 1524
f 1555 1524 1556
f 1556 1524 1525
f 1556 1525 1557
f 1557 1525 1526
f 1557 1526 1558
f 1558 1526 1527
f 1558 1527 1559
f 1559 1527 1528
f 1559 1528 1560
f 1560 1528 1529
f 1560 1529 1561
f 1561 1529 1530
f 1561 1530 1562
f 1562 1530 1531
f 1562 1531 1563
f 1563 1531 1532
f 1563 1532 1564
f 1564 1532 1533
f 1564 1533 1565
f 1565 1533 1534
f 1565 1534 1566
f 1566 1534 1535
f 1566 1535 1567
f 1567 1535 1536
f 1567 1536 1568
f 1568 1536 1537
f 1568 1537 1569
f 1569 1537 1538
f 1569 1538 1096
f 1096 1538 1063
f 765 1064 1570
f 1570 1064 1539
f 1570 1539 1571
f 1571 1539 1540
f 1571 1540 1572
f 1572 1540 1541
f 1572 1541 1573
f 1573 1541 1542
f 1573 1542 1574
f 1574 1542 1543
f 1574 1543 1575
f 1575 1543 1544
f 1575 1544 1576
f 1576 1544 1545
f 1576 1545 1577
f 1577 1545 1546
f 1577 1546 1578
f 1578 1546 1547
f 1578 1547 1579
f 1579 1547 1548
f 1579 1548 1580
f 1580 1548 1549
f 1580 1549 1581
f 1581 1549 1550
f 1581 1550 1582
f 1582 1550 1551
f 1582 1551 1583
f 1583 1551 1552
f 1583 1552 1584
f 1584 1552 1553
f 1584 1553 1585
f 1585 1553 1554
f 1585 1554 1586
f 1586 1554 1555
f 1586 1555 1587
f 1587 1555 1556
f 1587 1556 1588
f 1588 1556 1557
f 1588 1557 1589
f 1589 1557 1558
f 1589 1558 1590
f 1590 1558 1559
f 1590 1559 1591
f 1591 1559 1560
f 1591 1560 1592
f 1592 1560 1561
f 1592 1561 1593
f 1593 1561 1562
f 1593 1562 1594
f 1594 1562 1563
f 1594 1563 1595
f 1595 1563 1564
f 1595 1564 1596
f 1596 1564 1565
f 1596 1565 1597
f 1597 1565 1566
f 1597 1566 1598
f 1598 1566 1567
f 1598 1567 1599
f 1599 1567 1568
f 1599 1568 1600
f 1600 1568 1569
f 1600 1569 1128
f 1128 1569 1096
f 764 765 1601
f 1601 765 1570
f 1601 1570 1602
f 1602 1570 1571
f 1602 1571 1603
f 1603 1571 1572
f 1603 1572 1604
f 1604 1572 1573
f 1604 1573 1605
f 1605 1573 1574
f 1605 1574 1606
f 1606 1574 1575
f 1606 1575 1607
f 1607 1575 1576
f 1607 1576 1608
f 1608 1576 1577
f 1608 1577 1609
f 1609 1577 1578
f 1609 1578 1610
f 1610 1578 1579
f 1610 1579 1611
f 1611 1579 1580
f 1611 1580 1612
f 1612 1580 1581
f 1612 1581 1613
f 1613 1581 1582
f 1613 1582 1614
f 1614 1582 1583
f 1614 1583 1615
f 1615 1583 1584
f 1615 1584 1616
f 1616 1584 1585
f 1616 1585 1617
f 1617 1585 1586
f 1617 1586 1618
f 1618 1586 1587
f 1618 1587 1619
f 1619 1587 1588
f 1619 1588 1620
f 1620 1588 1589
f 1620 1589 1621
f 1621 1589 1590
f 1621 1590 1622
f 1622 1590 1591
f 1622 1591 1623
f 1623 1591 1592
f 1623 1592 1624
f 1624 1592 1593
f 1624 1593 1625
f 1625 1593 1594
f 1625 1594 1626
f 1626 1594 1595
f 1626 1595 1627
f 1627 1595 1596
f 1627 1596 1628
f 1628 1596 1597
f 1628 1597 1629
f 1629 1597 1598
f 1629 1598 1630
f 1630 1598 1599
f 1630 1599 1631
f 1631 1599 1600
f 1631 1600 728
f 728 1600 1128
f 275 764 277
f 277 764 1601
f 277 1601 273
f 273 1601 1602
f 273 1602 215
f 215 1602 1603
f 215 1603 272
f 272 1603 1604
f 272 1604 218
f 218 1604 1605
f 218 1605 271
f 271 1605 1606
f 271 1606 269
f 269 1606 1607
f 269 1607 221
f 221 1607 1608
f 221 1608 268
f 268 1608 1609
f 268 1609 224
f 224 1609 1610
f 224 1610 267
f 267 1610 1611
f 267 1611 265
f 265 1611 1612
f 265 1612 263
f 263 1612 1613
f 263 1613 227
f 227 1613 1614
f 227 1614 262
f 262 1614 1615
f 262 1615 1632
f 1632 1615 1616
f 1632 1616 261
f 261 1616 1617
f 261 1617 233
f 233 1617 1618
f 233 1618 260
f 260 1618 1619
f 260 1619 258
f 258 1619 1620
f 258 1620 236
f 236 1620 1621
f 236 1621 257
f 257 1621 1622
f 257 1622 239
f 239 1622 1623
f 239 1623 256
f 256 1623 1624
f 256 1624 254
f 254 1624 1625
f 254 1625 252
f 252 1625 1626
f 252 1626 242
f 242 1626 1627
f 242 1627 251
f 251 1627 1628
f 251 1628 245
f 245 1628 1629
f 245 1629 249
f 249 1629 1630
f 249 1630 246
f 246 1630 1631
f 246 1631 247
f 247 1631 728
f 1194 769 52
f 52 769 54
f 1194 52 1196
f 1196 52 50
f 1196 50 1198
f 1198 50 1199
f 1199 50 48
f 1199 48 1187
f 1187 48 1189
f 1189 48 46
f 1189 46 1191
f 1191 46 1192
f 1192 46 44
f 1192 44 1180
f 1180 44 1182
f 1182 44 42
f 1182 42 1184
f 1184 42 1185
f 1185 42 40
f 1185 40 1167
f 1167 40 1169
f 1169 40 38
f 1169 38 1171
f 1171 38 1173
f 1173 38 36
f 1173 36 1175
f 1175 36 1177
f 1177 36 34
f 1177 34 1178
f 1178 34 32
f 1178 32 1160
f 1160 32 1162
f 1162 32 30
f 1162 30 1164
f 1164 30 1165
f 1165 30 29
f 1165 29 1153
f 1153 29 1155
f 1155 29 6
f 1155 6 1157
f 1157 6 1158
f 1158 6 18
f 1158 18 1138
f 1138 18 1140
f 1140 18 20
f 1140 20 1142
f 1142 20 22
f 1142 22 1144
f 1144 22 1146
f 1146 22 24
f 1146 24 1148
f 1148 24 1150
f 1150 24 26
f 1150 26 1151
f 1151 26 1132
f 1132 26 28
f 1132 28 1134
f 1134 28 1136
f 1136 28 59
f 1136 59 803
f 212 60 58
f 482 540 57
f 57 540 539
f 57 539 58
f 58 539 537
f 58 537 212
f 482 57 484
f 484 57 27
f 484 27 486
f 486 27 488
f 488 27 25
f 488 25 490
f 490 25 491
f 491 25 23
f 491 23 493
f 463 498 21
f 21 498 497
f 21 497 23
f 23 497 495
f 23 495 493
f 463 21 465
f 465 21 19
f 465 19 467
f 467 19 469
f 469 19 5
f 469 5 471
f 471 5 472
f 472 5 4
f 472 4 474
f 33 480 31
f 31 480 478
f 31 478 4
f 4 478 476
f 4 476 474
f 35 543 33
f 33 543 545
f 33 545 480
f 37 515 35
f 35 515 517
f 35 517 543
f 39 511 37
f 37 511 513
f 37 513 515
f 41 532 39
f 39 532 509
f 39 509 511
f 43 528 41
f 41 528 530
f 41 530 532
f 45 524 43
f 43 524 526
f 43 526 528
f 47 520 45
f 45 520 522
f 45 522 524
f 49 460 47
f 47 460 459
f 47 459 520
f 502 508 51
f 51 508 507
f 51 507 49
f 49 507 505
f 49 505 460
f 502 51 500
f 500 51 53
f 500 53 167
f 456 457 1633
f 1634 1635 1636
f 1637 1638 1639
f 1639 1640 1637
f 1637 1640 1641
f 1637 1641 1642
f 1642 1641 1643
f 1642 1643 1644
f 1643 1645 1644
f 1644 1645 1646
f 1644 1646 1647
f 1646 1648 1647
f 1647 1648 1649
f 1647 1649 1650
f 1650 1649 1651
f 1650 1651 1652
f 1651 1653 1652
f 1652 1653 1654
f 1652 1654 1655
f 1655 1654 1656
f 1655 1656 1657
f 1656 1658 1657
f 1657 1658 1659
f 1657 1659 1660
f 1660 1659 1661
f 1660 1661 1662
f 1661 1663 1662
f 1662 1663 1664
f 1662 1664 1665
f 1665 1664 1666
f 1665 1666 1667
f 1666 1668 1667
f 1667 1668 1669
f 1667 1669 1670
f 1670 1669 1671
f 1670 1671 1672
f 1671 1673 1672
f 1672 1673 1674
f 1672 1674 1675
f 1675 1674 1676
f 1675 1676 1677
f 1676 1678 1677
f 1677 1678 1679
f 1677 1679 1680
f 1680 1679 1681
f 1680 1681 1682
f 1681 1683 1682
f 1682 1683 1684
f 1682 1684 1685
f 1685 1684 1686
f 1685 1686 1687
f 1686 1688 1687
f 1687 1688 1689
f 1687 1689 1690
f 1690 1689 1691
f 1690 1691 1692
f 1692 1691 1693
f 1692 1693 1694
f 1693 1695 1694
f 1694 1695 1696
f 1694 1696 1697
f 1697 1696 1698
f 1697 1698 1699
f 1700 1635 1701
f 1701 1635 1634
f 1701 1634 1702
f 1702 1634 1699
f 1702 1699 1703
f 1703 1699 1698
f 1704 1705 1638
f 1638 1637 1704
f 1704 1637 1642
f 1704 1642 1706
f 1706 1642 1644
f 1706 1644 1707
f 1707 1644 1647
f 1707 1647 1708
f 1708 1647 1650
f 1708 1650 1709
f 1709 1650 1652
f 1709 1652 1710
f 1710 1652 1655
f 1710 1655 1711
f 1711 1655 1657
f 1711 1657 1712
f 1712 1657 1660
f 1712 1660 1713
f 1713 1660 1662
f 1713 1662 1714
f 1714 1662 1665
f 1714 1665 1715
f 1715 1665 1667
f 1715 1667 1716
f 1716 1667 1670
f 1716 1670 1717
f 1717 1670 1672
f 1717 1672 1718
f 1718 1672 1675
f 1718 1675 1719
f 1719 1675 1677
f 1719 1677 1720
f 1720 1677 1680
f 1720 1680 1721
f 1721 1680 1682
f 1721 1682 1722
f 1722 1682 1685
f 1722 1685 1723
f 1723 1685 1687
f 1723 1687 1724
f 1724 1687 1690
f 1724 1690 1725
f 1725 1690 1692
f 1725 1692 1726
f 1726 1692 1694
f 1726 1694 1727
f 1727 1694 1697
f 1727 1697 1728
f 1728 1697 1699
f 1728 1699 1729
f 1729 1699 1634
f 1729 1634 1730
f 1730 1634 1636
f 1730 1636 1731
f 1732 1733 1705
f 1705 1704 1732
f 1732 1704 1706
f 1732 1706 1734
f 1734 1706 1707
f 1734 1707 1735
f 1735 1707 1708
f 1735 1708 1736
f 1736 1708 1709
f 1736 1709 1737
f 1737 1709 1710
f 1737 1710 1738
f 1738 1710 1711
f 1738 1711 1739
f 1739 1711 1712
f 1739 1712 1740
f 1740 1712 1713
f 1740 1713 1741
f 1741 1713 1714
f 1741 1714 1742
f 1742 1714 1715
f 1742 1715 1743
f 1743 1715 1716
f 1743 1716 1744
f 1744 1716 1717
f 1744 1717 1745
f 1745 1717 1718
f 1745 1718 1746
f 1746 1718 1719
f 1746 1719 1747
f 1747 1719 1720
f 1747 1720 1748
f 1748 1720 1721
f 1748 1721 1749
f 1749 1721 1722
f 1749 1722 1750
f 1750 1722 1723
f 1750 1723 1751
f 1751 1723 1724
f 1751 1724 1752
f 1752 1724 1725
f 1752 1725 1753
f 1753 1725 1726
f 1753 1726 1754
f 1754 1726 1727
f 1754 1727 1755
f 1755 1727 1728
f 1755 1728 1756
f 1756 1728 1729
f 1756 1729 1757
f 1757 1729 1730
f 1757 1730 1758
f 1758 1730 1731
f 1758 1731 1759
f 1760 1761 1733
f 1733 1732 1760
f 1760 1732 1734
f 1760 1734 1762
f 1762 1734 1735
f 1762 1735 1763
f 1763 1735 1736
f 1763 1736 1764
f 1764 1736 1737
f 1764 1737 1765
f 1765 1737 1738
f 1765 1738 1766
f 1766 1738 1739
f 1766 1739 1767
f 1767 1739 1740
f 1767 1740 1768
f 1768 1740 1741
f 1768 1741 1769
f 1769 1741 1742
f 1769 1742 1770
f 1770 1742 1743
f 1770 1743 1771
f 1771 1743 1744
f 1771 1744 1772
f 1772 1744 1745
f 1772 1745 1773
f 1773 1745 1746
f 1773 1746 1774
f 1774 1746 1747
f 1774 1747 1775
f 1775 1747 1748
f 1775 1748 1776
f 1776 1748 1749
f 1776 1749 1777
f 1777 1749 1750
f 1777 1750 1778
f 1778 1750 1751
f 1778 1751 1779
f 1779 1751 1752
f 1779 1752 1780
f 1780 1752 1753
f 1780 1753 1781
f 1781 1753 1754
f 1781 1754 1782
f 1782 1754 1755
f 1782 1755 1783
f 1783 1755 1756
f 1783 1756 1784
f 1784 1756 1757
f 1784 1757 1785
f 1785 1757 1758
f 1785 1758 1786
f 1786 1758 1759
f 1786 1759 1787
f 1788 1789 1761
f 1761 1760 1788
f 1788 1760 1762
f 1788 1762 1790
f 1790 1762 1763
f 1790 1763 1791
f 1791 1763 1764
f 1791 1764 1792
f 1792 1764 1765
f 1792 1765 1793
f 1793 1765 1766
f 1793 1766 1794
f 1794 1766 1767
f 1794 1767 1795
f 1795 1767 1768
f 1795 1768 1796
f 1796 1768 1769
f 1796 1769 1797
f 1797 1769 1770
f 1797 1770 1798
f 1798 1770 1771
f 1798 1771 1799
f 1799 1771 1772
f 1799 1772 1800
f 1800 1772 1773
f 1800 1773 1801
f 1801 1773 1774
f 1801 1774 1802
f 1802 1774 1775
f 1802 1775 1803
f 1803 1775 1776
f 1803 1776 1804
f 1804 1776 1777
f 1804 1777 1805
f 1805 1777 1778
f 1805 1778 1806
f 1806 1778 1779
f 1806 1779 1807
f 1807 1779 1780
f 1807 1780 1808
f 1808 1780 1781
f 1808 1781 1809
f 1809 1781 1782
f 1809 1782 1810
f 1810 1782 1783
f 1810 1783 1811
f 1811 1783 1784
f 1811 1784 1812
f 1812 1784 1785
f 1812 1785 1813
f 1813 1785 1786
f 1813 1786 1814
f 1814 1786 1787
f 1814 1787 1815
f 1816 1817 1789
f 1789 1788 1816
f 1816 1788 1790
f 1816 1790 1818
f 1818 1790 1791
f 1818 1791 1819
f 1819 1791 1792
f 1819 1792 1820
f 1820 1792 1793
f 1820 1793 1821
f 1821 1793 1794
f 1821 1794 1822
f 1822 1794 1795
f 1822 1795 1823
f 1823 1795 1796
f 1823 1796 1824
f 1824 1796 1797
f 1824 1797 1825
f 1825 1797 1798
f 1825 1798 1826
f 1826 1798 1799
f 1826 1799 1827
f 1827 1799 1800
f 1827 1800 1828
f 1828 1800 1801
f 1828 1801 1829
f 1829 1801 1802
f 1829 1802 1830
f 1830 1802 1803
f 1830 1803 1831
f 1831 1803 1804
f 1831 1804 1832
f 1832 1804 1805
f 1832 1805 1833
f 1833 1805 1806
f 1833 1806 1834
f 1834 1806 1807
f 1834 1807 1835
f 1835 1807 1808
f 1835 1808 1836
f 1836 1808 1809
f 1836 1809 1837
f 1837 1809 1810
f 1837 1810 1838
f 1838 1810 1811
f 1838 1811 1839
f 1839 1811 1812
f 1839 1812 1840
f 1840 1812 1813
f 1840 1813 1841
f 1841 1813 1814
f 1841 1814 1842
f 1842 1814 1815
f 1842 1815 1843
f 1844 1845 1817
f 1817 1816 1844
f 1844 1816 1818
f 1844 1818 1846
f 1846 1818 1819
f 1846 1819 1847
f 1847 1819 1820
f 1847 1820 1848
f 1848 1820 1821
f 1848 1821 1849
f 1849 1821 1822
f 1849 1822 1850
f 1850 1822 1823
f 1850 1823 1851
f 1851 1823 1824
f 1851 1824 1852
f 1852 1824 1825
f 1852 1825 1853
f 1853 1825 1826
f 1853 1826 1854
f 1854 1826 1827
f 1854 1827 1855
f 1855 1827 1828
f 1855 1828 1856
f 1856 1828 1829
f 1856 1829 1857
f 1857 1829 1830
f 1857 1830 1858
f 1858 1830 1831
f 1858 1831 1859
f 1859 1831 1832
f 1859 1832 1860
f 1860 1832 1833
f 1860 1833 1861
f 1861 1833 1834
f 1861 1834 1862
f 1862 1834 1835
f 1862 1835 1863
f 1863 1835 1836
f 1863 1836 1864
f 1864 1836 1837
f 1864 1837 1865
f 1865 1837 1838
f 1865 1838 1866
f 1866 1838 1839
f 1866 1839 1867
f 1867 1839 1840
f 1867 1840 1868
f 1868 1840 1841
f 1868 1841 1869
f 1869 1841 1842
f 1869 1842 1870
f 1870 1842 1843
f 1870 1843 1871
f 1872 1873 1845
f 1845 1844 1872
f 1872 1844 1846
f 1872 1846 1874
f 1874 1846 1847
f 1874 1847 1875
f 1875 1847 1848
f 1875 1848 1876
f 1876 1848 1849
f 1876 1849 1877
f 1877 1849 1850
f 1877 1850 1878
f 1878 1850 1851
f 1878 1851 1879
f 1879 1851 1852
f 1879 1852 1880
f 1880 1852 1853
f 1880 1853 1881
f 1881 1853 1854
f 1881 1854 1882
f 1882 1854 1855
f 1882 1855 1883
f 1883 1855 1856
f 1883 1856 1884
f 1884 1856 1857
f 1884 1857 1885
f 1885 1857 1858
f 1885 1858 1886
f 1886 1858 1859
f 1886 1859 1887
f 1887 1859 1860
f 1887 1860 1888
f 1888 1860 1861
f 1888 1861 1889
f 1889 1861 1862
f 1889 1862 1890
f 1890 1862 1863
f 1890 1863 1891
f 1891 1863 1864
f 1891 1864 1892
f 1892 1864 1865
f 1892 1865 1893
f 1893 1865 1866
f 1893 1866 1894
f 1894 1866 1867
f 1894 1867 1895
f 1895 1867 1868
f 1895 1868 1896
f 1896 1868 1869
f 1896 1869 1897
f 1897 1869 1870
f 1897 1870 1898
f 1898 1870 1871
f 1898 1871 1899
f 1900 1901 1873
f 1873 1872 1900
f 1900 1872 1874
f 1900 1874 1902
f 1902 1874 1875
f 1902 1875 1903
f 1903 1875 1876
f 1903 1876 1904
f 1904 1876 1877
f 1904 1877 1905
f 1905 1877 1878
f 1905 1878 1906
f 1906 1878 1879
f 1906 1879 1907
f 1907 1879 1880
f 1907 1880 1908
f 1908 1880 1881
f 1908 1881 1909
f 1909 1881 1882
f 1909 1882 1910
f 1910 1882 1883
f 1910 1883 1911
f 1911 1883 1884
f 1911 1884 1912
f 1912 1884 1885
f 1912 1885 1913
f 1913 1885 1886
f 1913 1886 1914
f 1914 1886 1887
f 1914 1887 1915
f 1915 1887 1888
f 1915 1888 1916
f 1916 1888 1889
f 1916 1889 1917
f 1917 1889 1890
f 1917 1890 1918
f 1918 1890 1891
f 1918 1891 1919
f 1919 1891 1892
f 1919 1892 1920
f 1920 1892 1893
f 1920 1893 1921
f 1921 1893 1894
f 1921 1894 1922
f 1922 1894 1895
f 1922 1895 1923
f 1923 1895 1896
f 1923 1896 1924
f 1924 1896 1897
f 1924 1897 1925
f 1925 1897 1898
f 1925 1898 1926
f 1926 1898 1899
f 1926 1899 1927
f 1928 1929 1901
f 1901 1900 1928
f 1928 1900 1902
f 1928 1902 1930
f 1930 1902 1903
f 1930 1903 1931
f 1931 1903 1904
f 1931 1904 1932
f 1932 1904 1905
f 1932 1905 1933
f 1933 1905 1906
f 1933 1906 1934
f 1934 1906 1907
f 1934 1907 1935
f 1935 1907 1908
f 1935 1908 1936
f 1936 1908 1909
f 1936 1909 1937
f 1937 1909 1910
f 1937 1910 1938
f 1938 1910 1911
f 1938 1911 1939
f 1939 1911 1912
f 1939 1912 1940
f 1940 1912 1913
f 1940 1913 1941
f 1941 1913 1914
f 1941 1914 1942
f 1942 1914 1915
f 1942 1915 1943
f 1943 1915 1916
f 1943 1916 1944
f 1944 1916 1917
f 1944 1917 1945
f 1945 1917 1918
f 1945 1918 1946
f 1946 1918 1919
f 1946 1919 1947
f 1947 1919 1920
f 1947 1920 1948
f 1948 1920 1921
f 1948 1921 1949
f 1949 1921 1922
f 1949 1922 1950
f 1950 1922 1923
f 1950 1923 1951
f 1951 1923 1924
f 1951 1924 1952
f 1952 1924 1925
f 1952 1925 1953
f 1953 1925 1926
f 1953 1926 1954
f 1954 1926 1927
f 1954 1927 1955
f 1929 1928 1956
f 1956 1928 1930
f 1956 1930 1957
f 1957 1930 1931
f 1957 1931 1958
f 1958 1931 1932
f 1958 1932 1959
f 1959 1932 1933
f 1959 1933 1960
f 1960 1933 1934
f 1960 1934 1961
f 1961 1934 1935
f 1961 1935 1962
f 1962 1935 1936
f 1962 1936 1963
f 1963 1936 1937
f 1963 1937 1964
f 1964 1937 1938
f 1964 1938 1965
f 1965 1938 1939
f 1965 1939 1966
f 1966 1939 1940
f 1966 1940 1967
f 1967 1940 1941
f 1967 1941 1968
f 1968 1941 1942
f 1968 1942 1969
f 1969 1942 1943
f 1969 1943 1970
f 1970 1943 1944
f 1970 1944 1971
f 1971 1944 1945
f 1971 1945 1972
f 1972 1945 1946
f 1972 1946 1973
f 1973 1946 1947
f 1973 1947 1974
f 1974 1947 1948
f 1974 1948 1975
f 1975 1948 1949
f 1975 1949 1976
f 1976 1949 1950
f 1976 1950 1977
f 1977 1950 1951
f 1977 1951 1978
f 1978 1951 1952
f 1978 1952 1979
f 1979 1952 1953
f 1979 1953 1980
f 1980 1953 1954
f 1980 1954 1981
f 1981 1954 1955
f 1981 1955 1982
f 1983 1984 1985
f 334 1984 402
f 402 1984 1983
f 402 1983 403
f 403 1983 405
f 405 1983 1986
f 405 1986 406
f 406 1986 407
f 407 1986 1987
f 407 1987 404
f 412 413 1988
f 1988 413 410
f 1988 410 1989
f 1989 410 409
f 1989 409 1987
f 1987 409 408
f 1987 408 404
f 412 1988 411
f 411 1988 1990
f 411 1990 414
f 414 1990 417
f 417 1990 1991
f 417 1991 416
f 416 1991 415
f 415 1991 1992
f 415 1992 418
f 1993 420 1992
f 1992 420 419
f 1992 419 418
f 425 426 1994
f 1994 426 423
f 1994 423 1995
f 1995 423 422
f 1995 422 1993
f 1993 422 421
f 1993 421 420
f 425 1994 424
f 424 1994 1996
f 424 1996 427
f 427 1996 429
f 429 1996 1997
f 429 1997 430
f 1998 428 1997
f 1997 428 1999
f 1997 1999 430
f 436 437 2000
f 2000 437 434
f 2000 434 2001
f 2001 434 433
f 2001 433 1998
f 1998 433 432
f 1998 432 428
f 436 2000 435
f 435 2000 2002
f 435 2002 438
f 438 2002 440
f 440 2002 2003
f 440 2003 441
f 441 2003 442
f 442 2003 2004
f 442 2004 439
f 2005 445 2006
f 2006 445 444
f 2006 444 2004
f 2004 444 443
f 2004 443 439
f 449 450 2007
f 2007 450 447
f 2007 447 2005
f 2005 447 446
f 2005 446 445
f 449 2007 448
f 448 2007 2008
f 448 2008 451
f 451 2008 453
f 453 2008 2009
f 453 2009 454
f 1633 457 2010
f 457 458 2010
f 2010 458 452
f 2010 452 2009
f 2009 452 455
f 2009 455 454
f 279 456 1982
f 1982 456 1633
f 1982 1633 1981
f 1981 1633 2010
f 1981 2010 1980
f 1980 2010 2009
f 1980 2009 1979
f 1979 2009 2008
f 1979 2008 1978
f 1978 2008 2007
f 1978 2007 1977
f 1977 2007 2005
f 1977 2005 1976
f 1976 2005 2006
f 1976 2006 1975
f 1975 2006 2004
f 1975 2004 1974
f 1974 2004 2003
f 1974 2003 1973
f 1973 2003 2002
f 1973 2002 1972
f 1972 2002 2000
f 1972 2000 1971
f 1971 2000 2001
f 1971 2001 1970
f 1970 2001 1998
f 1970 1998 1969
f 1969 1998 1997
f 1969 1997 1968
f 1968 1997 1996
f 1968 1996 1967
f 1967 1996 1994
f 1967 1994 1966
f 1966 1994 1995
f 1966 1995 1965
f 1965 1995 1993
f 1965 1993 1964
f 1964 1993 1992
f 1964 1992 1963
f 1963 1992 1991
f 1963 1991 1962
f 1962 1991 1990
f 1962 1990 1961
f 1961 1990 1988
f 1961 1988 1960
f 1960 1988 1989
f 1960 1989 1959
f 1959 1989 1987
f 1959 1987 1958
f 1958 1987 1986
f 1958 1986 1957
f 1957 1986 1983
f 1957 1983 1956
f 1956 1983 1985
f 1956 1985 1929
f 121 1700 1701
f 121 1701 119
f 119 1701 1702
f 119 1702 117
f 1702 1703 117
f 117 1703 1698
f 117 1698 115
f 1698 1696 115
f 115 1696 1695
f 115 1695 113
f 1695 1693 113
f 113 1693 1691
f 113 1691 111
f 1691 1689 111
f 111 1689 1688
f 111 1688 109
f 1688 1686 109
f 109 1686 1684
f 109 1684 107
f 1684 1683 107
f 107 1683 1681
f 107 1681 105
f 1681 1679 105
f 105 1679 1678
f 105 1678 103
f 1678 1676 103
f 103 1676 1674
f 103 1674 101
f 1674 1673 101
f 101 1673 1671
f 101 1671 99
f 1671 1669 99
f 99 1669 1668
f 99 1668 97
f 1668 1666 97
f 97 1666 1664
f 97 1664 95
f 1664 1663 95
f 95 1663 1661
f 95 1661 93
f 1661 1659 93
f 93 1659 1658
f 93 1658 91
f 1658 1656 91
f 91 1656 1654
f 91 1654 89
f 1654 1653 89
f 89 1653 1651
f 89 1651 87
f 1646 85 1648
f 1648 85 87
f 1648 87 1649
f 1649 87 1651
f 1646 1645 85
f 85 1645 1643
f 85 1643 164
f 1639 162 1640
f 1640 162 164
f 1640 164 1641
f 1641 164 1643
f 163 499 556
f 163 556 165
f 165 556 555
f 165 555 166
f 555 554 166
f 166 554 560
f 166 560 86
f 560 559 86
f 86 559 558
f 86 558 88
f 558 557 88
f 88 557 561
f 88 561 90
f 561 562 90
f 90 562 563
f 90 563 92
f 563 564 92
f 92 564 568
f 92 568 94
f 568 567 94
f 94 567 566
f 94 566 96
f 570 98 569
f 569 98 96
f 569 96 565
f 565 96 566
f 570 553 98
f 98 553 552
f 98 552 100
f 552 551 100
f 100 551 550
f 100 550 102
f 102 550 549
f 102 549 104
f 573 106 572
f 572 106 104
f 572 104 571
f 571 104 549
f 573 574 106
f 106 574 575
f 106 575 108
f 578 110 577
f 577 110 108
f 577 108 576
f 576 108 575
f 578 579 110
f 110 579 580
f 110 580 112
f 580 581 112
f 112 581 582
f 112 582 114
f 582 583 114
f 114 583 584
f 114 584 116
f 587 118 586
f 586 118 116
f 586 116 585
f 585 116 584
f 587 588 118
f 118 588 589
f 118 589 120
f 535 122 548
f 548 122 120
f 548 120 590
f 590 120 589
f 335 336 2011
f 2012 2013 2014
f 2015 1635 1700
f 1700 2016 2015
f 2015 2016 2017
f 2015 2017 2018
f 2018 2017 2019
f 2018 2019 2020
f 2019 2021 2020
f 2020 2021 2022
f 2020 2022 2023
f 2022 2024 2023
f 2023 2024 2025
f 2023 2025 2026
f 2026 2025 2027
f 2026 2027 2028
f 2027 2029 2028
f 2028 2029 2030
f 2028 2030 2031
f 2031 2030 2032
f 2031 2032 2033
f 2032 2034 2033
f 2033 2034 2035
f 2033 2035 2036
f 2036 2035 2037
f 2036 2037 2038
f 2037 2039 2038
f 2038 2039 2040
f 2038 2040 2041
f 2041 2040 2042
f 2041 2042 2043
f 2042 2044 2043
f 2043 2044 2045
f 2043 2045 2046
f 2045 2047 2046
f 2046 2047 2048
f 2046 2048 2049
f 2049 2048 2050
f 2049 2050 2051
f 2051 2050 2052
f 2051 2052 2053
f 2052 2054 2053
f 2053 2054 2055
f 2053 2055 2056
f 2056 2055 2057
f 2056 2057 2058
f 2057 2059 2058
f 2058 2059 2060
f 2058 2060 2061
f 2061 2060 2062
f 2061 2062 2063
f 2062 2064 2063
f 2063 2064 2065
f 2063 2065 2066
f 2066 2065 2067
f 2066 2067 2068
f 2068 2067 2069
f 2068 2069 2070
f 2069 2071 2070
f 2070 2071 2072
f 2070 2072 2073
f 2073 2072 2074
f 2073 2074 2075
f 1639 2013 2076
f 2076 2013 2012
f 2076 2012 2077
f 2077 2012 2075
f 2077 2075 2078
f 2078 2075 2074
f 2079 1636 1635
f 1635 2015 2079
f 2079 2015 2018
f 2079 2018 2080
f 2080 2018 2020
f 2080 2020 2081
f 2081 2020 2023
f 2081 2023 2082
f 2082 2023 2026
f 2082 2026 2083
f 2083 2026 2028
f 2083 2028 2084
f 2084 2028 2031
f 2084 2031 2085
f 2085 2031 2033
f 2085 2033 2086
f 2086 2033 2036
f 2086 2036 2087
f 2087 2036 2038
f 2087 2038 2088
f 2088 2038 2041
f 2088 2041 2089
f 2089 2041 2043
f 2089 2043 2090
f 2090 2043 2046
f 2090 2046 2091
f 2091 2046 2049
f 2091 2049 2092
f 2092 2049 2051
f 2092 2051 2093
f 2093 2051 2053
f 2093 2053 2094
f 2094 2053 2056
f 2094 2056 2095
f 2095 2056 2058
f 2095 2058 2096
f 2096 2058 2061
f 2096 2061 2097
f 2097 2061 2063
f 2097 2063 2098
f 2098 2063 2066
f 2098 2066 2099
f 2099 2066 2068
f 2099 2068 2100
f 2100 2068 2070
f 2100 2070 2101
f 2101 2070 2073
f 2101 2073 2102
f 2102 2073 2075
f 2102 2075 2103
f 2103 2075 2012
f 2103 2012 2104
f 2104 2012 2014
f 2104 2014 2105
f 2106 1731 1636
f 1636 2079 2106
f 2106 2079 2080
f 2106 2080 2107
f 2107 2080 2081
f 2107 2081 2108
f 2108 2081 2082
f 2108 2082 2109
f 2109 2082 2083
f 2109 2083 2110
f 2110 2083 2084
f 2110 2084 2111
f 2111 2084 2085
f 2111 2085 2112
f 2112 2085 2086
f 2112 2086 2113
f 2113 2086 2087
f 2113 2087 2114
f 2114 2087 2088
f 2114 2088 2115
f 2115 2088 2089
f 2115 2089 2116
f 2116 2089 2090
f 2116 2090 2117
f 2117 2090 2091
f 2117 2091 2118
f 2118 2091 2092
f 2118 2092 2119
f 2119 2092 2093
f 2119 2093 2120
f 2120 2093 2094
f 2120 2094 2121
f 2121 2094 2095
f 2121 2095 2122
f 2122 2095 2096
f 2122 2096 2123
f 2123 2096 2097
f 2123 2097 2124
f 2124 2097 2098
f 2124 2098 2125
f 2125 2098 2099
f 2125 2099 2126
f 2126 2099 2100
f 2126 2100 2127
f 2127 2100 2101
f 2127 2101 2128
f 2128 2101 2102
f 2128 2102 2129
f 2129 2102 2103
f 2129 2103 2130
f 2130 2103 2104
f 2130 2104 2131
f 2131 2104 2105
f 2131 2105 2132
f 2133 1759 1731
f 1731 2106 2133
f 2133 2106 2107
f 2133 2107 2134
f 2134 2107 2108
f 2134 2108 2135
f 2135 2108 2109
f 2135 2109 2136
f 2136 2109 2110
f 2136 2110 2137
f 2137 2110 2111
f 2137 2111 2138
f 2138 2111 2112
f 2138 2112 2139
f 2139 2112 2113
f 2139 2113 2140
f 2140 2113 2114
f 2140 2114 2141
f 2141 2114 2115
f 2141 2115 2142
f 2142 2115 2116
f 2142 2116 2143
f 2143 2116 2117
f 2143 2117 2144
f 2144 2117 2118
f 2144 2118 2145
f 2145 2118 2119
f 2145 2119 2146
f 2146 2119 2120
f 2146 2120 2147
f 2147 2120 2121
f 2147 2121 2148
f 2148 2121 2122
f 2148 2122 2149
f 2149 2122 2123
f 2149 2123 2150
f 2150 2123 2124
f 2150 2124 2151
f 2151 2124 2125
f 2151 2125 2152
f 2152 2125 2126
f 2152 2126 2153
f 2153 2126 2127
f 2153 2127 2154
f 2154 2127 2128
f 2154 2128 2155
f 2155 2128 2129
f 2155 2129 2156
f 2156 2129 2130
f 2156 2130 2157
f 2157 2130 2131
f 2157 2131 2158
f 2158 2131 2132
f 2158 2132 2159
f 2160 1787 1759
f 1759 2133 2160
f 2160 2133 2134
f 2160 2134 2161
f 2161 2134 2135
f 2161 2135 2162
f 2162 2135 2136
f 2162 2136 2163
f 2163 2136 2137
f 2163 2137 2164
f 2164 2137 2138
f 2164 2138 2165
f 2165 2138 2139
f 2165 2139 2166
f 2166 2139 2140
f 2166 2140 2167
f 2167 2140 2141
f 2167 2141 2168
f 2168 2141 2142
f 2168 2142 2169
f 2169 2142 2143
f 2169 2143 2170
f 2170 2143 2144
f 2170 2144 2171
f 2171 2144 2145
f 2171 2145 2172
f 2172 2145 2146
f 2172 2146 2173
f 2173 2146 2147
f 2173 2147 2174
f 2174 2147 2148
f 2174 2148 2175
f 2175 2148 2149
f 2175 2149 2176
f 2176 2149 2150
f 2176 2150 2177
f 2177 2150 2151
f 2177 2151 2178
f 2178 2151 2152
f 2178 2152 2179
f 2179 2152 2153
f 2179 2153 2180
f 2180 2153 2154
f 2180 2154 2181
f 2181 2154 2155
f 2181 2155 2182
f 2182 2155 2156
f 2182 2156 2183
f 2183 2156 2157
f 2183 2157 2184
f 2184 2157 2158
f 2184 2158 2185
f 2185 2158 2159
f 2185 2159 2186
f 2187 1815 1787
f 1787 2160 2187
f 2187 2160 2161
f 2187 2161 2188
f 2188 2161 2162
f 2188 2162 2189
f 2189 2162 2163
f 2189 2163 2190
f 2190 2163 2164
f 2190 2164 2191
f 2191 2164 2165
f 2191 2165 2192
f 2192 2165 2166
f 2192 2166 2193
f 2193 2166 2167
f 2193 2167 2194
f 2194 2167 2168
f 2194 2168 2195
f 2195 2168 2169
f 2195 2169 2196
f 2196 2169 2170
f 2196 2170 2197
f 2197 2170 2171
f 2197 2171 2198
f 2198 2171 2172
f 2198 2172 2199
f 2199 2172 2173
f 2199 2173 2200
f 2200 2173 2174
f 2200 2174 2201
f 2201 2174 2175
f 2201 2175 2202
f 2202 2175 2176
f 2202 2176 2203
f 2203 2176 2177
f 2203 2177 2204
f 2204 2177 2178
f 2204 2178 2205
f 2205 2178 2179
f 2205 2179 2206
f 2206 2179 2180
f 2206 2180 2207
f 2207 2180 2181
f 2207 2181 2208
f 2208 2181 2182
f 2208 2182 2209
f 2209 2182 2183
f 2209 2183 2210
f 2210 2183 2184
f 2210 2184 2211
f 2211 2184 2185
f 2211 2185 2212
f 2212 2185 2186
f 2212 2186 2213
f 2214 1843 1815
f 1815 2187 2214
f 2214 2187 2188
f 2214 2188 2215
f 2215 2188 2189
f 2215 2189 2216
f 2216 2189 2190
f 2216 2190 2217
f 2217 2190 2191
f 2217 2191 2218
f 2218 2191 2192
f 2218 2192 2219
f 2219 2192 2193
f 2219 2193 2220
f 2220 2193 2194
f 2220 2194 2221
f 2221 2194 2195
f 2221 2195 2222
f 2222 2195 2196
f 2222 2196 2223
f 2223 2196 2197
f 2223 2197 2224
f 2224 2197 2198
f 2224 2198 2225
f 2225 2198 2199
f 2225 2199 2226
f 2226 2199 2200
f 2226 2200 2227
f 2227 2200 2201
f 2227 2201 2228
f 2228 2201 2202
f 2228 2202 2229
f 2229 2202 2203
f 2229 2203 2230
f 2230 2203 2204
f 2230 2204 2231
f 2231 2204 2205
f 2231 2205 2232
f 2232 2205 2206
f 2232 2206 2233
f 2233 2206 2207
f 2233 2207 2234
f 2234 2207 2208
f 2234 2208 2235
f 2235 2208 2209
f 2235 2209 2236
f 2236 2209 2210
f 2236 2210 2237
f 2237 2210 2211
f 2237 2211 2238
f 2238 2211 2212
f 2238 2212 2239
f 2239 2212 2213
f 2239 2213 2240
f 2241 1871 1843
f 1843 2214 2241
f 2241 2214 2215
f 2241 2215 2242
f 2242 2215 2216
f 2242 2216 2243
f 2243 2216 2217
f 2243 2217 2244
f 2244 2217 2218
f 2244 2218 2245
f 2245 2218 2219
f 2245 2219 2246
f 2246 2219 2220
f 2246 2220 2247
f 2247 2220 2221
f 2247 2221 2248
f 2248 2221 2222
f 2248 2222 2249
f 2249 2222 2223
f 2249 2223 2250
f 2250 2223 2224
f 2250 2224 2251
f 2251 2224 2225
f 2251 2225 2252
f 2252 2225 2226
f 2252 2226 2253
f 2253 2226 2227
f 2253 2227 2254
f 2254 2227 2228
f 2254 2228 2255
f 2255 2228 2229
f 2255 2229 2256
f 2256 2229 2230
f 2256 2230 2257
f 2257 2230 2231
f 2257 2231 2258
f 2258 2231 2232
f 2258 2232 2259
f 2259 2232 2233
f 2259 2233 2260
f 2260 2233 2234
f 2260 2234 2261
f 2261 2234 2235
f 2261 2235 2262
f 2262 2235 2236
f 2262 2236 2263
f 2263 2236 2237
f 2263 2237 2264
f 2264 2237 2238
f 2264 2238 2265
f 2265 2238 2239
f 2265 2239 2266
f 2266 2239 2240
f 2266 2240 2267
f 2268 2269 1871
f 1871 2241 2268
f 2268 2241 2242
f 2268 2242 2270
f 2270 2242 2243
f 2270 2243 2271
f 2271 2243 2244
f 2271 2244 2272
f 2272 2244 2245
f 2272 2245 2273
f 2273 2245 2246
f 2273 2246 2274
f 2274 2246 2247
f 2274 2247 2275
f 2275 2247 2248
f 2275 2248 2276
f 2276 2248 2249
f 2276 2249 2277
f 2277 2249 2250
f 2277 2250 2278
f 2278 2250 2251
f 2278 2251 2279
f 2279 2251 2252
f 2279 2252 2280
f 2280 2252 2253
f 2280 2253 2281
f 2281 2253 2254
f 2281 2254 2282
f 2282 2254 2255
f 2282 2255 2283
f 2283 2255 2256
f 2283 2256 2284
f 2284 2256 2257
f 2284 2257 2285
f 2285 2257 2258
f 2285 2258 2286
f 2286 2258 2259
f 2286 2259 2287
f 2287 2259 2260
f 2287 2260 2288
f 2288 2260 2261
f 2288 2261 2289
f 2289 2261 2262
f 2289 2262 2290
f 2290 2262 2263
f 2290 2263 2291
f 2291 2263 2264
f 2291 2264 2292
f 2292 2264 2265
f 2292 2265 2293
f 2293 2265 2266
f 2293 2266 2294
f 2294 2266 2267
f 2294 2267 2295
f 2296 2297 2269
f 2269 2268 2296
f 2296 2268 2270
f 2296 2270 2298
f 2298 2270 2271
f 2298 2271 2299
f 2299 2271 2272
f 2299 2272 2300
f 2300 2272 2273
f 2300 2273 2301
f 2301 2273 2274
f 2301 2274 2302
f 2302 2274 2275
f 2302 2275 2303
f 2303 2275 2276
f 2303 2276 2304
f 2304 2276 2277
f 2304 2277 2305
f 2305 2277 2278
f 2305 2278 2306
f 2306 2278 2279
f 2306 2279 2307
f 2307 2279 2280
f 2307 2280 2308
f 2308 2280 2281
f 2308 2281 2309
f 2309 2281 2282
f 2309 2282 2310
f 2310 2282 2283
f 2310 2283 2311
f 2311 2283 2284
f 2311 2284 2312
f 2312 2284 2285
f 2312 2285 2313
f 2313 2285 2286
f 2313 2286 2314
f 2314 2286 2287
f 2314 2287 2315
f 2315 2287 2288
f 2315 2288 2316
f 2316 2288 2289
f 2316 2289 2317
f 2317 2289 2290
f 2317 2290 2318
f 2318 2290 2291
f 2318 2291 2319
f 2319 2291 2292
f 2319 2292 2320
f 2320 2292 2293
f 2320 2293 2321
f 2321 2293 2294
f 2321 2294 2322
f 2322 2294 2295
f 2322 2295 2323
f 2297 2296 2324
f 2324 2296 2298
f 2324 2298 2325
f 2325 2298 2299
f 2325 2299 2326
f 2326 2299 2300
f 2326 2300 2327
f 2327 2300 2301
f 2327 2301 2328
f 2328 2301 2302
f 2328 2302 2329
f 2329 2302 2303
f 2329 2303 2330
f 2330 2303 2304
f 2330 2304 2331
f 2331 2304 2305
f 2331 2305 2332
f 2332 2305 2306
f 2332 2306 2333
f 2333 2306 2307
f 2333 2307 2334
f 2334 2307 2308
f 2334 2308 2335
f 2335 2308 2309
f 2335 2309 2336
f 2336 2309 2310
f 2336 2310 2337
f 2337 2310 2311
f 2337 2311 2338
f 2338 2311 2312
f 2338 2312 2339
f 2339 2312 2313
f 2339 2313 2340
f 2340 2313 2314
f 2340 2314 2341
f 2341 2314 2315
f 2341 2315 2342
f 2342 2315 2316
f 2342 2316 2343
f 2343 2316 2317
f 2343 2317 2344
f 2344 2317 2318
f 2344 2318 2345
f 2345 2318 2319
f 2345 2319 2346
f 2346 2319 2320
f 2346 2320 2347
f 2347 2320 2321
f 2347 2321 2348
f 2348 2321 2322
f 2348 2322 2349
f 2349 2322 2323
f 2349 2323 2350
f 2351 2352 2353
f 279 2352 280
f 280 2352 2351
f 280 2351 281
f 281 2351 283
f 283 2351 2354
f 283 2354 284
f 284 2354 285
f 285 2354 2355
f 285 2355 282
f 290 291 2356
f 2356 291 288
f 2356 288 2357
f 2357 288 287
f 2357 287 2355
f 2355 287 286
f 2355 286 282
f 290 2356 289
f 289 2356 2358
f 289 2358 292
f 292 2358 295
f 295 2358 2359
f 295 2359 294
f 294 2359 293
f 293 2359 2360
f 293 2360 296
f 2361 298 2360
f 2360 298 297
f 2360 297 296
f 303 304 2362
f 2362 304 301
f 2362 301 2363
f 2363 301 300
f 2363 300 2361
f 2361 300 299
f 2361 299 298
f 303 2362 302
f 302 2362 2364
f 302 2364 305
f 305 2364 307
f 307 2364 2365
f 307 2365 308
f 308 2365 2366
f 2366 2365 2367
f 2366 2367 306
f 314 315 2368
f 2368 315 312
f 2368 312 2369
f 2369 312 311
f 2369 311 2367
f 2367 311 310
f 2367 310 306
f 314 2368 313
f 313 2368 2370
f 313 2370 316
f 316 2370 318
f 318 2370 2371
f 318 2371 319
f 319 2371 320
f 320 2371 2372
f 320 2372 317
f 2373 323 2374
f 2374 323 322
f 2374 322 2372
f 2372 322 321
f 2372 321 317
f 327 328 2375
f 2375 328 325
f 2375 325 2373
f 2373 325 324
f 2373 324 323
f 327 2375 326
f 326 2375 2376
f 326 2376 329
f 329 2376 331
f 331 2376 2377
f 331 2377 332
f 2011 336 2378
f 336 337 2378
f 2378 337 330
f 2378 330 2377
f 2377 330 333
f 2377 333 332
f 334 335 2350
f 2350 335 2011
f 2350 2011 2349
f 2349 2011 2378
f 2349 2378 2348
f 2348 2378 2377
f 2348 2377 2347
f 2347 2377 2376
f 2347 2376 2346
f 2346 2376 2375
f 2346 2375 2345
f 2345 2375 2373
f 2345 2373 2344
f 2344 2373 2374
f 2344 2374 2343
f 2343 2374 2372
f 2343 2372 2342
f 2342 2372 2371
f 2342 2371 2341
f 2341 2371 2370
f 2341 2370 2340
f 2340 2370 2368
f 2340 2368 2339
f 2339 2368 2369
f 2339 2369 2338
f 2338 2369 2367
f 2338 2367 2337
f 2337 2367 2365
f 2337 2365 2336
f 2336 2365 2364
f 2336 2364 2335
f 2335 2364 2362
f 2335 2362 2334
f 2334 2362 2363
f 2334 2363 2333
f 2333 2363 2361
f 2333 2361 2332
f 2332 2361 2360
f 2332 2360 2331
f 2331 2360 2359
f 2331 2359 2330
f 2330 2359 2358
f 2330 2358 2329
f 2329 2358 2356
f 2329 2356 2328
f 2328 2356 2357
f 2328 2357 2327
f 2327 2357 2355
f 2327 2355 2326
f 2326 2355 2354
f 2326 2354 2325
f 2325 2354 2351
f 2325 2351 2324
f 2324 2351 2353
f 2324 2353 2297
f 162 1639 2076
f 162 2076 160
f 160 2076 2077
f 160 2077 158
f 2077 2078 158
f 158 2078 2074
f 158 2074 156
f 2074 2072 156
f 156 2072 2071
f 156 2071 154
f 2071 2069 154
f 154 2069 2067
f 154 2067 152
f 2067 2065 152
f 152 2065 2064
f 152 2064 150
f 2064 2062 150
f 150 2062 2060
f 150 2060 148
f 2060 2059 148
f 148 2059 2057
f 148 2057 146
f 2057 2055 146
f 146 2055 2054
f 146 2054 144
f 2054 2052 144
f 144 2052 2050
f 144 2050 142
f 2050 2048 142
f 142 2048 2047
f 142 2047 140
f 2047 2045 140
f 140 2045 2044
f 140 2044 138
f 2044 2042 138
f 138 2042 2040
f 138 2040 136
f 2040 2039 136
f 136 2039 2037
f 136 2037 134
f 2037 2035 134
f 134 2035 2034
f 134 2034 132
f 2034 2032 132
f 132 2032 2030
f 132 2030 130
f 2030 2029 130
f 130 2029 2027
f 130 2027 128
f 2022 125 2024
f 2024 125 128
f 2024 128 2025
f 2025 128 2027
f 2022 2021 125
f 125 2021 2019
f 125 2019 123
f 1700 121 2016
f 2016 121 123
f 2016 123 2017
f 2017 123 2019
f 122 535 536
f 122 536 124
f 124 536 538
f 124 538 126
f 538 481 126
f 126 481 483
f 126 483 127
f 483 485 127
f 127 485 487
f 127 487 129
f 487 489 129
f 129 489 492
f 129 492 131
f 492 494 131
f 131 494 496
f 131 496 133
f 496 462 133
f 133 462 464
f 133 464 135
f 464 466 135
f 135 466 468
f 135 468 137
f 468 470 137
f 137 470 473
f 137 473 139
f 479 141 477
f 477 141 139
f 477 139 475
f 475 139 473
f 479 547 141
f 141 547 546
f 141 546 143
f 143 546 544
f 143 544 145
f 516 147 541
f 541 147 145
f 541 145 542
f 542 145 544
f 510 149 512
f 512 149 147
f 512 147 514
f 514 147 516
f 510 534 149
f 149 534 533
f 149 533 151
f 533 531 151
f 151 531 529
f 151 529 153
f 529 527 153
f 153 527 525
f 153 525 155
f 519 157 521
f 521 157 155
f 521 155 523
f 523 155 525
f 519 518 157
f 157 518 461
f 157 461 159
f 461 504 159
f 159 504 506
f 159 506 161
f 499 163 501
f 501 163 161
f 501 161 503
f 503 161 506
f 2379 2380 2381
f 2382 2383 2379
f 2384 2385 2386
f 2386 2385 2387
f 2386 2387 2388
f 2389 2390 2391
f 2391 2390 2386
f 2391 2386 2392
f 2392 2386 2388
f 2384 2386 2381
f 2381 2386 2393
f 2381 2393 2379
f 2379 2393 2394
f 2379 2394 2382
f 2395 2396 2397
f 2398 2399 2397
f 2397 2399 2400
f 2398 2401 2399
f 2399 2401 2402
f 2399 2402 2403
f 2404 2405 2406
f 2406 2405 2399
f 2406 2399 2407
f 2407 2399 2403
f 2408 2395 2409
f 2409 2395 2397
f 2409 2397 2410
f 2410 2397 2400
f 2411 2412 2413
f 2414 2415 2413
f 2413 2415 2416
f 2414 2417 2415
f 2415 2417 2418
f 2415 2418 2419
f 2420 2421 2422
f 2422 2421 2415
f 2422 2415 2423
f 2423 2415 2419
f 2424 2411 2425
f 2425 2411 2413
f 2425 2413 2426
f 2426 2413 2416
f 2427 2428 2429
f 2430 2431 2432
f 2433 2434 2435
f 2436 2437 2430
f 2437 2428 2430
f 2430 2428 2427
f 2430 2427 2431
f 2431 2427 2438
f 2439 2440 2441
f 2442 2443 2441
f 2440 2439 2444
f 2445 2444 2446
f 2446 2444 2439
f 2446 2439 2447
f 2447 2439 2441
f 2447 2441 2448
f 2448 2441 2443
f 2438 2427 2449
f 2449 2427 2429
f 2449 2429 2441
f 2441 2429 2450
f 2441 2450 2442
f 2451 2452 2453
f 2453 2452 2454
f 2454 2452 2455
f 2455 2452 2456
f 2455 2456 2457
f 2458 2459 2456
f 2456 2459 2460
f 2456 2460 2457
f 2461 2462 2463
f 2463 2462 2464
f 2463 2464 2458
f 2458 2464 2465
f 2458 2465 2459
f 2466 2467 2468
f 2468 2467 2469
f 2470 2471 2472
f 2472 2471 2473
f 2466 2474 2467
f 2467 2474 2475
f 2467 2475 2476
f 2476 2475 2477
f 2476 2477 2478
f 2478 2477 2472
f 2478 2472 2479
f 2479 2472 2473
f 2472 2480 2470
f 2470 2480 2481
f 2470 2481 2482
f 2482 2481 2432
f 2483 2484 2469
f 2469 2484 2485
f 2469 2485 2468
f 2468 2485 2486
f 2468 2486 2466
f 2466 2486 2487
f 2466 2487 2474
f 2474 2487 2488
f 2474 2488 2475
f 2475 2488 2489
f 2475 2489 2477
f 2477 2489 2490
f 2477 2490 2472
f 2472 2490 2491
f 2472 2491 2480
f 2480 2491 2492
f 2480 2492 2481
f 2481 2492 2433
f 2481 2433 2432
f 2432 2433 2435
f 2432 2435 2430
f 2430 2435 2434
f 2430 2434 2436
f 2493 2494 2495
f 2496 2497 2498
f 2499 2498 2500
f 2500 2498 2501
f 2502 2496 2503
f 2503 2496 2498
f 2503 2498 2504
f 2504 2498 2499
f 2498 2505 2506
f 2498 2506 2501
f 2507 2508 2498
f 2498 2508 2509
f 2498 2509 2505
f 2497 2510 2498
f 2498 2510 2511
f 2498 2511 2512
f 2512 2511 2513
f 2495 2514 2515
f 2507 2498 2514
f 2514 2498 2512
f 2514 2512 2515
f 2515 2512 2513
f 2515 2513 2495
f 2495 2513 2516
f 2495 2516 2493
f 2517 2451 2518
f 2519 2520 2521
f 2451 2517 2522
f 2467 2461 2469
f 2469 2461 2463
f 2469 2463 2483
f 2483 2463 2458
f 2483 2458 2523
f 2523 2458 2456
f 2523 2456 2524
f 2524 2456 2452
f 2524 2452 2525
f 2525 2452 2451
f 2525 2451 2526
f 2526 2451 2522
f 2526 2522 2527
f 2527 2522 2517
f 2527 2517 2521
f 2521 2517 2518
f 2521 2518 2519
f 2519 2518 2494
f 2519 2494 2520
f 2520 2494 2493
f 2520 2493 2528
f 2528 2493 2516
f 2529 2530 2531
f 2532 2533 2534
f 2535 2536 2537
f 2537 2536 2538
f 2534 2529 2532
f 2532 2529 2531
f 2532 2531 2535
f 2535 2531 2539
f 2535 2539 2536
f 2538 2540 2537
f 2537 2540 2541
f 2537 2541 2542
f 2543 2544 2545
f 2545 2544 2546
f 2545 2546 2547
f 2548 2549 2550
f 2550 2549 2544
f 2550 2544 2551
f 2551 2544 2543
f 2552 2553 2554
f 2554 2553 2555
f 2554 2555 2547
f 2547 2555 2556
f 2547 2556 2545
f 2557 2558 2559
f 2560 2561 2562
f 2562 2561 2557
f 2562 2557 2563
f 2563 2557 2559
f 2564 2565 2566
f 2566 2565 2567
f 2557 2568 2558
f 2558 2568 2566
f 2558 2566 2569
f 2569 2566 2567
f 2569 2567 2570
f 2571 2572 2573
f 2574 2575 2576
f 2577 2571 2578
f 2578 2571 2573
f 2578 2573 2579
f 2579 2573 2580
f 2581 2574 2582
f 2582 2574 2576
f 2582 2576 2583
f 2583 2576 2572
f 2583 2572 2584
f 2584 2572 2571
f 2585 2586 2587
f 2588 2589 2590
f 2591 2592 2593
f 2593 2588 2591
f 2591 2588 2590
f 2591 2590 2586
f 2586 2590 2594
f 2586 2594 2587
f 2587 2595 2596
f 2585 2587 2597
f 2597 2587 2596
f 2597 2596 2598
f 2599 2600 2539
f 2539 2531 2599
f 2599 2531 2530
f 2599 2530 2601
f 2601 2530 2602
f 2602 2530 2529
f 2602 2529 2603
f 2603 2529 2604
f 2604 2529 2534
f 2604 2534 2605
f 2605 2534 2606
f 2606 2534 2533
f 2606 2533 2607
f 2607 2533 2532
f 2607 2532 2608
f 2608 2532 2609
f 2609 2532 2535
f 2609 2535 2610
f 2611 2610 2535
f 2535 2537 2611
f 2611 2537 2542
f 2611 2542 2612
f 2541 2613 2542
f 2542 2613 2614
f 2542 2614 2612
f 2615 2616 2540
f 2540 2616 2617
f 2540 2617 2541
f 2541 2617 2618
f 2541 2618 2613
f 2540 2538 2615
f 2615 2538 2536
f 2615 2536 2619
f 2619 2536 2620
f 2620 2536 2539
f 2620 2539 2600
f 2621 2622 2546
f 2546 2544 2621
f 2621 2544 2549
f 2621 2549 2623
f 2623 2549 2624
f 2624 2549 2548
f 2624 2548 2625
f 2625 2548 2626
f 2626 2548 2550
f 2626 2550 2627
f 2627 2550 2628
f 2628 2550 2551
f 2628 2551 2629
f 2629 2551 2543
f 2629 2543 2630
f 2630 2543 2631
f 2631 2543 2545
f 2631 2545 2632
f 2633 2632 2545
f 2545 2556 2633
f 2633 2556 2555
f 2633 2555 2634
f 2553 2635 2555
f 2555 2635 2636
f 2555 2636 2634
f 2637 2638 2552
f 2552 2638 2639
f 2552 2639 2553
f 2553 2639 2640
f 2553 2640 2635
f 2552 2554 2637
f 2637 2554 2547
f 2637 2547 2641
f 2641 2547 2642
f 2642 2547 2546
f 2642 2546 2622
f 2643 2644 2568
f 2568 2557 2643
f 2643 2557 2561
f 2643 2561 2645
f 2645 2561 2646
f 2646 2561 2560
f 2646 2560 2647
f 2647 2560 2648
f 2648 2560 2562
f 2648 2562 2649
f 2649 2562 2650
f 2650 2562 2563
f 2650 2563 2651
f 2651 2563 2559
f 2651 2559 2652
f 2652 2559 2653
f 2653 2559 2558
f 2653 2558 2654
f 2655 2654 2558
f 2558 2569 2655
f 2655 2569 2570
f 2655 2570 2656
f 2567 2657 2570
f 2570 2657 2658
f 2570 2658 2656
f 2659 2660 2565
f 2565 2660 2661
f 2565 2661 2567
f 2567 2661 2662
f 2567 2662 2657
f 2565 2564 2659
f 2659 2564 2566
f 2659 2566 2663
f 2663 2566 2664
f 2664 2566 2568
f 2664 2568 2644
f 2665 2666 2584
f 2584 2571 2665
f 2665 2571 2577
f 2665 2577 2667
f 2667 2577 2668
f 2668 2577 2578
f 2668 2578 2669
f 2669 2578 2670
f 2670 2578 2579
f 2670 2579 2671
f 2671 2579 2672
f 2672 2579 2580
f 2672 2580 2673
f 2673 2580 2573
f 2673 2573 2674
f 2674 2573 2675
f 2675 2573 2572
f 2675 2572 2676
f 2677 2676 2572
f 2572 2576 2677
f 2677 2576 2575
f 2677 2575 2678
f 2574 2679 2575
f 2575 2679 2680
f 2575 2680 2678
f 2681 2682 2581
f 2581 2682 2683
f 2581 2683 2574
f 2574 2683 2684
f 2574 2684 2679
f 2581 2582 2681
f 2681 2582 2583
f 2681 2583 2685
f 2685 2583 2686
f 2686 2583 2584
f 2686 2584 2666
f 2687 2688 2594
f 2594 2590 2687
f 2687 2590 2589
f 2687 2589 2689
f 2689 2589 2690
f 2690 2589 2588
f 2690 2588 2691
f 2691 2588 2692
f 2692 2588 2593
f 2692 2593 2693
f 2693 2593 2694
f 2694 2593 2592
f 2694 2592 2695
f 2695 2592 2591
f 2695 2591 2696
f 2696 2591 2697
f 2697 2591 2586
f 2697 2586 2698
f 2699 2698 2586
f 2586 2585 2699
f 2699 2585 2597
f 2699 2597 2700
f 2598 2701 2597
f 2597 2701 2702
f 2597 2702 2700
f 2703 2704 2596
f 2596 2704 2705
f 2596 2705 2598
f 2598 2705 2706
f 2598 2706 2701
f 2596 2595 2703
f 2703 2595 2587
f 2703 2587 2707
f 2707 2587 2708
f 2708 2587 2594
f 2708 2594 2688
f 2709 2710 2711
f 2712 2713 2714
f 2715 2716 2717
f 2718 2719 2720
f 2721 2717 2722
f 2723 2724 2725
f 2726 2727 2728
f 2729 2730 2731
f 2732 2733 2734
f 2735 2736 2737
f 2738 2739 2740
f 2674 2741 2742
f 2741 2674 2675
f 2678 2743 2677
f 2652 2744 2745
f 2744 2652 2653
f 2643 2645 2746
f 2624 2747 2623
f 2629 2748 2628
f 2630 2749 2629
f 2750 2751 2752
f 2753 2750 2754
f 2754 2750 2752
f 2754 2752 2755
f 2755 2752 2756
f 2757 2758 2756
f 2756 2758 2759
f 2756 2759 2755
f 2760 2761 2757
f 2757 2761 2762
f 2757 2762 2758
f 2757 2763 2760
f 2760 2763 2764
f 2760 2764 2765
f 2765 2764 2766
f 2765 2766 2767
f 2768 2769 2770
f 2770 2769 2771
f 2770 2771 2772
f 2772 2771 2767
f 2773 2774 2768
f 2768 2774 2775
f 2768 2775 2769
f 2776 2777 2773
f 2773 2777 2778
f 2773 2778 2774
f 2779 2780 2776
f 2776 2780 2781
f 2776 2781 2777
f 2776 2782 2779
f 2779 2782 2783
f 2779 2783 2784
f 2784 2783 2785
f 2784 2785 2786
f 2786 2785 2787
f 2786 2787 2788
f 2789 2790 2791
f 2791 2790 2792
f 2791 2792 2793
f 2793 2794 2791
f 2791 2794 2788
f 2791 2788 2795
f 2795 2788 2787
f 2795 2787 2796
f 2616 2615 2797
f 2797 2615 2619
f 2797 2619 2798
f 2799 2618 2800
f 2800 2618 2617
f 2608 2609 2801
f 2801 2609 2610
f 2801 2610 2802
f 2802 2610 2611
f 2802 2611 2803
f 2803 2611 2612
f 2803 2612 2804
f 2804 2612 2614
f 2804 2614 2799
f 2799 2614 2613
f 2799 2613 2618
f 2805 2806 2608
f 2605 2606 2807
f 2633 2634 2604
f 2619 2620 2798
f 2798 2620 2600
f 2798 2600 2808
f 2808 2600 2599
f 2808 2599 2809
f 2809 2599 2601
f 2809 2601 2602
f 2634 2636 2604
f 2604 2636 2809
f 2604 2809 2603
f 2603 2809 2602
f 2623 2747 2621
f 2621 2747 2810
f 2621 2810 2622
f 2622 2810 2811
f 2622 2811 2642
f 2812 2637 2811
f 2811 2637 2641
f 2811 2641 2642
f 2636 2635 2809
f 2809 2635 2640
f 2809 2640 2808
f 2808 2640 2639
f 2808 2639 2812
f 2812 2639 2638
f 2812 2638 2637
f 2631 2632 2813
f 2813 2632 2633
f 2813 2633 2807
f 2807 2633 2604
f 2807 2604 2605
f 2749 2630 2814
f 2748 2629 2815
f 2658 2626 2656
f 2656 2626 2627
f 2656 2627 2655
f 2816 2663 2664
f 2816 2664 2746
f 2746 2664 2644
f 2746 2644 2643
f 2663 2816 2659
f 2659 2816 2817
f 2659 2817 2660
f 2660 2817 2661
f 2661 2817 2810
f 2661 2810 2662
f 2662 2810 2747
f 2662 2747 2657
f 2657 2747 2624
f 2657 2624 2658
f 2658 2624 2625
f 2658 2625 2626
f 2627 2628 2655
f 2655 2628 2748
f 2655 2748 2654
f 2654 2748 2815
f 2650 2743 2649
f 2649 2743 2678
f 2649 2678 2648
f 2648 2678 2680
f 2648 2680 2647
f 2647 2680 2646
f 2646 2680 2818
f 2646 2818 2645
f 2645 2818 2819
f 2645 2819 2746
f 2686 2820 2685
f 2685 2820 2821
f 2685 2821 2681
f 2681 2821 2819
f 2681 2819 2682
f 2680 2679 2818
f 2818 2679 2684
f 2818 2684 2819
f 2819 2684 2683
f 2819 2683 2682
f 2677 2743 2676
f 2676 2743 2822
f 2676 2822 2675
f 2823 2824 2673
f 2670 2671 2824
f 2824 2671 2672
f 2824 2672 2673
f 2686 2666 2820
f 2820 2666 2665
f 2820 2665 2825
f 2825 2665 2667
f 2825 2667 2826
f 2826 2667 2668
f 2826 2668 2669
f 2708 2827 2707
f 2707 2827 2828
f 2707 2828 2703
f 2703 2828 2825
f 2703 2825 2704
f 2669 2670 2826
f 2826 2670 2824
f 2826 2824 2702
f 2702 2824 2700
f 2702 2701 2826
f 2826 2701 2706
f 2826 2706 2825
f 2825 2706 2705
f 2825 2705 2704
f 2823 2698 2824
f 2824 2698 2699
f 2824 2699 2700
f 2829 2830 2691
f 2691 2692 2829
f 2829 2692 2693
f 2829 2693 2831
f 2831 2693 2694
f 2831 2694 2832
f 2832 2694 2695
f 2832 2695 2696
f 2708 2688 2827
f 2827 2688 2687
f 2827 2687 2833
f 2833 2687 2689
f 2833 2689 2830
f 2830 2689 2690
f 2830 2690 2691
f 2834 2835 2836
f 2837 2836 2838
f 2838 2836 2835
f 2838 2835 2839
f 2840 2841 2842
f 2842 2841 2837
f 2843 2844 2845
f 2845 2844 2846
f 2847 2848 2849
f 2850 2851 2841
f 2837 2841 2836
f 2836 2841 2851
f 2836 2851 2834
f 2834 2851 2850
f 2834 2850 2852
f 2847 2853 2854
f 2855 2856 2719
f 2719 2856 2857
f 2857 2858 2859
f 2860 2861 2862
f 2860 2862 2863
f 2863 2862 2864
f 2863 2864 2865
f 2866 2864 2867
f 2867 2864 2862
f 2867 2862 2868
f 2868 2862 2861
f 2869 2870 2871
f 2871 2870 2872
f 2871 2872 2873
f 2874 2871 2875
f 2875 2871 2873
f 2875 2873 2876
f 2877 2878 2879
f 2879 2878 2732
f 2879 2732 2880
f 2880 2732 2734
f 2880 2734 2881
f 2882 2883 2884
f 2883 2882 2885
f 2885 2882 2886
f 2885 2886 2887
f 2887 2886 2888
f 2887 2888 2889
f 2890 2891 2892
f 2892 2891 2893
f 2884 2894 2895
f 2896 2897 2898
f 2896 2898 2899
f 2900 2901 2902
f 2902 2901 2899
f 2902 2899 2903
f 2903 2899 2898
f 2904 2905 2906
f 2907 2901 2908
f 2908 2901 2900
f 2908 2900 2909
f 2909 2900 2902
f 2909 2902 2910
f 2910 2902 2903
f 2904 2911 2912
f 2913 2914 2915
f 2915 2914 2916
f 2916 2917 2918
f 2725 2919 2723
f 2723 2919 2920
f 2723 2920 2921
f 2922 2919 2923
f 2919 2922 2920
f 2920 2922 2924
f 2920 2924 2921
f 2921 2924 2925
f 2921 2925 2926
f 2927 2928 2929
f 2929 2928 2930
f 2929 2930 2931
f 2932 2933 2934
f 2934 2933 2932
f 2932 2933 2928
f 2932 2928 2935
f 2935 2928 2927
f 2833 2936 2937
f 2833 2937 2827
f 2827 2937 2938
f 2827 2938 2828
f 2828 2938 2939
f 2828 2939 2825
f 2825 2939 2940
f 2825 2940 2820
f 2820 2940 2941
f 2820 2941 2821
f 2821 2941 2942
f 2821 2942 2819
f 2819 2942 2943
f 2819 2943 2746
f 2746 2943 2944
f 2746 2944 2816
f 2816 2944 2945
f 2816 2945 2817
f 2817 2945 2946
f 2817 2946 2810
f 2810 2946 2947
f 2810 2947 2811
f 2811 2947 2948
f 2811 2948 2812
f 2812 2948 2949
f 2812 2949 2808
f 2808 2949 2950
f 2808 2950 2798
f 2798 2950 2951
f 2798 2951 2797
f 2710 2709 2952
f 2952 2709 2953
f 2952 2953 2954
f 2846 2955 2956
f 2956 2955 2957
f 2956 2958 2738
f 2956 2738 2846
f 2846 2738 2740
f 2846 2740 2845
f 2608 2801 2805
f 2805 2801 2959
f 2805 2959 2960
f 2960 2959 2961
f 2960 2961 2962
f 2963 2964 2965
f 2965 2964 2966
f 2965 2966 2967
f 2967 2966 2968
f 2969 2970 2971
f 2964 2972 2966
f 2966 2972 2969
f 2966 2969 2968
f 2968 2969 2971
f 2968 2971 2973
f 2974 2975 2976
f 2976 2975 2844
f 2976 2844 2977
f 2977 2844 2843
f 2961 2963 2978
f 2978 2963 2965
f 2978 2965 2979
f 2979 2965 2967
f 2979 2967 2980
f 2980 2967 2968
f 2980 2968 2981
f 2981 2968 2973
f 2981 2973 2982
f 2856 2849 2857
f 2857 2849 2848
f 2857 2848 2858
f 2858 2848 2983
f 2858 2983 2859
f 2843 2984 2977
f 2977 2984 2985
f 2977 2985 2986
f 2986 2985 2987
f 2986 2987 2988
f 2606 2607 2807
f 2807 2607 2989
f 2807 2989 2813
f 2813 2989 2990
f 2813 2990 2991
f 2991 2990 2992
f 2991 2992 2993
f 2993 2992 2994
f 2993 2994 2995
f 2995 2994 2996
f 2995 2996 2997
f 2962 2961 2998
f 2998 2961 2978
f 2998 2978 2999
f 2999 2978 2979
f 2999 2979 3000
f 3000 2979 2980
f 3000 2980 3001
f 3001 2980 2981
f 3001 2981 3002
f 3002 2981 2982
f 3002 2982 3003
f 2720 3004 2718
f 2718 3004 2860
f 2718 2860 2719
f 2719 2860 2863
f 2719 2863 2855
f 2855 2863 2865
f 2855 2865 2856
f 2856 2865 2852
f 2856 2852 2849
f 2849 2852 2850
f 2849 2850 2847
f 2847 2850 2841
f 2847 2841 2853
f 2853 2841 2840
f 2853 2840 2854
f 3005 3006 3007
f 3007 3006 2985
f 3008 2958 2839
f 2839 2958 2956
f 2839 2956 2838
f 2838 2956 2957
f 2838 2957 2837
f 2837 2957 2955
f 2837 2955 2842
f 2842 2955 2846
f 2842 2846 2840
f 2840 2846 2844
f 2840 2844 2854
f 2854 2844 2975
f 2854 2975 2847
f 2847 2975 2974
f 2847 2974 2848
f 2848 2974 2976
f 2848 2976 2983
f 2983 2976 2977
f 2983 2977 2859
f 2859 2977 2986
f 2859 2986 2857
f 2857 2986 2988
f 2857 2988 2719
f 2719 2988 2987
f 2719 2987 2720
f 2720 2987 2985
f 2720 2985 3004
f 3004 2985 3006
f 3004 3006 2860
f 2860 3006 3005
f 2860 3005 2861
f 2861 3005 3007
f 2631 2813 2630
f 2630 2813 2991
f 2630 2991 2814
f 2814 2991 2993
f 2814 2993 3009
f 3009 2993 2995
f 3009 2995 3010
f 3010 2995 2997
f 3010 2997 3011
f 2751 3012 2752
f 2752 3012 3013
f 2752 3013 2756
f 2756 3013 3014
f 2756 3014 2757
f 2757 3014 3015
f 2757 3015 2763
f 2763 3015 3016
f 2763 3016 2764
f 2764 3016 3017
f 2764 3017 2766
f 2766 3017 3018
f 2735 3019 3020
f 3020 3019 3021
f 2737 3022 2735
f 2735 3022 3023
f 2735 3023 3019
f 3019 3023 2868
f 3019 2868 3021
f 3021 2868 2861
f 3021 2861 3020
f 3020 2861 3007
f 3020 3007 2735
f 2735 3007 2985
f 2735 2985 2736
f 2736 2985 2984
f 2629 2749 2815
f 2815 2749 2814
f 2815 2814 3024
f 3024 2814 3009
f 3024 3009 3025
f 3025 3009 3010
f 3025 3010 3026
f 3026 3010 3011
f 3026 3011 3027
f 2717 2721 2715
f 2715 2721 3028
f 2715 3028 3029
f 3029 3028 3030
f 3029 3030 3031
f 3032 3018 2866
f 2866 3018 3017
f 2866 3017 2864
f 2864 3017 3016
f 2864 3016 2865
f 2865 3016 3015
f 2865 3015 2852
f 2852 3015 3014
f 2852 3014 2834
f 2834 3014 3013
f 2834 3013 2835
f 2835 3013 3012
f 2835 3012 2839
f 2839 3012 3033
f 2839 3033 3008
f 2877 3034 2878
f 2878 3034 3035
f 2878 3035 2732
f 2732 3035 3022
f 2732 3022 2733
f 2733 3022 2737
f 3036 3037 3038
f 3038 3037 3039
f 3038 3039 3040
f 3040 3039 3041
f 3040 3041 2716
f 2716 2715 3040
f 3040 2715 3029
f 3040 3029 3038
f 3038 3029 3031
f 3038 3031 3036
f 3042 3043 3044
f 3044 3043 3045
f 3044 3045 3046
f 3047 2880 2893
f 2893 2880 2881
f 2893 2881 2892
f 2877 2876 3034
f 3034 2876 2873
f 3034 2873 3035
f 3035 2873 2872
f 3035 2872 3022
f 3022 2872 2870
f 3022 2870 3023
f 3023 2870 2869
f 3023 2869 2868
f 2868 2869 2871
f 2868 2871 2867
f 2867 2871 2874
f 2867 2874 2866
f 2866 2874 2875
f 2866 2875 3032
f 3032 2875 2876
f 3032 2876 3048
f 3048 2876 2877
f 3048 2877 3042
f 3042 2877 2879
f 3042 2879 3043
f 3043 2879 2880
f 3043 2880 3045
f 3045 2880 3047
f 3045 3047 3046
f 3049 3050 3051
f 3051 3050 2729
f 3051 2729 3052
f 3052 2729 2731
f 3052 2731 3053
f 2730 2729 3054
f 3054 2729 3050
f 3054 3050 3055
f 3055 3050 3049
f 3055 3049 3027
f 3027 3049 3056
f 3027 3056 3026
f 3026 3056 3057
f 3026 3057 3025
f 3025 3057 2745
f 3025 2745 3024
f 3024 2745 2744
f 3024 2744 2815
f 2815 2744 2653
f 2815 2653 2654
f 2883 3058 2884
f 2884 3058 3059
f 2884 3059 2894
f 2894 3059 3060
f 2894 3060 2895
f 3061 3062 3063
f 3063 3062 2891
f 3063 2891 3064
f 3064 2891 2890
f 2996 2722 2997
f 2997 2722 2717
f 2997 2717 3011
f 3011 2717 2716
f 3011 2716 3027
f 3027 2716 3041
f 3027 3041 3055
f 3055 3041 3039
f 3055 3039 3054
f 3054 3039 3037
f 3054 3037 2730
f 2730 3037 3036
f 2730 3036 2731
f 2731 3036 3065
f 2731 3065 3053
f 3053 3065 3066
f 3067 3066 3068
f 3068 3066 3065
f 3068 3065 3069
f 3069 3065 3036
f 3069 3036 3070
f 3070 3036 3031
f 3070 3031 3003
f 3003 3031 3030
f 3003 3030 3002
f 3002 3030 3028
f 3002 3028 3001
f 3001 3028 2721
f 3001 2721 3000
f 3000 2721 2722
f 3000 2722 2999
f 2999 2722 2996
f 2999 2996 2998
f 2998 2996 2994
f 2998 2994 2962
f 2962 2994 2992
f 2962 2992 2960
f 2960 2992 2990
f 2960 2990 2805
f 2805 2990 2989
f 2805 2989 2806
f 2806 2989 2607
f 2806 2607 2608
f 2714 3071 2712
f 2712 3071 2910
f 2712 2910 2713
f 2713 2910 2903
f 2713 2903 2895
f 2895 2903 2898
f 2895 2898 2884
f 2884 2898 2897
f 2884 2897 2882
f 2882 2897 2896
f 2882 2896 2886
f 2890 2727 3064
f 3064 2727 2726
f 3064 2726 3072
f 3072 2726 3073
f 3072 3073 3074
f 2912 2911 3075
f 3076 3077 3078
f 3078 3077 2726
f 3078 2726 3079
f 3079 2726 2728
f 2675 2822 2741
f 2741 2822 3080
f 2741 3080 2742
f 2742 3080 3081
f 2742 3081 3082
f 3082 3081 3083
f 3082 3083 3084
f 3084 3083 3085
f 3084 3085 3086
f 3086 3085 3087
f 3086 3087 3088
f 3088 3087 3089
f 3088 3089 3090
f 3090 3089 3091
f 3090 3091 3092
f 3092 3091 3093
f 3092 3093 3094
f 2914 2906 2916
f 2916 2906 2905
f 2916 2905 2917
f 2917 2905 3095
f 2917 3095 2918
f 2728 2931 3079
f 3079 2931 2930
f 3079 2930 3096
f 3096 2930 3097
f 3096 3097 3098
f 2673 2674 3099
f 3099 2674 2742
f 3099 2742 3100
f 3100 2742 3082
f 3100 3082 3101
f 3101 3082 3084
f 3101 3084 3102
f 3102 3084 3086
f 3102 3086 3103
f 3103 3086 3088
f 3103 3088 3104
f 3104 3088 3090
f 3104 3090 3105
f 3105 3090 3092
f 3105 3092 3106
f 3106 3092 3094
f 3106 3094 3107
f 2772 3108 2770
f 2770 3108 3109
f 2770 3109 2768
f 2768 3109 3110
f 2768 3110 2773
f 2773 3110 3111
f 2773 3111 2776
f 2776 3111 3112
f 2776 3112 2782
f 2782 3112 3113
f 2782 3113 2783
f 2783 3113 3114
f 2783 3114 2785
f 2785 3114 3115
f 2785 3115 2787
f 2787 3115 3116
f 2787 3116 2796
f 2796 3116 3117
f 3108 2888 3109
f 3109 2888 2886
f 3109 2886 3110
f 3110 2886 2896
f 3110 2896 3111
f 3111 2896 2899
f 3111 2899 3112
f 3112 2899 2901
f 3112 2901 3113
f 3113 2901 2907
f 3113 2907 3114
f 3114 2907 2923
f 3114 2923 3115
f 3115 2923 2919
f 3115 2919 3116
f 3116 2919 2725
f 3116 2725 3117
f 3075 2911 2909
f 2909 2911 2904
f 2909 2904 2908
f 2908 2904 2906
f 2908 2906 2907
f 2907 2906 2914
f 2907 2914 2923
f 2923 2914 2913
f 2923 2913 2922
f 2922 2913 2915
f 2922 2915 2924
f 2924 2915 3118
f 2924 3118 2925
f 2767 2766 2772
f 2772 2766 3018
f 2772 3018 3108
f 3108 3018 3032
f 3108 3032 2888
f 2888 3032 3048
f 2888 3048 2889
f 2889 3048 3042
f 2889 3042 2887
f 2887 3042 3044
f 2887 3044 2885
f 2885 3044 3046
f 2885 3046 2883
f 2883 3046 3047
f 2883 3047 3058
f 3058 3047 2893
f 3058 2893 3059
f 3059 2893 2891
f 3059 2891 3060
f 3060 2891 3062
f 3060 3062 2895
f 2895 3062 3061
f 2895 3061 2713
f 2713 3061 3063
f 2713 3063 2714
f 2714 3063 3064
f 2714 3064 3071
f 3071 3064 3072
f 3071 3072 2910
f 2910 3072 3074
f 2910 3074 2909
f 2909 3074 3073
f 2909 3073 3075
f 3075 3073 2726
f 3075 2726 2912
f 2912 2726 3077
f 2912 3077 2904
f 2904 3077 3076
f 2904 3076 2905
f 2905 3076 3078
f 2905 3078 3095
f 3095 3078 3079
f 3095 3079 2918
f 2918 3079 3096
f 2918 3096 2916
f 2916 3096 3098
f 2916 3098 2915
f 2915 3098 3097
f 2915 3097 3118
f 3118 3097 2930
f 3118 2930 2925
f 2925 2930 2928
f 2925 2928 2926
f 2926 2928 2933
f 2926 2933 2921
f 2921 2933 2723
f 2723 2933 2932
f 2723 2932 2724
f 2617 2616 2800
f 2800 2616 2797
f 2800 2797 2739
f 2739 2797 2951
f 2739 2951 2740
f 2740 2951 2950
f 2740 2950 2845
f 2845 2950 2949
f 2845 2949 2843
f 2843 2949 2948
f 2843 2948 2984
f 2984 2948 2947
f 2984 2947 2736
f 2736 2947 2946
f 2736 2946 2737
f 2737 2946 2945
f 2737 2945 2733
f 2733 2945 2944
f 2733 2944 2734
f 2734 2944 2943
f 2734 2943 2881
f 2881 2943 2942
f 2881 2942 2892
f 2892 2942 2941
f 2892 2941 2890
f 2890 2941 2940
f 2890 2940 2727
f 2727 2940 2939
f 2727 2939 2728
f 2728 2939 2938
f 2728 2938 2931
f 2931 2938 2937
f 2931 2937 2929
f 2929 2937 2936
f 2929 2936 2927
f 2697 3119 2696
f 2696 3119 3120
f 2696 3120 2832
f 2832 3120 3121
f 2832 3121 3122
f 3121 3123 3122
f 3122 3123 3124
f 3122 3124 2711
f 2711 3124 2709
f 2709 3124 3125
f 2709 3125 2953
f 3126 2954 3127
f 3127 2954 2953
f 3127 2953 3128
f 3128 2953 3125
f 3128 3125 3129
f 3129 3125 3124
f 3129 3124 3130
f 3130 3124 3123
f 3130 3123 3131
f 3131 3123 3121
f 3131 3121 3132
f 3132 3121 3120
f 3132 3120 3133
f 3133 3120 3119
f 3133 3119 2823
f 2823 3119 2697
f 2823 2697 2698
f 2673 3099 2823
f 2823 3099 3100
f 2823 3100 3133
f 3133 3100 3101
f 3133 3101 3132
f 3132 3101 3102
f 3132 3102 3131
f 3131 3102 3103
f 3131 3103 3130
f 3130 3103 3104
f 3130 3104 3129
f 3129 3104 3105
f 3129 3105 3128
f 3128 3105 3106
f 3128 3106 3127
f 3127 3106 3107
f 3127 3107 3126
f 3134 3135 3136
f 2650 2651 2743
f 2743 2651 2652
f 2743 2652 2822
f 2822 2652 2745
f 2822 2745 3080
f 3080 2745 3057
f 3080 3057 3081
f 3081 3057 3056
f 3081 3056 3083
f 3083 3056 3049
f 3083 3049 3085
f 3085 3049 3051
f 3085 3051 3087
f 3087 3051 3052
f 3087 3052 3089
f 3089 3052 3053
f 3089 3053 3091
f 3091 3053 3066
f 3091 3066 3093
f 3093 3066 3067
f 3093 3067 3094
f 3094 3067 3134
f 3094 3134 3107
f 3107 3134 3136
f 3107 3136 3126
f 3137 3138 3139
f 3140 3141 3142
f 3142 3141 3137
f 3142 3137 3143
f 3143 3137 3139
f 3144 3145 3146
f 3146 3145 3147
f 3137 3148 3138
f 3138 3148 3146
f 3138 3146 3149
f 3149 3146 3147
f 3149 3147 3150
f 3151 3152 3153
f 3154 3155 3152
f 3152 3155 3156
f 3152 3156 3153
f 3157 3158 3159
f 3159 3158 3151
f 3159 3151 3160
f 3160 3151 3153
f 3161 3162 3163
f 3163 3162 3155
f 3163 3155 3164
f 3164 3155 3154
f 3165 3166 3167
f 3168 3169 3170
f 3171 3172 3173
f 3173 3172 3165
f 3173 3165 3174
f 3174 3165 3167
f 3175 3168 3176
f 3176 3168 3170
f 3176 3170 3177
f 3177 3170 3166
f 3177 3166 3178
f 3178 3166 3165
f 3179 3180 3181
f 3181 3180 3182
f 3181 3182 3183
f 3184 3185 3186
f 3186 3185 3180
f 3186 3180 3187
f 3187 3180 3179
f 3188 3189 3190
f 3190 3189 3191
f 3190 3191 3183
f 3183 3191 3192
f 3183 3192 3181
f 2982 2973 3135
f 3135 2973 2971
f 3135 2971 2970
f 2970 3193 3135
f 3135 3193 3194
f 3135 3194 3195
f 3134 3067 3135
f 3135 3067 3068
f 3196 3197 3198
f 3198 3197 3135
f 3198 3135 3199
f 3003 2982 3070
f 3070 2982 3135
f 3070 3135 3069
f 3069 3135 3068
f 3195 3200 3135
f 3135 3200 3201
f 3135 3201 3199
f 3202 3203 3148
f 3148 3137 3202
f 3202 3137 3141
f 3202 3141 3204
f 3204 3141 3205
f 3205 3141 3140
f 3205 3140 3206
f 3206 3140 3207
f 3207 3140 3142
f 3207 3142 3208
f 3208 3142 3209
f 3209 3142 3143
f 3209 3143 3210
f 3210 3143 3139
f 3210 3139 3211
f 3211 3139 3212
f 3212 3139 3138
f 3212 3138 3213
f 3214 3213 3138
f 3138 3149 3214
f 3214 3149 3150
f 3214 3150 3215
f 3147 3216 3150
f 3150 3216 3217
f 3150 3217 3215
f 3218 3219 3145
f 3145 3219 3220
f 3145 3220 3147
f 3147 3220 3221
f 3147 3221 3216
f 3145 3144 3218
f 3218 3144 3146
f 3218 3146 3222
f 3222 3146 3223
f 3223 3146 3148
f 3223 3148 3203
f 3224 3225 3156
f 3156 3155 3224
f 3224 3155 3162
f 3224 3162 3226
f 3226 3162 3227
f 3227 3162 3161
f 3227 3161 3228
f 3228 3161 3229
f 3229 3161 3163
f 3229 3163 3230
f 3230 3163 3231
f 3231 3163 3164
f 3231 3164 3232
f 3232 3164 3154
f 3232 3154 3233
f 3233 3154 3234
f 3234 3154 3152
f 3234 3152 3235
f 3236 3235 3152
f 3152 3151 3236
f 3236 3151 3158
f 3236 3158 3237
f 3157 3238 3158
f 3158 3238 3239
f 3158 3239 3237
f 3240 3241 3159
f 3159 3241 3242
f 3159 3242 3157
f 3157 3242 3243
f 3157 3243 3238
f 3159 3160 3240
f 3240 3160 3153
f 3240 3153 3244
f 3244 3153 3245
f 3245 3153 3156
f 3245 3156 3225
f 3246 3247 3178
f 3178 3165 3246
f 3246 3165 3172
f 3246 3172 3248
f 3248 3172 3249
f 3249 3172 3171
f 3249 3171 3250
f 3250 3171 3251
f 3251 3171 3173
f 3251 3173 3252
f 3252 3173 3253
f 3253 3173 3174
f 3253 3174 3254
f 3254 3174 3167
f 3254 3167 3255
f 3255 3167 3256
f 3256 3167 3166
f 3256 3166 3257
f 3258 3257 3166
f 3166 3170 3258
f 3258 3170 3169
f 3258 3169 3259
f 3168 3260 3169
f 3169 3260 3261
f 3169 3261 3259
f 3262 3263 3175
f 3175 3263 3264
f 3175 3264 3168
f 3168 3264 3265
f 3168 3265 3260
f 3175 3176 3262
f 3262 3176 3177
f 3262 3177 3266
f 3266 3177 3267
f 3267 3177 3178
f 3267 3178 3247
f 3268 3269 3182
f 3182 3180 3268
f 3268 3180 3185
f 3268 3185 3270
f 3270 3185 3271
f 3271 3185 3184
f 3271 3184 3272
f 3272 3184 3273
f 3273 3184 3186
f 3273 3186 3274
f 3274 3186 3275
f 3275 3186 3187
f 3275 3187 3276
f 3276 3187 3179
f 3276 3179 3277
f 3277 3179 3278
f 3278 3179 3181
f 3278 3181 3279
f 3280 3279 3181
f 3181 3192 3280
f 3280 3192 3191
f 3280 3191 3281
f 3189 3282 3191
f 3191 3282 3283
f 3191 3283 3281
f 3284 3285 3188
f 3188 3285 3286
f 3188 3286 3189
f 3189 3286 3287
f 3189 3287 3282
f 3188 3190 3284
f 3284 3190 3183
f 3284 3183 3288
f 3288 3183 3289
f 3289 3183 3182
f 3289 3182 3269
f 3290 2963 2961
f 3291 3292 3293
f 3294 3295 3296
f 3297 3298 3299
f 3300 3296 3301
f 3033 3012 3302
f 3303 3304 3305
f 3306 3307 3308
f 3309 3310 3311
f 3312 3313 3314
f 2935 2927 3315
f 2932 2934 3316
f 3317 3318 3319
f 3318 3317 3320
f 3321 3322 3323
f 3277 3324 3325
f 3324 3277 3278
f 3268 3270 3326
f 3249 3327 3248
f 3254 3328 3253
f 3255 3329 3254
f 3211 2801 2802
f 3213 3214 3330
f 2795 2796 3331
f 3332 2751 2750
f 2753 3333 2750
f 2750 3333 3334
f 3334 3335 2750
f 2750 3335 3336
f 2750 3336 3332
f 2795 3331 2791
f 2789 2791 3337
f 3337 2791 3331
f 3337 3331 3338
f 3338 3331 3339
f 3340 3341 3339
f 3339 3341 3342
f 3339 3342 3338
f 3343 3344 3340
f 3340 3344 3345
f 3340 3345 3341
f 3340 3346 3343
f 3343 3346 3347
f 3343 3347 3348
f 3348 3347 3349
f 3348 3349 3350
f 3351 3352 3353
f 3353 3352 3354
f 3353 3354 3355
f 3355 3354 3350
f 3356 3357 3351
f 3351 3357 3358
f 3351 3358 3352
f 3359 3360 3356
f 3356 3360 3361
f 3356 3361 3357
f 3362 3363 3359
f 3359 3363 3364
f 3359 3364 3360
f 3336 3365 3332
f 3332 3365 3366
f 3332 3366 3367
f 3367 3366 3368
f 3367 3368 3369
f 3369 3368 3362
f 3369 3362 3370
f 3370 3362 3359
f 3223 3371 3222
f 3222 3371 3372
f 3222 3372 3218
f 3218 3372 3373
f 3218 3373 3219
f 3214 3215 3330
f 3330 3215 3217
f 3330 3217 3374
f 3217 3216 3374
f 3374 3216 3221
f 3374 3221 3373
f 3373 3221 3220
f 3373 3220 3219
f 2803 2804 3207
f 3207 3208 2803
f 2803 3208 3209
f 2803 3209 2802
f 2802 3209 3210
f 2802 3210 3211
f 3223 3203 3371
f 3371 3203 3202
f 3371 3202 2800
f 2800 3202 3204
f 2800 3204 2799
f 2799 3204 3205
f 2799 3205 2804
f 2804 3205 3206
f 2804 3206 3207
f 3241 3240 3375
f 3375 3240 3244
f 3375 3244 3376
f 3242 2833 3243
f 3243 2833 2830
f 3243 2830 3238
f 3233 3234 2832
f 2832 3234 3235
f 2832 3235 2831
f 2831 3235 3236
f 2831 3236 2829
f 2829 3236 3237
f 2829 3237 2830
f 2830 3237 3239
f 2830 3239 3238
f 3377 3378 3233
f 3230 3231 3379
f 3258 3259 3229
f 3244 3245 3376
f 3376 3245 3225
f 3376 3225 3380
f 3380 3225 3224
f 3380 3224 3381
f 3381 3224 3226
f 3381 3226 3227
f 3259 3261 3229
f 3229 3261 3381
f 3229 3381 3228
f 3228 3381 3227
f 3248 3327 3246
f 3246 3327 3382
f 3246 3382 3247
f 3247 3382 3383
f 3247 3383 3267
f 3384 3262 3383
f 3383 3262 3266
f 3383 3266 3267
f 3261 3260 3381
f 3381 3260 3265
f 3381 3265 3380
f 3380 3265 3264
f 3380 3264 3384
f 3384 3264 3263
f 3384 3263 3262
f 3256 3257 3385
f 3385 3257 3258
f 3385 3258 3379
f 3379 3258 3229
f 3379 3229 3230
f 3329 3255 3386
f 3328 3254 3387
f 3283 3251 3281
f 3281 3251 3252
f 3281 3252 3280
f 3388 3288 3289
f 3388 3289 3326
f 3326 3289 3269
f 3326 3269 3268
f 3288 3388 3284
f 3284 3388 3389
f 3284 3389 3285
f 3285 3389 3286
f 3286 3389 3382
f 3286 3382 3287
f 3287 3382 3327
f 3287 3327 3282
f 3282 3327 3249
f 3282 3249 3283
f 3283 3249 3250
f 3283 3250 3251
f 3252 3253 3280
f 3280 3253 3328
f 3280 3328 3279
f 3279 3328 3387
f 3323 3322 3275
f 3275 3322 3274
f 3274 3322 3390
f 3274 3390 3273
f 3273 3390 3391
f 3273 3391 3272
f 3272 3391 3392
f 3272 3392 3271
f 3271 3392 3393
f 3271 3393 3270
f 3270 3393 3394
f 3270 3394 3326
f 3392 3395 3393
f 3393 3395 3396
f 3393 3396 3394
f 3394 3396 3397
f 3397 3398 3394
f 3394 3398 3399
f 3394 3399 3400
f 3400 3399 3401
f 3400 3401 3402
f 3321 3323 3403
f 3403 3323 3404
f 3403 3404 3320
f 3405 3406 3330
f 3330 3406 3407
f 3330 3407 3213
f 3213 3407 3212
f 3408 3409 3374
f 3374 3409 3330
f 3330 3409 3410
f 3330 3410 3405
f 3401 3411 3402
f 3402 3411 3412
f 3402 3412 3373
f 3373 3412 3413
f 3373 3413 3374
f 3374 3413 3414
f 3374 3414 3408
f 3415 3416 3417
f 3418 3417 3419
f 3419 3417 3416
f 3419 3416 3420
f 3420 3416 2725
f 3420 2725 2724
f 3421 3422 3423
f 3423 3422 3418
f 3424 3425 3426
f 3426 3425 3427
f 3428 3429 3430
f 3431 3432 3422
f 3418 3422 3417
f 3417 3422 3432
f 3417 3432 3415
f 3415 3432 3431
f 3415 3431 3433
f 3428 3434 3435
f 3436 3437 3298
f 3298 3437 3438
f 3438 3439 3440
f 3441 3442 3443
f 3441 3443 3444
f 3444 3443 3445
f 3444 3445 3446
f 3447 3445 3448
f 3448 3445 3443
f 3448 3443 3449
f 3449 3443 3442
f 3450 3451 3452
f 3452 3451 3453
f 3452 3453 3454
f 3455 3452 3456
f 3456 3452 3454
f 3456 3454 3457
f 3458 3459 3460
f 3460 3459 3309
f 3460 3309 3461
f 3461 3309 3311
f 3461 3311 3462
f 3463 3464 3465
f 3464 3463 3466
f 3466 3463 3467
f 3466 3467 3468
f 3468 3467 3469
f 3468 3469 3470
f 3471 3472 3473
f 3473 3472 3474
f 3465 3475 3476
f 3477 3478 3479
f 3477 3479 3480
f 3481 3482 3483
f 3483 3482 3480
f 3483 3480 3484
f 3484 3480 3479
f 3485 3486 3487
f 3488 3482 3489
f 3489 3482 3481
f 3489 3481 3490
f 3490 3481 3483
f 3490 3483 3491
f 3491 3483 3484
f 3485 3492 3493
f 3494 3495 3496
f 3496 3495 3497
f 3497 3498 3499
f 3012 3500 3302
f 3302 3500 3501
f 3302 3501 3502
f 3503 3500 3504
f 3500 3503 3501
f 3501 3503 3505
f 3501 3505 3502
f 3502 3505 3506
f 3502 3506 3507
f 3508 3509 3510
f 3510 3509 3511
f 3008 3512 2958
f 2958 3512 3511
f 2800 2739 3513
f 2800 3513 3371
f 3371 3513 3514
f 3371 3514 3372
f 3372 3514 3515
f 3372 3515 3373
f 3373 3515 3516
f 3373 3516 3402
f 3402 3516 3517
f 3402 3517 3400
f 3400 3517 3518
f 3400 3518 3394
f 3394 3518 3519
f 3394 3519 3326
f 3326 3519 3520
f 3326 3520 3388
f 3388 3520 3521
f 3388 3521 3389
f 3389 3521 3522
f 3389 3522 3382
f 3382 3522 3523
f 3382 3523 3383
f 3383 3523 3524
f 3383 3524 3384
f 3384 3524 3525
f 3384 3525 3380
f 3380 3525 3526
f 3380 3526 3376
f 3376 3526 3527
f 3376 3527 3375
f 2963 3290 2964
f 2964 3290 3528
f 2964 3528 2972
f 3427 3529 3316
f 3316 3529 3530
f 2934 2932 3316
f 3316 2932 2935
f 3316 2935 3427
f 3427 2935 3315
f 3427 3315 3426
f 3242 3241 2833
f 2833 3241 3375
f 2833 3375 2936
f 2936 3375 3527
f 2936 3527 2927
f 3233 2832 3377
f 3377 2832 3122
f 3377 3122 3531
f 2710 2952 3532
f 3532 2952 3533
f 3532 3533 3534
f 3534 3533 3535
f 3135 3197 3136
f 3136 3197 3535
f 3136 3535 3126
f 3126 3535 3533
f 3126 3533 2954
f 2954 3533 2952
f 3536 3537 3538
f 3538 3537 3425
f 3538 3425 3539
f 3539 3425 3424
f 3197 3540 3535
f 3535 3540 3541
f 3535 3541 3534
f 3534 3541 3542
f 3534 3542 3532
f 3532 3542 3543
f 3532 3543 2710
f 2710 3543 2711
f 3437 3430 3438
f 3438 3430 3429
f 3438 3429 3439
f 3439 3429 3544
f 3439 3544 3440
f 3424 3545 3539
f 3539 3545 3546
f 3539 3546 3547
f 3547 3546 3548
f 3547 3548 3549
f 3231 3232 3379
f 3379 3232 3550
f 3379 3550 3385
f 3385 3550 3551
f 3385 3551 3552
f 3552 3551 3553
f 3552 3553 3554
f 3554 3553 3555
f 3554 3555 3556
f 3556 3555 3557
f 3556 3557 3558
f 3531 3122 3559
f 3559 3122 2711
f 3559 2711 3560
f 3560 2711 3543
f 3560 3543 3561
f 3561 3543 3542
f 3561 3542 3562
f 3562 3542 3541
f 3562 3541 3563
f 3563 3541 3540
f 3563 3540 3564
f 3564 3540 3197
f 3564 3197 3196
f 3299 3565 3297
f 3297 3565 3441
f 3297 3441 3298
f 3298 3441 3444
f 3298 3444 3436
f 3436 3444 3446
f 3436 3446 3437
f 3437 3446 3433
f 3437 3433 3430
f 3430 3433 3431
f 3430 3431 3428
f 3428 3431 3422
f 3428 3422 3434
f 3434 3422 3421
f 3434 3421 3435
f 3566 3567 3568
f 3568 3567 3546
f 2724 2932 3420
f 3420 2932 3316
f 3420 3316 3419
f 3419 3316 3530
f 3419 3530 3418
f 3418 3530 3529
f 3418 3529 3423
f 3423 3529 3427
f 3423 3427 3421
f 3421 3427 3425
f 3421 3425 3435
f 3435 3425 3537
f 3435 3537 3428
f 3428 3537 3536
f 3428 3536 3429
f 3429 3536 3538
f 3429 3538 3544
f 3544 3538 3539
f 3544 3539 3440
f 3440 3539 3547
f 3440 3547 3438
f 3438 3547 3549
f 3438 3549 3298
f 3298 3549 3548
f 3298 3548 3299
f 3299 3548 3546
f 3299 3546 3565
f 3565 3546 3567
f 3565 3567 3441
f 3441 3567 3566
f 3441 3566 3442
f 3442 3566 3568
f 3256 3385 3255
f 3255 3385 3552
f 3255 3552 3386
f 3386 3552 3554
f 3386 3554 3569
f 3569 3554 3556
f 3569 3556 3570
f 3570 3556 3558
f 3570 3558 3571
f 2796 3117 3331
f 3331 3117 3572
f 3331 3572 3339
f 3339 3572 3573
f 3339 3573 3340
f 3340 3573 3574
f 3340 3574 3346
f 3346 3574 3575
f 3346 3575 3347
f 3347 3575 3576
f 3347 3576 3349
f 3349 3576 3577
f 3312 3578 3579
f 3579 3578 3580
f 3314 3581 3312
f 3312 3581 3582
f 3312 3582 3578
f 3578 3582 3449
f 3578 3449 3580
f 3580 3449 3442
f 3580 3442 3579
f 3579 3442 3568
f 3579 3568 3312
f 3312 3568 3546
f 3312 3546 3313
f 3313 3546 3545
f 3254 3329 3387
f 3387 3329 3386
f 3387 3386 3583
f 3583 3386 3569
f 3583 3569 3584
f 3584 3569 3570
f 3584 3570 3585
f 3585 3570 3571
f 3585 3571 3586
f 3296 3300 3294
f 3294 3300 3587
f 3294 3587 3588
f 3588 3587 3589
f 3588 3589 3590
f 3591 3577 3447
f 3447 3577 3576
f 3447 3576 3445
f 3445 3576 3575
f 3445 3575 3446
f 3446 3575 3574
f 3446 3574 3433
f 3433 3574 3573
f 3433 3573 3415
f 3415 3573 3572
f 3415 3572 3416
f 3416 3572 3117
f 3416 3117 2725
f 3458 3592 3459
f 3459 3592 3593
f 3459 3593 3309
f 3309 3593 3581
f 3309 3581 3310
f 3310 3581 3314
f 3594 3595 3596
f 3596 3595 3597
f 3596 3597 3598
f 3598 3597 3599
f 3598 3599 3295
f 3295 3294 3598
f 3598 3294 3588
f 3598 3588 3596
f 3596 3588 3590
f 3596 3590 3594
f 3600 3601 3602
f 3602 3601 3603
f 3602 3603 3604
f 3605 3461 3474
f 3474 3461 3462
f 3474 3462 3473
f 3458 3457 3592
f 3592 3457 3454
f 3592 3454 3593
f 3593 3454 3453
f 3593 3453 3581
f 3581 3453 3451
f 3581 3451 3582
f 3582 3451 3450
f 3582 3450 3449
f 3449 3450 3452
f 3449 3452 3448
f 3448 3452 3455
f 3448 3455 3447
f 3447 3455 3456
f 3447 3456 3591
f 3591 3456 3457
f 3591 3457 3606
f 3606 3457 3458
f 3606 3458 3600
f 3600 3458 3460
f 3600 3460 3601
f 3601 3460 3461
f 3601 3461 3603
f 3603 3461 3605
f 3603 3605 3604
f 3607 3608 3609
f 3609 3608 3306
f 3609 3306 3610
f 3610 3306 3308
f 3610 3308 3611
f 3307 3306 3612
f 3612 3306 3608
f 3612 3608 3613
f 3613 3608 3607
f 3613 3607 3586
f 3586 3607 3614
f 3586 3614 3585
f 3585 3614 3615
f 3585 3615 3584
f 3584 3615 3325
f 3584 3325 3583
f 3583 3325 3324
f 3583 3324 3387
f 3387 3324 3278
f 3387 3278 3279
f 3464 3616 3465
f 3465 3616 3617
f 3465 3617 3475
f 3475 3617 3618
f 3475 3618 3476
f 3619 3620 3621
f 3621 3620 3472
f 3621 3472 3622
f 3622 3472 3471
f 3557 3301 3558
f 3558 3301 3296
f 3558 3296 3571
f 3571 3296 3295
f 3571 3295 3586
f 3586 3295 3599
f 3586 3599 3613
f 3613 3599 3597
f 3613 3597 3612
f 3612 3597 3595
f 3612 3595 3307
f 3307 3595 3594
f 3307 3594 3308
f 3308 3594 3623
f 3308 3623 3611
f 3611 3623 3624
f 3200 3624 3201
f 3201 3624 3623
f 3201 3623 3199
f 3199 3623 3594
f 3199 3594 3198
f 3198 3594 3590
f 3198 3590 3196
f 3196 3590 3589
f 3196 3589 3564
f 3564 3589 3587
f 3564 3587 3563
f 3563 3587 3300
f 3563 3300 3562
f 3562 3300 3301
f 3562 3301 3561
f 3561 3301 3557
f 3561 3557 3560
f 3560 3557 3555
f 3560 3555 3559
f 3559 3555 3553
f 3559 3553 3531
f 3531 3553 3551
f 3531 3551 3377
f 3377 3551 3550
f 3377 3550 3378
f 3378 3550 3232
f 3378 3232 3233
f 3293 3625 3291
f 3291 3625 3491
f 3291 3491 3292
f 3292 3491 3484
f 3292 3484 3476
f 3476 3484 3479
f 3476 3479 3465
f 3465 3479 3478
f 3465 3478 3463
f 3463 3478 3477
f 3463 3477 3467
f 3471 3304 3622
f 3622 3304 3303
f 3622 3303 3626
f 3626 3303 3627
f 3626 3627 3628
f 3493 3492 3629
f 3630 3631 3632
f 3632 3631 3303
f 3632 3303 3633
f 3633 3303 3305
f 3320 3404 3318
f 3318 3404 3634
f 3318 3634 3319
f 3319 3634 3635
f 3319 3635 3636
f 3636 3635 3637
f 3636 3637 3638
f 3638 3637 3639
f 3638 3639 3640
f 3640 3639 3641
f 3640 3641 3642
f 3642 3641 3643
f 3642 3643 3644
f 3644 3643 3645
f 3644 3645 3646
f 3646 3645 3647
f 3646 3647 3648
f 3495 3487 3497
f 3497 3487 3486
f 3497 3486 3498
f 3498 3486 3649
f 3498 3649 3499
f 3305 3508 3633
f 3633 3508 3510
f 3633 3510 3650
f 3650 3510 3651
f 3650 3651 3652
f 3653 3654 3655
f 3655 3654 3656
f 3655 3656 3657
f 3657 3656 3658
f 3657 3658 3659
f 3659 3658 3660
f 3659 3660 3661
f 3661 3660 3662
f 3661 3662 3663
f 3663 3662 3664
f 3663 3664 3665
f 3665 3664 3666
f 3665 3666 3667
f 3667 3666 3407
f 3667 3407 3668
f 3668 3407 3406
f 3406 3317 3668
f 3668 3317 3319
f 3668 3319 3667
f 3667 3319 3636
f 3667 3636 3665
f 3665 3636 3638
f 3665 3638 3663
f 3663 3638 3640
f 3663 3640 3661
f 3661 3640 3642
f 3661 3642 3659
f 3659 3642 3644
f 3659 3644 3657
f 3657 3644 3646
f 3657 3646 3655
f 3655 3646 3648
f 3655 3648 3653
f 3355 3669 3353
f 3353 3669 3670
f 3353 3670 3351
f 3351 3670 3671
f 3351 3671 3356
f 3356 3671 3672
f 3356 3672 3359
f 3359 3672 3673
f 3359 3673 3370
f 3370 3673 3674
f 3370 3674 3369
f 3369 3674 3675
f 3369 3675 3367
f 3367 3675 3676
f 3367 3676 3332
f 3332 3676 3677
f 3332 3677 2751
f 3669 3469 3670
f 3670 3469 3467
f 3670 3467 3671
f 3671 3467 3477
f 3671 3477 3672
f 3672 3477 3480
f 3672 3480 3673
f 3673 3480 3482
f 3673 3482 3674
f 3674 3482 3488
f 3674 3488 3675
f 3675 3488 3504
f 3675 3504 3676
f 3676 3504 3500
f 3676 3500 3677
f 3677 3500 3012
f 3677 3012 2751
f 3629 3492 3490
f 3490 3492 3485
f 3490 3485 3489
f 3489 3485 3487
f 3489 3487 3488
f 3488 3487 3495
f 3488 3495 3504
f 3504 3495 3494
f 3504 3494 3503
f 3503 3494 3496
f 3503 3496 3505
f 3505 3496 3678
f 3505 3678 3506
f 3350 3349 3355
f 3355 3349 3577
f 3355 3577 3669
f 3669 3577 3591
f 3669 3591 3469
f 3469 3591 3606
f 3469 3606 3470
f 3470 3606 3600
f 3470 3600 3468
f 3468 3600 3602
f 3468 3602 3466
f 3466 3602 3604
f 3466 3604 3464
f 3464 3604 3605
f 3464 3605 3616
f 3616 3605 3474
f 3616 3474 3617
f 3617 3474 3472
f 3617 3472 3618
f 3618 3472 3620
f 3618 3620 3476
f 3476 3620 3619
f 3476 3619 3292
f 3292 3619 3621
f 3292 3621 3293
f 3293 3621 3622
f 3293 3622 3625
f 3625 3622 3626
f 3625 3626 3491
f 3491 3626 3628
f 3491 3628 3490
f 3490 3628 3627
f 3490 3627 3629
f 3629 3627 3303
f 3629 3303 3493
f 3493 3303 3631
f 3493 3631 3485
f 3485 3631 3630
f 3485 3630 3486
f 3486 3630 3632
f 3486 3632 3649
f 3649 3632 3633
f 3649 3633 3499
f 3499 3633 3650
f 3499 3650 3497
f 3497 3650 3652
f 3497 3652 3496
f 3496 3652 3651
f 3496 3651 3678
f 3678 3651 3510
f 3678 3510 3506
f 3506 3510 3511
f 3506 3511 3507
f 3507 3511 3512
f 3507 3512 3502
f 3502 3512 3302
f 3302 3512 3008
f 3302 3008 3033
f 2927 3527 3315
f 3315 3527 3526
f 3315 3526 3426
f 3426 3526 3525
f 3426 3525 3424
f 3424 3525 3524
f 3424 3524 3545
f 3545 3524 3523
f 3545 3523 3313
f 3313 3523 3522
f 3313 3522 3314
f 3314 3522 3521
f 3314 3521 3310
f 3310 3521 3520
f 3310 3520 3311
f 3311 3520 3519
f 3311 3519 3462
f 3462 3519 3518
f 3462 3518 3473
f 3473 3518 3517
f 3473 3517 3471
f 3471 3517 3516
f 3471 3516 3304
f 3304 3516 3515
f 3304 3515 3305
f 3305 3515 3514
f 3305 3514 3508
f 3508 3514 3513
f 3508 3513 3509
f 3509 3513 2739
f 3509 2739 3511
f 3511 2739 2738
f 3511 2738 2958
f 3212 3679 3211
f 3211 3679 3680
f 3211 3680 2801
f 2801 3680 3681
f 2801 3681 2959
f 2959 3681 3682
f 2959 3682 2961
f 2961 3682 3683
f 2961 3683 3290
f 3290 3683 3684
f 3290 3684 3528
f 3275 3276 3323
f 3323 3276 3277
f 3323 3277 3404
f 3404 3277 3325
f 3404 3325 3634
f 3634 3325 3615
f 3634 3615 3635
f 3635 3615 3614
f 3635 3614 3637
f 3637 3614 3607
f 3637 3607 3639
f 3639 3607 3609
f 3639 3609 3641
f 3641 3609 3610
f 3641 3610 3643
f 3643 3610 3611
f 3643 3611 3645
f 3645 3611 3624
f 3645 3624 3647
f 3647 3624 3200
f 3647 3200 3648
f 3648 3200 3195
f 3648 3195 3653
f 3653 3195 3194
f 3653 3194 3193
f 3212 3407 3679
f 3679 3407 3666
f 3679 3666 3680
f 3680 3666 3664
f 3680 3664 3681
f 3681 3664 3662
f 3681 3662 3682
f 3682 3662 3660
f 3682 3660 3683
f 3683 3660 3658
f 3683 3658 3684
f 3684 3658 3656
f 3684 3656 3528
f 3528 3656 3654
f 3528 3654 2972
f 2972 3654 3653
f 2972 3653 2969
f 2969 3653 3193
f 2969 3193 2970
f 3685 3686 3687
f 3688 3689 3690
f 3690 3689 3685
f 3690 3685 3691
f 3691 3685 3687
f 3692 3693 3694
f 3694 3693 3695
f 3694 3695 3696
f 3696 3695 3697
f 3696 3697 3686
f 3686 3697 3698
f 3686 3698 3687
f 3395 3392 3688
f 3320 3686 3403
f 3403 3686 3685
f 3403 3685 3321
f 3321 3685 3322
f 3322 3685 3689
f 3322 3689 3390
f 3688 3392 3689
f 3689 3392 3391
f 3689 3391 3390
f 3399 3398 3690
f 3690 3398 3397
f 3690 3397 3688
f 3688 3397 3396
f 3688 3396 3395
f 3690 3691 3399
f 3399 3691 3687
f 3399 3687 3401
f 3401 3687 3698
f 3401 3698 3411
f 3412 3411 3698
f 3698 3697 3412
f 3412 3697 3695
f 3412 3695 3413
f 3413 3695 3414
f 3414 3695 3693
f 3414 3693 3408
f 3408 3693 3409
f 3409 3693 3692
f 3409 3692 3410
f 3410 3692 3405
f 3405 3692 3694
f 3405 3694 3406
f 3406 3694 3696
f 3406 3696 3317
f 3317 3696 3686
f 3317 3686 3320
f 3699 3700 3701
f 3699 3701 3702
f 3703 3704 3701
f 3701 3704 3705
f 3706 3702 3707
f 3707 3702 3701
f 3707 3701 3708
f 3708 3701 3705
f 3708 3705 3709
f 3710 3703 3701
f 3700 3711 3701
f 3701 3711 3712
f 3713 3714 3701
f 3701 3714 3715
f 3701 3715 3710
f 3712 3716 3701
f 3701 3716 3717
f 3701 3717 3713
f 3718 3700 3699
f 3718 3699 3719
f 3719 3699 3702
f 3719 3702 3720
f 3720 3702 3706
f 3720 3706 3721
f 3721 3706 3707
f 3721 3707 3722
f 3722 3707 3708
f 3722 3708 3723
f 3723 3708 3709
f 3723 3709 3724
f 3724 3709 3705
f 3724 3705 3725
f 3725 3705 3704
f 3725 3704 3726
f 3726 3704 3703
f 3726 3703 3727
f 3727 3703 3710
f 3727 3710 3728
f 3728 3710 3715
f 3728 3715 3729
f 3729 3715 3714
f 3729 3714 3730
f 3730 3714 3713
f 3730 3713 3731
f 3731 3713 3717
f 3731 3717 3732
f 3732 3717 3716
f 3732 3716 3733
f 3733 3716 3712
f 3733 3712 3734
f 3734 3712 3711
f 3734 3711 3735
f 3735 3711 3700
f 3735 3700 3718
f 2399 2405 3720
f 3726 3727 3736
f 3720 2405 3719
f 3719 2405 2404
f 3719 2404 3718
f 2397 2396 3737
f 2399 3720 2400
f 2400 3720 3721
f 2400 3721 2410
f 3738 3722 3739
f 3739 3722 3723
f 3739 3723 3740
f 3740 3723 3724
f 3740 3724 3741
f 3741 3724 3725
f 3741 3725 3742
f 3742 3725 3726
f 3742 3726 3743
f 3743 3726 3736
f 3737 2396 3744
f 2396 2395 3744
f 3744 2395 2408
f 3744 2408 3745
f 3745 2408 2409
f 3745 2409 3746
f 3746 2409 2410
f 3746 2410 3738
f 3738 2410 3721
f 3738 3721 3722
f 3747 2390 3748
f 3748 2390 2389
f 3748 2389 3737
f 3737 2389 2391
f 3737 2391 2392
f 2403 2392 2407
f 2407 2392 2388
f 2407 2388 2406
f 2406 2388 2387
f 2406 2387 2404
f 2404 2387 2385
f 2404 2385 3718
f 3718 2385 2384
f 3718 2384 2381
f 2403 2402 2392
f 2392 2402 2401
f 2392 2401 3737
f 3737 2401 2398
f 3737 2398 2397
f 2386 2390 3747
f 3735 3718 2381
f 2416 2415 2379
f 2379 2415 2380
f 3736 3727 3749
f 3749 3727 3728
f 3749 3728 3750
f 3750 3728 3729
f 3732 3751 3731
f 3731 3751 3752
f 3731 3752 3730
f 3730 3752 3753
f 3730 3753 3729
f 3729 3753 3754
f 3729 3754 3750
f 3733 3755 3732
f 3732 3755 3756
f 3732 3756 3751
f 2381 2380 3735
f 3735 2380 2415
f 3735 2415 3734
f 3734 2415 2421
f 3734 2421 3733
f 3733 2421 2420
f 3733 2420 3755
f 3755 2420 2422
f 2386 3747 2393
f 2422 2423 3755
f 3755 2423 2419
f 3755 2419 3757
f 3757 2419 2418
f 3757 2418 3758
f 3758 2418 2417
f 3759 2411 3747
f 3747 2411 2424
f 3747 2424 2393
f 2417 2414 3758
f 3758 2414 2413
f 3758 2413 3759
f 3759 2413 2412
f 3759 2412 2411
f 2416 2379 2426
f 2426 2379 2383
f 2426 2383 2425
f 2425 2383 2382
f 2425 2382 2424
f 2424 2382 2394
f 2424 2394 2393
f 3736 3760 3761
f 3736 3761 3743
f 3743 3761 3762
f 3743 3762 3742
f 3742 3762 3763
f 3742 3763 3741
f 3741 3763 3764
f 3741 3764 3740
f 3740 3764 3765
f 3740 3765 3739
f 3739 3765 3766
f 3739 3766 3738
f 3738 3766 3767
f 3738 3767 3746
f 3746 3767 3768
f 3746 3768 3745
f 3745 3768 3769
f 3745 3769 3744
f 3744 3769 3770
f 3744 3770 3737
f 3737 3770 3771
f 3737 3771 3748
f 3748 3771 3772
f 3748 3772 3747
f 3747 3772 3773
f 3747 3773 3759
f 3759 3773 3774
f 3759 3774 3758
f 3758 3774 3775
f 3758 3775 3757
f 3757 3775 3776
f 3757 3776 3755
f 3755 3776 3777
f 3755 3777 3756
f 3756 3777 3778
f 3756 3778 3751
f 3751 3778 3779
f 3751 3779 3752
f 3752 3779 3780
f 3752 3780 3753
f 3753 3780 3781
f 3753 3781 3754
f 3754 3781 3782
f 3754 3782 3750
f 3750 3782 3783
f 3750 3783 3749
f 3749 3783 3760
f 3749 3760 3736
f 3775 3774 3784
f 3765 3764 3785
f 3785 3764 3786
f 3786 3764 3763
f 3786 3763 3787
f 3769 3788 3770
f 3770 3788 3789
f 3770 3789 3771
f 3771 3789 3790
f 3771 3790 3791
f 3767 3792 3768
f 3768 3792 3793
f 3768 3793 3769
f 3769 3793 3794
f 3769 3794 3788
f 3785 3795 3765
f 3765 3795 3796
f 3765 3796 3766
f 3766 3796 3797
f 3766 3797 3767
f 3767 3797 3798
f 3767 3798 3792
f 3784 3774 3799
f 3799 3774 3773
f 3799 3773 3791
f 3791 3773 3772
f 3791 3772 3771
f 3781 3800 3782
f 3782 3800 3801
f 3782 3801 3783
f 3783 3801 3802
f 3783 3802 3803
f 3787 3763 3804
f 3804 3763 3762
f 3804 3762 3805
f 3805 3762 3761
f 3805 3761 3803
f 3803 3761 3760
f 3803 3760 3783
f 3779 3806 3780
f 3780 3806 3807
f 3780 3807 3781
f 3781 3807 3808
f 3781 3808 3800
f 3777 3809 3778
f 3778 3809 3810
f 3778 3810 3779
f 3779 3810 3811
f 3779 3811 3806
f 3784 3812 3775
f 3775 3812 3813
f 3775 3813 3776
f 3776 3813 3814
f 3776 3814 3777
f 3777 3814 3815
f 3777 3815 3809
f 3803 3816 3817
f 3803 3817 3805
f 3805 3817 3818
f 3805 3818 3804
f 3804 3818 3819
f 3804 3819 3787
f 3787 3819 3820
f 3787 3820 3786
f 3786 3820 3821
f 3786 3821 3785
f 3785 3821 3822
f 3785 3822 3795
f 3795 3822 3823
f 3795 3823 3796
f 3796 3823 3824
f 3796 3824 3797
f 3797 3824 3825
f 3797 3825 3798
f 3798 3825 3826
f 3798 3826 3792
f 3792 3826 3827
f 3792 3827 3793
f 3793 3827 3828
f 3793 3828 3794
f 3794 3828 3829
f 3794 3829 3788
f 3788 3829 3830
f 3788 3830 3789
f 3789 3830 3831
f 3789 3831 3790
f 3790 3831 3832
f 3790 3832 3791
f 3791 3832 3833
f 3791 3833 3799
f 3833 3834 3799
f 3799 3834 3835
f 3799 3835 3784
f 3784 3835 3836
f 3784 3836 3812
f 3812 3836 3837
f 3812 3837 3813
f 3813 3837 3838
f 3813 3838 3814
f 3814 3838 3839
f 3814 3839 3815
f 3815 3839 3840
f 3815 3840 3809
f 3809 3840 3841
f 3809 3841 3810
f 3810 3841 3842
f 3810 3842 3811
f 3811 3842 3843
f 3811 3843 3806
f 3806 3843 3844
f 3806 3844 3807
f 3807 3844 3845
f 3807 3845 3808
f 3808 3845 3846
f 3808 3846 3800
f 3800 3846 3847
f 3800 3847 3801
f 3801 3847 3848
f 3801 3848 3802
f 3802 3848 3816
f 3802 3816 3803
f 3849 3850 3851
f 3849 3852 3853
f 3854 3855 3856
f 3857 3858 3859
f 3860 3861 3862
f 3863 3864 3865
f 3866 3867 3868
f 3869 3870 3871
f 3344 3869 3872
f 3873 3874 3864
f 3874 3873 3855
f 3866 3875 3876
f 3877 3878 3879
f 3880 3881 3882
f 3883 3884 3885
f 2793 2792 3886
f 3887 2790 3888
f 3888 2790 2789
f 3888 2789 3337
f 3338 3889 3337
f 3337 3889 3890
f 3337 3890 3891
f 3892 3893 3894
f 3894 3893 2794
f 3894 2794 2793
f 2793 3886 3894
f 3894 3886 3895
f 3894 3895 3892
f 3896 3897 3898
f 3898 3897 3899
f 3900 3901 3902
f 3902 3901 3903
f 3902 3903 3904
f 3900 3902 3905
f 3905 3902 3906
f 3905 3906 3907
f 3908 3909 3910
f 3910 3909 3911
f 3910 3911 3912
f 3913 3914 3915
f 3915 3914 3916
f 3915 3916 3917
f 3883 3918 3884
f 3884 3918 3919
f 3884 3919 3920
f 3920 3919 3921
f 3922 3923 3924
f 3924 3923 3925
f 3924 3925 3926
f 3872 3869 3927
f 3927 3869 3928
f 3927 3928 3882
f 3929 3930 3350
f 3350 3930 3931
f 3350 3931 3348
f 3932 3933 3934
f 3935 3932 3936
f 3936 3932 3937
f 3855 3938 3939
f 3939 3938 3857
f 3939 3857 3940
f 3849 3941 3942
f 3942 3941 3864
f 3942 3864 3943
f 3944 3945 3946
f 3946 3945 3947
f 3946 3947 3860
f 3948 3949 3950
f 3950 3949 3951
f 3951 3952 3953
f 3953 3952 3954
f 3955 3956 3953
f 3957 3958 3959
f 3959 3958 3960
f 3959 3960 3961
f 3962 3963 3959
f 3959 3963 3964
f 3959 3964 3957
f 3965 3966 3959
f 3959 3966 3967
f 3959 3967 3962
f 3968 3969 3959
f 3959 3969 3970
f 3970 3971 3959
f 3959 3971 3972
f 3959 3972 3965
f 3336 3973 3974
f 3974 3975 3976
f 3976 3975 3977
f 3976 3977 3959
f 3959 3977 3978
f 3959 3978 3968
f 3974 3976 3336
f 3336 3976 3959
f 3336 3959 3365
f 3365 3959 3979
f 3365 3979 3366
f 3366 3979 3980
f 3366 3980 3981
f 3364 3363 3982
f 3360 3983 3361
f 3361 3983 3984
f 3358 3985 3352
f 3352 3985 3986
f 3352 3986 3987
f 3988 3989 3348
f 3345 3990 3991
f 3345 3991 3341
f 3908 3992 3909
f 3909 3992 3884
f 3909 3884 3911
f 3911 3884 3993
f 3911 3993 3912
f 3921 3917 3920
f 3920 3917 3916
f 3920 3916 3884
f 3884 3916 3914
f 3884 3914 3993
f 3993 3914 3913
f 3993 3913 3912
f 3931 3994 3995
f 3995 3994 3879
f 3995 3879 3996
f 3996 3879 3997
f 3998 3999 4000
f 4000 3999 3884
f 4000 3884 4001
f 4001 3884 3992
f 4001 3992 4002
f 4002 3992 3908
f 4003 4004 4005
f 4005 4004 3869
f 4005 3869 4006
f 4006 3869 3344
f 4006 3344 4005
f 4005 3344 3343
f 4005 3343 4003
f 4007 4008 4009
f 4009 4008 4004
f 3937 3929 3936
f 3936 3929 4010
f 3936 4010 3935
f 3935 4010 4011
f 3935 4011 3932
f 3866 4012 4013
f 4014 3866 4015
f 4015 3866 3932
f 4015 3932 4014
f 4014 3932 3934
f 4014 3934 3866
f 3866 3934 3933
f 3866 3933 4012
f 4012 3933 3932
f 4012 3932 4013
f 4013 3932 4011
f 4013 4011 3866
f 3866 4011 4010
f 3866 4010 4016
f 4016 4010 3929
f 4016 3929 4017
f 4017 3929 3350
f 4017 3350 4016
f 4016 3350 3354
f 4016 3354 3866
f 3866 3354 3352
f 3343 3348 4003
f 4003 3348 3989
f 4003 3989 4004
f 4004 3989 3988
f 4004 3988 4009
f 4009 3988 3348
f 4009 3348 4007
f 4007 3348 3931
f 4007 3931 4008
f 4008 3931 3995
f 4008 3995 4004
f 4004 3995 3996
f 4004 3996 3869
f 3869 3996 3997
f 3869 3997 3870
f 3870 3997 3879
f 3870 3879 3871
f 3871 3879 3878
f 3871 3878 3869
f 3869 3878 3877
f 4018 4019 4020
f 4021 4019 3922
f 3922 4019 4018
f 3922 4018 4022
f 2792 2790 3886
f 3886 2790 3887
f 3886 3887 3895
f 3895 3887 3896
f 3895 3896 3892
f 3892 3896 3898
f 3904 4023 4024
f 3990 4018 3991
f 3991 4018 4020
f 3991 4020 3341
f 3341 4020 4019
f 3341 4019 3342
f 3342 4019 4021
f 3342 4021 3338
f 3338 4021 3922
f 3338 3922 3889
f 3889 3922 3924
f 3889 3924 3890
f 3890 3924 3926
f 3890 3926 3891
f 3880 3922 3881
f 3881 3922 4022
f 3881 4022 3882
f 3882 4022 4018
f 3882 4018 3927
f 3927 4018 3990
f 3927 3990 3872
f 3872 3990 3345
f 3872 3345 3344
f 4002 3907 4001
f 4001 3907 3906
f 4001 3906 4000
f 4000 3906 3902
f 4000 3902 3998
f 3998 3902 3904
f 3901 3899 3903
f 3903 3899 3897
f 3903 3897 3904
f 3904 3897 3896
f 3904 3896 4025
f 4025 3896 3887
f 4025 3887 3904
f 3904 3887 3888
f 3904 3888 4023
f 4023 3888 3337
f 4023 3337 4024
f 4024 3337 3891
f 4024 3891 3904
f 3904 3891 3926
f 3904 3926 3998
f 3998 3926 3925
f 3998 3925 3999
f 3849 3851 4026
f 4027 4028 3979
f 4029 4030 4031
f 3979 4032 3980
f 3980 4032 4030
f 3980 4030 3981
f 3981 4030 4029
f 3981 4029 3366
f 3948 4031 3949
f 3949 4031 4030
f 3949 4030 3951
f 3951 4030 4032
f 3951 4032 3952
f 3952 4032 3979
f 3952 3979 3954
f 3954 3979 4028
f 3954 4028 3953
f 3953 4028 4027
f 3953 4027 3955
f 3955 4027 3979
f 3955 3979 3956
f 3956 3979 3959
f 3956 3959 3953
f 4031 4033 4034
f 4034 4033 3945
f 4034 3945 4035
f 4035 3945 3944
f 3850 3982 4036
f 4036 3982 3363
f 4036 3363 3362
f 3358 3357 4037
f 4037 3357 4038
f 4037 4038 3943
f 3850 3849 3982
f 3982 3849 3853
f 3982 3853 3364
f 3364 3853 3852
f 3364 3852 3360
f 3360 3852 3849
f 3360 3849 3983
f 3983 3849 3942
f 3983 3942 3984
f 3984 3942 3943
f 3984 3943 4039
f 4039 3943 4038
f 4039 4038 3984
f 3984 4038 3357
f 3984 3357 3361
f 3860 4040 3861
f 3861 4040 3849
f 3861 3849 3862
f 3862 3849 4026
f 3862 4026 3860
f 3860 4026 3851
f 3860 3851 3946
f 3946 3851 3850
f 3946 3850 3944
f 3944 3850 4036
f 3944 4036 4035
f 4035 4036 3362
f 4035 3362 4034
f 4034 3362 3368
f 4034 3368 4031
f 4031 3368 4041
f 4031 4041 4029
f 4029 4041 3368
f 4029 3368 3366
f 3940 4042 4043
f 3864 3874 3865
f 3865 3874 3855
f 3865 3855 3863
f 3863 3855 3854
f 3863 3854 3864
f 3864 3854 3856
f 3864 3856 3943
f 3943 3856 3855
f 3943 3855 4037
f 4037 3855 4044
f 4037 4044 3358
f 3358 4044 3855
f 3358 3855 3985
f 3985 3855 3939
f 3985 3939 3986
f 3986 3939 3940
f 3986 3940 3987
f 3987 3940 4043
f 3987 4043 3352
f 3352 4043 4042
f 3352 4042 3866
f 3866 4042 3940
f 3866 3940 3867
f 3867 3940 3857
f 3867 3857 3868
f 3868 3857 3859
f 3868 3859 3866
f 3866 3859 3858
f 3866 3858 3875
f 3875 3858 3857
f 3875 3857 3876
f 4045 4046 4047
f 4045 4048 4049
f 4050 4051 4052
f 4053 4054 4055
f 4056 4057 4058
f 4059 4060 4061
f 4062 4063 4064
f 4065 4066 4067
f 2761 4065 4068
f 4069 4070 4060
f 4070 4069 4051
f 4062 4071 4072
f 4073 4074 4075
f 4076 4077 4078
f 3960 4079 3961
f 4080 3333 4081
f 4081 3333 2753
f 4081 2753 2754
f 2755 4082 2754
f 2754 4082 4083
f 2754 4083 4084
f 3336 3335 4085
f 4086 4085 4087
f 4087 4085 3335
f 4087 3335 3334
f 4086 3974 4085
f 4085 3974 3973
f 4085 3973 3336
f 4088 4089 3975
f 3975 4089 3977
f 3968 3978 4090
f 4090 3978 4091
f 4090 4091 4092
f 3968 4090 3969
f 3969 4090 4093
f 3969 4093 3970
f 3972 4094 3965
f 3965 4094 4095
f 3965 4095 3966
f 3967 4096 3962
f 3962 4096 4097
f 3962 4097 3963
f 3960 3958 4079
f 4079 3958 3957
f 4079 3957 4098
f 4098 3957 3964
f 4099 4100 4101
f 4101 4100 4102
f 4101 4102 4103
f 4068 4065 4104
f 4104 4065 4105
f 4104 4105 4078
f 4106 4107 2767
f 2767 4107 4108
f 2767 4108 2765
f 4109 4110 4111
f 4112 4109 4113
f 4113 4109 4114
f 4051 4115 4116
f 4116 4115 4053
f 4116 4053 4117
f 4045 4118 4119
f 4119 4118 4060
f 4119 4060 4120
f 4121 4122 4123
f 4123 4122 4124
f 4123 4124 4056
f 4125 4126 4127
f 4127 4126 4128
f 4128 4129 4130
f 4130 4129 4131
f 4132 4133 4130
f 3919 3918 4134
f 4134 3918 3883
f 4134 3883 3885
f 3915 3917 4134
f 4134 3917 3921
f 4134 3921 3919
f 3910 3912 4134
f 4134 3912 3913
f 4134 3913 3915
f 4134 3905 3907
f 3907 4002 4134
f 4134 4002 3908
f 4134 3908 3910
f 4135 3899 3901
f 4135 3901 4134
f 4134 3901 3900
f 4134 3900 3905
f 3893 3892 4135
f 4135 3892 3898
f 4135 3898 3899
f 4136 2788 3893
f 3893 2788 2794
f 3893 4135 4136
f 4136 4135 4134
f 4136 4134 2788
f 2788 4134 4137
f 2788 4137 2786
f 2786 4137 4138
f 2786 4138 4139
f 2781 2780 4140
f 2777 4141 2778
f 2778 4141 4142
f 2775 4143 2769
f 2769 4143 4144
f 2769 4144 4145
f 4146 4147 2765
f 2762 4148 4149
f 2762 4149 2758
f 3972 4150 4094
f 4094 4150 4079
f 4094 4079 4095
f 4095 4079 4151
f 4095 4151 3966
f 3964 3963 4098
f 4098 3963 4097
f 4098 4097 4079
f 4079 4097 4096
f 4079 4096 4151
f 4151 4096 3967
f 4151 3967 3966
f 4108 4152 4153
f 4153 4152 4075
f 4153 4075 4154
f 4154 4075 4155
f 4156 4157 4158
f 4158 4157 4079
f 4158 4079 4159
f 4159 4079 4150
f 4159 4150 3971
f 3971 4150 3972
f 4160 4161 4162
f 4162 4161 4065
f 4162 4065 4163
f 4163 4065 2761
f 4163 2761 4162
f 4162 2761 2760
f 4162 2760 4160
f 4164 4165 4166
f 4166 4165 4161
f 4114 4106 4113
f 4113 4106 4167
f 4113 4167 4112
f 4112 4167 4168
f 4112 4168 4109
f 4062 4169 4170
f 4171 4062 4172
f 4172 4062 4109
f 4172 4109 4171
f 4171 4109 4111
f 4171 4111 4062
f 4062 4111 4110
f 4062 4110 4169
f 4169 4110 4109
f 4169 4109 4170
f 4170 4109 4168
f 4170 4168 4062
f 4062 4168 4167
f 4062 4167 4173
f 4173 4167 4106
f 4173 4106 4174
f 4174 4106 2767
f 4174 2767 4173
f 4173 2767 2771
f 4173 2771 4062
f 4062 2771 2769
f 2760 2765 4160
f 4160 2765 4147
f 4160 4147 4161
f 4161 4147 4146
f 4161 4146 4166
f 4166 4146 2765
f 4166 2765 4164
f 4164 2765 4108
f 4164 4108 4165
f 4165 4108 4153
f 4165 4153 4161
f 4161 4153 4154
f 4161 4154 4065
f 4065 4154 4155
f 4065 4155 4066
f 4066 4155 4075
f 4066 4075 4067
f 4067 4075 4074
f 4067 4074 4065
f 4065 4074 4073
f 4175 4176 4177
f 4178 4176 4099
f 4099 4176 4175
f 4099 4175 4179
f 3334 3333 4087
f 4087 3333 4080
f 4087 4080 4086
f 4086 4080 4088
f 4086 4088 3974
f 3974 4088 3975
f 4092 4180 4181
f 4148 4175 4149
f 4149 4175 4177
f 4149 4177 2758
f 2758 4177 4176
f 2758 4176 2759
f 2759 4176 4178
f 2759 4178 2755
f 2755 4178 4099
f 2755 4099 4082
f 4082 4099 4101
f 4082 4101 4083
f 4083 4101 4103
f 4083 4103 4084
f 4076 4099 4077
f 4077 4099 4179
f 4077 4179 4078
f 4078 4179 4175
f 4078 4175 4104
f 4104 4175 4148
f 4104 4148 4068
f 4068 4148 2762
f 4068 2762 2761
f 3971 3970 4159
f 4159 3970 4093
f 4159 4093 4158
f 4158 4093 4090
f 4158 4090 4156
f 4156 4090 4092
f 3978 3977 4091
f 4091 3977 4089
f 4091 4089 4092
f 4092 4089 4088
f 4092 4088 4182
f 4182 4088 4080
f 4182 4080 4092
f 4092 4080 4081
f 4092 4081 4180
f 4180 4081 2754
f 4180 2754 4181
f 4181 2754 4084
f 4181 4084 4092
f 4092 4084 4103
f 4092 4103 4156
f 4156 4103 4102
f 4156 4102 4157
f 4045 4047 4183
f 4184 4185 4137
f 4186 4187 4188
f 4137 4189 4138
f 4138 4189 4187
f 4138 4187 4139
f 4139 4187 4186
f 4139 4186 2786
f 4125 4188 4126
f 4126 4188 4187
f 4126 4187 4128
f 4128 4187 4189
f 4128 4189 4129
f 4129 4189 4137
f 4129 4137 4131
f 4131 4137 4185
f 4131 4185 4130
f 4130 4185 4184
f 4130 4184 4132
f 4132 4184 4137
f 4132 4137 4133
f 4133 4137 4134
f 4133 4134 4130
f 4188 4190 4191
f 4191 4190 4122
f 4191 4122 4192
f 4192 4122 4121
f 4046 4140 4193
f 4193 4140 2780
f 4193 2780 2779
f 2775 2774 4194
f 4194 2774 4195
f 4194 4195 4120
f 4046 4045 4140
f 4140 4045 4049
f 4140 4049 2781
f 2781 4049 4048
f 2781 4048 2777
f 2777 4048 4045
f 2777 4045 4141
f 4141 4045 4119
f 4141 4119 4142
f 4142 4119 4120
f 4142 4120 4196
f 4196 4120 4195
f 4196 4195 4142
f 4142 4195 2774
f 4142 2774 2778
f 4056 4197 4057
f 4057 4197 4045
f 4057 4045 4058
f 4058 4045 4183
f 4058 4183 4056
f 4056 4183 4047
f 4056 4047 4123
f 4123 4047 4046
f 4123 4046 4121
f 4121 4046 4193
f 4121 4193 4192
f 4192 4193 2779
f 4192 2779 4191
f 4191 2779 2784
f 4191 2784 4188
f 4188 2784 4198
f 4188 4198 4186
f 4186 4198 2784
f 4186 2784 2786
f 4117 4199 4200
f 4060 4070 4061
f 4061 4070 4051
f 4061 4051 4059
f 4059 4051 4050
f 4059 4050 4060
f 4060 4050 4052
f 4060 4052 4120
f 4120 4052 4051
f 4120 4051 4194
f 4194 4051 4201
f 4194 4201 2775
f 2775 4201 4051
f 2775 4051 4143
f 4143 4051 4116
f 4143 4116 4144
f 4144 4116 4117
f 4144 4117 4145
f 4145 4117 4200
f 4145 4200 2769
f 2769 4200 4199
f 2769 4199 4062
f 4062 4199 4117
f 4062 4117 4063
f 4063 4117 4053
f 4063 4053 4064
f 4064 4053 4055
f 4064 4055 4062
f 4062 4055 4054
f 4062 4054 4071
f 4071 4054 4053
f 4071 4053 4072
f 3828 4202 3829
f 3829 4202 4203
f 3829 4203 3830
f 3830 4203 4204
f 3830 4204 3831
f 3831 4204 4205
f 3831 4205 3832
f 3832 4205 4206
f 3832 4206 3833
f 3816 4207 3817
f 3817 4207 4208
f 3817 4208 3818
f 3818 4208 4209
f 3818 4209 3819
f 3819 4209 4210
f 3819 4210 3820
f 3820 4210 4211
f 3820 4211 3821
f 3821 4211 4212
f 3821 4212 3822
f 3822 4212 4213
f 3822 4213 3823
f 3823 4213 4214
f 3823 4214 3824
f 3824 4214 4215
f 3824 4215 3825
f 3825 4215 4216
f 3825 4216 3826
f 3826 4216 4217
f 3826 4217 3827
f 3827 4217 4218
f 3827 4218 3828
f 3828 4218 4219
f 3828 4219 4202
f 3833 4206 3834
f 3834 4206 4220
f 3834 4220 3835
f 3835 4220 4221
f 3835 4221 3836
f 3836 4221 4222
f 3836 4222 3837
f 3837 4222 4223
f 3837 4223 3838
f 3838 4223 4224
f 3838 4224 3839
f 3839 4224 4225
f 3839 4225 3840
f 3840 4225 4226
f 3840 4226 3841
f 3841 4226 4227
f 3841 4227 3842
f 3842 4227 4228
f 3842 4228 3843
f 3843 4228 4229
f 3843 4229 3844
f 3844 4229 4230
f 3844 4230 3845
f 3845 4230 4231
f 3845 4231 3846
f 3846 4231 4232
f 3846 4232 3847
f 3847 4232 4233
f 3847 4233 3848
f 3848 4233 4234
f 3848 4234 3816
f 3816 4234 4207
f 4235 4236 4237
f 4238 4239 4240
f 4241 4242 4243
f 4244 4245 4246
f 4247 4248 4249
f 4250 4251 4252
f 4253 4254 4255
f 4256 4257 4258
f 4259 4260 4261
f 4258 4257 4262
f 4255 4254 4263
f 4252 4251 4264
f 4249 4248 4265
f 4246 4245 4266
f 4243 4242 4267
f 4240 4239 4268
f 4268 4239 4269
f 4268 4269 4270
f 3884 3999 4271
f 4272 4259 4271
f 4271 4259 4261
f 4271 4261 3884
f 3884 4261 3885
f 3999 3925 4271
f 4271 3925 4256
f 4271 4256 4272
f 4272 4256 4258
f 3880 4257 3922
f 3922 4257 4256
f 3922 4256 3923
f 3923 4256 3925
f 3880 3882 4257
f 4257 3882 4253
f 4257 4253 4262
f 4262 4253 4255
f 3877 4254 3869
f 3869 4254 4253
f 3869 4253 3928
f 3928 4253 3882
f 3877 3879 4254
f 4254 3879 4250
f 4254 4250 4263
f 4263 4250 4252
f 3879 3994 4250
f 4250 3994 3931
f 4250 3931 4251
f 4251 3931 3930
f 4251 3930 3929
f 3929 3937 4251
f 4251 3937 4247
f 4251 4247 4264
f 4264 4247 4249
f 3876 4248 3866
f 3866 4248 4247
f 3866 4247 3932
f 3932 4247 3937
f 3876 3857 4248
f 4248 3857 4244
f 4248 4244 4265
f 4265 4244 4246
f 3873 4245 3855
f 3855 4245 4244
f 3855 4244 3938
f 3938 4244 3857
f 3873 3864 4245
f 4245 3864 4241
f 4245 4241 4266
f 4266 4241 4243
f 4240 4267 4238
f 4238 4267 4242
f 4238 4242 3860
f 3864 3941 4241
f 4241 3941 3849
f 4241 3849 4242
f 4242 3849 4040
f 4242 4040 3860
f 4033 4239 3945
f 3945 4239 4238
f 3945 4238 3947
f 3947 4238 3860
f 3950 4269 3948
f 3948 4269 4239
f 3948 4239 4031
f 4031 4239 4033
f 3950 3951 4269
f 4269 3951 4235
f 4269 4235 4270
f 4270 4235 4237
f 3961 4236 3959
f 3959 4236 4235
f 3959 4235 3953
f 3953 4235 3951
f 4273 4261 4260
f 4274 4275 4276
f 4277 4278 4279
f 4280 4281 4282
f 4283 4284 4285
f 4286 4287 4288
f 4289 4290 4291
f 4292 4293 4294
f 4295 4237 4236
f 4294 4293 4296
f 4291 4290 4297
f 4288 4287 4298
f 4285 4284 4299
f 4282 4281 4300
f 4279 4278 4301
f 4276 4275 4302
f 4302 4275 4303
f 4302 4303 4304
f 4079 4157 4305
f 4306 4295 4305
f 4305 4295 4236
f 4305 4236 4079
f 4079 4236 3961
f 4157 4102 4305
f 4305 4102 4292
f 4305 4292 4306
f 4306 4292 4294
f 4076 4293 4099
f 4099 4293 4292
f 4099 4292 4100
f 4100 4292 4102
f 4076 4078 4293
f 4293 4078 4289
f 4293 4289 4296
f 4296 4289 4291
f 4073 4290 4065
f 4065 4290 4289
f 4065 4289 4105
f 4105 4289 4078
f 4073 4075 4290
f 4290 4075 4286
f 4290 4286 4297
f 4297 4286 4288
f 4075 4152 4286
f 4286 4152 4108
f 4286 4108 4287
f 4287 4108 4107
f 4287 4107 4106
f 4106 4114 4287
f 4287 4114 4283
f 4287 4283 4298
f 4298 4283 4285
f 4072 4284 4062
f 4062 4284 4283
f 4062 4283 4109
f 4109 4283 4114
f 4072 4053 4284
f 4284 4053 4280
f 4284 4280 4299
f 4299 4280 4282
f 4069 4281 4051
f 4051 4281 4280
f 4051 4280 4115
f 4115 4280 4053
f 4069 4060 4281
f 4281 4060 4277
f 4281 4277 4300
f 4300 4277 4279
f 4276 4301 4274
f 4274 4301 4278
f 4274 4278 4056
f 4060 4118 4277
f 4277 4118 4045
f 4277 4045 4278
f 4278 4045 4197
f 4278 4197 4056
f 4190 4275 4122
f 4122 4275 4274
f 4122 4274 4124
f 4124 4274 4056
f 4127 4303 4125
f 4125 4303 4275
f 4125 4275 4188
f 4188 4275 4190
f 4127 4128 4303
f 4303 4128 4273
f 4303 4273 4304
f 4304 4273 4260
f 3885 4261 4134
f 4134 4261 4273
f 4134 4273 4130
f 4130 4273 4128
f 4307 4308 4309
f 4309 4310 4307
f 4307 4310 4311
f 4307 4311 4312
f 4312 4313 4307
f 4307 4313 4314
f 4307 4314 4315
f 4315 4316 4307
f 4307 4316 4317
f 4307 4317 4318
f 4318 4319 4307
f 4307 4319 4320
f 4307 4320 4321
f 4321 4322 4307
f 4307 4322 4323
f 4307 4323 4308
f 4324 4325 4208
f 4326 4327 4218
f 4328 4329 4205
f 4205 4329 4206
f 4206 4329 4330
f 4206 4330 4331
f 4204 4332 4333
f 4204 4333 4205
f 4205 4333 4334
f 4205 4334 4328
f 4203 4335 4204
f 4204 4335 4336
f 4204 4336 4332
f 4218 4327 4219
f 4327 4337 4219
f 4219 4337 4338
f 4219 4338 4202
f 4202 4338 4339
f 4202 4339 4203
f 4203 4339 4340
f 4203 4340 4335
f 4326 4218 4341
f 4341 4218 4217
f 4341 4217 4342
f 4342 4217 4343
f 4343 4217 4216
f 4343 4216 4344
f 4215 4345 4216
f 4216 4345 4346
f 4216 4346 4344
f 4214 4347 4215
f 4215 4347 4348
f 4215 4348 4345
f 4349 4350 4214
f 4214 4350 4351
f 4214 4351 4347
f 4349 4214 4352
f 4352 4214 4213
f 4352 4213 4353
f 4212 4354 4355
f 4212 4355 4213
f 4213 4355 4356
f 4213 4356 4353
f 4211 4357 4212
f 4212 4357 4358
f 4212 4358 4354
f 4359 4210 4209
f 4359 4360 4210
f 4210 4360 4361
f 4210 4361 4211
f 4211 4361 4362
f 4211 4362 4357
f 4325 4363 4208
f 4208 4363 4364
f 4208 4364 4209
f 4209 4364 4365
f 4209 4365 4359
f 4324 4208 4366
f 4366 4208 4207
f 4366 4207 4367
f 4368 4369 4220
f 4370 4371 4234
f 4234 4371 4372
f 4234 4372 4207
f 4207 4372 4373
f 4207 4373 4367
f 4370 4234 4374
f 4374 4234 4233
f 4374 4233 4375
f 4376 4377 4232
f 4232 4377 4378
f 4232 4378 4233
f 4233 4378 4379
f 4233 4379 4375
f 4380 4381 4230
f 4230 4381 4382
f 4230 4382 4231
f 4231 4382 4383
f 4231 4383 4232
f 4232 4383 4384
f 4232 4384 4376
f 4380 4230 4385
f 4385 4230 4229
f 4385 4229 4386
f 4386 4229 4387
f 4387 4229 4228
f 4387 4228 4388
f 4388 4228 4389
f 4389 4228 4227
f 4389 4227 4390
f 4226 4391 4227
f 4227 4391 4392
f 4227 4392 4390
f 4393 4394 4226
f 4226 4394 4395
f 4226 4395 4391
f 4393 4226 4396
f 4396 4226 4225
f 4396 4225 4397
f 4224 4398 4399
f 4224 4399 4225
f 4225 4399 4400
f 4225 4400 4397
f 4223 4401 4224
f 4224 4401 4402
f 4224 4402 4398
f 4403 4222 4221
f 4403 4404 4222
f 4222 4404 4405
f 4222 4405 4223
f 4223 4405 4406
f 4223 4406 4401
f 4369 4407 4220
f 4220 4407 4408
f 4220 4408 4221
f 4221 4408 4409
f 4221 4409 4403
f 4368 4220 4410
f 4410 4220 4206
f 4410 4206 4331
f 4411 4412 4413
f 4413 4412 4414
f 4413 4414 4415
f 4415 4414 4416
f 4415 4416 4417
f 4417 4416 4418
f 4417 4418 4419
f 4419 4418 4420
f 4419 4420 4421
f 4421 4420 4422
f 4421 4422 4423
f 4423 4422 4424
f 4423 4424 4425
f 4425 4424 4426
f 4425 4426 4427
f 4427 4426 4428
f 4427 4428 4429
f 4429 4428 4430
f 4429 4430 4431
f 4431 4430 4432
f 4431 4432 4433
f 4433 4432 4434
f 4433 4434 4435
f 4435 4434 4436
f 4435 4436 4437
f 4437 4436 4438
f 4437 4438 4439
f 4439 4438 4440
f 4439 4440 4441
f 4441 4440 4442
f 4441 4442 4443
f 4443 4442 4444
f 4443 4444 4445
f 4445 4444 4446
f 4445 4446 4447
f 4447 4446 4448
f 4449 4411 4450
f 4450 4411 4413
f 4450 4413 4451
f 4451 4413 4415
f 4451 4415 4452
f 4452 4415 4417
f 4452 4417 4453
f 4453 4417 4419
f 4453 4419 4454
f 4454 4419 4421
f 4454 4421 4455
f 4455 4421 4423
f 4455 4423 4456
f 4456 4423 4425
f 4456 4425 4457
f 4457 4425 4427
f 4457 4427 4458
f 4458 4427 4429
f 4458 4429 4459
f 4459 4429 4431
f 4459 4431 4460
f 4460 4431 4433
f 4460 4433 4461
f 4461 4433 4435
f 4461 4435 4462
f 4462 4435 4437
f 4462 4437 4463
f 4463 4437 4439
f 4463 4439 4464
f 4464 4439 4441
f 4464 4441 4465
f 4465 4441 4443
f 4465 4443 4466
f 4466 4443 4445
f 4466 4445 4467
f 4467 4445 4447
f 4468 4449 4469
f 4469 4449 4450
f 4469 4450 4470
f 4470 4450 4451
f 4470 4451 4471
f 4471 4451 4452
f 4471 4452 4472
f 4472 4452 4453
f 4472 4453 4473
f 4473 4453 4454
f 4473 4454 4474
f 4474 4454 4455
f 4474 4455 4475
f 4475 4455 4456
f 4475 4456 4476
f 4476 4456 4457
f 4476 4457 4477
f 4477 4457 4458
f 4477 4458 4478
f 4478 4458 4459
f 4478 4459 4479
f 4479 4459 4460
f 4479 4460 4480
f 4480 4460 4461
f 4480 4461 4481
f 4481 4461 4462
f 4481 4462 4482
f 4482 4462 4463
f 4482 4463 4483
f 4483 4463 4464
f 4483 4464 4484
f 4484 4464 4465
f 4484 4465 4485
f 4485 4465 4466
f 4485 4466 4486
f 4486 4466 4467
f 4237 4468 4270
f 4270 4468 4469
f 4270 4469 4268
f 4268 4469 4470
f 4268 4470 4240
f 4240 4470 4471
f 4240 4471 4267
f 4267 4471 4472
f 4267 4472 4243
f 4243 4472 4473
f 4243 4473 4266
f 4266 4473 4474
f 4266 4474 4246
f 4246 4474 4475
f 4246 4475 4265
f 4265 4475 4476
f 4265 4476 4249
f 4249 4476 4477
f 4249 4477 4264
f 4264 4477 4478
f 4264 4478 4252
f 4252 4478 4479
f 4252 4479 4263
f 4263 4479 4480
f 4263 4480 4255
f 4255 4480 4481
f 4255 4481 4262
f 4262 4481 4482
f 4262 4482 4258
f 4258 4482 4483
f 4258 4483 4272
f 4272 4483 4484
f 4272 4484 4259
f 4259 4484 4485
f 4259 4485 4260
f 4260 4485 4486
f 4447 4448 4487
f 4487 4448 4488
f 4487 4488 4489
f 4489 4488 4490
f 4489 4490 4491
f 4491 4490 4492
f 4491 4492 4493
f 4493 4492 4494
f 4493 4494 4495
f 4495 4494 4496
f 4495 4496 4497
f 4497 4496 4498
f 4497 4498 4499
f 4499 4498 4500
f 4499 4500 4501
f 4501 4500 4502
f 4501 4502 4503
f 4503 4502 4504
f 4503 4504 4505
f 4505 4504 4506
f 4505 4506 4507
f 4507 4506 4508
f 4507 4508 4509
f 4509 4508 4510
f 4509 4510 4511
f 4511 4510 4512
f 4511 4512 4513
f 4513 4512 4514
f 4513 4514 4515
f 4515 4514 4516
f 4515 4516 4517
f 4517 4516 4518
f 4517 4518 4519
f 4519 4518 4520
f 4519 4520 4411
f 4411 4520 4412
f 4467 4447 4521
f 4521 4447 4487
f 4521 4487 4522
f 4522 4487 4489
f 4522 4489 4523
f 4523 4489 4491
f 4523 4491 4524
f 4524 4491 4493
f 4524 4493 4525
f 4525 4493 4495
f 4525 4495 4526
f 4526 4495 4497
f 4526 4497 4527
f 4527 4497 4499
f 4527 4499 4528
f 4528 4499 4501
f 4528 4501 4529
f 4529 4501 4503
f 4529 4503 4530
f 4530 4503 4505
f 4530 4505 4531
f 4531 4505 4507
f 4531 4507 4532
f 4532 4507 4509
f 4532 4509 4533
f 4533 4509 4511
f 4533 4511 4534
f 4534 4511 4513
f 4534 4513 4535
f 4535 4513 4515
f 4535 4515 4536
f 4536 4515 4517
f 4536 4517 4537
f 4537 4517 4519
f 4537 4519 4449
f 4449 4519 4411
f 4486 4467 4538
f 4538 4467 4521
f 4538 4521 4539
f 4539 4521 4522
f 4539 4522 4540
f 4540 4522 4523
f 4540 4523 4541
f 4541 4523 4524
f 4541 4524 4542
f 4542 4524 4525
f 4542 4525 4543
f 4543 4525 4526
f 4543 4526 4544
f 4544 4526 4527
f 4544 4527 4545
f 4545 4527 4528
f 4545 4528 4546
f 4546 4528 4529
f 4546 4529 4547
f 4547 4529 4530
f 4547 4530 4548
f 4548 4530 4531
f 4548 4531 4549
f 4549 4531 4532
f 4549 4532 4550
f 4550 4532 4533
f 4550 4533 4551
f 4551 4533 4534
f 4551 4534 4552
f 4552 4534 4535
f 4552 4535 4553
f 4553 4535 4536
f 4553 4536 4554
f 4554 4536 4537
f 4554 4537 4468
f 4468 4537 4449
f 4260 4486 4304
f 4304 4486 4538
f 4304 4538 4302
f 4302 4538 4539
f 4302 4539 4276
f 4276 4539 4540
f 4276 4540 4301
f 4301 4540 4541
f 4301 4541 4279
f 4279 4541 4542
f 4279 4542 4300
f 4300 4542 4543
f 4300 4543 4282
f 4282 4543 4544
f 4282 4544 4299
f 4299 4544 4545
f 4299 4545 4285
f 4285 4545 4546
f 4285 4546 4298
f 4298 4546 4547
f 4298 4547 4288
f 4288 4547 4548
f 4288 4548 4297
f 4297 4548 4549
f 4297 4549 4291
f 4291 4549 4550
f 4291 4550 4296
f 4296 4550 4551
f 4296 4551 4294
f 4294 4551 4552
f 4294 4552 4306
f 4306 4552 4553
f 4306 4553 4295
f 4295 4553 4554
f 4295 4554 4237
f 4237 4554 4468
f 4318 4555 4319
f 4319 4555 4556
f 4319 4556 4320
f 4320 4556 4557
f 4320 4557 4321
f 4321 4557 4558
f 4321 4558 4322
f 4322 4558 4559
f 4322 4559 4323
f 4323 4559 4560
f 4323 4560 4308
f 4308 4560 4561
f 4308 4561 4309
f 4309 4561 4562
f 4309 4562 4310
f 4310 4562 4563
f 4310 4563 4311
f 4311 4563 4564
f 4311 4564 4312
f 4312 4564 4565
f 4312 4565 4313
f 4313 4565 4566
f 4313 4566 4314
f 4314 4566 4567
f 4314 4567 4315
f 4315 4567 4568
f 4315 4568 4316
f 4316 4568 4569
f 4316 4569 4317
f 4317 4569 4570
f 4317 4570 4318
f 4318 4570 4555
f 4328 4334 4571
f 4363 4325 4572
f 4572 4325 4324
f 4572 4324 4573
f 4573 4324 4366
f 4573 4366 4367
f 4360 4359 4574
f 4574 4359 4365
f 4574 4365 4572
f 4572 4365 4364
f 4572 4364 4363
f 4575 4357 4362
f 4575 4362 4574
f 4574 4362 4361
f 4574 4361 4360
f 4356 4355 4576
f 4576 4355 4354
f 4576 4354 4575
f 4575 4354 4358
f 4575 4358 4357
f 4350 4349 4577
f 4577 4349 4352
f 4577 4352 4576
f 4576 4352 4353
f 4576 4353 4356
f 4345 4348 4578
f 4578 4348 4347
f 4578 4347 4577
f 4577 4347 4351
f 4577 4351 4350
f 4342 4343 4579
f 4579 4343 4344
f 4579 4344 4578
f 4578 4344 4346
f 4578 4346 4345
f 4342 4579 4341
f 4341 4579 4580
f 4341 4580 4326
f 4339 4338 4581
f 4581 4338 4337
f 4581 4337 4580
f 4580 4337 4327
f 4580 4327 4326
f 4339 4581 4340
f 4340 4581 4582
f 4340 4582 4335
f 4334 4333 4571
f 4571 4333 4332
f 4571 4332 4582
f 4582 4332 4336
f 4582 4336 4335
f 4583 4331 4330
f 4583 4330 4571
f 4571 4330 4329
f 4571 4329 4328
f 4379 4378 4584
f 4407 4369 4585
f 4585 4369 4368
f 4585 4368 4583
f 4583 4368 4410
f 4583 4410 4331
f 4404 4403 4586
f 4586 4403 4409
f 4586 4409 4585
f 4585 4409 4408
f 4585 4408 4407
f 4587 4401 4406
f 4587 4406 4586
f 4586 4406 4405
f 4586 4405 4404
f 4400 4399 4588
f 4588 4399 4398
f 4588 4398 4587
f 4587 4398 4402
f 4587 4402 4401
f 4394 4393 4589
f 4589 4393 4396
f 4589 4396 4588
f 4588 4396 4397
f 4588 4397 4400
f 4390 4392 4590
f 4590 4392 4391
f 4590 4391 4589
f 4589 4391 4395
f 4589 4395 4394
f 4591 4387 4388
f 4591 4388 4590
f 4590 4388 4389
f 4590 4389 4390
f 4592 4380 4385
f 4592 4385 4591
f 4591 4385 4386
f 4591 4386 4387
f 4593 4383 4382
f 4593 4382 4592
f 4592 4382 4381
f 4592 4381 4380
f 4378 4377 4584
f 4584 4377 4376
f 4584 4376 4593
f 4593 4376 4384
f 4593 4384 4383
f 4371 4370 4594
f 4594 4370 4374
f 4594 4374 4584
f 4584 4374 4375
f 4584 4375 4379
f 4573 4367 4373
f 4573 4373 4594
f 4594 4373 4372
f 4594 4372 4371
f 4595 4596 4597
f 4597 4596 4598
f 4597 4598 4599
f 4599 4598 4600
f 4599 4600 4601
f 4601 4600 4602
f 4601 4602 4603
f 4603 4602 4604
f 4603 4604 4605
f 4605 4604 4606
f 4605 4606 4607
f 4607 4606 4608
f 4609 4610 4608
f 4608 4610 4611
f 4608 4611 4607
f 4612 4613 4609
f 4609 4613 4614
f 4609 4614 4610
f 4615 4616 4612
f 4612 4616 4617
f 4612 4617 4613
f 4618 4619 4615
f 4615 4619 4620
f 4615 4620 4616
f 4621 4622 4618
f 4618 4622 4623
f 4618 4623 4619
f 4624 4625 4621
f 4621 4625 4626
f 4621 4626 4622
f 4627 4628 4624
f 4624 4628 4629
f 4624 4629 4625
f 4630 4631 4632
f 4632 4631 4633
f 4632 4633 4634
f 4634 4633 4635
f 4634 4635 4636
f 4636 4635 4637
f 4636 4637 4638
f 4638 4637 4639
f 4638 4639 4627
f 4627 4639 4640
f 4627 4640 4628
f 4412 4630 4414
f 4414 4630 4632
f 4414 4632 4416
f 4416 4632 4634
f 4416 4634 4418
f 4418 4634 4636
f 4418 4636 4420
f 4420 4636 4638
f 4420 4638 4422
f 4422 4638 4627
f 4422 4627 4424
f 4424 4627 4624
f 4424 4624 4426
f 4426 4624 4621
f 4426 4621 4428
f 4428 4621 4618
f 4428 4618 4430
f 4430 4618 4615
f 4430 4615 4432
f 4432 4615 4612
f 4432 4612 4434
f 4434 4612 4609
f 4434 4609 4436
f 4436 4609 4608
f 4436 4608 4438
f 4438 4608 4606
f 4438 4606 4440
f 4440 4606 4604
f 4440 4604 4442
f 4442 4604 4602
f 4442 4602 4444
f 4444 4602 4600
f 4444 4600 4446
f 4446 4600 4598
f 4446 4598 4448
f 4448 4598 4596
f 4631 4630 4641
f 4641 4630 4642
f 4641 4642 4643
f 4643 4642 4644
f 4643 4644 4645
f 4645 4644 4646
f 4645 4646 4647
f 4647 4646 4648
f 4647 4648 4649
f 4649 4648 4650
f 4649 4650 4651
f 4651 4650 4652
f 4653 4654 4652
f 4652 4654 4655
f 4652 4655 4651
f 4656 4657 4653
f 4653 4657 4658
f 4653 4658 4654
f 4659 4660 4656
f 4656 4660 4661
f 4656 4661 4657
f 4662 4663 4659
f 4659 4663 4664
f 4659 4664 4660
f 4665 4666 4662
f 4662 4666 4667
f 4662 4667 4663
f 4668 4669 4665
f 4665 4669 4670
f 4665 4670 4666
f 4671 4672 4668
f 4668 4672 4673
f 4668 4673 4669
f 4596 4595 4674
f 4674 4595 4675
f 4674 4675 4676
f 4676 4675 4677
f 4676 4677 4678
f 4678 4677 4679
f 4678 4679 4680
f 4680 4679 4681
f 4680 4681 4671
f 4671 4681 4682
f 4671 4682 4672
f 4448 4596 4488
f 4488 4596 4674
f 4488 4674 4490
f 4490 4674 4676
f 4490 4676 4492
f 4492 4676 4678
f 4492 4678 4494
f 4494 4678 4680
f 4494 4680 4496
f 4496 4680 4671
f 4496 4671 4498
f 4498 4671 4668
f 4498 4668 4500
f 4500 4668 4665
f 4500 4665 4502
f 4502 4665 4662
f 4502 4662 4504
f 4504 4662 4659
f 4504 4659 4506
f 4506 4659 4656
f 4506 4656 4508
f 4508 4656 4653
f 4508 4653 4510
f 4510 4653 4652
f 4510 4652 4512
f 4512 4652 4650
f 4512 4650 4514
f 4514 4650 4648
f 4514 4648 4516
f 4516 4648 4646
f 4516 4646 4518
f 4518 4646 4644
f 4518 4644 4520
f 4520 4644 4642
f 4520 4642 4412
f 4412 4642 4630
f 4683 4684 4685
f 4685 4684 4686
f 4685 4686 4687
f 4687 4686 4688
f 4687 4688 4689
f 4568 4567 4690
f 4690 4567 4691
f 4691 4567 4566
f 4691 4566 4692
f 4692 4566 4565
f 4692 4565 4693
f 4693 4565 4564
f 4693 4564 4694
f 4694 4564 4563
f 4694 4563 4695
f 4558 4696 4559
f 4559 4696 4697
f 4559 4697 4560
f 4560 4697 4698
f 4560 4698 4561
f 4561 4698 4695
f 4561 4695 4562
f 4562 4695 4563
f 4699 4700 4701
f 4701 4700 4702
f 4557 4703 4558
f 4558 4703 4704
f 4688 4696 4689
f 4689 4696 4558
f 4689 4558 4705
f 4705 4558 4704
f 4690 4706 4568
f 4568 4706 4707
f 4568 4707 4569
f 4569 4707 4708
f 4569 4708 4570
f 4570 4708 4709
f 4570 4709 4555
f 4555 4709 4699
f 4555 4699 4556
f 4556 4699 4701
f 4556 4701 4557
f 4557 4701 4710
f 4557 4710 4703
f 4711 4583 4712
f 4712 4583 4571
f 4712 4571 4713
f 4713 4571 4582
f 4713 4582 4714
f 4714 4582 4581
f 4714 4581 4715
f 4715 4581 4580
f 4715 4580 4716
f 4716 4580 4579
f 4716 4579 4717
f 4717 4579 4578
f 4717 4578 4718
f 4718 4578 4577
f 4718 4577 4719
f 4719 4577 4576
f 4719 4576 4720
f 4720 4576 4575
f 4720 4575 4721
f 4721 4575 4574
f 4721 4574 4722
f 4722 4574 4572
f 4722 4572 4723
f 4723 4572 4573
f 4723 4573 4724
f 4724 4573 4594
f 4724 4594 4725
f 4725 4594 4584
f 4725 4584 4726
f 4726 4584 4593
f 4726 4593 4727
f 4727 4593 4592
f 4727 4592 4728
f 4728 4592 4591
f 4728 4591 4729
f 4729 4591 4590
f 4729 4590 4730
f 4730 4590 4589
f 4730 4589 4731
f 4731 4589 4588
f 4731 4588 4732
f 4732 4588 4587
f 4732 4587 4733
f 4733 4587 4586
f 4733 4586 4734
f 4734 4586 4585
f 4734 4585 4711
f 4711 4585 4583
f 4623 4622 4735
f 4620 4619 4736
f 4617 4616 4737
f 4614 4613 4738
f 4739 4740 4741
f 4742 4743 4744
f 4744 4743 4745
f 4744 4745 4746
f 4746 4745 4747
f 4746 4747 4748
f 4748 4747 4749
f 4748 4749 4750
f 4750 4749 4751
f 4750 4751 4752
f 4752 4751 4753
f 4752 4753 4754
f 4754 4753 4755
f 4754 4755 4756
f 4757 4756 4758
f 4759 4757 4760
f 4761 4759 4762
f 4763 4761 4764
f 4765 4763 4766
f 4767 4740 4768
f 4768 4740 4739
f 4768 4739 4769
f 4770 4771 4772
f 4772 4771 4773
f 4772 4773 4774
f 4774 4773 4775
f 4774 4775 4776
f 4776 4775 4777
f 4776 4777 4778
f 4743 4779 4745
f 4745 4779 4780
f 4745 4780 4747
f 4747 4780 4781
f 4747 4781 4749
f 4749 4781 4782
f 4749 4782 4751
f 4751 4782 4783
f 4751 4783 4753
f 4753 4783 4784
f 4753 4784 4755
f 4755 4784 4785
f 4786 4741 4787
f 4787 4741 4740
f 4787 4740 4788
f 4788 4740 4767
f 4788 4767 4765
f 4789 4770 4790
f 4790 4770 4772
f 4790 4772 4791
f 4791 4772 4774
f 4791 4774 4792
f 4792 4774 4776
f 4792 4776 4793
f 4793 4776 4778
f 4793 4778 4794
f 4779 4795 4780
f 4780 4795 4796
f 4780 4796 4781
f 4781 4796 4797
f 4781 4797 4782
f 4782 4797 4798
f 4782 4798 4783
f 4783 4798 4799
f 4783 4799 4784
f 4784 4799 4800
f 4784 4800 4785
f 4785 4800 4801
f 4802 4789 4803
f 4803 4789 4790
f 4803 4790 4804
f 4804 4790 4791
f 4804 4791 4805
f 4805 4791 4792
f 4805 4792 4806
f 4806 4792 4793
f 4806 4793 4807
f 4807 4793 4794
f 4807 4794 4808
f 4795 4595 4796
f 4796 4595 4597
f 4796 4597 4797
f 4797 4597 4599
f 4797 4599 4798
f 4798 4599 4601
f 4798 4601 4799
f 4799 4601 4603
f 4799 4603 4800
f 4800 4603 4605
f 4800 4605 4801
f 4801 4605 4607
f 4801 4607 4611
f 4756 4755 4758
f 4758 4755 4785
f 4758 4785 4809
f 4809 4785 4801
f 4809 4801 4810
f 4810 4801 4611
f 4810 4611 4610
f 4757 4758 4760
f 4760 4758 4809
f 4760 4809 4811
f 4811 4809 4810
f 4811 4810 4738
f 4738 4810 4610
f 4738 4610 4614
f 4759 4760 4762
f 4762 4760 4811
f 4762 4811 4812
f 4812 4811 4738
f 4812 4738 4737
f 4737 4738 4613
f 4737 4613 4617
f 4761 4762 4764
f 4764 4762 4812
f 4764 4812 4813
f 4813 4812 4737
f 4813 4737 4736
f 4736 4737 4616
f 4736 4616 4620
f 4763 4764 4766
f 4766 4764 4813
f 4766 4813 4814
f 4814 4813 4736
f 4814 4736 4735
f 4735 4736 4619
f 4735 4619 4623
f 4765 4766 4788
f 4788 4766 4814
f 4788 4814 4787
f 4787 4814 4735
f 4787 4735 4786
f 4786 4735 4622
f 4786 4622 4626
f 4626 4625 4786
f 4786 4625 4808
f 4786 4808 4741
f 4741 4808 4794
f 4741 4794 4739
f 4739 4794 4778
f 4739 4778 4769
f 4769 4778 4777
f 4631 4802 4633
f 4633 4802 4803
f 4633 4803 4635
f 4635 4803 4804
f 4635 4804 4637
f 4637 4804 4805
f 4637 4805 4639
f 4639 4805 4806
f 4639 4806 4640
f 4640 4806 4807
f 4640 4807 4628
f 4628 4807 4808
f 4628 4808 4629
f 4629 4808 4625
f 4667 4666 4815
f 4664 4663 4816
f 4661 4660 4817
f 4658 4657 4818
f 4819 4820 4821
f 4771 4770 4822
f 4822 4770 4823
f 4822 4823 4824
f 4824 4823 4825
f 4824 4825 4826
f 4826 4825 4827
f 4826 4827 4828
f 4828 4827 4829
f 4828 4829 4830
f 4830 4829 4831
f 4830 4831 4832
f 4832 4831 4833
f 4832 4833 4834
f 4835 4834 4836
f 4837 4835 4838
f 4839 4837 4840
f 4841 4839 4842
f 4843 4841 4844
f 4845 4820 4846
f 4846 4820 4819
f 4846 4819 4847
f 4743 4742 4848
f 4848 4742 4849
f 4848 4849 4850
f 4850 4849 4851
f 4850 4851 4852
f 4852 4851 4853
f 4852 4853 4854
f 4770 4789 4823
f 4823 4789 4855
f 4823 4855 4825
f 4825 4855 4856
f 4825 4856 4827
f 4827 4856 4857
f 4827 4857 4829
f 4829 4857 4858
f 4829 4858 4831
f 4831 4858 4859
f 4831 4859 4833
f 4833 4859 4860
f 4861 4821 4862
f 4862 4821 4820
f 4862 4820 4863
f 4863 4820 4845
f 4863 4845 4843
f 4779 4743 4864
f 4864 4743 4848
f 4864 4848 4865
f 4865 4848 4850
f 4865 4850 4866
f 4866 4850 4852
f 4866 4852 4867
f 4867 4852 4854
f 4867 4854 4868
f 4789 4802 4855
f 4855 4802 4869
f 4855 4869 4856
f 4856 4869 4870
f 4856 4870 4857
f 4857 4870 4871
f 4857 4871 4858
f 4858 4871 4872
f 4858 4872 4859
f 4859 4872 4873
f 4859 4873 4860
f 4860 4873 4874
f 4795 4779 4875
f 4875 4779 4864
f 4875 4864 4876
f 4876 4864 4865
f 4876 4865 4877
f 4877 4865 4866
f 4877 4866 4878
f 4878 4866 4867
f 4878 4867 4879
f 4879 4867 4868
f 4879 4868 4880
f 4802 4631 4869
f 4869 4631 4641
f 4869 4641 4870
f 4870 4641 4643
f 4870 4643 4871
f 4871 4643 4645
f 4871 4645 4872
f 4872 4645 4647
f 4872 4647 4873
f 4873 4647 4649
f 4873 4649 4874
f 4874 4649 4651
f 4874 4651 4655
f 4834 4833 4836
f 4836 4833 4860
f 4836 4860 4881
f 4881 4860 4874
f 4881 4874 4882
f 4882 4874 4655
f 4882 4655 4654
f 4835 4836 4838
f 4838 4836 4881
f 4838 4881 4883
f 4883 4881 4882
f 4883 4882 4818
f 4818 4882 4654
f 4818 4654 4658
f 4837 4838 4840
f 4840 4838 4883
f 4840 4883 4884
f 4884 4883 4818
f 4884 4818 4817
f 4817 4818 4657
f 4817 4657 4661
f 4839 4840 4842
f 4842 4840 4884
f 4842 4884 4885
f 4885 4884 4817
f 4885 4817 4816
f 4816 4817 4660
f 4816 4660 4664
f 4841 4842 4844
f 4844 4842 4885
f 4844 4885 4886
f 4886 4885 4816
f 4886 4816 4815
f 4815 4816 4663
f 4815 4663 4667
f 4843 4844 4863
f 4863 4844 4886
f 4863 4886 4862
f 4862 4886 4815
f 4862 4815 4861
f 4861 4815 4666
f 4861 4666 4670
f 4670 4669 4861
f 4861 4669 4880
f 4861 4880 4821
f 4821 4880 4868
f 4821 4868 4819
f 4819 4868 4854
f 4819 4854 4847
f 4847 4854 4853
f 4595 4795 4675
f 4675 4795 4875
f 4675 4875 4677
f 4677 4875 4876
f 4677 4876 4679
f 4679 4876 4877
f 4679 4877 4681
f 4681 4877 4878
f 4681 4878 4682
f 4682 4878 4879
f 4682 4879 4672
f 4672 4879 4880
f 4672 4880 4673
f 4673 4880 4669
f 4887 4702 4888
f 4888 4702 4700
f 4888 4700 4889
f 4889 4700 4699
f 4889 4699 4890
f 4890 4699 4709
f 4890 4709 4891
f 4891 4709 4708
f 4891 4708 4892
f 4892 4708 4707
f 4892 4707 4893
f 4893 4707 4706
f 4893 4706 4894
f 4894 4706 4690
f 4894 4690 4895
f 4895 4690 4691
f 4895 4691 4896
f 4896 4691 4692
f 4896 4692 4897
f 4897 4692 4693
f 4897 4693 4898
f 4898 4693 4694
f 4898 4694 4899
f 4899 4694 4695
f 4899 4695 4900
f 4900 4695 4698
f 4900 4698 4901
f 4901 4698 4697
f 4901 4697 4902
f 4902 4697 4696
f 4902 4696 4903
f 4903 4696 4688
f 4903 4688 4904
f 4904 4688 4686
f 4904 4686 4905
f 4905 4686 4684
f 4905 4684 4906
f 4906 4684 4683
f 4906 4683 4907
f 4907 4683 4685
f 4907 4685 4908
f 4908 4685 4687
f 4908 4687 4909
f 4909 4687 4689
f 4909 4689 4910
f 4910 4689 4705
f 4910 4705 4911
f 4911 4705 4704
f 4911 4704 4912
f 4912 4704 4703
f 4912 4703 4913
f 4913 4703 4710
f 4913 4710 4914
f 4914 4710 4701
f 4914 4701 4887
f 4887 4701 4702
f 4915 4711 4712
f 4915 4712 4916
f 4916 4712 4713
f 4916 4713 4917
f 4917 4713 4714
f 4917 4714 4918
f 4918 4714 4715
f 4918 4715 4919
f 4919 4715 4716
f 4919 4716 4920
f 4920 4716 4717
f 4920 4717 4921
f 4921 4717 4718
f 4921 4718 4922
f 4922 4718 4719
f 4922 4719 4923
f 4923 4719 4720
f 4923 4720 4924
f 4924 4720 4721
f 4924 4721 4925
f 4925 4721 4722
f 4925 4722 4926
f 4926 4722 4723
f 4926 4723 4927
f 4927 4723 4724
f 4927 4724 4928
f 4928 4724 4725
f 4928 4725 4929
f 4929 4725 4726
f 4929 4726 4930
f 4930 4726 4727
f 4930 4727 4931
f 4931 4727 4728
f 4931 4728 4932
f 4932 4728 4729
f 4932 4729 4933
f 4933 4729 4730
f 4933 4730 4934
f 4934 4730 4731
f 4934 4731 4935
f 4935 4731 4732
f 4935 4732 4936
f 4936 4732 4733
f 4936 4733 4937
f 4937 4733 4734
f 4937 4734 4938
f 4938 4734 4711
f 4938 4711 4915
f 4939 4940 4941
f 4942 4943 4944
f 4944 4943 4945
f 4946 4947 4948
f 4948 4947 4949
f 4948 4949 4950
f 4950 4949 4951
f 4950 4951 4942
f 4942 4951 4952
f 4942 4952 4943
f 4953 4954 4955
f 4955 4954 4956
f 4955 4956 4957
f 4957 4956 4958
f 4957 4958 4959
f 4959 4958 4960
f 4959 4960 4946
f 4946 4960 4961
f 4946 4961 4947
f 4962 4963 4964
f 4964 4963 4965
f 4964 4965 4966
f 4966 4965 4967
f 4966 4967 4953
f 4953 4967 4968
f 4953 4968 4954
f 4969 4970 4971
f 4971 4970 4972
f 4971 4972 4973
f 4973 4972 4974
f 4973 4974 4975
f 4975 4974 4976
f 4975 4976 4962
f 4962 4976 4977
f 4962 4977 4963
f 4941 4978 4939
f 4939 4978 4979
f 4939 4979 4980
f 4980 4979 4981
f 4980 4981 4982
f 4982 4981 4983
f 4982 4983 4969
f 4969 4983 4984
f 4969 4984 4970
f 4771 4940 4773
f 4773 4940 4939
f 4773 4939 4775
f 4775 4939 4980
f 4775 4980 4777
f 4777 4980 4982
f 4777 4982 4769
f 4769 4982 4969
f 4769 4969 4768
f 4768 4969 4971
f 4768 4971 4767
f 4767 4971 4973
f 4767 4973 4765
f 4765 4973 4975
f 4765 4975 4763
f 4763 4975 4962
f 4763 4962 4761
f 4761 4962 4964
f 4761 4964 4759
f 4759 4964 4966
f 4759 4966 4757
f 4757 4966 4953
f 4757 4953 4756
f 4756 4953 4955
f 4756 4955 4754
f 4754 4955 4957
f 4754 4957 4752
f 4752 4957 4959
f 4752 4959 4750
f 4750 4959 4946
f 4750 4946 4748
f 4748 4946 4948
f 4748 4948 4746
f 4746 4948 4950
f 4746 4950 4744
f 4744 4950 4942
f 4744 4942 4742
f 4742 4942 4944
f 4985 4944 4945
f 4986 4987 4940
f 4940 4987 4941
f 4988 4989 4990
f 4990 4989 4991
f 4990 4991 4992
f 4992 4991 4993
f 4992 4993 4986
f 4986 4993 4994
f 4986 4994 4987
f 4995 4996 4997
f 4997 4996 4998
f 4997 4998 4999
f 4999 4998 5000
f 4999 5000 5001
f 5001 5000 5002
f 5001 5002 4988
f 4988 5002 5003
f 4988 5003 4989
f 5004 5005 5006
f 5006 5005 5007
f 5006 5007 5008
f 5008 5007 5009
f 5008 5009 4995
f 4995 5009 5010
f 4995 5010 4996
f 5011 5012 5013
f 5013 5012 5014
f 5013 5014 5015
f 5015 5014 5016
f 5015 5016 5017
f 5017 5016 5018
f 5017 5018 5004
f 5004 5018 5019
f 5004 5019 5005
f 4945 5020 4985
f 4985 5020 5021
f 4985 5021 5022
f 5022 5021 5023
f 5022 5023 5024
f 5024 5023 5025
f 5024 5025 5011
f 5011 5025 5026
f 5011 5026 5012
f 4742 4944 4849
f 4849 4944 4985
f 4849 4985 4851
f 4851 4985 5022
f 4851 5022 4853
f 4853 5022 5024
f 4853 5024 4847
f 4847 5024 5011
f 4847 5011 4846
f 4846 5011 5013
f 4846 5013 4845
f 4845 5013 5015
f 4845 5015 4843
f 4843 5015 5017
f 4843 5017 4841
f 4841 5017 5004
f 4841 5004 4839
f 4839 5004 5006
f 4839 5006 4837
f 4837 5006 5008
f 4837 5008 4835
f 4835 5008 4995
f 4835 4995 4834
f 4834 4995 4997
f 4834 4997 4832
f 4832 4997 4999
f 4832 4999 4830
f 4830 4999 5001
f 4830 5001 4828
f 4828 5001 4988
f 4828 4988 4826
f 4826 4988 4990
f 4826 4990 4824
f 4824 4990 4992
f 4824 4992 4822
f 4822 4992 4986
f 4822 4986 4771
f 4771 4986 4940
f 5027 5028 5029
f 5029 5028 5030
f 5029 5030 5031
f 5027 5032 5033
f 5033 5032 5034
f 5033 5034 5035
f 5036 5037 5038
f 5038 5037 5039
f 5035 5039 5033
f 5033 5039 5037
f 5033 5037 5040
f 5040 5037 5036
f 5040 5036 5041
f 5042 5030 5043
f 5043 5030 5028
f 5043 5028 5044
f 5044 5028 5027
f 5044 5027 5045
f 5045 5027 5033
f 5045 5033 5046
f 5046 5033 5047
f 5046 5047 5048
f 5048 5047 5049
f 5049 5047 5050
f 5050 5047 5051
f 5050 5051 5052
f 5052 5051 5053
f 5052 5053 5054
f 5054 5053 5055
f 5054 5055 5056
f 5057 5058 5059
f 5057 5059 5060
f 5061 5062 5059
f 5059 5062 5063
f 5059 5063 5064
f 5065 5060 5066
f 5066 5060 5059
f 5066 5059 5067
f 5067 5059 5064
f 5068 5058 5069
f 5070 5071 5068
f 5070 5068 5072
f 5069 5073 5068
f 5068 5073 5074
f 5068 5074 5075
f 5076 5072 5077
f 5077 5072 5068
f 5077 5068 5078
f 5078 5068 5075
f 5068 5079 5058
f 5058 5079 5054
f 5058 5054 5059
f 5059 5054 5056
f 5059 5056 5061
f 5071 5080 5068
f 5068 5080 5081
f 5068 5081 5079
f 5079 5081 5082
f 5079 5082 5054
f 5054 5082 5083
f 5054 5083 5052
f 5084 5085 5086
f 5087 5088 5089
f 5089 5088 5090
f 5089 5090 5091
f 5092 5093 5094
f 5094 5093 5095
f 5094 5095 5096
f 5096 5097 5094
f 5094 5097 5098
f 5094 5098 5099
f 5090 5092 5091
f 5091 5092 5094
f 5091 5094 5086
f 5085 5100 5086
f 5086 5100 5101
f 5086 5101 5091
f 5099 5102 5094
f 5094 5102 5103
f 5094 5103 5086
f 5086 5103 5104
f 5086 5104 5084
f 5105 5106 5107
f 5108 5109 5107
f 5107 5109 5110
f 5107 5110 5111
f 5111 5112 5107
f 5107 5112 5113
f 5107 5113 5105
f 5107 5114 5115
f 5115 5116 5107
f 5107 5116 5117
f 5107 5117 5118
f 5118 5119 5107
f 5107 5119 5120
f 5107 5120 5108
f 5121 5122 5107
f 5107 5122 5123
f 5107 5123 5114
f 5124 5125 5107
f 5107 5125 5126
f 5107 5126 5127
f 5127 5128 5107
f 5107 5128 5129
f 5107 5129 5121
f 5106 5130 5107
f 5107 5130 5131
f 5107 5131 5132
f 5132 5133 5107
f 5107 5133 5134
f 5107 5134 5135
f 5135 5136 5107
f 5107 5136 5137
f 5107 5137 5124
f 5138 5139 5140
f 5141 5142 5143
f 5143 5142 5144
f 5143 5144 5138
f 5145 5141 5146
f 5146 5141 5143
f 5146 5143 5147
f 5147 5143 5148
f 5143 5149 5150
f 5151 5148 5152
f 5152 5148 5143
f 5152 5143 5153
f 5153 5143 5150
f 5138 5140 5143
f 5143 5140 5154
f 5143 5154 5155
f 5155 5156 5143
f 5143 5156 5157
f 5143 5157 5149
f 5158 5159 5160
f 5160 5161 5162
f 5162 5163 5160
f 5160 5163 5164
f 5160 5164 5158
f 5159 5165 5160
f 5160 5165 5166
f 5160 5166 5167
f 5167 5168 5160
f 5160 5168 5169
f 5160 5169 5170
f 5170 5171 5160
f 5160 5171 5172
f 5160 5172 5173
f 5174 5161 5175
f 5175 5161 5160
f 5175 5160 5176
f 5176 5160 5173
f 5177 4889 5178
f 5178 4889 5179
f 5177 5180 4889
f 4889 5180 5181
f 4889 5181 5182
f 5183 4888 5184
f 5184 4888 4889
f 5184 4889 5185
f 5185 4889 5182
f 4901 4902 4903
f 4890 5186 5187
f 5187 5188 4890
f 4890 5188 5189
f 4890 5189 4889
f 4889 5189 5190
f 4889 5190 5179
f 5186 4890 5191
f 5191 4890 4891
f 5191 4891 5192
f 4891 4892 5192
f 5192 4892 4893
f 5192 4893 5193
f 5193 4893 4894
f 5193 4894 5194
f 5194 4894 4895
f 5194 4895 5195
f 5195 4895 4896
f 5195 4896 5196
f 5196 4896 4897
f 5196 4897 5197
f 5197 4897 4898
f 5197 4898 5198
f 5198 4898 4899
f 4901 4903 4900
f 4900 4903 4904
f 4900 4904 4899
f 5199 5200 4906
f 4906 5200 5201
f 4906 5201 4905
f 4905 5201 5202
f 4905 5202 4904
f 4904 5202 5203
f 4904 5203 4899
f 4899 5203 5204
f 4899 5204 5198
f 4887 5205 5199
f 5199 4906 4887
f 4887 4906 4907
f 4887 4907 4908
f 4908 4909 4887
f 4887 4909 4910
f 4887 4910 4911
f 4911 4912 4887
f 4887 4912 4913
f 4887 4913 4914
f 5183 5206 4888
f 4888 5206 5207
f 4888 5207 4887
f 4887 5207 5208
f 4887 5208 5205
f 5209 5210 5211
f 4932 5212 4931
f 4931 5212 5213
f 4931 5213 4930
f 4930 5213 5214
f 4930 5214 4929
f 5214 5215 4929
f 4929 5215 5216
f 4929 5216 4928
f 4928 5216 5217
f 4928 5217 4927
f 4927 5217 5218
f 4927 5218 4926
f 4935 5219 4934
f 4934 5219 5220
f 4934 5220 4933
f 4933 5220 5221
f 4933 5221 4932
f 4932 5221 5222
f 4932 5222 5212
f 4938 5223 4937
f 4937 5223 5224
f 4937 5224 4936
f 4936 5224 5225
f 4936 5225 4935
f 4935 5225 5226
f 4935 5226 5219
f 4923 5227 4922
f 4922 5227 5228
f 4922 5228 4921
f 4921 5228 5229
f 4921 5229 4920
f 5218 5230 4926
f 4926 5230 5231
f 4926 5231 4925
f 4925 5231 5232
f 4925 5232 4924
f 4924 5232 5233
f 4924 5233 4923
f 4923 5233 5234
f 4923 5234 5227
f 4917 5235 4916
f 4916 5235 5236
f 4916 5236 4915
f 4915 5236 5237
f 4915 5237 4938
f 4938 5237 5238
f 4938 5238 5223
f 5229 5239 4920
f 4920 5239 5240
f 4920 5240 4919
f 4919 5240 5241
f 4919 5241 4918
f 4918 5241 5242
f 4918 5242 4917
f 4917 5242 5243
f 4917 5243 5235
f 5244 5245 5246
f 5247 5248 5249
f 5249 5248 5250
f 5249 5250 5251
f 5251 5250 5252
f 5251 5252 5253
f 5253 5252 5254
f 5253 5254 5255
f 5255 5254 5256
f 5255 5256 5257
f 5257 5256 5258
f 5257 5258 5259
f 5260 5261 5262
f 5262 5261 5263
f 5262 5263 5247
f 5247 5263 5264
f 5247 5264 5248
f 5265 5266 5267
f 5267 5266 5268
f 5267 5268 5260
f 5260 5268 5269
f 5260 5269 5261
f 5270 5271 5272
f 5271 5270 5273
f 5273 5270 5274
f 5273 5274 5275
f 5275 5274 5276
f 5275 5276 5277
f 5277 5276 5278
f 5278 5276 5279
f 5278 5279 5280
f 5280 5279 5281
f 5280 5281 5282
f 5282 5281 5283
f 5282 5283 5284
f 5284 5283 5285
f 5285 5283 5286
f 5285 5286 5287
f 5287 5286 5288
f 5287 5288 5289
f 5289 5288 5290
f 5290 5288 5291
f 5290 5291 5292
f 5293 5294 5295
f 5295 5294 5296
f 5295 5296 5297
f 5298 5299 5300
f 5300 5299 5301
f 5300 5301 5293
f 5293 5301 5302
f 5293 5302 5294
f 5246 5303 5244
f 5244 5303 5304
f 5244 5304 5305
f 5305 5304 5306
f 5305 5306 5307
f 5307 5306 5308
f 5307 5308 5298
f 5298 5308 5309
f 5298 5309 5299
f 5297 5310 5295
f 5295 5310 5311
f 5295 5311 5293
f 5293 5311 5312
f 5293 5312 5300
f 5300 5312 5313
f 5300 5313 5298
f 5298 5313 5314
f 5298 5314 5307
f 5307 5314 5315
f 5307 5315 5305
f 5305 5315 5316
f 5305 5316 5244
f 5244 5316 5317
f 5244 5317 5245
f 5245 5317 5318
f 5257 5319 5255
f 5255 5319 5320
f 5255 5320 5253
f 5253 5320 5321
f 5253 5321 5251
f 5251 5321 5322
f 5251 5322 5249
f 5249 5322 5323
f 5249 5323 5247
f 5247 5323 5324
f 5247 5324 5262
f 5262 5324 5325
f 5262 5325 5260
f 5260 5325 5326
f 5260 5326 5267
f 5267 5326 5327
f 5267 5327 5265
f 5265 5327 5328
f 5329 5291 5330
f 5330 5291 5288
f 5330 5288 5331
f 5331 5288 5286
f 5331 5286 5332
f 5332 5286 5283
f 5332 5283 5333
f 5333 5283 5281
f 5333 5281 5334
f 5334 5281 5279
f 5334 5279 5335
f 5335 5279 5276
f 5335 5276 5336
f 5336 5276 5274
f 5336 5274 5337
f 5337 5274 5270
f 5310 5338 5311
f 5311 5338 5339
f 5311 5339 5312
f 5312 5339 5340
f 5312 5340 5313
f 5313 5340 5341
f 5313 5341 5314
f 5314 5341 5342
f 5314 5342 5315
f 5315 5342 5343
f 5315 5343 5316
f 5316 5343 5344
f 5316 5344 5317
f 5317 5344 5345
f 5317 5345 5318
f 5318 5345 5346
f 5319 5347 5320
f 5320 5347 5348
f 5320 5348 5321
f 5321 5348 5349
f 5321 5349 5322
f 5322 5349 5350
f 5322 5350 5323
f 5323 5350 5351
f 5323 5351 5324
f 5324 5351 5352
f 5324 5352 5325
f 5325 5352 5353
f 5325 5353 5326
f 5326 5353 5354
f 5326 5354 5327
f 5327 5354 5355
f 5327 5355 5328
f 5328 5355 5356
f 5357 5329 5358
f 5358 5329 5330
f 5358 5330 5359
f 5359 5330 5331
f 5359 5331 5360
f 5360 5331 5332
f 5360 5332 5361
f 5361 5332 5333
f 5361 5333 5362
f 5362 5333 5334
f 5362 5334 5363
f 5363 5334 5335
f 5363 5335 5364
f 5364 5335 5336
f 5364 5336 5365
f 5365 5336 5337
f 4958 5346 4960
f 4960 5346 5345
f 4960 5345 4961
f 4961 5345 5344
f 4961 5344 4947
f 4947 5344 5343
f 4947 5343 4949
f 4949 5343 5342
f 4949 5342 4951
f 4951 5342 5341
f 4951 5341 4952
f 4952 5341 5340
f 4952 5340 4943
f 4943 5340 5339
f 4943 5339 4945
f 4945 5339 5338
f 4974 5356 4976
f 4976 5356 5355
f 4976 5355 4977
f 4977 5355 5354
f 4977 5354 4963
f 4963 5354 5353
f 4963 5353 4965
f 4965 5353 5352
f 4965 5352 4967
f 4967 5352 5351
f 4967 5351 4968
f 4968 5351 5350
f 4968 5350 4954
f 4954 5350 5349
f 4954 5349 4956
f 4956 5349 5348
f 4956 5348 4958
f 4958 5348 5347
f 4958 5347 5346
f 5346 5347 5319
f 5346 5319 5318
f 5318 5319 5257
f 5318 5257 5245
f 5245 5257 5259
f 5245 5259 5246
f 4941 5357 4978
f 4978 5357 5358
f 4978 5358 4979
f 4979 5358 5359
f 4979 5359 4981
f 4981 5359 5360
f 4981 5360 4983
f 4983 5360 5361
f 4983 5361 4984
f 4984 5361 5362
f 4984 5362 4970
f 4970 5362 5363
f 4970 5363 4972
f 4972 5363 5364
f 4972 5364 4974
f 4974 5364 5365
f 4974 5365 5356
f 5356 5365 5337
f 5356 5337 5328
f 5328 5337 5270
f 5328 5270 5265
f 5265 5270 5272
f 5265 5272 5266
f 5366 5367 5368
f 5368 5367 5292
f 5368 5292 5291
f 5369 5370 5371
f 5371 5370 5372
f 5371 5372 5366
f 5366 5372 5373
f 5366 5373 5367
f 5374 5375 5376
f 5376 5375 5377
f 5376 5377 5378
f 5378 5377 5379
f 5378 5379 5369
f 5369 5379 5380
f 5369 5380 5370
f 5381 5382 5374
f 5374 5382 5383
f 5374 5383 5375
f 5384 5385 5386
f 5386 5385 5387
f 5386 5387 5388
f 5388 5387 5389
f 5388 5389 5390
f 5390 5389 5391
f 5390 5391 5392
f 5392 5391 5393
f 5392 5393 5394
f 5394 5393 5395
f 5394 5395 5396
f 5397 5398 5399
f 5399 5398 5400
f 5399 5400 5384
f 5384 5400 5401
f 5384 5401 5385
f 5402 5403 5404
f 5404 5403 5405
f 5404 5405 5397
f 5397 5405 5406
f 5397 5406 5398
f 5407 5408 5409
f 5408 5407 5410
f 5410 5407 5411
f 5410 5411 5412
f 5412 5411 5413
f 5412 5413 5414
f 5414 5413 5415
f 5415 5413 5416
f 5415 5416 5417
f 5417 5416 5418
f 5417 5418 5419
f 5419 5418 5420
f 5419 5420 5421
f 5421 5420 5422
f 5422 5420 5423
f 5422 5423 5424
f 5424 5423 5425
f 5424 5425 5426
f 5426 5425 5427
f 5427 5425 5297
f 5427 5297 5296
f 5291 5329 5368
f 5368 5329 5428
f 5368 5428 5366
f 5366 5428 5429
f 5366 5429 5371
f 5371 5429 5430
f 5371 5430 5369
f 5369 5430 5431
f 5369 5431 5378
f 5378 5431 5432
f 5378 5432 5376
f 5376 5432 5433
f 5376 5433 5374
f 5374 5433 5434
f 5374 5434 5381
f 5381 5434 5435
f 5394 5436 5392
f 5392 5436 5437
f 5392 5437 5390
f 5390 5437 5438
f 5390 5438 5388
f 5388 5438 5439
f 5388 5439 5386
f 5386 5439 5440
f 5386 5440 5384
f 5384 5440 5441
f 5384 5441 5399
f 5399 5441 5442
f 5399 5442 5397
f 5397 5442 5443
f 5397 5443 5404
f 5404 5443 5444
f 5404 5444 5402
f 5402 5444 5445
f 5310 5297 5446
f 5446 5297 5425
f 5446 5425 5447
f 5447 5425 5423
f 5447 5423 5448
f 5448 5423 5420
f 5448 5420 5449
f 5449 5420 5418
f 5449 5418 5450
f 5450 5418 5416
f 5450 5416 5451
f 5451 5416 5413
f 5451 5413 5452
f 5452 5413 5411
f 5452 5411 5453
f 5453 5411 5407
f 5329 5357 5428
f 5428 5357 5454
f 5428 5454 5429
f 5429 5454 5455
f 5429 5455 5430
f 5430 5455 5456
f 5430 5456 5431
f 5431 5456 5457
f 5431 5457 5432
f 5432 5457 5458
f 5432 5458 5433
f 5433 5458 5459
f 5433 5459 5434
f 5434 5459 5460
f 5434 5460 5435
f 5435 5460 5461
f 5436 5462 5437
f 5437 5462 5463
f 5437 5463 5438
f 5438 5463 5464
f 5438 5464 5439
f 5439 5464 5465
f 5439 5465 5440
f 5440 5465 5466
f 5440 5466 5441
f 5441 5466 5467
f 5441 5467 5442
f 5442 5467 5468
f 5442 5468 5443
f 5443 5468 5469
f 5443 5469 5444
f 5444 5469 5470
f 5444 5470 5445
f 5445 5470 5471
f 5338 5310 5472
f 5472 5310 5446
f 5472 5446 5473
f 5473 5446 5447
f 5473 5447 5474
f 5474 5447 5448
f 5474 5448 5475
f 5475 5448 5449
f 5475 5449 5476
f 5476 5449 5450
f 5476 5450 5477
f 5477 5450 5451
f 5477 5451 5478
f 5478 5451 5452
f 5478 5452 5479
f 5479 5452 5453
f 5000 5461 5002
f 5002 5461 5460
f 5002 5460 5003
f 5003 5460 5459
f 5003 5459 4989
f 4989 5459 5458
f 4989 5458 4991
f 4991 5458 5457
f 4991 5457 4993
f 4993 5457 5456
f 4993 5456 4994
f 4994 5456 5455
f 4994 5455 4987
f 4987 5455 5454
f 4987 5454 4941
f 4941 5454 5357
f 5016 5471 5018
f 5018 5471 5470
f 5018 5470 5019
f 5019 5470 5469
f 5019 5469 5005
f 5005 5469 5468
f 5005 5468 5007
f 5007 5468 5467
f 5007 5467 5009
f 5009 5467 5466
f 5009 5466 5010
f 5010 5466 5465
f 5010 5465 4996
f 4996 5465 5464
f 4996 5464 4998
f 4998 5464 5463
f 4998 5463 5000
f 5000 5463 5462
f 5000 5462 5461
f 5461 5462 5436
f 5461 5436 5435
f 5435 5436 5394
f 5435 5394 5381
f 5381 5394 5396
f 5381 5396 5382
f 4945 5338 5020
f 5020 5338 5472
f 5020 5472 5021
f 5021 5472 5473
f 5021 5473 5023
f 5023 5473 5474
f 5023 5474 5025
f 5025 5474 5475
f 5025 5475 5026
f 5026 5475 5476
f 5026 5476 5012
f 5012 5476 5477
f 5012 5477 5014
f 5014 5477 5478
f 5014 5478 5016
f 5016 5478 5479
f 5016 5479 5471
f 5471 5479 5453
f 5471 5453 5445
f 5445 5453 5407
f 5445 5407 5402
f 5402 5407 5409
f 5402 5409 5403
f 5052 5480 5050
f 5050 5480 5481
f 5050 5481 5049
f 5049 5481 5482
f 5049 5482 5048
f 5048 5482 5483
f 5048 5483 5046
f 5046 5483 5484
f 5046 5484 5045
f 5045 5484 5485
f 5045 5485 5044
f 5044 5485 5486
f 5044 5486 5043
f 5043 5486 5487
f 5043 5487 5042
f 5487 5488 5042
f 5042 5488 5489
f 5042 5489 5030
f 5489 5490 5030
f 5030 5490 5491
f 5030 5491 5031
f 5491 5492 5031
f 5031 5492 5493
f 5031 5493 5029
f 5083 5494 5052
f 5052 5494 5480
f 5053 5495 5055
f 5055 5495 5496
f 5055 5496 5056
f 5056 5496 5497
f 5056 5497 5061
f 5061 5497 5498
f 5061 5498 5062
f 5062 5498 5499
f 5062 5499 5063
f 5063 5499 5500
f 5063 5500 5064
f 5064 5500 5501
f 5064 5501 5067
f 5067 5501 5502
f 5067 5502 5066
f 5502 5503 5066
f 5066 5503 5504
f 5066 5504 5065
f 5504 5505 5065
f 5065 5505 5506
f 5065 5506 5060
f 5060 5506 5507
f 5060 5507 5057
f 5057 5507 5508
f 5057 5508 5058
f 5058 5508 5509
f 5058 5509 5069
f 5069 5509 5510
f 5069 5510 5073
f 5073 5510 5511
f 5073 5511 5074
f 5074 5511 5512
f 5074 5512 5075
f 5075 5512 5513
f 5075 5513 5078
f 5078 5513 5514
f 5078 5514 5077
f 5514 5515 5077
f 5077 5515 5516
f 5077 5516 5076
f 5076 5516 5517
f 5076 5517 5072
f 5072 5517 5518
f 5072 5518 5070
f 5070 5518 5519
f 5070 5519 5071
f 5071 5519 5520
f 5071 5520 5080
f 5080 5520 5521
f 5080 5521 5081
f 5081 5521 5522
f 5081 5522 5082
f 5082 5522 5494
f 5082 5494 5083
f 5051 5523 5053
f 5053 5523 5495
f 5524 5525 5526
f 5527 5528 5529
f 5523 5051 5530
f 5530 5051 5047
f 5527 5529 5531
f 5532 5033 5040
f 5033 5532 5047
f 5533 5534 5535
f 5535 5534 5536
f 5535 5536 5537
f 5537 5536 5538
f 5533 5535 5539
f 5539 5535 5537
f 5539 5537 5540
f 5540 5537 5538
f 5540 5538 5541
f 5524 5526 5542
f 5542 5526 5543
f 5542 5543 5544
f 5524 5528 5525
f 5525 5528 5527
f 5525 5527 5526
f 5526 5527 5531
f 5526 5531 5543
f 5529 5530 5536
f 5536 5530 5047
f 5536 5047 5538
f 5538 5047 5532
f 5538 5532 5541
f 5541 5532 5040
f 5541 5040 5540
f 5540 5040 5545
f 5540 5545 5539
f 5539 5545 5544
f 5539 5544 5533
f 5533 5544 5543
f 5533 5543 5534
f 5534 5543 5531
f 5534 5531 5536
f 5536 5531 5529
f 5545 5040 5041
f 5029 5493 5027
f 5027 5493 5546
f 5027 5546 5032
f 5032 5546 5547
f 5032 5547 5034
f 5034 5547 5548
f 5034 5548 5035
f 5035 5548 5549
f 5035 5549 5039
f 5039 5549 5550
f 5039 5550 5038
f 5038 5550 5551
f 5038 5551 5036
f 5552 5041 5553
f 5553 5041 5036
f 5553 5036 5554
f 5554 5036 5551
f 5552 5524 5542
f 5552 5542 5041
f 5041 5542 5544
f 5041 5544 5545
f 5088 5555 5556
f 5088 5556 5090
f 5090 5556 5557
f 5090 5557 5092
f 5092 5557 5558
f 5092 5558 5093
f 5093 5558 5559
f 5093 5559 5095
f 5095 5559 5560
f 5095 5560 5096
f 5096 5560 5561
f 5096 5561 5097
f 5097 5561 5562
f 5097 5562 5098
f 5098 5562 5563
f 5098 5563 5099
f 5099 5563 5564
f 5099 5564 5102
f 5102 5564 5565
f 5102 5565 5103
f 5103 5565 5566
f 5103 5566 5104
f 5104 5566 5567
f 5104 5567 5084
f 5084 5567 5568
f 5084 5568 5085
f 5085 5568 5569
f 5085 5569 5100
f 5100 5569 5570
f 5100 5570 5101
f 5101 5570 5571
f 5101 5571 5091
f 5091 5571 5572
f 5091 5572 5089
f 5089 5572 5573
f 5089 5573 5087
f 5088 5087 5555
f 5555 5087 5573
f 5122 5574 5575
f 5122 5575 5123
f 5123 5575 5576
f 5123 5576 5114
f 5114 5576 5577
f 5114 5577 5115
f 5115 5577 5578
f 5115 5578 5116
f 5116 5578 5579
f 5116 5579 5117
f 5117 5579 5580
f 5117 5580 5118
f 5118 5580 5581
f 5118 5581 5119
f 5119 5581 5582
f 5119 5582 5120
f 5120 5582 5583
f 5120 5583 5108
f 5108 5583 5584
f 5108 5584 5109
f 5109 5584 5585
f 5109 5585 5110
f 5110 5585 5586
f 5110 5586 5111
f 5111 5586 5587
f 5111 5587 5112
f 5112 5587 5588
f 5112 5588 5113
f 5113 5588 5589
f 5113 5589 5105
f 5105 5589 5590
f 5105 5590 5106
f 5106 5590 5591
f 5106 5591 5130
f 5130 5591 5592
f 5130 5592 5131
f 5131 5592 5593
f 5131 5593 5132
f 5132 5593 5594
f 5132 5594 5133
f 5133 5594 5595
f 5133 5595 5134
f 5134 5595 5596
f 5134 5596 5135
f 5135 5596 5597
f 5135 5597 5136
f 5136 5597 5598
f 5136 5598 5137
f 5137 5598 5599
f 5137 5599 5124
f 5124 5599 5600
f 5124 5600 5125
f 5125 5600 5601
f 5125 5601 5126
f 5126 5601 5602
f 5126 5602 5127
f 5127 5602 5603
f 5127 5603 5128
f 5128 5603 5604
f 5128 5604 5129
f 5129 5604 5605
f 5129 5605 5121
f 5121 5605 5574
f 5121 5574 5122
f 5606 5607 5148
f 5148 5607 5608
f 5148 5608 5147
f 5147 5608 5609
f 5147 5609 5146
f 5609 5610 5146
f 5146 5610 5611
f 5146 5611 5145
f 5611 5612 5145
f 5145 5612 5613
f 5145 5613 5141
f 5613 5614 5141
f 5141 5614 5615
f 5141 5615 5142
f 5615 5616 5142
f 5142 5616 5617
f 5142 5617 5144
f 5144 5617 5618
f 5144 5618 5138
f 5618 5619 5138
f 5138 5619 5620
f 5138 5620 5139
f 5620 5621 5139
f 5139 5621 5622
f 5139 5622 5140
f 5140 5622 5623
f 5140 5623 5154
f 5154 5623 5624
f 5154 5624 5155
f 5155 5624 5625
f 5155 5625 5156
f 5625 5626 5156
f 5156 5626 5627
f 5156 5627 5157
f 5627 5628 5157
f 5157 5628 5629
f 5157 5629 5149
f 5629 5630 5149
f 5149 5630 5631
f 5149 5631 5150
f 5150 5631 5632
f 5150 5632 5153
f 5632 5633 5153
f 5153 5633 5634
f 5153 5634 5152
f 5634 5635 5152
f 5152 5635 5636
f 5152 5636 5151
f 5636 5637 5151
f 5151 5637 5606
f 5151 5606 5148
f 5168 5638 5169
f 5169 5638 5639
f 5169 5639 5170
f 5170 5639 5640
f 5170 5640 5171
f 5171 5640 5641
f 5171 5641 5172
f 5172 5641 5642
f 5172 5642 5173
f 5173 5642 5643
f 5173 5643 5176
f 5176 5643 5644
f 5176 5644 5175
f 5175 5644 5645
f 5175 5645 5174
f 5174 5645 5646
f 5174 5646 5161
f 5646 5647 5161
f 5161 5647 5648
f 5161 5648 5162
f 5648 5649 5162
f 5162 5649 5650
f 5162 5650 5163
f 5163 5650 5651
f 5163 5651 5164
f 5164 5651 5652
f 5164 5652 5158
f 5158 5652 5653
f 5158 5653 5159
f 5159 5653 5654
f 5159 5654 5165
f 5165 5654 5655
f 5165 5655 5166
f 5166 5655 5656
f 5166 5656 5167
f 5168 5167 5638
f 5638 5167 5656
f 5205 5657 5199
f 5199 5657 5658
f 5199 5658 5200
f 5200 5658 5659
f 5200 5659 5201
f 5201 5659 5660
f 5201 5660 5202
f 5202 5660 5661
f 5202 5661 5203
f 5203 5661 5662
f 5203 5662 5204
f 5204 5662 5663
f 5204 5663 5198
f 5198 5663 5664
f 5198 5664 5197
f 5197 5664 5665
f 5197 5665 5196
f 5196 5665 5666
f 5196 5666 5195
f 5195 5666 5667
f 5195 5667 5194
f 5194 5667 5668
f 5194 5668 5193
f 5193 5668 5669
f 5193 5669 5192
f 5192 5669 5670
f 5192 5670 5191
f 5191 5670 5671
f 5191 5671 5186
f 5186 5671 5672
f 5186 5672 5187
f 5187 5672 5673
f 5187 5673 5188
f 5188 5673 5674
f 5188 5674 5189
f 5189 5674 5675
f 5189 5675 5190
f 5190 5675 5676
f 5190 5676 5179
f 5179 5676 5677
f 5179 5677 5178
f 5178 5677 5678
f 5178 5678 5177
f 5177 5678 5679
f 5177 5679 5180
f 5180 5679 5680
f 5180 5680 5181
f 5181 5680 5681
f 5181 5681 5182
f 5182 5681 5682
f 5182 5682 5185
f 5185 5682 5683
f 5185 5683 5184
f 5184 5683 5684
f 5184 5684 5183
f 5183 5684 5685
f 5183 5685 5206
f 5206 5685 5686
f 5206 5686 5207
f 5207 5686 5687
f 5207 5687 5208
f 5208 5687 5688
f 5208 5688 5205
f 5205 5688 5657
f 5211 5210 5689
f 5689 5210 5690
f 5691 5690 5209
f 5209 5690 5210
f 5689 5691 5211
f 5211 5691 5209
f 5692 5242 5693
f 5693 5242 5241
f 5693 5241 5694
f 5694 5241 5240
f 5694 5240 5695
f 5695 5240 5239
f 5695 5239 5696
f 5696 5239 5229
f 5696 5229 5697
f 5697 5229 5228
f 5697 5228 5698
f 5698 5228 5227
f 5698 5227 5699
f 5699 5227 5234
f 5699 5234 5700
f 5700 5234 5233
f 5700 5233 5701
f 5701 5233 5232
f 5701 5232 5702
f 5702 5232 5231
f 5702 5231 5703
f 5703 5231 5230
f 5703 5230 5704
f 5704 5230 5218
f 5704 5218 5705
f 5705 5218 5217
f 5705 5217 5706
f 5706 5217 5216
f 5706 5216 5707
f 5707 5216 5215
f 5707 5215 5708
f 5708 5215 5214
f 5708 5214 5709
f 5709 5214 5213
f 5709 5213 5710
f 5710 5213 5212
f 5710 5212 5711
f 5711 5212 5222
f 5711 5222 5712
f 5712 5222 5221
f 5712 5221 5713
f 5713 5221 5220
f 5713 5220 5714
f 5714 5220 5219
f 5714 5219 5715
f 5715 5219 5226
f 5715 5226 5716
f 5716 5226 5225
f 5716 5225 5717
f 5717 5225 5224
f 5717 5224 5718
f 5718 5224 5223
f 5718 5223 5719
f 5719 5223 5238
f 5719 5238 5720
f 5720 5238 5237
f 5720 5237 5721
f 5721 5237 5236
f 5721 5236 5722
f 5722 5236 5235
f 5722 5235 5723
f 5723 5235 5243
f 5723 5243 5692
f 5692 5243 5242
f 5303 5246 5724
f 5303 5724 5304
f 5304 5724 5725
f 5304 5725 5306
f 5306 5725 5726
f 5306 5726 5308
f 5302 5301 5727
f 5727 5301 5299
f 5727 5299 5726
f 5726 5299 5309
f 5726 5309 5308
f 5302 5727 5294
f 5294 5727 5728
f 5294 5728 5296
f 5296 5728 5729
f 5296 5729 5427
f 5421 5422 5730
f 5730 5422 5424
f 5730 5424 5729
f 5729 5424 5426
f 5729 5426 5427
f 5421 5730 5419
f 5419 5730 5731
f 5419 5731 5417
f 5417 5731 5732
f 5417 5732 5415
f 5408 5410 5733
f 5733 5410 5412
f 5733 5412 5732
f 5732 5412 5414
f 5732 5414 5415
f 5408 5733 5409
f 5409 5733 5734
f 5409 5734 5403
f 5403 5734 5735
f 5403 5735 5405
f 5401 5400 5736
f 5736 5400 5398
f 5736 5398 5735
f 5735 5398 5406
f 5735 5406 5405
f 5401 5736 5385
f 5385 5736 5737
f 5385 5737 5387
f 5387 5737 5738
f 5387 5738 5389
f 5389 5738 5391
f 5391 5738 5739
f 5391 5739 5393
f 5740 5382 5396
f 5740 5396 5739
f 5739 5396 5395
f 5739 5395 5393
f 5383 5382 5740
f 5383 5740 5375
f 5375 5740 5741
f 5375 5741 5377
f 5377 5741 5742
f 5377 5742 5379
f 5373 5372 5743
f 5743 5372 5370
f 5743 5370 5742
f 5742 5370 5380
f 5742 5380 5379
f 5373 5743 5367
f 5367 5743 5744
f 5367 5744 5292
f 5292 5744 5745
f 5292 5745 5290
f 5284 5285 5746
f 5746 5285 5287
f 5746 5287 5745
f 5745 5287 5289
f 5745 5289 5290
f 5284 5746 5282
f 5282 5746 5747
f 5282 5747 5280
f 5280 5747 5748
f 5280 5748 5278
f 5271 5273 5749
f 5749 5273 5275
f 5749 5275 5748
f 5748 5275 5277
f 5748 5277 5278
f 5271 5749 5272
f 5272 5749 5750
f 5272 5750 5266
f 5266 5750 5751
f 5266 5751 5268
f 101 5263 5261
f 101 5261 5751
f 5751 5261 5269
f 5751 5269 5268
f 5752 5250 5753
f 5753 5250 5248
f 5753 5248 101
f 101 5248 5264
f 101 5264 5263
f 5258 5256 5754
f 5754 5256 5254
f 5754 5254 5752
f 5752 5254 5252
f 5752 5252 5250
f 5258 5754 5259
f 5259 5754 5724
f 5259 5724 5246
f 5755 5756 5757
f 5755 5757 5758
f 5758 5757 5759
f 5758 5759 5760
f 5760 5759 5761
f 5760 5761 5762
f 5762 5761 5763
f 5762 5763 5764
f 5764 5763 5765
f 5764 5765 5766
f 5766 5765 5767
f 5766 5767 5768
f 5768 5767 5769
f 5768 5769 5770
f 5767 5771 5769
f 5769 5771 5772
f 5769 5772 5773
f 5763 5761 5774
f 5774 5761 5759
f 5759 5757 5774
f 5774 5757 5756
f 5774 5756 5775
f 5767 5765 5771
f 5771 5765 5763
f 5771 5763 5776
f 5776 5763 5774
f 5776 5774 5777
f 5777 5774 5775
f 5773 5772 5778
f 5778 5772 5779
f 5778 5779 5780
f 5780 5779 5781
f 5780 5781 5782
f 5783 5784 5785
f 5785 5784 5786
f 5785 5786 5787
f 5787 5786 5788
f 5787 5788 5789
f 5789 5788 5790
f 5789 5790 5782
f 5782 5790 5791
f 5782 5791 5780
f 5792 5793 5794
f 5794 5793 5795
f 5794 5795 5783
f 5783 5795 5796
f 5783 5796 5784
f 5797 5798 5792
f 5792 5798 5799
f 5792 5799 5793
f 5800 5801 5802
f 5802 5801 5803
f 5802 5803 5804
f 5804 5803 5805
f 5804 5805 5806
f 5806 5805 5807
f 5806 5807 5797
f 5797 5807 5808
f 5797 5808 5798
f 5809 5810 5811
f 5809 5811 5812
f 5812 5811 5813
f 5812 5813 5814
f 5815 5816 5817
f 5814 5818 5819
f 5819 5820 5814
f 5814 5820 5821
f 5814 5821 5822
f 5822 5815 5814
f 5814 5815 5817
f 5814 5817 5812
f 5812 5817 5800
f 5812 5800 5809
f 5809 5800 5802
f 5809 5802 5810
f 5823 5818 5824
f 5824 5818 5814
f 5824 5814 5825
f 5825 5814 5813
f 5771 5776 5826
f 5826 5776 5827
f 5776 5777 5827
f 5827 5777 5775
f 5827 5775 5828
f 5828 5775 5756
f 5828 5756 5755
f 5829 5830 5831
f 5831 5830 5832
f 5833 5834 5835
f 5836 5837 5838
f 5838 5837 5833
f 5838 5833 5839
f 5839 5833 5835
f 5836 5840 5837
f 5837 5840 5841
f 5837 5841 5842
f 5841 5843 5842
f 5842 5843 5844
f 5842 5844 5845
f 5845 5844 5846
f 5845 5846 5847
f 5846 5848 5847
f 5847 5848 5849
f 5847 5849 5850
f 5850 5849 5851
f 5850 5851 5852
f 5852 5851 5853
f 5853 5854 5852
f 5852 5854 5855
f 5852 5855 5856
f 5856 5855 5857
f 5856 5857 5858
f 5858 5857 5859
f 5858 5859 5860
f 5860 5859 5861
f 5860 5861 5862
f 5862 5861 5863
f 5862 5863 5864
f 5864 5863 5865
f 5864 5865 5866
f 5864 5866 5867
f 5867 5866 5868
f 5868 5869 5867
f 5867 5869 5870
f 5867 5870 5871
f 5870 5872 5871
f 5871 5872 5873
f 5871 5873 5874
f 5874 5873 5875
f 5874 5875 5876
f 5832 5877 5831
f 5831 5877 5878
f 5831 5878 5879
f 5879 5878 5876
f 5879 5876 5880
f 5880 5876 5875
f 5881 5882 5883
f 5883 5884 5881
f 5881 5884 5885
f 5881 5885 5886
f 5886 5885 5887
f 5886 5887 5834
f 5834 5887 5888
f 5834 5888 5835
f 5889 5890 5891
f 5891 5890 5892
f 5891 5892 5893
f 5893 5892 5894
f 5893 5894 5882
f 5882 5894 5895
f 5882 5895 5883
f 5896 5897 5898
f 5898 5897 5899
f 5898 5899 5900
f 5900 5899 5901
f 5900 5901 5889
f 5889 5901 5902
f 5889 5902 5890
f 5903 5904 5905
f 5905 5904 5906
f 5905 5906 5907
f 5905 5907 5908
f 5908 5907 5909
f 5908 5909 5910
f 5910 5909 5911
f 5910 5911 5896
f 5896 5911 5912
f 5896 5912 5897
f 5913 5914 5915
f 5903 5905 5916
f 5916 5905 5917
f 5916 5917 5918
f 5917 5919 5918
f 5918 5919 5920
f 5918 5920 5921
f 5921 5920 5915
f 5921 5915 5922
f 5922 5915 5914
f 5923 5924 5915
f 5915 5924 5925
f 5915 5925 5913
f 5926 5927 5923
f 5923 5927 5928
f 5923 5928 5924
f 5929 5930 5931
f 5931 5930 5932
f 5931 5932 5933
f 5933 5932 5934
f 5933 5934 5935
f 5935 5934 5936
f 5935 5936 5926
f 5926 5936 5937
f 5926 5937 5927
f 5931 5938 5929
f 5929 5938 5939
f 5929 5939 5940
f 5940 5939 5941
f 5942 5943 5944
f 5944 5943 5945
f 5944 5945 5946
f 5946 5945 5941
f 5941 5945 5947
f 5941 5947 5940
f 5944 5948 5942
f 5942 5948 5949
f 5942 5949 5950
f 5950 5949 5951
f 5952 5953 5954
f 5955 5956 5957
f 5957 5956 5958
f 5956 5959 5958
f 5958 5959 5960
f 5958 5960 5954
f 5954 5960 5961
f 5954 5961 5952
f 5962 5963 5957
f 5957 5963 5964
f 5957 5964 5955
f 5965 5966 5967
f 5967 5966 5968
f 5967 5968 5962
f 5962 5968 5969
f 5962 5969 5963
f 5965 5970 5966
f 5966 5970 5971
f 5966 5971 5972
f 5971 5973 5972
f 5972 5973 5974
f 5972 5974 5975
f 5975 5974 5976
f 5977 5978 5979
f 5979 5978 5980
f 5979 5980 5981
f 5982 5983 5980
f 5980 5983 5984
f 5980 5984 5981
f 5985 5986 5987
f 5987 5986 5988
f 5987 5988 5982
f 5982 5988 5989
f 5982 5989 5983
f 5977 5990 5978
f 5978 5990 5991
f 5978 5991 5976
f 5976 5991 5992
f 5976 5992 5975
f 5985 5987 5993
f 5993 5987 5994
f 5993 5994 5995
f 5995 5994 5996
f 5996 5994 5997
f 5996 5997 5998
f 5999 6000 6001
f 6001 6000 6002
f 6001 6002 5997
f 5997 6002 6003
f 5997 6003 5998
f 6004 6005 6006
f 6006 6005 6007
f 6006 6007 5999
f 5999 6007 6008
f 5999 6008 6000
f 6009 6010 6004
f 6004 6010 6011
f 6004 6011 6005
f 6012 6013 6009
f 6013 6014 6009
f 6009 6014 6015
f 6009 6015 6010
f 6009 6016 6012
f 6012 6016 6017
f 6012 6017 6018
f 6017 6019 6018
f 6018 6019 6020
f 6018 6020 6021
f 6022 6023 6024
f 6022 6024 6025
f 6025 6024 6026
f 6025 6026 6027
f 6028 5523 5530
f 5530 5529 6028
f 6028 5529 5528
f 6028 5528 5524
f 5524 5552 6028
f 6028 5552 5553
f 6028 5553 5554
f 6029 5547 6030
f 6030 5547 5546
f 6031 6032 5546
f 5546 6032 6033
f 5546 6033 6030
f 5554 5551 6028
f 6028 5551 5550
f 6028 5550 6034
f 6034 5550 5549
f 6034 5549 6035
f 6035 5549 5548
f 6035 5548 6036
f 6036 5548 5547
f 6036 5547 6037
f 6037 5547 6029
f 6031 5546 6038
f 6038 5546 5493
f 6038 5493 6039
f 6039 5493 5492
f 6039 5492 6040
f 5492 5491 6040
f 6040 5491 5490
f 6040 5490 6041
f 5490 5489 6041
f 6041 5489 5488
f 6041 5488 6042
f 6042 5488 5487
f 6042 5487 6043
f 6043 5487 5486
f 6043 5486 6044
f 5486 5485 6044
f 6044 5485 5484
f 6044 5484 6045
f 5480 6046 5481
f 5481 6046 6047
f 5481 6047 5482
f 5482 6047 6045
f 5482 6045 5483
f 5483 6045 5484
f 5520 6048 6049
f 5520 6049 5521
f 5521 6049 6050
f 5521 6050 5522
f 5522 6050 6051
f 5522 6051 5494
f 5494 6051 6052
f 5494 6052 5480
f 5480 6052 6053
f 5480 6053 6046
f 6048 5520 6054
f 6054 5520 5519
f 6054 5519 6055
f 6055 5519 5518
f 6055 5518 6056
f 6056 5518 5517
f 6056 5517 6057
f 5517 5516 6057
f 6057 5516 5515
f 6057 5515 6058
f 6058 5515 5514
f 6058 5514 6059
f 6059 5514 5513
f 6059 5513 6060
f 6060 5513 5512
f 6060 5512 6061
f 6061 5512 5511
f 5511 5510 6061
f 6061 5510 5509
f 6061 5509 6062
f 6062 5509 5508
f 6062 5508 6063
f 6063 5508 5507
f 6063 5507 6064
f 6064 5507 5506
f 6064 5506 6065
f 6065 5506 5505
f 6065 5505 6066
f 6066 5505 5504
f 6066 5504 6028
f 6028 5504 5503
f 6028 5503 5502
f 5502 5501 6028
f 6028 5501 5500
f 6028 5500 5499
f 5499 5498 6028
f 6028 5498 5497
f 6028 5497 5523
f 5523 5497 5496
f 5523 5496 5495
f 6067 6068 6069
f 6070 6071 6067
f 6067 6069 6070
f 6070 6069 6072
f 6070 6072 6073
f 6074 6075 6076
f 6074 6076 6077
f 6077 6076 6078
f 6077 6078 6079
f 6080 6081 6082
f 6082 6081 6083
f 6084 6085 6086
f 6086 6085 6087
f 6086 6087 6088
f 6084 6086 6089
f 6089 6086 6090
f 6089 6090 6091
f 6092 6093 6094
f 6094 6093 6095
f 6094 6095 6090
f 6090 6095 6096
f 6090 6096 6091
f 6094 6097 6092
f 6092 6097 6098
f 6092 6098 6099
f 6098 6100 6099
f 6099 6100 6101
f 6099 6101 6102
f 6101 6103 6102
f 6102 6103 6104
f 6102 6104 6105
f 6105 6104 6106
f 6105 6106 6107
f 6108 6109 6110
f 6110 6109 6111
f 6110 6111 6112
f 6112 6111 6113
f 6112 6113 6114
f 6114 6113 6115
f 6114 6115 6116
f 6115 6117 6116
f 6116 6117 6118
f 6116 6118 6119
f 6106 6120 6107
f 6107 6120 6121
f 6107 6121 6122
f 6122 6121 6119
f 6122 6119 6123
f 6123 6119 6118
f 6124 6125 6108
f 6108 6125 6126
f 6108 6126 6109
f 6127 6128 6129
f 6129 6128 6130
f 6129 6130 6131
f 6131 6130 6132
f 6131 6132 6133
f 6133 6132 6134
f 6133 6134 6124
f 6124 6134 6135
f 6124 6135 6125
f 6127 6136 6128
f 6128 6136 6137
f 6128 6137 6138
f 6137 6139 6138
f 6138 6139 6140
f 6138 6140 6141
f 6141 6140 6142
f 6141 6142 6143
f 6143 6142 6144
f 6143 6144 6145
f 6083 6146 6082
f 6082 6146 6147
f 6082 6147 6144
f 6144 6147 6148
f 6144 6148 6145
f 6149 6150 6151
f 6151 6150 6088
f 6151 6088 6152
f 6152 6088 6087
f 6153 6154 6155
f 6153 6155 6156
f 6156 6155 6157
f 6156 6157 6158
f 6159 6153 6160
f 6159 6161 6153
f 6153 6161 6162
f 6153 6162 6163
f 6163 6164 6153
f 6153 6164 6165
f 6153 6165 6154
f 6160 6166 6159
f 6159 6166 6167
f 6159 6167 6168
f 6159 6168 6169
f 6169 6168 6170
f 6169 6170 6171
f 6171 6170 6172
f 6172 6170 6173
f 6172 6173 6174
f 6173 6175 6174
f 6174 6175 6176
f 6174 6176 6177
f 6177 6176 6178
f 6177 6178 6179
f 6179 6178 6180
f 6180 6178 6181
f 6180 6181 6182
f 6182 6181 6183
f 6182 6183 6184
f 6184 6183 6185
f 6184 6185 6186
f 6186 6185 6187
f 6186 6187 6188
f 6188 6187 6189
f 6188 6189 6190
f 6191 6192 6189
f 6189 6192 6193
f 6189 6193 6190
f 6194 6195 6196
f 6197 6198 6199
f 6199 6198 6200
f 6199 6200 6201
f 6197 6199 6202
f 6202 6199 6203
f 6202 6203 6204
f 6205 6206 6207
f 6207 6206 6208
f 6207 6208 6203
f 6203 6208 6209
f 6203 6209 6204
f 6207 6210 6205
f 6205 6210 6211
f 6205 6211 6212
f 6211 6213 6212
f 6212 6213 6214
f 6212 6214 6215
f 6214 6216 6215
f 6215 6216 6217
f 6215 6217 6218
f 6218 6217 6219
f 6218 6219 6220
f 6221 6222 6223
f 6221 6223 6224
f 6224 6223 6225
f 6224 6225 6226
f 6226 6225 6227
f 6227 6225 6228
f 6227 6228 6229
f 6230 6231 6232
f 6232 6231 6229
f 6232 6229 6233
f 6233 6229 6228
f 6219 6234 6220
f 6220 6234 6235
f 6220 6235 6236
f 6236 6235 6231
f 6236 6231 6230
f 6222 6221 6237
f 6237 6221 6238
f 6237 6238 6239
f 6239 6238 6240
f 6240 6238 6241
f 6240 6241 6242
f 6242 6241 6243
f 6242 6243 6244
f 6243 6245 6244
f 6244 6245 6246
f 6244 6246 6247
f 6246 6248 6247
f 6247 6248 6249
f 6247 6249 6250
f 6249 6251 6250
f 6250 6251 6252
f 6250 6252 6253
f 6253 6252 6254
f 6253 6254 6255
f 6255 6254 6256
f 6255 6256 6257
f 6257 6256 6258
f 6196 6259 6194
f 6194 6259 6260
f 6194 6260 6256
f 6256 6260 6261
f 6256 6261 6258
f 6262 6263 6264
f 6264 6263 6201
f 6264 6201 6265
f 6265 6201 6200
f 6266 6267 6268
f 6268 6267 6269
f 6268 6269 6270
f 6270 6269 6271
f 6270 6271 6272
f 6266 6273 6267
f 6267 6273 6274
f 6267 6274 6275
f 6276 6277 6278
f 6278 6277 6279
f 6278 6279 6271
f 6271 6279 6280
f 6271 6280 6272
f 6281 6282 6278
f 6278 6282 6283
f 6278 6283 6276
f 6278 6284 6281
f 6281 6284 6285
f 6281 6285 6286
f 6286 6285 6287
f 6286 6287 6288
f 6288 6287 6289
f 6290 6291 6292
f 6292 6291 6293
f 6292 6293 6289
f 6289 6293 6288
f 6290 6292 6294
f 6294 6292 6295
f 6294 6295 6296
f 6296 6295 6297
f 6296 6297 6298
f 6299 6300 6301
f 6301 6300 6302
f 6301 6302 6303
f 6303 6302 6298
f 6303 6298 6304
f 6304 6298 6297
f 6305 6306 6307
f 6307 6308 6305
f 6305 6308 6309
f 6305 6309 6310
f 6310 6311 6305
f 6305 6311 6312
f 6305 6312 6313
f 6313 6312 6314
f 6313 6314 6299
f 6299 6314 6315
f 6299 6315 6300
f 6316 6317 6318
f 6318 6317 6319
f 6318 6319 6306
f 6306 6319 6320
f 6306 6320 6307
f 6316 6318 6321
f 6321 6318 6322
f 6321 6322 6323
f 6323 6322 6324
f 6323 6324 6325
f 6324 6326 6325
f 6325 6326 6327
f 6325 6327 6328
f 6328 6327 6329
f 6328 6329 6330
f 6331 6332 6333
f 6333 6332 6334
f 6333 6334 6335
f 6335 6334 6336
f 6335 6336 6337
f 6337 6336 6338
f 6337 6338 6329
f 6329 6338 6339
f 6329 6339 6330
f 6340 6341 6342
f 6340 6342 6343
f 6343 6342 6344
f 6343 6344 6345
f 6346 6347 6348
f 6346 6348 6349
f 6349 6348 6350
f 6349 6350 6351
f 6352 6353 6354
f 6352 6354 6355
f 6355 6354 6356
f 6355 6356 6357
f 6357 6356 6358
f 6357 6358 6359
f 6355 6360 6352
f 6352 6360 6361
f 6352 6361 6362
f 6363 6364 6365
f 6365 6364 6366
f 6366 6367 6365
f 6365 6367 6368
f 6365 6368 6369
f 6369 6368 6370
f 6369 6370 6371
f 6371 6370 6372
f 6373 6374 6375
f 6375 6374 6376
f 6375 6376 6377
f 6377 6376 6378
f 6377 6378 6379
f 6379 6378 6380
f 6379 6380 6381
f 6381 6380 6382
f 6381 6382 6372
f 6372 6382 6383
f 6372 6383 6371
f 6384 6385 6386
f 6386 6385 6387
f 6387 6385 6388
f 6387 6388 6389
f 6389 6388 6390
f 6389 6390 6391
f 6390 6392 6391
f 6391 6392 6393
f 6391 6393 6394
f 6394 6393 6395
f 6394 6395 6396
f 6396 6395 6397
f 6396 6397 6398
f 6398 6397 6399
f 6398 6399 6400
f 6400 6399 6401
f 6402 6403 6365
f 6401 6404 6400
f 6400 6404 6405
f 6400 6405 6406
f 6406 6405 6407
f 6406 6407 6408
f 6408 6407 6409
f 6408 6409 6410
f 6410 6409 6411
f 6410 6411 6412
f 6412 6411 6413
f 6412 6413 6414
f 6414 6413 6415
f 6414 6415 6365
f 6365 6415 6416
f 6365 6416 6402
f 6403 6417 6365
f 6365 6417 6418
f 6365 6418 6363
f 6363 6418 6419
f 6363 6419 6420
f 6420 6421 6363
f 6363 6421 6422
f 6363 6422 6423
f 6424 6425 6426
f 6426 6425 6427
f 6426 6427 6428
f 6428 6427 6429
f 6428 6429 6430
f 6430 6429 6431
f 6430 6431 6432
f 6432 6431 6384
f 6432 6384 6433
f 6433 6384 6386
f 5572 6434 5573
f 5573 6434 6435
f 5573 6435 5555
f 5555 6435 6436
f 5555 6436 5556
f 5556 6436 6437
f 5556 6437 5557
f 5572 5571 6434
f 6434 5571 5570
f 6434 5570 6438
f 6438 5570 5569
f 6438 5569 6439
f 6439 5569 5568
f 5562 6440 5563
f 5563 6440 6441
f 5563 6441 5564
f 5564 6441 6442
f 5564 6442 5565
f 5565 6442 6443
f 5565 6443 5566
f 5566 6443 6444
f 5566 6444 5567
f 5567 6444 6445
f 5567 6445 5568
f 5568 6445 6446
f 5568 6446 6439
f 5557 6437 5558
f 5558 6437 6447
f 5558 6447 5559
f 5559 6447 6448
f 5559 6448 5560
f 5560 6448 6449
f 5560 6449 5561
f 5561 6449 6450
f 5561 6450 5562
f 5562 6450 6451
f 5562 6451 6440
f 6452 6453 6454
f 6455 6456 6457
f 6457 6456 6458
f 6457 6458 6459
f 6459 6458 6460
f 6459 6460 6461
f 6461 6460 6462
f 6461 6462 6463
f 6463 6462 6464
f 6463 6464 6465
f 6465 6464 6466
f 6465 6466 6467
f 6467 6466 6468
f 6469 6470 6471
f 6471 6470 6472
f 6471 6472 6468
f 6468 6472 6473
f 6468 6473 6467
f 6474 6475 6476
f 6476 6475 6477
f 6476 6477 6478
f 6478 6477 6479
f 6478 6479 6480
f 6480 6479 6481
f 6480 6481 6469
f 6469 6481 6482
f 6469 6482 6470
f 6476 6483 6474
f 6474 6483 6484
f 6474 6484 6485
f 6484 6486 6485
f 6485 6486 6487
f 6485 6487 6488
f 6487 6489 6488
f 6488 6489 6490
f 6488 6490 6491
f 6490 6492 6491
f 6491 6492 6493
f 6491 6493 6494
f 6494 6493 6495
f 6494 6495 6496
f 6496 6495 6497
f 6496 6497 6498
f 6498 6497 6499
f 6498 6499 6500
f 6500 6499 6501
f 6500 6501 6502
f 6502 6501 6503
f 6502 6503 6504
f 6504 6503 6505
f 6504 6505 6506
f 6455 6507 6456
f 6456 6507 6508
f 6456 6508 6509
f 6509 6508 6510
f 6509 6510 6511
f 6511 6510 6512
f 6512 6510 6513
f 6512 6513 6514
f 6514 6513 6515
f 6515 6513 6516
f 6515 6516 6517
f 6517 6516 6518
f 6517 6518 6519
f 6519 6518 6520
f 6520 6518 6521
f 6520 6521 6522
f 6522 6521 6523
f 6522 6523 6524
f 6524 6523 6525
f 6525 6523 6526
f 6525 6526 6527
f 6527 6526 6528
f 6527 6528 6529
f 6528 6530 6529
f 6529 6530 6531
f 6529 6531 6532
f 6532 6531 6533
f 6532 6533 6534
f 6533 6535 6534
f 6534 6535 6536
f 6534 6536 6537
f 6537 6536 6538
f 6537 6538 6539
f 6539 6538 6540
f 6454 6541 6452
f 6452 6541 6542
f 6452 6542 6540
f 6540 6542 6543
f 6540 6543 6539
f 6544 6545 6546
f 6544 6546 6547
f 6547 6546 6548
f 6547 6548 6549
f 5628 5627 6550
f 5631 5630 5582
f 5582 5630 5629
f 5627 5626 6550
f 6550 5626 5625
f 6550 5625 6551
f 6551 5625 5624
f 5623 6552 5624
f 5624 6552 6553
f 5624 6553 6551
f 5622 6554 5623
f 5623 6554 6555
f 5623 6555 6552
f 6556 6557 5618
f 5618 6557 6558
f 5618 6558 5619
f 5619 6558 6559
f 5619 6559 5620
f 5620 6559 6560
f 5620 6560 5621
f 5621 6560 6561
f 5621 6561 5622
f 5622 6561 6562
f 5622 6562 6554
f 5618 5617 6556
f 6556 5617 5616
f 6556 5616 6563
f 6563 5616 5615
f 6564 5597 6565
f 6565 5597 5596
f 6565 5596 6566
f 6566 5596 5595
f 6566 5595 6567
f 6567 5595 5594
f 6567 5594 6568
f 6568 5594 5593
f 6568 5593 6569
f 6569 5593 5592
f 6569 5592 6570
f 6570 5592 6571
f 6571 5592 5591
f 6571 5591 6572
f 6572 5591 5590
f 6572 5590 6573
f 6573 5590 5589
f 6573 5589 6574
f 6574 5589 6575
f 6575 5589 5588
f 6575 5588 6576
f 6576 5588 5587
f 6576 5587 6577
f 5585 5584 6550
f 6577 5587 6550
f 6550 5587 5586
f 6550 5586 5585
f 5629 5628 5582
f 5582 5628 6550
f 5582 6550 5583
f 5583 6550 5584
f 5582 5581 6578
f 6578 5581 5580
f 5580 5579 6578
f 6578 5579 5578
f 6578 5578 6579
f 6579 5578 5577
f 6579 5577 6580
f 6580 5577 5576
f 6580 5576 6581
f 6581 5576 5575
f 6581 5575 6582
f 6582 5575 6583
f 6583 5575 5574
f 6583 5574 6584
f 6584 5574 6585
f 6585 5574 5605
f 6585 5605 6586
f 6586 5605 5604
f 6586 5604 6587
f 6587 5604 6588
f 6588 5604 5603
f 6588 5603 6589
f 6589 5603 6590
f 6590 5603 5602
f 6590 5602 6591
f 6591 5602 5601
f 6591 5601 6592
f 5601 5600 6592
f 6592 5600 5599
f 6592 5599 6564
f 6564 5599 5598
f 6564 5598 5597
f 5615 5614 6563
f 6563 5614 5613
f 6563 5613 6593
f 5613 5612 6593
f 6593 5612 5611
f 6593 5611 6594
f 6594 5611 5610
f 6594 5610 6595
f 6595 5610 5609
f 6595 5609 6596
f 6596 5609 5608
f 6596 5608 6597
f 6597 5608 6598
f 6598 5608 5607
f 6598 5607 6599
f 6599 5607 5606
f 6599 5606 6600
f 6600 5606 6601
f 6601 5606 5637
f 6601 5637 6602
f 6602 5637 6603
f 6603 5637 5636
f 6603 5636 6604
f 6604 5636 5635
f 6604 5635 6578
f 5635 5634 6578
f 6578 5634 5633
f 6578 5633 5582
f 5582 5633 5632
f 5582 5632 5631
f 6605 6606 6607
f 6605 6607 6608
f 6608 6607 6609
f 6608 6609 6610
f 6611 6612 6613
f 6614 6615 6616
f 6617 6618 6619
f 6620 6621 6622
f 6616 6617 6614
f 6614 6617 6619
f 6614 6619 6623
f 6623 6619 6624
f 6623 6624 6622
f 6622 6624 6611
f 6622 6611 6620
f 6620 6611 6613
f 5655 6625 5656
f 5656 6625 6626
f 5656 6626 5638
f 5638 6626 6627
f 5638 6627 5639
f 5639 6627 6628
f 5639 6628 5640
f 5655 5654 6625
f 6625 5654 5653
f 6625 5653 6629
f 6629 5653 5652
f 6629 5652 6630
f 6630 5652 5651
f 5645 6631 5646
f 5646 6631 6632
f 5646 6632 5647
f 5647 6632 6633
f 5647 6633 5648
f 5648 6633 6634
f 5648 6634 5649
f 5649 6634 6635
f 5649 6635 5650
f 5650 6635 6636
f 5650 6636 5651
f 5651 6636 6637
f 5651 6637 6630
f 5640 6628 5641
f 5641 6628 6638
f 5641 6638 5642
f 5642 6638 6639
f 5642 6639 5643
f 5643 6639 6640
f 5643 6640 5644
f 5644 6640 6641
f 5644 6641 5645
f 5645 6641 6642
f 5645 6642 6631
f 6643 6644 6645
f 6646 6647 6648
f 6648 6647 6649
f 6648 6649 6650
f 6650 6649 6651
f 6650 6651 6652
f 6652 6651 6653
f 6652 6653 6654
f 6654 6653 6655
f 6654 6655 6656
f 6656 6655 6657
f 6656 6657 6658
f 6658 6657 6659
f 6660 6661 6662
f 6662 6661 6663
f 6662 6663 6659
f 6659 6663 6664
f 6659 6664 6658
f 6665 6666 6667
f 6667 6666 6668
f 6667 6668 6669
f 6669 6668 6670
f 6669 6670 6671
f 6671 6670 6672
f 6671 6672 6660
f 6660 6672 6673
f 6660 6673 6661
f 6667 6674 6665
f 6665 6674 6675
f 6665 6675 6676
f 6675 6677 6676
f 6676 6677 6678
f 6676 6678 6679
f 6678 6680 6679
f 6679 6680 6681
f 6679 6681 6682
f 6681 6683 6682
f 6682 6683 6684
f 6682 6684 6685
f 6685 6684 6686
f 6685 6686 6687
f 6687 6686 6688
f 6687 6688 6689
f 6689 6688 6690
f 6689 6690 6691
f 6691 6690 6692
f 6691 6692 6693
f 6693 6692 6694
f 6693 6694 6695
f 6695 6694 6696
f 6695 6696 6697
f 6646 6698 6647
f 6647 6698 6699
f 6647 6699 6700
f 6700 6699 6701
f 6700 6701 6702
f 6702 6701 6703
f 6703 6701 6704
f 6703 6704 6705
f 6705 6704 6706
f 6706 6704 6707
f 6706 6707 6708
f 6708 6707 6709
f 6708 6709 6710
f 6710 6709 6711
f 6711 6709 6712
f 6711 6712 6713
f 6713 6712 6714
f 6713 6714 6715
f 6715 6714 6716
f 6716 6714 6717
f 6716 6717 6718
f 6718 6717 6719
f 6718 6719 6720
f 6719 6721 6720
f 6720 6721 6722
f 6720 6722 6723
f 6723 6722 6724
f 6723 6724 6725
f 6724 6726 6725
f 6725 6726 6727
f 6725 6727 6728
f 6728 6727 6729
f 6728 6729 6730
f 6730 6729 6731
f 6645 6732 6643
f 6643 6732 6733
f 6643 6733 6731
f 6731 6733 6734
f 6731 6734 6730
f 5674 6735 5675
f 5675 6735 6736
f 5675 6736 5676
f 5676 6736 6737
f 5676 6737 5677
f 5677 6737 6738
f 5677 6738 5678
f 5678 6738 6739
f 5678 6739 5679
f 5679 6739 6740
f 5679 6740 5680
f 5680 6740 6741
f 5680 6741 5681
f 5681 6741 6742
f 5681 6742 5682
f 5682 6742 6743
f 5682 6743 5683
f 5683 6743 6744
f 5683 6744 5684
f 5684 6744 6745
f 5684 6745 5685
f 5685 6745 6746
f 5685 6746 5686
f 5686 6746 6747
f 5686 6747 5687
f 5687 6747 6748
f 5687 6748 5688
f 5688 6748 6749
f 5688 6749 5657
f 5657 6749 6750
f 5657 6750 5658
f 5658 6750 6751
f 5658 6751 5659
f 5659 6751 6752
f 5659 6752 5660
f 5660 6752 6753
f 5660 6753 5661
f 5661 6753 6754
f 5661 6754 5662
f 5662 6754 6755
f 5662 6755 5663
f 5663 6755 6756
f 5663 6756 5664
f 5664 6756 6757
f 5664 6757 5665
f 5665 6757 6758
f 5665 6758 5666
f 5666 6758 6759
f 5666 6759 5667
f 5667 6759 6760
f 5667 6760 5668
f 5668 6760 6761
f 5668 6761 5669
f 5669 6761 6762
f 5669 6762 5670
f 5670 6762 6763
f 5670 6763 5671
f 5671 6763 6764
f 5671 6764 5672
f 5672 6764 6765
f 5672 6765 5673
f 5673 6765 6766
f 5673 6766 5674
f 5674 6766 6735
f 6767 6768 6769
f 6769 6768 6770
f 6769 6770 6771
f 6772 6773 6774
f 6771 6770 6775
f 6775 6770 6776
f 6775 6776 6777
f 6777 6776 6774
f 6777 6774 6778
f 6778 6774 6773
f 6778 6773 6779
f 6779 6773 6780
f 6779 6780 6781
f 6774 6782 6772
f 6772 6782 6783
f 6772 6783 6784
f 6785 6786 6787
f 6787 6786 6788
f 6787 6788 6789
f 6788 6790 6789
f 6789 6790 6791
f 6789 6791 6767
f 6767 6791 6792
f 6767 6792 6768
f 6781 6780 6793
f 6793 6780 6794
f 6793 6794 6795
f 6795 6794 6796
f 6795 6796 6797
f 6797 6796 6798
f 6797 6798 6799
f 6800 6801 6802
f 6802 6801 6803
f 6802 6803 6804
f 6804 6803 6799
f 6804 6799 6805
f 6805 6799 6798
f 6806 6807 6808
f 6808 6807 6809
f 6808 6809 6810
f 6810 6809 6811
f 6810 6811 6812
f 6811 6813 6812
f 6812 6813 6814
f 6812 6814 6815
f 6815 6814 6816
f 6817 6818 6819
f 6819 6818 6820
f 6819 6820 6821
f 6821 6820 6822
f 6821 6822 6823
f 6823 6822 6824
f 6823 6824 6825
f 6825 6824 6826
f 6825 6826 6827
f 6827 6826 6828
f 6827 6828 6829
f 6829 6828 6830
f 6829 6830 6831
f 6831 6830 6832
f 6831 6832 6833
f 6833 6832 6834
f 6833 6834 6835
f 6835 6834 6836
f 6835 6836 6837
f 6837 6836 6838
f 6837 6838 6816
f 6816 6838 6839
f 6816 6839 6815
f 6840 6841 6842
f 6842 6843 6844
f 6844 6843 6845
f 6844 6845 6846
f 6846 6847 6844
f 6844 6847 6848
f 6844 6848 6849
f 6849 6848 6850
f 6849 6850 6851
f 6851 6850 6852
f 6851 6852 6853
f 6853 6852 6854
f 6854 6852 6855
f 6855 6852 6856
f 6855 6856 6857
f 6857 6856 6858
f 6857 6858 6859
f 6859 6858 6860
f 6860 6858 6861
f 6860 6861 6862
f 6862 6861 6863
f 6863 6861 6864
f 6863 6864 6865
f 6865 6864 6866
f 6866 6864 6867
f 6866 6867 6868
f 6868 6867 6869
f 6868 6869 6870
f 6870 6869 6871
f 6870 6871 6872
f 6871 6873 6872
f 6872 6873 6874
f 6872 6874 6875
f 6875 6874 6876
f 6876 6877 6875
f 6875 6877 6878
f 6875 6878 6879
f 6878 6880 6879
f 6879 6880 6881
f 6879 6881 6882
f 6882 6881 6883
f 6882 6883 6884
f 6884 6883 6885
f 6886 6887 6888
f 6888 6887 6889
f 6888 6889 6885
f 6885 6889 6890
f 6885 6890 6884
f 6891 6892 6893
f 6893 6892 6894
f 6893 6894 6895
f 6895 6894 6896
f 6895 6896 6897
f 6896 6898 6897
f 6897 6898 6899
f 6897 6899 6900
f 6900 6899 6901
f 6900 6901 6902
f 6901 6903 6902
f 6902 6903 6904
f 6902 6904 6905
f 6904 6906 6905
f 6905 6906 6907
f 6905 6907 6908
f 6908 6907 6909
f 6908 6909 6910
f 6910 6909 6911
f 6910 6911 6912
f 6912 6911 6913
f 6912 6913 6914
f 6915 6916 6917
f 6917 6916 6918
f 6917 6918 6913
f 6913 6918 6919
f 6913 6919 6914
f 6915 6917 6920
f 6920 6917 6921
f 6920 6921 6922
f 6840 6842 6923
f 6922 6921 6924
f 6924 6921 6925
f 6924 6925 6926
f 6927 6928 6844
f 6926 6925 6929
f 6929 6925 6930
f 6929 6930 6844
f 6844 6930 6931
f 6844 6931 6927
f 6928 6932 6844
f 6844 6932 6933
f 6844 6933 6842
f 6842 6933 6934
f 6842 6934 6923
f 5690 6935 5689
f 5689 6935 6936
f 5689 6936 6937
f 6938 6935 6939
f 6939 6935 5690
f 6939 5690 6940
f 6940 5690 5691
f 6940 5691 6941
f 6941 5691 6942
f 6943 6944 6937
f 6937 6944 6942
f 6937 6942 5689
f 5689 6942 5691
f 6945 6946 6947
f 6947 6946 6948
f 6949 6950 6951
f 6951 6950 6952
f 6944 6953 6952
f 6952 6953 6947
f 6952 6947 6951
f 6951 6947 6948
f 6951 6948 6954
f 6954 6948 6955
f 6956 6957 6958
f 6956 6958 6959
f 6959 6958 6960
f 6959 6960 6961
f 6962 6963 6964
f 6965 6966 6967
f 6967 6966 6968
f 6967 6968 6969
f 6967 6970 6971
f 6967 6971 6965
f 6965 6971 6972
f 6965 6972 6973
f 6974 6966 6975
f 6975 6966 6965
f 6975 6965 6976
f 6976 6965 6973
f 6976 6973 6977
f 6970 6967 6978
f 6978 6967 6969
f 6978 6969 6979
f 6979 6969 6980
f 6979 6980 6981
f 6982 6983 6984
f 6984 6983 6985
f 6984 6985 6986
f 6987 6982 6988
f 6988 6982 6984
f 6988 6984 6981
f 6981 6984 6986
f 6981 6986 6979
f 6979 6986 6989
f 6979 6989 6978
f 6988 6990 6987
f 6987 6990 6991
f 6987 6991 6992
f 6992 6991 6993
f 6993 6991 6994
f 6993 6994 6995
f 6996 6997 6998
f 6998 6997 6999
f 6998 6999 7000
f 7000 6999 7001
f 7000 7001 6994
f 6994 7001 7002
f 6994 7002 6995
f 7003 7004 7005
f 7005 7004 7006
f 7005 7006 7007
f 7007 7006 7008
f 7007 7008 6996
f 6996 7008 7009
f 6996 7009 6997
f 7010 7011 7012
f 7005 7013 7003
f 7003 7013 7014
f 7003 7014 7015
f 7015 7014 7010
f 7015 7010 7016
f 7016 7010 7012
f 6964 7017 6962
f 6962 7017 7018
f 6962 7018 7019
f 7019 7020 6962
f 6962 7020 7021
f 6962 7021 7022
f 7011 6963 7012
f 7012 6963 6962
f 7012 6962 7023
f 7023 6962 7022
f 7023 7022 7024
f 7025 7026 7027
f 7027 7026 7028
f 7027 7028 7029
f 7029 7028 7030
f 7029 7030 7031
f 7030 7032 7031
f 7031 7032 7033
f 7031 7033 7034
f 7035 7036 7037
f 7037 7036 7038
f 7037 7038 7039
f 7037 7040 7035
f 7035 7040 7041
f 7035 7041 7042
f 7042 7041 7043
f 7044 7045 7046
f 7047 7048 7046
f 7046 7048 7049
f 7046 7049 7044
f 7050 7045 7043
f 7043 7045 7044
f 7043 7044 7042
f 7042 7044 7049
f 7042 7049 7051
f 7051 7049 7048
f 7051 7048 7052
f 7047 7053 7048
f 7048 7053 7054
f 7048 7054 7052
f 7055 7056 7057
f 7058 7059 7060
f 7060 7059 7061
f 7060 7061 7062
f 7062 7063 7060
f 7060 7063 7064
f 7060 7064 7065
f 7066 7067 7060
f 7067 7068 7060
f 7060 7068 7069
f 7060 7069 7058
f 7056 7070 7057
f 7057 7070 7071
f 7057 7071 7060
f 7060 7071 7072
f 7060 7072 7066
f 7053 7056 7054
f 7054 7056 7055
f 7054 7055 7052
f 7052 7055 7057
f 7052 7057 7073
f 7073 7057 7060
f 7073 7060 7074
f 7074 7060 7065
f 7075 7076 7077
f 7077 7076 7078
f 7077 7078 7079
f 7077 7080 7081
f 7075 7077 7082
f 7082 7077 7081
f 7082 7081 7083
f 7079 7084 7077
f 7077 7084 7085
f 7077 7085 7086
f 7086 7087 7088
f 7088 7089 7086
f 7086 7089 7090
f 7086 7090 7077
f 7077 7090 7080
f 7087 7086 7091
f 7091 7086 7092
f 7091 7092 7093
f 7094 7095 7096
f 7096 7095 7092
f 7096 7092 7097
f 7097 7092 7086
f 7097 7086 7098
f 7098 7086 7085
f 7093 7092 7099
f 7099 7092 7095
f 7099 7095 7100
f 7095 7101 7100
f 7100 7101 7102
f 7100 7102 7103
f 7104 7105 7106
f 7106 7105 7107
f 7103 7102 7107
f 7107 7102 7108
f 7107 7108 7106
f 7109 7104 7110
f 7110 7104 7106
f 7110 7106 7111
f 7111 7106 7108
f 7111 7108 7112
f 7112 7108 7102
f 7112 7102 7113
f 7113 7102 7101
f 7113 7101 7114
f 7114 7101 7095
f 7114 7095 7115
f 7115 7095 7094
f 7116 7117 7118
f 7116 7118 7119
f 7119 7118 7120
f 7119 7120 7121
f 7117 7122 7118
f 7118 7122 7123
f 7118 7123 7124
f 7125 7126 7127
f 7125 7127 7128
f 7050 7043 7129
f 7129 7043 7041
f 7129 7041 7130
f 7130 7041 7040
f 7130 7040 7034
f 7034 7040 7037
f 7034 7037 7031
f 7031 7037 7039
f 7031 7039 7029
f 7029 7039 7131
f 7029 7131 7027
f 7027 7131 7132
f 7027 7132 7025
f 7025 7132 7133
f 7025 7133 7127
f 7127 7133 7134
f 7127 7134 7128
f 7135 7136 7137
f 7137 7138 7135
f 7135 7138 7139
f 7135 7139 7120
f 7120 7139 7140
f 7120 7140 7121
f 7126 7136 7127
f 7127 7136 7135
f 7127 7135 7025
f 7025 7135 7120
f 7025 7120 7109
f 7109 7120 7118
f 7109 7118 7104
f 7104 7118 7124
f 7104 7124 7105
f 7141 7142 7143
f 7143 7142 7144
f 7143 7144 7145
f 7145 7144 7146
f 7145 7146 7147
f 7146 7148 7147
f 7147 7148 7149
f 7147 7149 7150
f 7150 7149 7151
f 7150 7151 7152
f 7152 7151 7153
f 7153 7151 7154
f 7153 7154 7155
f 7155 7154 7156
f 7155 7156 7157
f 7156 7158 7157
f 7157 7158 7159
f 7157 7159 7160
f 7160 7159 7161
f 7160 7161 7162
f 7162 7161 7163
f 7162 7163 7164
f 7164 7163 7165
f 7164 7165 7166
f 7166 7165 7167
f 7166 7167 7168
f 7168 7167 7169
f 7168 7169 7170
f 7170 7169 7171
f 7170 7171 7172
f 7173 7174 7175
f 7173 7175 7176
f 7175 7177 7178
f 7176 7175 7179
f 7179 7175 7178
f 7179 7178 7180
f 7174 7181 7175
f 7175 7181 7182
f 7175 7182 7177
f 7172 7171 7183
f 7183 7171 7184
f 7183 7184 7181
f 7181 7184 7185
f 7181 7185 7182
f 5708 7186 5707
f 5707 7186 7187
f 5707 7187 5706
f 5706 7187 7188
f 5706 7188 5705
f 5705 7188 7189
f 5705 7189 5704
f 5704 7189 7190
f 5704 7190 5703
f 7190 7191 5703
f 5703 7191 7192
f 5703 7192 5702
f 5702 7192 7193
f 5702 7193 5701
f 5701 7193 7194
f 5701 7194 5700
f 5700 7194 7195
f 5700 7195 5699
f 5699 7195 7196
f 5699 7196 5698
f 5698 7196 7197
f 5698 7197 5697
f 5697 7197 7198
f 5697 7198 5696
f 5696 7198 7199
f 5696 7199 5695
f 5695 7199 7200
f 5695 7200 5694
f 5694 7200 7201
f 5694 7201 5693
f 5693 7201 7202
f 5693 7202 5692
f 7202 7203 5692
f 5692 7203 7204
f 5692 7204 5723
f 5723 7204 7205
f 5723 7205 5722
f 5722 7205 7206
f 5722 7206 5721
f 5721 7206 7207
f 5721 7207 5720
f 5720 7207 7208
f 5720 7208 5719
f 5719 7208 7209
f 5719 7209 5718
f 5718 7209 7210
f 5718 7210 5717
f 5717 7210 7211
f 5717 7211 5716
f 5716 7211 7212
f 5716 7212 5715
f 5715 7212 7213
f 5715 7213 5714
f 5714 7213 7214
f 5714 7214 5713
f 5713 7214 7215
f 5713 7215 5712
f 5712 7215 7216
f 5712 7216 5711
f 5711 7216 7217
f 5711 7217 5710
f 5710 7217 7218
f 5710 7218 5709
f 5709 7218 7219
f 5709 7219 5708
f 5708 7219 7220
f 5708 7220 7186
f 5740 7221 5741
f 5741 7221 7222
f 5741 7222 5742
f 5742 7222 7223
f 5742 7223 5743
f 5743 7223 7224
f 5743 7224 5744
f 5744 7224 7225
f 5744 7225 5745
f 5724 7226 5725
f 5725 7226 7227
f 5725 7227 5726
f 5726 7227 7228
f 5726 7228 5727
f 5727 7228 7229
f 5727 7229 5728
f 5728 7229 7230
f 5728 7230 5729
f 5729 7230 7231
f 5729 7231 5730
f 5730 7231 7232
f 5730 7232 5731
f 5731 7232 7233
f 5731 7233 5732
f 5732 7233 7234
f 5732 7234 5733
f 5733 7234 7235
f 5733 7235 5734
f 5734 7235 7236
f 5734 7236 5735
f 5735 7236 7237
f 5735 7237 5736
f 5736 7237 7238
f 5736 7238 5737
f 5737 7238 7239
f 5737 7239 5738
f 5738 7239 7240
f 5738 7240 5739
f 5739 7240 7241
f 5739 7241 5740
f 5740 7241 7242
f 5740 7242 7221
f 7225 7243 5745
f 5745 7243 7244
f 5745 7244 5746
f 5746 7244 7245
f 5746 7245 5747
f 5747 7245 7246
f 5747 7246 5748
f 5748 7246 7247
f 5748 7247 5749
f 5749 7247 7248
f 5749 7248 5750
f 5750 7248 7249
f 5750 7249 5751
f 5751 7249 7250
f 5751 7250 101
f 101 7250 7251
f 101 7251 5753
f 5753 7251 7252
f 5753 7252 5752
f 5752 7252 7253
f 5752 7253 5754
f 5754 7253 7254
f 5754 7254 5724
f 5724 7254 7255
f 5724 7255 7226
f 7186 7256 7257
f 7258 7255 7254
f 5755 5758 7187
f 7257 5826 7186
f 7186 5826 5827
f 7186 5827 7187
f 7187 5827 5828
f 7187 5828 5755
f 5758 5760 7187
f 7187 5760 5762
f 7187 5762 5764
f 7254 5764 5766
f 5766 5768 7254
f 7254 5768 5770
f 7254 5770 7259
f 7259 7260 7254
f 7254 7260 7261
f 7254 7261 7258
f 7258 7261 7262
f 7222 7221 7263
f 5764 7254 7187
f 7187 7254 7253
f 7187 7253 7188
f 7188 7253 7252
f 7188 7252 7189
f 7189 7252 7251
f 7189 7251 7190
f 7190 7251 7250
f 7190 7250 7191
f 7191 7250 7249
f 7191 7249 7192
f 7192 7249 7248
f 7192 7248 7193
f 7193 7248 7247
f 7193 7247 7194
f 7194 7247 7246
f 7194 7246 7195
f 7195 7246 7245
f 7195 7245 7196
f 7196 7245 7244
f 7196 7244 7197
f 7197 7244 7243
f 7197 7243 7198
f 7198 7243 7225
f 7198 7225 7199
f 7199 7225 7224
f 7199 7224 7200
f 7200 7224 7223
f 7200 7223 7201
f 7201 7223 7222
f 7201 7222 7202
f 7202 7222 7263
f 7202 7263 7203
f 7264 7265 5803
f 5803 7265 5805
f 7259 5770 5769
f 5769 5773 7259
f 7259 5773 5778
f 7259 5778 7260
f 7260 5778 7261
f 5778 5780 7261
f 7261 5780 5791
f 7261 5791 7262
f 7262 5791 5790
f 7262 5790 7266
f 7266 5790 5788
f 7266 5788 7267
f 5788 5786 7267
f 7267 5786 5784
f 7267 5784 7268
f 7268 5784 5796
f 7268 5796 7269
f 7269 5796 5795
f 5795 5793 7269
f 7269 5793 5799
f 7269 5799 7270
f 5799 5798 7270
f 7270 5798 5808
f 7270 5808 7271
f 7271 5808 7265
f 7265 5808 5807
f 7265 5807 5805
f 7264 5803 7272
f 7272 5803 5801
f 7272 5801 7273
f 7273 5801 5800
f 7273 5800 7274
f 5800 5817 7274
f 7274 5817 5816
f 7274 5816 7275
f 7275 5816 5815
f 5815 5822 7275
f 7275 5822 5821
f 7275 5821 7276
f 5821 5820 7276
f 7276 5820 5819
f 7276 5819 7277
f 5819 5818 7277
f 7277 5818 5823
f 7277 5823 7278
f 7278 5823 5824
f 7278 5824 7279
f 7279 5824 5825
f 7279 5825 7280
f 7280 5825 5813
f 7280 5813 7281
f 7281 5813 5811
f 7281 5811 7282
f 7282 5811 5810
f 7282 5810 7283
f 5810 5802 7283
f 7283 5802 7284
f 7284 5802 7285
f 7285 5802 5804
f 7285 5804 7286
f 5804 5806 7286
f 7286 5806 5797
f 7286 5797 7287
f 7287 5797 5792
f 7287 5792 7288
f 5792 5794 7288
f 7288 5794 5783
f 7288 5783 7289
f 7289 5783 5785
f 7289 5785 7290
f 5785 5787 7290
f 7290 5787 5789
f 7290 5789 7291
f 7291 5789 5782
f 7291 5782 7292
f 7292 5782 5781
f 7292 5781 7256
f 7256 5781 5779
f 7256 5779 7257
f 7257 5779 5772
f 7257 5772 5826
f 5826 5772 5771
f 7293 5834 5833
f 7293 5833 7294
f 7294 5833 5837
f 7294 5837 7295
f 7295 5837 5842
f 7295 5842 7296
f 7296 5842 5845
f 7296 5845 7297
f 7297 5845 5847
f 7297 5847 7298
f 7298 5847 5850
f 7298 5850 7299
f 7299 5850 7300
f 7300 5850 5852
f 7300 5852 7301
f 7301 5852 5856
f 7301 5856 7302
f 7302 5856 5858
f 7302 5858 7303
f 7303 5858 7304
f 7304 5858 5860
f 7304 5860 7305
f 7305 5860 5862
f 7305 5862 5864
f 5867 7306 5864
f 5864 7306 7307
f 5864 7307 7305
f 7308 7309 5867
f 5867 7309 7310
f 5867 7310 7306
f 5867 5871 7308
f 7308 5871 5874
f 7308 5874 7311
f 7311 5874 5876
f 7311 5876 7312
f 7312 5876 7313
f 5876 5878 7313
f 7313 5878 5877
f 7313 5877 7314
f 7314 5877 5832
f 7314 5832 7315
f 7315 5832 5830
f 7316 7315 5829
f 5829 7315 5830
f 7317 7318 5907
f 7319 5914 5913
f 7320 7321 7322
f 7323 7324 7325
f 7316 5829 7326
f 7326 5829 5831
f 5831 5879 7326
f 7326 5879 5880
f 7326 5880 7327
f 7327 5880 7328
f 7328 5880 5875
f 7328 5875 7329
f 7329 5875 5873
f 7329 5873 7330
f 7330 5873 5872
f 7330 5872 7331
f 7331 5872 5870
f 7331 5870 7332
f 7332 5870 5869
f 7332 5869 7333
f 5869 5868 7333
f 7333 5868 5866
f 7333 5866 7334
f 5854 7335 5855
f 5855 7335 7336
f 5855 7336 5857
f 5857 7336 7337
f 5857 7337 5859
f 5859 7337 7338
f 5859 7338 5861
f 5861 7338 7339
f 5861 7339 5863
f 5863 7339 7340
f 5863 7340 5865
f 5865 7340 7334
f 5865 7334 5866
f 5846 7341 5848
f 5848 7341 7342
f 5848 7342 5849
f 5849 7342 7343
f 5849 7343 5851
f 5851 7343 7335
f 5851 7335 5853
f 5853 7335 5854
f 5846 5844 7341
f 7341 5844 5843
f 7341 5843 7344
f 7344 5843 5841
f 7344 5841 7345
f 5841 5840 7345
f 7345 5840 5836
f 7345 5836 7346
f 7346 5836 5838
f 7346 5838 7347
f 7347 5838 5839
f 7347 5839 7348
f 7348 5839 5835
f 7348 5835 7349
f 7349 5835 7350
f 7350 5835 5888
f 7350 5888 7351
f 7352 7353 5883
f 5888 5887 7351
f 7351 5887 5885
f 7351 5885 7353
f 7353 5885 5884
f 7353 5884 5883
f 5901 7354 5902
f 5902 7354 7355
f 5902 7355 5890
f 5890 7355 7356
f 5890 7356 5892
f 5892 7356 7357
f 5892 7357 5894
f 5894 7357 7352
f 5894 7352 5895
f 5895 7352 5883
f 5901 5899 7354
f 7354 5899 5897
f 7354 5897 7358
f 7358 5897 7359
f 7359 5897 5912
f 7359 5912 7360
f 5907 7318 5909
f 5912 5911 7360
f 7360 5911 5909
f 7360 5909 7361
f 7361 5909 7318
f 7323 7362 7324
f 7324 7362 7363
f 7364 7365 7366
f 7366 7365 7367
f 7366 7367 7368
f 7368 7367 7369
f 7368 7369 7370
f 5936 5934 7371
f 7371 5934 7372
f 5934 5932 7372
f 7372 5932 5930
f 7372 5930 7373
f 5930 5929 7373
f 7373 5929 5940
f 7373 5940 7374
f 7374 5940 5947
f 7374 5947 7375
f 7375 5947 5945
f 7375 5945 7376
f 7376 5945 7377
f 7378 7379 5942
f 5942 7379 7377
f 5942 7377 5943
f 5943 7377 5945
f 7378 5942 7380
f 7380 5942 5950
f 7380 5950 7381
f 7320 7382 7383
f 7369 7384 7370
f 7370 7384 7385
f 7370 7385 7386
f 7386 7385 7387
f 7386 7387 7388
f 7389 7390 7382
f 7382 7390 7391
f 7391 7392 7393
f 7388 7394 7392
f 7392 7394 7395
f 7395 5913 5925
f 7388 7387 7394
f 7394 7387 7319
f 7394 7319 7395
f 7395 7319 5913
f 7322 7389 7320
f 7320 7389 7382
f 7382 7391 7383
f 7383 7391 7393
f 7383 7393 7396
f 7396 7393 7397
f 7396 7397 7398
f 7398 7397 7399
f 7398 7399 5927
f 5914 7319 5922
f 5922 7319 7387
f 5922 7387 5921
f 5921 7387 7385
f 5921 7385 5918
f 5918 7385 7384
f 5918 7384 5916
f 5916 7384 7400
f 5916 7400 7401
f 7401 7400 7402
f 7401 7402 7325
f 7325 7402 7403
f 7325 7403 7323
f 5936 7371 5937
f 5937 7371 7404
f 5937 7404 5927
f 5927 7404 7405
f 5927 7405 7398
f 7398 7405 7406
f 7398 7406 7396
f 7396 7406 7407
f 7396 7407 7383
f 7383 7407 7408
f 7383 7408 7320
f 7320 7408 7321
f 5904 7409 5906
f 5906 7409 7317
f 5906 7317 5907
f 7405 7410 7406
f 7406 7410 7411
f 7406 7411 7407
f 7407 7411 7364
f 7407 7364 7408
f 7408 7364 7366
f 7408 7366 7321
f 7321 7366 7368
f 7321 7368 7322
f 7322 7368 7370
f 7322 7370 7389
f 7389 7370 7386
f 7389 7386 7390
f 7390 7386 7388
f 7390 7388 7391
f 7391 7388 7392
f 7392 7395 7393
f 7393 7395 5925
f 7393 5925 7397
f 7397 5925 5924
f 7397 5924 7399
f 7399 5924 5928
f 7399 5928 5927
f 7363 7412 7324
f 7324 7412 7413
f 7324 7413 7325
f 7325 7413 7414
f 7325 7414 7401
f 7401 7414 5903
f 7401 5903 5916
f 5904 5903 7409
f 7409 5903 7414
f 7409 7414 7317
f 7317 7414 7413
f 7317 7413 7318
f 7318 7413 7412
f 7318 7412 7361
f 7361 7412 7363
f 7361 7363 7415
f 7415 7363 7362
f 7416 7381 5951
f 5951 7381 5950
f 5946 7417 5944
f 5944 7417 7418
f 5944 7418 5948
f 5948 7418 7419
f 5948 7419 5949
f 5949 7419 7416
f 5949 7416 5951
f 5946 7420 7421
f 5946 7421 7417
f 5946 5941 7420
f 7420 5941 5939
f 7420 5939 7422
f 7422 5939 5938
f 7422 5938 7423
f 7423 5938 5931
f 7423 5931 7424
f 7424 5931 5933
f 7424 5933 7425
f 7425 5933 5935
f 7425 5935 7426
f 7426 5935 5926
f 7426 5926 7427
f 7427 5926 5923
f 7427 5923 7428
f 7428 5923 5915
f 7428 5915 7429
f 7429 5915 5920
f 7429 5920 7430
f 7430 5920 5919
f 7430 5919 7431
f 7431 5919 5917
f 7431 5917 7432
f 7432 5917 5905
f 7432 5905 7433
f 7433 5905 5908
f 7433 5908 7434
f 7434 5908 5910
f 7434 5910 7435
f 5910 5896 7435
f 7435 5896 5898
f 7435 5898 7436
f 5898 5900 7436
f 7436 5900 5889
f 7436 5889 7437
f 7437 5889 5891
f 7437 5891 7438
f 7438 5891 5893
f 7438 5893 7439
f 7439 5893 5882
f 7439 5882 7440
f 7440 5882 5881
f 7440 5881 7441
f 5886 7442 5881
f 5881 7442 7443
f 5881 7443 7441
f 7442 5886 7444
f 7444 5886 5834
f 7444 5834 7293
f 6016 7445 6017
f 6017 7445 7446
f 6017 7446 6019
f 6019 7446 7447
f 6019 7447 6020
f 7448 7449 6016
f 6016 7449 7450
f 6016 7450 7445
f 6016 6009 7448
f 7448 6009 6004
f 7448 6004 7451
f 7451 6004 6006
f 7451 6006 7452
f 7452 6006 5999
f 7452 5999 7453
f 7453 5999 6001
f 7453 6001 7454
f 6001 5997 7454
f 7454 5997 5994
f 7454 5994 7455
f 7455 5994 5987
f 7455 5987 7456
f 7456 5987 7457
f 7457 5987 5982
f 7457 5982 7458
f 7458 5982 5980
f 7458 5980 7459
f 7459 5980 5978
f 7459 5978 7460
f 7460 5978 5976
f 7460 5976 7461
f 7461 5976 5974
f 7461 5974 7462
f 7462 5974 5973
f 7462 5973 7463
f 7463 5973 5971
f 7463 5971 7464
f 5971 5970 7464
f 7464 5970 5965
f 7464 5965 7465
f 7465 5965 5967
f 7465 5967 7466
f 7466 5967 5962
f 7466 5962 7467
f 7467 5962 5957
f 7467 5957 7468
f 7468 5957 7469
f 7469 5957 5958
f 7469 5958 7470
f 7470 5958 5954
f 7470 5954 7471
f 7471 5954 7472
f 7472 5954 5953
f 7472 5953 7473
f 7473 5953 7474
f 7474 5953 5952
f 7475 5977 5979
f 7476 7477 7478
f 7477 7476 7479
f 7480 7481 7482
f 7483 7484 7485
f 7484 7483 7486
f 7487 7488 7489
f 7490 7491 7488
f 7492 7493 7494
f 7495 7496 7497
f 7498 7499 7500
f 7501 7502 7503
f 7504 7505 7506
f 7507 7508 7509
f 7509 7510 5961
f 5961 7510 7474
f 5961 7474 5952
f 7507 7511 7508
f 7508 7511 7512
f 7508 7512 7513
f 5969 5968 7514
f 7514 5968 7515
f 7514 7515 7516
f 7517 7518 7519
f 7519 7518 7520
f 7481 7521 5968
f 7482 7481 7520
f 7520 7481 5968
f 7520 5968 7522
f 7522 5968 5966
f 7522 5966 7523
f 7524 7525 5972
f 7525 7526 5972
f 5972 7526 7527
f 5972 7527 5966
f 5966 7527 7528
f 5966 7528 7523
f 7499 7498 7501
f 7501 7498 7529
f 7501 7529 7502
f 7530 7531 7500
f 7500 7531 7532
f 7500 7532 7498
f 5983 7533 5984
f 5984 7533 7534
f 5984 7534 5981
f 5981 7534 7535
f 5988 7536 5989
f 5989 7536 7537
f 5989 7537 5983
f 5983 7537 7538
f 5983 7538 7533
f 7539 7540 7541
f 7541 7540 7542
f 7541 7542 7543
f 7544 6003 7545
f 7545 6003 7546
f 7545 7546 7547
f 6007 7548 6008
f 6008 7548 7549
f 6008 7549 7550
f 7497 7496 6011
f 6007 6005 7548
f 7548 6005 6011
f 7548 6011 7551
f 7551 6011 7552
f 7553 7554 7555
f 7555 7554 7551
f 7556 7557 7558
f 7557 7556 7559
f 6018 6021 7560
f 7560 7561 6018
f 6018 7561 7562
f 6018 7562 6012
f 6012 7562 7563
f 6012 7563 7564
f 7564 7563 7565
f 7566 7567 7568
f 7568 7567 7569
f 7568 7569 7558
f 7558 7569 7570
f 7558 7570 7556
f 7557 7571 7558
f 7558 7571 7572
f 7558 7572 7568
f 7568 7572 7573
f 7568 7573 7566
f 7566 7573 7551
f 7566 7551 7567
f 7567 7551 7554
f 7567 7554 7569
f 7569 7554 7553
f 7569 7553 7570
f 7574 7575 7576
f 7577 7578 7579
f 7579 7578 7575
f 7579 7575 7580
f 7580 7575 7574
f 7581 7582 7583
f 7583 7582 7584
f 7583 7584 7585
f 7576 7575 7586
f 7586 7575 7578
f 7586 7578 7587
f 7587 7578 7577
f 7587 7577 7588
f 7589 7590 7591
f 7592 7581 7593
f 7593 7581 7583
f 7593 7583 7594
f 7594 7583 7585
f 7584 7552 7585
f 7585 7552 6011
f 7585 6011 7594
f 7594 6011 7496
f 7594 7496 7593
f 7593 7496 7495
f 7593 7495 7592
f 7595 7596 7597
f 6014 7598 6015
f 6015 7598 7599
f 6015 7599 6010
f 6010 7599 7600
f 6010 7600 6011
f 7595 7601 7596
f 7596 7601 7602
f 7596 7602 7603
f 7603 7602 7604
f 7603 7604 7605
f 6014 6013 7598
f 7598 6013 7606
f 7598 7606 7599
f 7599 7606 7607
f 7599 7607 7600
f 7600 7607 7608
f 7600 7608 6011
f 7597 7609 7610
f 7610 7609 7611
f 7610 7611 7612
f 7612 7611 7613
f 7612 7613 7588
f 7588 7613 7589
f 7588 7589 7587
f 7587 7589 7591
f 7587 7591 7586
f 7586 7591 7614
f 7586 7614 7576
f 7597 7596 7609
f 7609 7596 7603
f 7609 7603 7611
f 7611 7603 7605
f 7611 7605 7613
f 7493 7492 7615
f 7615 7492 7616
f 7615 7616 7617
f 7618 7494 7619
f 7619 7494 7493
f 7619 7493 7620
f 7620 7493 7615
f 7620 7615 7621
f 7621 7615 7617
f 7544 7545 7622
f 7622 7545 7547
f 7622 7547 7623
f 7624 7625 7626
f 7626 7625 7627
f 7626 7627 7628
f 7628 7627 7629
f 7630 5985 5993
f 5996 5998 7624
f 7624 5998 6003
f 7624 6003 7625
f 7625 6003 7544
f 7625 7544 7627
f 7627 7544 7622
f 7627 7622 7629
f 7629 7622 7623
f 5985 7630 5986
f 7616 7631 7617
f 7617 7631 7539
f 7617 7539 7621
f 7621 7539 7541
f 7621 7541 7620
f 7620 7541 7543
f 7620 7543 7619
f 7619 7543 7537
f 7619 7537 7618
f 7618 7537 7536
f 7618 7536 7630
f 7630 7536 5988
f 7630 5988 5986
f 7530 7632 7633
f 7633 7632 7634
f 7633 7634 7635
f 7635 7634 7636
f 7526 7636 7637
f 7637 7636 7634
f 7637 7634 7638
f 7638 7634 7632
f 7530 7500 7632
f 7632 7500 7499
f 7632 7499 7638
f 7638 7499 7501
f 7638 7501 7637
f 7637 7501 7503
f 7637 7503 7526
f 7491 7490 7639
f 7639 7490 7640
f 7639 7640 7641
f 7488 7487 7490
f 7490 7487 7642
f 7490 7642 7640
f 7640 7642 7643
f 7640 7643 7641
f 7489 7486 7487
f 7487 7486 7483
f 7487 7483 7642
f 7642 7483 7485
f 7642 7485 7643
f 7643 7485 7535
f 7643 7535 7644
f 7644 7535 7534
f 7645 7646 7647
f 7647 7646 7648
f 7647 7648 7649
f 7649 7648 7650
f 7651 7652 7653
f 7653 7652 7654
f 7653 7654 7655
f 7655 7654 7656
f 7655 7656 7657
f 7652 7658 7654
f 7654 7658 7659
f 7654 7659 7656
f 7656 7659 7660
f 7656 7660 7657
f 7657 7660 7524
f 7524 5972 7657
f 7657 5972 5975
f 7657 5975 7655
f 7655 5975 5992
f 7655 5992 7653
f 7653 5992 5991
f 7653 5991 7651
f 7643 7661 7641
f 7641 7661 7662
f 7641 7662 7639
f 7639 7662 7663
f 7639 7663 7491
f 7491 7663 7664
f 7491 7664 7488
f 7488 7664 7665
f 7488 7665 7489
f 7489 7665 7666
f 7489 7666 7486
f 7486 7666 7667
f 7486 7667 7484
f 7484 7667 7668
f 7484 7668 7485
f 7645 7475 7646
f 7646 7475 7669
f 7646 7669 7648
f 7648 7669 7670
f 7648 7670 7650
f 7650 7670 7671
f 7671 7525 7650
f 7650 7525 7524
f 7650 7524 7649
f 7649 7524 7660
f 7649 7660 7647
f 7647 7660 7659
f 7647 7659 7645
f 7645 7659 7658
f 7645 7658 7475
f 7475 7658 7652
f 7475 7652 5977
f 5977 7652 7651
f 5977 7651 5990
f 5990 7651 5991
f 7672 7673 7674
f 7674 7673 7675
f 7674 7675 7676
f 7676 7675 7677
f 7676 7677 7678
f 7678 7677 7679
f 7678 7679 7680
f 7681 7682 7683
f 7683 7682 7684
f 7683 7684 7685
f 7685 7684 7686
f 7687 7688 7689
f 7689 7688 7690
f 7689 7690 7691
f 7685 7692 7683
f 7683 7692 7693
f 7683 7693 7681
f 7673 7505 7675
f 7675 7505 7504
f 7675 7504 7677
f 7677 7504 7506
f 7677 7506 7679
f 7679 7506 7513
f 7679 7513 7680
f 7680 7513 7512
f 7680 7512 7687
f 7687 7512 7511
f 7687 7511 7688
f 7693 7694 7681
f 7681 7694 7520
f 7681 7520 7682
f 7682 7520 7518
f 7682 7518 7684
f 7684 7518 7517
f 7684 7517 7686
f 7695 7696 7697
f 7697 7696 7698
f 7697 7698 7699
f 7699 7698 7700
f 7699 7700 7701
f 7521 7481 7702
f 7702 7481 7480
f 7702 7480 7703
f 7704 7705 7706
f 7706 7705 7707
f 7706 7707 7708
f 7708 7707 7709
f 7708 7709 7710
f 7710 7478 7708
f 7708 7478 7477
f 7708 7477 7706
f 7706 7477 7479
f 7706 7479 7704
f 7711 5956 5955
f 7476 7516 7479
f 7479 7516 7515
f 7479 7515 7704
f 7704 7515 5968
f 7704 5968 7705
f 7705 5968 7521
f 7705 7521 7707
f 7707 7521 7702
f 7707 7702 7709
f 7709 7702 7703
f 7709 7703 7710
f 5956 7711 5959
f 5961 5960 7509
f 7509 5960 5959
f 7509 5959 7507
f 7507 5959 7711
f 7507 7711 7511
f 7511 7711 7695
f 7511 7695 7688
f 7688 7695 7697
f 7688 7697 7690
f 7690 7697 7699
f 7690 7699 7691
f 7691 7699 7701
f 7565 7559 7590
f 7590 7559 7556
f 7590 7556 7591
f 7591 7556 7570
f 7591 7570 7614
f 7614 7570 7553
f 7614 7553 7576
f 7576 7553 7555
f 7576 7555 7574
f 7574 7555 7551
f 7574 7551 7580
f 7580 7551 7552
f 7580 7552 7579
f 7579 7552 7584
f 7579 7584 7577
f 7577 7584 7582
f 7577 7582 7588
f 7588 7582 7581
f 7588 7581 7612
f 7612 7581 7592
f 7612 7592 7610
f 7610 7592 7495
f 7610 7495 7597
f 7597 7495 7497
f 7597 7497 7595
f 7595 7497 6011
f 7595 6011 7601
f 7601 6011 7608
f 7601 7608 7602
f 7602 7608 7607
f 7602 7607 7604
f 7604 7607 7606
f 7604 7606 7605
f 7605 7606 6013
f 7605 6013 7613
f 7613 6013 6012
f 7613 6012 7589
f 7589 6012 7564
f 7589 7564 7590
f 7590 7564 7565
f 5996 7624 5995
f 5995 7624 7626
f 5995 7626 5993
f 5993 7626 7628
f 5993 7628 7630
f 7630 7628 7629
f 7630 7629 7618
f 7618 7629 7623
f 7618 7623 7494
f 7494 7623 7547
f 7494 7547 7492
f 7492 7547 7546
f 7492 7546 7616
f 7616 7546 6003
f 7616 6003 7631
f 7631 6003 6002
f 7631 6002 7550
f 7550 6002 6000
f 7550 6000 6008
f 7644 7531 7643
f 7643 7531 7530
f 7643 7530 7661
f 7661 7530 7633
f 7661 7633 7662
f 7662 7633 7635
f 7662 7635 7663
f 7663 7635 7636
f 7663 7636 7664
f 7664 7636 7526
f 7664 7526 7665
f 7665 7526 7525
f 7665 7525 7666
f 7666 7525 7671
f 7666 7671 7667
f 7667 7671 7670
f 7667 7670 7668
f 7668 7670 7669
f 7668 7669 7485
f 7485 7669 7475
f 7485 7475 7535
f 7535 7475 5979
f 7535 5979 5981
f 5969 7514 5963
f 5963 7514 7516
f 5963 7516 5964
f 5964 7516 7476
f 5964 7476 5955
f 5955 7476 7478
f 5955 7478 7711
f 7711 7478 7710
f 7711 7710 7695
f 7695 7710 7703
f 7695 7703 7696
f 7696 7703 7480
f 7696 7480 7698
f 7698 7480 7482
f 7698 7482 7700
f 7700 7482 7520
f 7700 7520 7701
f 7701 7520 7694
f 7701 7694 7691
f 7691 7694 7693
f 7691 7693 7689
f 7689 7693 7692
f 7689 7692 7687
f 7687 7692 7685
f 7687 7685 7680
f 7680 7685 7686
f 7680 7686 7678
f 7678 7686 7517
f 7678 7517 7676
f 7676 7517 7519
f 7676 7519 7674
f 7674 7519 7520
f 7674 7520 7672
f 7560 6021 7447
f 7447 6021 6020
f 6027 7712 6025
f 6025 7712 7713
f 6025 7713 6022
f 7712 6027 7714
f 7714 6027 6026
f 6023 7715 6024
f 6024 7715 7714
f 6024 7714 6026
f 7715 6023 7713
f 7713 6023 6022
f 7716 6052 7717
f 7717 6052 6051
f 7717 6051 7718
f 7718 6051 6050
f 7718 6050 7719
f 7719 6050 6049
f 7719 6049 7720
f 7720 6049 6048
f 7720 6048 7721
f 7721 6048 6054
f 7721 6054 7722
f 7722 6054 6055
f 7722 6055 7723
f 7723 6055 6056
f 7723 6056 7724
f 7724 6056 6057
f 7724 6057 7725
f 6057 6058 7725
f 7725 6058 6059
f 7725 6059 7726
f 7726 6059 6060
f 7726 6060 7727
f 7727 6060 6061
f 7727 6061 7728
f 7728 6061 6062
f 7728 6062 7729
f 7729 6062 6063
f 7729 6063 7730
f 7730 6063 6064
f 7730 6064 7731
f 7731 6064 6065
f 7731 6065 7732
f 7732 6065 6066
f 7732 6066 7733
f 7733 6066 6028
f 7733 6028 7734
f 6053 7735 6046
f 6046 7735 7736
f 6046 7736 6047
f 6047 7736 7737
f 7737 7738 6047
f 6047 7738 7739
f 6047 7739 6045
f 6045 7739 7740
f 6045 7740 6044
f 6044 7740 7741
f 6044 7741 6043
f 6043 7741 6042
f 6042 7741 7742
f 6042 7742 6041
f 7743 6040 7744
f 7744 6040 6041
f 7744 6041 7745
f 7745 6041 7742
f 7746 6038 7743
f 7743 6038 6039
f 7743 6039 6040
f 7746 7747 6038
f 6038 7747 7748
f 6038 7748 6031
f 6031 7748 6032
f 6032 7748 7749
f 6032 7749 6033
f 6033 7749 7750
f 6033 7750 6030
f 6030 7750 7751
f 6030 7751 6029
f 6029 7751 7752
f 6029 7752 6037
f 6037 7752 7753
f 6037 7753 6036
f 6036 7753 7754
f 6036 7754 6035
f 6035 7754 7755
f 6035 7755 6034
f 6034 7755 7734
f 6034 7734 6028
f 7735 6053 7716
f 7716 6053 6052
f 7756 6068 7757
f 7757 6068 6067
f 7757 6067 7758
f 7758 6067 6071
f 6073 7759 6070
f 6070 7759 7758
f 6070 7758 6071
f 7759 6073 7760
f 7760 6073 6072
f 7760 6072 7756
f 7756 6072 6069
f 7756 6069 6068
f 7761 6074 7762
f 7762 6074 6077
f 7762 6077 7763
f 7763 6077 6079
f 7763 6079 7764
f 7764 6079 6078
f 7764 6078 7765
f 7765 6078 6076
f 7765 6076 7766
f 7766 6076 6075
f 7766 6075 7761
f 7761 6075 6074
f 7767 6105 6107
f 7768 7769 7770
f 7771 7772 7773
f 7774 6145 6148
f 7775 6128 6138
f 7776 7777 7778
f 7779 6149 7780
f 7780 6149 6151
f 7780 6151 7781
f 7781 6151 6152
f 7781 6152 7782
f 7782 6152 6087
f 7782 6087 7783
f 7783 6087 6085
f 7783 6085 7784
f 7784 6085 6084
f 7784 6084 7785
f 7785 7786 7787
f 7787 7786 7788
f 7787 7788 7789
f 7789 7788 7790
f 7789 7790 7791
f 7791 7790 7792
f 7792 7790 6092
f 7792 6092 6099
f 6099 6102 7793
f 7794 7795 7796
f 7796 7795 7797
f 7796 7797 7798
f 7799 7800 7801
f 7801 7800 7793
f 7802 7803 7793
f 7793 7803 7804
f 7793 7804 7805
f 7806 7807 7798
f 7798 7807 7808
f 7798 7808 7809
f 7810 7811 7812
f 7813 7814 7815
f 7814 7813 7816
f 7778 7817 7776
f 7776 7817 7816
f 7776 7816 7818
f 7818 7816 7813
f 7818 7813 7819
f 7820 7821 7822
f 7822 7821 7823
f 7822 7823 7824
f 7822 7825 7820
f 7820 7825 7826
f 7820 7826 7827
f 7827 7826 7828
f 6146 6083 7829
f 7829 7830 6146
f 6146 7830 7831
f 6146 7831 6147
f 6147 7831 7832
f 6147 7832 6148
f 6132 6130 7833
f 7833 6130 7834
f 7833 7834 7835
f 7835 7834 7836
f 7835 7836 7837
f 7837 7836 7838
f 7837 7838 7839
f 7775 7840 6128
f 6128 7840 7841
f 6128 7841 6130
f 6130 7841 7828
f 6130 7828 7834
f 7834 7828 7826
f 7834 7826 7836
f 7836 7826 7825
f 7836 7825 7838
f 7838 7825 7822
f 7838 7822 7839
f 7839 7822 7824
f 7839 7824 7778
f 7778 7824 7842
f 7778 7842 7817
f 7806 7843 7807
f 7807 7843 7844
f 7807 7844 7808
f 7808 7844 7845
f 7808 7845 7809
f 7811 7810 7815
f 7815 7810 7846
f 7815 7846 7813
f 7813 7846 7847
f 7813 7847 7819
f 7848 7849 7850
f 7850 7849 7851
f 7851 7852 7850
f 7850 7852 7853
f 7850 7853 7848
f 7848 7853 7854
f 7848 7854 7855
f 7855 7854 7856
f 7855 7856 7857
f 7777 7776 7857
f 7857 7776 7818
f 7857 7818 7855
f 7855 7818 7819
f 7855 7819 7848
f 7848 7819 7847
f 7848 7847 7849
f 7799 7794 7800
f 7800 7794 7796
f 7800 7796 7793
f 7793 7796 7798
f 7793 7798 6099
f 6099 7798 7858
f 6099 7858 7792
f 7859 7860 7861
f 7861 7860 7862
f 7772 7771 7859
f 7859 7771 7863
f 7859 7863 7860
f 7802 7864 7803
f 7803 7864 7865
f 7803 7865 7804
f 7804 7865 7866
f 7804 7866 7805
f 7867 7868 7869
f 7869 7868 7870
f 7869 7870 7871
f 7872 7873 7874
f 7874 7873 7875
f 7875 7876 7874
f 7874 7876 7877
f 7874 7877 7872
f 7872 7877 7878
f 7872 7878 7879
f 7879 7878 7880
f 7879 7880 7881
f 7882 7883 7884
f 7884 7883 7885
f 7884 7885 7886
f 7887 7888 7889
f 7889 7888 7890
f 7769 7768 7887
f 7887 7768 7891
f 7887 7891 7888
f 7892 7893 7881
f 7881 7893 7871
f 7881 7871 7879
f 7879 7871 7870
f 7879 7870 7872
f 7872 7870 7868
f 7872 7868 7873
f 7894 7892 7770
f 7770 7892 7881
f 7770 7881 7768
f 7768 7881 7880
f 7768 7880 7891
f 7891 7880 7878
f 7895 7896 7897
f 7897 7896 7898
f 7897 7898 7899
f 7899 7898 7900
f 7901 7902 7903
f 7904 6107 6122
f 7905 7906 7907
f 7907 7906 7904
f 7907 7904 7908
f 7908 7904 6122
f 7905 7907 7909
f 7909 7907 7908
f 7909 7908 7903
f 7903 7908 7910
f 7903 7910 7901
f 6122 6123 7908
f 7908 6123 7911
f 7908 7911 7910
f 7910 7911 7912
f 7910 7912 7901
f 7913 7894 7912
f 7912 7894 7770
f 7912 7770 7901
f 7901 7770 7769
f 7901 7769 7902
f 7902 7769 7887
f 7902 7887 7914
f 7914 7887 7889
f 7914 7889 7915
f 7915 7889 7890
f 7862 7916 7861
f 7861 7916 7917
f 7861 7917 7859
f 7859 7917 7867
f 7859 7867 7772
f 7772 7867 7869
f 7772 7869 7773
f 7773 7869 7871
f 7773 7871 7918
f 7918 7871 7893
f 7918 7893 7919
f 7919 7893 7892
f 7919 7892 7920
f 7920 7892 7894
f 7920 7894 6113
f 6113 7894 7913
f 6113 7913 6115
f 6115 7913 7912
f 6115 7912 6117
f 6117 7912 7911
f 6117 7911 6118
f 6118 7911 6123
f 6145 7774 6143
f 6143 7774 7921
f 6143 7921 6141
f 6141 7921 7922
f 6141 7922 6138
f 7832 7923 6148
f 6148 7923 7924
f 6148 7924 7774
f 7774 7924 7925
f 7774 7925 7921
f 7921 7925 7926
f 7921 7926 7922
f 7922 7926 7927
f 7922 7927 7928
f 7928 7927 7775
f 7928 7775 7929
f 7929 7775 6138
f 7929 6138 7928
f 7928 6138 7922
f 6111 6109 7839
f 7839 6109 6126
f 7839 6126 7837
f 7837 6126 6125
f 7837 6125 7835
f 7835 6125 6135
f 7835 6135 7833
f 7833 6135 6134
f 7833 6134 6132
f 6113 6111 7920
f 7920 6111 7839
f 7920 7839 7919
f 7919 7839 7778
f 7919 7778 7918
f 7918 7778 7777
f 7918 7777 7773
f 7773 7777 7857
f 7773 7857 7771
f 7771 7857 7856
f 7771 7856 7863
f 7863 7856 7854
f 6105 7767 6102
f 7900 7930 7899
f 7899 7930 7793
f 7899 7793 7897
f 7897 7793 6102
f 7897 6102 7895
f 7882 7931 7883
f 7883 7931 7793
f 7883 7793 7885
f 7885 7793 7932
f 7885 7932 7886
f 6107 7904 7767
f 7767 7904 7906
f 7767 7906 6102
f 6102 7906 7905
f 6102 7905 7895
f 7895 7905 7909
f 7895 7909 7896
f 7896 7909 7903
f 7896 7903 7898
f 7898 7903 7902
f 7898 7902 7900
f 7900 7902 7914
f 7900 7914 7930
f 7930 7914 7915
f 7930 7915 7793
f 7793 7915 7890
f 7793 7890 7932
f 7932 7890 7888
f 7932 7888 7886
f 7886 7888 7891
f 7886 7891 7884
f 7884 7891 7878
f 7884 7878 7882
f 7882 7878 7877
f 7882 7877 7931
f 7931 7877 7876
f 7931 7876 7793
f 7793 7876 7875
f 7793 7875 7802
f 7802 7875 7873
f 7802 7873 7864
f 7864 7873 7868
f 7864 7868 7865
f 7865 7868 7867
f 7865 7867 7866
f 7866 7867 7917
f 7866 7917 7805
f 7805 7917 7916
f 7805 7916 7793
f 7793 7916 7862
f 7793 7862 7801
f 7801 7862 7860
f 7801 7860 7799
f 7799 7860 7863
f 7799 7863 7794
f 7794 7863 7854
f 7794 7854 7795
f 7795 7854 7853
f 7795 7853 7797
f 7797 7853 7852
f 7797 7852 7798
f 7798 7852 7851
f 7798 7851 7806
f 7806 7851 7849
f 7806 7849 7843
f 7843 7849 7847
f 7843 7847 7844
f 7844 7847 7846
f 7844 7846 7845
f 7845 7846 7810
f 7845 7810 7809
f 7809 7810 7812
f 7809 7812 7798
f 6084 6089 7785
f 7785 6089 6091
f 7785 6091 7786
f 7786 6091 6096
f 7786 6096 7788
f 7788 6096 6095
f 7788 6095 7790
f 7790 6095 6093
f 7790 6093 6092
f 6081 7933 6083
f 6083 7933 7934
f 6083 7934 7829
f 7933 6081 7935
f 7935 6081 6080
f 6140 7936 6142
f 6142 7936 7937
f 6142 7937 6144
f 6144 7937 7938
f 6144 7938 6082
f 6082 7938 7939
f 6082 7939 6080
f 6080 7939 7935
f 6136 7940 6137
f 6137 7940 7941
f 6137 7941 6139
f 6139 7941 7942
f 6139 7942 6140
f 6140 7942 7943
f 6140 7943 7936
f 7944 7945 6136
f 6136 7945 7946
f 6136 7946 7940
f 6136 6127 7944
f 7944 6127 6129
f 7944 6129 7947
f 7947 6129 6131
f 7947 6131 7948
f 7948 6131 6133
f 7948 6133 7949
f 7949 6133 7950
f 7950 6133 6124
f 7950 6124 7951
f 7951 6124 6108
f 7951 6108 7952
f 7952 6108 6110
f 7952 6110 7953
f 7953 6110 6112
f 7953 6112 7954
f 7954 6112 6114
f 7954 6114 7955
f 7955 6114 6116
f 7955 6116 7956
f 7956 6116 6119
f 7956 6119 7957
f 7957 6119 6121
f 7957 6121 7958
f 7958 6121 6120
f 7958 6120 7959
f 7959 6120 6106
f 7959 6106 7960
f 7960 6106 6104
f 7960 6104 6103
f 7960 6103 7961
f 7962 7963 6088
f 6088 7963 7964
f 6088 7964 6086
f 6086 7964 7965
f 6086 7965 6090
f 6090 7965 7966
f 6090 7966 6094
f 6094 7966 7967
f 6094 7967 6097
f 6097 7967 7968
f 6097 7968 6098
f 6098 7968 7969
f 6098 7969 6100
f 6100 7969 7961
f 6100 7961 6101
f 6101 7961 6103
f 7962 6088 7970
f 7970 6088 6150
f 7970 6150 7971
f 7971 6150 7779
f 7779 6150 6149
f 7972 6191 6189
f 7972 6189 7973
f 7973 6189 6187
f 7973 6187 7974
f 7974 6187 6185
f 7974 6185 7975
f 7975 6185 6183
f 7975 6183 7976
f 7976 6183 6181
f 7976 6181 7977
f 6170 7978 6173
f 6173 7978 7979
f 6173 7979 6175
f 6175 7979 7980
f 6175 7980 6176
f 6176 7980 7977
f 6176 7977 6178
f 6178 7977 6181
f 7981 7982 6170
f 6170 7982 7983
f 6170 7983 7978
f 6170 6168 7981
f 7981 6168 6167
f 7981 6167 7984
f 7984 6167 6166
f 7984 6166 7985
f 7985 6166 6160
f 7985 6160 7986
f 7986 6160 6153
f 7986 6153 7987
f 6156 7988 6153
f 6153 7988 7989
f 6153 7989 7987
f 7988 6156 7990
f 7990 6156 6158
f 7990 6158 7991
f 7991 6158 6157
f 7992 7993 7994
f 7995 7996 7997
f 7998 7999 8000
f 8001 8002 8003
f 7991 6157 6155
f 7991 6155 8004
f 8004 6155 6154
f 8004 6154 8005
f 6154 6165 8005
f 8005 6165 6164
f 8005 6164 8006
f 8006 6164 6163
f 8006 6163 6162
f 8001 8003 8007
f 8008 8009 8010
f 8009 8008 8011
f 8011 8008 8012
f 8011 8012 8013
f 8013 8014 8011
f 8011 8014 8015
f 8011 8015 8016
f 8016 8017 8011
f 8011 8017 8018
f 8011 8018 8019
f 7994 7993 6172
f 8020 8021 8022
f 8022 8021 7997
f 7997 8021 8023
f 7997 8023 7995
f 6192 8020 6193
f 6193 8020 8022
f 6193 8022 6190
f 6190 8022 6188
f 8024 8025 8026
f 8026 8025 8027
f 8028 8029 8027
f 8027 8029 8030
f 8027 8030 8026
f 8031 8032 8033
f 8033 8032 8034
f 8033 8034 8028
f 8028 8034 8035
f 8028 8035 8029
f 8036 8024 8037
f 8037 8024 8026
f 8037 8026 8038
f 8038 8026 8030
f 8038 8030 8039
f 8039 8030 8029
f 8039 8029 8040
f 8040 8029 8035
f 8040 8035 8041
f 8041 8035 8034
f 8041 8034 8042
f 8042 8034 8032
f 8042 8032 8043
f 8043 8032 8031
f 8043 8031 8044
f 8045 8046 8047
f 8047 8046 8048
f 8047 8048 8049
f 8049 8048 8050
f 8049 8050 8051
f 8052 8053 8054
f 8054 8053 8055
f 8054 8055 8056
f 8056 8055 8057
f 8058 8059 7992
f 7992 8059 8060
f 7992 8060 7993
f 7993 8060 8061
f 7993 8061 6172
f 8058 7992 8062
f 8062 7992 7994
f 8062 7994 8063
f 8063 7994 6172
f 8063 6172 8011
f 8011 6172 6174
f 8011 6174 8064
f 8064 6174 6177
f 8064 6177 8065
f 8065 6177 6179
f 8065 6179 8066
f 8066 6179 6180
f 8066 6180 6182
f 8003 8067 8007
f 8007 8067 8052
f 8007 8052 8051
f 8051 8052 8054
f 8051 8054 8049
f 8049 8054 8056
f 8049 8056 8047
f 8047 8056 8057
f 8047 8057 8045
f 8003 8006 8067
f 8067 8006 6162
f 8067 6162 8052
f 8052 6162 6161
f 8052 6161 8053
f 8053 6161 6159
f 8010 8036 8008
f 8008 8036 8037
f 8008 8037 8012
f 8012 8037 8038
f 8012 8038 8013
f 8013 8038 8039
f 8013 8039 8014
f 8014 8039 8040
f 8014 8040 8015
f 8015 8040 8041
f 8015 8041 8016
f 8016 8041 8042
f 8016 8042 8017
f 8017 8042 8043
f 8017 8043 8018
f 8018 8043 8044
f 8018 8044 8019
f 6188 8022 6186
f 6186 8022 7997
f 6186 7997 6184
f 6184 7997 7996
f 6184 7996 6182
f 6182 7996 7995
f 6182 7995 8066
f 8010 7999 8036
f 8036 7999 7998
f 8036 7998 8024
f 8024 7998 8000
f 8024 8000 8025
f 8025 8000 8002
f 8025 8002 8027
f 8027 8002 8001
f 8027 8001 8028
f 8028 8001 8007
f 8028 8007 8033
f 8033 8007 8051
f 8033 8051 8031
f 8031 8051 8050
f 8031 8050 8044
f 8044 8050 8048
f 8044 8048 8019
f 8019 8048 8046
f 8019 8046 8011
f 8011 8046 8045
f 8011 8045 8063
f 8063 8045 8057
f 8063 8057 8062
f 8062 8057 8055
f 8062 8055 8058
f 8058 8055 8053
f 8058 8053 8059
f 8059 8053 6159
f 8059 6159 8060
f 8060 6159 6169
f 8060 6169 8061
f 8061 6169 6171
f 8061 6171 6172
f 8020 6192 7972
f 7972 6192 6191
f 8068 6218 6220
f 8069 8070 8071
f 8072 8073 8074
f 8075 8076 8077
f 8078 8079 8080
f 8080 8079 8081
f 8082 8083 8084
f 8085 8086 8087
f 8088 6262 6264
f 8089 6257 6258
f 8090 8091 8092
f 8092 8091 8093
f 8092 8093 8094
f 8094 8093 8095
f 8094 8095 8096
f 8096 8095 8097
f 8096 8097 8098
f 6247 6250 8099
f 6247 8099 8100
f 8101 8102 8103
f 8103 8102 8104
f 8103 8104 8105
f 8105 8104 8106
f 8105 8106 8107
f 8107 8106 8089
f 8107 8089 8108
f 8108 8089 6258
f 8108 6258 8109
f 8109 6258 6261
f 8109 6261 8110
f 8110 6261 8111
f 8111 6261 6260
f 8111 6260 6259
f 8088 6264 8112
f 8112 6264 6265
f 8112 6265 8113
f 8113 6265 6200
f 8113 6200 8114
f 8114 6200 6198
f 8114 6198 8115
f 8115 6198 6197
f 8115 6197 8116
f 8116 8117 8118
f 8118 8117 8119
f 8118 8119 8120
f 8120 8119 8121
f 8120 8121 8122
f 6212 8123 8122
f 6215 8124 6212
f 6212 8124 8125
f 6212 8125 8123
f 8126 8127 8124
f 8128 8129 8124
f 8124 8129 8130
f 8124 8130 8131
f 8124 8127 8125
f 8125 8127 8132
f 8125 8132 8133
f 8076 8075 8125
f 8134 8135 8136
f 8085 8137 8138
f 8137 8085 8139
f 8139 8085 8087
f 8139 8087 8082
f 6242 6244 8140
f 8140 6244 8141
f 8140 8141 8142
f 8142 8141 8143
f 8142 8143 8144
f 8144 8143 8145
f 8144 8145 8146
f 8100 8147 6247
f 6247 8147 8148
f 6247 8148 6244
f 6244 8148 8090
f 6244 8090 8141
f 8141 8090 8092
f 8141 8092 8143
f 8143 8092 8094
f 8143 8094 8145
f 8145 8094 8096
f 8145 8096 8146
f 8146 8096 8098
f 8146 8098 8084
f 8084 8098 8149
f 8084 8149 8082
f 8082 8149 8150
f 8082 8150 8139
f 8136 8151 8081
f 8081 8151 8125
f 8081 8125 8080
f 8080 8125 8075
f 8080 8075 8078
f 8078 8075 8077
f 8135 8134 8138
f 8138 8134 8152
f 8138 8152 8085
f 8085 8152 8153
f 8085 8153 8086
f 8154 8155 8156
f 8156 8155 8157
f 8157 8158 8156
f 8156 8158 8159
f 8156 8159 8154
f 8154 8159 8160
f 8154 8160 8161
f 8161 8160 8162
f 8161 8162 8163
f 8083 8082 8163
f 8163 8082 8087
f 8163 8087 8161
f 8161 8087 8086
f 8161 8086 8154
f 8154 8086 8153
f 8154 8153 8155
f 8126 8164 8127
f 8127 8164 8165
f 8127 8165 8132
f 8132 8165 8166
f 8132 8166 8133
f 8167 8168 8169
f 8169 8168 8170
f 8073 8072 8167
f 8167 8072 8171
f 8167 8171 8168
f 8128 8172 8129
f 8129 8172 8173
f 8129 8173 8130
f 8130 8173 8174
f 8130 8174 8131
f 8175 8176 8177
f 8177 8176 8178
f 8177 8178 8179
f 8180 8181 8182
f 8182 8181 8183
f 8183 8184 8182
f 8182 8184 8185
f 8182 8185 8180
f 8180 8185 8186
f 8180 8186 8187
f 8187 8186 8188
f 8187 8188 8189
f 8190 8191 8192
f 8192 8191 8193
f 8192 8193 8194
f 8195 8196 8197
f 8197 8196 8198
f 8070 8069 8195
f 8195 8069 8199
f 8195 8199 8196
f 8200 8201 8189
f 8189 8201 8179
f 8189 8179 8187
f 8187 8179 8178
f 8187 8178 8180
f 8180 8178 8176
f 8180 8176 8181
f 8202 8200 8071
f 8071 8200 8189
f 8071 8189 8069
f 8069 8189 8188
f 8069 8188 8199
f 8199 8188 8186
f 8203 8204 8205
f 8205 8204 8206
f 8205 8206 8207
f 8207 8206 8208
f 8209 8210 8211
f 8212 8213 8214
f 8214 8213 8215
f 8214 8215 8216
f 8216 8215 6236
f 8212 8214 8217
f 8217 8214 8216
f 8217 8216 8211
f 8211 8216 8218
f 8211 8218 8209
f 8216 6236 8219
f 8216 8219 8218
f 8218 8219 8220
f 8218 8220 8209
f 8221 8202 8220
f 8220 8202 8071
f 8220 8071 8209
f 8209 8071 8070
f 8209 8070 8210
f 8210 8070 8195
f 8210 8195 8222
f 8222 8195 8197
f 8222 8197 8223
f 8223 8197 8198
f 8170 8224 8169
f 8169 8224 8225
f 8169 8225 8167
f 8167 8225 8175
f 8167 8175 8073
f 8073 8175 8177
f 8073 8177 8074
f 8074 8177 8179
f 8074 8179 8226
f 8226 8179 8201
f 8226 8201 8227
f 8227 8201 8200
f 8227 8200 8228
f 8228 8200 8202
f 8228 8202 6228
f 6228 8202 8221
f 6228 8221 6233
f 6233 8221 8220
f 6233 8220 6232
f 6232 8220 8219
f 6232 8219 6230
f 6230 8219 6236
f 6257 8089 6255
f 6255 8089 8106
f 6255 8106 6253
f 6253 8106 8104
f 6253 8104 6250
f 6250 8104 8102
f 6250 8102 8099
f 8099 8102 8101
f 8099 8101 8100
f 6225 6223 8146
f 8146 6223 6222
f 8146 6222 8144
f 8144 6222 6237
f 8144 6237 8142
f 8142 6237 6239
f 8142 6239 8140
f 8140 6239 6240
f 8140 6240 6242
f 6228 6225 8228
f 8228 6225 8146
f 8228 8146 8227
f 8227 8146 8084
f 8227 8084 8226
f 8226 8084 8083
f 8226 8083 8074
f 8074 8083 8163
f 8074 8163 8072
f 8072 8163 8162
f 8072 8162 8171
f 8171 8162 8160
f 6218 8068 6215
f 8208 8229 8207
f 8207 8229 8124
f 8207 8124 8205
f 8205 8124 6215
f 8205 6215 8203
f 8190 8230 8191
f 8191 8230 8124
f 8191 8124 8193
f 8193 8124 8231
f 8193 8231 8194
f 8136 8081 8134
f 8134 8081 8079
f 8134 8079 8152
f 8152 8079 8078
f 8152 8078 8153
f 8153 8078 8077
f 8153 8077 8155
f 8155 8077 8076
f 8155 8076 8157
f 8157 8076 8125
f 8157 8125 8158
f 8158 8125 8133
f 8158 8133 8159
f 8159 8133 8166
f 8159 8166 8160
f 8160 8166 8165
f 8160 8165 8171
f 8171 8165 8164
f 8171 8164 8168
f 8168 8164 8126
f 8168 8126 8170
f 8170 8126 8124
f 8170 8124 8224
f 8224 8124 8131
f 8224 8131 8225
f 8225 8131 8174
f 8225 8174 8175
f 8175 8174 8173
f 8175 8173 8176
f 8176 8173 8172
f 8176 8172 8181
f 8181 8172 8128
f 8181 8128 8183
f 8183 8128 8124
f 8183 8124 8184
f 8184 8124 8230
f 8184 8230 8185
f 8185 8230 8190
f 8185 8190 8186
f 8186 8190 8192
f 8186 8192 8199
f 8199 8192 8194
f 8199 8194 8196
f 8196 8194 8231
f 8196 8231 8198
f 8198 8231 8124
f 8198 8124 8223
f 8223 8124 8229
f 8223 8229 8222
f 8222 8229 8208
f 8222 8208 8210
f 8210 8208 8206
f 8210 8206 8211
f 8211 8206 8204
f 8211 8204 8217
f 8217 8204 8203
f 8217 8203 8212
f 8212 8203 6215
f 8212 6215 8213
f 8213 6215 8068
f 8213 8068 8215
f 8215 8068 6220
f 8215 6220 6236
f 6197 6202 8116
f 8116 6202 6204
f 8116 6204 8117
f 8117 6204 6209
f 8117 6209 8119
f 8119 6209 6208
f 8119 6208 8121
f 8121 6208 6206
f 8121 6206 8122
f 8122 6206 6205
f 8122 6205 6212
f 8111 6259 8232
f 8232 6259 6196
f 8232 6196 8233
f 8233 6196 6195
f 8234 8233 6195
f 8234 6195 8235
f 6195 6194 8235
f 8235 6194 6256
f 8235 6256 8236
f 8236 6256 6254
f 8236 6254 8237
f 8237 6254 6252
f 8237 6252 8238
f 8238 6252 8239
f 8239 6252 6251
f 8239 6251 8240
f 8240 6251 6249
f 8240 6249 8241
f 8241 6249 6248
f 8241 6248 8242
f 6246 8243 6248
f 6248 8243 8244
f 6248 8244 8242
f 6227 8245 6226
f 6226 8245 8246
f 6226 8246 6224
f 6224 8246 8247
f 6224 8247 6221
f 6221 8247 8248
f 6221 8248 6238
f 6238 8248 8249
f 6238 8249 6241
f 6241 8249 8250
f 6241 8250 6243
f 6243 8250 8243
f 6243 8243 6245
f 6245 8243 6246
f 6219 8251 6234
f 6234 8251 8252
f 6234 8252 6235
f 6235 8252 8253
f 6235 8253 6231
f 6231 8253 8254
f 6231 8254 6229
f 6229 8254 8255
f 6229 8255 6227
f 6227 8255 8256
f 6227 8256 8245
f 6219 8257 8258
f 6219 8258 8251
f 6219 6217 8257
f 8257 6217 6216
f 8257 6216 8259
f 8259 6216 6214
f 8259 6214 8260
f 6213 8261 6214
f 6214 8261 8262
f 6214 8262 8260
f 6213 6211 8261
f 8261 6211 6210
f 8261 6210 8263
f 8263 6210 6207
f 8263 6207 6203
f 8263 6203 8264
f 8264 6203 6199
f 8264 6199 8265
f 8265 6199 6201
f 8265 6201 8266
f 6263 8267 6201
f 6201 8267 8268
f 6201 8268 8266
f 8267 6263 8088
f 8088 6263 6262
f 8269 8270 6269
f 6269 8270 6271
f 8270 8271 6271
f 6271 8271 8272
f 6271 8272 6278
f 6278 8272 8273
f 6278 8273 6284
f 6284 8273 8274
f 6284 8274 6285
f 6285 8274 8275
f 6285 8275 6287
f 8276 6303 8277
f 8277 6303 6304
f 8277 6304 8278
f 8278 6304 6297
f 8278 6297 8279
f 8279 6297 6295
f 8279 6295 8280
f 8280 6295 6292
f 8280 6292 8281
f 8281 6292 6289
f 8281 6289 8282
f 8282 6289 6287
f 8282 6287 8283
f 8283 6287 8275
f 6313 6299 8276
f 8276 6299 6301
f 8276 6301 6303
f 8276 8284 6313
f 6313 8284 8285
f 6313 8285 6305
f 6305 8285 8286
f 6305 8286 6306
f 6306 8286 8287
f 6306 8287 6318
f 6318 8287 8288
f 6318 8288 6322
f 6322 8288 8289
f 8289 8290 6322
f 6322 8290 8291
f 6322 8291 6324
f 6324 8291 6326
f 6326 8291 8292
f 6326 8292 6327
f 8292 8293 6327
f 6327 8293 8294
f 6327 8294 6329
f 6329 8294 8295
f 6329 8295 6337
f 6337 8295 8296
f 6337 8296 6335
f 6335 8296 8297
f 6335 8297 6333
f 6333 8297 8298
f 6333 8298 6331
f 8269 6269 8299
f 8299 6269 6267
f 8299 6267 8300
f 8300 6267 6275
f 8301 8302 8303
f 8304 8305 8306
f 6283 8307 8308
f 6298 8309 8310
f 8311 8312 8313
f 8314 8315 8316
f 6332 8317 8318
f 6332 8318 6334
f 6334 8318 8319
f 6334 8319 6336
f 6336 8319 8320
f 6336 8320 6338
f 8321 6328 8322
f 8322 6328 6330
f 8322 6330 8323
f 8323 6330 6339
f 8323 6339 8324
f 8325 6323 8321
f 8321 6323 6325
f 8321 6325 6328
f 8326 8327 8328
f 8328 8329 8326
f 8326 8329 8330
f 8326 8330 8331
f 8331 8332 8326
f 8326 8332 8333
f 8326 8333 6321
f 6321 8333 8334
f 6321 8334 8335
f 8335 8336 6321
f 6321 8336 8337
f 6321 8337 8338
f 8338 8339 6321
f 6321 8339 8340
f 6321 8340 6316
f 6316 8340 8341
f 8342 6319 6317
f 6312 6311 8313
f 8313 6311 6310
f 8313 6310 8311
f 8311 6310 6309
f 8311 6309 8343
f 8343 6309 6308
f 8343 6308 8316
f 8316 6308 6307
f 8316 6307 8314
f 8314 6307 6320
f 8314 6320 6319
f 8309 6298 8344
f 8344 6298 6302
f 8344 6302 6300
f 8345 6293 8346
f 8346 6293 6291
f 8346 6291 8347
f 8347 6291 6290
f 6286 6288 8345
f 8345 6288 6293
f 6282 6281 8348
f 8348 6281 6286
f 8348 6286 8349
f 6283 8308 6276
f 6276 8308 8350
f 6276 8350 6277
f 6277 8350 6279
f 6279 8350 8351
f 6279 8351 8352
f 8353 6270 8354
f 8354 6270 6272
f 8354 6272 8352
f 8352 6272 6280
f 8352 6280 6279
f 8300 6275 6274
f 6274 6273 8300
f 8300 6273 6266
f 8300 6266 8353
f 8353 6266 6268
f 8353 6268 6270
f 8355 8356 8357
f 8357 8356 8358
f 8359 8349 8360
f 8304 8361 8362
f 8361 8304 8363
f 8363 8304 8306
f 8363 8306 8364
f 8364 8306 8365
f 8364 8365 8310
f 8310 8365 6296
f 8310 6296 6298
f 8301 8366 8302
f 8302 8366 8367
f 8302 8367 8368
f 8369 8370 8371
f 8372 8373 8374
f 8375 8376 8377
f 8375 8377 8378
f 8373 8379 8380
f 8380 8379 8381
f 8380 8381 8377
f 8377 8381 8382
f 8377 8382 8378
f 8383 8384 8326
f 8376 8385 8377
f 8377 8385 8386
f 8377 8386 8387
f 8387 8383 8377
f 8377 8383 8326
f 8377 8326 8325
f 8325 8326 6321
f 8325 6321 6323
f 8384 8388 8326
f 8326 8388 8389
f 8326 8389 8390
f 8390 8391 8326
f 8326 8391 8392
f 8326 8392 8327
f 8320 8393 8394
f 8394 8393 8395
f 8394 8395 8396
f 8396 8395 8397
f 8396 8397 8398
f 8398 8397 8399
f 6339 6338 8324
f 8324 6338 8400
f 8324 8400 8323
f 8323 8400 8401
f 8323 8401 8322
f 8322 8401 8402
f 8322 8402 8321
f 6338 8320 8400
f 8400 8320 8394
f 8400 8394 8401
f 8401 8394 8396
f 8401 8396 8402
f 8402 8396 8398
f 8402 8398 8321
f 8321 8398 8399
f 8321 8399 8325
f 8369 8403 8404
f 8404 8403 8405
f 8404 8405 8406
f 8406 8405 8407
f 8407 8405 8408
f 8407 8408 8409
f 8409 8408 8410
f 8410 8408 8411
f 8410 8411 8412
f 8369 8371 8403
f 8403 8371 8368
f 8403 8368 8405
f 8405 8368 8367
f 8405 8367 8408
f 8408 8367 8366
f 8408 8366 8411
f 8413 8414 8415
f 8415 8414 8416
f 8417 8413 8418
f 8418 8413 8415
f 8418 8415 8419
f 8420 8421 8422
f 8423 8424 8425
f 6300 6315 8344
f 8344 6315 6314
f 8344 6314 8426
f 8426 6314 6312
f 8426 6312 8427
f 8427 6312 8313
f 8427 8313 8303
f 8303 8313 8312
f 8303 8312 8301
f 8301 8312 8419
f 8301 8419 8366
f 8366 8419 8415
f 8366 8415 8411
f 8411 8415 8416
f 8411 8416 8412
f 8424 8423 8428
f 8428 8423 8429
f 8428 8429 8430
f 8431 8432 8433
f 8434 8429 8435
f 8435 8429 8423
f 8435 8423 8420
f 8420 8423 8425
f 8420 8425 8421
f 8432 8431 8436
f 8436 8431 8437
f 8436 8437 8438
f 8439 8437 8434
f 8434 8437 8431
f 8434 8431 8429
f 8429 8431 8433
f 8429 8433 8430
f 8343 8439 8311
f 8311 8439 8434
f 8311 8434 8312
f 8312 8434 8435
f 8312 8435 8419
f 8419 8435 8420
f 8419 8420 8418
f 8418 8420 8422
f 8418 8422 8417
f 8440 8441 8442
f 8442 8441 8443
f 8442 8443 8444
f 8445 8446 8447
f 8447 8446 8448
f 8447 8448 8440
f 8440 8448 8449
f 8440 8449 8441
f 8315 8445 8316
f 8316 8445 8447
f 8316 8447 8343
f 8343 8447 8440
f 8343 8440 8439
f 8439 8440 8442
f 8439 8442 8437
f 8437 8442 8444
f 8437 8444 8438
f 6319 8342 8314
f 8314 8342 8450
f 8314 8450 8315
f 8315 8450 8451
f 8315 8451 8445
f 8445 8451 8452
f 8445 8452 8446
f 8446 8452 8453
f 8446 8453 8448
f 8448 8453 8454
f 8448 8454 8449
f 8449 8454 8455
f 8449 8455 8441
f 8441 8455 8456
f 8441 8456 8443
f 8443 8456 8457
f 8443 8457 8444
f 8444 8457 8458
f 8444 8458 8438
f 8438 8458 8459
f 8438 8459 8436
f 8436 8459 8460
f 8436 8460 8432
f 8432 8460 8461
f 8432 8461 8433
f 8433 8461 8462
f 8433 8462 8430
f 8430 8462 8463
f 8430 8463 8428
f 8428 8463 8464
f 8428 8464 8424
f 8424 8464 8465
f 8424 8465 8425
f 8425 8465 8466
f 8425 8466 8421
f 8421 8466 8467
f 8421 8467 8422
f 8422 8467 8468
f 8422 8468 8417
f 8417 8468 8469
f 8417 8469 8413
f 8413 8469 8470
f 8413 8470 8414
f 8414 8470 8471
f 8414 8471 8416
f 8416 8471 8472
f 8416 8472 8412
f 8412 8472 8473
f 8412 8473 8410
f 8410 8473 8474
f 8410 8474 8409
f 8409 8474 8475
f 8409 8475 8407
f 8407 8475 8476
f 8407 8476 8406
f 8406 8476 8477
f 8406 8477 8404
f 8404 8477 8478
f 8404 8478 8369
f 8369 8478 8372
f 8369 8372 8370
f 8370 8372 8374
f 8370 8374 8371
f 8373 8372 8379
f 8379 8372 8478
f 8379 8478 8381
f 8381 8478 8477
f 8381 8477 8382
f 8382 8477 8476
f 8382 8476 8378
f 8378 8476 8475
f 8378 8475 8375
f 8375 8475 8474
f 8375 8474 8376
f 8376 8474 8473
f 8376 8473 8385
f 8385 8473 8472
f 8385 8472 8386
f 8386 8472 8471
f 8386 8471 8387
f 8387 8471 8470
f 8387 8470 8383
f 8383 8470 8469
f 8383 8469 8384
f 8384 8469 8468
f 8384 8468 8388
f 8388 8468 8467
f 8388 8467 8389
f 8389 8467 8466
f 8389 8466 8390
f 8390 8466 8465
f 8390 8465 8391
f 8391 8465 8464
f 8391 8464 8392
f 8392 8464 8463
f 8392 8463 8327
f 8327 8463 8462
f 8327 8462 8328
f 8328 8462 8461
f 8328 8461 8329
f 8329 8461 8460
f 8329 8460 8330
f 8330 8460 8459
f 8330 8459 8331
f 8331 8459 8458
f 8331 8458 8332
f 8332 8458 8457
f 8332 8457 8333
f 8333 8457 8456
f 8333 8456 8334
f 8334 8456 8455
f 8334 8455 8335
f 8335 8455 8454
f 8335 8454 8336
f 8336 8454 8453
f 8336 8453 8337
f 8337 8453 8452
f 8337 8452 8338
f 8338 8452 8451
f 8338 8451 8339
f 8339 8451 8450
f 8339 8450 8340
f 8340 8450 8342
f 8340 8342 8341
f 8341 8342 6317
f 8341 6317 6316
f 8305 8304 8479
f 8479 8304 8362
f 8479 8362 8480
f 8481 8482 8483
f 8483 8482 8484
f 8483 8484 8485
f 8485 8484 8486
f 8485 8486 8487
f 8480 8481 8479
f 8479 8481 8483
f 8479 8483 8305
f 8305 8483 8485
f 8305 8485 8306
f 8306 8485 8487
f 8306 8487 8365
f 8488 8489 8490
f 8490 8489 8491
f 8490 8491 8492
f 8492 8491 8493
f 8492 8493 8494
f 8488 6286 8489
f 8489 6286 8345
f 8489 8345 8491
f 8491 8345 8346
f 8491 8346 8493
f 8493 8346 8347
f 8493 8347 8494
f 8494 8347 6290
f 8494 6290 6294
f 8361 8359 8362
f 8362 8359 8360
f 8362 8360 8480
f 8480 8360 8349
f 8480 8349 8481
f 8481 8349 6286
f 8481 6286 8482
f 8482 6286 8488
f 8482 8488 8484
f 8484 8488 8490
f 8484 8490 8486
f 8486 8490 8492
f 8486 8492 8487
f 8487 8492 8494
f 8487 8494 8365
f 8365 8494 6294
f 8365 6294 6296
f 8348 8355 6282
f 6282 8355 8357
f 6282 8357 8495
f 8495 8357 8358
f 8495 8358 8496
f 8496 8358 8497
f 8496 8497 8498
f 8498 8497 8499
f 6283 6282 8307
f 8307 6282 8495
f 8307 8495 8308
f 8308 8495 8496
f 8308 8496 8350
f 8350 8496 8498
f 8350 8498 8351
f 8351 8498 8499
f 8351 8499 8500
f 8500 8499 8497
f 8500 8497 8501
f 8501 8497 8358
f 8501 8358 8502
f 8502 8358 8356
f 8317 6332 8298
f 8298 6332 6331
f 8503 6345 8504
f 8504 6345 6344
f 6341 8505 6342
f 6342 8505 8504
f 6342 8504 6344
f 8505 6341 8506
f 8506 6341 6340
f 8506 6340 8503
f 8503 6340 6343
f 8503 6343 6345
f 6351 8507 6349
f 6349 8507 8508
f 6349 8508 6346
f 8507 6351 8509
f 8509 6351 6350
f 8509 6350 8510
f 8510 6350 6348
f 8510 6348 6347
f 8510 6347 8508
f 8508 6347 6346
f 8511 6354 8512
f 8512 6354 6353
f 6362 8513 6352
f 6352 8513 8514
f 6352 8514 6353
f 6353 8514 8512
f 8513 6362 8515
f 8515 6362 6361
f 8515 6361 8516
f 8516 6361 6360
f 8516 6360 8517
f 8517 6360 8518
f 8518 6360 6355
f 6359 8519 6357
f 6357 8519 8518
f 6357 8518 6355
f 8519 6359 8520
f 8520 6359 6358
f 6354 8511 6356
f 6356 8511 8520
f 6356 8520 6358
f 8521 6426 6428
f 8521 6428 8522
f 8522 6428 6430
f 8522 6430 8523
f 8523 6430 6432
f 8523 6432 8524
f 8524 6432 6433
f 8524 6433 8525
f 8525 6433 6386
f 8525 6386 8526
f 8526 6386 6387
f 8526 6387 8527
f 8527 6387 6389
f 8527 6389 8528
f 6391 8529 6389
f 6389 8529 8530
f 6389 8530 8528
f 6391 6394 8529
f 8529 6394 6396
f 8529 6396 8531
f 8531 6396 6398
f 8531 6398 8532
f 8532 6398 6400
f 8532 6400 8533
f 8533 6400 6406
f 8533 6406 8534
f 8534 6406 6408
f 8534 6408 8535
f 8535 6408 6410
f 8535 6410 8536
f 8536 6410 6412
f 8536 6412 8537
f 8537 6412 6414
f 8537 6414 8538
f 8538 6414 6365
f 8538 6365 8539
f 8539 6365 6369
f 8539 6369 8540
f 8540 6369 6371
f 8540 6371 8541
f 8541 6371 6383
f 8541 6383 8542
f 8542 6383 6382
f 8542 6382 8543
f 8543 6382 6380
f 8543 6380 8544
f 8544 6380 6378
f 8544 6378 8545
f 8545 6378 6376
f 8545 6376 8546
f 6374 8547 6376
f 6376 8547 8548
f 6376 8548 8546
f 8547 6374 8549
f 8549 6374 6373
f 8549 6373 6375
f 8549 6375 8550
f 8550 6375 6377
f 8550 6377 8551
f 8551 6377 6379
f 8551 6379 8552
f 8552 6379 6381
f 8552 6381 8553
f 8553 6381 6372
f 8553 6372 8554
f 8554 6372 6370
f 8554 6370 8555
f 8555 6370 8556
f 8556 6370 6368
f 8556 6368 8557
f 8557 6368 6367
f 8557 6367 8558
f 8558 6367 6366
f 8558 6366 8559
f 6364 8560 6366
f 6366 8560 8561
f 6366 8561 8559
f 8560 6364 8562
f 8562 6364 6363
f 8562 6363 8563
f 8563 6363 6423
f 8563 6423 8564
f 8564 6423 6422
f 8564 6422 6421
f 8564 6421 8565
f 8565 6421 6420
f 8565 6420 8566
f 8566 6420 6419
f 8566 6419 8567
f 8567 6419 6418
f 8567 6418 8568
f 8568 6418 6417
f 8568 6417 8569
f 8569 6417 6403
f 8569 6403 8570
f 8570 6403 6402
f 8570 6402 8571
f 6402 6416 8571
f 8571 6416 6415
f 8571 6415 8572
f 8572 6415 6413
f 8572 6413 8573
f 8573 6413 6411
f 8573 6411 8574
f 8574 6411 6409
f 8574 6409 8575
f 8575 6409 6407
f 8575 6407 8576
f 8576 6407 6405
f 8576 6405 8577
f 8577 6405 6404
f 8577 6404 8578
f 8578 6404 6401
f 8578 6401 8579
f 6399 8580 6401
f 6401 8580 8581
f 6401 8581 8579
f 6399 6397 8580
f 8580 6397 6395
f 8580 6395 8582
f 6395 6393 8582
f 8582 6393 6392
f 8582 6392 8583
f 8583 6392 6390
f 8583 6390 8584
f 8584 6390 6388
f 8584 6388 8585
f 8585 6388 6385
f 8585 6385 8586
f 8586 6385 6384
f 8586 6384 8587
f 8587 6384 6431
f 8587 6431 8588
f 8588 6431 6429
f 8588 6429 8589
f 6427 8590 6429
f 6429 8590 8591
f 6429 8591 8589
f 8590 6427 8592
f 8592 6427 6425
f 8592 6425 8593
f 8593 6425 6424
f 8593 6424 8521
f 8521 6424 6426
f 8594 8595 6435
f 6435 8595 6436
f 8594 6435 6434
f 8594 6434 8596
f 8596 6434 6438
f 8596 6438 8597
f 8597 6438 6439
f 8597 6439 8598
f 6439 6446 8598
f 8598 6446 6445
f 8598 6445 8599
f 8599 6445 6444
f 8599 6444 8600
f 6444 6443 8600
f 8600 6443 6442
f 8600 6442 8601
f 8601 6442 6441
f 8601 6441 8602
f 6437 8603 6447
f 6447 8603 8604
f 6447 8604 6448
f 6448 8604 8605
f 6448 8605 6449
f 6449 8605 8606
f 6449 8606 6450
f 6450 8606 8607
f 6450 8607 6451
f 6451 8607 8602
f 6451 8602 6440
f 6440 8602 6441
f 8595 8608 6436
f 6436 8608 8609
f 6436 8609 6437
f 6437 8609 8610
f 6437 8610 8603
f 6505 6503 8611
f 8611 6503 8612
f 6503 6501 8612
f 8612 6501 6499
f 8612 6499 8613
f 6499 6497 8613
f 8613 6497 6495
f 8613 6495 8614
f 8614 6495 6493
f 8614 6493 8615
f 6493 6492 8615
f 8615 6492 6490
f 8615 6490 8616
f 6490 6489 8616
f 8616 6489 6487
f 8616 6487 8617
f 6487 6486 8617
f 8617 6486 6484
f 8617 6484 8618
f 6484 6483 8618
f 8618 6483 6476
f 8618 6476 8619
f 6476 6478 8619
f 8619 6478 6480
f 8619 6480 8620
f 6480 6469 8620
f 8620 6469 6471
f 8620 6471 8621
f 6471 6468 8621
f 8621 6468 6466
f 8621 6466 8622
f 6466 6464 8622
f 8622 6464 6462
f 8622 6462 8623
f 8623 6462 6460
f 8623 6460 8624
f 8624 6460 6458
f 8624 6458 8625
f 8625 6458 8626
f 8626 6458 6456
f 8626 6456 8627
f 6509 8628 6456
f 6456 8628 8629
f 6456 8629 8627
f 6509 6511 8628
f 8628 6511 6512
f 8628 6512 8630
f 6512 6514 8630
f 8630 6514 6515
f 8630 6515 8631
f 6515 6517 8631
f 8631 6517 6519
f 8631 6519 8632
f 6519 6520 8632
f 8632 6520 6522
f 8632 6522 8633
f 8633 6522 6524
f 8633 6524 8634
f 8634 6524 6525
f 8634 6525 8635
f 8635 6525 6527
f 8635 6527 8636
f 8636 6527 6529
f 8637 8638 6529
f 6529 8638 8639
f 6529 8639 8636
f 6529 6532 8637
f 8637 6532 6534
f 8637 6534 8640
f 6537 8641 6534
f 6534 8641 8642
f 6534 8642 8640
f 6537 6539 8641
f 8641 6539 6543
f 8641 6543 8643
f 6543 6542 8643
f 8643 6542 6541
f 8643 6541 8644
f 8644 6541 6454
f 8644 6454 8645
f 6454 6453 8645
f 8645 6453 8646
f 6453 6452 8646
f 8646 6452 8647
f 6530 8648 6531
f 6531 8648 8649
f 6531 8649 6533
f 6533 8649 8650
f 6533 8650 6535
f 6535 8650 8651
f 6535 8651 6536
f 6536 8651 8652
f 6536 8652 6538
f 6538 8652 8647
f 6538 8647 6540
f 6540 8647 6452
f 8653 8654 6530
f 6530 8654 8655
f 6530 8655 8648
f 6530 6528 8653
f 8653 6528 6526
f 8653 6526 8656
f 8656 6526 6523
f 8656 6523 6521
f 6513 8657 6516
f 6516 8657 8658
f 6516 8658 6518
f 6518 8658 8659
f 6518 8659 6521
f 6521 8659 8660
f 6521 8660 8656
f 8661 8662 6513
f 6513 8662 8657
f 6513 6510 8661
f 8661 6510 6508
f 8661 6508 8663
f 8663 6508 6507
f 8663 6507 8664
f 8664 6507 6455
f 8664 6455 8665
f 8665 6455 6457
f 8665 6457 8666
f 8666 6457 6459
f 8666 6459 8667
f 8667 6459 6461
f 8667 6461 8668
f 8668 6461 6463
f 8668 6463 8669
f 8669 6463 6465
f 8669 6465 8670
f 6465 6467 8670
f 8670 6467 6473
f 8670 6473 8671
f 6473 6472 8671
f 8671 6472 6470
f 8671 6470 8672
f 6470 6482 8672
f 8672 6482 6481
f 8672 6481 8673
f 6481 6479 8673
f 8673 6479 6477
f 8673 6477 8674
f 6477 6475 8674
f 8674 6475 6474
f 8674 6474 8675
f 6474 6485 8675
f 8675 6485 6488
f 8675 6488 8676
f 8676 6488 6491
f 8676 6491 8677
f 8677 6491 6494
f 8677 6494 8678
f 8678 6494 6496
f 8678 6496 8679
f 6496 6498 8679
f 8679 6498 6500
f 8679 6500 8680
f 6500 6502 8680
f 8680 6502 6504
f 8680 6504 8681
f 8681 6504 6506
f 8681 6506 8682
f 6506 6505 8682
f 8682 6505 8611
f 8683 8684 6544
f 6544 8684 6545
f 6549 8685 6547
f 6547 8685 8683
f 6547 8683 6544
f 8686 8685 6548
f 6548 8685 6549
f 8686 6548 8684
f 8684 6548 6546
f 8684 6546 6545
f 6578 6579 8687
f 8687 6579 8688
f 6579 6580 8688
f 8688 6580 6581
f 8688 6581 8689
f 6581 6582 8689
f 8689 6582 6583
f 8689 6583 8690
f 6583 6584 8690
f 8690 6584 6585
f 8690 6585 8691
f 8691 6585 6586
f 8691 6586 8692
f 8692 6586 6587
f 8692 6587 8693
f 8693 6587 6588
f 8693 6588 8694
f 8694 6588 6589
f 8694 6589 8695
f 8695 6589 6590
f 8695 6590 8696
f 8696 6590 6591
f 8696 6591 8697
f 8697 6591 6592
f 8697 6592 8698
f 6592 6564 8698
f 8698 6564 6565
f 8698 6565 8699
f 8699 6565 6566
f 8699 6566 8700
f 6566 6567 8700
f 8700 6567 6568
f 8700 6568 8701
f 6568 6569 8701
f 8701 6569 6570
f 8701 6570 8702
f 8702 6570 6571
f 8702 6571 8703
f 6571 6572 8703
f 8703 6572 6573
f 8703 6573 8704
f 6573 6574 8704
f 8704 6574 6575
f 8704 6575 8705
f 8705 6575 6576
f 8705 6576 8706
f 6576 6577 8706
f 8706 6577 6550
f 8706 6550 8707
f 6550 6551 8707
f 8707 6551 8708
f 6551 6553 8708
f 8708 6553 6552
f 8708 6552 8709
f 6552 6555 8709
f 8709 6555 6554
f 8709 6554 8710
f 6554 6562 8710
f 8710 6562 6561
f 8710 6561 8711
f 8711 6561 6560
f 8711 6560 8712
f 6560 6559 8712
f 8712 6559 6558
f 8712 6558 8713
f 8713 6558 6557
f 8713 6557 8714
f 6557 6556 8714
f 8714 6556 6563
f 8714 6563 8715
f 8715 6563 6593
f 8715 6593 8716
f 8716 6593 6594
f 8716 6594 8717
f 6594 6595 8717
f 8717 6595 6596
f 8717 6596 8718
f 8718 6596 6597
f 8718 6597 8719
f 6597 6598 8719
f 8719 6598 6599
f 8719 6599 8720
f 6599 6600 8720
f 8720 6600 6601
f 8720 6601 8721
f 6601 6602 8721
f 8721 6602 6603
f 8721 6603 8722
f 6603 6604 8722
f 8722 6604 6578
f 8722 6578 8687
f 8723 8724 6605
f 6605 8724 6606
f 8723 6605 8725
f 8725 6605 6608
f 8725 6608 6610
f 8726 8725 6609
f 6609 8725 6610
f 6606 8724 6607
f 6607 8724 8726
f 6607 8726 6609
f 8727 8728 6614
f 6614 8728 6615
f 8727 6614 8729
f 8729 6614 6623
f 8729 6623 6622
f 8730 8729 6621
f 6621 8729 6622
f 8730 6621 8731
f 8731 6621 6620
f 8731 6620 8732
f 8733 8732 6613
f 6613 8732 6620
f 6612 8734 6613
f 6613 8734 8735
f 6613 8735 8733
f 8736 8734 6611
f 6611 8734 6612
f 6619 8737 6624
f 6624 8737 8736
f 6624 8736 6611
f 8738 8737 6618
f 6618 8737 6619
f 8739 8738 6617
f 6617 8738 6618
f 8740 8739 6616
f 6616 8739 6617
f 8728 8740 6615
f 6615 8740 6616
f 8741 8742 6626
f 6626 8742 6627
f 8741 6626 6625
f 8741 6625 8743
f 8743 6625 6629
f 8743 6629 8744
f 6629 6630 8744
f 8744 6630 6637
f 8744 6637 8745
f 8745 6637 6636
f 8745 6636 8746
f 6642 8747 6631
f 6631 8747 8748
f 6631 8748 6632
f 6632 8748 8749
f 6632 8749 6633
f 6633 8749 8750
f 6633 8750 6634
f 6634 8750 8746
f 6634 8746 6635
f 6635 8746 6636
f 8751 8752 6642
f 6642 8752 8753
f 6642 8753 8747
f 6642 6641 8751
f 8751 6641 6640
f 8751 6640 8754
f 8754 6640 6639
f 8754 6639 8755
f 8755 6639 6638
f 8755 6638 8756
f 8756 6638 6628
f 8756 6628 8757
f 6627 8742 6628
f 6628 8742 8758
f 6628 8758 8757
f 6696 6694 8759
f 8759 6694 8760
f 6694 6692 8760
f 8760 6692 6690
f 8760 6690 8761
f 6690 6688 8761
f 8761 6688 6686
f 8761 6686 8762
f 8762 6686 6684
f 8762 6684 8763
f 6684 6683 8763
f 8763 6683 6681
f 8763 6681 8764
f 6681 6680 8764
f 8764 6680 6678
f 8764 6678 8765
f 6678 6677 8765
f 8765 6677 6675
f 8765 6675 8766
f 6675 6674 8766
f 8766 6674 6667
f 8766 6667 8767
f 6667 6669 8767
f 8767 6669 6671
f 8767 6671 8768
f 6671 6660 8768
f 8768 6660 6662
f 8768 6662 8769
f 6662 6659 8769
f 8769 6659 6657
f 8769 6657 8770
f 6657 6655 8770
f 8770 6655 6653
f 8770 6653 8771
f 8771 6653 6651
f 8771 6651 8772
f 8772 6651 6649
f 8772 6649 8773
f 8773 6649 6647
f 8773 6647 8774
f 6700 8775 6647
f 6647 8775 8776
f 6647 8776 8774
f 6700 6702 8775
f 8775 6702 6703
f 8775 6703 8777
f 6703 6705 8777
f 8777 6705 6706
f 8777 6706 8778
f 6706 6708 8778
f 8778 6708 6710
f 8778 6710 8779
f 6710 6711 8779
f 8779 6711 6713
f 8779 6713 8780
f 8780 6713 6715
f 8780 6715 8781
f 8781 6715 6716
f 8781 6716 8782
f 8782 6716 6718
f 8782 6718 8783
f 8783 6718 6720
f 8783 6720 8784
f 8784 6720 6723
f 8784 6723 8785
f 8785 6723 6725
f 8785 6725 8786
f 6728 8787 6725
f 6725 8787 8788
f 6725 8788 8786
f 6728 6730 8787
f 8787 6730 6734
f 8787 6734 8789
f 6734 6733 8789
f 8789 6733 6732
f 8789 6732 8790
f 8790 6732 6645
f 8790 6645 8791
f 6645 6644 8791
f 8791 6644 8792
f 6644 6643 8792
f 8792 6643 8793
f 6721 8794 6722
f 6722 8794 8795
f 6722 8795 6724
f 6724 8795 8796
f 6724 8796 6726
f 6726 8796 8797
f 6726 8797 6727
f 6727 8797 8798
f 6727 8798 6729
f 6729 8798 8793
f 6729 8793 6731
f 6731 8793 6643
f 8799 8800 6721
f 6721 8800 8801
f 6721 8801 8794
f 6721 6719 8799
f 8799 6719 6717
f 8799 6717 8802
f 8802 6717 6714
f 8802 6714 6712
f 6704 8803 6707
f 6707 8803 8804
f 6707 8804 6709
f 6709 8804 8805
f 6709 8805 6712
f 6712 8805 8806
f 6712 8806 8802
f 8807 8808 6704
f 6704 8808 8803
f 6704 6701 8807
f 8807 6701 6699
f 8807 6699 8809
f 8809 6699 6698
f 8809 6698 8810
f 8810 6698 6646
f 8810 6646 8811
f 8811 6646 6648
f 8811 6648 8812
f 8812 6648 6650
f 8812 6650 8813
f 8813 6650 6652
f 8813 6652 8814
f 8814 6652 6654
f 8814 6654 8815
f 8815 6654 6656
f 8815 6656 8816
f 6656 6658 8816
f 8816 6658 6664
f 8816 6664 8817
f 6664 6663 8817
f 8817 6663 6661
f 8817 6661 8818
f 6661 6673 8818
f 8818 6673 6672
f 8818 6672 8819
f 6672 6670 8819
f 8819 6670 6668
f 8819 6668 8820
f 6668 6666 8820
f 8820 6666 6665
f 8820 6665 8821
f 6665 6676 8821
f 8821 6676 6679
f 8821 6679 8822
f 8822 6679 6682
f 8822 6682 8823
f 6682 6685 8823
f 8823 6685 6687
f 8823 6687 8824
f 6687 6689 8824
f 8824 6689 6691
f 8824 6691 8825
f 6691 6693 8825
f 8825 6693 6695
f 8825 6695 8826
f 8826 6695 6697
f 8826 6697 8827
f 6697 6696 8827
f 8827 6696 8759
f 6766 6765 8828
f 8828 6765 8829
f 6765 6764 8829
f 8829 6764 6763
f 8829 6763 8830
f 6763 6762 8830
f 8830 6762 6761
f 8830 6761 8831
f 6761 6760 8831
f 8831 6760 6759
f 8831 6759 8832
f 8832 6759 6758
f 8832 6758 8833
f 6758 6757 8833
f 8833 6757 6756
f 8833 6756 8834
f 6756 6755 8834
f 8834 6755 6754
f 8834 6754 8835
f 6750 8836 6751
f 6751 8836 8837
f 6751 8837 6752
f 6752 8837 8835
f 6752 8835 6753
f 6753 8835 6754
f 6750 6749 8836
f 8836 6749 8838
f 6749 6748 8838
f 8838 6748 6747
f 8838 6747 8839
f 6747 6746 8839
f 8839 6746 6745
f 8839 6745 8840
f 8840 6745 6744
f 8840 6744 8841
f 6744 6743 8841
f 8841 6743 6742
f 8841 6742 8842
f 6742 6741 8842
f 8842 6741 6740
f 8842 6740 8843
f 6740 6739 8843
f 8843 6739 6738
f 8843 6738 8844
f 8844 6738 6737
f 8844 6737 8845
f 6737 6736 8845
f 8845 6736 6735
f 8845 6735 8846
f 8846 6735 6766
f 8846 6766 8828
f 8847 8848 6800
f 6800 8848 6801
f 6800 6802 8847
f 8847 6802 8849
f 6802 6804 8849
f 8849 6804 6805
f 8849 6805 8850
f 6805 6798 8850
f 8850 6798 6796
f 8850 6796 8851
f 6796 6794 8851
f 8851 6794 6780
f 8851 6780 8852
f 8852 6780 6773
f 8852 6773 8853
f 6784 8854 6772
f 6772 8854 8853
f 6772 8853 6773
f 8855 8854 6783
f 6783 8854 6784
f 8855 6783 8856
f 8856 6783 6782
f 8856 6782 6774
f 6774 6776 8856
f 8856 6776 8857
f 6776 6770 8857
f 8857 6770 6768
f 8857 6768 8858
f 6768 6792 8858
f 8858 6792 6791
f 8858 6791 8859
f 6791 6790 8859
f 8859 6790 6788
f 8859 6788 8860
f 8860 6788 6786
f 8860 6786 8861
f 8862 8861 6785
f 6785 8861 6786
f 6785 6787 8862
f 8862 6787 8863
f 6787 6789 8863
f 8863 6789 6767
f 8863 6767 8864
f 6767 6769 8864
f 8864 6769 6771
f 8864 6771 8865
f 8865 6771 6775
f 8865 6775 8866
f 6775 6777 8866
f 8866 6777 6778
f 8866 6778 8867
f 8867 6778 6779
f 8867 6779 8868
f 6779 6781 8868
f 8868 6781 6793
f 8868 6793 8869
f 6793 6795 8869
f 8869 6795 6797
f 8869 6797 8870
f 8870 6797 6799
f 8870 6799 8871
f 6799 6803 8871
f 8871 6803 6801
f 8871 6801 8848
f 8872 8873 6817
f 6817 8873 6818
f 6817 6819 8872
f 8872 6819 8874
f 6819 6821 8874
f 8874 6821 6823
f 8874 6823 8875
f 8875 6823 6825
f 8875 6825 8876
f 6825 6827 8876
f 8876 6827 6829
f 8876 6829 8877
f 6829 6831 8877
f 8877 6831 6833
f 8877 6833 8878
f 8878 6833 6835
f 8878 6835 8879
f 6835 6837 8879
f 8879 6837 6816
f 8879 6816 8880
f 8880 6816 6814
f 8880 6814 8881
f 6814 6813 8881
f 8881 6813 6811
f 8881 6811 8882
f 8882 6811 6809
f 8882 6809 8883
f 8883 6809 6807
f 8883 6807 8884
f 8885 8884 6806
f 6806 8884 6807
f 6806 6808 8885
f 8885 6808 8886
f 6808 6810 8886
f 8886 6810 6812
f 8886 6812 8887
f 6812 6815 8887
f 8887 6815 6839
f 8887 6839 8888
f 8888 6839 6838
f 8888 6838 8889
f 6838 6836 8889
f 8889 6836 6834
f 8889 6834 8890
f 8890 6834 6832
f 8890 6832 8891
f 6832 6830 8891
f 8891 6830 6828
f 8891 6828 8892
f 6828 6826 8892
f 8892 6826 6824
f 8892 6824 8893
f 8893 6824 6822
f 8893 6822 8894
f 6822 6820 8894
f 8894 6820 6818
f 8894 6818 8873
f 6891 6893 8895
f 8895 6893 8896
f 6893 6895 8896
f 8896 6895 6897
f 8896 6897 8897
f 8897 6897 6900
f 8897 6900 8898
f 8898 6900 6902
f 8898 6902 8899
f 6902 6905 8899
f 8899 6905 6908
f 8899 6908 8900
f 8900 6908 6910
f 8900 6910 8901
f 6910 6912 8901
f 8901 6912 6914
f 8901 6914 8902
f 6914 6919 8902
f 8902 6919 6918
f 8902 6918 8903
f 8903 6918 6916
f 8903 6916 8904
f 8904 6916 6915
f 8904 6915 8905
f 8905 6915 6920
f 8905 6920 8906
f 6922 8907 6920
f 6920 8907 8908
f 6920 8908 8906
f 6922 6924 8907
f 8907 6924 6926
f 8907 6926 8909
f 6926 6929 8909
f 8909 6929 6844
f 8909 6844 8910
f 6844 6849 8910
f 8910 6849 8911
f 6849 6851 8911
f 8911 6851 6853
f 8911 6853 8912
f 6853 6854 8912
f 8912 6854 6855
f 8912 6855 8913
f 8913 6855 6857
f 8913 6857 8914
f 8914 6857 6859
f 8914 6859 8915
f 6859 6860 8915
f 8915 6860 6862
f 8915 6862 8916
f 6862 6863 8916
f 8916 6863 6865
f 8916 6865 8917
f 6879 8918 6875
f 6875 8918 8919
f 6875 8919 6872
f 6872 8919 8920
f 6872 8920 6870
f 6870 8920 8921
f 6870 8921 6868
f 6868 8921 8917
f 6868 8917 6866
f 6866 8917 6865
f 6890 8922 6884
f 6884 8922 8923
f 6884 8923 6882
f 6882 8923 8924
f 6882 8924 6879
f 6879 8924 8925
f 6879 8925 8918
f 8926 8927 6890
f 6890 8927 8928
f 6890 8928 8922
f 6890 6889 8926
f 8926 6889 6887
f 8926 6887 8929
f 6887 6886 8929
f 8929 6886 8930
f 6886 6888 8930
f 8930 6888 8931
f 6888 6885 8931
f 8931 6885 6883
f 8931 6883 8932
f 6883 6881 8932
f 8932 6881 6880
f 8932 6880 8933
f 6880 6878 8933
f 8933 6878 6877
f 8933 6877 8934
f 6877 6876 8934
f 8934 6876 6874
f 8934 6874 8935
f 6874 6873 8935
f 8935 6873 6871
f 8935 6871 8936
f 8936 6871 6869
f 8936 6869 8937
f 6869 6867 8937
f 8937 6867 6864
f 8937 6864 8938
f 6864 6861 8938
f 8938 6861 6858
f 8938 6858 8939
f 8939 6858 6856
f 8939 6856 8940
f 8940 6856 6852
f 8940 6852 8941
f 6852 6850 8941
f 8941 6850 6848
f 8941 6848 8942
f 6848 6847 8942
f 8942 6847 6846
f 8942 6846 8943
f 6846 6845 8943
f 8943 6845 6843
f 8943 6843 8944
f 8944 6843 6842
f 8944 6842 8945
f 6842 6841 8945
f 8945 6841 8946
f 8946 8947 8948
f 8948 8947 8949
f 8948 8949 8950
f 6934 8951 8952
f 8953 6840 8952
f 8952 6840 6923
f 8952 6923 6934
f 6934 6933 8951
f 8951 6933 6932
f 8951 6932 8954
f 6931 8955 6927
f 6927 8955 8954
f 6927 8954 6928
f 6928 8954 6932
f 6931 6930 8955
f 8955 6930 6925
f 8955 6925 8956
f 8956 6925 6921
f 8956 6921 8957
f 6921 6917 8957
f 8957 6917 6913
f 8957 6913 8958
f 8958 6913 6911
f 8958 6911 8959
f 8959 6911 8960
f 8960 6911 6909
f 8960 6909 8961
f 6909 6907 8961
f 8961 6907 6906
f 8961 6906 8962
f 8962 6906 6904
f 8962 6904 8963
f 8963 6904 6903
f 8963 6903 8964
f 6903 6901 8964
f 8964 6901 6899
f 8964 6899 8965
f 6899 6898 8965
f 8965 6898 6896
f 8965 6896 8966
f 8966 6896 6894
f 8966 6894 8967
f 8967 6894 6892
f 8967 6892 8968
f 8946 6841 8947
f 8947 6841 6840
f 8947 6840 8949
f 8949 6840 8953
f 8949 8953 8950
f 6892 6891 8968
f 8968 6891 8895
f 6949 6951 8969
f 8969 6951 8970
f 6951 6954 8970
f 8970 6954 8971
f 8972 8971 6955
f 6955 8971 6954
f 6955 6948 8972
f 8972 6948 8973
f 6948 6946 8973
f 8973 6946 8974
f 8975 8974 6945
f 6945 8974 6946
f 6945 6947 8975
f 8975 6947 8976
f 6947 6953 8976
f 8976 6953 8977
f 6944 8977 6953
f 6943 8978 6944
f 6943 6937 8978
f 8978 6937 8979
f 6935 8980 6936
f 6936 8980 8979
f 6936 8979 6937
f 6935 6938 8980
f 8980 6938 8981
f 6939 8982 6938
f 6938 8982 8983
f 6938 8983 8981
f 8982 6939 8984
f 8984 6939 6940
f 8984 6940 8985
f 8985 6940 8986
f 8986 6940 6941
f 8986 6941 6942
f 8986 6942 6944
f 6944 6952 8987
f 6952 6950 8987
f 8987 6950 8988
f 8969 8988 6949
f 6949 8988 6950
f 8989 8990 6956
f 6956 8990 6957
f 6961 8991 6959
f 6959 8991 8989
f 6959 8989 6956
f 8992 8991 6960
f 6960 8991 6961
f 8992 6960 8990
f 8990 6960 6958
f 8990 6958 6957
f 8993 7023 8994
f 7023 7024 8994
f 8994 7024 7022
f 8994 7022 8995
f 8995 7022 7021
f 8995 7021 8996
f 8996 7021 7020
f 8996 7020 8997
f 8997 7020 8998
f 8998 7020 7019
f 8998 7019 8999
f 8999 7019 7018
f 8999 7018 9000
f 9000 7018 7017
f 9000 7017 9001
f 9001 7017 6964
f 9001 6964 9002
f 9002 6964 9003
f 9003 6964 6963
f 9003 6963 9004
f 6963 7011 9004
f 9004 7011 7010
f 9004 7010 9005
f 9005 7010 7014
f 9005 7014 9006
f 9006 7014 9007
f 9007 7014 7013
f 9007 7013 9008
f 9008 7013 7005
f 9008 7005 9009
f 9009 7005 7007
f 9009 7007 9010
f 9010 7007 9011
f 9011 7007 6996
f 9011 6996 9012
f 9012 6996 6998
f 9012 6998 9013
f 9013 6998 7000
f 9013 7000 9014
f 9014 7000 6994
f 9014 6994 9015
f 9015 6994 6991
f 9015 6991 9016
f 9016 6991 9017
f 9017 6991 6990
f 9017 6990 9018
f 9018 6990 6988
f 9018 6988 9019
f 6971 9020 6972
f 6972 9020 9021
f 6972 9021 6973
f 6973 9021 9022
f 6973 9022 6977
f 6977 9022 9023
f 6977 9023 6976
f 6976 9023 9024
f 6976 9024 6975
f 6975 9024 9025
f 6975 9025 6974
f 6974 9025 9026
f 6974 9026 6966
f 6966 9026 9027
f 6966 9027 6968
f 6968 9027 9028
f 6968 9028 6969
f 6969 9028 9029
f 6969 9029 6980
f 6980 9029 9019
f 6980 9019 6981
f 6981 9019 6988
f 6989 9030 6978
f 6978 9030 9031
f 6978 9031 6970
f 6970 9031 9032
f 9032 9033 6970
f 6970 9033 9034
f 6970 9034 6971
f 6971 9034 9035
f 6971 9035 9020
f 6985 9036 6986
f 6986 9036 9037
f 6986 9037 6989
f 6989 9037 9038
f 6989 9038 9030
f 9039 9040 6983
f 6983 9040 9041
f 6983 9041 6985
f 6985 9041 9042
f 6985 9042 9036
f 9043 9044 6999
f 9039 6983 9045
f 9045 6983 6982
f 9045 6982 9046
f 9046 6982 6987
f 9046 6987 9047
f 6995 9048 6993
f 6993 9048 9049
f 9047 6987 9049
f 9049 6987 6992
f 9049 6992 6993
f 7002 9050 9051
f 9051 9052 7002
f 7002 9052 9053
f 7002 9053 6995
f 6995 9053 9054
f 6995 9054 9048
f 9050 7002 9055
f 9055 7002 7001
f 9055 7001 9056
f 6999 9044 7001
f 7001 9044 9057
f 7001 9057 9056
f 9043 6999 9058
f 9058 6999 6997
f 9058 6997 9059
f 9059 6997 7009
f 9059 7009 9060
f 9061 9062 7008
f 7008 9062 9063
f 7008 9063 7009
f 7009 9063 9064
f 7009 9064 9060
f 7008 7006 9061
f 9061 7006 7004
f 9061 7004 9065
f 7004 7003 9065
f 9065 7003 7015
f 9065 7015 9066
f 9066 7015 7016
f 9066 7016 9067
f 9067 7016 7012
f 9067 7012 8993
f 8993 7012 7023
f 2440 9068 2441
f 2441 9068 9069
f 2441 9069 2449
f 2449 9069 2438
f 2438 9069 9070
f 2438 9070 2431
f 2431 9070 9071
f 2431 9071 2432
f 2432 9071 9072
f 2432 9072 2482
f 2482 9072 9073
f 9073 9074 2482
f 2482 9074 9075
f 2482 9075 2470
f 2470 9075 9076
f 2470 9076 2471
f 2471 9076 9077
f 2471 9077 2473
f 2473 9077 9078
f 2473 9078 2479
f 2479 9078 9079
f 2479 9079 2478
f 2478 9079 9080
f 2478 9080 2476
f 2476 9080 9081
f 2476 9081 9082
f 9083 2461 9082
f 9082 2461 2467
f 9082 2467 2476
f 9083 9084 2461
f 2461 9084 9085
f 2461 9085 2462
f 2462 9085 9086
f 2462 9086 2464
f 2464 9086 9087
f 2464 9087 2465
f 2465 9087 9088
f 2465 9088 2459
f 9088 9089 2459
f 2459 9089 9090
f 2459 9090 2460
f 2460 9090 9091
f 2460 9091 2457
f 2457 9091 9092
f 2457 9092 2455
f 2455 9092 9093
f 2455 9093 9094
f 2451 2453 9094
f 9094 2453 2454
f 9094 2454 2455
f 9095 2518 9096
f 9096 2518 2451
f 9096 2451 9097
f 9097 2451 9094
f 2507 2514 9098
f 9098 2514 2495
f 9098 2495 9095
f 9095 2495 2494
f 9095 2494 2518
f 9098 9099 2507
f 2507 9099 9100
f 2507 9100 2508
f 9100 9101 2508
f 2508 9101 9102
f 2508 9102 2509
f 2509 9102 9103
f 2509 9103 2505
f 2505 9103 9104
f 9105 2506 9104
f 9104 2506 2505
f 9106 2500 9105
f 9105 2500 2501
f 9105 2501 2506
f 9107 2502 9108
f 9108 2502 2503
f 9108 2503 9109
f 9109 2503 2504
f 9109 2504 9106
f 9106 2504 2499
f 9106 2499 2500
f 9110 2497 9107
f 9107 2497 2496
f 9107 2496 2502
f 9110 9111 2497
f 2497 9111 9112
f 2497 9112 2510
f 2510 9112 9113
f 2510 9113 2511
f 2511 9113 9114
f 2511 9114 2513
f 9114 9115 2513
f 2513 9115 9116
f 2513 9116 2516
f 2516 9116 9117
f 2516 9117 2528
f 9117 9118 2528
f 2528 9118 9119
f 2528 9119 2520
f 2520 9119 9120
f 2520 9120 2521
f 2521 9120 9121
f 2521 9121 2527
f 2527 9121 9122
f 2527 9122 2526
f 2526 9122 9123
f 2526 9123 2525
f 2525 9123 9124
f 2525 9124 2524
f 2524 9124 2523
f 9124 9125 2523
f 2523 9125 9126
f 2523 9126 2483
f 2483 9126 2484
f 9126 9127 2484
f 2484 9127 9128
f 2484 9128 2485
f 2485 9128 9129
f 2485 9129 2486
f 2486 9129 9130
f 2486 9130 2487
f 2487 9130 9131
f 2487 9131 2488
f 2488 9131 9132
f 2488 9132 2489
f 2489 9132 9133
f 2489 9133 2490
f 2490 9133 2491
f 2491 9133 9134
f 2491 9134 2492
f 2492 9134 9135
f 2492 9135 2433
f 2433 9135 9136
f 2433 9136 2434
f 2434 9136 9137
f 2434 9137 2436
f 2436 9137 9138
f 2436 9138 2437
f 9138 9139 2437
f 2437 9139 9140
f 2437 9140 2428
f 2428 9140 9141
f 2428 9141 2429
f 2429 9141 9142
f 2429 9142 2450
f 2450 9142 9143
f 2450 9143 2442
f 2442 9143 2443
f 2443 9143 9144
f 2443 9144 2448
f 2448 9144 9145
f 2448 9145 2447
f 2447 9145 9146
f 2447 9146 2446
f 9146 9147 2446
f 2446 9147 9148
f 2446 9148 2445
f 2445 9148 9149
f 2445 9149 2444
f 2444 9149 9068
f 2444 9068 2440
f 7069 9150 7058
f 7058 9150 7059
f 9151 7131 7039
f 9152 9151 9153
f 9153 9151 7039
f 9153 7039 9154
f 9154 7039 9155
f 9155 7039 7038
f 9155 7038 9156
f 9156 7038 7036
f 9156 7036 9157
f 9157 7036 7035
f 9157 7035 9158
f 9158 7035 7042
f 9158 7042 9159
f 9159 7042 7051
f 9159 7051 9160
f 9160 7051 7052
f 9160 7052 9161
f 7052 7073 9161
f 9161 7073 7074
f 9161 7074 9162
f 9162 7074 7065
f 9162 7065 9163
f 9163 7065 7064
f 9163 7064 9164
f 9164 7064 7063
f 9150 9165 7059
f 7059 9165 9166
f 7059 9166 7061
f 7061 9166 9164
f 7061 9164 7062
f 7062 9164 7063
f 9167 7072 7071
f 9167 9168 7072
f 7072 9168 9169
f 7072 9169 7066
f 7066 9169 9170
f 7066 9170 7067
f 7067 9170 9171
f 7067 9171 7068
f 7068 9171 9172
f 7068 9172 7069
f 7069 9172 9173
f 7069 9173 9150
f 9174 9175 9176
f 9176 9175 9177
f 9176 9177 9178
f 9178 9177 9179
f 9178 9179 9180
f 9181 9182 9183
f 9183 9182 9184
f 9183 9184 9174
f 9174 9184 9185
f 9174 9185 9175
f 7033 9186 7034
f 7034 9186 9187
f 7130 7034 9188
f 9189 9190 9191
f 9191 9190 9192
f 9191 9192 9193
f 9193 9192 9194
f 9194 9192 9195
f 9194 9195 9196
f 7033 7032 9186
f 9186 7032 7030
f 9186 7030 9197
f 9197 7030 7028
f 9197 7028 9198
f 9198 7028 7026
f 7071 7070 9167
f 9167 7070 7056
f 9167 7056 9199
f 9199 7056 7053
f 9199 7053 9200
f 9200 7053 7047
f 9200 7047 9201
f 9201 7047 7046
f 9201 7046 9202
f 9202 7046 7045
f 9202 7045 9203
f 9203 7045 7050
f 9203 7050 7129
f 9179 9204 9180
f 9180 9204 9205
f 9180 9205 9206
f 9206 9205 9207
f 9206 9207 9180
f 9180 9207 9208
f 9180 9208 9178
f 9178 9208 9209
f 9178 9209 9176
f 9176 9209 9210
f 9176 9210 9174
f 9174 9210 9211
f 9174 9211 9183
f 9188 9212 7130
f 7130 9212 9181
f 7130 9181 7129
f 7129 9181 9183
f 7129 9183 9203
f 9203 9183 9211
f 9203 9211 9202
f 9202 9211 9210
f 9202 9210 9201
f 9201 9210 9209
f 9201 9209 9200
f 9200 9209 9208
f 9200 9208 9199
f 9199 9208 9207
f 9199 9207 9167
f 9167 9207 9205
f 9167 9205 9168
f 9187 9186 9213
f 9213 9186 9197
f 9213 9197 9214
f 9214 9197 9198
f 9214 9198 9215
f 9215 9198 7026
f 9215 7026 7025
f 7025 9216 9215
f 9215 9216 9196
f 9215 9196 9214
f 9214 9196 9195
f 9214 9195 9213
f 9213 9195 9192
f 9213 9192 9187
f 9187 9192 9190
f 9187 9190 7034
f 7034 9190 9189
f 7034 9189 9188
f 9217 9218 9219
f 7109 9216 7025
f 9220 7085 9221
f 9221 7085 7084
f 9222 9223 7084
f 9224 9225 9226
f 9227 7119 7121
f 9228 7132 7131
f 7133 7132 9229
f 9229 7132 9228
f 9229 9228 9230
f 9230 9228 7131
f 9230 7131 9151
f 7128 7134 9231
f 9232 9233 9234
f 9234 9233 9235
f 9236 9237 7128
f 9232 9238 9239
f 9240 7137 9241
f 9241 7137 7136
f 9241 7136 9242
f 9243 7139 9240
f 9240 7139 7138
f 9240 7138 7137
f 7117 7116 9244
f 9244 7116 9245
f 9246 7123 7122
f 7123 9246 7124
f 9246 9247 7124
f 7124 9247 9248
f 7124 9248 9249
f 9250 9251 9226
f 9226 9251 9252
f 9226 9252 9253
f 9254 9250 7124
f 7124 9250 9226
f 7124 9226 7105
f 7105 9226 7107
f 9226 9255 7107
f 7107 9255 9256
f 7107 9256 7103
f 7103 9256 9257
f 7103 9257 9258
f 7091 9259 7087
f 7087 9259 9260
f 7087 9260 7088
f 9261 9262 7081
f 7081 9262 9263
f 7081 9263 7083
f 9263 9264 7083
f 7083 9264 9265
f 7083 9265 7082
f 7082 9265 9266
f 7082 9266 7075
f 7075 9266 9267
f 7075 9267 7076
f 9267 9268 7076
f 7076 9268 9269
f 7076 9269 7078
f 7078 9269 9222
f 7078 9222 7079
f 7079 9222 7084
f 7096 7097 9220
f 9220 7097 7098
f 9220 7098 7085
f 7113 7114 9270
f 9270 7114 7115
f 9270 7115 7094
f 9270 9271 7113
f 7113 9271 9272
f 7113 9272 7112
f 7112 9272 9273
f 7112 9273 7111
f 7111 9273 9274
f 7111 9274 7110
f 7110 9274 9275
f 7110 9275 7109
f 7109 9275 9276
f 7109 9276 9216
f 9277 9278 9279
f 9280 9281 9279
f 9279 9281 9282
f 9279 9282 9277
f 9277 9282 9283
f 9277 9283 7094
f 7094 9283 9284
f 7094 9284 9270
f 9285 9286 9287
f 9287 9286 9288
f 9287 9288 9289
f 9289 9288 9290
f 9289 9290 7093
f 9291 9292 9293
f 9293 9292 9285
f 9294 9217 9295
f 9295 9217 9219
f 9295 9219 9296
f 9296 9219 9297
f 9238 9298 9299
f 9299 9298 9300
f 9299 9300 9301
f 9301 9300 9302
f 9301 9302 9303
f 9232 9304 9233
f 9233 9304 9305
f 9233 9305 9235
f 9235 9305 9306
f 9307 9308 9309
f 9310 9311 9305
f 9305 9311 9312
f 9305 9312 9306
f 9307 9152 9313
f 9313 9314 9307
f 9307 9314 9315
f 9307 9315 9308
f 9278 9316 9279
f 9279 9316 9317
f 9279 9317 9280
f 7094 7096 9277
f 9277 7096 9220
f 9277 9220 9278
f 9278 9220 9221
f 9278 9221 9316
f 9316 9221 7084
f 9316 7084 9317
f 9317 7084 9223
f 9317 9223 9280
f 9285 9287 9293
f 9293 9287 9289
f 9293 9289 9291
f 9291 9289 7093
f 9291 7093 9318
f 9318 7093 7099
f 9318 7099 9258
f 9258 7099 7100
f 9258 7100 7103
f 7081 7080 9261
f 9261 7080 9319
f 9319 7080 7090
f 9319 7090 9320
f 9320 7090 7089
f 9320 7089 9321
f 9321 7089 7088
f 9321 7088 9286
f 9286 7088 9260
f 9286 9260 9288
f 9288 9260 9259
f 9288 9259 9290
f 9290 9259 7091
f 9290 7091 7093
f 9322 9323 9324
f 9324 9323 9325
f 9324 9325 9326
f 9327 9328 9329
f 9329 9328 9330
f 9329 9330 9331
f 9332 9333 9334
f 9334 9333 9335
f 9334 9335 9336
f 9336 9335 9337
f 9336 9337 9338
f 9339 9340 9341
f 9341 9340 9342
f 9341 9342 9343
f 9254 9332 9250
f 9250 9332 9334
f 9250 9334 9251
f 9251 9334 9336
f 9251 9336 9252
f 9252 9336 9338
f 9252 9338 9253
f 9342 9218 9343
f 9343 9218 9217
f 9343 9217 9322
f 9322 9217 9294
f 9322 9294 9323
f 9323 9294 9327
f 9323 9327 9325
f 9325 9327 9329
f 9325 9329 9326
f 9326 9329 9331
f 9344 9345 9346
f 9346 9345 9347
f 9346 9347 9348
f 9348 9347 9349
f 9348 9349 9350
f 7121 9219 9227
f 9227 9219 9218
f 9227 9218 9350
f 9350 9218 9342
f 9350 9342 9348
f 9348 9342 9340
f 9348 9340 9346
f 9346 9340 9339
f 9346 9339 9344
f 9351 9352 9353
f 9353 9352 9354
f 9353 9354 9355
f 9355 9354 9356
f 9355 9356 9357
f 7122 9351 9246
f 9246 9351 9353
f 9246 9353 9247
f 9247 9353 9355
f 9247 9355 9248
f 9248 9355 9357
f 9248 9357 9249
f 7122 7117 9351
f 9351 7117 9244
f 9351 9244 9352
f 9352 9244 9245
f 9352 9245 9354
f 9354 9245 9358
f 9354 9358 9356
f 9356 9358 9359
f 9356 9359 9357
f 9357 9359 9360
f 9357 9360 9249
f 9249 9360 9361
f 9249 9361 7124
f 9294 9362 9327
f 9327 9362 9225
f 9327 9225 9328
f 9328 9225 9224
f 9328 9224 9330
f 9330 9224 9226
f 9330 9226 9331
f 9331 9226 9253
f 9331 9253 9326
f 9326 9253 9338
f 9326 9338 9324
f 9324 9338 9337
f 9324 9337 9322
f 9322 9337 9335
f 9322 9335 9343
f 9343 9335 9333
f 9343 9333 9341
f 9341 9333 9332
f 9341 9332 9339
f 9339 9332 9254
f 9339 9254 9344
f 9344 9254 7124
f 9344 7124 9345
f 9345 7124 9361
f 9345 9361 9347
f 9347 9361 9360
f 9347 9360 9349
f 9349 9360 9359
f 9349 9359 9350
f 9350 9359 9358
f 9350 9358 9227
f 9227 9358 9245
f 9227 9245 7119
f 7119 9245 7116
f 9363 9364 9365
f 9365 9364 9366
f 9365 9366 9367
f 9367 9366 9368
f 9367 9368 9369
f 9369 9368 9370
f 9371 9372 9373
f 9373 9372 9374
f 9373 9374 9375
f 9375 9374 9376
f 9219 9376 9377
f 9377 9376 9374
f 9377 9374 9378
f 9378 9374 9372
f 9371 9370 9372
f 9372 9370 9368
f 9372 9368 9378
f 9378 9368 9366
f 9378 9366 9377
f 9377 9366 9364
f 9377 9364 9219
f 9219 9364 9363
f 9219 9363 9297
f 9239 9379 9380
f 9380 9379 9381
f 9380 9381 9382
f 9382 9381 9383
f 9382 9383 9384
f 9384 9383 9385
f 9219 9385 9376
f 9376 9385 9383
f 9376 9383 9375
f 9375 9383 9381
f 9375 9381 9373
f 9373 9381 9379
f 9373 9379 9371
f 9371 9379 9239
f 9371 9239 9370
f 9370 9239 9238
f 9370 9238 9369
f 9369 9238 9299
f 9369 9299 9367
f 9367 9299 9301
f 9367 9301 9365
f 9365 9301 9303
f 9365 9303 9363
f 9363 9303 9302
f 9386 9387 9388
f 9388 9387 9389
f 9388 9389 9390
f 9390 9389 9391
f 9390 9391 9392
f 9392 9393 9390
f 9390 9393 9394
f 9390 9394 9388
f 9388 9394 9395
f 9388 9395 9386
f 9386 9396 9387
f 9387 9396 9237
f 9387 9237 9389
f 9389 9237 9236
f 9389 9236 9391
f 9391 9236 9397
f 9391 9397 9392
f 9242 9398 9241
f 9241 9398 9399
f 9241 9399 9240
f 9240 9399 9400
f 9240 9400 9243
f 7136 7126 9242
f 9242 7126 7125
f 9242 7125 9398
f 9398 7125 9401
f 9398 9401 9399
f 9399 9401 9402
f 9399 9402 9400
f 9400 9402 9403
f 9400 9403 9243
f 9243 9403 9404
f 9236 9405 9397
f 9397 9405 9406
f 9397 9406 9392
f 9392 9406 9407
f 9392 9407 9393
f 9393 9407 9408
f 9393 9408 9394
f 9394 9408 9404
f 9394 9404 9395
f 9395 9404 9403
f 9395 9403 9386
f 9386 9403 9402
f 9386 9402 9396
f 9396 9402 9401
f 9396 9401 9237
f 9237 9401 7125
f 9237 7125 7128
f 7134 7133 9231
f 9231 7133 9229
f 9231 9229 9409
f 9409 9229 9230
f 9409 9230 9307
f 9307 9230 9151
f 9307 9151 9152
f 9309 9310 9307
f 9307 9310 9305
f 9307 9305 9409
f 9409 9305 9304
f 9409 9304 9231
f 9231 9304 9232
f 9231 9232 7128
f 7128 9232 9239
f 7128 9239 9236
f 9236 9239 9380
f 9236 9380 9405
f 9405 9380 9382
f 9405 9382 9406
f 9406 9382 9384
f 9406 9384 9407
f 9407 9384 9385
f 9407 9385 9408
f 9408 9385 9219
f 9408 9219 9404
f 9404 9219 7121
f 9404 7121 9243
f 9243 7121 7140
f 9243 7140 7139
f 9410 7144 7142
f 9411 9412 7148
f 9413 7174 7173
f 9414 9415 9413
f 9413 7173 9414
f 9414 7173 7176
f 9414 7176 9416
f 9416 7176 7179
f 9416 7179 9417
f 9417 7179 7180
f 9417 7180 9418
f 9418 7180 7178
f 9418 7178 9419
f 9419 7178 9420
f 9420 7178 7177
f 7177 7182 9420
f 9420 7182 7185
f 9420 7185 9421
f 9421 7185 7184
f 9421 7184 9422
f 9422 7184 7171
f 9422 7171 9423
f 9423 7171 9424
f 7171 7169 9424
f 9424 7169 7167
f 9424 7167 9425
f 9425 7167 7165
f 9425 7165 7163
f 7161 9426 7163
f 7163 9426 9427
f 7163 9427 9425
f 7159 7158 9428
f 7159 9428 7161
f 7161 9428 9429
f 7161 9429 9430
f 9430 9431 7161
f 7161 9431 9432
f 7161 9432 9426
f 7148 9412 7149
f 7149 9412 9433
f 7149 9433 7151
f 9433 9434 7151
f 7151 9434 9435
f 7151 9435 7154
f 7154 9435 9436
f 7154 9436 7156
f 7156 9436 9437
f 7156 9437 7158
f 7158 9437 9438
f 7158 9438 9428
f 7144 9410 7146
f 9439 9440 7148
f 7148 9440 9441
f 7148 9441 9411
f 9410 9442 7146
f 7146 9442 9443
f 7146 9443 7148
f 7148 9443 9444
f 7148 9444 9439
f 7141 9445 7142
f 7142 9445 9446
f 7142 9446 9410
f 9447 7168 7170
f 7168 9447 7166
f 9448 9413 9415
f 9449 9450 9451
f 9451 9450 9452
f 9451 9452 9453
f 9453 9452 9454
f 9453 9454 9455
f 7170 7172 9456
f 9456 7172 7183
f 9456 7183 9457
f 9457 7183 7181
f 9457 7181 9458
f 9458 7181 7174
f 7174 9413 9458
f 9458 9413 9448
f 9458 9448 9457
f 9457 9448 9459
f 9457 9459 9456
f 9456 9459 9460
f 9456 9460 7170
f 9415 9455 9448
f 9448 9455 9454
f 9448 9454 9459
f 9459 9454 9452
f 9459 9452 9460
f 9460 9452 9450
f 9460 9450 7170
f 7170 9450 9449
f 7170 9449 9447
f 9461 9462 9463
f 9464 9465 9463
f 9463 9465 9466
f 9463 9466 9461
f 9467 9468 9469
f 9469 9468 9470
f 9469 9470 9464
f 9464 9470 9471
f 9464 9471 9465
f 9472 9473 9474
f 9474 9473 9475
f 9474 9475 9467
f 9467 9475 9476
f 9467 9476 9468
f 9472 9474 9477
f 9477 9474 9478
f 9477 9478 9479
f 9479 9478 9480
f 9479 9480 9481
f 9481 9480 9482
f 9481 9482 9483
f 8612 8613 8614
f 7510 7509 7217
f 9484 9485 7220
f 7266 7267 9486
f 7272 7273 9014
f 9487 9001 9488
f 9487 9489 9001
f 9001 9489 9490
f 9001 9490 9491
f 9014 7273 9013
f 9013 7273 7274
f 9013 7274 7275
f 9000 9001 7275
f 7275 9001 9491
f 7275 9491 9013
f 9013 9491 9490
f 9013 9490 9012
f 9012 9490 9489
f 9012 9489 9011
f 9011 9489 9487
f 9011 9487 9010
f 9010 9487 9488
f 9002 9492 9001
f 9001 9492 9493
f 9001 9493 9488
f 9488 9493 9009
f 9488 9009 9010
f 9003 9494 9002
f 9002 9494 9495
f 9002 9495 9492
f 9003 9004 9494
f 9494 9004 9005
f 9494 9005 9495
f 9495 9005 9006
f 9495 9006 9492
f 9492 9006 9007
f 9492 9007 9493
f 9493 9007 9008
f 9493 9008 9009
f 8994 8995 9142
f 9142 8995 8996
f 7275 7276 9144
f 9144 7276 9145
f 8996 8997 9142
f 9142 8997 8998
f 9142 8998 8999
f 9144 9143 7275
f 7275 9143 9142
f 7275 9142 9000
f 9000 9142 8999
f 9118 9049 9048
f 9118 9117 9049
f 9049 9117 9116
f 9049 9116 9115
f 9115 9114 9049
f 9049 9114 9113
f 9049 9113 9112
f 9107 9047 9110
f 9110 9047 9049
f 9110 9049 9111
f 9111 9049 9112
f 9054 9120 9048
f 9048 9120 9119
f 9048 9119 9118
f 9054 9053 9120
f 9120 9053 9052
f 9120 9052 9121
f 9052 9051 9121
f 9121 9051 9050
f 9121 9050 9055
f 9055 9056 9121
f 9121 9056 9057
f 9121 9057 9122
f 9122 9057 9044
f 9044 9043 9122
f 9122 9043 9058
f 9122 9058 9123
f 9123 9058 9059
f 9065 9129 9128
f 9065 9128 9061
f 9059 9060 9123
f 9123 9060 9064
f 9123 9064 9124
f 9124 9064 9063
f 9124 9063 9125
f 9125 9063 9062
f 9125 9062 9126
f 9126 9062 9061
f 9126 9061 9127
f 9127 9061 9128
f 9132 9131 9066
f 9066 9131 9065
f 9065 9131 9130
f 9065 9130 9129
f 9067 9134 9066
f 9066 9134 9133
f 9066 9133 9132
f 9139 9138 8993
f 9139 8993 9140
f 8994 9142 8993
f 8993 9142 9141
f 8993 9141 9140
f 9138 9137 8993
f 8993 9137 9136
f 8993 9136 9067
f 9067 9136 9135
f 9067 9135 9134
f 9107 9108 9047
f 9047 9108 9109
f 9047 9109 9496
f 9496 9109 9106
f 9496 9106 9105
f 9105 9104 9496
f 9496 9104 9103
f 9496 9103 9497
f 9280 9082 9281
f 9281 9082 9282
f 9080 9270 9081
f 9081 9270 9284
f 9081 9284 9082
f 9082 9284 9283
f 9082 9283 9282
f 9280 9223 9082
f 9082 9223 9222
f 9082 9222 9083
f 9083 9222 9269
f 9083 9269 9084
f 9084 9269 9268
f 9084 9268 9085
f 9085 9268 9086
f 9103 9102 9497
f 9497 9102 9101
f 9497 9101 9100
f 9100 9099 9497
f 9497 9099 9098
f 9497 9098 9095
f 9095 9096 9497
f 9497 9096 9097
f 9497 9097 9094
f 9094 9093 9497
f 9497 9093 9092
f 9497 9092 9091
f 9091 9090 9497
f 9497 9090 9089
f 9497 9089 9088
f 9266 9497 9267
f 9267 9497 9088
f 9267 9088 9268
f 9268 9088 9087
f 9268 9087 9086
f 9266 9265 9497
f 9497 9265 9264
f 9497 9264 9263
f 9272 9271 9076
f 9080 9079 9270
f 9270 9079 9078
f 9270 9078 9271
f 9271 9078 9077
f 9271 9077 9076
f 9272 9076 9273
f 9273 9076 9075
f 9273 9075 9074
f 9074 9073 9273
f 9273 9073 9072
f 9273 9072 9274
f 9274 9072 9071
f 9274 9071 9275
f 9275 9071 9276
f 9068 9216 9069
f 9069 9216 9276
f 9069 9276 9070
f 9070 9276 9071
f 9068 9149 9216
f 9216 9149 9148
f 9216 9148 9196
f 9196 9148 9147
f 9196 9147 9194
f 9194 9147 9146
f 9194 9146 9145
f 7278 7279 9194
f 9145 7276 9194
f 9194 7276 7277
f 9194 7277 7278
f 7279 7280 9194
f 9194 7280 7281
f 9194 7281 7282
f 9029 9028 7269
f 7269 9028 9027
f 7269 9027 7268
f 9027 9026 7268
f 7268 9026 9025
f 7268 9025 7267
f 7267 9025 9024
f 7267 9024 9486
f 9486 9024 9023
f 9023 9022 9486
f 9486 9022 9021
f 9486 9021 9496
f 9496 9021 9020
f 9496 9020 9035
f 9035 9034 9496
f 9496 9034 9033
f 9496 9033 9032
f 9039 9045 9496
f 9496 9045 9046
f 9496 9046 9047
f 9032 9031 9496
f 9496 9031 9030
f 9496 9030 9038
f 9038 9037 9496
f 9496 9037 9036
f 9496 9036 9042
f 9042 9041 9496
f 9496 9041 9040
f 9496 9040 9039
f 7269 7270 9029
f 9029 7270 7271
f 9029 7271 9019
f 9019 7271 7265
f 9014 9015 7272
f 7272 9015 9016
f 7272 9016 7264
f 7264 9016 9017
f 7264 9017 7265
f 7265 9017 9018
f 7265 9018 9019
f 7262 7266 7258
f 7258 7266 9486
f 7258 9486 7255
f 7220 9485 7186
f 9485 9498 7186
f 7186 9498 9499
f 7186 9499 7256
f 9499 9500 7256
f 7256 9500 9476
f 7256 9476 7292
f 9476 9475 7292
f 7292 9475 9473
f 7292 9473 7291
f 9483 7285 7286
f 7291 9473 7290
f 7290 9473 9472
f 7290 9472 7289
f 7289 9472 9477
f 7289 9477 7288
f 7288 9477 9479
f 7288 9479 9481
f 9483 7286 9481
f 9481 7286 7287
f 9481 7287 7288
f 7153 7155 9462
f 9462 7155 7157
f 9462 7157 9463
f 9463 7157 7160
f 9463 7160 9464
f 7160 7162 9464
f 9464 7162 7164
f 9464 7164 9469
f 9469 7164 7166
f 9469 7166 9467
f 9467 7166 9447
f 9467 9447 9449
f 9449 9451 9467
f 9467 9451 9453
f 9467 9453 9455
f 9467 9455 9415
f 9467 9415 9474
f 9474 9415 9414
f 9154 9155 9436
f 9436 9155 9437
f 9437 9155 9156
f 9437 9156 9438
f 9438 9156 9157
f 9438 9157 9428
f 9428 9157 9429
f 9429 9157 9158
f 9429 9158 9430
f 9430 9158 9159
f 9430 9159 9431
f 9431 9159 9160
f 9431 9160 9432
f 9161 9427 9160
f 9160 9427 9426
f 9160 9426 9432
f 9161 9162 9427
f 9427 9162 9163
f 9427 9163 9425
f 9425 9163 9164
f 9164 9166 9425
f 9425 9166 9165
f 9425 9165 9424
f 9424 9165 9150
f 9424 9150 9173
f 9414 9416 9474
f 9474 9416 9417
f 9474 9417 9418
f 9418 9419 9474
f 9474 9419 9420
f 9420 9421 9474
f 9474 9421 9422
f 9474 9422 9423
f 9423 9424 9474
f 9474 9424 9173
f 9474 9173 9478
f 9478 9173 9172
f 9171 9482 9172
f 9172 9482 9480
f 9172 9480 9478
f 9177 9175 9169
f 9169 9175 9185
f 9169 9185 9184
f 9189 9191 7284
f 9169 7284 9170
f 9170 7284 7285
f 9170 7285 9171
f 9171 7285 9483
f 9171 9483 9482
f 9189 7284 9188
f 9184 9182 9169
f 9169 9182 9181
f 9169 9181 7284
f 7284 9181 9212
f 7284 9212 9188
f 7282 7283 9194
f 9194 7283 7284
f 9194 7284 9193
f 9193 7284 9191
f 9205 9204 9501
f 9501 9204 9179
f 9501 9179 9177
f 9177 9169 9501
f 9501 9169 9168
f 9501 9168 9205
f 7147 7150 7219
f 7219 7150 7152
f 7219 7152 7153
f 7153 9462 7219
f 7219 9462 9502
f 7219 9502 7220
f 7220 9502 9503
f 7220 9503 9484
f 7371 7372 9497
f 7371 9497 7404
f 7402 7400 9263
f 7402 9263 7403
f 9263 7362 7323
f 9263 7323 7403
f 7400 7384 9263
f 9263 7384 7369
f 9263 7369 7367
f 7367 7365 9263
f 9263 7365 7364
f 7364 7411 9263
f 9263 7411 7410
f 9263 7410 9497
f 9497 7410 7405
f 9497 7405 7404
f 7372 7373 9497
f 9497 7373 7374
f 9497 7374 9504
f 9504 7374 7375
f 7375 7376 9504
f 9504 7376 7377
f 9504 7377 7379
f 7379 7378 9504
f 9504 7378 7380
f 9504 7380 7381
f 7416 7538 7537
f 7537 7543 7416
f 7416 7543 7542
f 7416 7542 7540
f 7540 7539 7416
f 7416 7539 7631
f 7416 7631 7381
f 7631 7550 7381
f 7381 7550 7549
f 7381 7549 9504
f 9504 7549 7548
f 7548 7551 9504
f 9504 7551 7573
f 9504 7573 7572
f 7572 7571 9504
f 9504 7571 7557
f 9504 7557 7559
f 7430 7431 9505
f 9505 7418 7417
f 7417 7421 9505
f 9505 7421 7420
f 7420 7422 9505
f 9505 7422 7423
f 9505 7423 7424
f 7424 7425 9505
f 9505 7425 7426
f 9505 7426 7427
f 7427 7428 9505
f 9505 7428 7429
f 9505 7429 7430
f 7437 7438 9505
f 7431 7432 9505
f 9505 7432 7433
f 9505 7433 7434
f 7434 7435 9505
f 9505 7435 7436
f 9505 7436 7437
f 7438 7439 9505
f 9505 7439 7440
f 9505 7440 7441
f 7444 9506 7442
f 7442 9506 7443
f 7441 7443 9505
f 9505 7443 9506
f 9505 9506 7418
f 7418 9506 7444
f 7418 7444 7419
f 7419 7444 7416
f 7522 7523 7218
f 7522 7218 7520
f 7509 7508 7217
f 7217 7508 7513
f 7217 7513 7506
f 7506 7505 7217
f 7217 7505 7673
f 7217 7673 7218
f 7218 7673 7672
f 7218 7672 7520
f 7444 7293 7416
f 7416 7293 7294
f 7416 7294 7538
f 7538 7294 7295
f 7538 7295 7533
f 7533 7295 7296
f 7533 7296 7534
f 7534 7296 7297
f 7305 7526 7503
f 7297 7298 7534
f 7534 7298 7299
f 7534 7299 7300
f 7529 7498 7304
f 7304 7498 7532
f 7304 7532 7303
f 7532 7531 7303
f 7303 7531 7644
f 7303 7644 7302
f 7302 7644 7534
f 7302 7534 7301
f 7301 7534 7300
f 7305 7503 7304
f 7304 7503 7502
f 7304 7502 7529
f 7526 7305 7527
f 7527 7305 7307
f 7527 7307 7528
f 7528 7307 7523
f 7523 7307 7306
f 7523 7306 7218
f 7218 7306 7310
f 7218 7310 7309
f 7309 7308 7218
f 7218 7308 7311
f 7218 7311 7312
f 7362 9263 7415
f 7415 9263 9262
f 7415 9262 9507
f 9320 7315 9319
f 9319 7315 7316
f 9319 7316 9261
f 9320 9321 7315
f 7315 9321 9286
f 7315 9286 9285
f 7312 7313 7218
f 7218 7313 7314
f 7218 7314 9291
f 9291 7314 7315
f 9291 7315 9292
f 9292 7315 9285
f 7335 7343 9508
f 9508 7343 7342
f 7342 7341 9508
f 9508 7341 7344
f 9508 7344 7345
f 7345 7346 9508
f 9508 7346 7347
f 9508 7347 7348
f 7338 7337 9508
f 9508 7337 7336
f 9508 7336 7335
f 7327 7328 9508
f 9508 7328 7329
f 9508 7329 7330
f 7333 7334 7340
f 7330 7331 9508
f 9508 7331 7332
f 9508 7332 7333
f 7333 7340 9508
f 9508 7340 7339
f 9508 7339 7338
f 9509 7316 9510
f 9508 9511 7327
f 7327 9511 9510
f 7327 9510 7326
f 7326 9510 7316
f 9509 9512 7316
f 7316 9512 9513
f 7316 9513 9514
f 9514 9515 7316
f 7316 9515 9507
f 7316 9507 9261
f 9261 9507 9262
f 7359 7360 9507
f 9507 7360 7361
f 9507 7361 7415
f 7348 7349 9508
f 9508 7349 7350
f 9508 7350 9511
f 9511 7350 7351
f 9511 7351 9510
f 9510 7351 7353
f 9510 7353 9509
f 9509 7353 7352
f 9509 7352 9512
f 9512 7352 7357
f 9512 7357 9513
f 9513 7357 7356
f 9513 7356 9514
f 9514 7356 7355
f 9514 7355 9515
f 9515 7355 7354
f 9515 7354 9507
f 9507 7354 7358
f 9507 7358 7359
f 9504 8509 9516
f 9516 8509 8510
f 8508 8507 7217
f 8517 8518 8519
f 8520 8510 8519
f 8519 8510 8508
f 8519 8508 8517
f 8517 8508 7217
f 8517 7217 8516
f 8516 7217 7216
f 7559 7565 9504
f 9504 7565 7563
f 9504 7563 7562
f 7562 7561 9504
f 9504 7561 7560
f 9504 7560 8509
f 8509 7560 7447
f 8509 7447 8507
f 7510 7217 7474
f 7474 7217 8507
f 7474 8507 7473
f 7473 8507 7447
f 7473 7447 7472
f 7472 7447 7446
f 7472 7446 7471
f 7471 7446 7445
f 7471 7445 7470
f 7470 7445 7450
f 7470 7450 7469
f 7456 7457 9517
f 7456 9517 7455
f 7452 7453 7454
f 7449 7448 9517
f 9517 7448 7451
f 9517 7451 7452
f 7452 7454 9517
f 9517 7454 7455
f 7450 7449 7469
f 7469 7449 9517
f 7469 9517 9518
f 7465 7466 9518
f 7465 9518 7464
f 7466 7467 9518
f 9518 7467 7468
f 9518 7468 7469
f 7457 7458 9517
f 9517 7458 7459
f 9517 7459 9518
f 9518 7459 7460
f 9518 7460 7461
f 7461 7462 9518
f 9518 7462 7463
f 9518 7463 7464
f 8929 8930 8945
f 8945 8930 9519
f 8945 9519 8944
f 8944 9519 8943
f 8937 8938 9519
f 9519 8938 8939
f 9519 8939 8940
f 8940 8941 9519
f 9519 8941 8942
f 9519 8942 8943
f 8930 8931 9519
f 9519 8931 8932
f 9519 8932 8933
f 8936 8937 8935
f 8935 8937 9519
f 8935 9519 8934
f 8934 9519 8933
f 8895 8686 8684
f 8964 8965 9520
f 9520 8965 8966
f 9520 8960 8961
f 8961 8962 9520
f 9520 8962 8963
f 9520 8963 8964
f 8945 8946 8929
f 8929 8946 9521
f 8929 9521 8968
f 8968 9521 9520
f 8968 9520 8967
f 8967 9520 8966
f 8950 8953 9522
f 8950 9522 8948
f 8960 9520 8959
f 8959 9520 9521
f 8959 9521 9522
f 9522 9521 8946
f 9522 8946 8948
f 8953 8952 9522
f 9522 8952 8951
f 9522 8951 8954
f 8958 8959 8957
f 8957 8959 9522
f 8957 9522 8956
f 8956 9522 8954
f 8956 8954 8955
f 7720 7721 9523
f 7720 9523 7719
f 7721 7722 9523
f 9523 7722 7723
f 9523 7723 9524
f 7723 7724 9524
f 9524 7724 7725
f 9524 7725 7726
f 7726 8101 9524
f 9524 8101 8103
f 9524 8103 8105
f 8105 8107 9524
f 9524 8107 8108
f 9524 8108 8109
f 8109 8110 9524
f 9524 8110 8111
f 9524 8111 8232
f 7733 7734 7755
f 7731 7732 8149
f 7731 8149 7730
f 7730 8149 8098
f 7730 8098 7729
f 7729 8098 8097
f 7729 8097 7728
f 7732 7733 8149
f 8149 7733 7755
f 8149 7755 8150
f 7755 7754 8150
f 8150 7754 7753
f 8150 7753 8139
f 8139 7753 7752
f 8139 7752 7751
f 7751 7750 8139
f 8139 7750 7749
f 8139 7749 8137
f 8137 7749 7748
f 8137 7748 8138
f 8138 7748 7747
f 8138 7747 8135
f 8135 7747 7746
f 8135 7746 8136
f 8148 8147 7726
f 7726 8147 8100
f 7726 8100 8101
f 8097 8095 7728
f 7728 8095 8093
f 7728 8093 7727
f 7727 8093 8091
f 7727 8091 7726
f 7726 8091 8090
f 7726 8090 8148
f 9525 8246 8245
f 8246 9525 9526
f 8237 8238 9526
f 9526 8238 8239
f 9526 8239 8240
f 8240 8241 9526
f 9526 8241 8242
f 9526 8242 8244
f 8244 8243 9526
f 9526 8243 8250
f 9526 8250 8249
f 8249 8248 9526
f 9526 8248 8247
f 9526 8247 8246
f 8233 8234 9525
f 9525 8234 8235
f 9525 8235 9526
f 9526 8235 8236
f 9526 8236 8237
f 8253 7713 8254
f 8254 7713 7712
f 8254 7712 8255
f 9527 8263 8264
f 8257 9527 8258
f 8258 9527 8251
f 9527 8257 8259
f 9527 8259 8260
f 8260 8262 9527
f 9527 8262 8261
f 9527 8261 8263
f 8264 8265 9527
f 9527 8265 8266
f 9527 8266 9528
f 9528 8266 8268
f 9528 8268 8267
f 8984 7715 7713
f 8984 8233 7715
f 7715 8233 9525
f 7715 9525 7714
f 7714 9525 8245
f 7714 8245 7712
f 7712 8245 8256
f 7712 8256 8255
f 8719 8726 8724
f 8722 8687 8688
f 8689 8720 8688
f 8688 8720 8721
f 8688 8721 8722
f 8719 8720 8726
f 8726 8720 8689
f 8726 8689 8725
f 8725 8689 8690
f 8725 8690 8691
f 8704 8705 8708
f 8708 8705 8706
f 8708 8706 8707
f 8136 7746 8151
f 8151 7746 7743
f 8151 7743 8125
f 8125 7743 7744
f 8125 7744 8123
f 7738 8640 7739
f 7739 8640 8642
f 7739 8642 7740
f 7740 8642 8641
f 7740 8641 7741
f 7741 8641 8643
f 7741 8643 7742
f 7742 8643 7745
f 8115 8901 8114
f 8114 8901 8113
f 8115 8116 8901
f 8901 8116 8118
f 8901 8118 8900
f 8900 8118 8120
f 8900 8120 8899
f 8899 8120 8122
f 8899 8122 8898
f 8898 8122 8897
f 8897 8122 8123
f 8897 8123 8896
f 8711 8902 8710
f 8710 8902 8903
f 8710 8903 8709
f 8716 8717 8088
f 8711 8712 8902
f 8902 8712 8713
f 8902 8713 8714
f 8716 8088 8715
f 8113 8901 8112
f 8112 8901 8902
f 8112 8902 8088
f 8088 8902 8714
f 8088 8714 8715
f 8717 8718 8088
f 8088 8718 8984
f 8088 8984 8267
f 8267 8984 7713
f 8267 7713 9528
f 9528 7713 8253
f 9528 8253 9527
f 9527 8253 8252
f 9527 8252 8251
f 8928 8927 8683
f 8927 8926 8683
f 8683 8926 8929
f 8683 8929 8684
f 8684 8929 8968
f 8684 8968 8895
f 8674 8675 7215
f 8700 8701 7215
f 8696 8697 7215
f 8718 8719 8984
f 8984 8719 8724
f 8984 8724 8982
f 8982 8724 8723
f 8982 8723 8725
f 8691 8692 8725
f 8725 8692 8693
f 8725 8693 8982
f 8982 8693 8694
f 8982 8694 8695
f 8697 8698 7215
f 7215 8698 8699
f 7215 8699 8700
f 8708 8709 8704
f 8704 8709 8903
f 8704 8903 8703
f 8703 8903 8904
f 8703 8904 8905
f 8905 8906 8703
f 8703 8906 8908
f 8703 8908 8907
f 8910 8911 8909
f 8909 8911 8907
f 8911 8912 8907
f 8907 8912 8913
f 8907 8913 8703
f 8703 8913 8914
f 8703 8914 8702
f 8702 8914 8915
f 8702 8915 8701
f 8701 8915 8916
f 8701 8916 7215
f 8916 8917 7215
f 7215 8917 8921
f 7215 8921 8920
f 8920 8919 7215
f 7215 8919 8918
f 7215 8918 8925
f 8928 8683 8922
f 8922 8683 8685
f 8922 8685 8923
f 8925 8924 7215
f 7215 8924 8923
f 7215 8923 8674
f 8674 8923 8685
f 8674 8685 8673
f 8668 8669 8686
f 8669 8670 8686
f 8686 8670 8671
f 8686 8671 8685
f 8685 8671 8672
f 8685 8672 8673
f 8667 8668 8646
f 8646 8668 8686
f 8646 8686 8645
f 8645 8686 8895
f 8645 8895 8644
f 8644 8895 8896
f 8644 8896 8643
f 8643 8896 8123
f 8643 8123 7745
f 7745 8123 7744
f 8651 8650 8665
f 8665 8650 8649
f 8665 8649 8648
f 8648 8655 8665
f 8665 8655 8654
f 8665 8654 8664
f 8664 8654 8653
f 8664 8653 8663
f 8652 8651 8647
f 8647 8651 8665
f 8647 8665 8646
f 8646 8665 8666
f 8646 8666 8667
f 7716 7717 9523
f 9523 7717 7718
f 9523 7718 7719
f 8356 8355 8594
f 8594 8355 8348
f 8594 8348 8349
f 8380 8377 7216
f 8380 7216 8373
f 8349 8359 8594
f 8594 8359 8361
f 8594 8361 8595
f 8361 8363 7216
f 8363 8364 7216
f 7216 8364 8310
f 7216 8310 8309
f 8309 8344 7216
f 7216 8344 8426
f 7216 8426 8427
f 8427 8303 7216
f 7216 8303 8302
f 7216 8302 8368
f 8368 8371 7216
f 7216 8371 8374
f 7216 8374 8373
f 8377 8325 7216
f 7216 8325 8399
f 7216 8399 8397
f 8503 8317 8298
f 7760 7756 9523
f 8513 8515 7759
f 7759 7760 8513
f 8513 7760 9523
f 8513 9523 8514
f 8514 9523 9516
f 8514 9516 8512
f 8512 9516 8510
f 8512 8510 8511
f 8511 8510 8520
f 8284 8276 9529
f 8286 8285 9530
f 8291 8290 9530
f 9530 8290 8289
f 8289 8288 9530
f 9530 8288 8287
f 9530 8287 8286
f 9530 8295 8294
f 8294 8293 9530
f 9530 8293 8292
f 9530 8292 8291
f 8273 8272 8271
f 8276 8277 9529
f 9529 8277 8278
f 9529 8278 9531
f 9531 8278 8279
f 8279 8280 9531
f 9531 8280 8281
f 9531 8281 8282
f 8282 8283 9531
f 9531 8283 8275
f 9531 8275 8274
f 8274 8273 9531
f 9531 8273 8271
f 9531 8271 9529
f 9529 8271 8270
f 9529 8270 9532
f 9532 8270 8269
f 9532 8269 9533
f 9533 8269 8299
f 9533 8299 8298
f 8298 8299 8506
f 8298 8506 8503
f 8285 8284 9530
f 9530 8284 9529
f 9530 9529 8295
f 8295 9529 9532
f 8295 9532 8296
f 8296 9532 9533
f 8296 9533 8297
f 8297 9533 8298
f 8397 8395 7216
f 7216 8395 8393
f 7216 8393 8320
f 8320 8319 7216
f 7216 8319 8318
f 7216 8318 8317
f 8504 7757 8503
f 8503 7757 7758
f 8503 7758 8317
f 8317 7758 7759
f 8317 7759 7216
f 7216 7759 8515
f 7216 8515 8516
f 8675 8676 7215
f 7215 8676 8677
f 7215 8677 7216
f 7735 7716 8300
f 8356 8594 8502
f 8502 8594 8596
f 8502 8596 8501
f 8596 8354 8352
f 8352 8351 8596
f 8596 8351 8500
f 8596 8500 8501
f 8598 7735 8597
f 8597 7735 8300
f 8597 8300 8596
f 8596 8300 8353
f 8596 8353 8354
f 8595 8361 7216
f 8595 7216 8608
f 8677 8678 7216
f 7216 8678 8679
f 7216 8679 8680
f 8598 8599 7735
f 7735 8599 8600
f 7735 8600 8682
f 8682 8600 8601
f 8682 8601 8681
f 8681 8601 8602
f 8681 8602 8680
f 8680 8602 8607
f 8607 8606 8680
f 8680 8606 8605
f 8680 8605 8604
f 8604 8603 8680
f 8680 8603 8610
f 8680 8610 7216
f 7216 8610 8609
f 7216 8609 8608
f 8299 8300 8506
f 8506 8300 7716
f 8506 7716 8505
f 8505 7716 9523
f 8505 9523 8504
f 8504 9523 7756
f 8504 7756 7757
f 8629 8628 8682
f 9534 8626 8627
f 8629 8682 8627
f 8627 8682 8611
f 8627 8611 9534
f 8628 8630 8682
f 8682 8630 8631
f 8682 8631 7735
f 7735 8631 8632
f 7735 8632 8633
f 8633 8634 7735
f 7735 8634 8635
f 7735 8635 7736
f 8635 8636 7736
f 7736 8636 8639
f 7736 8639 7737
f 7737 8639 8638
f 7737 8638 7738
f 7738 8638 8637
f 7738 8637 8640
f 9535 7969 7968
f 7968 7967 9535
f 9535 7967 7966
f 9535 7966 7965
f 7961 7969 7960
f 7960 7969 9535
f 7960 9535 7959
f 9536 7957 9535
f 9535 7957 7958
f 9535 7958 7959
f 7965 7964 9535
f 9535 7964 7963
f 9535 7963 9536
f 9536 7963 7962
f 9536 7962 7970
f 7955 7956 7763
f 7955 7763 7954
f 7950 7951 9537
f 7947 9537 7944
f 7944 9537 7945
f 7947 7948 9537
f 9537 7948 7949
f 9537 7949 7950
f 9538 7937 9537
f 9537 7937 7936
f 7936 7943 9537
f 9537 7943 7942
f 9537 7942 7941
f 7941 7940 9537
f 9537 7940 7946
f 9537 7946 7945
f 7764 7765 9538
f 7763 7764 7954
f 7954 7764 9538
f 7954 9538 7953
f 7953 9538 9537
f 7953 9537 7952
f 7952 9537 7951
f 8791 8838 8839
f 8839 8840 8791
f 8791 8840 8841
f 8791 8841 8790
f 8790 8841 8842
f 8790 8842 8789
f 8884 8865 8866
f 8884 8866 8883
f 8867 8878 8879
f 8879 8880 8867
f 8867 8880 8881
f 8867 8881 8866
f 8866 8881 8882
f 8866 8882 8883
f 8834 8835 8873
f 8873 8835 8837
f 8873 8837 8836
f 8791 8792 8813
f 8813 8814 8791
f 8791 8814 8815
f 8791 8815 8838
f 8815 8816 8838
f 8838 8816 8817
f 8838 8817 8836
f 8820 8873 8819
f 8819 8873 8836
f 8819 8836 8818
f 8818 8836 8817
f 8892 8893 8824
f 8824 8893 8894
f 8820 8821 8873
f 8873 8821 8822
f 8873 8822 8894
f 8894 8822 8823
f 8894 8823 8824
f 8803 8808 9539
f 8802 8806 8805
f 8800 8799 9539
f 9539 8799 8802
f 8802 8805 9539
f 9539 8805 8804
f 9539 8804 8803
f 8795 9539 8796
f 8796 9539 8797
f 8795 8794 9539
f 9539 8794 8801
f 9539 8801 8800
f 9539 8808 8807
f 9539 8807 8809
f 8809 8810 9539
f 9539 8810 8811
f 9539 8811 8797
f 8798 8797 8793
f 8793 8797 8811
f 8793 8811 8792
f 8792 8811 8812
f 8792 8812 8813
f 8733 8735 7213
f 8593 8731 8592
f 8592 8731 8732
f 8562 8563 8549
f 8549 8550 8562
f 8562 8550 8551
f 8562 8551 8552
f 8552 8553 8562
f 8562 8553 8554
f 8562 8554 8555
f 8555 8556 8562
f 8562 8556 8557
f 8562 8557 8558
f 8558 8559 8562
f 8562 8559 8561
f 8562 8561 8560
f 8741 8547 8549
f 9540 8566 8567
f 8742 8741 8732
f 8732 8741 8549
f 8732 8549 8592
f 8592 8549 8563
f 8592 8563 9541
f 9541 8563 8564
f 9541 8564 8565
f 8575 8576 9540
f 8575 9540 8574
f 8570 8571 8572
f 8567 8568 9540
f 9540 8568 8569
f 9540 8569 8570
f 8570 8572 9540
f 9540 8572 8573
f 9540 8573 8574
f 9542 8576 8577
f 8583 8584 9542
f 8577 8578 9542
f 9542 8578 8579
f 9542 8579 8581
f 8581 8580 9542
f 9542 8580 8582
f 9542 8582 8583
f 8584 8585 9542
f 9542 8585 8586
f 9542 8586 8587
f 8589 8591 9541
f 9541 8591 8590
f 9541 8590 8592
f 8587 8588 9542
f 9542 8588 8589
f 9542 8589 8576
f 8576 8589 9541
f 8576 9541 9540
f 9540 9541 8565
f 9540 8565 8566
f 7766 7935 7765
f 7765 7935 7939
f 7765 7939 9538
f 9538 7939 7938
f 9538 7938 7937
f 8521 8522 9543
f 8526 8527 9543
f 8526 9543 8525
f 8522 8523 9543
f 9543 8523 8524
f 9543 8524 8525
f 8527 8528 9543
f 9543 8528 8530
f 9543 8530 8529
f 8529 8531 9543
f 9543 8531 8532
f 9543 8532 8533
f 9543 8544 8545
f 8545 8546 9543
f 9543 8546 8548
f 9543 8548 8547
f 8538 8539 8540
f 8533 8534 9543
f 9543 8534 8535
f 9543 8535 8544
f 8544 8535 8536
f 8544 8536 8543
f 8543 8536 8537
f 8543 8537 8542
f 8542 8537 8538
f 8542 8538 8541
f 8541 8538 8540
f 8741 8743 8547
f 8547 8743 8744
f 8547 8744 8745
f 8775 8777 8827
f 8775 8827 8776
f 9544 8774 8776
f 8780 8745 8779
f 8779 8745 8746
f 8779 8746 8778
f 8828 8829 8547
f 8783 8547 8782
f 8782 8547 8745
f 8782 8745 8781
f 8781 8745 8780
f 8783 8784 8547
f 8547 8784 8785
f 8547 8785 8786
f 8789 8842 8787
f 8787 8842 8843
f 8787 8843 8788
f 8788 8843 8844
f 8788 8844 8786
f 8786 8844 8845
f 8786 8845 8547
f 8547 8845 8846
f 8547 8846 8828
f 8833 8871 8848
f 8829 8830 8547
f 8547 8830 8831
f 8547 8831 8832
f 8774 9544 8773
f 8770 8771 9545
f 8770 9545 8769
f 8766 8767 9545
f 9545 8767 8768
f 9545 8768 8769
f 9544 9546 8773
f 8773 9546 9545
f 8773 9545 8772
f 8772 9545 8771
f 8776 8827 9544
f 9544 8827 8759
f 9544 8759 9546
f 9546 8759 8760
f 9546 8760 8761
f 8765 8766 8764
f 8764 8766 9545
f 8764 9545 8763
f 8763 9545 9546
f 8763 9546 8762
f 8762 9546 8761
f 8871 8833 8870
f 8870 8833 8834
f 8870 8834 8869
f 8869 8834 8873
f 8869 8873 8868
f 8868 8873 8872
f 8868 8872 8867
f 8867 8872 8874
f 8867 8874 8875
f 8875 8876 8867
f 8867 8876 8877
f 8867 8877 8878
f 9543 7935 8521
f 8521 7935 7766
f 8521 7766 8593
f 8593 7766 7761
f 8847 8854 8855
f 8852 8853 8854
f 8851 8852 8850
f 8850 8852 8854
f 8850 8854 8849
f 8849 8854 8847
f 8856 8857 8855
f 8855 8857 8858
f 8832 8833 8547
f 8547 8833 8848
f 8547 8848 9543
f 9543 8848 8847
f 9543 8847 8861
f 8861 8847 8855
f 8861 8855 8860
f 8860 8855 8858
f 8860 8858 8859
f 8861 8862 7212
f 8885 8863 8884
f 8884 8863 8864
f 8884 8864 8865
f 8888 8889 7213
f 8888 7213 8887
f 8862 8863 7212
f 7212 8863 8885
f 7212 8885 7213
f 7213 8885 8886
f 7213 8886 8887
f 8758 8742 8890
f 8732 8733 8742
f 8742 8733 7213
f 8742 7213 8890
f 8890 7213 8889
f 8825 8890 8824
f 8824 8890 8891
f 8824 8891 8892
f 8750 8827 8746
f 8746 8827 8777
f 8746 8777 8778
f 8747 8826 8748
f 8748 8826 8827
f 8748 8827 8749
f 8749 8827 8750
f 8747 8753 8826
f 8826 8753 8752
f 8826 8752 8825
f 8825 8752 8751
f 8825 8751 8754
f 8754 8755 8825
f 8825 8755 8756
f 8825 8756 8890
f 8890 8756 8757
f 8890 8757 8758
f 7982 7981 9547
f 7982 9547 9548
f 7980 7979 9548
f 7979 7978 9548
f 9548 7978 7983
f 9548 7983 7982
f 9548 7974 7975
f 7975 7976 9548
f 9548 7976 7977
f 9548 7977 7980
f 7981 7984 9547
f 9547 7984 7985
f 9547 7985 7986
f 7974 9548 7973
f 7973 9548 9547
f 7973 9547 7972
f 7972 9547 7986
f 7972 7986 7987
f 7821 7989 7988
f 7820 7972 7821
f 7821 7972 7987
f 7821 7987 7989
f 7820 7827 7972
f 7972 7827 7828
f 7972 7828 7841
f 7841 7840 7972
f 7972 7840 9549
f 7972 9549 8020
f 8020 9549 9524
f 8020 9524 8984
f 8984 9524 8232
f 8984 8232 8233
f 7840 7775 9549
f 9549 7775 7927
f 9549 7927 7926
f 7926 7925 9549
f 9549 7925 7924
f 9549 7924 7923
f 7923 7832 9549
f 9549 7832 7831
f 9549 7831 7830
f 7830 7829 9549
f 9549 7829 7934
f 9549 7934 9543
f 9543 7934 7933
f 9543 7933 7935
f 7787 7789 7991
f 7991 7789 7791
f 7991 7791 7792
f 7792 7858 7991
f 7991 7858 7798
f 7991 7798 7990
f 7798 7812 7990
f 7990 7812 7811
f 7990 7811 7815
f 7815 7814 7990
f 7990 7814 7816
f 7990 7816 7817
f 7817 7842 7990
f 7990 7842 7824
f 7990 7824 7988
f 7988 7824 7823
f 7988 7823 7821
f 8969 8970 8971
f 8002 8000 8988
f 8000 7999 8988
f 8988 7999 8986
f 8988 8986 8987
f 8987 8986 6944
f 7999 8010 8986
f 8986 8010 8009
f 8986 8009 8985
f 8985 8009 8011
f 8985 8011 8064
f 8064 8065 8985
f 8985 8065 8066
f 8985 8066 7995
f 7995 8023 8985
f 8985 8023 8021
f 8985 8021 8984
f 8984 8021 8020
f 8971 8005 8969
f 8969 8005 8006
f 8969 8006 8988
f 8988 8006 8003
f 8988 8003 8002
f 7782 7783 8972
f 8972 7783 7784
f 8972 7784 7785
f 7785 7787 8972
f 8972 7787 7991
f 8972 7991 8971
f 8971 7991 8004
f 8971 8004 8005
f 8972 8973 8992
f 8992 8973 8974
f 8992 8974 8991
f 8736 8737 8734
f 8734 8737 8738
f 8739 7214 8738
f 8738 7214 7213
f 8738 7213 8734
f 8734 7213 8735
f 8740 8728 7780
f 7782 8972 7781
f 7781 8972 8992
f 7781 8992 8990
f 8991 7214 8989
f 8989 7214 8739
f 8989 8739 8990
f 8990 8739 8740
f 8990 8740 7781
f 7781 8740 7780
f 7956 7957 7763
f 7763 7957 9536
f 7763 9536 7762
f 7762 9536 7970
f 7762 7970 7761
f 7761 7970 7971
f 7761 7971 8593
f 8593 7971 7779
f 8593 7779 8731
f 8731 7779 7780
f 8731 7780 8730
f 8730 7780 8728
f 8730 8728 8729
f 8729 8728 8727
f 8991 8974 7214
f 7214 8974 8975
f 7214 8975 8976
f 8976 8977 7214
f 7214 8977 6944
f 7214 6944 8978
f 8979 8980 8981
f 8695 8696 8982
f 8982 8696 7215
f 8982 7215 8983
f 8983 7215 7214
f 8983 7214 8981
f 8981 7214 8978
f 8981 8978 8979
f 8656 8660 9550
f 9550 8660 8659
f 9550 8659 8658
f 8658 8657 9550
f 9550 8657 8662
f 8653 8656 8663
f 8663 8656 9550
f 8663 9550 8661
f 8661 9550 8662
f 8623 8624 9551
f 9551 8624 8625
f 9551 8625 8626
f 8620 8621 9551
f 9551 8621 8622
f 9551 8622 8623
f 8617 8618 9551
f 9551 8618 8619
f 9551 8619 8620
f 8611 8612 9534
f 9534 8612 8614
f 9534 8614 8626
f 8626 8614 8615
f 8626 8615 9551
f 9551 8615 8616
f 9551 8616 8617
f 9291 9318 7141
f 7141 9318 9258
f 7141 9258 9257
f 9257 9256 7141
f 7141 9256 9255
f 7141 9255 9445
f 9445 9255 9226
f 9445 9226 9446
f 9446 9226 9225
f 9446 9225 9362
f 9362 9294 9446
f 9446 9294 9295
f 9446 9295 9296
f 9296 9297 9446
f 9446 9297 9363
f 9446 9363 9410
f 9410 9363 9302
f 9410 9302 9300
f 9300 9298 9410
f 9410 9298 9238
f 9410 9238 9442
f 9442 9238 9232
f 9442 9232 9443
f 9443 9232 9234
f 9443 9234 9444
f 9444 9234 9235
f 9444 9235 9306
f 9306 9312 9444
f 9444 9312 9311
f 9444 9311 9310
f 9310 9309 9444
f 9444 9309 9308
f 9444 9308 9315
f 9315 9314 9444
f 9444 9314 9313
f 9444 9313 9152
f 9436 9435 9154
f 9154 9435 9434
f 9154 9434 9153
f 9153 9434 9433
f 9153 9433 9152
f 9433 9412 9152
f 9152 9412 9411
f 9152 9411 9441
f 9441 9440 9152
f 9152 9440 9439
f 9152 9439 9444
f 9291 7141 7218
f 7218 7141 7143
f 7218 7143 7219
f 7219 7143 7145
f 7219 7145 7147
f 8861 7212 9543
f 9543 7212 7211
f 9543 7211 9552
f 9552 7211 7210
f 9552 7210 9553
f 9553 7210 7209
f 9553 7209 9554
f 9554 7209 7208
f 9554 7208 9555
f 9555 7208 7207
f 9555 7207 9556
f 9556 7207 7206
f 9556 7206 9557
f 9557 7206 7205
f 9557 7205 9558
f 9558 7205 7204
f 9558 7204 9559
f 9559 7204 7203
f 9559 7203 7263
f 7255 9486 7226
f 7226 9486 9496
f 7226 9496 7227
f 7227 9496 9497
f 7227 9497 7228
f 7228 9497 9504
f 7228 9504 7229
f 7229 9504 9516
f 7229 9516 7230
f 7230 9516 9523
f 7230 9523 7231
f 7231 9523 9524
f 7231 9524 7232
f 7232 9524 9549
f 7232 9549 7233
f 7233 9549 9543
f 7233 9543 7234
f 7234 9543 9552
f 7234 9552 7235
f 7235 9552 9553
f 7235 9553 7236
f 7236 9553 9554
f 7236 9554 7237
f 7237 9554 9555
f 7237 9555 7238
f 7238 9555 9556
f 7238 9556 7239
f 7239 9556 9557
f 7239 9557 7240
f 7240 9557 9558
f 7240 9558 7241
f 7241 9558 9559
f 7241 9559 7242
f 7242 9559 7263
f 7242 7263 7221
f 9502 9462 9461
f 9503 9502 9461
f 9484 9503 9461
f 9485 9484 9461
f 9498 9485 9461
f 9499 9498 9461
f 9500 9499 9461
f 9476 9500 9461
f 9468 9476 9461
f 9468 9461 9466
f 9470 9468 9466
f 9471 9470 9466
f 9465 9471 9466
